product_id,forecast_30d,average_forecast_daily,forecast_min,forecast_max,uncertainty_lower_30d,uncertainty_upper_30d,demand_class,behavioral_class,selected_model,validation_wape,validation_mae,validation_rmse,validation_bias,average_daily_demand,demand_std,zero_demand_rate,forecast_growth_vs_history,forecast_uncertainty,forecast_confidence
P00001,849.17788703769,28.305929567923,20.72044274554572,32.83654308179217,537.775587955934,1160.580186119446,Seasonal,Continuous,HoltWinters7,0.07458440298534552,1.9948573400759901,2.501408840195921,-0.028734661310373905,30.26986301369863,6.74113114318188,0.0,-0.06488081709807714,622.8045981635119,High
P00002,3544.7489681139173,118.15829893713058,104.20267554130373,126.49913243524016,2772.507867184739,4316.990069043096,Stable,Continuous,HoltWinters7,0.07893244632835607,9.319482264648352,11.482766048501276,-0.0010669509696360224,115.53561643835616,14.645775149483276,0.0,0.022700207776826575,1544.4822018583568,High
P00003,7937.48856571862,264.58295219062063,231.35569358649977,286.4812330930301,6567.676816190612,9307.300315246628,Stable,Continuous,HoltWinters7,0.04837232597385057,12.402767524743547,15.367540636407917,-0.03039439950612674,269.7246575342466,28.876294884578893,0.0,-0.019062793111427445,2739.623499056016,High
P00004,9125.793251403933,304.1931083801311,230.67026673423115,348.52361855174945,6602.003796022675,11649.582706785191,Seasonal,Continuous,HoltWinters7,0.06979418351093007,18.332118029801613,22.049539275874896,-0.04001211624095334,286.7054794520548,56.08593345506197,0.0,0.060995098389811986,5047.578910762517,High
P00005,620.4168257367518,20.680560857891727,15.015227476102474,24.1329517625968,364.6683377217104,876.1653137517932,Seasonal,Continuous,HoltWinters7,0.15518406554258793,3.468285382090474,4.068952166817812,-0.03853374398972458,22.297260273972604,5.226619441153588,0.0,-0.07250663965958348,511.4969760300828,Medium
P00006,475.77711596378043,15.85923719879268,15.85923719879268,15.85923719879268,212.05304594533794,739.5011859822229,Volatile,Continuous,SES,0.23351354122707924,4.037880370233199,5.4534701389932065,-0.09446429739983413,17.883561643835616,4.815256780246147,0.0,-0.11319470278677468,527.448140036885,Medium
P00007,703.267573435962,23.442252447865403,20.386089237746926,25.51908969177672,464.64828537814634,941.8868614937777,Stable,Continuous,HoltWinters7,0.13971535682819322,3.8601780904952014,4.582627084552175,-0.0368201924720766,24.80821917808219,4.3501021990945485,0.0,-0.05506105538698258,477.23857611563136,High
P00008,6867.942834370844,228.93142781236148,202.1030342798582,245.5808806009491,5375.205835894441,8360.679832847247,Stable,Continuous,HoltWinters7,0.08454919392054372,19.344425020370803,23.195526774545318,-0.025410311719607198,225.20958904109588,28.382574806436295,0.0,0.016526111464048032,2985.4739969528055,High
P00009,6363.171491696216,212.1057163898739,178.86222901690792,230.09183352438606,5003.343428351111,7722.999555041323,Trending,Continuous,HoltWinters7,0.07462283996077633,14.557295347386338,18.05700991916188,-0.046565475069935906,182.7219178082192,30.718210157404066,0.0,0.16081157057740203,2719.6561266902127,High
P00010,2755.9178108031206,91.86392702677068,91.86392702677068,91.86392702677068,0.0,9871.72266210274,Intermittent,Intermittent,Croston,1.2534958072011169,119.2605659136655,125.61742882056315,-0.04381199961107172,83.01780821917808,122.99932956475337,0.6821917808219178,0.10655688216000203,9871.72266210274,Very Low
P00011,297.5446178459641,9.918153928198803,9.918153928198805,9.918153928198805,127.15377410953776,467.9354615823906,Volatile,Continuous,SES,0.22620355246047122,2.7124808270875067,3.656955280205691,-0.06339309641756419,12.227397260273973,3.1671002637508843,0.0,-0.18885812597074547,340.7816874728528,Medium
P00012,12093.337200318829,403.1112400106276,348.83655305415925,438.02051847976054,9478.262078302861,14708.412322334794,Trending,Continuous,HoltWinters7,0.09439658866285379,36.4363110135504,48.39336162390949,-0.051508500243293,321.18630136986303,62.078766098345895,0.0,0.25506984043638803,5230.150244031933,High
P00013,8081.1760602430595,269.3725353414353,230.6091094149897,292.2745825264966,6188.905037358341,9973.447083127778,Trending,Continuous,HoltWinters7,0.09522922655785498,26.068386291252978,34.56412974906677,-0.051134931036515674,229.56438356164384,42.94037519207236,0.0,0.17340735162038756,3784.5420457694363,High
P00014,150.0,5.0,5.0,5.0,78.71384227624787,221.2861577237521,Volatile,Continuous,Naive,0.22553145823517007,1.0222222222222221,1.258176808997017,0.06887353318277983,4.3712328767123285,1.2540173525330462,0.0,0.1438420557818867,142.57231544750422,Medium
P00015,676.5910087093546,22.553033623645153,22.553033623645153,22.553033623645153,303.8103078353638,1049.3717095833454,Volatile,Continuous,SES,0.1916455640007805,5.098123723226549,6.751887742061325,-0.06895863687608807,26.117808219178084,6.7287101119847454,0.0,-0.1364882751882429,745.5614017479816,Medium
P00016,595.4005345345337,19.846684484484456,16.88230008908373,21.86697193020678,397.57139568091617,793.2296733881514,Trending,Continuous,HoltWinters7,0.14993069028598535,3.342306960863338,4.23756420493843,-0.036363406013585294,18.317808219178083,3.7222256298400995,0.0,0.08346393012815234,395.6582777072352,High
P00017,118.16648893826004,3.938882964608668,3.4291149816776647,4.265246361717368,83.23755281309974,153.09542506342035,Stable,Continuous,HoltWinters7,0.11481081118171184,0.4357823715129514,0.5384412493083642,-0.045637890593484214,4.004109589041096,0.6446867054571906,0.0,-0.016289919889042825,69.85787225032061,High
P00018,7564.268329787299,252.14227765957665,216.07706727813718,273.29569830414067,5990.17298280442,9138.36367677018,Trending,Continuous,HoltWinters7,0.08123257913048675,18.52191235940122,23.33223795557592,-0.03427196298326816,212.43835616438355,34.6946255968424,0.0,0.18689619997092444,3148.1906939657592,High
P00019,416.98914621076733,13.899638207025578,10.4080949240251,16.120763980280422,272.8622169767369,561.1160754447977,Seasonal,Continuous,HoltWinters7,0.07842088184294614,0.9787153086063833,1.2332052215404954,-0.0621702690181824,14.191780821917808,3.0892420716754256,0.0,-0.020585338694143585,288.25385846806086,High
P00020,810.6529658525258,27.021765528417525,23.587304359125422,29.41319851467744,605.0868611251653,1016.2190705798863,Stable,Continuous,HoltWinters7,0.06733641384710508,1.7396973888095797,2.1812485892254982,-0.029360917832660757,27.017808219178082,3.972257790249234,0.0,0.00014647040231174913,411.13220945472096,High
P00021,2450.303993294676,81.67679977648919,61.29427474710834,94.12603323749741,1762.5824167558847,3138.025569833467,Seasonal,Continuous,HoltWinters7,0.0672130982616692,4.870718571229289,6.041927242832177,-0.04502098709260089,81.08630136986301,15.67255659415902,0.0,0.007282344818426489,1375.4431530775826,High
P00022,676.6721203379658,22.55573734459886,15.919373770586713,26.539461150558893,384.86803775406963,968.476202921862,Seasonal,Continuous,HoltWinters7,0.1398689647957261,3.6161326002033687,4.508994751127296,-0.05517648855506075,25.382191780821916,5.9934084155052325,0.0,-0.11135580648943988,583.6081651677923,High
P00023,527.8420382186206,17.594734607287354,12.923812638280195,20.566182487725754,336.2662994291078,719.4177770081334,Seasonal,Continuous,HoltWinters7,0.09176034404939128,1.4408506049561367,1.8287335348257423,-0.0781768856488183,17.994520547945207,4.117941953079534,0.0,-0.022217093230833762,383.1514775790256,High
P00024,107.0,3.566666666666667,3.0,4.0,75.21468574218815,138.78531425781185,Stable,Continuous,SeasonalNaive7,0.08560270376605199,0.3,0.5091231073168547,-0.06655508471843295,3.578082191780822,0.6198027420489771,0.0,-0.003190403266972952,63.570628515623696,High
P00025,9382.249066700204,312.7416355566735,235.8667050502012,358.40643674325514,6701.856145998969,12062.641987401441,Seasonal,Continuous,HoltWinters7,0.06851832524619961,18.495229874170303,22.629619072472888,-0.03737083764378646,301.06301369863013,60.43462952913291,0.0,0.03879128729420711,5360.785841402472,High
P00026,13017.235934356067,433.9078644785356,361.5727402150244,478.9660638373997,10485.208945786286,15549.262922925851,Trending,Continuous,HoltWinters7,0.074751506322006,28.334091765738673,34.769733718259346,-0.04375353432869969,342.64383561643837,60.33711191655682,0.0,0.2663524609976051,5064.053977139565,High
P00027,374.4224028784872,12.48074676261624,10.477924799426036,13.773907337666227,247.25435281805352,501.590452938921,Trending,Continuous,HoltWinters7,0.13499417813118553,1.9391544404655259,2.4035247502948356,-0.04590345724710391,12.004109589041096,2.4283950316360654,0.0,0.03970616646238212,254.33610012086746,High
P00028,4643.873212485342,154.7957737495114,135.19246647076207,166.3644721107519,3812.490743072534,5475.255681898152,Stable,Continuous,HoltWinters7,0.047040521766966124,6.79544202301643,8.50947088866733,-0.01946447265229517,153.3904109589041,17.504212029918886,0.0,0.009161998992126108,1662.7649388256182,High
P00029,11694.77164750994,389.8257215836647,330.70345038392554,422.13276429601694,9296.37959892773,14093.16369609215,Trending,Continuous,HoltWinters7,0.08258689552860717,28.548689707740497,34.24916850197512,-0.06077511065005228,319.0054794520548,54.69549046999533,0.0,0.2220032152841247,4796.78409716442,High
P00030,319.7902467134281,10.659674890447603,10.659674890447603,10.659674890447603,167.31570359968904,472.26478982716714,Volatile,Continuous,SES,0.20380219269633523,2.0884292225482874,2.6294033813585562,-0.06532645848489979,10.238356164383562,2.805668871296068,0.0,0.04115101284810674,304.9490862274781,Medium
P00031,2460.0208770648696,82.00069590216232,62.63990669000872,93.52931158094796,1809.9341764468365,3110.107577682903,Seasonal,Continuous,HoltWinters7,0.06341233897482826,4.488020414331696,5.495075300830827,-0.048503566603352644,77.63698630136986,14.753800346013154,0.0,0.056206581536453415,1300.1734012360664,High
P00032,144.39267480338856,4.813089160112952,4.813089160112952,4.813089160112952,64.94157491820073,223.8437746885764,Volatile,Continuous,SES,0.25677491340166253,1.420670059140989,1.7120840309978664,-0.07999956847443207,5.501369863013698,1.4260455121268205,0.0,-0.1251107851388309,158.90219977037566,Medium
P00033,295.0,9.833333333333334,8.0,11.0,194.75674149458536,395.24325850541464,Stable,Continuous,SeasonalNaive7,0.14196130515405556,1.7,2.4554180806027768,-0.09148393249884561,10.550684931506849,1.8146729564867752,0.0,-0.06799099800917496,200.4865170108293,High
P00034,7523.38982040665,250.77966068022167,250.77966068022167,250.77966068022167,4263.079470498804,10783.700170314496,Volatile,Continuous,SES,0.163983607432757,44.63609777527768,60.577558973392286,-0.08511889317208438,236.37534246575342,58.81506152766129,0.0,0.060938328271508135,6520.620699815692,Medium
P00035,5700.0,190.0,190.0,190.0,3780.110872259443,7619.889127740557,Volatile,Continuous,Naive,0.17882108014742384,27.677777777777777,34.59364371357023,-0.03507805956940522,146.37260273972603,34.393324312674544,0.0,0.29805712574401966,3839.7782554811142,Medium
P00036,1770.0,59.0,59.0,59.0,792.1758181153164,2747.8241818846836,Volatile,Continuous,Naive,0.16957801784272772,13.588888888888889,16.296017424255282,0.009669236469557736,73.96712328767123,17.663102791355076,0.0,-0.20234832209793308,1955.6483637693673,Medium
P00037,187.6187623728558,6.25395874576186,4.601162527530267,7.291378521980224,115.72780831520974,259.50971643050184,Seasonal,Continuous,HoltWinters7,0.08544343875396532,0.5074739535248475,0.6490870583495202,-0.025756355662167718,6.738356164383561,1.5436164524452363,0.0,-0.07188658580887208,143.78190811529208,High
P00038,412.67503222626203,13.755834407542068,11.580435067830766,15.312456440825697,273.33852594281046,552.0115385097137,Trending,Continuous,HoltWinters7,0.14387370809844183,2.243820489789371,2.949579217935874,-0.08948486760580254,13.08904109589041,2.5976702468971515,0.0,0.05094286944068127,278.6730125669032,High
P00039,15900.0,530.0,530.0,530.0,2736.396741514473,29063.603258485524,Intermittent,Intermittent,Naive,1.1703703703703703,221.5,297.7824488367706,0.3272450532724506,162.4027397260274,229.58321393055695,0.6616438356164384,2.263491742159691,26327.20651697105,Very Low
P00040,338.3269406111853,11.27756468703951,11.27756468703951,11.27756468703951,165.11512266181632,511.53875856055424,Volatile,Continuous,SES,0.18959294334115775,2.2717953044574872,2.960827021106583,-0.04088785444180615,12.346575342465753,3.103897377135113,0.0,-0.08658357688462859,346.4236358987379,Medium
P00041,874.681033438823,29.156034447960767,29.156034447960767,29.156034447960767,588.2381977324007,1161.1238691452452,Stable,Continuous,SES,0.13845317193176013,4.619563530732008,5.601536944694335,-0.045502057877274925,30.339726027397262,5.215749593355076,0.0,-0.03901457707190903,572.8856714128444,High
P00042,4707.349880759063,156.91166269196876,136.67830868815477,169.22462873308945,3852.506546683844,5562.193214834283,Stable,Continuous,HoltWinters7,0.05519826180152143,8.091912188681547,9.833306350833498,-0.015188407595229311,156.64931506849314,18.033280643812724,0.0,0.001674744784941451,1709.686668150439,High
P00043,194.2010304172597,6.473367680575323,6.473367680575323,6.473367680575323,88.66503080411088,299.73703003040845,Volatile,Continuous,SES,0.23455123101350758,1.564032393067943,2.126132598906787,-0.06926060730215074,6.765753424657534,1.9141175876605772,0.0,-0.04321554832557484,211.07199922629758,Medium
P00044,10483.197760451583,349.4399253483861,297.6117443898055,381.22220085818486,8027.926715881574,12938.468805021594,Trending,Continuous,HoltWinters7,0.10514635186139469,36.74282928840818,50.56058372492049,-0.07810756404697865,296.1356164383562,56.43301592734983,0.0,0.17999965539817397,4910.54208914002,High
P00045,452.0568490931126,15.068561636437087,11.308688038095607,17.32115646760736,298.19807352807817,605.915624658147,Seasonal,Continuous,HoltWinters7,0.08426779652005655,1.105615873785269,1.385620501324843,-0.05905325665198447,15.035616438356165,3.3442360733666887,0.0,0.002191143822801944,307.7175511300688,High
P00046,11150.860116772297,371.69533722574323,324.5713773395412,399.2253686107176,9301.750959552093,12999.969273992501,Stable,Continuous,HoltWinters7,0.049743226642367244,17.094641323939687,21.420239201263517,-0.009480243147343291,366.56986301369864,39.87334091196642,0.0,0.013982257488125871,3698.218314440408,High
P00047,876.0843458631713,29.202811528772376,29.202811528772376,29.202811528772376,479.16240542186307,1273.0062863044795,Volatile,Continuous,SES,0.16814071630464533,4.749601049703409,6.2566457421723785,-0.04473595673649253,29.78767123287671,7.196448697524261,0.0,-0.01963428760616992,793.8438808826165,Medium
P00048,1459.1059022583595,48.63686340861198,41.01534158323152,53.62604657209639,1147.4105276352989,1770.8012768814203,Trending,Continuous,HoltWinters7,0.07266998095788989,3.215016004498804,4.068876922852625,-0.026672139529860698,41.554794520547944,6.79811845783624,0.0,0.1704272387765533,623.3907492461215,High
P00049,1430.0,47.666666666666664,39.0,54.0,1011.6876227254214,1848.3123772745785,Seasonal,Continuous,SeasonalNaive7,0.06739894528592426,2.966666666666667,3.722649893992552,-0.05476566277872955,48.96027397260274,9.562863122037085,0.0,-0.02642156999897416,836.624754549157,High
P00050,663.4106958475558,22.113689861585193,19.36619460833531,23.867792782939937,455.9866825832633,870.8347091118483,Stable,Continuous,HoltWinters7,0.1313323693451315,3.3468949593132393,4.093466142355,0.005524661529331465,22.586301369863012,3.802941431372668,0.0,-0.020924696812397392,414.84802652858497,High
P00051,3960.6091867662667,132.0203062255422,113.92043338085216,142.91603756253443,3100.3664568890663,4820.851916643467,Trending,Continuous,HoltWinters7,0.10591843269162467,13.37781638871967,17.39255283470558,-0.05829098082091292,103.53835616438356,20.657153858277535,0.0,0.2750859789191462,1720.4854597544008,High
P00052,5563.329879624444,185.4443293208148,156.22425014117647,204.08510815734763,4510.036014899796,6616.623744349094,Trending,Continuous,HoltWinters7,0.07200218503864647,11.7633144191205,14.936996637207931,-0.04516540043805114,147.9808219178082,25.92914613617192,0.0,0.25316461226181475,2106.5877294492975,High
P00053,579.470059251112,19.315668641703734,16.676322183487187,20.889032278852067,441.7141395583986,717.2259789438256,Stable,Continuous,HoltWinters7,0.08090654941597762,1.655898111510458,2.0676908923273687,-0.022896124110341688,20.275342465753425,2.6240567354516333,0.0,-0.04733206483050301,275.511839385427,High
P00054,738.9384939384329,24.631283131281098,20.82691365648349,26.77066158251067,562.5990239294397,915.2779639474262,Trending,Continuous,HoltWinters7,0.11265118881396478,2.7220753154856108,3.4421721015312143,-0.0793838658798534,20.04931506849315,3.9042421192992216,0.0,0.22853489244569558,352.6789400179865,High
P00055,7491.992209517159,249.73307365057195,218.3415794507598,268.31964372654954,6191.393202619895,8792.591216414423,Stable,Continuous,HoltWinters7,0.058170356087596915,13.198558983378923,16.84326962621937,0.0032859740204465144,240.6,27.416995319930916,0.0,0.037959574607530966,2601.1980137945275,High
P00056,2061.203911213921,68.70679704046402,59.7402084603956,74.46954290172192,1617.688504052623,2504.719318375219,Trending,Continuous,HoltWinters7,0.09641080475673998,6.386407742791069,8.054446424115566,-0.07739855990513587,55.74520547945205,10.570723878641825,0.0,0.2325149122607446,887.0308143225957,High
P00057,461.184934110253,15.372831137008433,13.452865142541883,16.53021270683018,314.85219691033313,607.5176713101728,Stable,Continuous,HoltWinters7,0.13621221958981677,2.368539464805711,2.869446972104685,-0.024196669980757674,15.42876712328767,2.654497927312351,0.0,-0.003625434607461897,292.66547439983964,High
P00058,750.3378272661176,25.01126090887059,21.342437615370258,27.580491061361894,515.3372374579033,985.3384170743321,Trending,Continuous,HoltWinters7,0.15504494424728468,4.108449292701053,5.101918007384292,-0.07562272588456563,22.438356164383563,4.368129687278028,0.0,0.11466547396065496,470.0011796164289,Medium
P00059,385.0,12.833333333333334,10.0,14.0,229.38384340978385,540.6161565902162,Seasonal,Continuous,SeasonalNaive7,0.15263185318992176,2.111111111111111,2.92536370381159,-0.11772326812571719,13.935616438356165,3.2956666008202853,0.0,-0.07909826665356012,311.23231318043236,Medium
P00060,83.57142857142857,2.7857142857142856,2.7857142857142856,2.7857142857142856,42.638884197561175,124.50397294529596,Volatile,Continuous,RollingMean28,0.21572570650555675,0.5555555555555555,0.6089263292194342,-0.04094086859269771,2.8232876712328765,0.7464631828743382,0.0,-0.0133083801206072,81.86508874773477,Medium
P00061,668.8454352941262,22.29484784313754,22.29484784313754,22.29484784313754,320.6028501121676,1017.0880204760847,Volatile,Continuous,SES,0.18335783049828683,4.277677629741297,5.316628720049283,-0.024434178291226998,24.957534246575342,6.32408720367856,0.0,-0.10668868074590243,696.4851703639172,Medium
P00062,64.0,2.1333333333333333,2.0,3.0,35.78640490800695,92.21359509199304,Seasonal,Continuous,SeasonalNaive7,0.04949960433831402,0.09999999999999999,0.3131916758113699,-0.026625704045058884,2.33013698630137,0.5942534437596979,0.0,-0.08446012149715854,56.42719018398609,High
P00063,9434.15511714263,314.4718372380877,268.4452088174988,342.7563845038005,7375.260740313019,11493.049493972243,Trending,Continuous,HoltWinters7,0.11045512901962044,33.50607600501534,42.04277835845475,-0.08132954429254254,248.9931506849315,46.82030801329821,0.0,0.26297384636098275,4117.788753659224,High
P00064,750.0,25.0,25.0,25.0,369.05593575061516,1130.9440642493848,Volatile,Continuous,Naive,0.17847194329832075,4.644444444444445,6.1441433037036335,-0.06204484690627751,27.942465753424656,6.8448997324967396,0.0,-0.10530444161192265,761.8881284987697,Medium
P00065,421.2390389128128,14.04130129709376,14.04130129709376,14.04130129709376,211.84527416570862,630.6328036599169,Volatile,Continuous,SES,0.2007397173716017,2.620004456038439,3.327328872502207,-0.03218988892438536,14.283561643835617,3.7295951926995303,0.0,-0.016960780005903398,418.78752949420834,Medium
P00066,5035.955251791287,167.86517505970957,145.8992454342026,180.24042406042676,4111.600150205905,5960.310353376668,Stable,Continuous,HoltWinters7,0.04834464551894746,7.738811591899554,9.151531880970861,-0.026259121433766797,172.3739726027397,19.640140633775378,0.0,-0.026157066957093966,1848.7102031707627,High
P00067,451.496581911673,15.049886063722433,15.049886063722433,15.049886063722433,308.67573521095585,594.3174286123901,Stable,Continuous,SES,0.13729077065149492,2.3720349189648355,2.878517726411454,-0.04533449021665057,15.684931506849315,2.6135487036934997,0.0,-0.04048761340459606,285.6416934014343,High
P00068,3227.176288909196,107.57254296363986,94.46009638285229,116.3962932783213,2514.0141916579705,3940.338386160422,Stable,Continuous,HoltWinters7,0.08177023774769716,8.827316912911337,11.037556748416335,-0.026754393331905033,106.84931506849315,13.713681285486759,0.0,0.006768671326373044,1426.3241945024515,High
P00069,741.85336283423,24.728445427807667,17.866177636169358,28.86053114653166,439.840805688731,1043.865919979729,Seasonal,Continuous,HoltWinters7,0.14699621443520552,3.920502221179987,4.79892244888259,-0.05404362842257141,26.784931506849315,6.2236808526844,0.0,-0.0767777240167955,604.0251142909979,High
P00070,8943.214285714284,298.10714285714283,298.10714285714283,298.10714285714283,5576.488106617209,12309.940464811361,Volatile,Continuous,RollingMean28,0.19547435485439638,56.833333333333336,71.46146588004562,-0.05838608183970132,268.58082191780824,61.189733167744,0.0,0.10993458404252832,6733.452358194152,Medium
P00071,0.0,0.0,0.0,0.0,0.0,5438.796187102678,Intermittent,Intermittent,Naive,1.0,67.91111111111111,116.1584135504225,-1.0,67.9041095890411,93.82992002849161,0.6520547945205479,-1.0,5438.796187102678,Very Low
P00072,598.5830921368948,19.952769737896496,17.47074177291203,21.54128382702189,415.81203070943513,781.3541535643546,Stable,Continuous,HoltWinters7,0.1331007165051302,2.90659335213886,3.614634523827528,-0.006546439212559305,19.634246575342466,3.316282281346067,0.0,0.01622283601928709,365.5421228549195,High
P00073,772.8233534003745,25.760778446679147,25.760778446679147,25.760778446679147,356.08279342978466,1189.563913370964,Volatile,Continuous,SES,0.2268313683020016,6.063165802966592,7.987026030823121,-0.06189112834916886,26.973972602739725,7.567755716433407,0.0,-0.04497647320726328,833.4811199411793,Medium
P00074,11299.904058592712,376.66346861975705,326.59406722858125,408.6865639327108,8761.663707266442,13838.144409918983,Trending,Continuous,HoltWinters7,0.1172954977028925,42.94652696930663,56.57364559452227,-0.09548975162341462,310.14794520547946,57.147752355963725,0.0,0.2144638532756027,5076.480702652541,High
P00075,2533.3142752323283,84.44380917441094,84.44380917441094,84.44380917441094,0.0,10225.728847180857,Intermittent,Intermittent,Croston,1.8616738638052428,110.9449110935238,123.20946750523558,0.42997774596681176,96.36164383561643,133.2414937102107,0.6520547945205479,-0.12367820002672592,10225.728847180857,Very Low
P00076,10987.090139747177,366.23633799157255,313.3378029252807,400.3096859457614,8769.248938923904,13204.93134057045,Trending,Continuous,HoltWinters7,0.07489523052979025,25.117109094457987,31.99748846745757,-0.04195905108226713,304.4164383561644,52.95181704448282,0.0,0.2030767456883502,4435.682401646547,High
P00077,7884.027741191429,262.80092470638095,222.46260567486317,288.7785102737566,6402.720094521642,9365.335387861218,Trending,Continuous,HoltWinters7,0.06952659274823762,15.72385250715032,20.563106239816847,-0.02769758616738177,204.01232876712328,35.719277551597926,0.0,0.28816197675172806,2962.615293339576,High
P00078,1038.4957124148946,34.61652374716315,28.733257986828402,38.6655158894769,679.3878858381984,1397.6035389915908,Trending,Continuous,HoltWinters7,0.14504845973663053,5.747883448193822,7.380770317138192,-0.09106992363869935,33.44794520547945,6.636198061826237,0.0,0.0349372296117092,718.2156531533924,High
P00079,180.0,6.0,6.0,6.0,130.03244961487349,229.96755038512651,Stable,Continuous,Naive,0.06693719233758261,0.3888888888888889,0.6313663776177041,-0.010383528847502927,6.079452054794521,0.9553773741581832,0.0,-0.013068949977467326,99.93510077025303,High
P00080,578.3345519596231,19.277818398654105,19.277818398654105,19.277818398654105,305.59813468026664,851.0709692389796,Volatile,Continuous,SES,0.21902847962902827,4.003270878531457,5.135718071103462,-0.04906158720664699,18.138356164383563,4.8828562706618115,0.0,0.0628205899114489,545.472834558713,Medium
P00081,3599.5611557748725,119.98537185916241,102.14052701311178,130.68886453791677,2765.2689197596806,4433.853391790065,Trending,Continuous,HoltWinters7,0.10472839409231971,12.524439481442592,15.90488184778461,-0.06388755860803957,101.96301369863014,19.06216821411278,0.0,0.17675387875255022,1668.5844720303844,High
P00082,3135.078778923707,104.50262596412357,77.71914134732572,120.73590628820043,2234.457459580611,4035.700098266803,Seasonal,Continuous,HoltWinters7,0.06447403451011044,6.027295604380704,7.269018401008409,-0.03789271142807257,103.4958904109589,20.297191372235286,0.0,0.009727299791007615,1801.2426386861916,High
P00083,412.0,13.733333333333333,12.0,15.0,302.6951518661196,521.3048481338805,Stable,Continuous,SeasonalNaive7,0.08628126516689567,1.1222222222222222,1.4827096804094506,-0.05689969854192728,13.572602739726028,2.094689887964673,0.0,0.011842282330776444,218.60969626776085,High
P00084,809.9607351746902,26.99869117248967,19.53901987113237,31.463926218630778,471.52193376926135,1148.399536580119,Seasonal,Continuous,HoltWinters7,0.13571091578972141,3.9762177765130926,4.807604844820312,-0.017026018724722744,29.867123287671234,7.011074030825241,0.0,-0.0960397855378865,676.8776028108578,High
P00085,92.04921245371673,3.0683070817905578,3.0683070817905578,3.0683070817905578,40.37655424921194,143.72187065822152,Volatile,Continuous,SES,0.18116002552303753,0.5874908242091613,0.7228848803263856,0.00942798262450275,3.6082191780821917,0.934002321187085,0.0,-0.14963395227520604,103.34531640900957,Medium
P00086,568.0402668129141,18.93467556043047,16.588126471635046,20.577746995590093,420.23466819396236,715.8458654318657,Stable,Continuous,HoltWinters7,0.05988019455779428,1.0561706232012353,1.3097911688822121,-0.014055380075999933,18.58219178082192,2.8098319670995053,0.0,0.018968902256855324,295.61119723790335,High
P00087,2130.0,71.0,71.0,71.0,158.60961756137158,4101.390382438629,Intermittent,Intermittent,Naive,1.201127004768097,24.211111111111112,37.503781872448975,-0.2457737321196359,24.74931506849315,34.23070130363575,0.6520547945205479,1.868766258925112,3942.7807648772573,Very Low
P00088,2036.2085486638464,67.87361828879487,51.08268175810824,79.34925941844133,1446.219926381134,2626.197170946559,Seasonal,Continuous,HoltWinters7,0.06129304577068114,3.6846456770384215,4.425097119271958,-0.023585396119934654,66.72602739726027,13.17536075305664,0.0,0.01719854959598166,1179.9772445654248,High
P00089,3435.4591474674476,114.51530491558158,99.84421688929622,122.93441148805921,2662.8249174883936,4208.093377446502,Stable,Continuous,HoltWinters7,0.0973725369025133,11.660692933283782,13.831405318100579,-0.05027939121086108,119.81506849315069,14.809167175672075,0.0,-0.044232863564002134,1545.2684599581085,High
P00090,4910.078669831348,163.66928899437826,127.35547741783371,186.25245594008143,3469.8711398435075,6350.286199819188,Seasonal,Continuous,HoltWinters7,0.06378572794209651,9.491604066166209,11.383943138346778,-0.02971092929548917,167.7917808219178,33.35761154299165,0.0,-0.02456909276095498,2880.415059975681,High
P00091,328.35111277992223,10.945037092664075,9.135882034540654,12.178001956752723,214.17094185599933,442.53128370384513,Trending,Continuous,HoltWinters7,0.13561395479210772,1.7466910959977338,2.2658098920857763,-0.0485337211893668,10.7986301369863,2.1524218758414446,0.0,0.013557919274993724,228.3603418478458,High
P00092,0.0,0.0,0.0,0.0,0.0,5095.57244773553,Intermittent,Intermittent,Naive,1.0,71.8888888888889,113.10679417182052,-1.0,62.556164383561644,87.4588533257119,0.6575342465753424,-1.0,5095.57244773553,Very Low
P00093,3327.2953462467945,110.90984487489315,94.4199247375099,119.89882273663746,2689.4895943318697,3965.1010981617196,Trending,Continuous,HoltWinters7,0.083411293687363,8.254105291280478,9.985893025069226,-0.058267873872638105,89.66849315068494,15.620313852779958,0.0,0.23688757308002062,1275.6115038298499,High
P00094,3320.5554996378273,110.68518332126091,83.21641144333051,127.59937293894974,2396.0354745467175,4245.075524728937,Seasonal,Continuous,HoltWinters7,0.0645569057749535,6.389668333987075,8.133436287234675,-0.04674393367494393,109.3054794520548,21.35457012931121,0.0,0.01262245841766152,1849.0400501822196,High
P00095,14942.184128359208,498.07280427864026,437.4871112553325,536.652459816128,12504.960638932369,17379.407617786044,Stable,Continuous,HoltWinters7,0.048265279172433694,22.35415367795642,28.198185924766804,-0.010569179419019614,491.1027397260274,53.26612656648862,0.0,0.014192681059977952,4874.446978853675,High
P00096,8243.418640508955,274.7806213502985,236.78189937654628,296.7641302351025,6718.092604951682,9768.744676066228,Stable,Continuous,HoltWinters7,0.05040859026524288,13.456287984119905,16.452751560303657,-0.03044194661316218,287.013698630137,32.692101104725005,0.0,-0.04262192828504263,3050.652071114546,High
P00097,3500.462366173788,116.6820788724596,90.13458487856724,131.3668987136133,2465.2321417058733,4535.692590641702,Seasonal,Continuous,HoltWinters7,0.06452214016608587,6.764392207897096,8.285361368138753,-0.03916612281317274,118.1986301369863,23.59192971422201,0.0,-0.012830531646340515,2070.4604489358285,High
P00098,527.8197154982427,17.593990516608088,15.214897852246644,19.076469807593526,385.6464046616018,669.9930263348834,Stable,Continuous,HoltWinters7,0.06654635463041024,1.161628317515534,1.3583533896733007,-0.04161688874645688,18.372602739726027,2.7182894380205243,0.0,-0.04237898321474021,284.3466216732816,High
P00099,757.5123808360412,25.250412694534706,18.61366082755379,29.46250439022032,452.34895947842233,1062.67580219366,Seasonal,Continuous,HoltWinters7,0.15848708096811595,4.1476577989607515,5.1157028520523005,-0.08636730165809618,27.16986301369863,6.421087620983928,0.0,-0.07064630094734625,610.3268427152377,Medium
P00100,58.903534802938395,1.9634511600979465,1.9634511600979465,1.9634511600979465,25.279523148026307,92.52754645785049,Volatile,Continuous,SES,0.20649979514179392,0.44862920453724403,0.6661781593810115,-0.02247860133448362,2.1767123287671235,0.5905103574785916,0.0,-0.09797397931308949,67.24802330982419,Medium
P00101,710.3955011861541,23.67985003953847,23.67985003953847,23.67985003953847,473.8209319782303,946.9700703940779,Stable,Continuous,SES,0.13466087473693303,3.7585828235462118,4.559074567737267,-0.030395176353385473,25.03287671232877,4.267337099928086,0.0,-0.05404998747602707,473.1491384158476,High
P00102,13036.022080498968,434.5340693499656,369.56848973955005,473.3910628164264,10432.389512631062,15639.654648366874,Trending,Continuous,HoltWinters7,0.07760380226462744,29.722727398348127,36.80555412780964,-0.022903131684229194,355.9506849315068,61.24801975643302,0.0,0.2207704261998542,5207.265135735812,High
P00103,135.0,4.5,4.5,4.5,68.2747245615476,201.7252754384524,Volatile,Continuous,RollingMean28,0.18287277098492769,0.7817460317460316,1.0057422177536293,-0.03888081063037854,4.683561643835616,1.2103252290677937,0.0,-0.039192746417080926,133.4505508769048,Medium
P00104,2850.929826343706,95.03099421145686,80.94949234753105,103.18249247220837,2251.4854253104595,3450.374227376952,Trending,Continuous,HoltWinters7,0.07704962228040886,6.564511750783471,8.009498358611156,-0.035709486746392675,79.13561643835617,13.247438035442341,0.0,0.200862500205361,1198.8888020664926,High
P00105,11924.564726501554,397.4854908833851,341.02591826082875,431.06155145631396,9243.42842397158,14605.70102903153,Trending,Continuous,HoltWinters7,0.094923722884604,35.37161723633334,46.340903490955746,-0.03356513502251658,316.5150684931507,61.676757424283444,0.0,0.2558185389899901,5362.27260505995,High
P00106,517.5,17.25,17.25,17.25,272.72310136607473,762.2768986339252,Volatile,Continuous,RollingMean28,0.2084055608338314,3.68968253968254,4.855198673018454,-0.04979381634422436,17.343835616438355,4.417929745671292,0.0,-0.005410315140984001,489.5537972678504,Medium
P00107,72.76155654945694,2.4253852183152316,2.4253852183152316,2.4253852183152316,34.17234197218948,111.35077112672441,Volatile,Continuous,SES,0.20150853358516443,0.48055330432203314,0.5666228946863224,-0.036237105377616756,2.5095890410958903,0.6833638221767264,0.0,-0.03355283331325376,77.17842915453494,Medium
P00108,6914.143300898494,230.47144336328313,195.69307386788856,249.84487001716062,5585.455099841953,8242.831501955035,Trending,Continuous,HoltWinters7,0.07160292284052744,15.020544503819245,18.94844832713341,-0.0298857844590312,190.5849315068493,32.362428770855,0.0,0.2092847086129701,2657.376402113083,High
P00109,408.3957563275978,13.613191877586592,9.849162432967917,15.856784616637285,241.16567606847883,575.6258365867168,Seasonal,Continuous,HoltWinters7,0.13470043674274468,2.0553264166266954,2.5180689546687667,-0.05338262103421476,14.886301369863014,3.37658422173138,0.0,-0.08552221674443616,334.46016051823796,High
P00110,560.647637161134,18.6882545720378,18.6882545720378,18.6882545720378,242.00495369175368,879.2903206305143,Volatile,Continuous,SES,0.21095722247350568,4.2484829252443275,5.480094584415588,-0.055765314882304955,21.061643835616437,5.760209047251206,0.0,-0.11268775040080692,637.2853669387606,Medium
P00111,653.4004970861106,21.78001656953702,16.45779112535332,24.650405620034373,409.82924352222227,896.9717506499989,Seasonal,Continuous,HoltWinters7,0.09762289982518539,1.9648093596656784,2.3833045569722153,-0.06314864275584202,22.93972602739726,5.255782359474031,0.0,-0.050554634195507986,487.1425071277766,High
P00112,846.0841140871421,28.202803802904736,20.866362904474347,32.574952134073456,509.2557320981694,1182.9124960761148,Seasonal,Continuous,HoltWinters7,0.14121004829034148,4.416383847903782,5.384793640835529,-0.04247080175841561,30.15205479452055,6.859567419464482,0.0,-0.06464736831036955,673.6567639779455,High
P00113,3261.428571428571,108.71428571428571,108.71428571428571,108.71428571428571,2054.6449357694446,4468.212207087698,Volatile,Continuous,RollingMean28,0.16740368279908033,17.3031746031746,22.695792672532352,-0.060375930857611636,93.13835616438357,21.53304877015778,0.0,0.16723431882791195,2413.567271318253,Medium
P00114,4436.834991403988,147.89449971346627,129.55543772932617,158.1353646557852,3496.041857654598,5377.628125153377,Stable,Continuous,HoltWinters7,0.0826682303257273,12.15197406692724,15.585929553055626,-0.04653012603919555,144.14246575342466,18.296265690544345,0.0,0.026030038687280266,1881.5862674987793,High
P00115,5569.403680810602,185.6467893603534,140.1026868422814,214.26852612555513,4012.7686347493427,7126.038726871861,Seasonal,Continuous,HoltWinters7,0.07048551694116478,11.441628556506984,14.023907304733434,-0.04639265397769942,178.65890410958903,35.12954796302984,0.0,0.03911299739350249,3113.2700921225187,High
P00116,3150.0,105.0,105.0,105.0,1533.9264970604486,4766.073502939552,Volatile,Continuous,Naive,0.20714202658704903,27.866666666666664,34.29217559539675,0.04781019392692106,124.23013698630137,28.919388861236495,0.0,-0.15479446012702902,3232.1470058791033,Medium
P00117,2358.655248369391,78.62184161231303,67.05886686185768,85.11076853943354,1821.226495310018,2896.0840014287637,Trending,Continuous,HoltWinters7,0.11194561015077342,8.589387958957794,10.896237423897743,-0.06483627454701478,65.75205479452055,12.36072599859559,0.0,0.19573208560571076,1074.8575061187457,High
P00118,839.1436232170536,27.971454107235118,20.664760483989532,32.46120550165443,502.2822000222485,1176.0050464118585,Seasonal,Continuous,HoltWinters7,0.14713723776623858,4.451866060991306,5.345357758788677,-0.0528844244854873,29.812328767123287,6.850279002768383,0.0,-0.06174877092856512,673.72284638961,High
P00119,6989.036156702807,232.96787189009356,205.30600971646268,248.86449531560405,5559.829196406925,8418.243116998688,Stable,Continuous,HoltWinters7,0.08145036064665935,18.719676591534547,23.16057181254403,-0.03855351318086175,222.36575342465753,27.53686502313996,0.0,0.047678737854875086,2858.4139205917636,High
P00120,6848.1806116368125,228.2726870545604,196.76985810815566,249.6572362441634,5449.085050699097,8247.276172574528,Trending,Continuous,HoltWinters7,0.06959411895887797,14.37269302983528,18.47143009892475,-0.0359654444280789,194.24794520547945,31.66088580367796,0.0,0.17516139907214412,2798.1911218754303,High
P00121,7287.652038374838,242.92173461249462,207.9180096707027,264.44480073737816,5641.504106589288,8933.799970160388,Trending,Continuous,HoltWinters7,0.10071215497900804,23.692853839475593,31.36559963180991,-0.07043603308885574,200.75616438356164,37.23492683977054,0.0,0.21003375093564802,3292.2958635710993,High
P00122,1991.8736743011136,66.39578914337045,57.75021787169354,71.29331245755522,1555.2305167297982,2428.516831872429,Stable,Continuous,HoltWinters7,0.08573258537709982,5.820066990842654,7.175873631529917,-0.0530126179494777,67.06438356164384,8.38445013567642,0.0,-0.009969441047032568,873.2863151426309,High
P00123,500.41055752647463,16.680351917549153,12.270143008696923,19.387008195417234,321.11170121648786,679.7094138364614,Seasonal,Continuous,HoltWinters7,0.07973314106205864,1.2272965214903573,1.5180664645906887,-0.04473806454300816,17.57945205479452,3.883751771168891,0.0,-0.05114494663672697,358.59771261997355,High
P00124,681.3563573425594,22.71187857808531,22.71187857808531,22.71187857808531,354.14877293049307,1008.5639417546256,Volatile,Continuous,SES,0.26585512421389057,5.845896327222957,8.102478532132197,-0.11676296946160447,21.15205479452055,5.7616253229342185,0.0,0.07374336908246071,654.4151688241325,Medium
P00125,660.0,22.0,22.0,22.0,454.1094910661456,865.8905089338544,Trending,Continuous,Naive,0.1572304272648898,3.722222222222222,4.406776029017628,0.018771119685491614,19.53287671232877,3.9394788704583164,0.0,0.12630619258012477,411.78101786770884,Medium
P00126,954.3569153596981,31.8118971786566,23.9651309764221,36.70028953127438,641.866596561037,1266.8472341583592,Seasonal,Continuous,HoltWinters7,0.07033069467990252,1.9508665236276037,2.5125606210671187,-0.036004086121871816,30.828767123287673,6.778040461455979,0.0,0.03189002179157163,624.9806375973222,High
P00127,7835.957525837315,261.19858419457717,225.98750853941306,284.3600382835482,6134.415879734597,9537.499171940033,Trending,Continuous,HoltWinters7,0.11271781974532673,27.318188459763743,34.74810058386009,-0.0855470790957007,203.58904109589042,38.885444509349085,0.0,0.2829697649175167,3403.083292205436,High
P00128,2980.482563868531,99.34941879561771,87.09950107994126,108.36558390704495,2293.068914155448,3667.8962135816146,Stable,Continuous,HoltWinters7,0.1030494158816642,10.631423423579816,12.444927339706526,-0.04934201489676878,102.42328767123287,13.17093508504713,0.0,-0.03001142558010761,1374.8272994261665,High
P00129,551.5611658300412,18.385372194334707,18.385372194334707,18.385372194334707,216.54654895666917,886.5757827034132,Volatile,Continuous,SES,0.20269528112093624,4.364778036472644,5.844368221862236,-0.0815254526267039,22.541095890410958,6.353257281432169,0.0,-0.18436209651386593,670.029233746744,Medium
P00130,2031.130574126409,67.70435247088031,58.71691475284864,72.1328317272347,1664.0282886517145,2398.2328596011034,Stable,Continuous,HoltWinters7,0.051184909998878036,3.272941205981338,4.196368636448013,-0.0244066481239039,68.56301369863014,7.817675566420932,0.0,-0.012523679771780372,734.2045709493889,High
P00131,376.3728305684976,12.54576101894992,9.131986536064492,14.661655560465114,236.7522340625326,515.9934270744626,Seasonal,Continuous,HoltWinters7,0.0786435028199776,0.9150969812954716,1.1470147258876697,-0.02775667622697876,13.161643835616438,2.9427379232221655,0.0,-0.04679376104980837,279.24119301193,High
P00132,342.2803235278359,11.40934411759453,11.409344117594529,11.409344117594529,165.81188265960802,518.7487643960637,Volatile,Continuous,SES,0.21602874885825465,2.6009848615494895,3.392070934337006,-0.07503417515646592,11.841095890410958,3.1329846411547377,0.0,-0.0364621464780186,352.9368817364557,Medium
P00133,570.4747919186407,19.015826397288023,16.00465524979463,20.69562873872254,392.496506268477,748.4530775688045,Trending,Continuous,HoltWinters7,0.15024864375010252,2.932823529301144,3.5285972782941464,0.02505176752245286,16.41780821917808,3.345567772702124,0.0,0.1582439107234257,355.9565713003275,Medium
P00134,708.2024982513947,23.606749941713154,20.51915282161797,25.678705327335628,522.1521761605907,894.2528203421987,Stable,Continuous,HoltWinters7,0.05236926730424107,1.2103215457017729,1.5360350943397922,-0.01509777395521556,24.297260273972604,3.643679255816867,0.0,-0.028419267212572485,372.100644181608,High
P00135,3786.3150434613826,126.21050144871275,109.41918173185496,137.54352214789688,2892.385008957509,4680.245077965256,Stable,Continuous,HoltWinters7,0.07754812518236454,10.436053895719347,12.932458490185338,-0.01745842355902315,130.9986301369863,16.645542111778017,0.0,-0.03655098288635972,1787.8600690077474,High
P00136,737.4356591561308,24.581188638537693,21.551417262869528,26.399454094779152,547.3882545001906,927.4830638120709,Stable,Continuous,HoltWinters7,0.04927986688518001,1.1590322323562277,1.4977586579236561,-0.020575491086532803,24.616438356164384,3.6482144644707635,0.0,-0.0014319584789919126,380.09480931188034,High
P00137,7631.655573749085,254.38851912496952,214.1369665459033,275.48429771929335,5983.647339550604,9279.663807947567,Trending,Continuous,HoltWinters7,0.07610696261018214,17.739351741987438,20.858162344940485,-0.03657579280209124,220.95890410958904,36.002034066969635,0.0,0.15129335995801463,3296.0164683969633,High
P00138,9035.045745844634,301.16819152815447,252.68804824041285,329.19041402030433,7357.881153786517,10712.210337902754,Trending,Continuous,HoltWinters7,0.07583288691483238,19.907366156202727,25.999380500476477,-0.04780636712160948,238.84794520547945,40.598845860561276,0.0,0.26092016939505713,3354.3291841162372,High
P00139,696.7849871925878,23.226166239752924,23.226166239752928,23.226166239752928,331.95971781107386,1061.6102565741019,Volatile,Continuous,SES,0.17768239650922588,4.221994686757542,5.296026446933425,-0.01371670416244817,25.43013698630137,6.482956127093416,0.0,-0.08666767102889283,729.650538763028,Medium
P00140,2174.5197080314974,72.48399026771658,63.82794798410597,78.78718077003226,1719.7570690804528,2629.282346982542,Stable,Continuous,HoltWinters7,0.07538053322739967,5.345733694857375,6.856550508734476,-0.016656017360567887,69.75205479452055,8.734313543914782,0.0,0.03916637984707294,909.5252779020893,High
P00141,3226.669599725178,107.55565332417261,92.45453796140875,116.20795762694453,2539.203789376137,3914.135410074219,Trending,Continuous,HoltWinters7,0.10283567441938411,10.330421274528552,13.071845240840124,-0.072621093557797,84.97534246575343,16.217552015232794,0.0,0.2657278005972079,1374.931620698082,High
P00142,473.9989573897728,15.79996524632576,13.6800380203154,17.10281354728238,345.63310655540903,602.3648082241365,Stable,Continuous,HoltWinters7,0.06616623909182322,1.0130038759895361,1.1988343965653596,0.009333884002496011,16.34246575342466,2.5153530110961566,0.0,-0.03319575609238856,256.73170166872745,High
P00143,3907.8028594450816,130.26009531483606,109.92595022670213,142.59597525035204,3070.8370776620513,4744.768641228112,Trending,Continuous,HoltWinters7,0.0706678547736355,8.479202671057624,10.648664157100308,-0.03969250287476467,113.17808219178082,18.62093344324505,0.0,0.15093039917490114,1673.9315635660605,High
P00144,60.0,2.0,2.0,2.0,37.56950086278011,82.4304991372199,Stable,Continuous,Naive,0.030303030303030304,0.06666666666666667,0.14907119849998599,-0.030303030303030304,2.2041095890410958,0.42967380237935615,0.0,-0.09260410192666246,44.86099827443979,High
P00145,604.0107955071405,20.13369318357135,14.920547567288768,23.352947527316644,391.79235366431,816.2292373499712,Seasonal,Continuous,HoltWinters7,0.07165899346505901,1.2862156916860592,1.5999163973850232,-0.013708334475512209,20.59041095890411,4.638440930054854,0.0,-0.022181090811849824,424.4368836856612,High
P00146,447.3412639526697,14.91137546508899,10.843645817174032,17.475591321904073,261.2148647966626,633.4676631086768,Seasonal,Continuous,HoltWinters7,0.16029356517522822,2.54188861821538,2.9680316307726478,-0.08575067230368795,16.171232876712327,3.8059220136095253,0.0,-0.07790731982084176,372.2527983120142,Medium
P00147,4645.049643254913,154.83498810849707,114.94341755934391,180.9513186926059,3340.6711661655854,5949.428120344239,Seasonal,Continuous,HoltWinters7,0.06133202541123874,8.501651141449976,10.5899206166079,-0.04725747042320064,152.23287671232876,29.556864608504487,0.0,0.017092966068594118,2608.7569541786534,High
P00148,8872.012385576232,295.7337461858744,258.53353097677194,318.2481546096832,7315.419980342895,10428.604790809568,Stable,Continuous,HoltWinters7,0.04171235482172547,11.35483051671307,14.316549810469462,-0.015125123391658406,293.93835616438355,33.87178734713756,0.0,0.006108049473090071,3113.1848104666733,High
P00149,438.08165358271907,14.602721786090635,14.602721786090635,14.602721786090635,176.9352128194892,699.2280943459489,Volatile,Continuous,SES,0.24162301177418874,4.162761434114845,5.6722516001419345,-0.1208206306265069,17.49041095890411,4.7251527401753615,0.0,-0.1651012763278381,522.2928815264597,Medium
P00150,788.5507434026653,26.285024780088843,19.631828058427914,30.432102041874135,505.0778873035197,1072.0235995018108,Seasonal,Continuous,HoltWinters7,0.07742340960015938,1.7516834427819887,2.1754158724385175,-0.01714509778779911,26.53835616438356,6.1451829113755725,0.0,-0.009545858180722844,566.9457121982912,High
P00151,2025.579819545407,67.51932731818023,57.61581058488002,74.27101832114825,1536.1075120903718,2515.0521270004424,Trending,Continuous,HoltWinters7,0.10003082889916942,6.801103196646811,8.566190101083533,-0.04991699868321608,57.3986301369863,11.132633392042267,0.0,0.17632297420757426,978.9446149100706,High
P00152,547.406376429525,18.246879214317502,15.986227204256908,19.70836616883863,378.50569688057107,716.307055978479,Stable,Continuous,HoltWinters7,0.1297009602798109,2.6704072497482296,3.2921957755019786,0.0069341570492436515,18.427397260273974,3.071317830582401,0.0,-0.009796177040456766,337.8013590979079,High
P00153,997.2234555309166,33.240781851030555,28.06178505055596,36.7513818351524,676.6777185994839,1317.7691924623493,Trending,Continuous,HoltWinters7,0.13951137776240344,5.132047437062863,6.468759493656338,-0.04223200551890271,30.95068493150685,6.025349360922718,0.0,0.07399180097602476,641.0914738628654,High
P00154,5367.621066568099,178.92070221893664,155.5218435663141,192.78470336094065,4388.956166007772,6346.285967128427,Stable,Continuous,HoltWinters7,0.043969504746238085,7.508659789990083,9.492971779663373,-0.000428219798198103,184.95890410958904,21.041104429543022,0.0,-0.03264618115965234,1957.3298011206552,High
P00155,9276.783835842862,309.2261278614287,268.32668423911707,334.34046688738374,7310.264121680832,11243.30355000489,Trending,Continuous,HoltWinters7,0.10687290805795245,31.458165654970102,39.572670666803035,-0.07333501602115301,242.85342465753425,46.75009175168121,0.0,0.27330355047490706,3933.0394283240576,High
P00156,358.6291780762815,11.95430593587605,10.405582945160683,12.932844234154839,236.50842485527676,480.74993129728625,Stable,Continuous,HoltWinters7,0.13683497351746973,1.9740381828177718,2.3024256422743656,-0.029233093600780375,12.764383561643836,2.2003472642133857,0.0,-0.06346390500219823,244.2415064420095,High
P00157,3381.746427621998,112.72488092073327,95.13319837848523,122.60308707681588,2716.1423058028713,4047.3505494411243,Trending,Continuous,HoltWinters7,0.08323632514158213,8.411213341685707,10.180485094667123,-0.06445393822973443,91.26712328767124,15.534329034253462,0.0,0.2351093894504357,1331.208243638253,High
P00158,7401.842522741067,246.7280840913689,216.08453881641117,265.2439731852098,6162.349710839552,8641.335334642581,Stable,Continuous,HoltWinters7,0.038763121209445216,9.070903379246694,11.51525050061072,-0.006588783578116344,248.78082191780823,26.90140845943391,0.0,-0.008251189985687413,2478.985623803029,High
P00159,544.2996576407677,18.143321921358922,15.41908889219215,19.807653059029576,373.1096273662274,715.4896879153081,Trending,Continuous,HoltWinters7,0.140431862540639,2.654604872475457,3.378675389703531,-0.04909491165461716,15.645205479452056,3.1923064706320208,0.0,0.159672971070135,342.38006054908067,High
P00160,3267.857142857143,108.92857142857143,108.92857142857143,108.92857142857143,0.0,15633.582324939049,Intermittent,Intermittent,RollingMean28,1.3570376102892887,184.31190476190477,203.46609773426454,-0.04955194372655192,153.21506849315068,214.83092287705358,0.6575342465753424,-0.2890479213313084,15633.582324939049,Very Low
P00161,274.17099894283496,9.139033298094498,6.858945472588618,10.579170277596788,178.99993278223405,369.34206510343586,Seasonal,Continuous,HoltWinters7,0.10404850168413253,0.8235213679119928,0.9866481931634304,-0.07998042307005689,9.057534246575342,2.0412695294087215,0.0,0.00899792916046338,190.3421323212018,High
P00162,8850.817116402279,295.0272372134093,263.27272291524525,314.8131581735156,7235.025263176103,10466.608969628454,Stable,Continuous,HoltWinters7,0.057661625027048025,15.903661821144771,19.160780403041922,-0.024924258601607314,295.16438356164383,34.155985964271316,0.0,-0.00046464396069612057,3231.583706452351,High
P00163,9754.19351470967,325.13978382365565,247.45340638964652,368.1711828621043,7086.457529695086,12421.929499724254,Seasonal,Continuous,HoltWinters7,0.07272502654906776,20.030062784938195,25.38986535715496,-0.03265127889153737,303.85205479452054,60.078686651227336,0.0,0.07005951973413804,5335.471970029168,High
P00164,3973.9597271724483,132.4653242390816,112.61337881258396,143.00081957531194,3170.644059553635,4777.2753947912615,Trending,Continuous,HoltWinters7,0.07675248089601545,9.019577396494912,11.530871328118735,-0.03304639885707161,108.77808219178083,18.390895392938415,0.0,0.21775748910096682,1606.6313352376264,High
P00165,330.0,11.0,7.0,13.0,198.7621026894016,461.2378973105984,Seasonal,Continuous,SeasonalNaive7,0.141967542205257,1.6666666666666667,2.3999746715473935,-0.10079896014972589,11.7013698630137,2.7384621734896624,0.0,-0.05993912432685555,262.47579462119677,High
P00166,10727.391531613703,357.57971772045676,308.95660170698443,383.35587049321043,8378.82999667278,13075.953066554624,Trending,Continuous,HoltWinters7,0.0941860578078554,32.90845680990491,42.40313840978981,-0.059216971398733366,293.07260273972605,54.63728950761637,0.0,0.22010626164881963,4697.123069881844,High
P00167,871.0714285714286,29.035714285714285,29.035714285714285,29.035714285714285,491.6036704112802,1250.5391867315768,Volatile,Continuous,RollingMean28,0.17159672046777996,4.741269841269841,6.095778826502328,-0.050611279760700734,29.421917808219177,6.936518866477968,0.0,-0.013126388463943206,758.9355163202966,Medium
P00168,417.0,13.9,11.0,15.0,278.5406655510367,555.4593344489634,Stable,Continuous,SeasonalNaive7,0.1445317112446959,2.411111111111111,3.5349644497990482,-0.09049001299756222,14.742465753424657,2.519494244990498,0.0,-0.057145511986619546,276.91866889792675,High
P00169,433.83546823624454,14.461182274541484,12.163016223052864,15.866653704595365,298.47828688644154,569.1926495860475,Trending,Continuous,HoltWinters7,0.1587258929553614,2.33421164981741,2.8737925172682313,-0.0673799934666877,12.62054794520548,2.5299012328628643,0.0,0.14584424838980592,270.714362699606,Medium
P00170,7618.365278721154,253.94550929070513,217.65765873918645,274.2766297392098,6104.195141778053,9132.535415664255,Trending,Continuous,HoltWinters7,0.07790913338799799,17.350429232016207,22.753911413701758,-0.04520279078454429,207.22876712328767,34.06285636383296,0.0,0.22543560344411073,3028.3402738862023,High
P00171,10970.741845551198,365.6913948517066,320.2198910171426,390.57842002174186,9182.141172365673,12759.342518736721,Stable,Continuous,HoltWinters7,0.044911683036984645,15.26066557444613,19.461548803524554,-0.020560821207251233,358.2027397260274,38.305464811941825,0.0,0.02090619164835794,3577.201346371048,High
P00172,262.0,8.733333333333333,6.0,10.0,152.46552566087772,371.5344743391223,Seasonal,Continuous,SeasonalNaive7,0.158979080508933,1.511111111111111,2.0918176709235117,-0.12003031703326618,9.534246575342467,2.253375409186766,0.0,-0.08400383141762469,219.0689486782446,Medium
P00173,6666.9926481890725,222.23308827296907,193.69601999640298,240.58045488402763,5433.625953978371,7900.359342399774,Stable,Continuous,HoltWinters7,0.04106589037065252,8.715811094494194,10.876664034845263,-0.004549924644188945,228.27534246575343,25.955793805043008,0.0,-0.02646914961343594,2466.733388421402,High
P00174,102.04966348369439,3.4016554494564795,3.4016554494564795,3.4016554494564795,49.943551732235896,154.15577523515287,Volatile,Continuous,SES,0.2308210341155287,0.8126827315164414,1.068337235249881,-0.06932938094742654,3.484931506849315,0.9209750950040689,0.0,-0.023896038481434734,104.21222350291697,Medium
P00175,1019.4033213199349,33.9801107106645,29.60548739078701,36.868913815560155,831.0441572684865,1207.7624853713833,Stable,Continuous,HoltWinters7,0.04667123643265233,1.4939993539778236,1.8233520196795479,-0.03658526454512826,34.40684931506849,3.92595488344049,0.0,-0.012402722507262598,376.71832810289675,High
P00176,354.742933543206,11.824764451440199,8.59052227998159,13.712224126859148,208.51995501018874,500.9659120762233,Seasonal,Continuous,HoltWinters7,0.13619652443893113,1.7871441873927874,2.1821283256631094,-0.026469488637923613,12.931506849315069,2.976030292130554,0.0,-0.08558495237803543,292.44595706603457,High
P00177,5968.689886008341,198.95632953361138,174.8549134105213,216.0120794992809,4989.470089593399,6947.909682423284,Stable,Continuous,HoltWinters7,0.04947055052833507,9.284588364937564,11.784214729296915,-0.027394173362244544,198.1917808219178,21.295463773902295,0.0,0.003857620676916751,1958.4395928298845,High
P00178,326.407708757483,10.880256958582768,8.547866886043916,12.341979766743941,212.43168971583452,440.3837277991315,Seasonal,Continuous,HoltWinters7,0.08521117190282561,0.8478555534731749,1.0674091565581412,-0.030551057536773795,11.167123287671233,2.4448964113322993,0.0,-0.025688471569501825,227.952038083297,High
P00179,5910.0,197.0,197.0,197.0,4486.668199698385,7333.331800301615,Trending,Continuous,Naive,0.11035800270406815,22.177777777777777,28.33801448498049,-0.03758221112144051,169.18082191780823,33.32020588226955,0.0,0.16443458405531897,2846.6636006032295,High
P00180,436.2996348907297,14.543321163024324,14.543321163024324,14.543321163024324,295.56088759658365,577.0383821848758,Trending,Continuous,SES,0.17179527354447557,2.5722199276387507,3.142558159810975,-0.08695785804557475,12.817808219178081,2.631655060647461,0.0,0.13461840857195218,281.47749458829213,Medium
P00181,210.0,7.0,7.0,7.0,151.6088188887322,268.39118111126777,Stable,Continuous,Naive,0.06489230272233572,0.4666666666666666,0.7421907011109649,-0.01689127246057939,7.523287671232877,1.1124091859415468,0.0,-0.06955571740713773,116.78236222253557,High
P00182,408.52177577529494,13.617392525843165,11.473135457804176,14.849052781814114,271.0366131187841,546.0069384318058,Trending,Continuous,HoltWinters7,0.1386784332016505,2.1067439111084183,2.688581437950308,-0.04867841596640168,12.457534246575342,2.5523822385015444,0.0,0.09310496413739955,274.9703253130217,High
P00183,12370.191372060966,412.3397124020322,353.87279020600215,446.8555428911365,9619.577706419936,15120.805037701997,Trending,Continuous,HoltWinters7,0.115074616606731,44.09758484292369,56.09467605527376,-0.0947068306306759,323.74657534246575,63.706159690365226,0.0,0.27364965008772946,5501.227331282062,High
P00184,5245.2730878083075,174.8424362602769,150.51743767257886,188.6716780991766,4073.6222054269906,6416.923970189624,Trending,Continuous,HoltWinters7,0.1233133343390868,20.58249228920072,25.062368584305222,-0.0462670173579244,142.32465753424657,26.726426253949413,0.0,0.2284760721676482,2343.3017647626334,High
P00185,421.6315425871066,14.054384752903553,10.350096724200478,16.220424316894707,270.82829488506746,572.4347902891457,Seasonal,Continuous,HoltWinters7,0.08221351682075806,1.0454581626768666,1.28689734027685,-0.03742732393558367,14.647945205479452,3.2723897791488623,0.0,-0.04052175538954517,301.6064954040782,High
P00186,14233.33957275714,474.444652425238,400.2803611710684,520.9314905053302,11511.357900050456,16955.321245463827,Trending,Continuous,HoltWinters7,0.07811432983869103,31.959894644110193,39.88282270754447,-0.049747677832246484,373.5945205479452,63.901522938484035,0.0,0.26994542566999513,5443.963345413371,High
P00187,11694.641005920592,389.82136686401975,331.417997056821,424.03594784915083,9030.865722358392,14358.416289482793,Trending,Continuous,HoltWinters7,0.10669877519780753,39.64966603506421,50.62330704073732,-0.07317907660873614,319.8205479452055,59.54502269790822,0.0,0.21887530169202085,5327.550567124401,High
P00188,2678.136894408236,89.27122981360786,78.1682504999087,95.70396336637525,2208.1706928191375,3148.1030959973345,Stable,Continuous,HoltWinters7,0.04855403826694497,3.9998283927560383,4.793833037645158,-0.031089816086495563,88.7068493150685,10.100677410999538,0.0,0.0063623102713838975,939.9324031781971,High
P00189,9078.005084221279,302.6001694740426,257.6579405079052,329.6417509501851,7251.203664126456,10904.806504316102,Trending,Continuous,HoltWinters7,0.08405232231272991,22.937000682981605,28.204761693056096,-0.054332459173339266,256.8109589041096,41.409062319158394,0.0,0.17829928584562538,3653.6028401896465,High
P00190,860.5631808124629,28.68543936041543,24.010851113755706,31.64542686182524,572.0849564295827,1149.041405195343,Trending,Continuous,HoltWinters7,0.15439585824609978,4.9432713002904185,6.229825303345756,-0.015456739108081438,26.34931506849315,5.428412356290145,0.0,0.08865977297131589,576.9564487657603,Medium
P00191,507.8023175605288,16.926743918684295,12.103786404859633,20.047702467332925,289.11978456083875,726.4848505602189,Seasonal,Continuous,HoltWinters7,0.15645462343536365,2.8774954035071407,3.4355002252523157,-0.0572860055889029,18.994520547945207,4.530642217789093,0.0,-0.10886174378771574,437.36506599938014,Medium
P00192,975.2920362611587,32.50973454203862,28.489142001595567,34.974205927632184,758.2052208243138,1192.3788516980037,Stable,Continuous,HoltWinters7,0.08856940464887404,2.8944239199855493,3.5402715659889856,-0.0057691254205345785,32.35205479452055,4.130339071731709,0.0,0.004873871181275913,434.17363087368994,High
P00193,5374.194363245807,179.13981210819355,155.84532736494305,193.30307011830266,4159.141234676486,6589.2474918151265,Stable,Continuous,HoltWinters7,0.08650182004248387,15.576139688229489,18.34377714502631,-0.020541409294151408,179.04794520547946,23.6107355647057,0.0,0.0005130854900829984,2430.10625713864,High
P00194,1183.793842355344,39.45979474517813,34.61220659207437,42.34932862616668,976.7851175326083,1390.8025671780795,Stable,Continuous,HoltWinters7,0.0450491368572983,1.621236536765003,2.093187300446619,-0.012646182578887402,38.45479452054794,4.343452606805948,0.0,0.026134588343546428,414.0174496454712,High
P00195,543.7425713613575,18.124752378711914,15.715445660017389,19.629730008077516,402.26036401273086,685.2247787099841,Stable,Continuous,HoltWinters7,0.06804213311815359,1.2181235339921443,1.5502184960450753,-0.00013105362306622842,18.98904109589041,2.735709177413465,0.0,-0.045515132270978365,282.96441469725323,High
P00196,700.3010954254908,23.34336984751636,17.298478612982883,27.005307202154608,454.98805579761023,945.6141350533712,Seasonal,Continuous,HoltWinters7,0.07618126832967077,1.5929653600032783,2.005486148077738,-0.05052714818520187,23.293150684931508,5.191433504256291,0.0,0.002155962637434783,490.626079255761,High
P00197,6061.83228593655,202.061076197885,171.4119580226916,221.14848534011716,4923.606138360414,7200.058433512685,Trending,Continuous,HoltWinters7,0.08150071102490992,14.602600961556613,18.22061701335472,-0.05553729614226036,161.72328767123287,27.337952638617903,0.0,0.24942473720083402,2276.4522951522713,High
P00198,8130.0,271.0,271.0,271.0,4908.53635317464,11351.463646825361,Volatile,Continuous,Naive,0.19923263333525335,53.6,67.85165764005946,-0.056761648337113925,247.45479452054795,59.30638182232026,0.0,0.09514952225949669,6442.927293650721,Medium
P00199,597.4988542973522,19.916628476578406,19.916628476578406,19.916628476578406,353.3399412313984,841.6577673633059,Volatile,Continuous,SES,0.15523716959655434,3.282817716468967,3.9505927914842176,-0.010072999045705472,20.064383561643837,4.34644644166208,0.0,-0.007364048071124785,488.31782613190745,Medium
P00200,12946.365934144553,431.5455311381518,377.15423878614087,466.0137310723439,10781.826906869053,15110.904961420052,Stable,Continuous,HoltWinters7,0.03711404942146904,15.260389398230112,18.969003633816765,-0.010918867690105147,433.8342465753425,46.22235493564187,0.0,-0.005275552714562481,4329.078054550999,High
P00201,4856.111492340693,161.8703830780231,122.15108340892886,186.24089016661148,3511.1797929894306,6201.043191691955,Seasonal,Continuous,HoltWinters7,0.08865850893016668,12.861208826668708,14.65669976308562,-0.06289012847205772,157.3068493150685,30.685878437226325,0.0,0.02901039454305243,2689.8633987025246,High
P00202,208.10940845855518,6.936980281951839,6.936980281951839,6.936980281951839,94.69020602722621,321.5286108898841,Volatile,Continuous,SES,0.24823610821457795,1.8902704800488905,2.3409245244807875,0.0031288048498382495,7.954794520547945,2.0903817292319684,0.0,-0.12794978373947952,226.83840486265785,Medium
P00203,167.0,5.566666666666666,4.0,6.0,101.7734844731646,232.22651552683539,Seasonal,Continuous,SeasonalNaive7,0.1608787052458737,0.9222222222222222,1.3048178627547922,-0.13920728898237048,5.816438356164384,1.352436575585785,0.0,-0.042942377139268406,130.45303105367077,Medium
P00204,7508.6501351372635,250.28833783790878,219.59149530008898,272.58733569188024,5835.163633827931,9182.136636446596,Stable,Continuous,HoltWinters7,0.08268621032122271,20.83227772645389,25.945837105385607,-0.023698941792663127,247.7109589041096,31.43063458752369,0.0,0.010404783644622384,3346.9730026186644,High
P00205,1214.0287941928902,40.46762647309634,35.21355610469438,43.85305482058038,999.747647387065,1428.3099409987153,Stable,Continuous,HoltWinters7,0.045287789267966144,1.7111971792214298,2.111492255675809,-0.030129366446066178,40.93150684931507,4.579218181404143,0.0,-0.011333088174018568,428.5622936116504,High
P00206,193.11166612117415,6.437055537372472,6.437055537372472,6.437055537372472,87.58372956279608,298.63960267955224,Volatile,Continuous,SES,0.22592286670801054,1.6397245006039993,2.1266558126895196,-0.09844777012257099,7.2465753424657535,1.922938009295721,0.0,-0.11171067253650202,211.05587311675617,Medium
P00207,331.6256351588228,11.054187838627426,8.40884796256574,12.718920357314042,197.51691366459502,465.7343566530505,Seasonal,Continuous,HoltWinters7,0.14441582384251572,1.6866172758772509,2.074116253024162,-0.06770152379003473,11.75068493150685,2.762830067684258,0.0,-0.05927289319211704,268.21744298845545,High
P00208,14686.631650049223,489.5543883349741,407.5247584704954,539.567008158533,11720.945641820996,17652.317658277447,Trending,Continuous,HoltWinters7,0.07069557687667004,30.468319186669863,39.69278964055578,-0.037717057018034066,398.74520547945207,69.85046352081672,0.0,0.22773736613668594,5931.372016456451,High
P00209,451.70258883732913,15.056752961244305,10.644580253365442,17.702053403330943,254.47716550474632,648.9280121699119,Seasonal,Continuous,HoltWinters7,0.14588578387373535,2.478095221708899,2.9254367808675923,-0.058449328995187934,17.054794520547944,4.064603169918768,0.0,-0.11715424403949048,394.45084666516556,High
P00210,170.51195318611522,5.683731772870507,4.217590146622928,6.601960347681334,106.49917166213334,234.52473471009708,Seasonal,Continuous,HoltWinters7,0.154367477920594,0.8543658963145311,1.0673853174176042,-0.07143265368693984,5.586301369863014,1.315238853739104,0.0,0.01744095002341095,128.02556304796374,Medium
P00211,4456.550604494796,148.5516868164932,126.37079903149795,163.98939178132926,3545.6988632800726,5367.40234570952,Trending,Continuous,HoltWinters7,0.06401496635208799,8.515000657440533,10.920150400826818,-0.016518948053252006,124.23150684931507,20.293318088552272,0.0,0.1957649921825142,1821.7034824294474,High
P00212,6728.046722082434,224.26822406941446,186.35741454214835,247.1307480818575,5455.850210015092,8000.243234149775,Trending,Continuous,HoltWinters7,0.07634541784590858,15.033120073418033,18.874296740892127,-0.04823789329121436,177.02876712328768,30.513717617042914,0.0,0.2668462177857678,2544.3930241346834,High
P00213,3965.7546536117047,132.19182178705682,115.61506203484738,142.0419285360571,3315.440126589134,4616.069180634276,Stable,Continuous,HoltWinters7,0.043547805298587344,5.37387086718131,7.082450474101795,-0.013059123622972396,131.8068493150685,14.298108010008788,0.0,0.0029207319193869097,1300.6290540451419,High
P00214,395.44834531618795,13.181611510539598,11.479124170522967,14.323038742953582,267.9727483672759,522.9239422651,Stable,Continuous,HoltWinters7,0.13214400863053605,2.051412204800806,2.4296116822985447,-0.00766082334976112,13.843835616438357,2.3201264275051146,0.0,-0.04783530549239001,254.95119389782406,High
P00215,3513.214285714286,117.10714285714286,117.10714285714286,117.10714285714286,0.0,13960.403975310708,Intermittent,Intermittent,RollingMean28,1.4737652753654824,153.6809523809524,170.8539585333276,0.08274543907667954,134.56301369863013,181.42544713688903,0.6397260273972603,-0.12972265083614853,13960.403975310708,Very Low
P00216,323.45031667582526,10.78167722252751,9.132470862575966,11.708244382786809,215.82008430756872,431.0805490440818,Trending,Continuous,HoltWinters7,0.169134895175412,2.033245598199416,2.5598913320746792,-0.10250760214378102,9.657534246575343,2.0199225703436228,0.0,0.1164006202049761,215.2604647365131,Medium
P00217,379.9177443063679,12.663924810212263,11.13354915957451,13.605278674333064,284.7341805488356,475.1013080639002,Stable,Continuous,HoltWinters7,0.06575117695012177,0.7815701696315006,0.9786857540958671,-0.01943846928187581,12.46986301369863,1.8443689506717884,0.0,0.015562464182681701,190.36712751506462,High
P00218,6660.0,222.0,222.0,222.0,504.06076849434015,12815.939231505661,Intermittent,Intermittent,Naive,0.9524334251606978,91.3,140.0943026516516,-0.39669421487603307,78.5,106.42528307650844,0.6424657534246575,1.8280254777070062,12311.87846301132,Very Low
P00219,13406.949399046733,446.8983133015578,378.66030742008013,482.82005610459737,10706.940409024664,16106.9583890688,Trending,Continuous,HoltWinters7,0.084204566989647,33.393595358765424,40.14403482522892,-0.03683060127645483,364.97945205479454,62.86219269109646,0.0,0.22444787175159853,5400.0179800441365,High
P00220,8340.0,278.0,278.0,278.0,4604.055593489619,12075.944406510382,Volatile,Continuous,Naive,0.18977276140656918,56.866666666666674,70.6324366103459,-0.017595378475129122,274.1287671232877,66.54655739880867,0.0,0.014121950488221735,7471.888813020762,Medium
P00221,12497.712763804233,416.5904254601411,365.71029680341246,449.68518208409955,10421.103645675641,14574.321881932823,Stable,Continuous,HoltWinters7,0.044393141668316545,17.283871097603736,21.36563987358625,-0.02632820671279704,411.2958904109589,45.22915419421168,0.0,0.01287281291308795,4153.218236257182,High
P00222,2678.6741165553835,89.28913721851278,78.12445911407555,96.16476960705809,2201.7522119320906,3155.596021178677,Stable,Continuous,HoltWinters7,0.05400028460622802,4.478585466007757,5.338210567408415,-0.023539027675976456,88.96438356164384,10.236374661840102,0.0,0.0036503783184640426,953.8438092465863,High
P00223,151.8431251331842,5.061437504439473,4.290620769019191,5.572538969057646,99.12709335242813,204.55915691394028,Trending,Continuous,HoltWinters7,0.17259449158441076,0.9316094752645258,1.1492920707293173,-0.06635356596652486,4.542465753424658,0.972307623511084,0.0,0.11424890779276686,105.43206356151215,Medium
P00224,308.5714285714286,10.285714285714286,10.285714285714286,10.285714285714286,161.71916975615673,455.4236873867004,Volatile,Continuous,RollingMean28,0.15003659920874993,1.5261904761904759,1.9271920141766434,-0.025882447948396847,11.087671232876712,2.649219943967846,0.0,-0.07232870909668532,293.7045176305437,Medium
P00225,269.2615928004729,8.97538642668243,6.5464467778029904,10.525082886259662,168.12809377252492,370.3950918284209,Seasonal,Continuous,HoltWinters7,0.07363604767314615,0.6230816163545646,0.778436591836745,-0.017346335674459406,9.638356164383561,2.1787494769072953,0.0,-0.06878452366711563,202.26699805589598,High
P00226,480.0,16.0,14.0,17.0,318.5485594698245,641.4514405301755,Stable,Continuous,SeasonalNaive7,0.14700726477799866,2.755555555555556,3.9385874039757245,-0.10199237020960539,16.5986301369863,2.9020116550900417,0.0,-0.036065032598828095,322.90288106035104,High
P00227,6082.741082564365,202.75803608547884,177.7370795970786,218.06189050164605,4732.4655718869635,7433.016593241765,Stable,Continuous,HoltWinters7,0.08103509761409415,16.96834321407487,21.14313264513753,-0.037136823817017765,204.9095890410959,25.58704535681117,0.0,-0.010500011081402083,2700.5510213548014,High
P00228,774.6428571428572,25.821428571428573,25.821428571428573,25.821428571428573,402.079250731628,1147.2064635540864,Volatile,Continuous,RollingMean28,0.16963477047261996,4.421428571428572,5.96189822978939,-0.021460685798818543,27.16849315068493,6.767577361983617,0.0,-0.0495818657216327,745.1272128224584,Medium
P00229,7991.793842994666,266.3931280998222,266.3931280998222,266.3931280998222,4790.526489893672,11193.06119609566,Volatile,Continuous,SES,0.17913819107254428,48.78675798164687,61.24869922322434,-0.057214317187883196,247.4808219178082,57.43612461549054,0.0,0.07641927982724672,6402.534706201987,Medium
P00230,3862.0156628384034,128.7338554279468,96.02200038177675,147.93627216728373,2756.0362842096497,4967.995041467157,Seasonal,Continuous,HoltWinters7,0.0671947427393787,7.7247146486945475,9.592572241723248,-0.046913424086759824,127.11506849315069,24.86099446131887,0.0,0.012734815423423473,2211.958757257507,High
P00231,16948.08993754061,564.9363312513537,479.44767283811007,621.8839149491511,13764.140732407794,20132.03914267343,Trending,Continuous,HoltWinters7,0.07495263776310591,36.96761386659574,46.301035048389,-0.03464831807608962,449.2904109589041,77.89485397348817,0.0,0.2573968138906655,6367.898410265638,High
P00232,3392.4548948091992,113.0818298269733,85.95164298412475,128.54028308965044,2411.082826650135,4373.826962968264,Seasonal,Continuous,HoltWinters7,0.066323387695209,6.615992976305883,8.467620394085088,-0.04884396027773092,111.42054794520548,21.96586364521413,0.0,0.01491001356935362,1962.7441363181288,High
P00233,1231.246440111054,41.0415480037018,32.218854669627746,46.097145487670005,896.5965128080477,1565.89636741406,Seasonal,Continuous,HoltWinters7,0.07587802850085187,2.673616849672977,3.304105968683228,-0.053975998802762847,38.78630136986301,7.653922402239541,0.0,0.058145441926337416,669.2998546060123,High
P00234,6440.124595523736,214.67081985079122,187.1044140423052,231.03859586740586,5294.21406635582,7586.0351246916525,Stable,Continuous,HoltWinters7,0.04881753903716033,10.005214598661242,12.1201746363655,-0.02927666813220912,218.64794520547946,24.66239874983289,0.0,-0.018189630599778295,2291.8210583358323,High
P00235,60.0,2.0,2.0,2.0,32.50650858160038,87.49349141839961,Stable,Continuous,SeasonalNaive7,0.10350369656059145,0.2888888888888889,0.46910635240888143,-0.08781742205078753,2.2616438356164386,0.4983181967742064,0.0,-0.11568746214415515,54.986982836799235,High
P00236,0.0,0.0,0.0,0.0,0.0,6240.08652572778,Intermittent,Intermittent,Naive,0.9645308924485126,74.5111111111111,120.81678524860179,-0.4622425629290618,75.02602739726028,108.393206028517,0.6712328767123288,-1.0,6240.08652572778,Very Low
P00237,360.0,12.0,12.0,12.0,205.97357252152622,514.0264274784737,Volatile,Continuous,Naive,0.1860830939136459,1.9555555555555555,2.5016812827484287,0.04851559793793427,11.35068493150685,2.7859693186804115,0.0,0.05720492396813892,308.0528549569475,Medium
P00238,620.1684003070168,20.672280010233894,20.67228001023389,20.67228001023389,421.87689446110437,818.4599061529291,Stable,Continuous,SES,0.13799633381523058,3.2739016126386282,4.03201682975426,-0.06155089694372026,21.82191780821918,3.6256306986587754,0.0,-0.05268271139543368,396.5830116918247,High
P00239,7715.777786763134,257.19259289210447,194.81115414833337,293.71530174120375,5567.777995444712,9863.777578081555,Seasonal,Continuous,HoltWinters7,0.07268459262959724,16.576881922117156,20.14483243382802,-0.048901143400604564,247.9808219178082,48.48975301516468,0.0,0.03714711042190766,4295.999582636843,High
P00240,411.618285415133,13.720609513837767,11.565071545449412,15.046811941690091,276.4058788737617,546.8306919565043,Trending,Continuous,HoltWinters7,0.13955033877055564,2.075082367410317,2.6199232152190475,-0.055862162270198,12.398630136986302,2.5361578985412785,0.0,0.10662301901464688,270.4248130827426,High
P00241,10790.731678031001,359.6910559343667,311.40867610002294,385.8667978546292,8590.702362066451,12990.760993995553,Trending,Continuous,HoltWinters7,0.09680512983481442,31.434103719303334,41.08666627452463,-0.03718586008819509,270.44246575342464,52.26533659653958,0.0,0.33000952691473495,4400.0586319291015,High
P00242,3775.3090415915776,125.84363471971925,105.95302969857669,137.00722075474528,2869.3249421171886,4681.293141065967,Trending,Continuous,HoltWinters7,0.09639239087201647,12.619433249341677,16.782692982737036,-0.038595269680708415,107.15068493150685,21.193452953445224,0.0,0.17445478580152196,1811.968198948778,High
P00243,4323.015598680087,144.1005199560029,144.10051995600293,144.10051995600293,2554.7448104703894,6091.286386889787,Volatile,Continuous,SES,0.17939451626872072,26.610560059731984,35.72238402409173,-0.02504638755519729,138.513698630137,31.732730806036308,0.0,0.04033407078951812,3536.541576419397,Medium
P00244,680.0,22.666666666666668,19.0,27.0,507.1460611448971,852.8539388551029,Stable,Continuous,SeasonalNaive7,0.07616376522416556,1.6444444444444446,2.040054652933231,-0.02660840267118401,22.757534246575343,3.3464932737622304,0.0,-0.003992856999538441,345.7078777102058,High
P00245,632.6913374577025,21.089711248590085,16.540043646584493,24.00842133962546,388.84368162813934,876.5389932872656,Seasonal,Continuous,HoltWinters7,0.15357283968549243,3.2303363372341227,3.876962284294701,-0.07563775541369126,21.224657534246575,5.0972915916003,0.0,-0.00635799590352637,487.6953116591263,Medium
P00246,9360.0,312.0,312.0,312.0,5665.53353845895,13054.46646154105,Volatile,Continuous,Naive,0.1767213188536397,56.84444444444444,72.20868143206441,-0.05901326911726599,290.3808219178082,67.6444968801695,0.0,0.07445112228627515,7388.9329230820995,Medium
P00247,233.84544782686842,7.7948482608956144,6.809663644400192,8.349310935832555,169.04431903057736,298.6465766231595,Stable,Continuous,HoltWinters7,0.06853040226681904,0.5532202630441364,0.6797763542824488,-0.008174551539872428,8.479452054794521,1.2615402983297446,0.0,-0.08073679637256892,129.60225759258213,High
P00248,5398.641576158638,179.95471920528792,158.80825293357213,193.4273929217609,4268.908038554223,6528.375113763052,Stable,Continuous,HoltWinters7,0.08680356882053254,15.295070527320133,18.7447515288886,-0.03541832159646041,175.3,21.740624013820028,0.0,0.02655287624237257,2259.4670752088286,High
P00249,4719.0,157.3,133.0,169.0,3655.715521566849,5782.284478433151,Stable,Continuous,SeasonalNaive7,0.08735251037803121,14.455555555555556,19.550515072560824,-0.05871621450965487,162.22328767123287,20.26621872845314,0.0,-0.030348834263614233,2126.568956866302,High
P00250,11014.714735819976,367.1571578606659,312.92026118916675,403.3125942877437,8512.44247864734,13516.986992992615,Trending,Continuous,HoltWinters7,0.10789538180591825,38.71811168886026,48.309248085969166,-0.0706820155501367,299.4287671232877,57.5551598714938,0.0,0.22619199680801394,5004.544514345276,High
P00251,170.85688504698012,5.695229501566004,5.695229501566004,5.695229501566004,77.56241043567573,264.1513596582845,Volatile,Continuous,SES,0.19405782284434434,1.157697030710958,1.5130585471549065,-0.005615903746835483,6.471232876712329,1.7180937735046649,0.0,-0.11991584755648121,186.58894922260876,Medium
P00252,643.9766290513182,21.46588763504394,18.44497129983523,23.308421940585397,463.9164689601867,824.0367891424497,Stable,Continuous,HoltWinters7,0.07045213546771731,1.5638167957342948,2.0125009662848306,0.001987325670638055,23.454794520547946,3.4934797622646463,0.0,-0.08479745511143111,360.120320182263,High
P00253,5310.0,177.0,177.0,177.0,3139.9600759730015,7480.039924026998,Volatile,Continuous,Naive,0.19205084019901938,34.13333333333333,39.92200495246407,0.08410726848949235,169.986301369863,38.60062230771412,0.0,0.04126037553388673,4340.079848053996,Medium
P00254,287.0,9.566666666666666,7.0,11.0,181.53415610001232,392.4658438999877,Seasonal,Continuous,SeasonalNaive7,0.09419546555139775,0.8333333333333334,1.1120628408171187,-0.06371854134565999,9.872602739726027,2.250179707743197,0.0,-0.03098839091623884,210.93168779997538,High
P00255,574.5388753588585,19.151295845295284,16.166173836167477,21.121964715820337,379.84071147916626,769.2370392385507,Trending,Continuous,HoltWinters7,0.16121281647770788,3.471339376821133,4.356544060281361,-0.0661601878994571,17.942465753424656,3.6626584080489817,0.0,0.06737257345133285,389.3963277593844,Medium
P00256,3454.7252253536913,115.1575075117897,100.5992447942978,123.76482444154006,2844.7616349376817,4064.6888157697013,Stable,Continuous,HoltWinters7,0.05272529129057147,5.656911352025362,6.927461217120716,-0.039107471323989666,114.37945205479453,13.209294010620512,0.0,0.006802405878133078,1219.9271808320195,High
P00257,4720.358120382726,157.3452706794242,138.5980986033677,168.8521356177776,3741.8379598309543,5698.8782809344975,Stable,Continuous,HoltWinters7,0.08132750831504922,12.64309837495216,15.600014428394049,-0.037681543189884883,154.67123287671234,18.884135055039447,0.0,0.01728852710990747,1957.0403211035432,High
P00258,0.0,0.0,0.0,0.0,0.0,12791.037793482184,Intermittent,Intermittent,Naive,1.0,144.3111111111111,251.74530105911708,-1.0,161.29041095890412,221.2688761344086,0.6493150684931507,-1.0,12791.037793482184,Very Low
P00259,5536.812057887623,184.56040192958744,160.45718277572718,198.9926054141021,4534.6443540980235,6538.979761677223,Stable,Continuous,HoltWinters7,0.04757833324968772,8.106561652447132,10.186164870089556,-0.02355577596717384,182.0109589041096,20.713471237617675,0.0,0.01400708529216077,2004.3354075791995,High
P00260,477.179405483232,15.905980182774401,15.905980182774401,15.905980182774401,189.30468235888492,765.0541286075792,Volatile,Continuous,SES,0.24881280985867202,4.6977302377287105,5.920150720790075,-0.142107652100279,19.386301369863013,5.246340812939293,0.0,-0.17952476445553178,575.7494462486943,Medium
P00261,5366.865496794258,178.8955165598086,136.70981747098153,204.20794645354158,3844.5464189696004,6889.1845746189165,Seasonal,Continuous,HoltWinters7,0.06274887323537026,9.839595278272023,11.96515971726186,-0.0437346702782257,173.76849315068492,34.539928889801914,0.0,0.029504908031156907,3044.638155649316,High
P00262,703.1316931770114,23.43772310590038,20.458799900804173,25.29647015928107,548.1222221751275,858.1411641788951,Stable,Continuous,HoltWinters7,0.06858985239240749,1.6209653568654534,2.066480362405158,-0.007362208266276334,23.205479452054796,2.9226841117836657,0.0,0.01000813856595495,310.0189420037676,High
P00263,240.20817353560145,8.006939117853381,8.006939117853381,8.006939117853381,115.45929986505038,364.9570472061525,Volatile,Continuous,SES,0.22364626482955155,1.892760340242906,2.4290694228681415,-0.058461037651513836,8.53013698630137,2.267996761253282,0.0,-0.06133522466147934,249.4977473411021,Medium
P00264,4960.989664752215,165.36632215840714,124.65740521531092,190.84129834742615,3542.721614723054,6379.257714781375,Seasonal,Continuous,HoltWinters7,0.07476998711533078,10.946632824023048,13.016896949641241,-0.049869763094692515,163.6054794520548,32.326107081047546,0.0,0.01076273675093109,2836.5361000583216,High
P00265,3172.082438630229,105.7360812876743,105.7360812876743,105.7360812876743,1844.6828249532923,4499.482052307165,Volatile,Continuous,SES,0.19133391739272188,21.18202899527101,28.867422350806432,-0.09998392201535657,98.14246575342466,23.307074688541125,0.0,0.07737339260792586,2654.7992273538725,Medium
P00266,1489.2857142857144,49.642857142857146,49.642857142857146,49.642857142857146,0.0,4811.699765368092,Intermittent,Intermittent,RollingMean28,1.3161429911012066,55.20000000000001,57.51845178733371,0.10191179301966442,40.80958904109589,57.70794132774361,0.6602739726027397,0.2164507977001684,4811.699765368092,Very Low
P00267,2244.0,74.8,0.0,308.0,185.05030899358212,10096.122682548135,Intermittent,Intermittent,SeasonalNaive7,1.192731749399776,123.26666666666667,177.1982163744209,-0.1155964084333801,102.15890410958905,135.6442209878914,0.6328767123287671,-0.2678073374812273,9911.072373554553,Very Low
P00268,8289.7114354907,276.3237145163567,232.64156098176252,300.57423980173843,6612.364238819376,9967.058632162027,Trending,Continuous,HoltWinters7,0.0771133789197036,19.20685326156452,24.176308396745966,-0.06545892630559509,227.93013698630136,39.824915807173085,0.0,0.21231759068772815,3354.694393342651,High
P00269,284.0039838620854,9.466799462069513,9.466799462069513,9.466799462069513,153.4880189202638,414.519948803907,Volatile,Continuous,SES,0.1692368393518496,1.5059560713161504,1.9154649156894568,-0.016871898454870565,9.341095890410958,2.325403079736464,0.0,0.013457047559868762,261.0319298836432,Medium
P00270,447.9298610988153,14.93099536996051,12.958011751005785,16.055069057110636,325.35225100199557,570.507471195635,Stable,Continuous,HoltWinters7,0.06734044181980835,0.9776008067018855,1.1904042934312746,-0.0009648292582848198,15.261643835616438,2.3573211492168262,0.0,-0.021665324470768077,245.15522019363948,High
P00271,2120.5812218190395,70.68604072730132,61.35692669711875,76.89828740971248,1673.0768548569167,2568.0855887811617,Trending,Continuous,HoltWinters7,0.1094581608898565,7.030960898083489,9.194843515842482,-0.07290960705822706,54.31369863013698,10.044425530798499,0.0,0.3014403826308347,895.008733924245,High
P00272,10650.0,355.0,355.0,355.0,8131.312497429333,13168.687502570667,Trending,Continuous,Naive,0.09959772722309045,35.855555555555554,46.33220840006961,-0.03282690585602959,301.6904109589041,57.46226808613781,0.0,0.17670296139560637,5037.3750051413335,High
P00273,8018.280785704514,267.27602619015045,267.27602619015045,267.27602619015045,4729.909525359984,11306.652046049043,Volatile,Continuous,SES,0.17888518499419356,46.00419519198002,60.232261291082516,-0.02467661768684541,252.14520547945204,58.58374948741639,0.0,0.06000836177680746,6576.742520689058,Medium
P00274,9505.873254028947,316.8624418009649,273.20615803151406,341.476619761707,7469.442659580548,11542.303848477346,Trending,Continuous,HoltWinters7,0.12418964589124064,34.798560340318495,44.40990692001364,-0.08531480167851803,237.14520547945204,46.04656509099518,0.0,0.3361536918292036,4072.861188896798,High
P00275,1575.5682753143633,52.51894251047877,39.321646996149276,60.31639941896903,1120.3420324732158,2030.7945181555108,Seasonal,Continuous,HoltWinters7,0.06959356396882369,3.238607394964738,4.090235091713795,-0.051880394026196146,51.487671232876714,10.367221019217794,0.0,0.020029479930013805,910.452485682295,High
P00276,7144.610292415641,238.1536764138547,207.67180165482688,257.09694695179843,5807.6027339818775,8481.617850849405,Stable,Continuous,HoltWinters7,0.049131645383968726,11.016551198385157,14.234128097458902,-0.019173750529803583,240.0808219178082,27.606291193357873,0.0,-0.008027069753256955,2674.0151168675275,High
P00277,3665.357142857143,122.17857142857143,122.17857142857143,122.17857142857143,0.0,15538.335154466502,Intermittent,Intermittent,RollingMean28,1.3603705360401988,195.6706349206349,203.1035695067698,0.15486536699147657,148.4054794520548,205.65985334667627,0.6520547945205479,-0.17672466084351335,15538.335154466502,Very Low
P00278,9993.319644355006,333.1106548118335,279.45065925601847,359.6947334576925,7903.3109787033145,12083.328310006696,Trending,Continuous,HoltWinters7,0.07456505663456724,23.672463886042053,28.472594087029574,-0.057762676355028554,290.3767123287671,47.96073788789275,0.0,0.1471672509146762,4180.017331303382,High
P00279,2465.7471673264035,82.19157224421345,71.399848092874,89.08926963251297,2040.5118084036444,2890.982526249163,Stable,Continuous,HoltWinters7,0.04624946684403921,3.6839148292806705,4.563877233160075,-0.023281878141139318,84.58356164383562,9.171241113729028,0.0,-0.028279601297641732,850.4707178455187,High
P00280,0.0,0.0,0.0,0.0,0.0,9420.97716341678,Intermittent,Intermittent,Naive,1.0,116.18888888888888,199.4720375509377,-1.0,112.68219178082192,163.33239383492776,0.6726027397260274,-1.0,9420.97716341678,Very Low
P00281,6372.704748039057,212.42349160130192,185.02968181052063,227.97020320772887,4946.3681907515,7799.041305326616,Stable,Continuous,HoltWinters7,0.08235299222111267,18.214427463805098,22.753098226440347,-0.03797023479975509,217.84657534246574,27.13631737664344,0.0,-0.024894050928450318,2852.6731145751155,High
P00282,553.9530571506159,18.46510190502053,16.03076810110794,19.906305823609053,412.18231125775486,695.7238030434769,Stable,Continuous,HoltWinters7,0.06633510688118954,1.1695956663133777,1.4306180912463429,-0.045337064832852665,18.49041095890411,2.7172246584702067,0.0,-0.0013687664346581085,283.54149178572203,High
P00283,559.7325821030969,18.657752736769897,13.525108641403197,21.91247585189882,350.84732248816556,768.6178417180282,Seasonal,Continuous,HoltWinters7,0.06252140800853183,1.149789009402556,1.4072875051188343,-0.015503260000384699,20.62876712328767,4.4660579233871704,0.0,-0.09554688240639975,417.77051922986266,High
P00284,447.53879771860784,14.917959923953594,12.978288889670015,16.200226718208388,308.20398946565615,586.8736059715595,Stable,Continuous,HoltWinters7,0.1311438031672415,2.2068320922376397,2.6007700752742005,-0.0005183714918514135,15.143835616438356,2.5342366973579837,0.0,-0.01491535554173462,278.6696165059034,High
P00285,7316.707504108003,243.89025013693345,207.39344295001283,266.6905422096711,5775.897523755316,8857.517484460692,Trending,Continuous,HoltWinters7,0.07555951328989319,17.00471334799369,21.441487003713377,-0.026444564296864804,206.37123287671233,34.58324078306642,0.0,0.1818035233749622,3081.619960705376,High
P00286,66.57998032799628,2.219332677599876,2.2193326775998763,2.2193326775998763,19.011762032937384,114.1481986230552,Volatile,Continuous,SES,0.27695308538701574,0.7773550540354531,0.9009663736824365,-0.051389171891482455,2.863013698630137,0.8624950009699972,0.0,-0.22482638533592847,95.13643659011781,Medium
P00287,6046.893754548595,201.56312515161983,177.01013384543072,216.05313411510537,4980.1254951769115,7113.662013920279,Stable,Continuous,HoltWinters7,0.04360188711340274,8.05955130730577,10.030000829676295,-0.028370715199704438,200.75205479452055,22.437418589794902,0.0,0.004040159678213362,2133.536518743367,High
P00288,1406.0503149731558,46.868343832438526,36.915491845501954,52.79892528672077,1018.9272573163303,1793.173372629981,Seasonal,Continuous,HoltWinters7,0.06592563803054434,2.672902110235807,3.445396900780891,-0.04254965405637159,44.5013698630137,8.759278727575028,0.0,0.05318878894539569,774.2461153136508,High
P00289,397.3425784791069,13.244752615970231,11.358360556502953,14.39407293797501,287.2181920279272,507.4669649302866,Stable,Continuous,HoltWinters7,0.05757995725515381,0.7917862958772584,1.0592086154588845,-0.018346862033711293,14.413698630136986,2.131822707731524,0.0,-0.08109965694181065,220.2487729023594,High
P00290,3183.0952115559253,106.10317371853084,78.41286396803437,122.88174254199954,2256.8146122925195,4109.3758108193315,Seasonal,Continuous,HoltWinters7,0.06362793353049932,6.090572527193085,7.520516770142457,-0.038912963719716,106.73287671232876,20.83065533269939,0.0,-0.005899803445709839,1852.561198526812,High
P00291,397.13309052595025,13.237769684198343,13.237769684198343,13.237769684198343,151.87834487991603,642.3878361719845,Volatile,Continuous,SES,0.23399806259683142,3.7541320370666997,4.751677408372466,-0.043256262166132785,16.616438356164384,4.444537458860949,0.0,-0.20333290441345508,490.5094912920685,Medium
P00292,159.0,5.3,3.0,6.0,94.00883448724676,223.99116551275324,Seasonal,Continuous,SeasonalNaive7,0.15080858915230808,0.8444444444444444,1.2490358670001764,-0.10577659819824366,5.675342465753425,1.332333042674753,0.0,-0.06613565049481063,129.98233102550648,Medium
P00293,5782.863661206802,192.76212204022673,169.5934786109657,207.37409158760465,4568.528064487431,6997.199257926174,Stable,Continuous,HoltWinters7,0.07679694600380153,14.128148884670892,17.402417662239177,-0.020802549924439962,182.76712328767124,22.95640321355455,0.0,0.05468707157371844,2428.671193438743,High
P00294,753.24964824382,25.108321608127333,25.108321608127333,25.108321608127333,400.5256744865418,1105.9736220010982,Volatile,Continuous,SES,0.16383187956362935,4.0288795607719265,5.092561697807074,-0.018957932451785134,25.220547945205478,6.269167238254996,0.0,-0.004449797733259819,705.4479475145564,Medium
P00295,185.6849019313457,6.189496731044857,6.189496731044857,6.189496731044857,88.21963589170352,283.15016797098787,Volatile,Continuous,SES,0.23267857576492448,1.544634546391401,2.0588688301565217,-0.10783141110714678,6.447945205479452,1.7263081431046854,0.0,-0.040082300050404585,194.93053207928435,Medium
P00296,1446.8096416080516,48.22698805360172,42.77606704516516,51.3598977488158,1187.6439376843107,1705.9753455317925,Stable,Continuous,HoltWinters7,0.04527322313014461,2.0952657051028876,2.595302554546187,-0.008300737283764922,49.486301369863014,5.507242147225207,0.0,-0.025447715456629605,518.3314078474818,High
P00297,3037.9239761764165,101.26413253921389,88.39024833127702,108.71957349163537,2541.4574319625435,3534.3905203902896,Stable,Continuous,HoltWinters7,0.05554020014259941,5.248189373875358,6.3562703672214775,-0.03928352904321561,99.93835616438356,10.685697145922305,0.0,0.013265941383402646,992.933088427746,High
P00298,750.6691139951737,25.022303799839122,19.27318559458208,28.934816701707767,444.82301165833246,1056.515216332015,Seasonal,Continuous,HoltWinters7,0.12799044071101862,3.591219068633085,4.52855729984402,-0.03370408097350285,27.027397260273972,6.192992638903012,0.0,-0.07418744176976388,611.6922046736825,High
P00299,5490.048791804942,183.00162639349807,138.3324550680651,207.89810764012992,3985.878506989315,6994.219076620569,Seasonal,Continuous,HoltWinters7,0.0661044397645129,10.880790272892815,13.342386261263128,-0.037779073354824465,176.67397260273972,33.748371001269135,0.0,0.035815427125682975,3008.3405696312534,High
P00300,547.091167430629,18.236372247687633,15.402380182770731,20.073261694567186,361.218784702501,732.9635501587568,Trending,Continuous,HoltWinters7,0.1470069777154301,3.057351451899811,3.745867332431219,-0.05844191138120003,17.491780821917807,3.4721013677597785,0.0,0.04256807430589493,371.7447654562558,High
P00301,133.0,4.433333333333334,3.0,5.0,74.959741198595,191.040258801405,Seasonal,Continuous,SeasonalNaive7,0.15328219840812513,0.7666666666666666,1.1518085049896438,-0.13183322168354308,4.961643835616439,1.197233910399398,0.0,-0.10647892508742873,116.08051760281,Medium
P00302,8756.393347671308,291.8797782557103,247.04935818524785,315.079252229376,6894.669296167289,10618.117399175328,Trending,Continuous,HoltWinters7,0.07974666606235327,21.083652626817415,25.068104863511078,-0.04761425896143196,246.94246575342467,41.446373760436174,0.0,0.18197482707229518,3723.4481030080387,High
P00303,8163.225858223877,272.1075286074626,209.95300212041042,303.1194790688326,5842.865879409563,10483.585837038192,Seasonal,Continuous,HoltWinters7,0.07198658693815123,17.796693714534722,22.21924356391317,-0.05364925773892574,273.758904109589,53.25680681423179,0.0,-0.006032225718822115,4640.719957628629,High
P00304,7357.046987714357,245.23489959047856,215.79183015960433,266.9474978160078,5989.151227439766,8724.942747988947,Stable,Continuous,HoltWinters7,0.04273416189665888,10.255198807180667,12.978839194700951,-0.013147548041405594,255.6260273972603,28.66817168696058,0.0,-0.04064972535301814,2735.791520549181,High
P00305,0.0,0.0,0.0,0.0,0.0,9372.381279158577,Intermittent,Intermittent,Naive,1.0,107.68888888888888,190.4651219930524,-1.0,116.7041095890411,161.76868821836075,0.6520547945205479,-1.0,9372.381279158577,Very Low
P00306,860.0566114612927,28.668553715376426,24.946352642306035,30.804804792483083,666.692136135076,1053.4210867875097,Stable,Continuous,HoltWinters7,0.07225016559697439,2.156953707949183,2.8612662168758667,-0.047247702766466594,29.226027397260275,3.6906632426592543,0.0,-0.01907456235177918,386.7289506524337,High
P00307,1556.260055781675,51.875335192722495,45.555136420182414,55.425832870619175,1279.5215233783265,1832.9985881850237,Stable,Continuous,HoltWinters7,0.045265604685425585,2.2114160542157526,2.6369790952777774,-0.018015763183055776,52.102739726027394,5.877031449332594,0.0,-0.004364540799594474,553.4770648066972,High
P00308,90.0,3.0,3.0,3.0,57.8266658157693,122.1733341842307,Stable,Continuous,Naive,0.05488168198842356,0.17777777777777778,0.3925034462800598,-0.04739104528430371,3.4397260273972603,0.6239921313446842,0.0,-0.1278375149342892,64.3466683684614,High
P00309,7460.237926662658,248.6745975554219,214.68294664383836,270.88883526244615,6094.709932649423,8825.76592067589,Trending,Continuous,HoltWinters7,0.0756592114000842,16.29596968135159,20.27260937578545,-0.04617645477601635,191.68493150684932,33.569401408137324,0.0,0.2973090560670191,2731.055988026468,High
P00310,165.0,5.5,5.5,5.5,84.49736033155006,245.50263966844997,Volatile,Continuous,RollingMean28,0.1955431508063087,1.0809523809523809,1.3744894039463667,-0.03939773676615786,5.882191780821918,1.47306334842212,0.0,-0.06497438285980439,161.00527933689992,Medium
P00311,275.51421096531504,9.183807032177167,8.068703250015979,9.964180017999023,202.90034230612318,348.1280796245069,Stable,Continuous,HoltWinters7,0.06755344168413763,0.6119293433977786,0.7809157331212262,0.01455330709758784,9.475342465753425,1.3818618106114247,0.0,-0.03076779911965699,145.2277373183837,High
P00312,374.0,12.466666666666667,10.0,14.0,251.04543095609628,496.95456904390375,Stable,Continuous,SeasonalNaive7,0.1432448579832515,2.066666666666667,3.041219610816715,-0.0806636416068988,13.053424657534247,2.2470576519136185,0.0,-0.04495050197642292,245.90913808780746,High
P00313,951.3098493791553,31.71032831263851,26.0100894418432,35.059280671481325,598.8282242228082,1303.7914745355024,Trending,Continuous,HoltWinters7,0.1463521253997581,5.607596288165546,6.791137713331686,-0.05308499919123797,32.510958904109586,6.547328204987376,0.0,-0.024626483452318992,704.9632503126942,High
P00314,5874.87698063781,195.829232687927,195.829232687927,195.829232687927,3515.6097488756186,8234.144212400002,Volatile,Continuous,SES,0.17843372057629603,37.10324256538168,48.20208439887407,-0.06371128897998651,187.86164383561643,43.14039075120351,0.0,0.0424120043327334,4718.534463524384,Medium
P00315,8140.714285714285,271.35714285714283,271.35714285714283,271.35714285714283,4917.464933787902,11363.963637640667,Volatile,Continuous,RollingMean28,0.2005984357240614,53.27142857142857,67.00461799437377,-0.07802870713922604,243.3123287671233,58.383256580036644,0.0,0.11526261012799521,6446.498703852765,Medium
P00316,17143.557305004735,571.4519101668245,485.6671803195531,626.2288541393016,13900.654292113722,20386.460317895755,Trending,Continuous,HoltWinters7,0.077004633762192,38.850979345968064,46.88427114962118,-0.045038192892880774,455.37397260273974,78.47898118366558,0.0,0.2549068338285314,6485.8060257820325,High
P00317,152.4158632175632,5.080528773918774,3.661828156120943,5.92205463736454,94.97317004622461,209.8585563889018,Seasonal,Continuous,HoltWinters7,0.08762524865792438,0.41379488703182715,0.5202269252451497,-0.05069173223934633,5.3493150684931505,1.2012365928071078,0.0,-0.05024686172581183,114.8853863426772,High
P00318,635.8542292079985,21.19514097359995,21.19514097359995,21.19514097359995,318.73271129722343,952.9757471187737,Volatile,Continuous,SES,0.2091369164241729,4.626817914656567,6.193190009038141,-0.08864462257360622,22.35753424657534,5.659482684367491,0.0,-0.05199112121022209,634.2430358215503,Medium
P00319,247.03711408112622,8.234570469370874,5.705761637393545,9.848256040707009,134.21999508016629,359.8542330820861,Seasonal,Continuous,HoltWinters7,0.15122135079760843,1.4663482789812725,1.8685728839267834,-0.05609390016469418,9.808219178082192,2.306176678175869,0.0,-0.16044183762000863,225.63423800191984,Medium
P00320,585.936305130095,19.531210171003167,14.369701648021088,22.66808410194535,377.6643528762587,794.2082573839313,Seasonal,Continuous,HoltWinters7,0.07426681339731256,1.3101229607486027,1.6644191876860717,-0.03694653971266234,20.136986301369863,4.493601817860604,0.0,-0.030082760215488946,416.54390450767255,High
P00321,3705.4413478851407,123.51471159617135,92.73686251412843,143.669230075952,2663.9801658101046,4746.902529960176,Seasonal,Continuous,HoltWinters7,0.06049227223052498,6.584925395366953,8.034163628494971,-0.03602361930362599,120.42054794520548,23.835970436879514,0.0,0.025694648494489547,2082.9223641500716,High
P00322,0.0,0.0,0.0,0.0,0.0,14393.498009727387,Intermittent,Intermittent,Naive,1.1080091533180778,214.72222222222226,317.0565290499414,-0.2662090007627765,177.75205479452055,246.70892231192155,0.6534246575342466,-1.0,14393.498009727387,Very Low
P00323,4606.168256652362,153.53894188841207,133.606677489374,164.33885255224294,3823.106524530157,5389.229988774567,Stable,Continuous,HoltWinters7,0.04799086144070428,6.977851138723487,8.363656530899263,-0.01503449729483003,155.51232876712328,16.74313277900153,0.0,-0.012689584770261608,1566.1234642444097,High
P00324,294.7439081467211,9.824796938224036,8.658727557828238,10.505086986804697,220.12383305592158,369.36398323752064,Stable,Continuous,HoltWinters7,0.07208769955725684,0.6777016169553605,0.8199257911397407,-0.030337192689749576,9.926027397260274,1.4487142397636266,0.0,-0.010198486764622317,149.24015018159906,High
P00325,8280.0,276.0,276.0,276.0,4580.313233480127,11979.686766519873,Volatile,Continuous,Naive,0.1807404864158936,54.26666666666667,69.46958421188857,-0.012935470014911491,274.7780821917808,66.32124555697952,0.0,0.004446926037450005,7399.373533039747,Medium
P00326,0.0,0.0,0.0,0.0,0.0,1189.640392599658,Intermittent,Intermittent,Naive,1.0,13.299999999999999,23.40929935812675,-1.0,15.043835616438356,20.623165330056114,0.647945205479452,-1.0,1189.640392599658,Very Low
P00327,7006.4945250909705,233.54981750303236,176.43292396920143,269.1999798990408,5018.913621699398,8994.075428482543,Seasonal,Continuous,HoltWinters7,0.07488495574247046,15.40420800648667,18.71429279371818,-0.06810383253248456,225.02328767123288,44.65245465366396,0.0,0.0378917663146805,3975.161806783145,High
P00328,7163.026269123168,238.7675423041056,178.62112859422206,274.3373578217592,5123.23424609008,9202.818292156257,Seasonal,Continuous,HoltWinters7,0.0628017887413058,13.212381130653513,16.73460523144887,-0.04016131719021167,233.75890410958905,45.32836403294301,0.0,0.02142651298608267,4079.5840460661766,High
P00329,840.0,28.0,28.0,28.0,476.9668372484734,1203.0331627515266,Volatile,Continuous,Naive,0.1725326019891031,4.433333333333334,5.564544036122807,-0.03383592711105663,26.19041095890411,6.3807551957364845,0.0,0.06909357183953135,726.0663255030531,Medium
P00330,834.975540270976,27.832518009032533,20.246376168422124,32.460946101451,496.32669267666154,1173.6243878652906,Seasonal,Continuous,HoltWinters7,0.14280760700977346,4.362676067433399,5.192175962905918,-0.05399832235649851,30.028767123287672,6.895695153257159,0.0,-0.07313817131546241,677.2976951886291,High
P00331,897.0,29.9,22.0,37.0,578.0548192027045,1215.9451807972955,Seasonal,Continuous,SeasonalNaive7,0.0921595452968742,2.4555555555555557,3.123622585257026,-0.06647101411540547,30.213698630136985,6.850817040346349,0.0,-0.010382662314109559,637.890361594591,High
P00332,0.0,0.0,0.0,0.0,0.0,1773.9630355233435,Intermittent,Intermittent,Naive,1.2487708947885938,28.322222222222223,40.48982636848991,-0.11504424778761065,23.186301369863013,30.710709628561936,0.6315068493150685,-1.0,1773.9630355233435,Very Low
P00333,983.7840938274283,32.79280312758094,27.92363138316385,35.801863810528644,680.7510230587837,1286.8171645960726,Trending,Continuous,HoltWinters7,0.13556033863655134,4.551240127572707,5.785978501970895,-0.03878119463280675,28.46849315068493,5.619847171018497,0.0,0.1518980985051528,606.0661415372889,High
P00334,756.2784656773332,25.20928218924444,21.097908198420114,27.57540055472729,507.88994804134273,1004.6669833133237,Trending,Continuous,HoltWinters7,0.13381194357306897,3.740472729113367,4.689505544745374,-0.04210419575097966,23.484931506849314,4.667891409917437,0.0,0.07342370497832729,496.777035271981,High
P00335,530.8071989452001,17.693573298173337,12.450412878310544,21.010069119186166,300.29794333645003,761.31645455395,Seasonal,Continuous,HoltWinters7,0.1448805507680008,2.8337623990498284,3.4658338941011375,-0.06861641986651097,19.92876712328767,4.7808339192578835,0.0,-0.11215916224453282,461.0185112175,High
P00336,150.0,5.0,4.0,6.0,83.19152751534692,216.80847248465307,Seasonal,Continuous,SeasonalNaive7,0.1351292077098529,0.7999999999999999,1.2733443953580748,-0.1125460560944432,5.542465753424658,1.3634376999523492,0.0,-0.09787444389520517,133.61694496930613,High
P00337,7559.4007814833585,251.98002604944529,214.7561309557708,275.55538077564756,5722.501062566649,9396.300500400068,Trending,Continuous,HoltWinters7,0.1038888158495036,26.159440215169212,34.47158000978846,-0.06015550220146762,216.32602739726028,41.05111413653837,0.0,0.16481603753907126,3673.799437833419,High
P00338,22960.42949780514,765.347649926838,641.5442019185255,836.9230801238874,18431.974506328555,27488.88448928173,Trending,Continuous,HoltWinters7,0.07668556574470754,51.69778896858202,67.96032561576345,-0.041069364000145624,612.3739726027397,105.89368134893071,0.0,0.24980434206555602,9056.909982953173,High
P00339,9054.473716074051,301.81579053580174,227.792700082819,344.1619754049895,6559.954708650734,11548.992723497367,Seasonal,Continuous,HoltWinters7,0.05552853102514973,14.218476146566744,19.050023780769262,-0.026390773728540082,284.672602739726,56.48283850288204,0.0,0.06022071541513818,4989.038014846634,High
P00340,418.9469158464874,13.964897194882914,10.378778294642402,16.17522642143485,258.3146407874507,579.5791909055242,Seasonal,Continuous,HoltWinters7,0.13657309415939942,1.9062777678603338,2.3091696037430087,-0.01789556326461428,14.291780821917808,3.3273301261043557,0.0,-0.022872141065414797,321.26455011807354,High
P00341,1350.4381560621907,45.01460520207302,38.16293107164279,49.08934810188047,1058.3269587406878,1642.5493533836934,Trending,Continuous,HoltWinters7,0.08081028842969283,3.2415726756137815,3.9835691754219567,-0.049649108559287204,37.83150684931507,6.252821074430478,0.0,0.1898707968828368,584.2223946430056,High
P00342,5161.895592343851,172.0631864114617,145.39550631188257,188.07297513970042,4041.736897274265,6282.054287413436,Trending,Continuous,HoltWinters7,0.07541821814592076,11.713034108819066,15.229032709780588,-0.047647720914334495,146.9013698630137,23.910983139950158,0.0,0.1712837434525729,2240.317390139171,High
P00343,675.6628619057632,22.522095396858774,22.522095396858774,22.522095396858774,288.07234147012184,1063.2533823414046,Volatile,Continuous,SES,0.23669627877740265,6.32128567788034,8.564602213848435,-0.07800603642917377,24.93972602739726,6.899568379296175,0.0,-0.09693894102455758,775.1810408712828,Medium
P00344,662.1454081569232,22.071513605230773,16.42945795225492,25.428927352485385,434.9314598603135,889.3593564535329,Seasonal,Continuous,HoltWinters7,0.07409533791541144,1.50783848907994,1.827881282453441,-0.046610072011159166,22.431506849315067,4.86823292661715,0.0,-0.01604855378207848,454.4278965932194,High
P00345,449.66372697650473,14.988790899216825,13.07332759348513,16.070019465831667,335.330814809147,563.9966391438625,Stable,Continuous,HoltWinters7,0.06155163427258961,0.889070591016969,1.1723179871092515,-0.02009717281397776,15.112328767123287,2.2206133191447552,0.0,-0.008174641367994728,228.66582433471547,High
P00346,1569.8512226430669,52.32837408810223,44.30812980011109,56.93863641064668,1244.134815982259,1895.5676293038748,Trending,Continuous,HoltWinters7,0.07396443211858257,3.5272132906099203,4.4433831137882,-0.027429365202856975,43.90958904109589,7.28397463785965,0.0,0.19172998952750442,651.4328133216159,High
P00347,4180.659959502038,139.35533198340127,121.95192261835138,149.48084837216652,3426.5094314681132,4934.810487535963,Stable,Continuous,HoltWinters7,0.05167551974903164,6.809871276303476,8.037087186003331,-0.02925163909436951,141.94383561643835,15.838203594056859,0.0,-0.01823611164088701,1508.30105606785,High
P00348,419.5684217984686,13.985614059948952,10.305171642255722,16.26177526818939,250.603163683579,588.5336799133581,Seasonal,Continuous,HoltWinters7,0.13936789613675588,2.0985171392530417,2.52131909142148,-0.019052942631120454,15.034246575342467,3.5160115504741754,0.0,-0.06974958872321324,337.93051622977913,High
P00349,840.0,28.0,28.0,28.0,449.7605608664257,1230.2394391335743,Volatile,Continuous,RollingMean28,0.1758474329775245,4.837301587301588,6.2721460084523315,-0.02509955592361665,28.86027397260274,6.972781488091101,0.0,-0.02980823998481108,780.4788782671485,Medium
P00350,8770.492374478075,292.3497458159358,250.08277206832304,320.49917346962434,6962.58466625125,10578.4000827049,Trending,Continuous,HoltWinters7,0.07289963103850622,19.38854837469783,25.029775843851997,-0.039213520502885464,247.3123287671233,41.94150981543477,0.0,0.18210744799229617,3615.81541645365,High
P00351,3354.9860328399727,111.83286776133242,83.85137957672644,128.26014918688205,2403.2595495422584,4306.712516137688,Seasonal,Continuous,HoltWinters7,0.06333760727840756,6.1991813152668,7.453075266423937,-0.02631649589742797,110.76712328767124,21.655755750960832,0.0,0.00962148733332513,1903.4529665954296,High
P00352,4827.412992276831,160.9137664092277,160.9137664092277,160.9137664092277,2745.8832540794365,6908.942730474225,Volatile,Continuous,SES,0.1567772091107507,25.93857133919703,31.369826609524065,-0.03899697323635264,157.67260273972602,36.65481948626078,0.0,0.02055628950865951,4163.059476394788,Medium
P00353,929.0,30.966666666666665,0.0,71.0,110.3352222338281,2683.281666641797,Intermittent,Intermittent,SeasonalNaive7,1.083524570827831,22.28888888888889,36.18097000430856,-0.08656419870417813,22.675342465753424,30.469622286068304,0.6383561643835617,0.36565375863388305,2572.946444407969,Very Low
P00354,819.0,27.3,21.0,30.0,486.7839593813642,1151.2160406186358,Seasonal,Continuous,SeasonalNaive7,0.15854770240735153,4.7444444444444445,6.62362657188682,-0.12046838362627836,29.552054794520547,6.830951297941856,0.0,-0.0762063690724516,664.4320812372716,Medium
P00355,358.81074685220017,11.960358228406673,10.491161937138598,13.001412088786187,240.31516807359534,477.30632563080496,Stable,Continuous,HoltWinters7,0.1396491611820676,1.9550196579172099,2.326626809075948,-0.027357881212478768,12.372602739726027,2.152183965827132,0.0,-0.03331914230105504,236.99115755720962,High
P00356,4644.0,154.8,128.0,172.0,3784.102104560504,5503.897895439497,Stable,Continuous,SeasonalNaive7,0.06245792841503944,9.233333333333334,11.585061373046704,-0.044740049905006886,156.40684931506848,17.746661261892083,0.0,-0.01027352268845727,1719.795790878993,High
P00357,298.5920962833437,9.953069876111458,9.953069876111456,9.953069876111456,126.49098516413359,470.6932074025538,Volatile,Continuous,SES,0.23240936193381803,2.67778637672425,3.690967552562577,-0.12730164769887628,11.398630136986302,3.1337357744656713,0.0,-0.12681877063317337,344.20222223842023,Medium
P00358,9285.96151032947,309.5320503443156,265.16309193448984,336.37814698496254,7384.188526775301,11187.734493883636,Trending,Continuous,HoltWinters7,0.0766261643824443,21.398667364159184,27.67585537281539,-0.04010149124700701,258.9958904109589,42.46026121933027,0.0,0.1951234046732131,3803.5459671083345,High
P00359,8210.857012058139,273.6952337352713,234.0563439426944,296.3391940214208,6293.191940345323,10128.522083770953,Trending,Continuous,HoltWinters7,0.1143974308664774,30.99990323136892,38.365654780001044,-0.061219975286879995,223.4,44.07020213306699,0.0,0.22513533453568169,3835.33014342563,High
P00360,9649.332340864199,321.64441136214,273.6491673440079,348.5503970642544,7656.028148449033,11642.636533279365,Trending,Continuous,HoltWinters7,0.06797672311616328,19.85350760042341,25.081379428701783,-0.03513915806110221,270.3684931506849,44.197335812526,0.0,0.18965197317898053,3986.6083848303315,High
P00361,293.5714285714286,9.785714285714286,9.785714285714286,9.785714285714286,157.78400887118417,429.358848271673,Volatile,Continuous,RollingMean28,0.16928251641856717,1.5722222222222222,1.9678253830107177,-0.03764323243501056,9.926027397260274,2.437702678275359,0.0,-0.014135877922794804,271.5748394004888,Medium
P00362,3640.8854217462704,121.36284739154235,92.28370545061563,138.9894968049646,2650.323524195412,4631.447319297128,Seasonal,Continuous,HoltWinters7,0.08803325731306133,9.04351379302228,10.595079727826883,-0.07693589092567144,114.15342465753425,22.38418804426547,0.0,0.06315555363876912,1981.123795101716,High
P00363,1709.0050149470685,56.96683383156895,49.99252038535582,61.26566715157268,1415.2955294062094,2002.7145004879276,Stable,Continuous,HoltWinters7,0.04251511563025708,2.199779990840825,2.9045912909849627,-0.01544418766754592,55.558904109589044,6.414357943195864,0.0,0.025341207580386937,587.4189710817182,High
P00364,6107.608367724474,203.58694559081582,175.81960206304456,221.12840534027012,4996.563523686256,7218.653211762691,Stable,Continuous,HoltWinters7,0.0426251748017896,8.219573730610806,10.142272164785064,0.007823404247287268,206.25479452054793,23.56098843180494,0.0,-0.012934724431176048,2222.089688076435,High
P00365,1085.651100883337,36.18837002944456,31.435009006328535,39.10836648890246,862.9311510757859,1308.3710506908878,Trending,Continuous,HoltWinters7,0.09432699331461043,2.9010456922242813,4.027260118137819,-0.041626460356641186,25.95068493150685,5.076131599267155,0.0,0.394505390703892,445.4398996151019,High
P00366,562.2903073725349,18.743010245751165,16.344570935150504,20.35731245901012,416.50138585414095,708.0792288909288,Stable,Continuous,HoltWinters7,0.07573617727108038,1.3814158208333247,1.6425719362134996,-0.05325190549301203,19.1,2.844314233130742,0.0,-0.01869056304967731,291.57784303678784,High
P00367,6523.994504050508,217.46648346835028,188.69579158210243,234.90200511226024,5022.122281318946,8025.866726782071,Stable,Continuous,HoltWinters7,0.08234675788074623,19.101895044597764,23.49183694538884,-0.04156844518618685,227.03150684931506,28.489794946746017,0.0,-0.042130819258109686,3003.744445463125,High
P00368,7176.661325728677,239.2220441909559,208.00245418162052,258.5480195467056,5600.645914461931,8752.676736995423,Stable,Continuous,HoltWinters7,0.0844620801127977,19.77143154349425,24.207152370629178,-0.03955912820443316,231.35342465753425,29.58521709503176,0.0,0.03401125159512697,3152.030822533492,High
P00369,439.4918571622665,14.649728572075551,14.649728572075551,14.649728572075551,298.68289870813913,580.3008156163938,Stable,Continuous,SES,0.1402041068012033,2.306493027687953,2.8270518204350936,-0.04511554188409389,14.916438356164383,2.5385647575807013,0.0,-0.017880259195963588,281.6179169082547,High
P00370,444.4418836369504,14.814729454565015,13.015131413468392,16.043817972405627,299.3272038047317,589.5565634691691,Stable,Continuous,HoltWinters7,0.13553283332262608,2.285233388913481,2.7718729852394275,-0.003503740680996283,15.113698630136986,2.656762217121547,0.0,-0.019781337638678398,290.22935966443737,High
P00371,150.4439395450447,5.014797984834824,4.119336416966665,5.592637118138491,96.1308991490333,204.7569799410561,Trending,Continuous,HoltWinters7,0.1511727876091285,0.8908671217426779,1.1449690985510788,-0.07183718655354918,4.865753424657535,1.012164581855782,0.0,0.030631342604003686,108.6260807920228,Medium
P00372,731.882117821521,24.3960705940507,20.004545805961804,26.86821983274936,472.99956623227183,990.7646694107702,Trending,Continuous,HoltWinters7,0.13241733792149016,3.7663980583502554,4.7899176639051015,-0.023268649883350635,23.81917808219178,4.778514371420563,0.0,0.024219664921613315,517.7651031784984,High
P00373,738.3904835850059,24.613016119500195,21.302381858888076,26.84830262429723,503.7005067312722,973.0804604387396,Stable,Continuous,HoltWinters7,0.1326758933395624,3.7609484067772527,4.448403571689752,0.03267392177860135,25.513698630136986,4.29252117246351,0.0,-0.035301918537710475,469.3799537074674,High
P00374,6786.323535452593,226.21078451508643,191.46990299622706,250.08528136058402,5496.788520199336,8075.858550705851,Trending,Continuous,HoltWinters7,0.07107763162611695,14.224089869878787,18.339091096526996,-0.03463659294609619,181.83013698630137,31.11836196338689,0.0,0.24407751247599063,2579.0700305065147,High
P00375,341.81112216994836,11.393704072331612,11.393704072331612,11.393704072331612,134.316899742663,549.3053445972338,Volatile,Continuous,SES,0.21737947531094284,2.9081204737352544,4.163038824019748,-0.11747575320445346,13.367123287671232,3.7620607986239882,0.0,-0.1476323044884118,414.9884448545708,Medium
P00376,711.5182547862659,23.717275159542194,23.717275159542194,23.717275159542194,342.20573168248114,1080.8307778900505,Volatile,Continuous,SES,0.15725520690634798,3.761873627968985,4.7828940625241865,-0.00894181704478632,26.279452054794522,6.624246912791015,0.0,-0.09749734849531899,738.6250462075693,Medium
P00377,6664.989029079486,222.16630096931618,191.39673446889347,241.44649100053573,5090.592163044656,8239.385895114314,Stable,Continuous,HoltWinters7,0.08408572711589522,19.555826304369102,23.485622826970513,-0.01637259796753388,228.42876712328768,29.671424131655083,0.0,-0.027415400576896398,3148.7937320696574,High
P00378,240.0,8.0,6.0,9.0,139.60246810159452,340.3975318984055,Seasonal,Continuous,SeasonalNaive7,0.14385752620404138,1.2666666666666666,1.867176958285162,-0.07079045781252467,8.726027397260275,2.0731497541727206,0.0,-0.08320251177394045,200.79506379681095,High
P00379,6760.266204910572,225.3422068303524,193.68131609137362,244.7812709451315,5256.175040617609,8264.357369203535,Trending,Continuous,HoltWinters7,0.09958995752949606,22.033414363891296,28.736716510129412,-0.07394193988390692,184.9986301369863,34.478617031639395,0.0,0.21807500230403232,3008.1823285859264,High
P00380,210.0,7.0,5.0,8.0,132.7243528479671,287.2756471520329,Seasonal,Continuous,SeasonalNaive7,0.10046033235057623,0.6666666666666666,0.9493417452802492,-0.06840458322165639,7.495890410958904,1.69015858349342,0.0,-0.06615497076023391,154.55129430406578,High
P00381,138.0,4.6,3.0,6.0,80.40016772562878,195.59983227437124,Seasonal,Continuous,SeasonalNaive7,0.16120841691688767,0.7999999999999999,1.228133296633881,-0.12730463906735584,4.853424657534247,1.1672934461885018,0.0,-0.0522156364662717,115.19966454874246,Medium
P00382,21267.06242207073,708.9020807356909,594.056328496387,773.5462710769428,17059.61232267566,25474.5125214658,Trending,Continuous,HoltWinters7,0.07741431898985675,48.826312226394236,60.063763048916634,-0.050685803635019476,573.7260273972603,101.23092348853775,0.0,0.23561080878910823,8414.90019879014,High
P00383,7576.999138464784,252.56663794882613,219.47795963229862,273.43350280412636,6188.589775035887,8965.40850189368,Stable,Continuous,HoltWinters7,0.04605995641706531,10.878641562739395,14.047059481823062,-0.02852442870821616,254.01232876712328,29.268280115286124,0.0,-0.005691419882310367,2776.818726857793,High
P00384,7182.370868415866,239.41236228052887,239.41236228052887,239.41236228052887,4229.6863424119565,10135.055394419775,Volatile,Continuous,SES,0.19052906864704058,45.068314766366846,56.07374427720317,-0.024659866144999723,224.12876712328767,52.52611729871084,0.0,0.06819113562889534,5905.369052007818,Medium
P00385,1601.8747810145385,53.39582603381795,47.15604192931555,56.77205224680261,1330.0182984685428,1873.7312635605342,Stable,Continuous,HoltWinters7,0.0460017994709613,2.33394265015365,2.957990136177806,-0.030215422388000016,53.73972602739726,5.897913879318168,0.0,-0.006399362613125126,543.7129650919915,High
P00386,7154.982408865348,238.49941362884493,238.49941362884493,238.49941362884493,4049.9158651168946,10260.0489526138,Volatile,Continuous,SES,0.18189321930717497,46.204520734812114,58.445362848962226,-0.049901230012485476,239.9917808219178,55.21192430355683,0.0,-0.006218409597036456,6210.133087496906,Medium
P00387,431.55691552492203,14.385230517497401,10.705491477794071,16.542980777278938,281.1917942891381,581.922036760706,Seasonal,Continuous,HoltWinters7,0.06832295409205828,0.8826809887269316,1.1040432534250295,-0.029759134542758397,14.51095890410959,3.234419725163741,0.0,-0.008664374797214935,300.73024247156786,High
P00388,340.155910352716,11.338530345090533,11.338530345090533,11.338530345090533,169.5170197726231,510.79480093280887,Volatile,Continuous,SES,0.24434329119110532,2.8832705490387442,3.7384676326195296,-0.041249941401555995,11.597260273972603,3.070634961692289,0.0,-0.02230957336214401,341.2777811601858,Medium
P00389,2831.785714285714,94.39285714285714,94.39285714285714,94.39285714285714,0.0,11327.305027544446,Intermittent,Intermittent,RollingMean28,1.422509601399854,135.92142857142858,146.9780520161546,0.06618963205954458,110.31780821917808,147.33873455498713,0.6356164383561644,-0.14435521638248505,11327.305027544446,Very Low
P00390,1187.3781681022656,39.57927227007552,39.57927227007552,39.57927227007552,719.3109785705079,1655.4453576340234,Volatile,Continuous,SES,0.182928499053147,6.8848584025665005,9.016101834282724,-0.04194841793116023,36.368493150684934,8.294136238513671,0.0,0.0882846343423529,936.1343790635154,Medium
P00391,5986.026330548041,199.53421101826805,174.0694578539486,213.94558442008795,4646.644285023135,7325.408376072946,Stable,Continuous,HoltWinters7,0.09018835349980929,18.48183260711211,23.286835712495,-0.053383798816532387,199.3904109589041,25.321898352652138,0.0,0.0007211984702393259,2678.764091049811,High
P00392,549.1251303889132,18.304171012963774,13.480179054311625,21.168957252324383,357.7463994770206,740.503861300806,Seasonal,Continuous,HoltWinters7,0.07406755574840292,1.253493086566366,1.6054322200064626,-0.040737427513863916,18.934246575342467,4.152914562447139,0.0,-0.033277033753179364,382.7574618237854,High
P00393,210.33236326865676,7.011078775621892,6.02353265578571,7.591393750369853,150.24917867130395,270.41554786600955,Stable,Continuous,HoltWinters7,0.07454369161380717,0.5104494674935842,0.6612355898522361,0.022109895783551953,7.342465753424658,1.156115463618527,0.0,-0.0451329279470184,120.1663691947056,High
P00394,5691.173100980137,189.70577003267124,159.31058569413756,208.15616521594535,4592.01703152383,6790.329170436443,Trending,Continuous,HoltWinters7,0.08265474515355486,13.866747971250922,17.782465513742984,-0.060221104605969765,150.5972602739726,26.4177579455645,0.0,0.2596893840402599,2198.3121389126127,High
P00395,219.88306808585662,7.329435602861888,6.453195238942511,7.8957235173172995,163.26391495880333,276.50222121290994,Stable,Continuous,HoltWinters7,0.062177863584481796,0.4257369661346965,0.5422391783604276,-0.01701868895295124,7.245205479452054,1.0906185677525335,0.0,0.011625636242990733,113.23830625410662,High
P00396,934.8345168636463,31.16115056212154,31.16115056212154,31.16115056212154,579.6479114555088,1290.0211222717835,Volatile,Continuous,SES,0.19954218356608747,6.138648869295788,7.552243457858147,-0.08549763106371083,27.71232876712329,6.408540794759861,0.0,0.12445081118876544,710.3732108162746,Medium
P00397,4621.379846562635,154.04599488542118,134.4932532060716,165.9881588750255,3582.06555076289,5660.69414236238,Stable,Continuous,HoltWinters7,0.1045170018387404,16.35240529998552,19.376444615371874,-0.04381980759112594,156.15753424657535,19.741778986026542,0.0,-0.01352185388519278,2078.6285915994904,High
P00398,822.9423238261254,27.43141079420418,20.708962324990097,31.657542316077304,539.4434721445435,1106.4411755077072,Seasonal,Continuous,HoltWinters7,0.08830904713731391,2.020214940784465,2.451667820806414,-0.06907712328730192,26.45068493150685,5.8844293220795025,0.0,0.037077522386920636,566.9977033631636,High
P00399,1800.7264224410483,60.02421408136828,50.82168847140578,65.73170155398174,1453.9365096393708,2147.5163352427257,Trending,Continuous,HoltWinters7,0.07808736709261432,4.110797623309889,5.339115208382142,-0.05341655437883197,48.034246575342465,8.42396345364433,0.0,0.2496128983145256,693.579825603355,High
P00400,1980.0,66.0,66.0,66.0,408.43918105950524,3551.5608189404948,Intermittent,Intermittent,Naive,1.0,24.444444444444446,36.836715096729726,-1.0,21.027397260273972,27.311982327835285,0.6219178082191781,2.1387622149837133,3143.1216378809895,Very Low
P00401,677.565999641909,22.585533321396966,18.980297174863747,24.58554000486314,450.4624062811881,904.6695930026299,Trending,Continuous,HoltWinters7,0.13555243386615073,3.529960000154413,4.628039704316236,-0.044636355712604,21.117808219178084,4.265835260615938,0.0,0.0695017724844178,454.20718672144176,High
P00402,6040.632300875897,201.35441002919657,172.50457979292145,218.56373914146906,4566.313060445088,7514.951541306706,Stable,Continuous,HoltWinters7,0.08646984512478696,18.769195585957522,22.922693828012168,-0.022680170025676443,214.33287671232875,27.780842076880145,0.0,-0.0605528506975227,2948.6384808616176,High
P00403,3639.6235077796614,121.32078359265537,92.77284098046283,138.78611118942283,2653.1013275738164,4626.145687985507,Seasonal,Continuous,HoltWinters7,0.0760060656916096,8.045640710476233,9.829050573958021,-0.0583354506244266,115.06438356164384,22.342144750698925,0.0,0.05437303740179322,1973.0443604116904,High
P00404,4540.233670797078,151.3411223599026,129.7606696718156,164.64869721281516,3571.9525087036773,5508.51483289048,Trending,Continuous,HoltWinters7,0.08463225792410116,12.151262467688404,16.224448744454133,-0.03763412027193078,122.3890410958904,22.350233527249525,0.0,0.23655779148828038,1936.5623241868025,High
P00405,586.6505436518539,19.555018121728462,14.71045175372116,22.44376635563496,392.03293510037884,781.268152203329,Seasonal,Continuous,HoltWinters7,0.09936634641541624,1.7059542600024755,2.069342219008383,-0.05782611428114711,19.026027397260275,4.1851041420294965,0.0,0.0278035300498074,389.2352171029502,High
P00406,2259.186608284349,75.30622027614497,65.58228888332353,81.11163741383044,1738.4122442070695,2779.9609723616286,Stable,Continuous,HoltWinters7,0.07733183408771789,6.214691515516563,7.555803732021819,-0.006805223867192424,78.62876712328767,9.870936394750283,0.0,-0.04225612290134273,1041.548728154559,High
P00407,82.0,2.7333333333333334,2.0,3.0,55.05101937047982,108.94898062952018,Stable,Continuous,SeasonalNaive7,0.09590626494500239,0.25555555555555554,0.5046047801948207,-0.06320102024549658,2.836986301369863,0.49910945365287396,0.0,-0.03653629486560428,53.89796125904036,High
P00408,631.0994063412757,21.03664687804252,16.096646983301746,24.183367129970204,370.9873672883164,891.211445394235,Seasonal,Continuous,HoltWinters7,0.15289311220088028,3.3566838552247504,3.90989052839451,-0.0522265668729256,22.423287671232877,5.440311370192785,0.0,-0.06183931694232758,520.2240781059186,Medium
P00409,8256.901401349067,275.23004671163557,237.60426132516216,297.2463362222101,6533.508474622761,9980.294328075373,Trending,Continuous,HoltWinters7,0.0904709811598477,22.364911867121677,30.396797228086694,-0.049808196420480545,209.96301369863014,40.07948209846304,0.0,0.31085014385765253,3446.785853452612,High
P00410,462.32216404625575,15.410738801541859,15.410738801541859,15.410738801541859,211.64297187721246,713.0013562152991,Volatile,Continuous,SES,0.22377629522724915,3.925087837994306,5.162205787897392,-0.09470886251748596,17.693150684931506,4.555294445004874,0.0,-0.12899974255763724,501.35838433808664,Medium
P00411,666.0350359759478,22.201167865864928,19.090425424693912,24.0094979057464,485.14765745585953,846.922414496036,Stable,Continuous,HoltWinters7,0.05331285814908702,1.179002921729165,1.4801525865619567,-0.01707186715591618,23.135616438356163,3.485729081935545,0.0,-0.04039004428436266,361.7747570401765,High
P00412,6550.980238488633,218.36600794962112,218.36600794962112,218.36600794962112,3818.361450100111,9283.599026877157,Volatile,Continuous,SES,0.16635706227648703,37.03464672569106,46.86951931915928,-0.05783328307633412,203.6109589041096,48.9334184456819,0.0,0.07246687076632452,5465.237576777045,Medium
P00413,3166.6480870480223,105.55493623493408,91.92989451759036,113.66372876631178,2517.274455787044,3816.021718309001,Trending,Continuous,HoltWinters7,0.11507856705356721,10.629746088712777,13.541623866960629,-0.06165627198162341,78.4972602739726,15.15319550614295,0.0,0.3446958004206042,1298.7472625219566,High
P00414,5524.687391876741,184.15624639589134,155.66227228173813,203.0694599213713,4410.2897940381545,6639.084989715327,Trending,Continuous,HoltWinters7,0.08303595146816554,13.408173076306596,16.8518807423405,-0.05317186702338694,145.9917808219178,24.73386327909768,0.0,0.2614151656970807,2228.795195677172,High
P00415,1756.4268114888634,58.54756038296212,43.49884855012063,67.11377458191576,1245.163332694996,2267.690290282731,Seasonal,Continuous,HoltWinters7,0.06454580415431736,3.3682552974483713,4.185947404645271,-0.021188872432176434,58.21917808219178,11.42392572124692,0.0,0.005640448930878783,1022.5269575877351,High
P00416,150.0,5.0,5.0,5.0,68.03723702557805,231.96276297442196,Volatile,Continuous,Naive,0.17174279576518517,0.9555555555555556,1.3235995263298912,-0.04324680548779966,5.904109589041096,1.4634493665072328,0.0,-0.15313225058004643,163.92552594884393,Medium
P00417,620.303180796377,20.676772693212566,18.077968396213198,22.38581828857861,451.34757434453536,789.2587872482186,Stable,Continuous,HoltWinters7,0.06052692600159287,1.2214172887558035,1.5226787787365268,-0.0253532615801688,21.2,3.270351495268714,0.0,-0.024680533339029864,337.91121290368324,High
P00418,821.2721009456355,27.37573669818785,20.63093597123908,31.35755979278429,547.7910317296235,1094.7531701616476,Seasonal,Continuous,HoltWinters7,0.06801883151387701,1.5902120605615462,2.039186844831514,-0.011729372053710954,26.626027397260273,5.877219451119263,0.0,0.02815700929552567,546.9621384320242,High
P00419,22037.41907153059,734.5806357176863,626.9252169350798,798.5698296209423,17643.315283812786,26431.52285924839,Trending,Continuous,HoltWinters7,0.08542256321776993,56.714672547892384,72.57666165440465,-0.03826523445012721,600.3095890410959,101.85508434518103,0.0,0.2236696683307493,8788.207575435605,High
P00420,15878.224859008416,529.2741619669472,449.18147706812715,579.7873531760268,12962.767263480215,18793.682454536618,Trending,Continuous,HoltWinters7,0.07497762400195884,34.75677149671831,43.101121125865085,-0.046795512232290996,411.627397260274,71.22915214504172,0.0,0.2858088783441317,5830.915191056403,High
P00421,1411.0714285714284,47.035714285714285,47.035714285714285,47.035714285714285,0.0,4872.305965942064,Intermittent,Intermittent,RollingMean28,1.2570142734801817,56.82698412698414,58.86222614544672,0.04017369626047428,45.80821917808219,59.91300449765004,0.6246575342465753,0.026796394395078638,4872.305965942064,Very Low
P00422,2350.15926998799,78.33864233293299,68.03599199393093,84.03606787983,1951.7578938270287,2748.5606461489506,Stable,Continuous,HoltWinters7,0.04296230556085612,3.2484983411887014,4.122404380437836,-0.026006240861522336,80.85068493150685,8.692642668789643,0.0,-0.03107014616761683,796.8027523219218,High
P00423,925.2787863786966,30.84262621262322,26.071471557698317,33.72662567606117,619.62011931824,1230.9374534391532,Trending,Continuous,HoltWinters7,0.14831791142679845,5.086162074668214,6.233831820401691,-0.04764745256655281,28.706849315068492,5.637332176220805,0.0,0.0743995578934411,611.3173341209132,High
P00424,5574.594338947571,185.81981129825235,139.03998839529584,212.62100604606184,3958.253543644596,7190.935134250544,Seasonal,Continuous,HoltWinters7,0.07773346368195826,12.879011989853588,16.176875373482627,-0.060732097137258634,187.7027397260274,36.711168178455104,0.0,-0.010031438169327722,3232.6815906059483,High
P00425,733.5225625616017,24.450752085386725,20.521915341368885,26.661826568521985,494.2054104683758,972.8397146548276,Trending,Continuous,HoltWinters7,0.15461390360884555,4.0620973134762925,4.960424940419265,-0.05043867461464863,22.26027397260274,4.448231094487602,0.0,0.09840301675891139,478.6343041864518,Medium
P00426,7156.936354238534,238.56454514128444,207.74407320222568,256.54610237525964,5891.902037096472,8421.970671380597,Stable,Continuous,HoltWinters7,0.049851413363414594,11.245496613784793,14.225911009126976,-0.019028025155137438,240.9095890410959,26.789686222438753,0.0,-0.009734124362361651,2530.0686342841254,High
P00427,644.535306934444,21.484510231148132,15.750836847330643,25.118399830921007,410.82759484952817,878.2430190193598,Seasonal,Continuous,HoltWinters7,0.0716625452596868,1.4166726142632033,1.739227761213388,-0.04731681129430602,22.565753424657533,4.997577442698627,0.0,-0.04791522681125859,467.4154241698317,High
P00428,6378.624692781923,212.62082309273077,187.01347817459094,228.56149244928173,4960.983926116766,7796.26545944708,Stable,Continuous,HoltWinters7,0.0827220712579807,18.197900106895386,21.97372193476174,-0.037129531938670905,217.15753424657535,26.88850330204209,0.0,-0.020891336649150216,2835.2815333303133,High
P00429,107.0,3.566666666666667,3.0,4.0,75.09308816350972,138.90691183649028,Stable,Continuous,SeasonalNaive7,0.08945661939919529,0.3111111111111111,0.5236119139177356,-0.06429938669479275,3.6054794520547944,0.6201664476248651,0.0,-0.0107649442755825,63.81382367298056,High
P00430,851.1734062345955,28.372446874486517,24.001053375417012,31.039250107209693,575.3497142097909,1126.9970982594002,Trending,Continuous,HoltWinters7,0.1287091744060068,4.074992911995266,5.16109722193461,-0.05560708879230366,26.59315068493151,5.17567457859534,0.0,0.06690806255473936,551.6473840496093,High
P00431,1013.4928125682383,33.78309375227461,28.607900306643728,37.35203772167705,687.0020111053224,1339.9836140311543,Trending,Continuous,HoltWinters7,0.15496866160453174,5.5973232061996745,7.113370964133497,-0.04917003210592016,30.175342465753424,6.099939976360734,0.0,0.11955958049575388,652.9816029258319,Medium
P00432,4900.573206589445,163.35244021964817,143.75546235930204,175.72276376494946,4109.283805681465,5691.862607497425,Stable,Continuous,HoltWinters7,0.040545984438031785,6.323302247946972,8.288215936406269,-0.010437798590783538,166.75342465753425,17.612799951673296,0.0,-0.02039528990106665,1582.57880181596,High
P00433,6709.467393857966,223.64891312859888,171.34432838772656,253.72293047358752,4927.161881175216,8491.772906540717,Seasonal,Continuous,HoltWinters7,0.06099583170283641,11.64858480455571,14.198089415407482,-0.0319725769064551,209.28630136986303,40.61484188524065,0.0,0.06862662135422526,3564.6110253655006,High
P00434,300.07475291935555,10.002491763978519,10.002491763978519,10.002491763978519,140.072296553353,460.07720928535815,Volatile,Continuous,SES,0.23041655351097823,2.4031216531163206,3.2075919210470567,-0.0714962030315437,10.646575342465754,2.844101165232049,0.0,-0.0604967849068041,320.00491273200515,Medium
P00435,903.2176037749847,30.107253459166156,26.574823669644736,32.425866159393536,625.4500504291312,1180.9851571208383,Stable,Continuous,HoltWinters7,0.14453488912277437,4.736355067200264,5.740031571866319,-0.004284275085604354,29.46164383561644,5.045394214634393,0.0,0.021913564197298285,555.535106691707,High
P00436,2146.8005769126908,71.56001923042302,60.495735578474516,78.44985870544782,1731.3077894174028,2562.2933644079785,Trending,Continuous,HoltWinters7,0.08235193278626535,5.214149830250949,6.317065244945204,-0.037059627589596265,57.18356164383562,9.815262235764557,0.0,0.25140892195785747,830.9855749905757,High
P00437,696.5471320950418,23.218237736501393,19.622025095743872,25.793948956985247,469.23405481980785,923.8602093702757,Trending,Continuous,HoltWinters7,0.1266512950919466,3.2515915996995077,4.454999736791305,-0.07058937623627325,21.195890410958903,4.220757977298125,0.0,0.09541223729373871,454.62615455046785,High
P00438,2051.5706641154866,68.38568880384955,68.38568880384955,68.38568880384955,1279.1988220243425,2823.9425062066302,Volatile,Continuous,SES,0.21163600322274137,14.109902599813188,17.88301150598977,-0.0785211179578506,58.38356164383562,13.91008766103296,0.0,0.171317522919056,1544.7436841822878,Medium
P00439,11127.742904253791,370.9247634751264,322.51721191706054,399.14651406079,9286.59436606571,12968.891442441873,Stable,Continuous,HoltWinters7,0.043406444926845165,15.11517626272331,18.732398534482623,-0.007305023068701478,369.41917808219176,38.9720756050294,0.0,0.004075547460071549,3682.2970763761623,High
P00440,206.15219506141514,6.871739835380505,6.871739835380505,6.871739835380505,137.3659048258558,274.9384852969745,Stable,Continuous,SES,0.1330739170712629,1.0404766401667416,1.351531499243822,-0.05145657043893495,7.064383561643836,1.2614218753467095,0.0,-0.027269714983950255,137.57258047111867,High
P00441,256.229202429831,8.5409734143277,8.5409734143277,8.5409734143277,123.97887968332904,388.47952517633297,Volatile,Continuous,SES,0.2425100949547566,2.0622608164600984,2.715487371007183,-0.11580826043664837,8.57123287671233,2.390767533031432,0.0,-0.0035303512131659165,264.50064549300396,Medium
P00442,3821.358931515733,127.37863105052443,110.28821176889988,137.88821333763275,2926.449111907599,4716.268751123866,Stable,Continuous,HoltWinters7,0.08396460038462654,11.393633978357398,13.49349466085985,-0.03763082026383467,133.83561643835617,17.182082812746874,0.0,-0.048245643123000725,1789.8196392162672,High
P00443,858.7028042378445,28.623426807928148,21.54189831217156,33.084428327594466,560.470858477838,1156.934749997851,Seasonal,Continuous,HoltWinters7,0.06369277710316057,1.6060503624865552,2.020591889341471,-0.003300106603373076,28.327397260273973,6.313131311901358,0.0,0.01045029110631801,596.463891520013,High
P00444,238.54733198350834,7.951577732783611,6.925038572647614,8.596983323261373,172.92525124355467,304.169412723462,Stable,Continuous,HoltWinters7,0.07341150008825713,0.5620408993478129,0.6733791799191339,0.004980336291963008,8.073972602739726,1.2690282725179949,0.0,-0.01515918816897932,131.24416147990735,High
P00445,1770.2728233065234,59.00909411021745,59.00909411021745,59.00909411021745,1085.6981534074007,2454.847493205646,Volatile,Continuous,SES,0.20092417203503476,11.225788487378834,13.728854763704838,-0.039578910267001756,51.46849315068493,12.211430440025664,0.0,0.14650906793513085,1369.1493397982454,Medium
P00446,9355.881968705658,311.8627322901886,268.58092537273876,341.8881861031805,7207.2657898131665,11504.49814759815,Trending,Continuous,HoltWinters7,0.11391019436464811,35.094922013195536,43.60848920611304,-0.07690349929359791,254.2958904109589,49.873201191420236,0.0,0.22637739755132458,4297.232357784983,High
P00447,6814.245309687943,227.14151032293142,198.61291447211133,244.5657231307725,5379.814143667022,8248.676475708864,Trending,Continuous,HoltWinters7,0.10398562441576921,21.775599254786858,28.330895606256558,-0.08033112471348991,173.62328767123287,34.074102337137816,0.0,0.3082433432146432,2868.862332041842,High
P00448,14110.33909223452,470.34463640781735,408.39603247357036,508.52928396251326,11730.89457491511,16489.78360955393,Stable,Continuous,HoltWinters7,0.0496288328361743,21.96717771588619,27.057707333517353,-0.02191256715950012,464.541095890411,49.934844613919715,0.0,0.012493061580014508,4758.889034638822,High
P00449,180.0,6.0,6.0,6.0,90.0209530454439,269.97904695455605,Volatile,Continuous,Naive,0.14907791443175902,0.9111111111111111,1.2834305553669714,-0.007792183678158711,6.323287671232877,1.6159799184488528,0.0,-0.051126516464471417,179.95809390911216,High
P00450,705.2296787125398,23.50765595708466,19.719977153134707,26.29459044385829,454.5283537808432,955.9310036442364,Trending,Continuous,HoltWinters7,0.16424995564272585,4.478486795078017,5.493900067587028,-0.0925235535646125,23.33150684931507,4.647192662966474,0.0,0.007549838461237579,501.4026498633932,Medium
P00451,6598.903933972936,219.96346446576453,185.60256322727548,241.56754292307022,5312.483689542391,7885.324178403482,Trending,Continuous,HoltWinters7,0.08192511504822104,16.078660490602974,20.166330969216133,-0.04074472534007307,176.52191780821917,31.32133885902556,0.0,0.2460971827008025,2572.8404888610903,High
P00452,1914.3894035576216,63.81298011858738,56.20090215201206,68.14883247675063,1557.5480617439316,2271.2307453713115,Stable,Continuous,HoltWinters7,0.04177968102373538,2.4949510133875576,3.0983529437225847,-0.016164762682559407,64.71780821917808,7.483302720491582,0.0,-0.01398113016322089,713.6826836273799,High
P00453,630.0,21.0,21.0,21.0,469.3491831218729,790.6508168781271,Stable,Continuous,RollingMean28,0.08230452067972473,1.7063492063492067,2.1144881369161994,-0.029434571106016588,21.58082191780822,3.083593361707965,0.0,-0.02691379966992513,321.3016337562542,High
P00454,5972.316757645107,199.0772252548369,199.0772252548369,199.0772252548369,3648.4499309335765,8296.183584356637,Volatile,Continuous,SES,0.2038684591004876,40.24006746819677,53.22115211501852,-0.07517743708623491,177.6205479452055,41.94836285811105,0.0,0.12080064811111058,4647.73365342306,Medium
P00455,510.0,17.0,17.0,17.0,172.8957450456472,847.1042549543528,Volatile,Continuous,Naive,0.21920444640825873,5.01111111111111,6.600476800417308,-0.02333893442106273,22.720547945205478,6.096502379490244,0.0,-0.25177860846497047,674.2085099087055,Medium
P00456,3171.938719416049,105.73129064720163,94.05900667213793,111.5329602802579,2618.539235601462,3725.338203230636,Stable,Continuous,HoltWinters7,0.04601248406773833,4.612893665580596,5.696565072515324,-0.008538707745346952,107.65068493150685,12.107991707094092,0.0,-0.017829838105781093,1106.7989676291736,High
P00457,336.16726348809595,11.205575449603199,11.205575449603199,11.205575449603199,126.2860617245785,546.0484652516134,Volatile,Continuous,SES,0.21771462126659044,2.875308238326509,3.5181768602688694,-0.05750212342655717,14.156164383561643,3.8646861076856207,0.0,-0.2084313839548737,419.76240352703485,Medium
P00458,4037.9115608574834,134.5970520285828,103.51347565287486,150.53927859036273,2829.2711544204876,5246.551967294479,Seasonal,Continuous,HoltWinters7,0.06186486190283386,7.502777599754947,9.449610160758752,-0.042485120654135726,137.41643835616438,27.190064219040817,0.0,-0.020517096508309463,2417.2808128739916,High
P00459,727.8784663368252,24.26261554456084,24.26261554456084,24.26261554456084,325.2391640022029,1130.5177686714476,Volatile,Continuous,SES,0.2237770937686759,6.141049891814995,7.328035292048245,-0.041302568241599495,28.456164383561642,7.386182300185206,0.0,-0.14736873116403915,805.2786046692447,Medium
P00460,393.90786758110136,13.130262252703378,11.087480307818568,14.510597571154161,265.39081419827374,522.424920963929,Trending,Continuous,HoltWinters7,0.14253711765702343,2.0742975600173246,2.6025051835281166,-0.04880277071854593,11.873972602739727,2.400390194461749,0.0,0.10580196636749717,257.0341067656553,High
P00461,237.94697957497047,7.931565985832349,7.931565985832349,7.931565985832349,85.24003088593518,390.65392826400574,Volatile,Continuous,SES,0.2555897741209331,2.5272170985672147,3.2160604573520577,-0.10460234204791596,9.975342465753425,2.7843271344701934,0.0,-0.204882838552923,305.41389737807054,Medium
P00462,3943.6305686773653,131.45435228924552,100.16731455981474,150.07857464951758,2865.1439200300506,5022.11721732468,Seasonal,Continuous,HoltWinters7,0.06287156452372454,7.1872235184564985,8.992447106887633,-0.03755978190005813,125.72054794520548,23.921596666596418,0.0,0.045607535424830425,2156.973297294629,High
P00463,0.0,0.0,0.0,0.0,0.0,8443.369114619009,Intermittent,Intermittent,Naive,1.1134209478295498,125.8,190.76919100243109,-0.24014336917562726,109.5986301369863,147.18245164487163,0.6383561643835617,-1.0,8443.369114619009,Very Low
P00464,2980.149032562601,99.33830108542003,74.45214735024244,114.10071590966302,2148.0922818662734,3812.205783258928,Seasonal,Continuous,HoltWinters7,0.06725294310491658,5.7955335229039875,7.201295785461308,-0.04459399883442446,94.5123287671233,18.721274806269836,0.0,0.05106182845401941,1664.1135013926546,High
P00465,11419.383435450934,380.6461145150312,324.7772331949022,413.71307165904284,8757.538298332549,14081.22857256932,Trending,Continuous,HoltWinters7,0.11952289038987678,43.81947442545609,56.35722466629881,-0.0779088218334028,305.4972602739726,60.80473700186788,0.0,0.24598863562201645,5323.690274236771,High
P00466,291.69344868622704,9.723114956207569,8.500958222994326,10.590412162385453,216.11807059785951,367.26882677459463,Stable,Continuous,HoltWinters7,0.08117209880397729,0.7370669527310624,0.8749791287702076,0.011283420692895977,9.602739726027398,1.4500340663648492,0.0,0.01253550899165834,151.15075617673511,High
P00467,800.9474383205207,26.698247944017357,19.782252017881444,30.59713299562424,525.6454012560548,1076.2494753849867,Seasonal,Continuous,HoltWinters7,0.06940127380988974,1.6740548882655546,2.1430368689560484,-0.037321594347712754,27.45205479452055,6.014023611276684,0.0,-0.02745903197940769,550.6040741289319,High
P00468,1050.3400124113764,35.01133374704588,30.360036709551295,37.72713244036112,814.6154220523572,1286.0646027703956,Stable,Continuous,HoltWinters7,0.0749041518518417,2.7515808073851407,3.4268893069886595,-0.010520484469081349,36.02739726027397,4.452377496359502,0.0,-0.028202523370969845,471.4491807180384,High
P00469,596.2330543161008,19.874435143870027,19.874435143870027,19.874435143870027,301.5551084931404,890.9110001390612,Volatile,Continuous,SES,0.21080259416758199,4.42821271515571,5.546188957284417,-0.07030343189937908,20.713698630136985,5.372944850820355,0.0,-0.04051731664406322,589.3558916459208,Medium
P00470,8655.816150385894,288.52720501286313,288.52720501286313,288.52720501286313,5347.654877607231,11963.977423164557,Volatile,Continuous,SES,0.17234763221728258,51.07112931828619,67.13238001676895,-0.06860411970521564,268.93150684931504,61.01901674997473,0.0,0.07286501456494565,6616.322545557326,Medium
P00471,158.5260082562549,5.284200275208496,3.574000994716588,6.33972840001681,81.19436961654749,235.85764689596232,Seasonal,Continuous,HoltWinters7,0.14310670115681082,0.9414138930585847,1.1952399300886176,-0.05391948734138933,6.626027397260274,1.5787101572376208,0.0,-0.20250853816369607,154.66327727941484,High
P00472,8522.028902081935,284.0676300693978,284.0676300693978,284.0676300693978,4562.9890807675165,12481.06872339635,Volatile,Continuous,SES,0.21254546385181436,65.24672892762543,79.63194869901173,-0.005518979870788611,287.94657534246574,71.44847555432884,0.0,-0.013471058888109844,7918.079642628834,Medium
P00473,408.3006571889701,13.610021906299004,9.971084859868608,15.867727011995736,242.6682583461722,573.9330560317679,Seasonal,Continuous,HoltWinters7,0.14452128985744342,2.067834316498369,2.5721935622993137,-0.07093764926181113,14.504109589041096,3.433572581706236,0.0,-0.06164374843235054,331.26479768559574,High
P00474,9408.499132260285,313.6166377420095,313.6166377420095,313.6166377420095,5557.489566791842,13259.50869772873,Volatile,Continuous,SES,0.22303086895056748,66.7901631710938,83.07378791462301,-0.04561949991454602,280.5068493150685,68.35390100737857,0.0,0.11803557919454488,7702.019130936888,Medium
P00475,6168.942120143524,205.63140400478414,178.8664867240659,222.84268084554694,5031.325832783387,7306.558407503662,Stable,Continuous,HoltWinters7,0.04420614700602715,8.674189794491612,10.846711412406805,-0.00936138766275774,211.486301369863,24.37330734902225,0.0,-0.02768452295564705,2275.232574720275,High
P00476,2503.974288292978,83.46580960976594,72.94673932718415,90.37285243047658,1938.2062401615963,3069.74233642436,Stable,Continuous,HoltWinters7,0.07487030840973515,6.594064301092725,8.241375605849557,-0.023528074714974798,86.01780821917808,10.763626224952944,0.0,-0.02966825895992964,1131.5360962627637,High
P00477,207.0,6.9,5.0,9.0,123.9729031224909,290.0270968775091,Seasonal,Continuous,SeasonalNaive7,0.16037545892526975,1.1888888888888889,1.7259011463652572,-0.12941545633853327,7.257534246575342,1.709163378252083,0.0,-0.049263873159682836,166.05419375501822,Medium
P00478,4756.221488080021,158.54071626933404,135.28697099621803,172.3353575874812,3794.2026838970087,5718.240292263034,Trending,Continuous,HoltWinters7,0.07992028219193566,11.080187722391306,14.075427157644105,-0.0300561490450192,129.02602739726026,21.641501862220007,0.0,0.22874988455779177,1924.0376083660249,High
P00479,1686.2505942146504,56.20835314048835,48.68846688033428,61.052172743185196,1325.4646856832394,2047.0365027460614,Trending,Continuous,HoltWinters7,0.08672888281405529,4.439615184334837,6.250948735678428,-0.046520365013950495,43.02328767123288,8.245096985056579,0.0,0.3064634569540705,721.571817062822,High
P00480,1902.0242781211136,63.40080927070379,47.11703312958297,73.56116339524549,1351.5504450167161,2452.498111225511,Seasonal,Continuous,HoltWinters7,0.06801193771610586,3.7714295273328085,4.615404717571331,-0.04718325691171201,62.553424657534244,12.381145032507666,0.0,0.013546574273251677,1100.9476662087948,High
P00481,1550.3635473033382,51.678784910111276,45.38549087749806,55.58076475505271,1282.171374984537,1818.5557196221393,Stable,Continuous,HoltWinters7,0.051528770335991535,2.3913501834150837,3.0944217402232517,-0.002388980706268707,49.92739726027397,5.709851431284795,0.0,0.035078689175549016,536.3843446376025,High
P00482,10971.021640551378,365.7007213517126,303.4748078155877,402.4246938179844,8919.334857582886,13022.70842351987,Trending,Continuous,HoltWinters7,0.07573934875778683,23.75906301094985,30.434481279208743,-0.0330087190406412,287.3931506849315,49.26196269041352,0.0,0.2724754242756102,4103.373565936985,High
P00483,9984.491349179863,332.81637830599544,280.485948057898,360.8231038697207,7810.79774563713,12158.184952722597,Trending,Continuous,HoltWinters7,0.07065011578433947,21.81999707463855,27.464793916786945,-0.04279013014871966,292.4027397260274,46.45760925299731,0.0,0.1382122432157593,4347.387207085467,High
P00484,2656.102056724753,88.53673522415843,74.4764912036073,97.15030536558889,2096.435054659696,3215.7690587898096,Trending,Continuous,HoltWinters7,0.08255076221159724,6.545683685798376,8.000283874906263,-0.05633016045691527,74.27945205479452,12.29333921275077,0.0,0.1919411462384859,1119.3340041301135,High
P00485,1859.621311570385,61.98737705234616,47.05070211179465,71.02881953318443,1345.3964140178161,2373.8462091229535,Seasonal,Continuous,HoltWinters7,0.0705773852948755,3.7874417053363154,4.597615713482718,-0.044914368378350694,59.02876712328767,11.515624019456828,0.0,0.05012149284566836,1028.4497951051374,High
P00486,8025.717448643726,267.5239149547909,228.62976661649722,289.03805504657174,6241.75459853691,9809.680298750542,Trending,Continuous,HoltWinters7,0.09776496910447212,25.00341930002035,32.42528142730294,-0.07743904994457945,216.25068493150684,41.20901130455509,0.0,0.23710089075335805,3567.925700213632,High
P00487,183.55353972755213,6.118451324251738,6.118451324251738,6.118451324251738,74.28425258772549,292.82282686737875,Volatile,Continuous,SES,0.20967958918096427,1.556500314224478,2.06012172278292,-0.08709921298388557,7.273972602739726,2.0052077190418145,0.0,-0.1588569742554108,218.53857427965326,Medium
P00488,141.0,4.7,4.0,5.0,90.12268770047794,191.87731229952206,Seasonal,Continuous,SeasonalNaive7,0.08555050832792559,0.3666666666666667,0.5962080783894381,-0.02610193181250936,4.832876712328767,1.1071602343405185,0.0,-0.027494331065759603,101.75462459904412,High
P00489,2682.686790866248,89.42289302887494,77.66998694976375,96.29979823390536,2117.2708672744316,3248.1027144580644,Trending,Continuous,HoltWinters7,0.11365171471647162,9.203699262999965,11.644640375609612,-0.06869762429244204,66.23287671232876,13.296988064069252,0.0,0.35012847799542324,1130.8318471836328,High
P00490,11036.863085201927,367.89543617339757,313.14893672009975,398.8417318959032,8538.532835414357,13535.193334989499,Trending,Continuous,HoltWinters7,0.0992949673799068,36.186058164518755,46.306508233965396,-0.0568677766934669,303.872602739726,57.89246869401976,0.0,0.21068971949573423,4996.660499575142,High
P00491,7667.5101737534615,255.58367245844872,223.94298611946328,276.51137791503334,6327.55785045695,9007.462497049974,Stable,Continuous,HoltWinters7,0.04853017382263337,11.367674616752502,14.227212917250705,-0.03517305125609476,251.89178082191782,28.609054239499844,0.0,0.01465665780949399,2679.9046465930232,High
P00492,3932.1216302657367,131.0707210088579,99.06529068951527,151.80343454377424,2870.020130346814,4994.22313018466,Seasonal,Continuous,HoltWinters7,0.08373339935717916,9.371836535136959,11.196133514178493,-0.0689849500288633,125.06986301369864,24.30694879918784,0.0,0.04798004771542774,2124.2029998378457,High
P00493,602.1428571428572,20.071428571428573,20.071428571428573,20.071428571428573,318.3748221944473,885.9108920912671,Volatile,Continuous,RollingMean28,0.1510739134050815,2.90952380952381,3.848661463727503,-0.056516239132992974,20.63972602739726,5.158429374802211,0.0,-0.02753415695607231,567.5360698968198,Medium
P00494,475.20585616444515,15.840195205481505,13.540675818088626,17.1900209394174,309.77004714202985,640.6416651868605,Stable,Continuous,HoltWinters7,0.13877396073411988,2.694024761879113,3.0808808027492915,0.03782439478385983,17.5,3.018120855423518,0.0,-0.09484598825819968,330.8716180448306,High
P00495,6232.766657344963,207.75888857816545,181.16772589161576,223.05948035773758,5119.532816893859,7346.000497796068,Stable,Continuous,HoltWinters7,0.04528525970861295,8.847450887513839,11.251976536031558,-0.01844358016136667,211.9191780821918,23.994176005371553,0.0,-0.019631491315112548,2226.4676809022094,High
P00496,577.5,19.25,19.25,19.25,289.5058299025691,865.4941700974309,Volatile,Continuous,RollingMean28,0.15660838317686396,3.077777777777778,4.062078250708995,-0.015542423988132154,21.716438356164385,5.260602689622207,0.0,-0.11357471771904382,575.9883401948618,Medium
P00497,8746.464046704088,291.5488015568029,248.92670908019633,316.49230132783947,6950.125503467453,10542.802589940724,Trending,Continuous,HoltWinters7,0.08150672579395025,21.416459779552707,26.18628464104832,-0.058549035563399215,242.1,40.01624670055901,0.0,0.20424949011484062,3592.6770864732707,High
P00498,364.08487516525423,12.136162505508475,10.16178571140924,13.42074106919603,245.82554786663903,482.34420246386946,Trending,Continuous,HoltWinters7,0.13149671623454928,1.6889872005240842,2.130618144255175,-0.06843424082985385,10.963013698630137,2.179843241322501,0.0,0.10700969999015197,236.51865459723044,High
P00499,716.8938508910028,23.89646169636676,23.89646169636676,23.89646169636676,418.28508362649904,1015.5026181555066,Volatile,Continuous,SES,0.1833115444706943,4.514536488963151,5.8547007975421055,-0.04870354723346085,22.938356164383563,5.369505170075173,0.0,0.04176870936683996,597.2175345290076,Medium
P00500,6405.568633085003,213.51895443616678,185.47368734189106,230.44941234739292,5119.931091172171,7691.206174997835,Trending,Continuous,HoltWinters7,0.1123158241864682,21.357079574011767,26.172946415009733,-0.079567564231992,159.7917808219178,30.683130995524568,0.0,0.33623239779852,2571.2750838256634,High
P00501,14012.544807677705,467.08482692259014,409.82786400131727,500.67917828802547,11776.113022879452,16248.97659247596,Stable,Continuous,HoltWinters7,0.04246699518650776,18.33179257406466,23.843815974366198,-0.015334601400970607,453.33698630136985,48.800356164932126,0.0,0.03032587465096226,4472.863569596508,High
P00502,7801.172285125816,260.03907617086054,217.72525795029077,282.73541410851305,6138.3957557704625,9463.948814481171,Trending,Continuous,HoltWinters7,0.07279682053026269,17.029281012345233,20.836179833909338,-0.017669744534615006,219.4904109589041,36.48617064950637,0.0,0.18474003048610843,3325.5530587107087,High
P00503,785.7182640060546,26.19060880020182,19.49371004087125,30.20841538017859,516.0315148635239,1055.4050131485853,Seasonal,Continuous,HoltWinters7,0.09815108110048816,2.237960617399959,2.6071645015763183,-0.059884064371293975,25.82191780821918,5.815740586255842,0.0,0.014278218787656671,539.3734982850615,High
P00504,11847.067184547319,394.90223948491064,341.8401488673007,428.653770399271,9176.322540218029,14517.811828876609,Trending,Continuous,HoltWinters7,0.10866641432038844,40.91988238005265,50.143830415694104,-0.05169461819350957,321.0109589041096,60.26018019657269,0.0,0.23018304681265844,5341.48928865858,High
P00505,0.0,0.0,0.0,0.0,0.0,2986.705757831004,Intermittent,Intermittent,Naive,1.1570438799076213,39.955555555555556,62.15643226292341,-0.24557351809083908,34.62876712328767,51.436169719422416,0.6835616438356165,-1.0,2986.705757831004,Very Low
P00506,629.0,20.966666666666665,18.0,23.0,424.92696029002605,833.073039709974,Stable,Continuous,SeasonalNaive7,0.13442509222123103,3.288888888888889,4.782571024164251,-0.09677030983867431,21.90958904109589,3.7140656673648613,0.0,-0.0430369721979077,408.1460794199479,High
P00507,8350.969163477199,278.3656387825733,239.70288260243055,301.7666423967734,6422.884350828761,10279.053976125635,Trending,Continuous,HoltWinters7,0.12189399333885458,33.20717306356344,42.37137272355073,-0.08482205070243133,226.91095890410958,44.23532922469284,0.0,0.22676154614554322,3856.169625296874,High
P00508,8594.307536490183,286.47691788300614,286.47691788300614,286.47691788300614,4953.45648443838,12235.158588541988,Volatile,Continuous,SES,0.18960660448600156,54.41926438757189,68.87941615178929,-0.007746222619193916,278.44931506849315,64.22660740141625,0.0,0.028829673409461742,7281.702104103608,Medium
P00509,12011.140853525394,400.3713617841798,341.9471930350144,432.4652779584443,9253.691720186604,14768.589986864185,Trending,Continuous,HoltWinters7,0.09610799998322968,37.88102892667322,49.41242092246574,-0.05242060456152181,328.3767123287671,63.9772915400284,0.0,0.21924407776923127,5514.898266677581,High
P00510,10689.755074725912,356.3251691575304,314.0902836540768,381.6884260330881,8979.108074694746,12400.402074757076,Stable,Continuous,HoltWinters7,0.04570732506007186,15.455733752196403,18.46360513182782,-0.008833450777319422,357.25616438356167,37.99048861653052,0.0,-0.0026059598653467297,3421.2940000623294,High
P00511,3904.1128584960575,130.13709528320192,111.50043564393961,141.2652645900656,3109.116179526062,4699.109537466053,Trending,Continuous,HoltWinters7,0.07876180446020338,9.45733484707229,11.892420312558295,-0.04243078080111643,109.25068493150685,18.22452276420154,0.0,0.1911787588772509,1589.9933579399908,High
P00512,749.7345197977876,24.99115065992625,21.88564494397112,27.090306767993166,558.676263842737,940.7927757528383,Stable,Continuous,HoltWinters7,0.05985623409423798,1.4346926182458404,1.7946262361711227,-0.009389309601230248,24.794520547945204,3.6374025014753406,0.0,0.007930385731832246,382.1165119101014,High
P00513,1732.1034203053127,57.73678067684376,50.137319585167724,62.82625980116201,1344.6324265757862,2119.5744140348393,Trending,Continuous,HoltWinters7,0.10443842536820257,5.950716994528583,7.220931923631901,-0.029658818471926304,47.21506849315068,9.04441367472663,0.0,0.2228464877736951,774.941987459053,High
P00514,5712.838570242326,190.42795234141084,164.09566037991874,206.02883777123412,4355.636323481781,7070.04081700287,Stable,Continuous,HoltWinters7,0.08193172837411088,17.06877241837246,20.88134820205032,-0.011372927229813526,204.84109589041097,25.783991564914828,0.0,-0.07036255828620974,2714.4044935210895,High
P00515,1117.2766564465762,37.242555214885876,32.09493497890469,40.853812099565964,783.9450466188317,1450.6082662743206,Trending,Continuous,HoltWinters7,0.1456880980754862,5.3969530025549375,6.538408826732984,-0.018047576421166917,31.616438356164384,6.124967762825052,0.0,0.17794910341710102,666.6632196554889,High
P00516,365.0,12.166666666666666,10.0,13.0,244.63604523905792,485.3639547609421,Stable,Continuous,SeasonalNaive7,0.14314653793645582,2.066666666666667,2.9762022673437802,-0.09192494129251023,12.956164383561644,2.1969542641540354,0.0,-0.06093606823147957,240.72790952188416,High
P00517,572.714164033635,19.0904721344545,14.010337052404008,22.388212159551287,357.56254311475357,787.8657849525165,Seasonal,Continuous,HoltWinters7,0.07812029032068164,1.4074881629539728,1.7416595311324583,-0.033129987418607794,20.356164383561644,4.599367353804815,0.0,-0.062177344673500334,430.3032418377629,High
P00518,5625.372693537785,187.51242311792618,162.02950336778366,203.319177275887,4368.91725071835,6881.8281363572205,Trending,Continuous,HoltWinters7,0.10290034448414483,17.93283267213721,23.631827252373217,-0.05858372021448932,147.37671232876713,28.123854138757228,0.0,0.27233414394279976,2512.9108856388702,High
P00519,4421.152187220038,147.37173957400128,147.37173957400128,147.37173957400128,2707.5204478265405,6134.783926613537,Volatile,Continuous,SES,0.15663026423862061,23.499267322937268,30.172385598435266,-0.05110380739421936,136.4931506849315,31.29093676995941,0.0,0.07970062112626408,3427.2634787869965,Medium
P00520,299.50024425191486,9.98334147506383,7.181058878521558,11.595693495147657,175.5731719833258,423.4273165205039,Seasonal,Continuous,HoltWinters7,0.13781897188897918,1.5156456356189818,1.813611348613387,-0.029386137334721705,10.797260273972602,2.5179723047524987,0.0,-0.07538197452466433,247.8541445371781,High
P00521,6776.03076571826,225.86769219060866,196.70488374711522,242.94877991295917,5532.785706672277,8019.275824764244,Stable,Continuous,HoltWinters7,0.03922078670450247,8.594029355327146,10.757654989773002,-0.0025994739957012525,236.85068493150686,26.70867895958475,0.0,-0.04637095621688525,2486.490118091967,High
P00522,842.3035526419201,28.076785088064003,20.7636801207176,32.247862657391245,550.8973584076047,1133.7097468762354,Seasonal,Continuous,HoltWinters7,0.06443967007171238,1.6575089854497103,2.007900150660916,-0.030230849060293514,28.95068493150685,6.227976247928838,0.0,-0.0301858089199053,582.8123884686307,High
P00523,7080.959354229394,236.03197847431315,204.11340955157263,255.7036465005988,5442.346913024606,8719.571795434184,Stable,Continuous,HoltWinters7,0.08274984538680512,20.601010895068256,25.322278961455186,0.0075185495788275365,245.89178082191782,31.33842114994586,0.0,-0.040098137134341405,3277.2248824095777,High
P00524,1910.1915803339862,63.67305267779954,63.67305267779954,63.67305267779954,1121.0262936211523,2699.3568670468203,Volatile,Continuous,SES,0.1935195550622262,12.7759441369847,16.35246079066043,-0.07101757417063176,59.88904109589041,14.17885035653988,0.0,0.0631837062785896,1578.330573425668,Medium
P00525,6540.0,218.0,218.0,218.0,5022.293988034499,8057.706011965501,Stable,Continuous,Naive,0.10184150067379366,23.255555555555556,27.829388079428224,-0.044201958852649985,227.8027397260274,28.940400289036095,0.0,-0.043031702506374225,3035.4120239310014,High
P00526,6632.67715310418,221.08923843680603,192.9212948979947,238.23771002928487,5415.9763207305305,7849.3779854778295,Stable,Continuous,HoltWinters7,0.04830848814683875,10.171034621885646,12.95558674364617,-0.015474136649412015,228.14931506849314,25.79391588968056,0.0,-0.030944982804649634,2433.401664747299,High
P00527,282.8571428571429,9.428571428571429,9.428571428571429,9.428571428571429,155.56990175714768,410.1443839571381,Volatile,Continuous,RollingMean28,0.18545143571959757,1.7261904761904763,2.158878144099786,-0.045943431669906616,9.479452054794521,2.2590138849210297,0.0,-0.005367464905037145,254.5744821999904,Medium
P00528,111.0,3.7,3.0,5.0,66.68282732073935,155.31717267926066,Seasonal,Continuous,SeasonalNaive28,0.11859273327163235,0.41111111111111104,0.6377256944497818,-0.06526467994357903,3.941095890410959,0.9460531856213161,0.0,-0.06117483489746256,88.63434535852132,High
P00529,274.7832480381796,9.159441601272652,7.958478710063442,9.938369270974112,184.92212939345308,364.6443666829061,Stable,Continuous,HoltWinters7,0.13487075673053747,1.4445429649387904,1.684134182193465,-0.009498925568324232,9.656164383561643,1.6248656208124348,0.0,-0.051441003131077245,179.722237289453,High
P00530,8910.0,297.0,297.0,297.0,5399.618476571893,12420.381523428106,Volatile,Continuous,Naive,0.19071066703372497,53.0,67.60167339679828,-0.04886628373083091,264.258904109589,62.07089255440975,0.0,0.1238977963703094,7020.763046856214,Medium
P00531,7681.218488667081,256.0406162889027,220.1817963741884,278.4216134705242,5952.065588048372,9410.37138928579,Trending,Continuous,HoltWinters7,0.10846468989148884,27.025845430793225,34.33333405921443,-0.04241106025962144,211.13561643835615,39.22076334104584,0.0,0.21268320621621495,3458.3058012374186,High
P00532,6848.655832341347,228.2885277447116,228.2885277447116,228.2885277447116,4005.581794561085,9691.72987012161,Volatile,Continuous,SES,0.18627894912844098,44.81062167574971,60.07164864629294,-0.06506652747959892,220.05890410958904,51.727794280534894,0.0,0.037397367165948436,5686.148075560524,Medium
P00533,2327.730896675196,77.5910298891732,67.94605678176418,82.9412395339009,1837.3695192866626,2818.0922740637297,Stable,Continuous,HoltWinters7,0.07227383528754178,5.491057654145583,6.91208540287075,-0.02000963982456176,74.83561643835617,9.324530973586286,0.0,0.03681954638653551,980.7227547770672,High
P00534,9763.225048041246,325.4408349347082,276.25068116527495,354.2399644503593,7713.420988682158,11813.029107400333,Trending,Continuous,HoltWinters7,0.07468086435804448,21.631671262038783,28.479936700885705,-0.04254560428451898,271.172602739726,45.624221842469346,0.0,0.2001243180420751,4099.608118718174,High
P00535,2004.732239382281,66.82440797940937,56.5297345759636,72.88951800928248,1616.8840642877926,2392.5804144767694,Trending,Continuous,HoltWinters7,0.07072945965075839,4.270419539147425,5.474120357758065,-0.0385572391881118,54.73561643835617,9.855330350302014,0.0,0.22085786783214045,775.6963501889768,High
P00536,4042.5,134.75,134.75,134.75,2514.818411010448,5570.1815889895515,Volatile,Continuous,RollingMean28,0.16609687495618666,21.5,26.349747597839443,-0.06369929240763506,118.76301369863013,27.04388551949556,0.0,0.13461250100926225,3055.3631779791035,Medium
P00537,5310.0,177.0,177.0,177.0,2716.12264071457,7903.87735928543,Volatile,Continuous,Naive,0.20058591931728573,40.47777777777778,51.13189211430872,-0.09898378176472884,186.17260273972602,46.30501032146278,0.0,-0.0492693479316586,5187.754718570861,Medium
P00538,175.0,5.833333333333333,4.0,7.0,105.75752037220597,244.242479627794,Seasonal,Continuous,SeasonalNaive7,0.1665834361770501,1.0666666666666667,1.5292346067317213,-0.09251534106396225,6.2315068493150685,1.3995273268629485,0.0,-0.06389682714149636,138.48495925558802,Medium
P00539,10419.370792957126,347.31235976523755,298.4362332100675,378.5080941983798,8235.97927580132,12602.762310112936,Trending,Continuous,HoltWinters7,0.09177456860681936,29.27319274263233,35.086193653116815,-0.06253791202137617,300.35753424657537,47.96617583349799,0.0,0.15632977423537886,4366.783034311617,High
P00540,203.24239468206218,6.774746489402073,6.774746489402073,6.774746489402073,75.03124128754905,331.4535480765753,Volatile,Continuous,SES,0.22487022689141276,1.8338436157206794,2.3524872005032607,-0.0901742360960276,8.472602739726028,2.2986702349024544,0.0,-0.20039370456531724,256.42230678902627,Medium
P00541,8373.812827439946,279.1270942479982,238.62950648315808,302.558203486438,6567.140097003301,10180.485557876591,Trending,Continuous,HoltWinters7,0.10934661871206752,28.75855934903706,36.273009406809905,-0.07411001439101773,220.1917808219178,43.4823198651733,0.0,0.2676544656030775,3613.34546087329,High
P00542,3956.5116562693397,131.88372187564465,113.78692625290887,141.3732011332297,3226.019418262557,4687.003894276123,Stable,Continuous,HoltWinters7,0.04114016629429807,5.189832575599757,6.601767633760396,-0.022902811898403666,135.3904109589041,15.658553755994586,0.0,-0.02590057197125928,1460.984476013566,High
P00543,734.2162413799673,24.473874712665577,20.445588194805353,26.978350857664655,490.3653622138846,978.06712054605,Trending,Continuous,HoltWinters7,0.15002748640949573,4.053641714982516,5.345426110868895,-0.10982866273093782,22.254794520547946,4.564220638841291,0.0,0.09971245477322843,487.70175833216535,Medium
P00544,2415.1778277905773,80.50592759301925,69.22802430965667,86.57159177968616,1992.8602129717087,2837.495442609446,Stable,Continuous,HoltWinters7,0.045373387641250186,3.453691963860923,4.335727632958348,-0.029282289910458965,81.42602739726027,9.061934849088516,0.0,-0.01129982431479859,844.6352296377372,High
P00545,808.6458708477378,26.95486236159126,20.32612526621162,31.188952671374505,584.7754992702751,1032.5162424252005,Seasonal,Continuous,HoltWinters7,0.07083845604401794,1.679471664097089,2.0293709493824656,-0.04035131343755619,25.976712328767125,4.983732674530043,0.0,0.0376548818204725,447.74074315492544,High
P00546,781.9985439979756,26.066618133265855,26.066618133265855,26.066618133265855,391.72341084182796,1172.2736771541233,Volatile,Continuous,SES,0.16692337142150301,4.36357598173776,5.345346635546171,-0.05883703514406576,28.15753424657534,7.031272840147639,0.0,-0.07425778461279131,780.5502663122954,Medium
P00547,348.4033971746629,11.613446572488764,9.709865769206825,12.821734754137305,224.9976235856652,471.80917076366063,Trending,Continuous,HoltWinters7,0.15486114702432222,2.0854263552793735,2.6980529147406624,-0.044991603203415755,11.136986301369863,2.293397623830588,0.0,0.04278179556172179,246.81154717799544,Medium
P00548,0.0,0.0,0.0,0.0,0.0,11894.191589647964,Intermittent,Intermittent,Naive,1.0,145.7222222222222,244.58756930097772,-1.0,150.4095890410959,205.62100570585002,0.6465753424657534,-1.0,11894.191589647964,Very Low
P00549,9571.280300316672,319.0426766772224,240.51929835773691,363.86128401614,6875.35922982706,12267.201370806286,Seasonal,Continuous,HoltWinters7,0.0671793881291451,18.738301705230537,23.126770044186987,-0.03162986025115391,310.9986301369863,61.02924930799642,0.0,0.02586521534417341,5391.842140979226,High
P00550,6093.64864260887,203.12162142029567,170.7257494594706,223.15983733713585,4926.194430734077,7261.1028544836645,Trending,Continuous,HoltWinters7,0.09048116203407201,16.333681841093583,20.11427423804511,-0.052400160804885625,163.13835616438357,28.461584005426307,0.0,0.24508807245565012,2334.908423749587,High
P00551,2774.8625573094587,92.49541857698196,80.58464255204186,99.28581097554721,2277.7732143776507,3271.9519002412667,Stable,Continuous,HoltWinters7,0.044901572248567743,3.988104636981704,4.680328567437778,-0.02168175647510685,95.19041095890411,10.64404319436984,0.0,-0.028311595199285722,994.178685863616,High
P00552,7705.151780703527,256.8383926901176,218.4522871979929,280.90520814804034,5875.723707874319,9534.579853532734,Trending,Continuous,HoltWinters7,0.0936736796725844,24.714031880245965,33.16997386123319,-0.03609394655566194,220.36027397260273,42.073849894179844,0.0,0.16553854313164518,3658.856145658415,High
P00553,8836.127804280693,294.5375934760231,255.8868682574427,319.2624171664026,7186.420121803284,10485.835486758102,Stable,Continuous,HoltWinters7,0.05548458128552963,15.246543418850552,18.230667508975824,-0.013162262681615374,293.1616438356164,34.33401106102035,0.0,0.004693484530937653,3299.415364954818,High
P00554,12415.194771835875,413.8398257278625,353.2088655538593,450.58299270585746,9852.049257550103,14978.34028612165,Trending,Continuous,HoltWinters7,0.07746380549022415,28.105563992242356,35.0858443419851,-0.03425594115941586,339.47945205479454,56.672865695556034,0.0,0.2190423403330628,5126.291028571546,High
P00555,5966.569548871596,198.88565162905323,170.3090961339413,217.1846128199401,4534.140159729965,7398.998938013228,Trending,Continuous,HoltWinters7,0.1038877576317271,21.273449371749567,27.16655556120456,-0.05718664266099079,171.46986301369864,32.839131467454564,0.0,0.15988692201360388,2864.8587782832637,High
P00556,733.246101732909,24.4415367244303,24.4415367244303,24.4415367244303,378.7630239383851,1087.7291795274327,Volatile,Continuous,SES,0.20422752887265597,4.863598043040519,6.312149556306809,-0.044298321968785616,25.4027397260274,6.372479680995637,0.0,-0.037838556469255935,708.9661555890476,Medium
P00557,222.88393473539432,7.429464491179811,6.243851170681043,8.142778352255267,147.85870616447906,297.90916330630955,Trending,Continuous,HoltWinters7,0.1617727120739681,1.3152858093362496,1.63925102434985,-0.0056852181808173625,6.801369863013699,1.4016444536326458,0.0,0.09234825348665887,150.0504571418305,Medium
P00558,1020.9132883298812,34.03044294432937,27.87895548346395,38.12128196585051,641.1539335878068,1400.6726430719555,Trending,Continuous,HoltWinters7,0.14070340289632705,5.713251028777901,7.378488103738616,-0.07928671144986135,33.724657534246575,6.974542790683279,0.0,0.009067116834982736,759.5187094841486,High
P00559,14600.204864368294,486.67349547894315,423.20087390850347,523.3042853092761,12060.392149430414,17140.01757930617,Stable,Continuous,HoltWinters7,0.051972108606763046,23.969509784286164,29.544773322454418,-0.025350593160559806,490.8027397260274,55.44880601514836,0.0,-0.008413246122850215,5079.625429875758,High
P00560,2186.0154989066286,72.86718329688762,56.91882159926803,84.14380657398831,1596.8570984911385,2775.1738993221193,Seasonal,Continuous,HoltWinters7,0.07151512032370656,4.475831151397374,5.4497764350270375,-0.051678260607144304,69.26301369863013,13.388748084391676,0.0,0.052035991589097774,1178.3168008309808,High
P00561,5110.205619639819,170.3401873213273,148.3946678134612,184.4994545349604,4217.274407598528,6003.1368316811095,Stable,Continuous,HoltWinters7,0.0497087393887754,8.015406445582812,9.778834259084478,-0.027452655616169955,172.53561643835616,18.986515103944747,0.0,-0.012724498062191336,1785.8624240825811,High
P00562,150.0,5.0,5.0,5.0,100.94022111944199,199.05977888055799,Stable,Continuous,Naive,0.154287820371528,0.8444444444444444,1.1404560641267656,0.04948286473784308,4.898630136986301,0.8594656761460764,0.0,0.02069351230425065,98.119557761116,Medium
P00563,266.0,8.866666666666667,6.0,10.0,155.9904422699581,376.0095577300419,Seasonal,Continuous,SeasonalNaive7,0.15809277097211796,1.5444444444444445,2.178470306297356,-0.11312341644123991,9.689041095890412,2.2420144310131516,0.0,-0.08487676139309108,220.01911546008378,Medium
P00564,671.2249801455339,22.37416600485113,16.406579015428644,26.003441005919036,398.96444448452644,943.4855158065412,Seasonal,Continuous,HoltWinters7,0.14578039695164288,3.4680266796298422,4.147710617364454,-0.05580586522839598,24.491780821917807,5.709526931764359,0.0,-0.08646226391065914,544.5210713220148,High
P00565,353.2685446450235,11.775618154834117,11.775618154834117,11.775618154834117,168.8579204835728,537.6791688064742,Volatile,Continuous,SES,0.1910198482457471,2.334526135398856,3.0090454265680404,-0.08412527374851282,12.973972602739726,3.297441640270601,0.0,-0.09236603811330324,368.8212483229014,Medium
P00566,1991.6553451178856,66.38851150392952,56.731025637290315,72.19856544399244,1579.5154750800036,2403.7952151557674,Trending,Continuous,HoltWinters7,0.06576986947552553,3.9449797511811,4.89770608258667,-0.038735413640750144,55.2,9.124260309760695,0.0,0.20269042579582464,824.2797400757638,High
P00567,352.5,11.75,11.75,11.75,185.92696762174006,519.07303237826,Volatile,Continuous,RollingMean28,0.15910611059052068,1.81031746031746,2.376661125898315,-0.043677760438347306,11.954794520547946,3.0046850064355506,0.0,-0.01713074366907308,333.14606475651993,Medium
P00568,868.1043367272446,28.936811224241485,28.936811224241485,28.936811224241485,480.77471091887577,1255.4339625356133,Volatile,Continuous,SES,0.17499520482379327,5.2863417318231045,6.751185529024203,-0.015499179378566963,30.827397260273973,6.998358817484574,0.0,-0.061328110838238414,774.6592516167375,Medium
P00569,6011.39162178544,200.37972072618135,200.37972072618135,200.37972072618135,3388.0220532581156,8634.761190312765,Volatile,Continuous,SES,0.19409520773069933,39.81210680368387,55.432343248556016,-0.07559795169302137,189.37260273972603,46.704462238014315,0.0,0.05812413108977288,5246.73913705465,Medium
P00570,396.0,13.2,11.0,14.0,291.3757696742475,500.6242303257525,Stable,Continuous,SeasonalNaive7,0.06750909045264451,0.8888888888888888,1.223280963922498,-0.030014253619333697,13.878082191780821,2.0387700759503327,0.0,-0.04885993485342022,209.24846065150496,High
P00571,2006.8892573082132,66.89630857694044,58.93479303264735,71.86574523157411,1649.6571706057875,2364.121344010639,Stable,Continuous,HoltWinters7,0.044058244770584586,2.7571314378403717,3.3564646624339196,-0.014586560982071417,67.40547945205479,7.689443539742024,0.0,-0.007553849913292554,714.4641734048514,High
P00572,22772.53139878328,759.0843799594427,638.7088858136987,838.0413750088499,18196.47516386694,27348.587633699626,Trending,Continuous,HoltWinters7,0.07155611782207671,49.711125082362116,61.077188891038695,-0.037470385987671107,627.6287671232876,111.3102930490706,0.0,0.2094480363586213,9152.112469832686,High
P00573,726.3349922711665,24.21116640903888,20.79241675396906,26.215486763625922,534.363773479135,918.3062110631978,Stable,Continuous,HoltWinters7,0.06926319173402663,1.6636639789080359,2.018934031797926,-0.043267310772549646,25.427397260273974,3.6971519930617456,0.0,-0.0478315117660606,383.94243758406276,High
P00574,4427.9186484620395,147.59728828206798,126.21416412922159,159.68359438391673,3523.458396641739,5332.3789002823405,Trending,Continuous,HoltWinters7,0.0775548089703012,10.395610167352869,13.068897066528203,-0.04207959828669658,122.40821917808219,20.15605613752627,0.0,0.20577923012947497,1808.9205036406015,High
P00575,840.2246425868416,28.007488086228054,24.457168972717938,30.184683523281386,654.9957066878974,1025.4535784857858,Stable,Continuous,HoltWinters7,0.0810331849674283,2.3047929889217866,2.7689637490820846,-0.029356196509609616,27.78082191780822,3.540270290079081,0.0,0.008159087916493224,370.4578717978884,High
P00576,907.1471716382596,30.238239054608652,30.238239054608652,30.238239054608652,544.508017750582,1269.7863255259372,Volatile,Continuous,SES,0.19329019255648971,5.821683708404771,6.902500056553465,-0.03345317132948158,28.105479452054794,6.545071977521349,0.0,0.07588412096623864,725.2783077753552,Medium
P00577,148.95598810468906,4.965199603489635,4.319755982708314,5.406838041580075,95.02575694946947,202.88621925990867,Stable,Continuous,HoltWinters7,0.1536389806620874,0.9187324358998712,1.0868484422352989,0.01944615530980679,5.483561643835617,0.9773166278741907,0.0,-0.09453017473209258,107.8604623104392,Medium
P00578,6802.86391614523,226.76213053817435,193.14892132648177,248.97989364935248,5131.100268990927,8474.627563299533,Trending,Continuous,HoltWinters7,0.09856490801416908,22.831143636820688,29.439349845268254,-0.06363436316193667,198.0082191780822,38.30811392068787,0.0,0.14521574649500701,3343.5272943086056,High
P00579,8409.545752953973,280.31819176513244,246.8698502237799,300.70064284053745,6910.006859931888,9909.084645976056,Stable,Continuous,HoltWinters7,0.04629054607752858,12.255533917600664,14.938974054596821,-0.0228344016830978,283.34109589041094,32.075657884155,0.0,-0.010668781087963652,2999.0777860441676,High
P00580,453.42792864686567,15.114264288228856,15.114264288228856,15.114264288228856,227.7340369899606,679.1218203037707,Volatile,Continuous,SES,0.17578703081142147,2.571888549863687,3.215426913647081,-0.008721203758526887,16.052054794520547,4.172879634190026,0.0,-0.05842183560274228,451.38778331381013,Medium
P00581,11011.003754823001,367.03345849410005,311.1328697958674,400.70320864413316,8654.419237902064,13367.58827174394,Trending,Continuous,HoltWinters7,0.0838349850068395,27.55708010503258,33.809527602087684,-0.03701585861650327,311.15890410958906,51.616656629383996,0.0,0.1795691964669992,4713.169033841876,High
P00582,4618.756333024064,153.95854443413546,153.95854443413546,153.95854443413546,2741.612189424558,6495.900476623569,Volatile,Continuous,SES,0.2073615305193348,33.02632857892055,40.656698764071706,-0.026857606215151607,140.96027397260275,34.06626013353797,0.0,0.09221229567175127,3754.2882871990114,Medium
P00583,6731.855498238365,224.39518327461215,175.90133115359302,247.06699189874985,4750.377379410756,8713.333617065975,Seasonal,Continuous,HoltWinters7,0.07342400027528982,14.753509306328676,17.311996666135627,-0.057805826219665145,225.26849315068492,44.86467039111949,0.0,-0.0038767510887046663,3962.9562376552194,High
P00584,687.3315107436541,22.911050358121805,17.060737471862485,26.50930246257743,451.85476149747376,922.8082599898345,Seasonal,Continuous,HoltWinters7,0.09337435434006032,1.8846451855396043,2.312614579114087,-0.05847856826213028,22.932876712328767,5.083893035220002,0.0,-0.0009517495114438335,470.9534984923607,High
P00585,2260.377689175968,75.34592297253226,57.044124162573155,86.22200661349152,1634.4913994815026,2886.2639788704328,Seasonal,Continuous,HoltWinters7,0.06262792928242773,4.105306939324194,5.240949421088856,-0.0408354327121756,72.26027397260275,14.178779519992219,0.0,0.04270187241608614,1251.7725793889301,High
P00586,368.8396236950999,12.294654123169996,9.19916384259351,14.223177648574785,227.58014950701175,510.099097883188,Seasonal,Continuous,HoltWinters7,0.15212841469097318,1.9305724837977263,2.322954123332614,-0.04729188609289344,12.413698630136986,2.860511866695241,0.0,-0.00958976937606515,282.51894837617624,Medium
P00587,578.418285984584,19.28060953281947,16.807582641484395,20.786172744368432,391.360982894815,765.4755890743531,Stable,Continuous,HoltWinters7,0.13481149351101526,3.05459638454137,3.61118336890328,-0.012597942167693901,20.215068493150685,3.460384115348313,0.0,-0.04622586169558773,374.11460617953816,High
P00588,120.0,4.0,4.0,4.0,71.52735413565985,168.47264586434014,Seasonal,Continuous,Naive,0.17021694697960835,0.6555555555555556,0.8956335870649027,-0.08289591904289025,3.9821917808219176,0.9915752754862699,0.0,0.004471964224286307,96.94529172868029,Medium
P00589,346.4032417537019,11.546774725123395,8.471863724185724,13.422349896066475,209.08128002595737,483.72520348144644,Seasonal,Continuous,HoltWinters7,0.12716674616139434,1.5590864842680732,1.9003739789984175,-0.030221227049195137,12.23150684931507,2.853985575635206,0.0,-0.05598101138536482,274.6439234554891,High
P00590,521.999347856429,17.399978261880968,13.24897223554909,20.02413945876115,335.94943777575975,708.0492579370983,Seasonal,Continuous,HoltWinters7,0.13561298931449614,2.303835458984781,2.808575797288045,-0.04387185176111646,17.115068493150684,3.856182438554675,0.0,0.016646720919890168,372.0998201613386,High
P00591,839.7537671505501,27.991792238351668,21.009840273776508,32.37176357707368,495.33577588809976,1184.1717584130004,Seasonal,Continuous,HoltWinters7,0.14436888021113156,4.363783781428644,5.350338288504003,-0.06488124479987033,30.034246575342465,7.094902808710146,0.0,-0.06800418088954541,688.8359825249006,High
P00592,7060.256872220683,235.34189574068944,200.97130446026307,251.23750868008602,5717.854161812135,8402.659582629232,Trending,Continuous,HoltWinters7,0.07312439591258026,15.176985169006292,19.60803441861516,-0.031036984771394632,189.80547945205478,30.86379605353629,0.0,0.23991096790299582,2684.805420817097,High
P00593,718.9552460388339,23.96517486796113,23.96517486796113,23.96517486796113,370.2137695343128,1067.696722543355,Volatile,Continuous,SES,0.21242738900895772,5.1510447702514455,6.697907178250747,-0.06934960273339476,24.74931506849315,6.368553213860263,0.0,-0.03168330914863415,697.4829530090421,Medium
P00594,423.6442078571955,14.12147359523985,12.32756355489315,15.336493298402953,309.77543893392385,537.512976780467,Stable,Continuous,HoltWinters7,0.07018569352716872,0.9601722266776989,1.207212065719019,-0.007190433574292686,14.324657534246576,2.1564514379802358,0.0,-0.01418420918761687,227.7375378465432,High
P00595,7720.678771179317,257.35595903931056,257.35595903931056,257.35595903931056,4636.424481501965,10804.93306085667,Volatile,Continuous,SES,0.18953693342070474,48.6634049346852,61.28508003907846,-0.04590430861854174,235.07123287671232,54.7621656049382,0.0,0.09479988635736603,6168.508579354706,Medium
P00596,6055.29753375559,201.84325112518633,151.32533203161844,232.99458836289597,4408.75479722801,7701.840270283169,Seasonal,Continuous,HoltWinters7,0.07957495108510414,13.460308201708235,16.860218918216702,-0.05436772323283456,192.2876712328767,37.62156499030506,0.0,0.04969418908161316,3293.085473055159,High
P00597,19589.01395789524,652.9671319298413,548.6950069288899,717.0511471157743,15650.669780239517,23527.358135550963,Trending,Continuous,HoltWinters7,0.07241244125923763,43.639864412300064,53.23290826141931,-0.021999430606149287,556.313698630137,94.72483550946859,0.0,0.17373908558732798,7876.688355311446,High
P00598,353.37505715514106,11.779168571838035,11.779168571838035,11.779168571838035,146.7890490221941,559.961065288088,Volatile,Continuous,SES,0.23441530205198804,3.144638235977846,3.9528091882408654,-0.04829682119675646,13.468493150684932,3.647306791957334,0.0,-0.12542788268493033,413.1720162658939,Medium
P00599,553.0,18.433333333333334,13.0,21.0,338.8442787318165,767.1557212681836,Seasonal,Continuous,SeasonalNaive7,0.1710448598929345,3.3111111111111113,4.485687959640536,-0.12810560550319072,19.164383561643834,4.373864575000319,0.0,-0.03814629497259936,428.3114425363671,Medium
P00600,722.4445671355471,24.081485571184903,19.99614990845776,26.773103720015474,481.5024215099865,963.3867127611078,Trending,Continuous,HoltWinters7,0.15230945709358515,4.007532634843547,4.855452076135752,-0.02922070338877626,22.62054794520548,4.484677736963899,0.0,0.06458453745321746,481.8842912511213,Medium
P00601,394.2982194475504,13.143273981585015,11.436566630340609,14.300677479519335,262.6585675570769,525.937871338024,Stable,Continuous,HoltWinters7,0.13447787470237935,2.1069640006228973,2.5539518030642396,-0.01903799327835064,14.031506849315068,2.3986379715598423,0.0,-0.06330274269676262,263.27930378094715,High
P00602,176.0,5.866666666666666,5.0,6.0,124.9635528676026,227.0364471323974,Stable,Continuous,SeasonalNaive7,0.0731288079576301,0.4333333333333333,0.6767373733595946,-0.05446609630270488,6.141095890410959,0.9675582118915255,0.0,-0.04468733734850183,102.0728942647948,High
P00603,138.0,4.6,3.0,6.0,83.21247200993736,192.78752799006264,Seasonal,Continuous,SeasonalNaive7,0.14121915546119368,0.6888888888888888,1.080984275698605,-0.0942093260989227,4.697260273972603,1.1111694555965257,0.0,-0.020705745115194074,109.57505598012528,High
P00604,73.0,2.433333333333333,2.0,3.0,40.86452489472327,105.13547510527673,Seasonal,Continuous,SeasonalNaive7,0.15131319913296115,0.3888888888888889,0.7020970075186739,-0.12721681359079248,2.4616438356164383,0.63874236365635,0.0,-0.011500649230198556,64.27095021055345,Medium
P00605,810.0,27.0,27.0,27.0,412.9246006708823,1207.0753993291178,Volatile,Continuous,Naive,0.19395108966653604,4.988888888888889,6.007151363984068,0.015542258762853237,26.106849315068494,7.457944802480868,0.0,0.034211354811627626,794.1507986582355,Medium
P00606,2729.517730063969,90.98392433546563,68.31875672937805,104.15087587154132,1955.5773372706792,3503.458122857259,Seasonal,Continuous,HoltWinters7,0.057527459851332924,4.503430832878656,5.643061076513761,-0.013064729177370116,88.64383561643835,17.767180377701017,0.0,0.026398775535310115,1547.8807855865796,High
P00607,317.27345629793507,10.575781876597835,8.920306225163865,11.610341662461607,213.0420101813174,421.50490241455276,Trending,Continuous,HoltWinters7,0.15790710256495474,1.7724438984401798,2.2100546733267934,-0.03785503891500389,9.445205479452055,1.9303042181816523,0.0,0.11969844378773309,208.46289223323535,Medium
P00608,691.5017428089341,23.050058093631137,23.050058093631137,23.050058093631137,353.0199906204096,1029.9834949974586,Volatile,Continuous,SES,0.19030325264266615,4.380013362617617,5.264462640289383,-0.04012456825792294,23.41780821917808,5.982549898060657,0.0,-0.01570386613917929,676.963504377049,Medium
P00609,3553.161602561452,118.43872008538173,89.5132122724395,135.5787939982451,2569.6063961617683,4536.716808961136,Seasonal,Continuous,HoltWinters7,0.06600028635717374,6.635450637644368,8.391961623510648,-0.03079908597915257,113.39041095890411,22.41300000231691,0.0,0.0445214818765165,1967.1104127993676,High
P00610,8334.0,277.8,242.0,303.0,6960.382791438415,9707.617208561585,Stable,Continuous,SeasonalNaive7,0.05300859234408838,13.511111111111111,17.997125619890706,-0.011634563360852071,270.5986301369863,29.48486390958913,0.0,0.026612735841893054,2747.2344171231707,High
P00611,168.0,5.6,4.0,7.0,94.8658474234328,241.1341525765672,Seasonal,Continuous,SeasonalNaive7,0.14528237915334688,0.9666666666666668,1.4085889320758929,-0.1165843262617456,6.467123287671233,1.5097810772105442,0.0,-0.13408176233848768,146.2683051531344,High
P00612,14694.928247824664,489.8309415941555,428.7156362619922,529.0705285033449,12235.022352044354,17154.834143604974,Stable,Continuous,HoltWinters7,0.04980172247670764,22.899748387490288,27.054469121203983,-0.02168231319894574,489.14383561643837,54.037073810820296,0.0,0.001404711513641299,4919.81179156062,High
P00613,8220.862952277543,274.0287650759181,207.1243787303905,308.53314938302043,5838.528776142487,10603.1971284126,Seasonal,Continuous,HoltWinters7,0.07884611450093963,19.300101724718484,23.257581027147356,-0.03614293374549974,271.4013698630137,53.41890509912398,0.0,0.009680847278812577,4764.668352270112,High
P00614,676.1680440816854,22.538934802722846,22.538934802722846,22.538934802722846,262.1945677123583,1090.1415204510124,Volatile,Continuous,SES,0.2834033100912161,6.965610866877807,9.031456219116027,-0.06387730061397584,25.442465753424656,7.313861500152105,0.0,-0.11412144478610464,827.9469527386541,Medium
P00615,3343.423411602089,111.44744705340297,98.79195389782393,117.14734306995824,2612.5377177866417,4074.3091054175356,Stable,Continuous,HoltWinters7,0.08788380728117152,10.013442511418623,12.2325773291517,-0.00601280442108638,111.52328767123288,13.957023204142516,0.0,-0.000680042880850884,1461.771387630894,High
P00616,8043.969602484723,268.1323200828241,268.1323200828241,268.1323200828241,5017.611696710141,11070.327508259305,Volatile,Continuous,SES,0.19133925680149447,47.79448645333061,62.09073229483736,-0.07021024114877249,227.4808219178082,54.693261516302016,0.0,0.17870296855048196,6052.715811549164,Medium
P00617,160.70925622128973,5.356975207376324,5.356975207376324,5.356975207376324,73.82561363869425,247.5928988038852,Volatile,Continuous,SES,0.2396475110174586,1.3620257808432157,1.791707658369315,-0.084416389674719,5.9150684931506845,1.6062012228908642,0.0,-0.09435111130506779,173.76728516519094,Medium
P00618,60.0,2.0,2.0,2.0,36.96185067116118,83.03814932883883,Stable,Continuous,Naive,0.031105506515342583,0.06666666666666667,0.19694082543297278,-0.031105506515342583,2.2013698630136984,0.43096635939640826,0.0,-0.09147479775980083,46.07629865767765,High
P00619,684.0792521303708,22.80264173767903,19.430900437160957,24.655214301845508,523.7361452312073,844.4223590295343,Trending,Continuous,HoltWinters7,0.11323466324088526,2.5285429343435113,3.2768991313151328,-0.08433109341041807,19.053424657534247,3.65090447450629,0.0,0.19677392109466463,320.686213798327,High
P00620,9166.041830284414,305.5347276761471,265.17789446754483,330.3525700869417,7602.009994993132,10730.073665575695,Stable,Continuous,HoltWinters7,0.03853831275705626,11.320446254054216,14.718386985288257,-0.011970418863386257,310.04383561643834,33.174944626544786,0.0,-0.014543452964727033,3128.0636705825636,High
P00621,396.8855544450982,13.229518481503273,11.401353381877122,14.416555622451469,252.03176550698913,541.7393433832073,Stable,Continuous,HoltWinters7,0.13984730232920783,2.3828653222748915,2.830295987421494,0.001308981611749559,15.143835616438356,2.6167911061270415,0.0,-0.12640900122140297,289.7075778762181,High
P00622,493.0,16.433333333333334,13.0,18.0,337.3241033659872,648.6758966340128,Stable,Continuous,SeasonalNaive7,0.13649355664280624,2.555555555555556,3.706032865095855,-0.09964647463100094,16.89178082191781,2.8459416114177,0.0,-0.027140269780769333,311.35179326802563,High
P00623,65.91739571723379,2.197246523907793,2.197246523907793,2.197246523907793,29.362505095891716,102.47228633857586,Volatile,Continuous,SES,0.16771063593431548,0.3635888720963228,0.5313050182579616,-0.020839342851265135,2.293150684931507,0.6534342676553676,0.0,-0.0418220057032922,73.10978124268414,Medium
P00624,4457.594007325425,148.5864669108475,114.08907953846946,168.952645216928,3213.4998009006003,5701.68821375025,Seasonal,Continuous,HoltWinters7,0.06287723588820505,8.021438639912022,10.243048947869084,-0.02823826691018437,142.98356164383563,28.60649735638734,0.0,0.039185660243716613,2488.1884128496495,High
P00625,7369.105158284535,245.6368386094845,185.41358175045318,281.72479668433965,5356.151773061783,9382.058543507286,Seasonal,Continuous,HoltWinters7,0.06160119628493441,13.028228056472996,15.891714534097327,-0.03575714334218424,231.6109589041096,44.93176525100808,0.0,0.06055792770661528,4025.906770445503,High
P00626,432.3026508022458,14.41008836007486,10.613716105250017,16.709055001626094,276.92363486062317,587.6816667438685,Seasonal,Continuous,HoltWinters7,0.08881056423944793,1.189708654834047,1.4828283784660226,-0.06365648059051109,14.802739726027397,3.3344842705500772,0.0,-0.026525587372325687,310.75803188324534,High
P00627,9924.115773378286,330.80385911260953,281.67537691729717,359.0567084288544,7879.663265468247,11968.568281288324,Trending,Continuous,HoltWinters7,0.0812378166720737,23.447983182595795,28.473312970788594,-0.03986375277463645,271.386301369863,44.77734985877842,0.0,0.2189408877413026,4088.905015820077,High
P00628,4183.047805846693,139.43492686155645,122.6325964422034,150.16862330683966,3494.771327892103,4871.324283801284,Stable,Continuous,HoltWinters7,0.04907824026362408,6.5379669097256645,8.318184132484935,-0.02728502040938577,141.06438356164384,15.159778835401108,0.0,-0.0115511559966186,1376.552955909181,High
P00629,946.6140076790736,31.55380025596912,26.885698937494247,34.858974680787135,657.3514224319011,1235.8765929262458,Trending,Continuous,HoltWinters7,0.14691024342928416,4.767106398434325,5.9517629387661755,-0.08450407576591205,28.31917808219178,5.419397096799368,0.0,0.1142201996254757,578.5251704943447,High
P00630,558.4884926060099,18.616283086866996,16.094520469961065,20.079588276362685,414.2334343419701,702.7435508700496,Stable,Continuous,HoltWinters7,0.07215461526778448,1.2765011436785996,1.627537193267748,-0.011892193409810348,18.723287671232878,2.8016515092235306,0.0,-0.0057150531597229826,288.5101165280795,High
P00631,3947.69553696684,131.589851232228,115.65551589959198,142.40366279815413,3288.83470692026,4606.55636701342,Stable,Continuous,HoltWinters7,0.05459099573920995,6.720479681303054,7.9010891611798755,-0.03178516554979554,130.26986301369863,14.247750862684684,0.0,0.01013272132166576,1317.7216600931597,High
P00632,2195.7215392628555,73.19071797542851,64.21575820333457,78.80595356935154,1733.675715901716,2657.7673626239953,Stable,Continuous,HoltWinters7,0.08459855087397743,5.933553618543993,7.255485186691845,-0.017692996787763763,69.43972602739726,8.83143841350802,0.0,0.05401795431265555,924.0916467222792,High
P00633,8758.389575516414,291.94631918388046,248.2572112759089,319.0775888043407,6979.845825701799,10536.933325331027,Trending,Continuous,HoltWinters7,0.08224681283916857,21.003879654734632,28.07218869105472,-0.05776034169062703,238.84246575342465,39.160653308828635,0.0,0.22233840729679533,3557.0874996292278,High
P00634,7965.26646671393,265.5088822237977,203.54301265060647,300.6439010572975,5685.655430352539,10244.87750307532,Seasonal,Continuous,HoltWinters7,0.07172418189127143,16.80079423708328,20.918284266997414,-0.04923898056360643,262.55342465753426,51.980190597891045,0.0,0.01125659499630749,4559.222072722781,High
P00635,348.9707869787005,11.632359565956683,11.632359565956683,11.632359565956683,153.55410761674187,544.3874663406591,Volatile,Continuous,SES,0.28301082469851785,3.86960699911346,4.906680500108927,-0.10082008032274158,13.338356164383562,3.4113153973084835,0.0,-0.1279015627864456,390.83335872391723,Medium
P00636,298.4124971293902,9.947083237646341,7.596531117598213,11.27018402230621,199.96040098334728,396.8645932754331,Seasonal,Continuous,HoltWinters7,0.08169987830510259,0.7105647566500765,0.8557706415414428,-0.018153480468437674,9.60958904109589,2.1113491992814333,0.0,0.03512056500097338,196.9041922920858,High
P00637,7720.520627269108,257.3506875756369,223.12230131461783,278.17601702098693,6285.573626231121,9155.467628307095,Stable,Continuous,HoltWinters7,0.04682264735546316,11.493631593484885,14.158567183678088,-0.01906811267216042,265.4917808219178,30.5796863342818,0.0,-0.030664200681005727,2869.8940020759737,High
P00638,616.4224180357628,20.547413934525427,17.939540966356937,22.24508597597162,418.35524752028135,814.4895885512443,Stable,Continuous,HoltWinters7,0.1316951816270834,3.1216147170484603,3.825225076865592,0.005936741987203089,21.324657534246576,3.625102271748466,0.0,-0.03644811638700063,396.13434103096296,High
P00639,428.77192030916103,14.2923973436387,10.549814327763798,16.64532873856258,278.68199282010977,578.8618477982124,Seasonal,Continuous,HoltWinters7,0.08117504615796341,1.0392320888003803,1.2617451139900233,-0.022523863533288068,14.735616438356164,3.2915017091766297,0.0,-0.030078083029073888,300.1798549781026,High
P00640,464.4426344108114,15.481421147027048,13.383874545093182,16.684255249536577,340.8676133198268,588.0176555017962,Stable,Continuous,HoltWinters7,0.06656877116720555,1.0127289996347333,1.2450858859541116,-0.01758824776494215,15.897260273972602,2.3719018549532755,0.0,-0.026157911475248152,247.1500421819694,High
P00641,223.0,7.433333333333334,6.0,8.0,148.12473115103614,297.87526884896386,Stable,Continuous,SeasonalNaive7,0.14760369653986674,1.277777777777778,1.9005971122471632,-0.09397316631359183,7.83972602739726,1.3719950055326073,0.0,-0.051837614304851676,149.7505376979277,High
P00642,578.8675962031879,19.295586540106264,14.119692244588196,22.43525874121419,366.94884274325636,790.7863496631194,Seasonal,Continuous,HoltWinters7,0.08498283724166135,1.525608884269391,1.8939861897148687,-0.05722060907932519,19.986301369863014,4.500550646647962,0.0,-0.034559412318192484,423.837506919863,High
P00643,523.3478650199215,17.444928833997384,15.127696867903122,18.882276267696326,368.2840473949291,678.411682644914,Trending,Continuous,HoltWinters7,0.15473794897309626,2.662810139241173,3.3508843636554615,-0.058939962918190626,14.356164383561644,2.923204843541266,0.0,0.21515248557424527,310.1276352499849,Medium
P00644,887.4084154968082,29.580280516560272,22.106475401724968,34.03753967629339,588.2502867007212,1186.566544292895,Seasonal,Continuous,HoltWinters7,0.08219694001480093,2.2162552023252418,2.699062200573023,-0.039736208477148365,30.378082191780823,6.629282974080748,0.0,-0.026262410845553807,598.3162575921739,High
P00645,431.64665362279436,14.38822178742648,12.541102129828547,15.540053876696264,287.4968566354515,575.7964506101372,Stable,Continuous,HoltWinters7,0.13203804467042526,2.3344195368895497,2.8192364363299913,-0.014540201780654237,15.742465753424657,2.6531508202949188,0.0,-0.08602489515999567,288.2995939746857,High
P00646,3846.221478583901,128.20738261946337,111.93272614605003,138.0318726336966,3002.644597579018,4689.798359588784,Stable,Continuous,HoltWinters7,0.08126208074045599,10.68471717372757,12.642744832736064,-0.002400039070029564,131.11917808219178,16.277203946690374,0.0,-0.02220724309988542,1687.1537620097656,High
P00647,5941.15525678518,198.03850855950603,148.5543580218781,228.59975238991802,4306.075340933496,7576.235172636864,Seasonal,Continuous,HoltWinters7,0.06640142086111601,11.287394036260947,13.573827140362916,-0.051828907545028426,187.17534246575343,36.342215023551944,0.0,0.05803737795078523,3270.1598317033686,High
P00648,12270.0,409.0,409.0,409.0,0.0,25202.337784572275,Intermittent,Intermittent,Naive,1.0,158.05555555555554,264.83609718593794,-1.0,155.3794520547945,224.233325386061,0.6712328767123288,1.6322656863004399,25202.337784572275,Very Low
P00649,19497.700943768712,649.9233647922904,547.9267908561624,721.7849300555113,15732.22321430473,23263.178673232695,Trending,Continuous,HoltWinters7,0.07434444265000066,42.75280563962071,52.34118773547033,-0.06086923711348152,513.7534246575342,92.55942825652447,0.0,0.26504921154642713,7530.955458927965,High
P00650,4747.1819423955585,158.23939807985195,120.18666749617822,182.11206790164672,3430.7152066319204,6063.648678159197,Seasonal,Continuous,HoltWinters7,0.06882889256590476,9.447483340922952,11.733938618197575,-0.042512107717280534,150.96027397260275,29.982799091336485,0.0,0.04821880562147274,2632.933471527276,High
P00651,649.379647441349,21.645988248044965,18.754333026496777,23.388695768084247,438.955690436667,859.8036044460309,Stable,Continuous,HoltWinters7,0.13596892969947363,3.3664504309928756,3.9745707622732085,-0.029251235236463908,22.557534246575344,3.8447376541372837,0.0,-0.04040982443232988,420.84791400936393,High
P00652,5913.050178007196,197.10167260023988,150.0555385412388,222.090704877752,4239.852451585568,7586.247904428824,Seasonal,Continuous,HoltWinters7,0.0644650379519094,11.171465942134168,13.982390639414255,-0.028521179629715832,191.63835616438357,37.792562938766864,0.0,0.028508470565099087,3346.395452843256,High
P00653,4969.84117615178,165.66137253839267,144.88240495298533,177.03050987929268,4098.909647882582,5840.772704420977,Stable,Continuous,HoltWinters7,0.039026346349556394,5.806762684225443,7.504084592050488,-0.013346892799776222,159.7945205479452,18.50337077074201,0.0,0.03671497602251739,1741.8630565383946,High
P00654,5672.667908468808,189.08893028229357,158.43073335994794,208.0114408451331,4589.368852145936,6755.966964791679,Trending,Continuous,HoltWinters7,0.07953839310555393,13.16228371865658,16.63821153975718,-0.043253404943205086,152.02328767123288,26.141185834964464,0.0,0.24381555733236904,2166.5981126457427,High
P00655,455.354537458728,15.1784845819576,11.273416151402683,17.55319627650274,294.22073559924,616.4883393182159,Seasonal,Continuous,HoltWinters7,0.07580059937634284,1.0445764934177468,1.3118858816741656,-0.03525519606647963,15.550684931506849,3.423998388189467,0.0,-0.023934659546419268,322.2676037189759,High
P00656,265.4862270154609,8.849540900515363,7.745697550262832,9.601586696734987,178.65919119541175,352.31326283551,Stable,Continuous,HoltWinters7,0.15154116790318925,1.5207080678986864,1.8409614897837694,0.004945468862800784,9.112328767123287,1.5673227945270303,0.0,-0.028838716570021794,173.65407164009824,Medium
P00657,794.2120105257812,26.47373368419271,26.47373368419271,26.47373368419271,421.65461242727446,1166.7694086242882,Volatile,Continuous,SES,0.1904289364291539,5.023982859067698,6.2603443040061295,-0.03715208119907178,28.0972602739726,6.730567671485805,0.0,-0.05778238070007902,745.1147961970137,Medium
P00658,349.45244449208485,11.648414816402829,8.676861436401214,13.610234218433506,227.42061084318934,471.48427814098045,Seasonal,Continuous,HoltWinters7,0.10285670071216119,1.0734869699005998,1.2807800576049917,-0.09613161575303912,11.710958904109589,2.6057897782973938,0.0,-0.005340646160479023,244.0636672977911,High
P00659,12961.528166739816,432.0509388913272,370.68765327408113,469.87881824006666,10317.319305195735,15605.737028283897,Trending,Continuous,HoltWinters7,0.0724169390937391,27.67500428224397,35.01989524247404,-0.038300561707394085,356.6191780821918,59.87117092300059,0.0,0.2115190809837777,5288.417723088161,High
P00660,5339.081726798338,177.96939089327796,137.9379169755308,200.2773757836097,3813.9277939599106,6864.235659636766,Seasonal,Continuous,HoltWinters7,0.05958767382406437,9.242663577642887,11.24728345794189,-0.0193592992270062,176.93287671232878,34.6816940949173,0.0,0.005858233925820411,3050.3078656768557,High
P00661,588.1644456705998,19.605481522353326,19.605481522353326,19.605481522353326,292.1636538157535,884.1652375254462,Volatile,Continuous,SES,0.18370304224356437,3.5904321458163664,4.574875589587818,-0.04662746492503827,20.517808219178082,5.331824438450346,0.0,-0.044465114747100576,592.0015837096927,Medium
P00662,4458.825786685006,148.62752622283355,148.62752622283355,148.62752622283355,3458.402435984406,5459.249137385606,Stable,Continuous,SES,0.09176270727569795,13.69568649156848,17.44371932204503,-0.04700522451229844,146.36712328767123,18.61270901409813,0.0,0.015443378843483124,2000.8467014012003,High
P00663,1771.0,59.03333333333333,44.0,73.0,1257.7936609553865,2284.2063390446133,Seasonal,Continuous,SeasonalNaive7,0.0704137972912634,3.766666666666667,4.731593950686097,-0.05105730057479929,58.965753424657535,11.563158932285805,0.0,0.0011460874278854671,1026.4126780892268,High
P00664,333.0241232822504,11.100804109408347,11.100804109408347,11.100804109408347,144.09787241195647,521.9503741525443,Volatile,Continuous,SES,0.20274589047239966,2.6995201404764977,3.707067599708123,-0.07639428823415849,12.526027397260274,3.347706763648819,0.0,-0.11378094927076843,377.85250174058785,Medium
P00665,133.0,4.433333333333334,4.0,5.0,76.55349856700394,189.44650143299606,Seasonal,Continuous,SeasonalNaive7,0.13003663003663005,0.6444444444444444,1.0219518833062995,-0.08800366300366301,4.795890410958904,1.1358889554495692,0.0,-0.07559744834809101,112.89300286599212,High
P00666,510.0,17.0,17.0,17.0,221.04052727884613,798.9594727211538,Volatile,Continuous,Naive,0.2140933140933141,4.122222222222223,5.249712073343482,-0.011038961038961037,19.447945205479453,5.196617280787016,0.0,-0.12587166302740016,577.9189454423076,Medium
P00667,412.6247726979166,13.754159089930555,10.100210625019967,16.08755171577143,245.46712293998183,579.7824224558515,Seasonal,Continuous,HoltWinters7,0.13907176653259892,2.1127999355635314,2.6939088075441613,-0.0860224177137995,14.827397260273973,3.4018174870327256,0.0,-0.0723821012888668,334.31529951586964,High
P00668,705.400283569198,23.51334278563993,20.653047679638746,25.273020029074004,485.45497150715215,925.3455956312438,Stable,Continuous,HoltWinters7,0.14181433515162983,3.7463253428554637,4.45112064522801,-0.03746205629183703,24.2986301369863,4.029197047542418,0.0,-0.03231817377848967,439.89062412409163,High
P00669,213.1658095694781,7.105526985649271,7.105526985649271,7.105526985649271,97.49503381439385,328.8365853245624,Volatile,Continuous,SES,0.21703193341731045,1.766792013254088,2.251546376578539,-0.07353351941766091,8.152054794520549,2.086642447764439,0.0,-0.12837595370123223,231.34155151016856,Medium
P00670,180.0,6.0,6.0,6.0,126.79786446122762,233.20213553877238,Stable,Continuous,Naive,0.08664971097552854,0.5555555555555555,0.7495892435715867,-0.004434750705370821,6.704109589041096,1.0317907450684392,0.0,-0.10502656313853698,106.40427107754476,High
P00671,350.82484144667274,11.694161381555757,11.694161381555759,11.694161381555759,143.28105070767162,558.368632185674,Volatile,Continuous,SES,0.23740694091070355,3.3337947984502434,4.595743331302121,-0.14607697445885506,13.38082191780822,3.6623864855228794,0.0,-0.12605059290175036,415.08758147800233,Medium
P00672,10935.008547034964,364.50028490116546,311.59925575967515,396.34418666558923,8396.597267153391,13473.419826916537,Trending,Continuous,HoltWinters7,0.1020659196431372,36.14299598757754,46.93142277466828,-0.04913885128248283,305.74520547945207,58.22142832626179,0.0,0.19217007615729265,5076.822559763146,High
P00673,658.0390267282104,21.93463422427368,21.93463422427368,21.93463422427368,452.1951427902978,863.882910666123,Stable,Continuous,SES,0.1529500998804517,3.6764530339048718,4.450599010951422,-0.07163873252381457,22.279452054794522,3.767777574047112,0.0,-0.015476943942462795,411.6877678758253,Medium
P00674,5816.61188281656,193.887062760552,162.27487360710188,210.8070624371307,4581.922490461965,7051.301275171155,Trending,Continuous,HoltWinters7,0.07770805814226128,13.648383802977891,16.80664860936534,-0.048627833738212146,167.1260273972603,27.34929789424018,0.0,0.1601248816839309,2469.37878470919,High
P00675,360.0,12.0,12.0,12.0,120.36400398177972,599.6359960182202,Volatile,Continuous,Naive,0.15864223995484075,2.6222222222222222,3.2924443313210303,0.015735614874677787,17.046575342465754,4.252396474081336,0.0,-0.296046287367406,479.2719920364405,Medium
P00676,1710.0,57.0,57.0,57.0,1364.345643897048,2055.654356102952,Trending,Continuous,Naive,0.1143892804742183,5.599999999999999,7.317490096448988,-0.0366942150404441,40.33698630136986,8.165394321803394,0.0,0.4130951572369761,691.3087122059042,High
P00677,779.172699235778,25.97242330785927,25.97242330785927,25.97242330785927,324.2545390232154,1234.0908594483408,Volatile,Continuous,SES,0.21504516267042514,6.764063959579836,9.375940569005603,-0.06352218850325313,29.34931506849315,8.197654709738746,0.0,-0.11505862241599685,909.8363204251255,Medium
P00678,619.5966587695269,20.65322195898423,15.228224837693915,23.798401646300107,396.6237839767294,842.5695335623244,Seasonal,Continuous,HoltWinters7,0.0779589024465221,1.4838834239687755,1.9119980063792505,-0.042507940494741825,21.386301369863013,4.722049817288341,0.0,-0.03427798936340709,445.945749585595,High
P00679,2974.0227484063057,99.13409161354352,99.13409161354352,99.13409161354352,1749.2004923188067,4198.8450044938045,Volatile,Continuous,SES,0.19692906476589597,20.155815141461094,26.3974722146104,-0.042286043704354036,93.9986301369863,22.43377691213403,0.0,0.0546333650721631,2449.6445121749975,Medium
P00680,7247.51806312125,241.583935437375,207.38002319782981,263.9601326408055,5600.827806838336,8894.208319404164,Trending,Continuous,HoltWinters7,0.09760554381579283,22.600678197666877,28.65953015295872,-0.04325619938499792,197.34109589041097,37.08367558215003,0.0,0.22419475957270096,3293.380512565828,High
P00681,1132.2102600871,37.74034200290334,32.69256635540823,40.75587230386665,883.9857440053592,1380.434776168841,Stable,Continuous,HoltWinters7,0.08391610966917445,3.213170333286154,3.9893508612719386,-0.050489670213176276,37.415068493150685,4.691181091841853,0.0,0.008693649987897345,496.4490321634818,High
P00682,807.3017674454347,26.910058914847824,23.29559401788167,29.022080066426714,583.0850611289009,1031.5184737619686,Stable,Continuous,HoltWinters7,0.06156537703614944,1.712912539482727,2.12455114482468,-0.008015072784519387,29.421917808219177,4.366610013622454,0.0,-0.08537373089491984,448.43341263306775,High
P00683,206.0,6.866666666666666,6.0,7.0,138.54892223238974,273.45107776761023,Stable,Continuous,SeasonalNaive7,0.15742862250310716,1.1888888888888889,1.7478922626267683,-0.09126931011133332,7.002739726027397,1.222780187200943,0.0,-0.019431403234220213,134.9021555352205,Medium
P00684,10169.590391711425,338.98634639038085,296.48227977073583,364.5843031571628,8503.558352716143,11835.622430706706,Stable,Continuous,HoltWinters7,0.047934285106467474,15.311632614266657,20.190160685846664,-0.035787840210974975,337.41506849315067,36.08550344164922,0.0,0.004656810095196029,3332.0640779905625,High
P00685,3366.2934396555193,112.20978132185064,95.92586354293753,123.57290448116308,2618.1119852924617,4114.474894018577,Trending,Continuous,HoltWinters7,0.08894927067030227,9.594148417943586,12.743430474899414,-0.05816465450415323,90.68904109589042,17.192064887650623,0.0,0.23730254467246148,1496.3629087261156,High
P00686,9276.6759831687,309.22253277229,262.0758469124527,343.125510290327,7245.1091552475245,11308.242811089873,Trending,Continuous,HoltWinters7,0.07550548562529408,21.512559989502435,27.27995033630211,-0.02169352167564258,270.71232876712327,44.44709234459574,0.0,0.14225508007171195,4063.133655842348,High
P00687,7773.0343365442695,259.10114455147567,202.1336677869599,287.5643678569321,5554.561199915116,9991.507473173422,Seasonal,Continuous,HoltWinters7,0.06819241610456038,15.237695290329421,18.398327479445836,-0.03272319077744138,248.8,49.55924804933347,0.0,0.04140331411364806,4436.946273258306,High
P00688,589.6780004237977,19.655933347459925,14.31456708421264,23.032490172102197,373.578111369374,805.7778894782214,Seasonal,Continuous,HoltWinters7,0.08607801746046152,1.5751183566040563,1.9874376140388275,-0.011191851750617607,21.221917808219178,4.752885098119232,0.0,-0.07379090216590856,432.19977810884734,High
P00689,16354.130064995787,545.1376688331928,452.5926637073136,602.6441550833606,13412.74016865369,19295.519961337883,Trending,Continuous,HoltWinters7,0.07984659814968796,37.067559345765396,47.436970963326566,-0.053510425604367834,404.8082191780822,72.42697614402753,0.0,0.3466566215973428,5882.779792684192,High
P00690,1003.4511780555983,33.44837260185328,28.15255473833994,36.83711418295497,671.1673264969784,1335.7350296142183,Trending,Continuous,HoltWinters7,0.14420159912592007,5.424383994995041,6.906874459786647,-0.08430057967807181,31.843835616438355,6.358537380054044,0.0,0.050387679572954314,664.56770311724,High
P00691,121.42742016344052,4.047580672114684,4.047580672114684,4.047580672114684,56.15848441717888,186.69635590970213,Volatile,Continuous,SES,0.18319255952849242,0.720968921261417,1.0062804523730524,-0.01064094070329709,4.301369863013699,1.18037137569074,0.0,-0.059001945654866605,130.53787149252327,Medium
P00692,360.0,12.0,12.0,12.0,270.1448916871094,449.8551083128906,Stable,Continuous,Naive,0.06521967122607303,0.7111111111111111,1.023498830635887,-0.016494394954195368,11.523287671232877,1.7229604588964007,0.0,0.041369472182596345,179.7102166257812,High
P00693,3910.7217602277874,130.35739200759292,110.77285758295457,142.25808688713977,3095.643613319949,4725.799907135626,Trending,Continuous,HoltWinters7,0.07772516173002113,8.923768026577088,11.249931779862342,-0.044926246123290964,108.85753424657534,17.76995134676661,0.0,0.19750454490653646,1630.1562938156771,High
P00694,899.7545635451902,29.991818784839673,22.947909510270843,34.891720681122365,559.2695023005267,1240.2396247898537,Seasonal,Continuous,HoltWinters7,0.13345355924553995,4.068459424282543,4.915848936921509,-0.045675806645075985,30.235616438356164,6.904350825318119,0.0,-0.008063260559398322,680.970122489327,High
P00695,375.2148858180469,12.507162860601564,9.291554073066193,14.44381815600468,229.43036922817515,520.9994024079188,Seasonal,Continuous,HoltWinters7,0.13573955557256537,1.763873032247096,2.194729363484314,-0.047199105075150065,12.886301369863014,2.968874430201225,0.0,-0.029421825423711967,291.5690331797436,High
P00696,7466.0,248.86666666666667,173.0,293.0,5431.266715058053,9500.733284941947,Seasonal,Continuous,SeasonalNaive7,0.07496225861700194,16.3,20.271976424263755,-0.05825720424950689,235.61369863013698,45.490574899452675,0.0,0.056248716070341986,4069.4665698838944,High
P00697,615.0318148943288,20.501060496477628,17.77415958658661,22.37758277954275,448.8310608881047,781.232568900553,Stable,Continuous,HoltWinters7,0.05491593753372606,1.115101704924341,1.4142542872128148,-0.021071854048029637,21.46712328767123,3.232149662194797,0.0,-0.04500196781132859,332.40150801244835,High
P00698,3529.930545918395,117.66435153061317,99.63531321887248,128.15720721502467,2800.9699977777086,4258.891094059082,Trending,Continuous,HoltWinters7,0.07789923782597939,8.162711599003048,10.20002089234798,-0.04406540082716145,97.86849315068493,16.48091448639635,0.0,0.20226998232668425,1457.9210962813736,High
P00699,270.0,9.0,9.0,9.0,170.9867831418639,369.0132168581361,Seasonal,Continuous,Naive,0.14767950752657144,1.2777777777777777,1.6271558098293541,-0.004927138940989755,8.79041095890411,2.053112621319001,0.0,0.02384291725105192,198.0264337162722,High
P00700,2924.044659564581,97.46815531881936,84.49380353491799,103.92912941545674,2400.140938775081,3447.9483803540807,Stable,Continuous,HoltWinters7,0.04307008442010604,4.007873857962211,5.143454007511658,-0.01189634159709166,99.67945205479452,11.138792172285507,0.0,-0.022184077965833993,1047.8074415789997,High
P00701,4296.636233425704,143.2212077808568,107.7805068589958,163.87411090330022,3071.82312244028,5521.449344411127,Seasonal,Continuous,HoltWinters7,0.05564604258873208,6.96210921860023,8.541388610443391,-0.009850287764050003,141.0082191780822,27.393238346577224,0.0,0.01569403979196249,2449.626221970847,High
P00702,227.4636828116263,7.582122760387544,5.671878493751276,8.735232503525598,129.90976867482036,325.0175969484323,Seasonal,Continuous,HoltWinters7,0.15102081251808638,1.2645231383997222,1.5521087631550712,-0.07081251071423135,8.495890410958904,2.0415732896200645,0.0,-0.10755407689730612,195.10782827361194,Medium
P00703,60.0,2.0,2.0,2.0,19.21704348242854,100.78295651757146,Volatile,Continuous,Naive,0.14287721411009083,0.3333333333333333,0.6043896044794516,-0.13262080385368055,2.595890410958904,0.734966075412117,0.0,-0.2295514511873351,81.56591303514293,High
P00704,780.9005795542389,26.03001931847463,19.652039130864576,29.945731176790563,476.55497958734344,1085.2461795211345,Seasonal,Continuous,HoltWinters7,0.146251239434701,3.982634634413754,4.882040087636322,-0.06913100126477277,26.78904109589041,6.2025164512096955,0.0,-0.02833329400253226,608.691199933791,High
P00705,849.29318775571,28.309772925190334,21.261070585232567,32.53856025050137,525.8714397892087,1172.7149357222115,Seasonal,Continuous,HoltWinters7,0.13452952189227205,3.9511281694906053,4.809496819497635,-0.03836738537980899,28.934246575342467,6.720037787675499,0.0,-0.0215825094503862,646.8434959330028,High
P00706,2943.9528643129147,98.13176214376382,86.1290747696555,105.58877698685026,2301.860943019029,3586.0447856068004,Stable,Continuous,HoltWinters7,0.07315331055821371,7.198222430657992,8.941971470316261,-0.0211707488957411,95.56164383561644,12.203337038688707,0.0,0.02689487335073948,1284.1838425877713,High
P00707,337.6335408749253,11.25445136249751,8.383827862993858,13.064302909927818,212.74490885470428,462.52217289514635,Seasonal,Continuous,HoltWinters7,0.09917769689774014,1.0352155034416715,1.2496758084969768,-0.056052125986393,11.765753424657534,2.6602143739272,0.0,-0.04345680584198597,249.77726404044208,High
P00708,595.2559455066801,19.84186485022267,17.20385358505979,21.554870335116778,465.5941677947498,724.9177232186103,Trending,Continuous,HoltWinters7,0.09773433421106202,1.7449970726296087,2.379674111386554,-0.06229267927635062,15.182191780821919,2.863796173410469,0.0,0.3069170207220562,259.32355542386045,High
P00709,637.5451897893367,21.251506326311226,15.810054353435564,24.713414039790138,413.39012334912667,861.7002562295469,Seasonal,Continuous,HoltWinters7,0.07832168302309768,1.4785728379377654,1.8245562606077976,-0.02766780122277086,21.294520547945204,4.8139141724869825,0.0,-0.0020199666640594582,448.3101328804202,High
P00710,18057.113955171975,601.9037985057325,497.46702695443366,656.1024999742476,14413.629184491008,21700.598725852942,Trending,Continuous,HoltWinters7,0.06869097126257664,38.7922854081362,48.20884024514633,-0.04098270135864939,520.8821917808219,86.71946688936885,0.0,0.1555468933347659,7286.969541361934,High
P00711,3022.9958773070784,100.76652924356928,88.79610503208863,108.68880157252225,2523.9461838701964,3522.0455707439605,Stable,Continuous,HoltWinters7,0.0485104988720421,4.60578926565926,5.773670424040394,-0.03124715855620641,100.17671232876712,10.778108949321387,0.0,0.005887764741833834,998.0993868737642,High
P00712,1922.645022414985,64.08816741383283,57.54556238831087,67.70868678340844,1574.3549864458914,2270.9350583840787,Stable,Continuous,HoltWinters7,0.051272532581487895,3.1361204048282114,3.7420601530394872,-0.0217325250727701,65.56301369863014,7.349178669698652,0.0,-0.022495095963352973,696.5800719381873,High
P00713,7096.849334513809,236.56164448379363,204.40284458847066,253.32773202791338,5759.75561032858,8433.943058699038,Stable,Continuous,HoltWinters7,0.04329363933941133,9.727163512060633,12.21424696772118,-0.022369485925522625,242.85753424657534,28.32297519599366,0.0,-0.025924210184846253,2674.1874483704587,High
P00714,597.8571428571428,19.928571428571427,19.928571428571427,19.928571428571427,329.14209169036315,866.5721940239225,Volatile,Continuous,RollingMean28,0.15632389065980784,3.01984126984127,3.7999997941073276,-0.02749793916922871,20.19041095890411,4.8435797275474695,0.0,-0.012968509202989198,537.4301023335594,Medium
P00715,103.84205741720073,3.461401913906691,3.461401913906691,3.461401913906691,58.61865615265354,149.0654586817479,Volatile,Continuous,SES,0.16793141493603467,0.5246751480560096,0.7668200805621063,-0.025293066676814774,3.3493150684931505,0.8181117285912114,0.0,0.03346560210711025,90.44680252909437,Medium
P00716,6528.214285714286,217.60714285714286,217.60714285714286,217.60714285714286,4103.198428231829,8953.230143196744,Volatile,Continuous,RollingMean28,0.1885305810353056,38.89126984126984,46.54792945223621,-0.05505805335056291,187.83972602739726,43.750825944705355,0.0,0.1584724246531528,4850.031714964915,Medium
P00717,4161.930981929726,138.73103273099088,119.83738803814954,150.3158872316508,3225.8360916990932,5098.0258721603595,Trending,Continuous,HoltWinters7,0.11987286701270006,15.72663890982419,20.139818629774634,-0.06862403035999816,109.2931506849315,20.842780269764788,0.0,0.26934791303548766,1872.1897804612663,High
P00718,3960.0,132.0,132.0,132.0,2439.9416277859104,5480.05837221409,Volatile,Continuous,RollingMean28,0.19426800546858328,24.68095238095238,31.284872922350825,-0.03821052268719843,115.35753424657534,27.892889476519024,0.0,0.14426856348933037,3040.1167444281796,Medium
P00719,632.0002975739391,21.066676585797968,21.066676585797968,21.066676585797968,308.7145615530853,955.2860335947928,Volatile,Continuous,SES,0.2438121581960824,5.614517201273645,7.12292859375253,-0.024173676069883288,23.317808219178083,5.897648794856891,0.0,-0.09654130492113056,646.5714720417075,Medium
P00720,19930.751743801295,664.3583914600432,567.7860078341726,726.4136190201298,16365.485886100922,23496.01760150167,Trending,Continuous,HoltWinters7,0.07110914568223559,41.239573735301754,50.9979667051745,-0.046706883619446506,518.1465753424658,87.08672589873733,0.0,0.2821823458370629,7130.531715400748,High
P00721,4144.9640242816995,138.16546747605665,138.16546747605665,138.16546747605665,2562.3496376840617,5727.578410879337,Volatile,Continuous,SES,0.17989379988070742,25.060484891577385,33.57169009933774,-0.0449949346603792,125.4931506849315,28.64111373699062,0.0,0.10098014690013479,3165.228773195275,Medium
P00722,1124.7073838355761,37.49024612785254,31.71616143873485,40.823610370235535,767.6223878580221,1481.79237981313,Trending,Continuous,HoltWinters7,0.15749556152206465,6.344989341798342,7.965315887713591,-0.034912086397294546,33.71232876712329,6.718480648459553,0.0,0.11206337559253754,714.169991955108,Medium
P00723,304.58130680148827,10.152710226716275,10.152710226716275,10.152710226716275,116.99319247039396,492.1694211325825,Volatile,Continuous,SES,0.2479456482016997,3.1764612963721395,4.233772884129333,-0.04715587853183198,12.871232876712329,3.420244716938566,0.0,-0.21120918843094072,375.1762286621885,Medium
P00724,4267.5,142.25,142.25,142.25,0.0,15656.797114471256,Intermittent,Intermittent,RollingMean28,1.4479249816326432,169.24761904761905,183.31277282881595,0.10261087664519657,144.6767123287671,196.85951242579935,0.6438356164383562,-0.016773344442971516,15656.797114471256,Very Low
P00725,4928.119719322315,164.27065731074384,121.81457071034282,189.85629611679852,3541.9366316140777,6314.302807030553,Seasonal,Continuous,HoltWinters7,0.06594135629252484,9.494094550587489,11.984715353139364,-0.047348974224148105,162.68082191780823,31.633286099407712,0.0,0.009772727812617399,2772.366175416475,High
P00726,6805.088398546498,226.83627995154993,199.0127599833563,243.71055241115312,5262.025317729579,8348.151479363418,Stable,Continuous,HoltWinters7,0.07675319340203186,18.490051986448417,23.535739085719424,-0.025168504352442958,233.64109589041095,29.626850960524937,0.0,-0.029125081411417564,3086.126161633839,High
P00727,822.933926774078,27.431130892469266,20.338282771787156,31.711861413808933,507.32289638457445,1138.5449571635816,Seasonal,Continuous,HoltWinters7,0.1629673065026275,4.415308328045419,5.3203218321723975,-0.09695071177425425,27.67808219178082,6.481095154102232,0.0,-0.008922269165921093,631.222060779007,Medium
P00728,0.0,0.0,0.0,0.0,0.0,2038.4431474280955,Intermittent,Intermittent,Naive,1.3684879288437102,31.78888888888889,47.62701428212304,0.02922490470139764,25.315068493150687,35.14870495298291,0.6534246575342466,-1.0,2038.4431474280955,Very Low
P00729,687.9297551717656,22.93099183905885,22.93099183905885,22.93099183905885,285.0510400695053,1090.808470274026,Volatile,Continuous,SES,0.22102257324589328,6.422170581174732,8.35747616963105,-0.09044402944738365,28.384931506849316,7.456212758892055,0.0,-0.19214207603334965,805.7574302045207,Medium
P00730,750.3739506412571,25.012465021375238,25.012465021375238,25.012465021375238,512.2827547121427,988.4651465703716,Stable,Continuous,SES,0.14721396278194296,4.151518854910397,4.943330971946806,-0.06232223913476354,25.612328767123287,4.323872077302042,0.0,-0.02342089824014959,476.1823918582289,High
P00731,955.1951130376444,31.839837101254815,26.91499317257751,34.986999138719845,652.9081729654986,1257.4820531097903,Trending,Continuous,HoltWinters7,0.15948652238579406,5.262640650744308,6.3883987042662085,-0.05096169637844598,28.436986301369863,5.739617736020579,0.0,0.11966284907346281,604.5738801442917,Medium
P00732,1847.870900147537,61.59569667158457,55.252423994526524,65.08874299490397,1436.3666108440507,2259.3751894510233,Stable,Continuous,HoltWinters7,0.08347018641169833,5.0798493939123786,6.080136708864653,-0.004120825747154582,60.1986301369863,7.851869202473578,0.0,0.02320761338620403,823.0085786069726,High
P00733,11903.380565154146,396.7793521718049,344.4967546132452,427.81213615058294,9814.700868740845,13992.060261567445,Stable,Continuous,HoltWinters7,0.04633286400625105,17.87862693135145,21.84291281969556,-0.010971297604421284,411.7671232876712,44.87376610802005,0.0,-0.036398659019203694,4177.3593928266,High
P00734,10825.412835821431,360.84709452738105,302.3741647734594,392.4214967407295,8486.630502597654,13164.195169045208,Trending,Continuous,HoltWinters7,0.06986673794242816,23.24666088422291,29.459895349626123,-0.03264212017217558,313.66712328767125,50.82356191531457,0.0,0.150414142053517,4677.5646664475535,High
P00735,281.7857142857143,9.392857142857142,9.392857142857142,9.392857142857142,124.83120211016814,438.7402264612604,Volatile,Continuous,RollingMean28,0.1748810300655029,1.700793650793651,2.1738072663050967,-0.02128443626083071,10.487671232876712,2.820751303545789,0.0,-0.10439058068368423,313.9090243510923,Medium
P00736,11793.355259963255,393.11184199877516,336.0373837035521,426.53826273999556,9150.247036386128,14436.463483540381,Trending,Continuous,HoltWinters7,0.10509802646371798,38.899916053576106,47.677797708744656,-0.0491558323256018,312.8945205479452,60.85850009987346,0.0,0.25637176806532835,5286.216447154253,High
P00737,106.07142857142857,3.5357142857142856,3.5357142857142856,3.5357142857142856,55.43878401979539,156.70407312306173,Volatile,Continuous,RollingMean28,0.19448936807427372,0.6507936507936507,0.8109617840995026,-0.05405810122791255,3.558904109589041,0.9207016493650818,0.0,-0.0065160013196964295,101.26528910326634,Medium
P00738,1724.9191996982825,57.49730665660942,57.49730665660942,57.49730665660942,1038.3621531170772,2411.476246279488,Volatile,Continuous,SES,0.18954342869414434,10.59450412441002,13.900028029028826,-0.058130516188497454,52.71506849315068,12.299014327362073,0.0,0.09071861803765069,1373.1140931624107,Medium
P00739,539.5044871967488,17.98348290655829,13.681083971867519,20.749866460086235,354.2781302397814,724.730844153716,Seasonal,Continuous,HoltWinters7,0.09338737818395508,1.5041917747615037,1.8311605148411267,-0.07468021548117597,17.74931506849315,3.9138747001003225,0.0,0.013193063347036516,370.45271391393464,High
P00740,524.7933626546284,17.493112088487614,15.10436515731345,19.094752755186306,382.59320229845554,666.9935230108013,Stable,Continuous,HoltWinters7,0.062203995276996805,1.0915403541312567,1.3791922660333118,0.008741292417927768,18.434246575342467,2.7455772729770547,0.0,-0.05105359109787044,284.4003207123457,High
P00741,8568.440630418576,285.61468768061917,241.28898200716722,311.0667407493841,6667.883952551044,10468.997308286109,Trending,Continuous,HoltWinters7,0.08633914575558645,22.146400117308996,28.24341817665554,-0.05522955634503507,242.86849315068494,40.60548888380848,0.0,0.17600551629977312,3801.113355735065,High
P00742,60.0,2.0,2.0,2.0,21.58699508550727,98.41300491449273,Volatile,Continuous,Naive,0.17777275239961807,0.41111111111111115,0.6268723059757381,0.01820443238353686,2.5178082191780824,0.689195962176778,0.0,-0.205658324265506,76.82600982898546,Medium
P00743,23226.81968434503,774.227322811501,653.3632723822597,850.916917105963,18791.853339439396,27661.786029250667,Trending,Continuous,HoltWinters7,0.0740795655363466,49.69247012911196,60.12706170928391,-0.04804322475425582,608.7424657534247,106.49910696999726,0.0,0.2718470722315389,8869.93268981127,High
P00744,1352.8063529649426,45.09354509883142,38.3980680370973,48.87496636711757,1057.8641911073116,1647.7485148225737,Trending,Continuous,HoltWinters7,0.07909180820627958,3.308866197927267,4.25262499769971,-0.04999927674819885,39.57945205479452,6.540565806647488,0.0,0.13931706372294106,589.8843237152621,High
P00745,161.17937263297938,5.372645754432646,5.3726457544326465,5.3726457544326465,70.15262956619416,252.2061156997646,Volatile,Continuous,SES,0.26434692182307556,1.6478071133369347,2.1065886931203965,-0.08379003508345866,6.135616438356164,1.6361712024860466,0.0,-0.12435110499311652,182.05348613357046,Medium
P00746,503.661200373458,16.788706679115265,16.788706679115265,16.788706679115265,304.15634549005296,703.1660552568629,Volatile,Continuous,SES,0.1902572023372973,3.3208358644923,4.285112595310192,-0.06862797084163788,15.680821917808219,3.56953876646273,0.0,0.07065221243593456,399.00970976681,Medium
P00747,558.5581880232522,18.61860626744174,16.40225144294361,19.952955529943633,416.84188425879927,700.2744917877051,Stable,Continuous,HoltWinters7,0.05784621408519811,1.0078734954611235,1.2544016981805672,0.01251053144529702,18.23013698630137,2.740074239855478,0.0,0.02130918058554787,283.4326075289058,High
P00748,11715.749140410771,390.5249713470257,326.59490915834107,430.486381835408,9068.586339945265,14362.911940876276,Trending,Continuous,HoltWinters7,0.07126461014346938,25.598947545552083,32.32605046177946,-0.01639687245479418,343.2178082191781,57.18552543188395,0.0,0.13783423235905445,5294.325600931012,High
P00749,6060.0,202.0,202.0,202.0,3538.51200090386,8581.48799909614,Volatile,Continuous,Naive,0.17442715070991013,37.666666666666664,43.90432086379382,0.008476623010502627,196.82739726027398,45.08285699230025,0.0,0.026279891985189652,5042.97599819228,Medium
P00750,8056.547313911345,268.5515771303782,204.49445759562974,309.95298962261745,5820.022507766738,10293.072120055951,Seasonal,Continuous,HoltWinters7,0.07391127748563812,17.806745598315228,22.27725485055339,-0.053927723798385084,263.2808219178082,50.5275248774625,0.0,0.020019518224595245,4473.049612289213,High
P00751,90.0,3.0,3.0,3.0,56.11175875325454,123.88824124674545,Trending,Continuous,Naive,0.1438047623956293,0.46666666666666673,0.6658307154068885,0.07905112874961344,2.7753424657534245,0.6319740279425348,0.0,0.08094768015794673,67.7764824934909,High
P00752,4370.722838792734,145.69076129309116,128.20290816533088,156.7400803882716,3418.7936899415613,5322.651987643909,Stable,Continuous,HoltWinters7,0.08484851801557351,12.445311431292245,14.830919184419002,0.003972151306254175,145.4095890410959,18.351339189188412,0.0,0.0019336568781291863,1903.8582977023475,High
P00753,6639.462130318038,221.3154043439346,185.46443246816338,242.07540722077223,5208.515161235524,8070.409099400551,Trending,Continuous,HoltWinters7,0.06884526311093218,13.885784808111252,16.97920686831188,-0.039996587931144655,184.93698630136987,31.90071835841752,0.0,0.19670709883464377,2861.893938165027,High
P00754,471.9127431571523,15.730424771905076,13.569732819298382,17.060251182798634,339.2425395982977,604.5829467160069,Stable,Continuous,HoltWinters7,0.06620015543850549,1.0114592754889726,1.2124598338795656,-0.004561498773092465,16.3,2.556709347699605,0.0,-0.034943265527295986,265.34040711770916,High
P00755,120.0,4.0,4.0,4.0,79.04857528255826,160.95142471744174,Stable,Continuous,Naive,0.1360478936125789,0.6333333333333333,0.9055174356115111,0.09354672919711544,4.124657534246575,0.7441183774428857,0.0,-0.03022251743606763,81.90284943488348,High
P00756,10723.356355058711,357.44521183529037,313.16795492431874,382.24158422183183,8990.888269382895,12455.824440734528,Stable,Continuous,HoltWinters7,0.04260942908315327,14.495680418476304,18.545279671948798,-0.025767694793243947,356.8041095890411,37.141722195796596,0.0,0.0017967905330116274,3464.9361713516337,High
P00757,4857.718474918537,161.92394916395125,142.94589136223152,170.85616189042665,3994.9728141265045,5720.46413571057,Stable,Continuous,HoltWinters7,0.05507448191205541,8.378879855587451,10.37752368926416,-0.03814619599506388,163.03561643835616,18.3747408918623,0.0,-0.006818554734788429,1725.4913215840656,High
P00758,10173.526793808205,339.11755979360686,287.47068895207906,373.03302120905073,8037.930164016865,12309.123423599547,Trending,Continuous,HoltWinters7,0.06850916176321148,21.081640676277164,25.65393632670762,-0.035056175904293975,285.2972602739726,47.39149754041158,0.0,0.18864639452881637,4271.193259582682,High
P00759,8010.0,267.0,267.0,267.0,6058.101262802965,9961.898737197034,Volatile,Continuous,Naive,0.1826794057067593,31.066666666666663,39.81652545383553,0.0317501985524293,150.17808219178082,35.712786022378644,0.0,0.777889263887622,3903.7974743940695,Medium
P00760,424.0,14.133333333333333,0.0,106.0,36.86055487883755,3327.5458384087183,Intermittent,Intermittent,SeasonalNaive7,1.0463032725128574,44.71111111111111,67.60605380956383,-0.3803681986438235,36.12465753424657,49.97828960983215,0.6520547945205479,-0.608762150341916,3290.6852835298805,Very Low
P00761,506.47991631626314,16.88266387720877,16.88266387720877,16.88266387720877,223.2803125317661,789.6795201007602,Volatile,Continuous,SES,0.22842107478017618,4.430764463085047,5.7713729658726685,-0.043712804464400144,19.494520547945207,5.06101022818128,0.0,-0.13397901550401226,566.3992075689941,Medium
P00762,195.0,6.5,6.5,6.5,97.82949841727468,292.17050158272536,Volatile,Continuous,RollingMean28,0.16636733620046282,1.0563492063492064,1.368185811433544,-0.034548507642994046,6.963013698630137,1.7576020927417473,0.0,-0.06649616368286448,194.34100316545067,Medium
P00763,778.3186156305237,25.94395385435079,20.07525244056957,29.47486648645585,474.1807173020174,1082.45651395903,Seasonal,Continuous,HoltWinters7,0.1352622679587741,3.6143398458881575,4.486621682557111,-0.042547202851059986,27.04794520547945,6.270023826897341,0.0,-0.040816089456769844,608.2757966570125,High
P00764,0.0,0.0,0.0,0.0,0.0,9084.996002832373,Intermittent,Intermittent,Naive,1.0,110.3,185.81582421131682,-1.0,110.34520547945205,157.07255454485727,0.6643835616438356,-1.0,9084.996002832373,Very Low
P00765,184.0,6.133333333333334,5.0,8.0,111.62980484216052,256.3701951578395,Seasonal,Continuous,SeasonalNaive7,0.15649684286192728,0.9888888888888889,1.509197407307427,-0.11122989519771935,6.335616438356165,1.5066264118419421,0.0,-0.03192792792792787,144.74039031567895,Medium
P00766,13051.910175600464,435.0636725200155,368.24755659799155,462.4978650089278,10382.359397827442,15721.460953373487,Trending,Continuous,HoltWinters7,0.08695153017559869,33.58395081616738,41.14396596248645,-0.04160608872583707,356.36712328767123,59.11291665021796,0.0,0.22082999269497083,5339.101555546045,High
P00767,8214.64460401663,273.82148680055434,239.77457286232678,293.8720506775693,6877.270068845247,9552.019139188013,Stable,Continuous,HoltWinters7,0.050185364696531946,13.061028883468998,15.780807347066022,-0.01375900177067213,277.7246575342466,29.345668379269206,0.0,-0.014054102247694544,2674.7490703427657,High
P00768,1038.5986984603737,34.61995661534579,34.61995661534579,34.61995661534579,632.6765646500655,1444.520832270682,Volatile,Continuous,SES,0.15670603708534045,5.342770119878204,7.003444826828954,-0.04055518142121212,32.00821917808219,7.336694953878819,0.0,0.08159583707962104,811.8442676206164,Medium
P00769,620.6100927552311,20.68700309184104,16.322053908751055,23.200849865713923,408.6938672286351,832.5263182818271,Seasonal,Continuous,HoltWinters7,0.0888331074738355,1.5720967469987503,1.8879579642182838,-0.05955756052080099,20.03150684931507,4.529778826540446,0.0,0.03272326178239471,423.832451053192,High
P00770,2935.8325131697516,97.86108377232505,97.86108377232505,97.86108377232505,1729.0848942097334,4142.5801321297695,Volatile,Continuous,SES,0.2067499974859119,18.8453164995437,22.947833997798288,-0.08127341291005759,82.43698630136986,21.699835370405296,0.0,0.18710166592660715,2413.495237920036,Medium
P00771,694.6727572552714,23.155758575175714,17.00530575191467,27.112774694279814,413.94876863769275,975.3967458728503,Seasonal,Continuous,HoltWinters7,0.14650169256481466,3.6076491384595646,4.394797938606394,-0.079518128781565,24.605479452054794,5.744727180064944,0.0,-0.058918619314203835,561.4479772351575,High
P00772,6503.3603153833565,216.77867717944522,190.06620792923252,231.0505046750783,5119.9632832358575,7886.757347530855,Stable,Continuous,HoltWinters7,0.0837489890873928,18.016821665110005,21.68897136745065,-0.012744037120972407,213.83013698630137,26.469666802062516,0.0,0.013789170388703198,2766.794064294998,High
P00773,872.6254545050408,29.087515150168027,25.311636632083598,31.384459488669993,584.2846118266277,1160.966297183454,Stable,Continuous,HoltWinters7,0.13449572708112115,4.61805690229917,5.581192170161238,0.008458677196005336,30.028767123287672,5.252525147565101,0.0,-0.03134500891279324,576.6816853568262,High
P00774,480.37254329578866,16.01241810985962,13.850920913259433,17.409729980329544,350.07362276622524,610.6714638253521,Stable,Continuous,HoltWinters7,0.06986910445715007,1.0919390338616262,1.3559375215706713,-0.03326878901621248,16.383561643835616,2.4835819578157605,0.0,-0.022653409682481307,260.5978410591269,High
P00775,0.0,0.0,0.0,0.0,0.0,7116.570063974064,Intermittent,Intermittent,Naive,1.0,85.27777777777779,147.82208978390474,-1.0,91.85342465753425,124.21839763342237,0.6410958904109589,-1.0,7116.570063974064,Very Low
P00776,639.3503412621512,21.31167804207171,15.583905472681199,24.960189872362445,376.68610457321466,902.0145779510877,Seasonal,Continuous,HoltWinters7,0.13977586328884997,3.276051893589156,3.801936826236904,-0.021383521132085845,23.276712328767122,5.409196065106797,0.0,-0.08442061142229584,525.328473377873,High
P00777,165.32647878846126,5.510882626282042,4.0470461170991445,6.421644685979849,97.50543849664565,233.14751908027685,Seasonal,Continuous,HoltWinters7,0.15279339141265239,0.8975590851060425,1.1577843048722771,-0.0484125879668319,5.854794520547945,1.3641541791113436,0.0,-0.058740215913455684,135.64208058363118,Medium
P00778,8822.595275208165,294.0865091736055,257.81402786210816,315.13817649749825,7398.740887314602,10246.44966310173,Stable,Continuous,HoltWinters7,0.04975402662158068,13.677234309733423,16.748683675483527,-0.033347915137412296,291.22739726027396,30.768935130644223,0.0,0.009817455157820731,2847.7087757871277,High
P00779,13881.377985877483,462.7125995292494,393.135239287103,507.7435371042618,11278.508194915348,16484.24777683962,Trending,Continuous,HoltWinters7,0.07861575883955012,31.523813207994113,39.24083375651126,-0.04179451663581892,359.81369863013697,62.33183316138589,0.0,0.2859782751208848,5205.739581924272,High
P00780,1444.7963242829949,48.15987747609983,36.35882054301778,55.14100423145224,1042.0302497786133,1847.5623987873764,Seasonal,Continuous,HoltWinters7,0.059959619591290945,2.6242485645772544,3.3269229968035714,-0.035930279407378064,47.657534246575345,9.038432160195894,0.0,0.010540688633310591,805.5321490087631,High
P00781,944.0,31.466666666666665,0.0,236.0,108.9027846141247,7207.229115394065,Intermittent,Intermittent,SeasonalNaive7,1.4142294511052889,90.31111111111112,138.8385976473485,0.4679771482120822,78.04246575342465,109.52240554457848,0.6589041095890411,-0.5968007114730887,7098.326330779941,Very Low
P00782,8557.696470264153,285.2565490088051,219.74405767593402,323.32197447796455,6203.064496933472,10912.328443594832,Seasonal,Continuous,HoltWinters7,0.060010459069613865,14.493038831864808,18.8899932011352,-0.03034097141454627,270.03698630136984,53.586078098135296,0.0,0.05636103007922677,4709.26394666136,High
P00783,777.0250482693599,25.900834942311995,19.234117950219563,30.322143905125035,505.71905624939626,1048.3310402893235,Seasonal,Continuous,HoltWinters7,0.07667122422310668,1.7674895324850304,2.2353072288371734,-0.04718751969140029,26.231506849315068,5.887127076597073,0.0,-0.01260590590173083,542.6119840399272,High
P00784,131.35625518790386,4.378541839596795,4.378541839596795,4.378541839596795,61.774724083064314,200.9377862927434,Volatile,Continuous,SES,0.19209224473032238,0.8573994714699985,1.059997756167369,-0.003445316941151836,4.882191780821918,1.2294223905854402,0.0,-0.10316062208034227,139.16306220967908,Medium
P00785,180.0,6.0,6.0,6.0,120.03439157386222,239.96560842613778,Trending,Continuous,Naive,0.1680965279004495,1.0666666666666667,1.3497970990118688,-0.04397044102926456,5.382191780821918,1.1150353498801824,0.0,0.11478747772970221,119.93121685227555,Medium
P00786,2887.1870078630054,96.23956692876685,96.23956692876685,96.23956692876685,1794.5482445723246,3979.825771153686,Volatile,Continuous,SES,0.2213958861553348,21.532344768633397,26.005357410871103,-0.07415733630910913,85.65890410958905,19.788111710128405,0.0,0.12352087537381129,2185.2775265813616,Medium
P00787,11743.012613518109,391.433753783937,334.6421744867132,421.866025401447,9350.039937984384,14135.985289051836,Trending,Continuous,HoltWinters7,0.07588715545378145,27.076708971328955,33.00312110357318,-0.04593854212644691,325.27671232876713,53.535062214363144,0.0,0.20338695931082484,4785.945351067452,High
P00788,176.5679707337929,5.885599024459763,5.885599024459763,5.885599024459763,95.14429240086506,257.99164906672075,Volatile,Continuous,SES,0.16496860810841263,0.9481836828112673,1.2711937278755678,-0.0475269763156451,5.853424657534247,1.446492583235568,0.0,0.005496673965744714,162.8473566658557,Medium
P00789,6554.260592022594,218.4753530674198,189.89691341862638,234.9039818238309,5343.530192107487,7764.990991937701,Stable,Continuous,HoltWinters7,0.054851892391753886,11.294063689335884,13.937960262667447,0.010566606349574771,223.6164383561644,25.505280734035914,0.0,-0.022990641146677038,2421.4607998302145,High
P00790,1046.300120347628,34.87667067825427,30.379639618701333,37.81802962291799,802.7528428476564,1289.8473978475997,Stable,Continuous,HoltWinters7,0.09309158028239718,3.3614904510124526,3.979820586292341,-0.03206611656333253,35.558904109589044,4.55600225501697,0.0,-0.01918600835481865,487.0945549999433,High
P00791,561.0,18.7,16.0,21.0,371.22509808429936,750.7749019157006,Stable,Continuous,SeasonalNaive7,0.13875688752046303,3.1,4.637861459323851,-0.09635578782297048,19.898630136986302,3.4665753846277814,0.0,-0.06023681674239301,379.5498038314013,High
P00792,3544.3282258869835,118.14427419623279,102.12271636955671,127.08113685386651,2880.750893010546,4207.905558763421,Stable,Continuous,HoltWinters7,0.0494317008741321,5.588419957785924,6.93837197926414,-0.02018896861709549,120.82739726027397,13.980304196438581,0.0,-0.022206247298876103,1327.1546657528752,High
P00793,7627.950714683783,254.26502382279278,197.67954028397153,280.9634841028769,5475.830236010831,9780.071193356736,Seasonal,Continuous,HoltWinters7,0.06652568101084189,14.905518416102502,18.725955452636388,-0.046026018926339056,249.2890410958904,48.70180269953943,0.0,0.019960695845383514,4304.240957345905,High
P00794,2647.284167256151,88.24280557520503,77.31645207897357,94.89539468372745,2180.8314940311843,3113.7368404811173,Stable,Continuous,HoltWinters7,0.0432613386281205,3.540123496847812,4.411889013500264,-0.021596613280841868,86.67808219178082,9.72483910566624,0.0,0.018052122795727765,932.905346449933,High
P00795,733.8452775933649,24.461509253112165,20.42336095764461,26.833334105973094,494.56801546548655,973.1225397212434,Trending,Continuous,HoltWinters7,0.16143684301812877,4.17180399961508,4.968796643264671,-0.06360117840539829,22.745205479452054,4.385818306894936,0.0,0.07545782671476031,478.5545242557568,Medium
P00796,2032.2404253184236,67.74134751061412,60.606782415414514,73.12082475801348,1576.3117205723147,2488.1691300645325,Stable,Continuous,HoltWinters7,0.09231549341034172,6.4885399314506955,7.891627052483886,-0.05207203326776196,68.77397260273973,8.608996592589053,0.0,-0.015014765805232533,911.8574094922178,High
P00797,5701.2897796843545,190.04299265614515,166.11281375819937,205.08126681972982,4433.647036660669,6968.932522708041,Stable,Continuous,HoltWinters7,0.08471118591207703,16.19068130454215,19.504962867855195,-0.02561315677007267,188.34109589041097,23.82083522551786,0.0,0.009036247546974296,2535.2854860473717,High
P00798,8015.13945858928,267.1713152863093,234.00754526359134,286.6415313618189,6541.406551905593,9488.872365272968,Stable,Continuous,HoltWinters7,0.05499636700196598,13.853261715047948,17.15096463631387,-0.04027392550986535,268.16712328767125,30.71171344746423,0.0,-0.0037133858511569917,2947.4658133673747,High
P00799,0.0,0.0,0.0,0.0,0.0,2488.306764521838,Intermittent,Intermittent,Naive,1.2477030503491362,38.27777777777778,56.40226781738909,-0.11797133406835725,29.73013698630137,42.91651123846242,0.6712328767123288,-1.0,2488.306764521838,Very Low
P00800,6771.339020579385,225.7113006859795,198.35467695519895,243.31707387358887,5258.60995534615,8284.06808581262,Stable,Continuous,HoltWinters7,0.07636938830693418,17.636915781619198,22.257922713545714,-0.018171732619359504,226.85890410958905,28.77666872173635,0.0,-0.00505866599379845,3025.45813046647,High
P00801,14388.37819051731,479.612606350577,402.00323249827005,527.7584508299242,11552.215878706613,17224.540502328007,Trending,Continuous,HoltWinters7,0.07897401487677426,33.777086008633304,43.123759843612646,-0.06269693844076203,385.7698630136986,68.08974285665745,0.0,0.2432609499450351,5672.3246236213945,High
P00802,169.1519536429481,5.638398454764936,5.638398454764936,5.638398454764936,113.14905462930767,225.15485265658853,Stable,Continuous,SES,0.1446113786489181,0.9082064595569953,1.2064570045998826,-0.03837622826822384,5.6945205479452055,1.0108316546329215,0.0,-0.009855455381668654,112.00579802728086,High
P00803,4225.288543213916,140.84295144046385,122.94587494929765,151.28844268600847,3480.8630393095573,4969.714047118274,Stable,Continuous,HoltWinters7,0.040773916059056586,5.310873604748107,6.8920679352291545,-0.006138728762194276,141.63972602739727,15.91223562932594,0.0,-0.0056253609723821985,1488.8510078087165,High
P00804,1933.5171308035542,64.45057102678514,55.98276013673187,68.96922102278698,1581.9775483319575,2285.056713275151,Stable,Continuous,HoltWinters7,0.04643923667718885,2.840529567354627,3.4451471346840354,-0.025966752588135758,65.81780821917808,7.36830126299572,0.0,-0.02077305868101742,703.0791649431937,High
P00805,620.498455943047,20.683281864768233,15.074840149323876,24.11367539958535,393.7052195078959,847.291692378198,Seasonal,Continuous,HoltWinters7,0.06775962198729472,1.3536968978057426,1.7784302242624108,-0.02350815114235442,22.323287671232876,4.857037673844286,0.0,-0.07346614130579221,453.58647287030215,High
P00806,11973.198455491623,399.1066151830541,347.53247458204845,430.18506754233556,10019.523588542694,13926.873322440555,Stable,Continuous,HoltWinters7,0.04894464105413004,18.213700620120264,22.299518868219675,-0.02909403315924966,392.4356164383562,42.625582617897784,0.0,0.016998963563098934,3907.3497338978614,High
P00807,1796.5030920914608,59.88343640304869,52.025988979280115,65.34666411650736,1416.162124622469,2176.8440595604525,Trending,Continuous,HoltWinters7,0.08843819383725209,4.896349456841996,6.545633388356653,-0.06015791318952646,46.824657534246576,8.88592204842761,0.0,0.27888679931617655,760.6819349379834,High
P00808,6550.982650283315,218.36608834277715,187.55623040166748,237.74346736391504,5092.057377826399,8009.90792274023,Trending,Continuous,HoltWinters7,0.10140432036244285,21.10883819240982,27.11864285367435,-0.05148253814174208,173.23972602739727,33.55128433173496,0.0,0.2604850708909763,2917.850544913831,High
P00809,7161.48547056622,238.71618235220734,208.336004901533,256.55609241564116,5817.336269609181,8505.63467152326,Stable,Continuous,HoltWinters7,0.044722984373176324,10.303990299724154,12.985536083473432,0.006047235249436348,250.06164383561645,28.44941666677117,0.0,-0.04537065864794243,2688.2984019140786,High
P00810,1075.0918962118974,35.83639654039658,30.369586270634354,39.2257580439458,717.1162665321525,1433.0675258916422,Trending,Continuous,HoltWinters7,0.14868861901299107,5.839282849834013,7.460455259671273,-0.06632555865088947,32.83424657534247,6.64863238055089,0.0,0.09143349636987352,715.9512593594897,High
P00811,4831.066506047402,161.03555020158007,161.03555020158007,161.03555020158007,2735.4143973966247,6926.7186146981785,Volatile,Continuous,SES,0.19499170692998657,34.038110648082615,42.61896191364587,-0.023075839509472517,159.1150684931507,37.85877906908267,0.0,0.012069766406266114,4191.304217301554,Medium
P00812,7275.881340446733,242.52937801489108,211.22644857302137,261.85543419907333,5651.044824032014,8900.717856861453,Stable,Continuous,HoltWinters7,0.0805549556758325,20.250209287183946,24.145599645855004,-0.02570710716271495,245.92876712328768,31.065051793331595,0.0,-0.01382265746362421,3249.673032829439,High
P00813,502.58980943780796,16.75299364792693,14.486320034724391,18.20961166297397,334.61091112524736,670.5687077503685,Stable,Continuous,HoltWinters7,0.1281910253559442,2.5290234909032674,3.0225433855692443,-0.0061456365617072566,17.404109589041095,3.051858070659089,0.0,-0.03741162038672485,335.95779662512115,High
P00814,5131.394067026753,171.04646890089177,146.77266916270887,185.65996376694682,3987.745954666842,6275.0421793866635,Trending,Continuous,HoltWinters7,0.09189312170058396,15.102394979866526,19.072092435671355,-0.038099064432376976,138.38082191780822,26.388729863246613,0.0,0.23605617115416044,2287.2962247198216,High
P00815,10430.515671760162,347.68385572533873,300.18906202908454,376.8338578938864,8096.817612910337,12764.213730609988,Trending,Continuous,HoltWinters7,0.10883046356490278,36.729955340454616,48.259411225046925,-0.06767531083315782,280.241095890411,53.142554449777656,0.0,0.24065977768407465,4667.396117699652,High
P00816,4649.983721114145,154.9994573704715,134.8737065151613,165.48654772738936,3815.487742473698,5484.479699754591,Stable,Continuous,HoltWinters7,0.047149954373987245,6.980066202923709,8.896881831232394,-0.009361755014483978,159.63150684931506,17.865135496642505,0.0,-0.029017138096779305,1668.991957280893,High
P00817,4944.04758198382,164.80158606612733,124.5251529026547,187.25208164953054,3584.298634250522,6303.796529717118,Seasonal,Continuous,HoltWinters7,0.07744220430524731,11.239638477572731,13.481721510770944,-0.05719713623494562,159.36712328767123,30.744346307046523,0.0,0.03410027530362347,2719.4978954665958,High
P00818,514.2517225944913,17.141724086483045,13.177291714932174,19.84559673974051,346.0604702181402,682.4429749708424,Seasonal,Continuous,HoltWinters7,0.08072936686862181,1.1521800229072938,1.4802061823272001,-0.042498784946849895,16.21232876712329,3.5851563055723674,0.0,0.05732645400360137,336.38250475270223,High
P00819,953.8506938210054,31.795023127366846,26.372985676226826,35.10605181917038,628.5238624348432,1279.1775252071677,Trending,Continuous,HoltWinters7,0.15135088374781527,5.317202201333346,6.4791214262528145,-0.06070048279596744,29.783561643835615,6.013907377695301,0.0,0.06753596187001198,650.6536627723245,Medium
P00820,718.4616178534366,23.94872059511455,23.94872059511455,23.94872059511455,359.45633669438325,1077.4668990124896,Volatile,Continuous,SES,0.1667705940198605,3.9890933908843884,4.939138465202277,-0.03611700337626562,25.997260273972604,6.429739984603817,0.0,-0.07879829094564117,718.0105623181064,Medium
P00821,3698.8679364814343,123.29559788271447,123.29559788271447,123.29559788271447,2207.8638158097137,5189.872057153155,Volatile,Continuous,SES,0.1569055967900389,19.438570385026015,24.486700521097024,-0.019473486838760674,121.54246575342465,26.90156785966486,0.0,0.014424029646119108,2982.008241343441,Medium
P00822,312.0,10.4,9.0,12.0,205.81768048488195,418.1823195151181,Stable,Continuous,SeasonalNaive7,0.13337333794457204,1.7,2.5161512752464863,-0.09969146476632866,11.484931506849316,1.9508129382723465,0.0,-0.09446564885496189,212.36463903023613,High
P00823,460.66062343582166,15.355354114527389,15.355354114527389,15.355354114527389,237.75875009913224,683.562496772511,Volatile,Continuous,SES,0.187102020645037,2.870807271476807,3.5847289928083277,-0.04781800189073627,16.0972602739726,4.023949993919372,0.0,-0.04608897084460939,445.8037466733788,Medium
P00824,578.2371445784646,19.27457148594882,16.86647286315361,20.947111824714334,436.4243820751637,720.0499070817655,Stable,Continuous,HoltWinters7,0.079458300076824,1.3850242675341324,1.7438659237366385,-0.006215105827574441,18.36986301369863,2.724712135737576,0.0,0.0492496036347978,283.6255250066018,High
P00825,2920.497382779374,97.34991275931247,73.77198489424823,111.11249223581873,2117.4457782576187,3723.5489873011297,Seasonal,Continuous,HoltWinters7,0.06889294698730962,5.539406869311185,6.904549012358036,-0.027895029180544387,90.36438356164383,18.180812402248833,0.0,0.07730400985807995,1606.103209043511,High
P00826,10112.869455416267,337.0956485138756,291.6063299086988,363.01465086205496,7938.9903402208365,12286.748570611697,Trending,Continuous,HoltWinters7,0.10360355279724826,33.172085191463594,43.004588893870014,-0.07427881120608332,264.872602739726,51.491994024652364,0.0,0.272670880367037,4347.75823039086,High
P00827,481.15726930268545,16.03857564342285,14.020515393693529,17.33937288938461,356.2030689231966,606.1114696821744,Stable,Continuous,HoltWinters7,0.060655905423129486,0.9266250880061517,1.2081522689487503,-0.013344067226344174,15.90958904109589,2.401997590230619,0.0,0.008107475434706357,249.9084007589778,High
P00828,360.0,12.0,12.0,12.0,266.7092836627871,453.2907163372129,Stable,Continuous,Naive,0.07121971926398071,0.7888888888888889,1.0496463022250222,-0.0350370165089671,11.615068493150686,1.789634169794087,0.0,0.03314070055431051,186.58143267442586,High
P00829,2463.6952950337845,82.12317650112615,71.1412568943696,88.9883285203392,2056.8920815374904,2870.498508530079,Stable,Continuous,HoltWinters7,0.04063300663035988,3.115822794991788,3.9576432127245114,-0.023879748942729304,81.1945205479452,8.84715341618625,0.0,0.01143742147763005,813.6064269925887,High
P00830,2641.396961739741,88.0465653913247,67.60530474509585,100.0727876114313,1875.1685121014705,3407.625411378012,Seasonal,Continuous,HoltWinters7,0.07070445454881254,5.573893070441905,7.042452483443824,-0.053774062066066004,88.97671232876712,17.49444764395444,0.0,-0.010453824524394029,1532.4568992765414,High
P00831,1095.0206151392324,36.500687171307746,30.293434271192194,40.16718086582524,721.9612933777242,1468.0799369007407,Trending,Continuous,HoltWinters7,0.17220733568297028,7.092389006483124,8.656088737865248,-0.10223927079160056,33.894520547945206,7.049003284200866,0.0,0.07689049973950834,746.1186435230164,Medium
P00832,3134.763829766136,104.4921276588712,90.91717762652635,112.59448707465326,2565.110558924433,3704.417100607839,Stable,Continuous,HoltWinters7,0.045473912285719655,4.462652949201233,5.615894446119701,-0.010975825683155735,106.13424657534246,12.223840736584526,0.0,-0.01547209283956763,1139.306541683406,High
P00833,150.0,5.0,5.0,5.0,45.8710098709141,254.1289901290859,Volatile,Continuous,Naive,0.210051615245381,1.4555555555555557,1.891397631147087,-0.07381027664512617,6.619178082191781,1.861505028092853,0.0,-0.2446192052980133,208.2579802581718,Medium
P00834,429.5914538772718,14.319715129242393,14.319715129242393,14.319715129242393,284.6494257441409,574.5334820104026,Stable,Continuous,SES,0.13585885979209622,2.3291688890458,2.9666144732505972,-0.06663542342402878,15.23013698630137,2.651018125277641,0.0,-0.05977765386337941,289.8840562662617,High
P00835,3283.8827605461574,109.46275868487191,95.02070673035627,118.14229633983739,2697.216957201465,3870.5485638908494,Stable,Continuous,HoltWinters7,0.05012064856924498,5.016001015228337,6.150752146596154,-0.02925456617991969,107.36438356164383,12.201726584777289,0.0,0.01954442482337071,1173.3316066893844,High
P00836,90.0,3.0,3.0,3.0,62.934489214892125,117.06551078510788,Stable,Continuous,Naive,0.060777813109721385,0.17777777777777778,0.40809689094215235,0.024935519202911354,3.0452054794520547,0.48786118016140656,0.0,-0.014844804318488447,54.13102157021575,High
P00837,4680.559593618168,156.0186531206056,136.50688737401308,168.3810004641977,3706.84033836242,5654.278848873916,Trending,Continuous,HoltWinters7,0.11065839427069722,15.299038545468461,20.325256981404152,-0.05603027228248961,115.68904109589042,22.29593983745965,0.0,0.34860356385258173,1947.4385105114961,High
P00838,529.2857142857142,17.642857142857142,17.642857142857142,17.642857142857142,294.62550873992143,763.9459198315071,Volatile,Continuous,RollingMean28,0.16484733261934895,2.8190476190476184,3.57017797985985,-0.038675271448185486,17.812328767123287,4.2087649480975475,0.0,-0.009514287911580821,469.3204110915857,Medium
P00839,7422.859525110607,247.42865083702023,207.9631496778683,271.39132118046547,5781.117101535564,9064.60194868565,Trending,Continuous,HoltWinters7,0.06946264014954356,15.869241241000658,20.734225006024875,-0.013420976057947565,216.3041095890411,36.31580140445453,0.0,0.1438925099810311,3283.4848471500854,High
P00840,3616.367460666081,120.54558202220271,104.75300779112776,129.21004462512926,2963.7997556957175,4268.935165636445,Stable,Continuous,HoltWinters7,0.050374285719988365,5.691065032378812,6.884209354845745,0.013618053474272016,121.56301369863014,13.97418751953357,0.0,-0.008369582535603937,1305.1354099407276,High
P00841,330.0,11.0,11.0,11.0,130.95587700637995,529.04412299362,Volatile,Continuous,Naive,0.2018290336392384,2.6999999999999997,3.324668345699783,-0.07149614910420891,13.913698630136986,3.6041362866435076,0.0,-0.20941222802008463,398.08824598724004,Medium
P00842,22386.294621944216,746.2098207314739,625.2000255316023,824.043987518127,18072.145005013383,26700.44423887505,Trending,Continuous,HoltWinters7,0.07726209518040654,51.45482259133101,65.67605591747667,-0.03840291604125693,603.3630136986301,104.10923882903406,0.0,0.23675101686659472,8628.299233861668,High
P00843,373.3734832704775,12.445782775682583,10.930652131799812,13.538515934595548,253.05506485172975,493.69190168922523,Stable,Continuous,HoltWinters7,0.13824514008580815,1.9940827430013386,2.346343121549562,-0.0012716262413868297,12.90958904109589,2.1792237819431164,0.0,-0.035927268012703184,240.63683683749548,High
P00844,2807.142857142857,93.57142857142857,93.57142857142857,93.57142857142857,1711.5184349412277,3902.7672793444867,Volatile,Continuous,RollingMean28,0.1930388064366972,17.769047619047615,23.226150058533307,-0.02735145854022487,85.1109589041096,19.89761214067947,0.0,0.09940517386075953,2191.2488444032588,Medium
P00845,260.8710002402982,8.69570000800994,6.4998211393848955,10.084915423260282,160.3107129063336,361.43128757426285,Seasonal,Continuous,HoltWinters7,0.1425414745640775,1.2856233691774246,1.6147920708026173,-0.07778238298950767,8.91095890410959,2.0478542179978625,0.0,-0.024156647832858535,201.12057466792925,High
P00846,462.10497760078596,15.403499253359533,15.403499253359533,15.403499253359533,239.53853291786768,684.6714222837043,Volatile,Continuous,SES,0.15672206902021946,2.3138442034849542,3.2045012063458795,-0.014338785819200867,15.73013698630137,3.9693332300554873,0.0,-0.020765091443659456,445.1328893658366,Medium
P00847,672.0350870323784,22.40116956774595,19.520773993679565,24.2970943170382,449.2391099052203,894.8310641595365,Stable,Continuous,HoltWinters7,0.13836955362866327,3.6737415626738996,4.394001047571822,-0.011567784419301798,23.73972602739726,4.063040268214474,0.0,-0.05638466333210945,445.5919542543162,High
P00848,2878.2137841651333,95.94045947217111,82.95015949286284,105.23285843681637,2238.131230964898,3518.296337365369,Trending,Continuous,HoltWinters7,0.10901564315969554,10.34396961869489,13.244094852872564,-0.06752058717031563,79.3082191780822,15.375396352968595,0.0,0.20971647663330018,1280.165106400471,High
P00849,6680.604593869001,222.68681979563337,173.02651758917466,257.4377823907796,4722.371618899631,8638.837568838371,Seasonal,Continuous,HoltWinters7,0.06116060934650763,12.194056268663433,14.903797431145726,-0.04396225892345138,225.93287671232878,44.5537808051283,0.0,-0.014367350887265928,3916.46594993874,High
P00850,781.5266933596604,26.050889778655346,22.68917233539901,27.981416340831206,640.234556932873,922.8188297864478,Stable,Continuous,HoltWinters7,0.04357443758589505,1.0663958845227366,1.3218710636032756,-0.01329781370660866,26.176712328767124,2.97640564240379,0.0,-0.004806659771918853,282.5842728535748,High
P00851,385.883214647756,12.862773821591867,11.127969436667271,13.9404149864903,255.22502442048662,516.5414048750254,Stable,Continuous,HoltWinters7,0.1484452677512401,2.2666597095047423,2.600447002413771,-0.012019302773025257,13.95068493150685,2.401481212310129,0.0,-0.07798263062037869,261.3163804545387,High
P00852,19059.028434900276,635.3009478300092,539.5486619183959,696.7513045768728,15472.0984447539,22645.958425046654,Trending,Continuous,HoltWinters7,0.08837849351980527,49.17229573128616,60.10220442095036,-0.04388695293860678,498.0219178082192,87.29158718041555,0.0,0.27564857110295726,7173.859980292755,High
P00853,336.8392603553301,11.22797534517767,8.339906760664915,13.031950032747083,204.97324060410088,468.7052801065593,Seasonal,Continuous,HoltWinters7,0.13157862567392148,1.5651767399202168,1.9345660806404543,-0.03204199398240035,11.683561643835617,2.678446906748693,0.0,-0.03899378567479206,263.7320395024584,High
P00854,4620.246893933898,154.0082297977966,134.17474512020277,165.36076454106563,3598.139613504845,5642.354174362951,Stable,Continuous,HoltWinters7,0.09275362484999221,14.292204840668484,17.32665391567154,-0.03190177755936883,150.67534246575343,19.145821771581602,0.0,0.022119659909189737,2044.2145608581063,High
P00855,303.75206741636026,10.125068913878675,8.582361631002433,11.002663039767414,206.51718991269485,400.9869449200257,Trending,Continuous,HoltWinters7,0.13437798124126185,1.4721368543833497,1.924157809842385,-0.04184793382283326,9.14931506849315,1.8109273017133716,0.0,0.10664774773640251,194.46975500733083,High
P00856,607.5834838201264,20.25278279400421,20.25278279400421,20.25278279400421,283.9081129807903,931.2588546594624,Volatile,Continuous,SES,0.21798083896823642,4.917039575456787,6.751176590913263,-0.10346175369887423,22.61917808219178,5.8759619948291615,0.0,-0.10461897773600559,647.3507416786721,Medium
P00857,150.0,5.0,5.0,5.0,93.63295164709395,206.36704835290604,Volatile,Continuous,Naive,0.23164770357437314,0.7888888888888889,1.0913633847907669,-0.08200785683107813,3.319178082191781,1.0106643341024604,0.0,0.5063970284770944,112.73409670581209,Medium
P00858,8137.857434386039,271.26191447953465,205.3744675091285,311.3235314558137,5803.505993060158,10472.20887571192,Seasonal,Continuous,HoltWinters7,0.07089857864847114,16.781302885839718,20.8105791329632,-0.03728035591102726,267.3534246575342,53.19502148335903,0.0,0.01461918741832835,4668.702882651762,High
P00859,3216.227760859499,107.20759202864997,91.35425080280011,119.4479332047226,2513.7738634049074,3918.681658314091,Trending,Continuous,HoltWinters7,0.07348394221162305,7.317466357079939,8.823439616285283,-0.03899113979341435,93.02054794520548,15.879548829545946,0.0,0.15251516355076178,1404.9077949091834,High
P00860,1044.0662315906015,34.80220771968672,29.36314754576142,37.97141236351018,713.5453214882006,1374.5871416930026,Trending,Continuous,HoltWinters7,0.14480755619311883,5.161316272170752,6.448387761961534,-0.05162309685121763,30.646575342465752,6.1048021798261045,0.0,0.13559858910116684,661.0418202048021,High
P00861,5877.236844721638,195.90789482405458,170.11627541300473,210.89703638126707,4889.058975327609,6865.414714115666,Stable,Continuous,HoltWinters7,0.04861861334058864,9.140690257838907,11.126930729034198,-0.02689397670211172,199.0972602739726,21.075476569895493,0.0,-0.016019132787308155,1976.3557387880574,High
P00862,6602.2495619041565,220.0749853968052,189.85357995963938,238.55594085483995,5321.569057120326,7882.930066687988,Stable,Continuous,HoltWinters7,0.048484249452852124,10.095509826098839,12.292252374095588,-0.027847320890394312,225.04383561643834,26.896402308620242,0.0,-0.022079477120635183,2561.361009567662,High
P00863,3246.0251348765278,108.20083782921759,94.98945479548001,116.47738470958365,2671.0852990986177,3820.964970654438,Stable,Continuous,HoltWinters7,0.046323704511247704,4.811176612596455,6.10920480204588,-0.019877921199476397,110.85205479452055,12.267370144314732,0.0,-0.023916714671797124,1149.87967155582,High
P00864,841.5781751566133,28.052605838553777,21.010537328586825,32.355977093107235,561.9986203707477,1121.1577299424787,Seasonal,Continuous,HoltWinters7,0.07739883535340138,1.9916835621020066,2.459754784930085,-0.059008972043974005,28.427397260273974,6.025170347448071,0.0,-0.013184162387034681,559.1591095717309,High
P00865,160.2546272029827,5.34182090676609,4.642637778085016,5.807548911377259,113.9039834285334,206.60527097743199,Stable,Continuous,HoltWinters7,0.08447392092074414,0.45487919021095186,0.5742531881344785,-0.02065598269867844,5.661643835616438,0.8884458984088642,0.0,-0.05648941158014853,92.70128754889859,High
P00866,3018.8279660643157,100.62759886881052,86.3466893620072,108.20046813457694,2401.0245164324497,3636.6314156961816,Trending,Continuous,HoltWinters7,0.07393292879132837,6.851636953036251,8.986671861415907,-0.039744545423625356,85.7958904109589,14.00561261545533,0.0,0.17287201504417427,1235.606899263732,High
P00867,596.0647403886516,19.868824679621717,16.748314675158248,21.97329372755172,391.8080271973963,800.3214535799068,Trending,Continuous,HoltWinters7,0.14589767119250516,3.2642012198785415,4.165203760295697,-0.07200990232863251,18.61917808219178,3.8272238856088876,0.0,0.06711609889080727,408.5134263825105,High
P00868,150.0,5.0,5.0,5.0,79.63521898697138,220.3647810130286,Volatile,Continuous,Naive,0.2439410945521814,1.0888888888888888,1.3444866510180467,0.01842613955228534,4.315068493150685,1.244760898132243,0.0,0.15873015873015883,140.7295620260572,Medium
P00869,1710.2462279376716,57.008207597922386,49.82876740457531,60.94531250720358,1326.0519630878234,2094.44049278752,Stable,Continuous,HoltWinters7,0.09167696391965668,5.461476374331531,6.747129020235358,-0.030560634194506248,59.032876712328765,7.378202702223272,0.0,-0.03429731409283554,768.3885296996964,High
P00870,9258.116086308919,308.60386954363065,308.60386954363065,308.60386954363065,5323.56993313866,13192.66223947918,Volatile,Continuous,SES,0.18692426480952992,57.61364773373732,76.135873079877,-0.06851992685873651,283.4205479452055,70.23042509306661,0.0,0.08885496052069564,7869.092306340519,Medium
P00871,829.2857142857142,27.642857142857142,27.642857142857142,27.642857142857142,411.99914733045085,1246.5722812409776,Volatile,Continuous,RollingMean28,0.17311130894715743,4.763492063492065,5.877641908610252,-0.008729127409962402,30.02191780821918,7.550256794392734,0.0,-0.07924412692618577,834.5731339105268,Medium
P00872,330.0,11.0,11.0,11.0,152.34682048012922,507.6531795198708,Volatile,Continuous,Naive,0.1457803510963994,1.7,2.212952855726204,-0.04869479583682609,12.595890410958905,3.2342872614353047,0.0,-0.1266992930940729,355.30635903974155,High
P00873,12771.146635780402,425.70488785934674,359.7330204423972,466.7301688244482,10207.223099369861,15335.070172190943,Trending,Continuous,HoltWinters7,0.06793160977183148,26.120368395282934,34.7136639433502,-0.04488506303456944,345.32465753424657,58.55889437109329,0.0,0.23276713252695735,5127.847072821081,High
P00874,527.0,17.566666666666666,13.0,20.0,338.5986945139183,715.4013054860817,Seasonal,Continuous,SeasonalNaive7,0.0924505093683589,1.5,1.9179869327930283,-0.06995931490368933,17.873972602739727,3.956971150402719,0.0,-0.017192928673615437,376.8026109721634,High
P00875,348.473253373665,11.6157751124555,9.608769116352477,12.957642814453173,225.97270915096357,470.9737975963664,Trending,Continuous,HoltWinters7,0.14464892101725316,1.8673961620375765,2.394530134295786,-0.05630642051837522,10.978082191780821,2.2430044626122223,0.0,0.0580878253172592,245.00108844540284,High
P00876,634.3207979689411,21.144026598964704,21.144026598964704,21.144026598964704,423.54477416215985,845.0968217757223,Stable,Continuous,SES,0.13880651940342292,3.3938302904281916,4.25547974128383,-0.07018958594033714,22.146575342465752,3.8588462916810413,0.0,-0.04526879339121448,421.5520476135625,High
P00877,16081.351726934154,536.0450575644718,448.3391874653913,590.9614897647725,13004.181074184497,19158.522379683807,Trending,Continuous,HoltWinters7,0.07228022649734668,33.88613120609317,43.34630285137134,-0.04768683116200351,425.6657534246575,73.72283805073309,0.0,0.2593098064661463,6154.341305499311,High
P00878,15179.750042275155,505.9916680758385,438.78308700307946,542.2382564163363,12646.098646455139,17713.40143809517,Stable,Continuous,HoltWinters7,0.04445110675300549,21.031308384076386,25.772911876337485,-0.02607861261775449,499.958904109589,54.89894403729953,0.0,0.012066519701241507,5067.3027916400315,High
P00879,258.58520803806124,8.619506934602041,7.477152594310997,9.435720064423206,165.55554056372026,351.6148755124023,Stable,Continuous,HoltWinters7,0.13796512269045083,1.4911164842100337,1.7506363646828023,-0.012153687028548034,9.582191780821917,1.6970758734060658,0.0,-0.10046603827598422,186.05933494868205,High
P00880,632.0817058774184,21.069390195913947,15.622739793571442,24.257387902651132,391.6476474511319,872.5157643037047,Seasonal,Continuous,HoltWinters7,0.14510708740039727,3.143317047756415,3.754188746613283,-0.07597154121837622,21.26164383561644,4.9005229176195275,0.0,-0.00904227543217706,480.8681168525728,High
P00881,99.0,3.3,2.0,4.0,56.99241753025295,141.00758246974706,Seasonal,Continuous,SeasonalNaive7,0.15463922197750404,0.5444444444444444,0.9055009693230086,-0.10855969763711015,3.5013698630136987,0.8335379420720936,0.0,-0.057511737089201986,84.01516493949411,Medium
P00882,2430.0,81.0,81.0,81.0,89.37494665759019,4770.625053342409,Intermittent,Intermittent,Naive,1.0874316939890711,28.36666666666667,43.9199006441394,-0.3442622950819672,28.0972602739726,40.48482068367728,0.6698630136986301,1.8828433523475208,4681.250106684819,Very Low
P00883,60.0,2.0,2.0,2.0,25.03466673196845,94.96533326803156,Volatile,Continuous,Naive,0.24410256410256412,0.45555555555555555,0.6869111632738578,0.09230769230769231,2.0191780821917806,0.6304259744476902,0.0,-0.009497964721845276,69.93066653606311,Medium
P00884,910.2074215588043,30.340247385293477,26.611875992402865,32.36710710336588,627.0804376406909,1193.3344054769177,Stable,Continuous,HoltWinters7,0.14771873694808366,4.990908994284677,6.114506608810761,-0.001022378669929246,30.587671232876712,5.128377844468193,0.0,-0.008089005720621656,566.2539678362268,High
P00885,12370.852564591009,412.3617521530336,363.29642113959295,441.7886874451433,10371.592682108789,14370.112447073228,Stable,Continuous,HoltWinters7,0.06057376245951018,23.824310291279897,28.175859427153103,-0.03960768767494813,412.8767123287671,43.6636493178853,0.0,-0.0012472492643843536,3998.5197649644397,High
P00886,723.7680785499974,24.125602618333247,21.037093748151747,26.143426393726486,495.20522473954344,952.3309323604515,Stable,Continuous,HoltWinters7,0.1534865359075108,4.1528872184418235,4.759873472962718,-0.03318190687458936,24.62876712328767,4.159441619037631,0.0,-0.020429950977069344,457.12570762090803,Medium
P00887,11879.167193146146,395.9722397715382,335.943543062915,431.22350127136133,9539.599867296007,14218.734518996283,Trending,Continuous,HoltWinters7,0.07270167674284601,26.233830806244487,33.85698817696687,-0.021752413123598695,333.74520547945207,55.03741847506495,0.0,0.18645072130007678,4679.134651700277,High
P00888,332.84377631211623,11.094792543737208,11.094792543737208,11.094792543737208,174.90456708831204,490.78298553592043,Volatile,Continuous,SES,0.24171937776251717,2.6159854999931604,3.5233945848015473,-0.09885845356251072,10.576712328767123,2.7982465873777054,0.0,0.0489831054174541,315.8784184476084,Medium
P00889,193.7671708995032,6.458905696650107,5.68665136126794,7.013373231547459,129.36881514216418,258.16552665684225,Stable,Continuous,HoltWinters7,0.1562857072222772,1.1019582088214361,1.3096684747424232,-0.0354702309998386,6.4,1.1636940377277323,0.0,0.009204015101579088,128.79671151467807,Medium
P00890,258.9735409344018,8.63245136448006,8.63245136448006,8.63245136448006,112.83985076567832,405.1072311031253,Volatile,Continuous,SES,0.22938893695226772,2.449695076188793,3.230340373171123,-0.05638991281185753,10.164383561643836,2.6095408918278573,0.0,-0.1507157013382152,292.267380337447,Medium
P00891,1668.0,55.6,0.0,210.0,78.07323010627579,7630.2253871014655,Intermittent,Intermittent,SeasonalNaive7,1.1578281685703937,80.67777777777778,125.75631171595761,0.3290590363487637,76.01643835616439,103.31073563302442,0.6438356164383562,-0.26857925466733945,7552.152156995189,Very Low
P00892,7230.270303227021,241.00901010756738,241.00901010756738,241.00901010756738,4417.03630618478,10043.504300269262,Volatile,Continuous,SES,0.1828736211837448,43.190646699619776,55.15661491379246,-0.05358224112799639,222.5945205479452,50.02243636639904,0.0,0.08272660761950723,5626.467994084482,Medium
P00893,4343.27786326902,144.775928775634,126.66414983094197,155.91688416505247,3407.7497898113797,5278.80593672666,Stable,Continuous,HoltWinters7,0.0852450120713837,12.12725559618466,14.280351122006323,0.000501529020667074,144.27945205479452,17.872778259609692,0.0,0.0034410771164483656,1871.05614691528,High
P00894,120.0,4.0,4.0,4.0,82.80409544062348,157.19590455937652,Stable,Continuous,Naive,0.05919559600044939,0.24444444444444444,0.477225750246119,-0.008763060330299966,4.272602739726027,0.6956183212268799,0.0,-0.06380250080153893,74.39180911875303,High
P00895,386.7857142857143,12.892857142857142,12.892857142857142,12.892857142857142,0.0,1452.7063899531877,Intermittent,Intermittent,RollingMean28,1.4209740680405358,15.589682539682542,17.131686387993422,0.03790547636531433,13.147945205479452,18.481074066533207,0.6589041095890411,-0.01940136337927545,1452.7063899531877,Very Low
P00896,140.97557254145318,4.699185751381773,4.699185751381773,4.699185751381773,91.65516237535391,190.29598270755247,Stable,Continuous,SES,0.15155947188344862,0.8281344542678627,1.1127548469276454,-0.09534555475085336,4.99041095890411,0.880308024337155,0.0,-0.058356958960007144,98.64082033219856,Medium
P00897,300.0,10.0,10.0,10.0,96.75358755372355,503.2464124462764,Volatile,Continuous,Naive,0.1875804956442967,2.3555555555555556,3.119740435416524,0.014170848246180446,13.713698630136987,3.634003980408903,0.0,-0.2708021176705624,406.49282489255285,Medium
P00898,11111.900871707034,370.3966957235678,313.6883477598002,402.17140009027463,8594.67379872543,13629.127944688638,Trending,Continuous,HoltWinters7,0.10312127144090837,36.78520841841979,45.87468655103444,-0.013532852201314914,307.2328767123288,57.14230798702083,0.0,0.20558938772161794,5034.454145963209,High
P00899,527.032040672634,17.5677346890878,13.358605565041868,20.14304443325286,303.64972803198737,750.4143533132807,Seasonal,Continuous,HoltWinters7,0.1393820638094637,2.6810938487035094,3.256230571377434,-0.027509177107666396,19.68082191780822,4.669697943611231,0.0,-0.10736783440982156,446.7646252812933,High
P00900,868.0367530077019,28.934558433590063,24.055321653190394,31.88864598703104,578.7817252048262,1157.2917808105776,Trending,Continuous,HoltWinters7,0.1406558115107132,4.6428010739977035,6.091720167092967,-0.04442085671553775,28.268493150684932,5.483404985643368,0.0,0.023562107798059007,578.5100556057514,High
P00901,463.7039585863039,15.456798619543463,13.530570524066011,16.628588870630203,317.91641312627354,609.4915040463343,Stable,Continuous,HoltWinters7,0.1525231699123149,2.5840114609306553,3.0367865048248155,-0.01665194447167592,15.447945205479453,2.648736510088178,0.0,0.0005731127309325235,291.57509092006075,Medium
P00902,367.1990392603271,12.239967975344236,12.239967975344236,12.239967975344236,246.34087065893883,488.0572078617153,Stable,Continuous,SES,0.1535540568430701,2.071262833887775,2.4545619447331632,-0.03367787171660791,12.387671232876713,2.190291911411812,0.0,-0.011923407939700148,241.7163372027765,Medium
P00903,123.70521174391595,4.1235070581305315,4.1235070581305315,4.1235070581305315,48.58432512035237,198.82609836747952,Volatile,Continuous,SES,0.2519089426644555,1.2158697133180956,1.6324311018437119,-0.024533119554306964,5.065753424657534,1.3409473114942358,0.0,-0.18600320377628765,150.24177324712716,Medium
P00904,11626.151664583213,387.5383888194404,327.7125812553523,419.1625236971788,9175.562974354483,14076.74035481194,Trending,Continuous,HoltWinters7,0.06823062325570943,24.19496734678251,30.157687754234775,-0.04596580455990885,328.0753424657534,54.97265633007073,0.0,0.18124814229187036,4901.177380457457,High
P00905,725.8745730178555,24.195819100595184,21.024647147560128,26.245570458580215,537.222167338984,914.5269786967268,Stable,Continuous,HoltWinters7,0.0711583917609011,1.6316738722610502,1.989219977998223,-0.03612464851531962,24.356164383561644,3.6177805950397723,0.0,-0.006583355262402502,377.3048113577428,High
P00906,2585.22679726044,86.174226575348,74.93437079667399,92.91583023816528,2038.9421920906686,3131.5114024302115,Trending,Continuous,HoltWinters7,0.09537802305941907,7.446363607811218,9.725445498469329,-0.05757470315574287,66.17260273972603,12.61926652354687,0.0,0.3022644267793657,1092.569210339543,High
P00907,4206.538035093517,140.21793450311722,122.7042805989385,150.04897145465026,3305.2095857547356,5107.8664844322975,Stable,Continuous,HoltWinters7,0.0769891091804362,10.72241315260969,13.137283324586342,-0.019172593956148617,137.37808219178083,17.150733718965476,0.0,0.02067180052325912,1802.656898677562,High
P00908,423.0338389907432,14.101127966358108,14.101127966358106,14.101127966358106,189.07964274866188,656.9880352328246,Volatile,Continuous,SES,0.1906567506461959,2.8808637284208154,3.5730081268932046,0.012631985064221871,16.024657534246575,4.1378105587381455,0.0,-0.12003561160528131,467.90839248416273,Medium
P00909,544.7799758277602,18.159332527592007,15.528232999894716,19.829792518637706,392.1844590028879,697.3754926526325,Stable,Continuous,HoltWinters7,0.06130878437717437,1.140715336551973,1.5659382079392976,0.0007651018355684178,19.736986301369864,2.928854926333892,0.0,-0.0799338738796388,305.1910336497446,High
P00910,911.7857142857142,30.392857142857142,30.392857142857142,30.392857142857142,493.78266294626786,1329.7887656251607,Volatile,Continuous,RollingMean28,0.1589217106980961,4.525396825396825,6.3167577363696,-0.04221180662864909,29.305479452054794,7.419146076726598,0.0,0.03710492751300487,836.0061026788928,Medium
P00911,6005.267582556222,200.17558608520739,149.28763499062404,230.06345639741735,4359.910677185,7650.624487927444,Seasonal,Continuous,HoltWinters7,0.07255686852960615,12.453000762014101,15.116969278116777,-0.04848625762719402,191.05616438356165,37.82554527734526,0.0,0.04773162766597627,3290.7138107424435,High
P00912,494.0,16.466666666666665,12.0,19.0,313.4543805504766,674.5456194495233,Seasonal,Continuous,SeasonalNaive7,0.08846616911621114,1.3555555555555554,1.7346977696481825,-0.0635800663430399,17.45068493150685,3.942091918444142,0.0,-0.056388518198707493,361.0912388990467,High
P00913,1013.1020403495671,33.770068011652235,29.464976537772127,36.56614890295491,830.4064770987858,1195.7976036003486,Stable,Continuous,HoltWinters7,0.04433441978862626,1.4256362853721496,1.7689600930438474,-0.007864564344084632,34.63835616438356,3.8530137185354763,0.0,-0.025067244779477416,365.3911265015628,High
P00914,125.0,4.166666666666667,3.0,5.0,81.30778449224393,168.6922155077561,Seasonal,Continuous,SeasonalNaive7,0.10260056887444129,0.35555555555555557,0.6128195593810751,-0.045695065239965686,3.8945205479452056,0.9213800127173859,0.0,0.06987923554930231,87.38443101551216,High
P00915,2175.1878686390314,72.50626228796771,63.213794173243166,78.30250289663084,1790.046291524385,2560.329445753678,Stable,Continuous,HoltWinters7,0.04673051365399384,3.1875642823177874,4.0794131788760115,-0.006846339306647079,73.33150684931506,8.203496807228497,0.0,-0.011253615216759383,770.2831542292931,High
P00916,90.0,3.0,3.0,3.0,46.890809487461276,133.10919051253873,Volatile,Continuous,Naive,0.1766200233216725,0.5,0.752275967905785,-0.07908545727136432,3.0575342465753423,0.7640621008054853,0.0,-0.018817204301075252,86.21838102507746,Medium
P00917,629.3459800227179,20.978199334090597,20.978199334090597,20.978199334090597,320.8718630327476,937.8200970126882,Volatile,Continuous,SES,0.1714398053486512,3.567770622429532,4.746783365128699,-0.036200146005430804,22.893150684931506,5.671586553833024,0.0,-0.08364734837924026,616.9482339799406,Medium
P00918,5587.126165245461,186.23753884151537,162.3483423782503,201.16205279578372,4322.789336667321,6851.462993823601,Stable,Continuous,HoltWinters7,0.07623249833767398,14.820979392241895,18.590673834561482,-0.018999217991990624,190.26849315068492,24.021348967763895,0.0,-0.021185611145704497,2528.6736571562806,High
P00919,2825.4724262293535,94.18241420764511,81.75483404390351,102.0632331930108,2345.50405778512,3305.440794673587,Stable,Continuous,HoltWinters7,0.044977274001002855,4.02191324786524,4.814637532919879,-0.011249601384563481,95.38082191780822,10.428417668617032,0.0,-0.012564451491053452,959.9367368884668,High
P00920,982.2183483962932,32.74061161320977,27.708830709873023,36.09546034420059,663.6859477639764,1300.75074902861,Trending,Continuous,HoltWinters7,0.13920940307866245,5.080146646758936,6.68720653288601,-0.06496098240636344,29.773972602739725,5.966723621983959,0.0,0.09963866931875476,637.0648012646336,High
P00921,1412.7441333076201,47.091471110254005,41.03883650249709,51.05459084171406,1089.2674539366762,1736.220812678564,Stable,Continuous,HoltWinters7,0.07348944341246395,3.6447578620264225,4.514192741124766,-0.032660047708530905,48.88767123287671,6.176950499841956,0.0,-0.03674137215631523,646.9533587418878,High
P00922,3097.1083644100718,103.23694548033572,90.47011188963103,111.89780186974498,2530.893380092575,3663.323348727568,Stable,Continuous,HoltWinters7,0.04564524237995445,4.493213103095509,6.234325198023963,-0.02279959792838458,105.37397260273973,11.929888085754088,0.0,-0.02028040767202166,1132.4299686349927,High
P00923,2234.8425515606714,74.49475171868905,65.89278056891186,79.60087322444333,1772.570645785064,2697.114457336278,Stable,Continuous,HoltWinters7,0.07360371233563784,5.4209591312696865,6.670610368168393,-0.028137390061260245,72.34794520547945,8.854843901405346,0.0,0.029673358477733336,924.543811551214,High
P00924,9764.937454580966,325.49791515269885,274.6371407262156,353.77287661807975,7965.7264810195675,11564.148428142365,Trending,Continuous,HoltWinters7,0.06436425743729034,18.683955202527013,23.90441393909312,-0.02086717828589545,261.513698630137,44.83462009586873,0.0,0.24466869941316438,3598.421947122798,High
P00925,274.0,9.133333333333333,8.0,10.0,204.17841397285966,343.82158602714037,Stable,Continuous,SeasonalNaive7,0.06291077784760031,0.5555555555555556,0.8417971281069837,-0.04476344664544982,9.330136986301369,1.3625588099973767,0.0,-0.02109332941809816,139.6431720542807,High
P00926,377.70908848032644,12.590302949344215,12.590302949344215,12.590302949344215,162.06767633614575,593.3505006245072,Volatile,Continuous,SES,0.2247418322396334,3.4746289012470832,4.458536066914345,-0.12003533712327502,15.223287671232876,3.970502366101397,0.0,-0.17295769342020362,431.28282428836144,Medium
P00927,361.40917234427167,12.046972411475723,12.046972411475723,12.046972411475723,175.20960806566237,547.608736622881,Volatile,Continuous,SES,0.1923390412904464,2.496555238831632,3.2730578014412512,-0.02221907570192412,13.654794520547945,3.428879251400265,0.0,-0.1177478069444946,372.39912855721866,Medium
P00928,12811.610409772244,427.0536803257415,365.4514415151292,462.364871610689,10197.981324279517,15425.23949526497,Trending,Continuous,HoltWinters7,0.09383206471162726,36.70956656945517,43.67749598252711,-0.041144597347440255,361.5602739726027,59.06909125560483,0.0,0.18114104636977224,5227.258170985453,High
P00929,1605.1217384133615,53.50405794711205,45.74507464600376,58.6303504430945,1259.8890903898748,1950.354386436848,Trending,Continuous,HoltWinters7,0.08372515639147286,4.039202132120131,4.943276060150499,-0.03966620682193805,44.18082191780822,7.518986621703193,0.0,0.21102450394988836,690.4652960469732,High
P00930,150.0,5.0,5.0,5.0,63.6600600004227,236.3399399995773,Volatile,Continuous,Naive,0.18273309384420497,1.011111111111111,1.3576205999848039,0.022576689243355912,5.923287671232877,1.5448059393926385,0.0,-0.1558741905642923,172.6798799991546,Medium
P00931,107.0,3.566666666666667,3.0,4.0,65.96264952744255,148.03735047255745,Seasonal,Continuous,SeasonalNaive7,0.1533471359558316,0.5333333333333333,0.864629331567265,-0.09360766045548653,3.5095890410958903,0.8301857236078002,0.0,0.016263335935467138,82.0747009451149,Medium
P00932,5940.0,198.0,198.0,198.0,3426.785145078002,8453.214854921996,Volatile,Continuous,Naive,0.18753146212283925,38.34444444444444,46.63523013302515,-0.05309836829981109,185.03424657534248,45.13336652009309,0.0,0.07007218212104371,5026.429709843995,Medium
P00933,708.4691991345559,23.61563997115186,20.623651891114207,25.579879154274927,550.6630197391773,866.2753785299345,Stable,Continuous,HoltWinters7,0.07824275831217013,1.8989707324761713,2.374648133006359,-0.029884005837216374,24.065753424657533,3.0154708167029955,0.0,-0.018703484805278947,315.6123587907572,High
P00934,7993.28403997384,266.44280133246133,204.46884893265465,305.4480017094857,5692.957341668551,10293.610738279129,Seasonal,Continuous,HoltWinters7,0.05768006845191017,13.466163322678687,17.013375364873784,-0.029636723711946866,264.47123287671235,51.376470249744905,0.0,0.007454755794434664,4600.653396610578,High
P00935,471.0,15.7,13.0,17.0,313.01420932625285,628.9857906737471,Stable,Continuous,SeasonalNaive7,0.13846042817899865,2.6222222222222222,3.928861279839234,-0.09292231130435456,16.676712328767124,2.871673326635452,0.0,-0.05856743880400861,315.9715813474943,High
P00936,523.9278727772838,17.46426242590946,13.024812300874103,20.134399368190135,349.2660469000476,698.5896986545201,Seasonal,Continuous,HoltWinters7,0.08755449670994524,1.2944274013779236,1.6270111365727546,-0.05754790161040987,17.08082191780822,3.868594578769202,0.0,0.022448598196640246,349.3236517544725,High
P00937,663.392045265431,22.113068175514364,18.830510567107332,24.29707331971493,444.7095230901857,882.0745674406762,Trending,Continuous,HoltWinters7,0.1600935157285951,3.7709116113027594,4.654902489672229,-0.07786066869275098,20.356164383561644,4.01427447168022,0.0,0.08630819435568537,437.3650443504905,Medium
P00938,1904.0293212531699,63.46764404177233,63.46764404177233,63.46764404177233,1125.3647764762036,2682.693866030136,Volatile,Continuous,SES,0.17569109722582785,11.291142011072287,14.194788141828328,-0.07821115988923165,59.59452054794521,13.961242554499151,0.0,0.06499126863032822,1557.3290895539326,Medium
P00939,210.0,7.0,7.0,7.0,137.77485452693637,282.22514547306366,Stable,Continuous,Naive,0.1429709215734686,1.222222222222222,1.6165800711053118,0.06854522912568263,7.676712328767123,1.311395715913433,0.0,-0.08815132048536756,144.4502909461273,High
P00940,3499.140843265771,116.63802810885903,87.53804095551178,133.30135681062092,2519.3682253605843,4478.913461170958,Seasonal,Continuous,HoltWinters7,0.06863762758625515,7.100629249719051,8.482618398341968,-0.03797200844846636,114.28904109589041,22.10282779048322,0.0,0.020553038072983476,1959.5452358103735,High
P00941,535.7142857142858,17.857142857142858,17.857142857142858,17.857142857142858,286.70760969090344,784.7209617376681,Volatile,Continuous,RollingMean28,0.17902429465211758,3.0063492063492063,3.790553792929982,-0.03442939518272178,18.575342465753426,4.578586193209303,0.0,-0.03866413822166037,498.0133520467646,Medium
P00942,2378.0,79.26666666666667,69.0,86.0,1955.4944717496878,2800.505528250312,Stable,Continuous,SeasonalNaive7,0.0402266532659693,3.011111111111111,3.778000415653483,-0.013192093743333041,79.8986301369863,8.929728606771077,0.0,-0.00790956577398294,845.0110565006244,High
P00943,1516.0,50.53333333333333,0.0,97.0,153.38343653437755,3922.5414086640562,Intermittent,Intermittent,SeasonalNaive7,1.240368172256951,30.2,50.19278074022129,-0.3421796625304365,30.364383561643837,41.82157334700518,0.6493150684931507,0.6642305031730276,3769.1579721296785,Very Low
P00944,11847.539091235336,394.9179697078445,336.2259763871434,433.1800234106644,9121.08317221232,14573.99501025835,Trending,Continuous,HoltWinters7,0.109273830873043,41.08825993414326,52.98521565058278,-0.087023110440342,314.2931506849315,61.11788139549308,0.0,0.25652744530769844,5452.9118380460295,High
P00945,90.0,3.0,3.0,3.0,47.290806830210734,132.70919316978927,Volatile,Continuous,Naive,0.20726048121963284,0.5555555555555556,0.7791563233512077,-0.10792528585144452,2.658904109589041,0.7644960534614437,0.0,0.1282843894899537,85.41838633957855,Medium
P00946,622.3561710790401,20.74520570263467,20.74520570263467,20.74520570263467,287.40011266491183,957.3122294931684,Volatile,Continuous,SES,0.2157666217149686,4.782636897097747,6.162638249747133,-0.10099577363119668,23.667123287671235,6.274702727578764,0.0,-0.12345892441261164,669.9121168282566,Medium
P00947,697.8631174561731,23.26210391520577,17.08496221278037,27.16900041454449,421.26276600089943,974.4634689114469,Seasonal,Continuous,HoltWinters7,0.14406786734919155,3.4922581989287997,4.2892201480962155,-0.05518327749914569,24.19178082191781,5.681914934082542,0.0,-0.03842945310870827,553.2007029105474,High
P00948,2455.767721245761,81.85892404152537,71.55464673290916,88.3231432676229,1895.0272084628446,3016.5082340286776,Stable,Continuous,HoltWinters7,0.08180358289117468,6.907030312817526,8.195797635694797,-0.016305347897547225,84.18904109589042,10.61160636997977,0.0,-0.0276772014983645,1121.481025565833,High
P00949,1252.2782396147622,41.74260798715874,36.519412584142714,44.860467227337764,970.5805231382902,1533.9759560912344,Stable,Continuous,HoltWinters7,0.0753210576617205,3.314602229257499,4.073478725733495,-0.039452143755464304,43.97260273972603,5.419754049511299,0.0,-0.05071327630448974,563.3954329529441,High
P00950,2798.0279439067444,93.26759813022481,79.87040220219616,101.02643677152251,2236.904979605794,3359.1509082076955,Trending,Continuous,HoltWinters7,0.08139086931816586,6.628440095038433,8.250435426414938,-0.06177238054216574,74.96164383561644,12.752628284330068,0.0,0.24420428045510234,1122.2459286019016,High
P00951,6467.459386317842,215.58197954392804,187.6445401343874,232.87951244345726,5327.722235763241,7607.196536872443,Stable,Continuous,HoltWinters7,0.04511057870235901,9.311847027530513,11.275030164416487,-0.017578640021231846,218.70958904109588,24.294332375366135,0.0,-0.014300285190422812,2279.4743011092023,High
P00952,10220.261898221106,340.6753966073702,297.7406070316969,366.3494235629252,8540.468089411732,11900.05570703048,Stable,Continuous,HoltWinters7,0.045541312076259895,14.399729701697643,17.734059262863777,-0.01032973178134105,336.2082191780822,36.06377430505724,0.0,0.013286937006503852,3359.5876176187485,High
P00953,920.5359141013741,30.684530470045804,26.05998989915585,33.59095859762581,628.7418133436033,1212.330014859145,Trending,Continuous,HoltWinters7,0.13059170943836224,4.43226366915796,5.833844144878136,-0.06398516561939509,28.086301369863012,5.489678932208706,0.0,0.09250876667480057,583.5882015155416,High
P00954,9294.321362382369,309.81071207941227,309.81071207941227,309.81071207941227,5501.208065986528,13087.434658778207,Volatile,Continuous,SES,0.20742589847390744,64.22725093107425,82.93709583481363,-0.06524037417583188,276.92328767123286,67.37579340164756,0.0,0.11876005331564543,7586.22659279168,Medium
P00955,681.836342532172,22.727878084405734,17.73678135211769,25.77567165864109,456.371833175262,907.300851889082,Seasonal,Continuous,HoltWinters7,0.0752906845441059,1.4773201422712081,1.92865788101362,-0.03152011723224806,22.17808219178082,4.861151578677202,0.0,0.0247900556896965,450.92901871381997,High
P00956,199.7992408419125,6.659974694730417,6.659974694730417,6.659974694730417,104.20268424383923,295.3957974399858,Volatile,Continuous,SES,0.16982111939490988,1.1055799549044751,1.566659095868955,-0.05669185159856594,6.6808219178082195,1.7071750090289826,0.0,-0.0031204578320269682,191.19311319614658,Medium
P00957,3847.941292200934,128.26470974003115,109.47771414128049,139.84041519918227,3069.036286268585,4626.846298133283,Trending,Continuous,HoltWinters7,0.07185587870593078,8.386303609461557,10.470536538329549,-0.03557698303273695,107.6054794520548,17.389130597546696,0.0,0.19199050450940458,1557.810011864698,High
P00958,659.4184235673036,21.980614118910122,15.578046378899574,26.13686652638433,369.3895934845791,949.4472536500281,Seasonal,Continuous,HoltWinters7,0.13985897854612123,3.468197668112774,4.1632065428718406,-0.046997666530843196,25.363013698630137,6.031786101981651,0.0,-0.1333595297432142,580.057660165449,High
P00959,300.27533564691066,10.009177854897022,10.009177854897022,10.009177854897022,200.08020944628336,400.47046184753793,Trending,Continuous,SES,0.18094548772336774,1.9398385202956552,2.531892849474349,-0.13048251282480175,9.271232876712329,1.8791673908591153,0.0,0.07959512914817157,200.39025240125457,Medium
P00960,722.1428571428572,24.071428571428573,24.071428571428573,24.071428571428573,0.0,2563.3897236916855,Intermittent,Intermittent,RollingMean28,1.5297645874713621,27.497619047619043,31.604011441654464,0.0973329887631722,23.943835616438356,31.814161534712092,0.6342465753424658,0.00532884359190211,2563.3897236916855,Very Low
P00961,758.2619627404972,25.275398758016575,21.218298883158656,27.756806261188093,492.58912596597696,1023.9347995150175,Trending,Continuous,HoltWinters7,0.14818358167294263,4.383841556587094,5.462660096026845,-0.07085222533331768,25.23013698630137,4.899166663873908,0.0,0.0017939566376423688,531.3456735490406,High
P00962,4321.569603164287,144.05232010547624,110.32035566597213,163.32422747905304,3141.3055909798145,5501.833615348761,Seasonal,Continuous,HoltWinters7,0.05988381508506918,7.586338616606838,8.989618999827584,-0.03536719186379603,139.1876712328767,26.58375198764976,0.0,0.03495028567911329,2360.5280243689463,High
P00963,1147.4211234685893,38.24737078228631,32.43563654050898,41.95063565057701,780.2879768142783,1514.5542701229,Trending,Continuous,HoltWinters7,0.1475794225988661,5.988704895414744,7.556994131349481,-0.07399334907785811,33.0986301369863,6.927896197284752,0.0,0.15555751473673562,734.2662933086218,High
P00964,602.3689321055627,20.078964403518757,17.424464052455143,21.805949834586237,442.03598568667496,762.7018785244506,Stable,Continuous,HoltWinters7,0.05958861824028642,1.164287223224964,1.4971235400833185,0.0014660309154718124,20.605479452054794,3.077503237341281,0.0,-0.025552186240613395,320.6658928377757,High
P00965,136.79536902339848,4.559845634113283,4.559845634113283,4.559845634113283,69.55070905480237,204.0400289919946,Volatile,Continuous,SES,0.19993136063689468,0.8600229396770773,1.080603689396531,-0.04468031174006105,4.617808219178082,1.1934713194418027,0.0,-0.012551968880837538,134.48931993719225,Medium
P00966,804.3848856657039,26.812829522190132,19.377497585378777,31.426644188684854,502.1135428012218,1106.656228530186,Seasonal,Continuous,HoltWinters7,0.06965844010006543,1.780811548636864,2.190754944972164,-0.0355730397487939,29.23835616438356,6.543148546726032,0.0,-0.08295701128191546,604.5426857289641,High
P00967,0.0,0.0,0.0,0.0,0.0,4367.597540093431,Intermittent,Intermittent,Naive,1.2056973732889382,71.5,99.47994188758838,-0.22863485016648166,54.95342465753425,75.27156519795695,0.6465753424657534,-1.0,4367.597540093431,Very Low
P00968,322.72502423977767,10.757500807992589,10.757500807992589,10.757500807992589,148.48668915956296,496.9633593199924,Volatile,Continuous,SES,0.1579983515479082,1.6512448723768725,2.0517783715125746,0.018341078981474277,11.583561643835617,3.107449948882422,0.0,-0.0713131989315765,348.4766701604294,Medium
P00969,6032.3438338657015,201.0781277955234,170.7639353209663,218.05547003887608,4831.6755485851045,7233.012119146299,Trending,Continuous,HoltWinters7,0.08138982846392773,14.422990367322422,17.862128785763943,-0.04826027222851226,164.64383561643837,26.551433051058613,0.0,0.22129156577695364,2401.336570561194,High
P00970,1081.3325577406063,36.04441859135354,27.443492111871635,40.96189778530393,772.6834651294477,1389.9816503517648,Seasonal,Continuous,HoltWinters7,0.06920390778599762,2.1635678358944825,2.8178995170445416,-0.03877403535746014,35.37808219178082,7.030567134443591,0.0,0.01883472359978655,617.2981852223171,High
P00971,11736.615956047117,391.22053186823723,331.7452685243608,425.2050189257227,9415.103592006619,14058.128320087613,Trending,Continuous,HoltWinters7,0.0736438288388946,26.41994310698061,33.49588901057741,-0.038052648223405976,327.0780821917808,54.101116390245366,0.0,0.19610745313972688,4643.0247280809945,High
P00972,1265.418901563076,42.18063005210253,36.97214549483787,45.42828119751865,994.340472830167,1536.497330295985,Stable,Continuous,HoltWinters7,0.08625729197089482,3.623272956679152,4.509465748545722,-0.04172970574615028,41.28219178082192,5.1671469965429635,0.0,0.021763337471291777,542.156857465818,High
P00973,0.0,0.0,0.0,0.0,0.0,6408.310600712525,Intermittent,Intermittent,Naive,1.0,86.08888888888889,141.0763335951535,-1.0,81.65205479452055,110.78637497700558,0.6424657534246575,-1.0,6408.310600712525,Very Low
P00974,357.3293848560574,11.910979495201913,11.910979495201913,11.910979495201913,243.68826266182805,470.9705070502867,Stable,Continuous,SES,0.15621737226391974,2.04969332167031,2.516393017907261,-0.08826156439193582,12.156164383561643,2.0675151783533536,0.0,-0.020169593024859545,227.28224438845865,Medium
P00975,591.5789592627374,19.719298642091246,19.719298642091246,19.719298642091246,244.55530677901197,938.6026117464628,Volatile,Continuous,SES,0.2726778819652216,5.802209333349315,7.77846749505198,-0.022428891993438466,22.736986301369864,6.286648531045656,0.0,-0.13272153218902227,694.0473049674508,Medium
P00976,731.4910026101776,24.383033420339252,24.383033420339252,24.383033420339252,399.5557156763572,1063.4262895439979,Volatile,Continuous,SES,0.17970565669698554,4.2341967447249145,5.226039065951729,-0.06145359653720892,24.654794520547945,6.004457445679796,0.0,-0.011022647135923158,663.8705738676407,Medium
P00977,2042.4687773755802,68.082292579186,51.87260525705536,78.70261808860312,1482.443864766525,2602.4936899846357,Seasonal,Continuous,HoltWinters7,0.05826179643244481,3.4803497740702896,4.39886684765242,-0.04325537613783167,65.93972602739726,12.776722873535027,0.0,0.03249280336558469,1120.0498252181108,High
P00978,344.7719444381585,11.492398147938617,8.386625773267191,13.54781047258946,204.890914045213,484.6529748311041,Seasonal,Continuous,HoltWinters7,0.1451993520436585,1.7433601747290741,2.0623902885568897,-0.05029222961029262,12.191780821917808,2.902425711990484,0.0,-0.05736509573087745,279.7620607858911,High
P00979,5411.006231306362,180.3668743768787,154.49408109442896,197.45078584732087,4288.780442689958,6533.232019922765,Trending,Continuous,HoltWinters7,0.07566470223081422,12.198799470450487,15.4633829186946,-0.049483249448219115,150.33013698630137,24.657028396867393,0.0,0.1998051621100725,2244.451577232807,High
P00980,1909.3358546672034,63.64452848890678,55.63974274760458,68.6848519689155,1568.1450735056126,2250.5266358287945,Stable,Continuous,HoltWinters7,0.03907194576499745,2.30800922608633,3.032187260308499,-0.022357622674744355,63.16575342465753,7.105798925900675,0.0,0.007579662052481062,682.3815623231819,High
P00981,736.0714285714286,24.535714285714285,24.535714285714285,24.535714285714285,386.3862862936378,1085.7565708492193,Volatile,Continuous,RollingMean28,0.16956367898114444,3.9507936507936505,4.9610402973841845,-0.03644062579549865,24.97945205479452,6.326365213824267,0.0,-0.017764111402718497,699.3702845555815,Medium
P00982,16906.722440354188,563.5574146784729,473.3796027113883,622.9151298683067,13507.523526069463,20305.92135463891,Trending,Continuous,HoltWinters7,0.08575651701977412,43.4763149779095,52.73213769581406,-0.0481692577578387,457.18630136986303,80.72672884715277,0.0,0.23266469924818645,6798.397828569448,High
P00983,270.0,9.0,9.0,9.0,167.87365783861512,372.12634216138485,Volatile,Continuous,Naive,0.2109978927475856,1.4555555555555557,1.8129009133993268,0.05149665698588946,7.1438356164383565,1.860681638405105,0.0,0.25982742090124633,204.25268432276974,Medium
P00984,341.50973505474957,11.383657835158319,8.570583410915864,13.054314161788161,203.4313770274567,479.5880930820425,Seasonal,Continuous,HoltWinters7,0.1591620678812387,1.904840158517234,2.2771327280614777,-0.09098341113766628,12.226027397260275,2.832717308837238,0.0,-0.06889969527556616,276.1567160545858,Medium
P00985,3768.454122166576,125.61513740555253,107.03306437473724,138.1815286524805,3056.8095404775872,4480.098703855565,Trending,Continuous,HoltWinters7,0.07619444564872853,8.44088883970973,11.0449937932696,-0.03787805585175975,100.73150684931507,16.93023591055132,0.0,0.24702926953590643,1423.2891633779777,High
P00986,6042.220020577398,201.4073340192466,149.50587820409075,231.81421622822424,4281.807314120375,7802.632727034421,Seasonal,Continuous,HoltWinters7,0.06048561488242781,10.83254984408073,13.217510433940783,-0.02944539096498976,202.58904109589042,40.01071036871949,0.0,-0.005833025667387859,3520.825412914046,High
P00987,2705.83887765123,90.19462925504101,78.84680294162555,97.05504759628852,2262.9672850949273,3148.710470207533,Stable,Continuous,HoltWinters7,0.05253917805557412,4.369750543942401,5.393698553835158,-0.022138181674026317,88.46575342465754,9.558113627995544,0.0,0.019542882567047615,885.7431851126057,High
P00988,832.8609728566572,27.76203242855524,23.8620560424908,30.124685069506224,604.4638881577723,1061.2580575555423,Stable,Continuous,HoltWinters7,0.05278257219321705,1.5199566817706476,1.8750894883403937,0.01293277114124134,30.165753424657535,4.408332277006173,0.0,-0.0796837712708176,456.79416939777,High
P00989,678.4878851602496,22.616262838674984,22.616262838674984,22.616262838674984,292.2289243717565,1064.7468459487427,Volatile,Continuous,SES,0.23423460441339616,5.7715665933182905,8.09433765985196,-0.1500406559059785,24.171232876712327,6.850509967741236,0.0,-0.06433143257394502,772.5179215769863,Medium
P00990,4074.44408735386,135.81480291179534,135.81480291179534,135.81480291179534,2521.7015650689023,5627.1866096388185,Volatile,Continuous,SES,0.21201509748977096,27.442884927961416,36.73770776899362,-0.06392157876123983,118.4931506849315,27.856541807490423,0.0,0.14618272977584512,3105.485044569916,Medium
P00991,14559.361510862118,485.3120503620706,413.09018352664964,534.8175302681602,11790.878758999197,17327.84426272504,Trending,Continuous,HoltWinters7,0.07963338258794939,34.09635017262719,44.54710424471139,-0.035740222184861635,385.6246575342466,67.77969189934657,0.0,0.25850886575885235,5536.9655037258435,High
P00992,4024.285714285714,134.14285714285714,134.14285714285714,134.14285714285714,0.0,17062.644658579513,Intermittent,Intermittent,RollingMean28,1.809597519013029,180.86111111111117,205.87461926924584,0.39654401818122736,159.68493150684932,226.36351530683257,0.663013698630137,-0.15995294059976228,17062.644658579513,Very Low
P00993,477.0520152832784,15.901733842775947,11.406899921416862,18.6908501297475,293.1933965350752,660.9106340314817,Seasonal,Continuous,HoltWinters7,0.07333468632520783,1.1158803544467522,1.4201293675367725,-0.0403971929372832,17.71917808219178,4.0135968336397685,0.0,-0.10256933086768916,367.7172374964065,High
P00994,2212.726247670431,73.75754158901437,56.992290401100846,85.71028255140286,1573.2393861073294,2852.213109233532,Seasonal,Continuous,HoltWinters7,0.07061337667892768,4.694358313820443,5.68534516620577,-0.060559098068836574,72.0,14.287850124483327,0.0,0.024410299847421824,1278.9737231262027,High
P00995,370.6408405826139,12.35469468608713,9.633284728963273,14.146732875115106,232.38008868433118,508.9015924808966,Seasonal,Continuous,HoltWinters7,0.07563508464330587,0.8731873754452583,1.0684897949409267,-0.03805546339475385,12.942465753424658,2.928874173712036,0.0,-0.04541414893695972,276.5215037965654,High
P00996,744.0,24.8,21.0,27.0,498.37414166609216,989.6258583339079,Stable,Continuous,SeasonalNaive7,0.14370763310227655,4.166666666666667,6.012166851041045,-0.09750302997956294,26.072602739726026,4.433807031655394,0.0,-0.04880996164556284,491.25171666781574,High
P00997,6197.142857142858,206.57142857142858,206.57142857142858,206.57142857142858,3657.49756187587,8736.788152409845,Volatile,Continuous,RollingMean28,0.18222522150643697,37.65396825396825,45.9728551145256,-0.03506824087432849,191.72876712328767,46.25159762028277,0.0,0.077414890164065,5079.290590533975,Medium
P00998,642.6429008694085,21.421430028980286,18.955022060290766,23.085205546849597,442.9882699019443,842.2975318368727,Stable,Continuous,HoltWinters7,0.14313568694646106,3.309369382962307,3.915581906504513,0.008151389395182925,20.675342465753424,3.6122137280325832,0.0,0.036085862396846746,399.30926193492843,High
P00999,6987.920446244801,232.93068154149336,205.26756458933392,250.87423933218452,5453.730987789913,8522.109904699688,Stable,Continuous,HoltWinters7,0.087876855519734,20.460332590965535,24.86536884205506,-0.031231592916794976,226.8945205479452,29.09274885221472,0.0,0.02660337931022294,3068.3789169097745,High
P01000,847.5,28.25,28.25,28.25,459.99078197706484,1235.009218022935,Volatile,Continuous,RollingMean28,0.1669453252612502,4.516666666666667,5.890722113807354,-0.017219072765573027,28.53013698630137,6.934915634014123,0.0,-0.0098189849714313,775.0184360458702,Medium
P01001,814.0,27.133333333333333,19.0,31.0,499.8405621630163,1128.1594378369837,Seasonal,Continuous,SeasonalNaive7,0.16459216838459637,4.566666666666666,6.314693690831246,-0.12942815304494226,28.052054794520547,6.456993095271543,0.0,-0.032750594133541644,628.3188756739673,Medium
P01002,1989.796801863528,66.3265600621176,56.26846003265545,72.32651518764898,1579.795666521851,2399.797937205205,Trending,Continuous,HoltWinters7,0.07713703632132178,4.691541223300718,5.7433055187477775,-0.03938492902309424,57.0027397260274,9.033089189337991,0.0,0.1635679334169433,820.002270683354,High
P01003,6801.377077136492,226.71256923788306,194.01786303353938,246.45424710456672,5165.709885179142,8437.044269093842,Trending,Continuous,HoltWinters7,0.1340285406250614,29.682971813891893,37.34700672799607,-0.06148055856101849,184.86986301369862,36.82924370693898,0.0,0.22633600491759953,3271.3343839147,High
P01004,11449.044759180664,381.63482530602215,331.0786922833443,411.7994886267024,9494.312117298177,13403.777401063151,Stable,Continuous,HoltWinters7,0.0407941297187128,14.722075701746684,18.930904322757247,-0.014346787433392462,381.8342465753425,42.04897764555651,0.0,-0.0005222718263460102,3909.4652837649737,High
P01005,8694.756745612385,289.8252248537462,246.53887935318463,314.48369210641357,6647.054407905116,10742.459083319654,Trending,Continuous,HoltWinters7,0.10938906857070681,31.792008945863426,39.64473520610813,-0.0701778311213756,246.15753424657535,45.94633482551141,0.0,0.1773973351692295,4095.4046754145384,High
P01006,15026.130559330026,500.8710186443342,421.43069141569123,544.7897590388039,12173.877761223952,17878.3833574361,Trending,Continuous,HoltWinters7,0.07600114546273752,32.43456885705567,40.31650239365901,-0.03540465597530505,391.07260273972605,67.13419552344367,0.0,0.28076222966118447,5704.50559621215,High
P01007,3480.0,116.0,116.0,116.0,475.1921476764906,6484.807852323509,Intermittent,Intermittent,Naive,1.0,36.22222222222222,64.26401498228155,-1.0,35.39041095890411,52.278243301960465,0.6808219178082192,2.2777240178053026,6009.615704647018,Very Low
P01008,9848.300955136703,328.27669850455675,282.5163316148276,353.3994798913946,7688.853896701856,12007.74801357155,Trending,Continuous,HoltWinters7,0.10170032841196042,31.450747679526952,41.11957672119053,-0.06295123315835711,262.4013698630137,49.417282019363,0.0,0.2510479601380631,4318.894116869695,High
P01009,644.2818049266335,21.476060164221117,18.5833030321053,23.06412543517793,432.4181937175586,856.1454161357085,Stable,Continuous,HoltWinters7,0.14609627361761282,3.662532221933827,4.4493372676081195,-0.027813517776825548,22.734246575342464,3.8472985615488793,0.0,-0.05534322006017012,423.7272224181499,High
P01010,1897.5614324220135,63.25204774740045,54.02798565133891,68.73224853186026,1507.2352902983446,2287.887574545682,Trending,Continuous,HoltWinters7,0.08547432387596161,4.838061071055296,5.896683730310046,-0.055520944348571216,53.52054794520548,8.381686204012093,0.0,0.18182735745078893,780.6522842473375,High
P01011,453.12985891550977,15.104328630516992,15.104328630516992,15.104328630516992,308.1288890973088,598.1308287337107,Stable,Continuous,SES,0.13715317217575687,2.3704673266952114,3.0589043476167674,-0.053879967806917596,15.42876712328767,2.6394693033982346,0.0,-0.02102815410837211,290.0019396364019,High
P01012,2084.378952970329,69.4792984323443,69.47929843234431,69.47929843234431,1231.7654761157394,2936.992429824919,Volatile,Continuous,SES,0.183359748249747,12.622780034556706,17.11708070451831,-0.054409219473691144,61.46986301369863,15.306822536626141,0.0,0.13029857276338408,1705.2269537091795,Medium
P01013,2718.445045167774,90.6148348389258,79.14358109814275,98.40312925879918,2094.8078890879865,3342.082201247562,Stable,Continuous,HoltWinters7,0.079293040419362,7.536067245232208,9.236933270116765,-0.033287360805670345,94.38630136986302,12.06436004450867,0.0,-0.0399577743401377,1247.2743121595754,High
P01014,91.1856736540466,3.0395224551348865,2.465916691182983,3.3424777525432656,54.84560120536857,127.52574610272463,Trending,Continuous,HoltWinters7,0.2029269665280408,0.6574526466649945,0.8267553447980589,-0.15271978523266536,2.8794520547945206,0.6598330636678889,0.0,0.055590576711925355,72.68014489735606,Medium
P01015,0.0,0.0,0.0,0.0,0.0,6229.846633661147,Intermittent,Intermittent,Naive,1.0,62.28888888888889,115.52931257758173,-1.0,79.1986301369863,107.96876420872906,0.6452054794520548,-1.0,6229.846633661147,Very Low
P01016,7325.27866477528,244.17595549250933,210.9489627221953,264.07813526940964,5763.585752840843,8886.971576709717,Trending,Continuous,HoltWinters7,0.09386760892119313,21.22200961213159,28.722013676503504,-0.055398864879712524,188.25068493150684,36.33458155928762,0.0,0.2970787096012444,3123.3858238688736,High
P01017,548.2815942747972,18.27605314249324,13.447062609650835,21.380456578712916,325.51935053449284,771.0438380151013,Seasonal,Continuous,HoltWinters7,0.13227733820137566,2.6184871737007933,3.1354794748978754,-0.018698606219924283,19.561643835616437,4.5754947602370235,0.0,-0.06571997240755845,445.52448748060846,High
P01018,6913.839789078407,230.46132630261357,174.03763885439025,261.9146447172499,5064.123138172048,8763.556439984766,Seasonal,Continuous,HoltWinters7,0.07462058955228963,14.74998601333836,18.207808527555827,-0.06262204167887282,215.4972602739726,42.012253985462664,0.0,0.06943970428958757,3699.433301812718,High
P01019,10521.511019653086,350.7170339884362,297.59691583421153,383.60516867030503,8192.013864487271,12851.0081748189,Trending,Continuous,HoltWinters7,0.117707391485264,39.34817527170543,50.15619268422409,-0.0914083843369906,277.0561643835616,53.10337121737735,0.0,0.26586980935351834,4658.994310331629,High
P01020,277.1751609483503,9.239172031611677,7.605325862769247,10.081099010258848,179.60311996920694,374.7472019274937,Trending,Continuous,HoltWinters7,0.15676088529249155,1.6935007485124178,2.118202770576083,-0.07983442438847707,9.158904109589042,1.8112463492974031,0.0,0.008763922087424936,195.14408195828673,Medium
P01021,0.0,0.0,0.0,0.0,0.0,2474.8346245439225,Intermittent,Intermittent,Naive,1.0,29.28888888888889,49.488265428284045,-1.0,31.638356164383563,42.83506707396403,0.6424657534246575,-1.0,2474.8346245439225,Very Low
P01022,778.2715070807402,25.942383569358007,25.942383569358007,25.942383569358007,428.9500947650807,1127.5929193963998,Volatile,Continuous,SES,0.16732713767965257,4.1670022495735966,5.43353678746277,-0.03076877219042673,25.8,6.293114664541713,0.0,0.005518742998372295,698.6428246313192,Medium
P01023,2258.420362193031,75.2806787397677,64.48356950504417,82.00411700758012,1735.8533693915185,2780.9873549945432,Trending,Continuous,HoltWinters7,0.09900864783148251,7.463160964130462,9.39747647715003,-0.061077802511038504,62.93013698630137,12.076427683936657,0.0,0.1962579829780886,1045.1339856030247,High
P01024,7616.830257492846,253.8943419164282,222.01592460411206,274.9107780418839,5986.35725478013,9247.303260205561,Stable,Continuous,HoltWinters7,0.07330168333468645,18.811955018961736,23.319617084130357,-0.028942104407852914,253.6972602739726,31.550818948119996,0.0,0.0007768378824539734,3260.9460054254314,High
P01025,11398.822241061562,379.96074136871874,327.9734422761828,405.96466003415514,8998.888578766939,13798.755903356185,Trending,Continuous,HoltWinters7,0.10906309440633744,36.6207157158338,47.350689275043,-0.06732213974211683,282.1191780821918,54.2847321259367,0.0,0.3468093305518636,4799.867324589246,High
P01026,5155.653374315375,171.85511247717918,129.97825134187207,195.43983565812263,3690.9175451244255,6620.3892035063245,Seasonal,Continuous,HoltWinters7,0.06955883308841763,10.222037781416558,12.515296908161147,-0.047291942802386695,164.64794520547946,33.294885685066255,0.0,0.043773199007769215,2929.471658381899,High
P01027,12351.707434239264,411.7235811413088,354.7644437485056,446.6311585178293,9619.45289624162,15083.961972236908,Trending,Continuous,HoltWinters7,0.1117337472576888,42.77724805048789,54.15381122188905,-0.09419312607795473,320.35616438356163,62.35553836642004,0.0,0.28520573947299854,5464.509075995287,High
P01028,1058.7675743405377,35.29225247801792,31.04616803110073,37.5838555024863,828.4578618387962,1289.0772868422791,Stable,Continuous,HoltWinters7,0.08992293783808213,3.150198182354972,3.8579135004727356,-0.04200757693821005,34.62876712328767,4.407624627453069,0.0,0.019159947345744666,460.6194250034829,High
P01029,312.3055274385763,10.410184247952543,7.889643857333281,11.957397103044029,199.68565233081887,424.92540254633366,Seasonal,Continuous,HoltWinters7,0.07676716580216529,0.7171830534764947,0.9503610527383516,-0.02367529508318644,10.719178082191782,2.3938167682506335,0.0,-0.02882626185235071,225.2397502155148,High
P01030,6003.843293336668,200.1281097778889,200.1281097778889,200.1281097778889,3499.9767353393972,8507.709851333937,Volatile,Continuous,SES,0.20085551087477785,40.08840407293463,49.537789439038875,-0.08346067461800627,187.8849315068493,44.95579804781599,0.0,0.06516317286782125,5007.73311599454,Medium
P01031,407.64564237267473,13.588188079089157,11.199927126362862,15.167131855711876,261.5074746963567,553.7838100489928,Trending,Continuous,HoltWinters7,0.14609739378302944,2.3295857217459477,2.870722713303055,-0.061964222596920686,13.524657534246575,2.7125821156986523,0.0,0.004697386583113916,292.27633535263607,High
P01032,9056.068664488672,301.86895548295576,228.8536459105272,348.60153528786043,6496.344610678761,11615.792718298584,Seasonal,Continuous,HoltWinters7,0.062195294496687425,16.615502829839617,21.327638140428732,-0.036847981981215444,293.84794520547945,57.61549052866293,0.0,0.027296465428293004,5119.4481076198235,High
P01033,90.0,3.0,3.0,3.0,34.68304469143476,145.31695530856524,Volatile,Continuous,Naive,0.20782068493511277,0.811111111111111,1.096974883276448,0.03186448708836768,3.908219178082192,0.9888616204670875,0.0,-0.2323869610935857,110.63391061713048,Medium
P01034,516.8656648057766,17.228855493525888,12.87605441542865,19.81296195304352,322.3414270789257,711.3899025326275,Seasonal,Continuous,HoltWinters7,0.14457157662787848,2.4775889795464217,2.9583881825838385,-0.03192247409912697,17.436986301369863,4.032039273047891,0.0,-0.011936168569887773,389.0484754537018,High
P01035,479.6630417821863,15.98876805940621,15.98876805940621,15.98876805940621,206.61658872875395,752.7094948356187,Volatile,Continuous,SES,0.23303981947084948,4.313433859006544,5.5339291313196215,-0.07617999655786617,18.116438356164384,4.936788738126402,0.0,-0.11744418273220925,546.0929061068647,Medium
P01036,15808.324853129317,526.9441617709773,442.66043912022906,583.2582479331728,12781.553491511648,18835.096214746987,Trending,Continuous,HoltWinters7,0.07026565719453624,32.255574570629186,40.022049210948346,-0.031733624169099146,421.96301369863016,71.32035189531591,0.0,0.24879229852909712,6053.5427232353395,High
P01037,270.0,9.0,9.0,9.0,141.80160979932356,398.19839020067644,Volatile,Continuous,RollingMean28,0.15866199981817405,1.3793650793650796,1.7507427346395852,-0.04403162091764262,9.371232876712329,2.3095186496068774,0.0,-0.03961409150708961,256.3967804013529,Medium
P01038,2455.6214370840275,81.85404790280091,81.85404790280091,81.85404790280091,0.0,8210.200018040283,Intermittent,Intermittent,Croston,1.3032704041681296,96.35323297575644,100.92555643187644,0.044610156668880706,71.7095890410959,99.6523203740642,0.6534246575342466,0.14146586247888493,8210.200018040283,Very Low
P01039,732.8751264458926,24.429170881529753,21.21851461325302,26.503270360212333,500.4785913259076,965.2716615658776,Stable,Continuous,HoltWinters7,0.13277388076744934,3.764682374676891,4.468341069758387,-0.040562424858729594,26.105479452054794,4.292603470761115,0.0,-0.06421290111157474,464.79307023997,High
P01040,211.38522621797165,7.046174207265722,6.105137886126911,7.613518173123295,150.18643886545883,272.58401357048444,Stable,Continuous,HoltWinters7,0.07495513277815434,0.5332878990281493,0.6360155023904096,-0.009109717141895686,7.565753424657534,1.181326958208396,0.0,-0.06867514551801979,122.39757470502562,High
P01041,7885.144230121554,262.8381410040518,230.8258091993193,279.98483568470897,6517.174361048139,9253.114099194969,Stable,Continuous,HoltWinters7,0.053514192969899683,12.61201963494202,16.008838493309327,-0.031099394528274576,255.43150684931507,29.037440363375797,0.0,0.028996556635067172,2735.9397381468298,High
P01042,9075.775414814218,302.5258471604739,265.81833399528233,328.27345012887776,7583.290320713236,10568.260508915198,Stable,Continuous,HoltWinters7,0.051047103871524106,14.364039439509924,17.885122044124554,-0.03148523135521077,298.94794520547947,32.70917746897011,0.0,0.011968310912908953,2984.9701882019626,High
P01043,668.5714285714286,22.285714285714285,22.285714285714285,22.285714285714285,339.84586561112064,997.2969915317366,Volatile,Continuous,RollingMean28,0.18512159763862,4.030158730158729,4.85898800204204,-0.04024647627033881,23.77123287671233,6.032012893544644,0.0,-0.062492282108486896,657.4511259206159,Medium
P01044,9606.226388403751,320.20754628012503,267.99000352387816,351.61838451461773,7555.65166638655,11656.801110420953,Trending,Continuous,HoltWinters7,0.0659800773941598,19.610572389834047,24.19425294647549,-0.027258226942038805,272.46438356164384,45.76590361960306,0.0,0.17522716949050143,4101.149444034403,High
P01045,2188.8990459586353,72.96330153195451,72.96330153195451,72.96330153195451,1282.2854230352561,3095.5126688820146,Volatile,Continuous,SES,0.19431121138599902,14.739676242626551,19.016207443724028,-0.05630721502202805,70.84794520547945,16.1439903718786,0.0,0.029857694818670177,1813.2272458467585,Medium
P01046,5858.653310777175,195.28844369257249,152.3401477960369,222.12884835114076,4216.482259557109,7500.824361997241,Seasonal,Continuous,HoltWinters7,0.07350247323082328,12.430863334600575,15.084563425366321,-0.05440816612760799,188.35890410958905,36.67859826675275,0.0,0.036789020491177604,3284.3421024401323,High
P01047,775.0,25.833333333333332,18.0,32.0,469.6004507904045,1080.3995492095955,Seasonal,Continuous,SeasonalNaive7,0.15681591458551417,4.277777777777778,5.84175086393445,-0.12370194344748518,26.773972602739725,6.106250084566658,0.0,-0.03513259998294538,610.7990984191911,Medium
P01048,519.2839204082627,17.309464013608757,14.412992997832067,19.03725509594874,346.9046431808915,691.6631976356338,Trending,Continuous,HoltWinters7,0.18900451566334617,3.481376243337477,3.9659340375625725,-0.04166981140056656,16.208219178082192,3.185691321744294,0.0,0.06794360462596294,344.75855445474224,Medium
P01049,7830.210850402148,261.00702834673825,230.2630384429299,280.2157155801601,6237.411680296225,9423.01002050807,Stable,Continuous,HoltWinters7,0.08790508197444787,22.324955075574483,26.702581086655442,-0.04749093305911034,250.85068493150686,31.26642722489271,0.0,0.04048760487939074,3185.5983402118454,High
P01050,380.62577697219973,12.687525899073325,12.687525899073325,12.687525899073325,164.44430987362452,596.8072440707749,Volatile,Continuous,SES,0.24596887847872154,3.43598523534344,4.455404535457546,-0.05094308132545929,14.387671232876713,3.922305990273919,0.0,-0.11816681840202536,432.36293419715037,Medium
P01051,1606.5056766639839,53.55018922213279,53.55018922213279,53.55018922213279,973.0273446759526,2239.984008652015,Volatile,Continuous,SES,0.15834247094349194,8.711365884201676,10.869567835254616,-0.05479549241614517,51.33835616438356,11.497922877209469,0.0,0.043083441368224173,1266.9566639760624,Medium
P01052,3971.226897697157,132.37422992323857,96.68082040690231,153.24825516005478,2781.9488319305806,5160.5049634637335,Seasonal,Continuous,HoltWinters7,0.07107671997275283,8.540793558128106,10.54250157332038,-0.04659991313424516,134.2082191780822,26.96241225233615,0.0,-0.013665252888946378,2378.556131533153,High
P01053,7393.751159971431,246.4583719990477,213.9169072951588,265.8410584336185,5739.319833921536,9048.182486021326,Stable,Continuous,HoltWinters7,0.08082873219691607,20.31840379459074,25.664188869748557,-0.04510622182244022,247.45479452054795,31.634681880719867,0.0,-0.004026685049408174,3308.8626520997896,High
P01054,0.0,0.0,0.0,0.0,0.0,5256.927774006023,Intermittent,Intermittent,Naive,1.0549854301279613,78.96666666666667,116.2626140854491,-0.31584948688711517,67.85616438356165,90.92848225463072,0.636986301369863,-1.0,5256.927774006023,Very Low
P01055,10893.281571126752,363.1093857042251,314.18276799881033,395.38140122773837,8384.499371565826,13402.063770687679,Trending,Continuous,HoltWinters7,0.10598295582835426,37.61735188746507,48.7034123938604,-0.05442799440951603,291.2821917808219,58.18455888213684,0.0,0.24658971935177632,5017.564399121853,High
P01056,810.0,27.0,27.0,27.0,415.67108312376337,1204.3289168762367,Volatile,Continuous,Naive,0.17925410313782333,4.633333333333334,5.8182661095034085,-0.022242500280139996,27.53698630136986,7.009057570351627,0.0,-0.019500547209232888,788.6578337524734,Medium
P01057,6720.0,224.0,224.0,224.0,1353.006574327985,12086.993425672015,Intermittent,Intermittent,Naive,1.0,64.47777777777777,113.20619660436853,-1.0,61.73972602739726,93.62639577708528,0.6917808219178082,2.628134013756379,10733.98685134403,Very Low
P01058,120.0,4.0,4.0,4.0,83.42005658779487,156.57994341220513,Stable,Continuous,Naive,0.04511699593666807,0.18888888888888888,0.41957546895885817,-0.022558497968334035,4.402739726027397,0.7023325047680031,0.0,-0.09147479775980083,73.15988682441025,High
P01059,7109.4003287996775,236.98001095998924,178.53222566727013,272.72442817175056,5114.774695035635,9104.025962563719,Seasonal,Continuous,HoltWinters7,0.07725047090820908,16.029283186829343,19.700089953888465,-0.0606874775733379,230.17397260273972,45.6230590729754,0.0,0.02956910496998777,3989.251267528084,High
P01060,3773.310804800731,125.77702682669104,97.24601604925263,143.01900690938328,2785.2357605524935,4761.385849048969,Seasonal,Continuous,HoltWinters7,0.06864938178510487,7.094127901886586,9.13130882491207,-0.043725897278556476,113.39041095890411,22.33771632185349,0.0,0.10923865398350308,1976.1500884964757,High
P01061,9428.817798198159,314.2939266066053,267.6079820045964,342.99100067117416,7246.336515135631,11611.299081260686,Trending,Continuous,HoltWinters7,0.09731652508814194,30.157086640039918,39.58990271699831,-0.038458291404452054,260.1808219178082,49.61301727922311,0.0,0.20798268023725264,4364.962566125055,High
P01062,3644.0570512454447,121.46856837484816,106.0539141634666,131.64893800911673,2852.941507047342,4435.172595443548,Stable,Continuous,HoltWinters7,0.0768992387464042,9.363189454275323,11.296259926120856,-0.02405388791965629,121.1109589041096,15.124540706729897,0.0,0.002952742460091473,1582.231088396206,High
P01063,7893.87752108032,263.1292507026773,228.19207052822105,282.24082416915377,6571.64973822561,9216.10530393503,Stable,Continuous,HoltWinters7,0.051536075226048826,12.712506632776885,15.901171810140717,-0.013938794312652871,261.986301369863,28.37742546001937,0.0,0.0043626301330952355,2644.4555657094197,High
P01064,772.274983939642,25.74249946465473,19.413709622802422,29.520021953864454,518.8907942359161,1025.659173643368,Seasonal,Continuous,HoltWinters7,0.0826121078139965,1.8155445751650194,2.2891981088966697,-0.025639358833697678,24.643835616438356,5.421012471334814,0.0,0.04458169033896353,506.7683794074518,High
P01065,382.5,12.75,12.75,12.75,195.08761052903807,569.9123894709619,Volatile,Continuous,RollingMean28,0.16134033302576387,2.0126984126984127,2.674305174286346,-0.0345717149441119,13.217808219178082,3.3206277385021843,0.0,-0.03539226862887346,374.8247789419238,Medium
P01066,7239.915671601918,241.3305223867306,211.36524605813136,259.15989153759983,6042.530120060222,8437.301223143615,Stable,Continuous,HoltWinters7,0.04869663482350626,11.223728165657883,14.193576961809995,-0.03479416868557075,241.86027397260273,26.05938527608355,0.0,-0.0021903207879940823,2394.7711030833934,High
P01067,380.161354734683,12.672045157822767,12.672045157822767,12.672045157822767,257.49461625863364,502.8280932107324,Stable,Continuous,SES,0.1398011389136679,1.9856843015253702,2.38738671171452,-0.024317137111763667,12.875342465753425,2.225200524058059,0.0,-0.01578966217569744,245.33347695209875,High
P01068,339.4365810027816,11.31455270009272,8.151070414311938,13.178248972115103,200.5464875266998,478.3266744788635,Seasonal,Continuous,HoltWinters7,0.149511429056821,1.82271920329908,2.230075311013877,-0.08439661961075934,12.265753424657534,2.8319274739266977,0.0,-0.07754931080325145,277.7801869521637,High
P01069,499.2857142857143,16.642857142857142,16.642857142857142,16.642857142857142,256.1444354287799,742.4269931426486,Volatile,Continuous,RollingMean28,0.19873358990000156,3.326984126984127,4.074339404985943,-0.028790837358923006,17.432876712328767,4.406195127225143,0.0,-0.04531779708583106,486.2825577138687,Medium
P01070,719.5372486627506,23.98457495542502,21.026511831575743,25.92055802546886,530.7610657982774,908.3134315272238,Stable,Continuous,HoltWinters7,0.06737461499642002,1.5830883841667713,1.9695584963051882,-0.01480431149319747,24.913698630136988,3.678723725593384,0.0,-0.03729368683893641,377.55236572894637,High
P01071,352.5,11.75,11.75,11.75,175.63643150363148,529.3635684963684,Volatile,Continuous,RollingMean28,0.17920619557358788,2.042063492063492,2.6490128461213036,-0.007827875816116681,12.41095890410959,3.151569454374067,0.0,-0.05325607064017668,353.727136992737,Medium
P01072,453.25626804920824,15.108542268306941,15.108542268306941,15.108542268306941,189.11592357619648,717.3966125222199,Volatile,Continuous,SES,0.23845340013387759,4.162028712882244,5.29473521458191,-0.05189424450025282,17.315068493150687,4.774982565424019,0.0,-0.127433872162653,528.2806889460235,Medium
P01073,571.2232344357964,19.040774481193214,16.44391539280044,20.826403289723583,367.5217835316847,774.924685339908,Stable,Continuous,HoltWinters7,0.13300187549263784,3.1763648092672874,3.749430199128501,-0.03855546643953136,21.19041095890411,3.7115718049069013,0.0,-0.10144383145186853,407.4029018082233,High
P01074,247.62574481349216,8.254191493783072,8.254191493783072,8.254191493783072,118.63846558701849,376.6130240399658,Volatile,Continuous,SES,0.2059958435394449,1.7946116842018165,2.467047372217435,-0.06930808499918904,9.14109589041096,2.386078485609654,0.0,-0.09702385876492703,257.97455845294735,Medium
P01075,3178.624907601014,105.95416358670046,105.95416358670046,105.95416358670046,2010.3683021035786,4346.881513098449,Volatile,Continuous,SES,0.17930635379538454,18.407589918289737,23.662420232979613,-0.03119025376727197,92.94931506849315,21.499517481347667,0.0,0.13991333350465474,2336.513210994871,Medium
P01076,798.6815688795614,26.622718962652048,26.622718962652044,26.622718962652044,413.4735829543046,1183.889554804818,Volatile,Continuous,SES,0.18046222838434664,4.952625771956782,5.953963939060124,0.0032108200125470997,29.29041095890411,6.87278412991783,0.0,-0.09107731537106001,770.4159718505134,Medium
P01077,685.0,22.833333333333332,16.0,27.0,444.7512860118882,925.2487139881118,Seasonal,Continuous,SeasonalNaive7,0.07331575857130641,1.5,1.9993550967161788,-0.05446214143358601,22.946575342465753,5.130520906438998,0.0,-0.004935028754502246,480.4974279762236,High
P01078,4089.6428571428573,136.32142857142858,136.32142857142858,136.32142857142858,0.0,12690.383189292917,Intermittent,Intermittent,RollingMean28,1.3269342306315697,131.4904761904762,142.97200032265388,-0.007824733974191775,110.9986301369863,148.0151764297813,0.6356164383561644,0.22813613468193927,12690.383189292917,Very Low
P01079,533.8551787255863,17.795172624186208,17.795172624186208,17.795172624186208,223.94642267032964,843.7639347808429,Volatile,Continuous,SES,0.22244040578673493,4.626823978973147,5.998027466185533,-0.1488701238787949,20.279452054794522,5.546782181254751,0.0,-0.12250229561902659,619.8175121105132,Medium
P01080,853.8475959954084,28.461586533180277,24.407281099815336,30.699295539889384,667.580693383429,1040.1144986073878,Trending,Continuous,HoltWinters7,0.11281309928359591,3.0068346984751977,3.762426753134172,-0.05969546823973013,22.63972602739726,4.478304344434315,0.0,0.2571524274957102,372.5338052239588,High
P01081,0.0,0.0,0.0,0.0,0.0,9358.67102474351,Intermittent,Intermittent,Naive,1.1676777890124705,146.77777777777777,210.47976161785107,-0.22649140546006064,118.73972602739725,161.77331151388665,0.6438356164383562,-1.0,9358.67102474351,Very Low
P01082,424.67736162815845,14.155912054271948,14.155912054271948,14.155912054271948,190.1665023396605,659.1882209166564,Volatile,Continuous,SES,0.19677742492412817,3.068495089346022,4.174916231433672,-0.060716731705633076,15.938356164383562,4.253010880129311,0.0,-0.11183362272294617,469.0217185769959,Medium
P01083,513.5098018175402,17.116993393918005,14.89563185044165,18.559236252595472,373.782533195185,653.2370704398952,Stable,Continuous,HoltWinters7,0.06398151389654896,1.0840747039804042,1.3575178038192954,-0.002028331272270697,17.613698630136987,2.660760695941685,0.0,-0.028199939527131512,279.4545372447102,High
P01084,3074.055883236065,102.46852944120216,89.84042650288711,109.84436021619715,2414.6825917901906,3733.4291746819395,Stable,Continuous,HoltWinters7,0.07104449082185672,7.242694584208664,9.57414941927072,-0.03559986609061556,99.61643835616438,12.604166943290194,0.0,0.028630727338800677,1318.7465828917489,High
P01085,1120.7480750283642,37.358269167612136,37.358269167612136,37.358269167612136,643.2765897412311,1598.2195603154971,Volatile,Continuous,SES,0.17756697235176885,6.704377045400695,9.04473597515525,-0.061164208446001685,35.345205479452055,8.505223781675351,0.0,0.0569543637065677,954.942970574266,Medium
P01086,2362.9125705135857,78.76375235045286,59.430576621930214,90.66051155002617,1702.465095203038,3023.360045824133,Seasonal,Continuous,HoltWinters7,0.060510535358121266,4.084960546509372,5.103969174179819,-0.02700921235039587,76.44931506849315,15.207419343753061,0.0,0.030274140191918653,1320.8949506210952,High
P01087,8567.674764411771,285.5891588137257,247.88107213977972,307.7756259659562,6947.377009792369,10187.972519031171,Stable,Continuous,HoltWinters7,0.04419012355682167,11.968459464774304,15.470117386186017,-0.009976173739860024,290.42739726027395,33.39444299760712,0.0,-0.016659029045432483,3240.595509238802,High
P01088,328.39029569964987,10.94634318998833,10.94634318998833,10.94634318998833,121.2935238532653,535.4870675460345,Volatile,Continuous,SES,0.2181558982460595,2.993559623524907,3.899618160526232,-0.10356754425374841,13.498630136986302,3.80716576372126,0.0,-0.18907747831423982,414.1935436927692,Medium
P01089,4823.670799240225,160.78902664134085,160.78902664134085,160.78902664134085,2878.3217327543302,6769.019865726121,Volatile,Continuous,SES,0.19623265918151467,32.5040695125513,39.413388754247514,-0.049862213193703646,146.13013698630138,35.15813067050897,0.0,0.10031393905018815,3890.6981329717905,Medium
P01090,144.5037332128141,4.816791107093803,4.117595890619681,5.284064239975166,96.3950158558452,192.612450569783,Trending,Continuous,HoltWinters7,0.15364346998322784,0.7801111478502373,1.0233222269586044,-0.0440806778663008,4.153424657534247,0.9213341241861175,0.0,0.1597155369981782,96.21743471393779,Medium
P01091,958.871956456669,31.962398548555633,27.5317389575495,34.36099578634587,753.758104686111,1163.985808227227,Trending,Continuous,HoltWinters7,0.10075659585406509,3.08227026833393,3.997720579551897,-0.07634010076572141,25.149315068493152,4.85266103763054,0.0,0.2709053292905719,410.22770354111594,High
P01092,9760.286116630014,325.3428705543338,273.35299988805417,348.8312233791358,7704.583964311454,11815.988268948571,Trending,Continuous,HoltWinters7,0.07109676185627911,21.36277243689804,27.30132893225536,-0.04634836002071335,274.9876712328767,46.51490445151092,0.0,0.1831180252398048,4111.404304637117,High
P01093,7238.041012620149,241.26803375400496,202.54475873415169,262.45910873852125,5649.577291817535,8826.504733422762,Trending,Continuous,HoltWinters7,0.0844528620951502,18.941592510838483,23.17882095826552,-0.06776523600395136,211.01780821917808,35.53739444540999,0.0,0.14335389884917604,3176.9274416052267,High
P01094,7085.962179968593,236.19873933228644,200.59394759672537,258.66787685717446,5611.292597729777,8560.63176220741,Trending,Continuous,HoltWinters7,0.06779405281175538,14.117628825553792,18.13205560175248,-0.0104141840172416,197.30547945205478,32.18288100864688,0.0,0.197122046423869,2949.339164477632,High
P01095,255.46316743294707,8.515438914431568,6.2396422498719115,9.987717049973915,152.97537004873539,357.95096481715876,Seasonal,Continuous,HoltWinters7,0.13864352688653,1.2652491950650122,1.6050190464518934,-0.061924155990390216,9.016438356164384,2.108771523528446,0.0,-0.05556511584092305,204.97559476842338,High
P01096,692.1695901198991,23.072319670663305,17.11331378135835,26.634278187764288,426.9234276320781,957.41575260772,Seasonal,Continuous,HoltWinters7,0.13911956526542388,3.2700124564862687,4.028766898599163,-0.057552382781090365,23.13013698630137,5.461755922685193,0.0,-0.0024996529710268334,530.492324975642,High
P01097,255.2689520018871,8.50896506672957,7.1442569714062065,9.446155363368522,168.6481105097269,341.8897934940473,Trending,Continuous,HoltWinters7,0.1574225535571617,1.5014342137616243,1.9270301724070953,-0.09912588404590632,7.987671232876712,1.6383977255622095,0.0,0.06526230470118088,173.2416829843204,Medium
P01098,203.92800419057173,6.797600139685724,4.911792122695843,7.9488551787690565,119.13092344787331,288.7250849332701,Seasonal,Continuous,HoltWinters7,0.139146203362826,1.0475404157969346,1.3681265987625517,-0.07217319967722323,7.398630136986301,1.717735545668143,0.0,-0.08123530791139066,169.5941614853968,High
P01099,2475.0,82.5,82.5,82.5,0.0,9806.141465028546,Intermittent,Intermittent,RollingMean28,1.4045110075937919,112.1857142857143,119.03636265497967,0.1145779800664551,103.19041095890411,127.39586797913562,0.5986301369863014,-0.20050710881599387,9806.141465028546,Very Low
P01100,291.0,9.7,7.0,11.0,184.4618168721759,397.5381831278241,Seasonal,Continuous,SeasonalNaive7,0.07878520811093365,0.7111111111111111,1.0624809944030258,-0.05021143486068471,10.264383561643836,2.3052317108875786,0.0,-0.05498465234218619,213.0763662556482,High
P01101,192.47859480782515,6.415953160260838,6.415953160260838,6.415953160260838,63.717435879736676,321.2397537359136,Volatile,Continuous,SES,0.2387287124851755,1.9972639138690973,2.4410605694796965,-0.04880768749113925,8.643835616438356,2.366720934946686,0.0,-0.2577423443755289,257.5223178561769,Medium
P01102,5190.0,173.0,173.0,173.0,2646.920557244961,7733.079442755039,Volatile,Continuous,Naive,0.188618169844067,41.53333333333333,52.15738717199556,0.010139837438353822,194.5,46.264826341169815,0.0,-0.11053984575835474,5086.158885510078,Medium
P01103,4920.0,164.0,164.0,164.0,2432.544470443131,7407.455529556869,Volatile,Continuous,Naive,0.17732110783792976,37.43333333333334,47.8634418359824,0.0764429316140446,194.3794520547945,44.447961153782416,0.0,-0.15628942119988443,4974.911059113738,Medium
P01104,8014.822831991383,267.16076106637945,267.16076106637945,267.16076106637945,4881.580277924437,11148.06538605833,Volatile,Continuous,SES,0.20205823282149746,54.78880051682372,65.55064571070439,-0.027112213971397736,244.97397260273974,55.74528719590054,0.0,0.09056794167933413,6266.485108133893,Medium
P01105,5603.89972052302,186.79665735076733,159.9887713138964,201.04102419011605,4365.5448269236995,6842.25461412234,Trending,Continuous,HoltWinters7,0.10547139022591444,18.916215654474954,25.817154955942158,-0.06862110342479877,146.92602739726027,29.369786680469996,0.0,0.2713653302944372,2476.7097871986407,High
P01106,120.0,4.0,4.0,4.0,71.09549607073592,168.90450392926408,Seasonal,Continuous,Naive,0.17222279325270384,0.7111111111111111,0.9389232292927329,0.03734539349710487,4.064383561643836,0.9840803973944376,0.0,-0.015840916750926914,97.80900785852816,Medium
P01107,296.0,9.866666666666667,8.0,11.0,218.84402199165723,373.15597800834274,Stable,Continuous,SeasonalNaive7,0.07116764733025567,0.6666666666666666,0.9420929478593507,-0.035901224779377516,9.83972602739726,1.4908260593047624,0.0,0.0027379460763841124,154.3119560166855,High
P01108,14984.397588027787,499.4799196009262,434.8083537161966,539.0599953132041,12483.304694030187,17485.490482025387,Stable,Continuous,HoltWinters7,0.05063899760492243,23.86517839774824,30.40860898915925,-0.034310530336337915,497.6041095890411,54.29377726043824,0.0,0.0037696835209706236,5002.1857879952,High
P01109,14658.265444262612,488.6088481420871,413.08684658164566,532.2871353377939,11965.639804113442,17350.89108441178,Trending,Continuous,HoltWinters7,0.07451118845433057,31.67263165725627,41.22220496276151,-0.051079732270600746,386.9506849315068,66.15905746233004,0.0,0.2627160699523623,5385.25128029834,High
P01110,600.0,20.0,20.0,20.0,300.62966713409236,899.3703328659076,Volatile,Continuous,Naive,0.22077894928279443,4.566666666666666,5.503638905672968,0.030028612608142612,21.491780821917807,5.448908560994475,0.0,-0.06941168971891132,598.7406657318152,Medium
P01111,330.0,11.0,11.0,11.0,245.86534945290327,414.1346505470967,Stable,Continuous,Naive,0.09333671279750404,1.1555555555555554,1.5004780065339471,-0.02802673979435644,12.178082191780822,1.576946970910927,0.0,-0.0967379077615298,168.26930109419345,High
P01112,463.89332136910764,15.463110712303587,15.463110712303589,15.463110712303589,214.4511085624524,713.335534175763,Volatile,Continuous,SES,0.23951773108855176,4.041392134611878,5.384151878441277,0.033927142471131724,16.852054794520548,4.439197816442653,0.0,-0.0824198650640856,498.88442561331055,Medium
P01113,86.0,2.8666666666666667,2.0,4.0,38.15456242400258,133.84543757599744,Volatile,Continuous,SeasonalNaive7,0.24615384615384617,0.7333333333333333,1.0663657105258688,-0.1349673202614379,3.0726027397260274,0.8583904090612504,0.0,-0.06702333184722842,95.69087515199486,Medium
P01114,7704.038678385425,256.80128927951415,217.92202384399624,277.60410142414986,6062.750970029469,9345.32638674138,Trending,Continuous,HoltWinters7,0.07300150736547799,16.924847096571103,22.077141747013357,-0.019593758693318735,218.8739726027397,36.38101235043626,0.0,0.17328381362919387,3282.575416711912,High
P01115,8355.28680197765,278.5095600659217,244.36618604795063,298.3113872144467,6889.47113269675,9821.10247125855,Stable,Continuous,HoltWinters7,0.049593609305657926,12.974448288524364,16.862457809103187,-0.02288190863614926,281.4917808219178,31.469026963095338,0.0,-0.010594343988618249,2931.6313385617996,High
P01116,8967.465533982393,298.9155177994131,260.04338502663825,321.08370707584083,7357.611416669886,10577.3196512949,Stable,Continuous,HoltWinters7,0.0488235422945854,13.572931904818551,17.06993006266782,-0.026864507861212573,295.8602739726027,33.66550028426514,0.0,0.01032664435068198,3219.7082346250136,High
P01117,501.1748440559252,16.705828135197507,14.439143124536969,18.110187000408313,337.7024064376604,664.6472816741899,Stable,Continuous,HoltWinters7,0.13139229441568273,2.575238118733822,3.0242273047492563,-0.013256543050116051,17.53835616438356,2.9729982896814646,0.0,-0.04746898862030924,326.9448752365295,High
P01118,5580.0,186.0,186.0,186.0,4252.2265495143965,6907.7734504856035,Trending,Continuous,Naive,0.12001266078903372,22.244444444444444,28.102415843047236,-0.06864854124674657,157.27397260273972,29.69643407577426,0.0,0.18264959498301558,2655.546900971207,High
P01119,802.6695232683303,26.75565077561101,20.210848470934174,30.00190243289178,511.2391725906034,1094.0998739460572,Seasonal,Continuous,HoltWinters7,0.08629417449292771,2.151883603411258,2.6840537827506226,-0.06922862358343836,28.832876712328765,6.354589730518841,0.0,-0.07204365896065956,582.8607013554538,High
P01120,625.5153716628281,20.850512388760936,16.181763542400056,24.0249355173009,391.7102170567762,859.3205262688801,Seasonal,Continuous,HoltWinters7,0.14331646669576284,2.9891204193188696,3.8061887260038803,-0.09518946305005856,21.0,4.821932061589458,0.0,-0.007118457678050638,467.61030921210397,High
P01121,1350.8246608749148,45.02748869583049,39.449872468262285,48.38751019369639,1069.592336406585,1632.0569853432446,Trending,Continuous,HoltWinters7,0.11257828596220937,4.494634750252149,5.602087194074699,-0.05425712913120917,33.52602739726027,6.515151221964425,0.0,0.34306066633800203,562.4646489366596,High
P01122,3846.90117031487,128.23003901049566,111.62126552484565,137.4337720282397,3006.696324343633,4687.106016286107,Stable,Continuous,HoltWinters7,0.07304124188276874,9.48684567740953,11.754010146529145,-0.00957457047168125,126.34246575342466,16.03931997956643,0.0,0.014940133120045829,1680.4096919424737,High
P01123,2061.564324575477,68.71881081918256,60.007894669351735,74.05561944877986,1606.6351939399701,2516.493455210983,Stable,Continuous,HoltWinters7,0.07812808877272344,5.469741260477016,6.8233300946716895,-0.04304280119362833,70.03561643835616,8.834794814466331,0.0,-0.01880194229935306,909.8582612710129,High
P01124,5774.20100283467,192.4733667611557,165.397751655804,211.1920616412469,4459.2277750714775,7089.174230597864,Trending,Continuous,HoltWinters7,0.10345521606701252,19.250863001770075,24.552209074697235,-0.06456678032877887,157.76164383561644,29.657730332706063,0.0,0.22002637701790162,2629.9464555263867,High
P01125,11838.896911539421,394.62989705131406,332.90896749338935,432.537801433534,9680.568347643666,13997.225475435174,Trending,Continuous,HoltWinters7,0.0844815578315945,28.938868539834626,36.37747640199819,-0.05759212283125322,303.64383561643837,51.66560993556636,0.0,0.29964731953198265,4316.657127791508,High
P01126,8106.068941941137,270.20229806470456,229.70986683827064,296.6633101937643,6401.14012747071,9810.997756411563,Trending,Continuous,HoltWinters7,0.07452761083195175,18.04697584572185,22.477685809706667,-0.043053323954580336,223.93972602739726,37.38989960560777,0.0,0.20658492737303535,3409.857628940854,High
P01127,323.7248852212461,10.79082950737487,8.335451558139987,12.260827171714721,188.35599287558324,459.09377756690895,Seasonal,Continuous,HoltWinters7,0.1460069288176866,1.7238034123429806,2.073504862789535,-0.029861368740789183,11.98082191780822,2.790767530862421,0.0,-0.09932477242354731,270.7377846913257,High
P01128,201.0,6.7,6.0,7.0,147.86925935878958,254.13074064121042,Stable,Continuous,SeasonalNaive7,0.06775547378256959,0.4444444444444445,0.7447898886376284,-0.0437787269902947,6.715068493150685,1.0242158809964057,0.0,-0.002243982048143578,106.26148128242085,High
P01129,630.0,21.0,21.0,21.0,408.89301416375906,851.1069858362409,Volatile,Continuous,Naive,0.17075714379607765,2.744444444444445,3.3517312212068937,0.03807178875676915,16.716438356164385,3.947929731246681,0.0,0.2562484634925837,442.2139716724819,Medium
P01130,654.6428571428572,21.821428571428573,21.821428571428573,21.821428571428573,308.84014915216926,1000.4455651335452,Volatile,Continuous,RollingMean28,0.18271432014633535,4.159523809523809,5.072993045622105,0.011488306252615913,25.243835616438357,6.2736627243124845,0.0,-0.1355739712859313,691.6054159813759,Medium
P01131,10631.101119061132,354.3700373020377,309.8679216298876,380.16905728329203,8886.042672211432,12376.159565910833,Stable,Continuous,HoltWinters7,0.04591991246391742,14.981364015570179,19.298568551744847,-0.022454106665955726,346.9027397260274,37.76855541971172,0.0,0.021525622950997025,3490.1168936994018,High
P01132,3458.301978205925,115.27673260686417,101.00920192538254,123.43800555904843,2855.1722467930354,4061.431709618815,Stable,Continuous,HoltWinters7,0.05404561511360776,5.78903517289001,7.087112490749831,-0.025205892842068266,115.79178082191781,12.84370275769518,0.0,-0.0044480550467200786,1206.2594628257798,High
P01133,1102.327103909834,36.744236796994464,31.037299632250566,40.09128037089018,751.9301674155356,1452.7240404041324,Trending,Continuous,HoltWinters7,0.15311042903193425,5.91035017828257,7.536140477801655,-0.09779129552545428,32.81369863013698,6.489060438043802,0.0,0.11978345419579028,700.7938729885968,Medium
P01134,1068.4333514668674,35.61444504889558,30.40023684998253,39.262381023037534,720.9046431022597,1415.962059831475,Trending,Continuous,HoltWinters7,0.1431118113542308,5.60981894162708,7.012804059296083,-0.062447171908469046,32.6958904109589,6.510146946608611,0.0,0.08926365366573563,695.0574167292153,High
P01135,512.0,17.066666666666666,0.0,128.0,20.917518400456288,4195.118611996578,Intermittent,Intermittent,SeasonalNaive7,1.274921022485528,58.78888888888889,84.6545854676087,-0.0016124365722369378,47.75753424657534,63.9195748482529,0.636986301369863,-0.6426392832898298,4174.201093596122,Very Low
P01136,120.0,4.0,4.0,4.0,78.9725215735835,161.02747842641648,Trending,Continuous,Naive,0.15866426825330934,0.6777777777777777,0.8987414481581507,0.0091324200913242,3.5671232876712327,0.7565089835012669,0.0,0.12135176651305701,82.05495685283297,Medium
P01137,9726.572796859873,324.2190932286624,282.3333386435702,353.7348073672969,7706.050022163602,11747.095571556145,Trending,Continuous,HoltWinters7,0.10145167552474993,30.065444092234035,38.52837366889224,-0.06761699859838867,245.62465753424658,47.141691044329804,0.0,0.31997779247166047,4041.045549392543,High
P01138,7560.793580927754,252.0264526975918,218.67112922529472,271.7707644217414,6190.692536560177,8930.89462529533,Stable,Continuous,HoltWinters7,0.04385895994714648,10.301500416805094,12.633531719066369,-0.012022494520958276,253.14109589041095,29.185572170852467,0.0,-0.004403248666118187,2740.2020887351528,High
P01139,8780.385531546377,292.6795177182126,255.46402341686655,314.717508403743,7264.89643469182,10295.874628400934,Stable,Continuous,HoltWinters7,0.048124799780921414,13.0974048085313,16.048933429799767,-0.011375070288108842,292.8068493150685,32.31459228944766,0.0,-0.0004348654997442525,3030.978193709114,High
P01140,11347.106977169138,378.23689923897126,319.7044907522218,414.7804094410063,8949.20695305979,13745.007001278489,Trending,Continuous,HoltWinters7,0.07589253863327795,26.596881276654134,34.96754859605233,-0.045125277039118596,331.55479452054794,54.88786808941292,0.0,0.14079755590905862,4795.8000482187,High
P01141,4713.26297167359,157.108765722453,136.4990704538896,169.43420186123603,3670.7360688352014,5755.789874511979,Stable,Continuous,HoltWinters7,0.07930226524547922,12.732200540703408,15.46429432611592,-0.030109530194068673,159.21506849315068,19.971352399423754,0.0,-0.013229292871787979,2085.0538056767778,High
P01142,498.4465306978662,16.61488435659554,12.205871030390671,19.183754291398515,326.4142645691625,670.4787968265698,Seasonal,Continuous,HoltWinters7,0.07403591148991943,1.1271735829570642,1.3699036882947533,-0.02547624892195208,17.2986301369863,3.7153333396352095,0.0,-0.039526007260473284,344.0645322574073,High
P01143,1318.9315456496445,43.96438485498815,38.46270079005499,47.52049834124053,1098.87685942468,1538.9862318746088,Stable,Continuous,HoltWinters7,0.04395612526770858,1.812959350228632,2.2320561501809455,-0.02041947864367257,43.49178082191781,4.703915230725191,0.0,0.010866513721419446,440.10937244992874,High
P01144,2741.125991944034,91.37086639813447,80.16080387255633,97.51813309943519,2278.0199925242205,3204.2319913638476,Stable,Continuous,HoltWinters7,0.05131029825075564,4.327521866828339,5.344774861273204,-0.03210161674497494,90.18904109589042,10.030126931757657,0.0,0.013103868140559527,926.2119988396271,High
P01145,409.9327495803422,13.664424986011406,11.767712613915819,14.764282608280348,294.7573396911109,525.1081594695736,Stable,Continuous,HoltWinters7,0.08286078323771794,1.1591764192693428,1.3604743322351591,0.027469019077554373,15.023287671232877,2.232876960185341,0.0,-0.09045042037126594,230.35081977846272,High
P01146,5013.339313917137,167.11131046390454,146.09984540310657,179.21190946054708,3925.0755862949613,6101.603041539312,Stable,Continuous,HoltWinters7,0.08423035699492475,14.081387763429186,16.83435322918664,-0.023535991932018746,166.32602739726028,20.924398681713466,0.0,0.004721348059186559,2176.52745524435,High
P01147,14279.072809054516,475.96909363515056,402.3883579000716,523.402242744545,11498.80515905051,17059.340459058523,Trending,Continuous,HoltWinters7,0.08047494315288466,33.22740612694588,41.56640679319825,-0.05106032521455156,373.8821917808219,66.86427368428286,0.0,0.27304563870261633,5560.535300008014,High
P01148,0.0,0.0,0.0,0.0,0.0,10977.66898626041,Intermittent,Intermittent,SeasonalNaive7,1.1334456665195696,155.8111111111111,237.3946381205453,0.06388506739024362,143.08356164383562,188.96519846645674,0.6301369863013698,-1.0,10977.66898626041,Very Low
P01149,2417.3905929477396,80.57968643159133,70.41674994206092,86.73009113711346,1869.5332522267256,2965.2479336687534,Stable,Continuous,HoltWinters7,0.09195366247705179,7.42383254723682,9.229180030095675,-0.06021969257745635,80.04246575342465,10.371672111529858,0.0,0.0067116957618673645,1095.7146814420278,High
P01150,7100.8700415831845,236.69566805277282,202.89322251014605,256.84579487726677,5475.790214166817,8725.94986899955,Trending,Continuous,HoltWinters7,0.1128617826462,25.349839155414845,33.10681520837829,-0.08036452666412452,190.36849315068494,36.70734509990089,0.0,0.24335526396911655,3250.1596548327334,High
P01151,3161.262157168242,105.3754052389414,88.95572062929699,115.67665062456336,2520.1239262268664,3802.400388109618,Trending,Continuous,HoltWinters7,0.06510486305621764,6.398047784102516,7.884173484925955,-0.03375036867960423,89.05890410958904,15.383727668763418,0.0,0.18321021679398308,1282.2764618827514,High
P01152,3280.0421770944527,109.33473923648175,95.33689516286576,118.92829447075,2516.2081791885653,4043.87617500034,Stable,Continuous,HoltWinters7,0.07736395093389586,8.973266089867012,11.984129625599614,-0.03269160094985799,112.88219178082191,14.641760956721939,0.0,-0.031426148698707745,1527.6679958117747,High
P01153,4584.0,152.8,0.0,412.0,218.28288291801528,15660.439189057442,Intermittent,Intermittent,SeasonalNaive7,1.1406639718459555,170.57777777777778,248.56594020001603,-0.2201322583362971,143.2945205479452,192.77368863945833,0.6383561643835617,0.06633526122078304,15442.156306139426,Very Low
P01154,10887.954334045688,362.9318111348563,320.1543133284766,389.885164903954,9127.39834592841,12648.510322162967,Stable,Continuous,HoltWinters7,0.04255202005024211,14.41916212935181,18.169517806646798,-0.0207441473065333,359.8835616438356,38.009007356763966,0.0,0.008470099265154518,3521.111976234557,High
P01155,13192.905591710674,439.76351972368917,372.95093220862833,481.07853383223915,10451.360419657007,15934.45076376434,Trending,Continuous,HoltWinters7,0.0777903307865288,30.594639825651303,38.69216312243175,-0.038912022274540915,369.34520547945203,61.69955755287953,0.0,0.1906571770786254,5483.090344107333,High
P01156,1779.642857142857,59.32142857142857,59.32142857142857,59.32142857142857,0.0,6406.172481602609,Intermittent,Intermittent,RollingMean28,2.10403529931811,72.84126984126983,81.33675553579356,0.7732564845719345,56.173972602739724,79.67858017813595,0.663013698630137,0.0560305035028863,6406.172481602609,Very Low
P01157,663.0969555027947,22.103231850093156,18.660839417066832,24.197626028888944,463.8291201910333,862.3647908145559,Trending,Continuous,HoltWinters7,0.1535713473228728,3.3624742724610024,4.134890911508703,-0.06592099658654095,18.69178082191781,3.7514790288477022,0.0,0.1825107548968854,398.5356706235226,Medium
P01158,2652.4800349816483,88.41600116605494,77.33761186740796,95.7385615565832,2043.312840412476,3261.647229550821,Stable,Continuous,HoltWinters7,0.0828957328846961,7.770833489054778,9.273804427015426,-0.03635233316877684,92.36986301369863,11.54166645043463,0.0,-0.042804673717631525,1218.3343891383452,High
P01159,4317.319462522612,143.91064875075375,143.91064875075375,143.91064875075375,2551.080196171669,6083.558728873557,Volatile,Continuous,SES,0.18741880369219963,27.637840195945888,35.96106556799915,-0.08051755950321167,135.0986301369863,32.07323792063243,0.0,0.06522655784764297,3532.478532701888,Medium
P01160,909.165854029656,30.3055284676552,25.16597917670666,33.614246071959094,594.1377380998222,1224.1939699594898,Trending,Continuous,HoltWinters7,0.13783535373532665,4.714855874203235,6.137582399493621,-0.040968073833596935,29.835616438356166,5.915299960692566,0.0,0.015750035876413992,630.0562318596676,High
P01161,8185.618518961351,272.85395063204504,233.77830253601556,295.9751881210538,6273.865424511363,10097.371613411338,Trending,Continuous,HoltWinters7,0.09474319202826109,25.422908392435602,32.23572491506993,-0.041164980132080496,225.80547945205478,43.33191479289738,0.0,0.20835841226775909,3823.5061888999753,High
P01162,1022.184769347141,34.072825644904704,28.703664425759097,37.610963581145576,692.9404071398124,1351.4291315544697,Trending,Continuous,HoltWinters7,0.14495892553477085,5.362173677787698,6.874015930789452,-0.06763097071800565,31.291780821917808,6.105255408312505,0.0,0.08887461019920484,658.4887244146573,High
P01163,232.0,7.733333333333333,7.0,8.0,169.4779200444591,294.5220799555409,Stable,Continuous,SeasonalNaive7,0.07117845117845117,0.5333333333333333,0.817626748084331,-0.053208273208273205,7.801369863013699,1.1876124624455933,0.0,-0.008721100380450708,125.0441599110818,High
P01164,0.0,0.0,0.0,0.0,0.0,12269.58011738875,Intermittent,Intermittent,Naive,1.0,133.4,249.1443909026074,-1.0,141.1041095890411,212.15738809173823,0.689041095890411,-1.0,12269.58011738875,Very Low
P01165,112.0,3.7333333333333334,3.0,4.0,72.22914270031183,151.77085729968817,Stable,Continuous,SeasonalNaive7,0.15967443581206067,0.6555555555555556,0.9896774905128912,-0.08901220865704773,3.76027397260274,0.7191749056130111,0.0,-0.0071645415907711785,79.54171459937635,Medium
P01166,6791.8348775232735,226.39449591744244,198.8185788187236,243.39151734146955,5304.1033977038815,8279.566357342665,Stable,Continuous,HoltWinters7,0.08043967268593767,18.675633519242023,23.297707091566554,-0.02615326016484257,230.74109589041095,28.2200851510132,0.0,-0.018837563183945805,2975.462959638783,High
P01167,2793.286899688612,93.10956332295373,84.05875484206148,99.01023878577723,2205.5470593859072,3381.026739991317,Stable,Continuous,HoltWinters7,0.08951415138483766,8.31537284425705,9.867628298800406,-0.03001962919268042,91.85479452054794,11.309137098793679,0.0,0.01366035174271829,1175.4796806054096,High
P01168,3437.2377952081374,114.57459317360458,88.80327579314073,127.93767708996064,2478.253396489971,4396.222193926304,Seasonal,Continuous,HoltWinters7,0.07615193175575195,7.5295774501795085,9.147966673375064,-0.05678976854164161,111.63287671232877,21.71424377360806,0.0,0.02635170343998605,1917.9687974363328,High
P01169,472.40185886864884,15.746728628954962,13.74527732454162,16.909645655600755,318.0464731624557,626.7572445748419,Stable,Continuous,HoltWinters7,0.14368447676801138,2.659347469987193,3.1700771618633183,-0.0021182204384489547,16.61917808219178,2.839591613358776,0.0,-0.05249654639489598,308.71077141238624,High
P01170,895.9502791797353,29.865009305991176,26.24845222641642,31.94716518379072,673.7693275489427,1118.1312308105278,Stable,Continuous,HoltWinters7,0.06842100278066103,1.872804850758303,2.349340255439657,-0.034529045397892255,28.73013698630137,4.240997402276951,0.0,0.03950111063622552,444.3619032615851,High
P01171,1027.0,34.233333333333334,31.0,37.0,843.6086543090685,1210.3913456909315,Stable,Continuous,SeasonalNaive7,0.05174024123817177,1.6444444444444446,2.158982553634797,-0.02706462503951637,33.93287671232877,3.8203323922106684,0.0,0.008854440003767783,366.78269138186306,High
P01172,2937.475758023731,97.91585860079104,85.72640209667696,106.51245865946292,2289.9664899168197,3584.985026130643,Stable,Continuous,HoltWinters7,0.08352388388022751,8.321751240076646,10.49458956154769,-0.047758302392260615,98.25479452054795,12.517675197278109,0.0,-0.003449561127381151,1295.0185362138232,High
P01173,11679.491517968036,389.31638393226785,331.15770669290345,423.98344995933184,9273.172940753344,14085.810095182725,Trending,Continuous,HoltWinters7,0.07985659980485972,28.016624084690473,35.31604744442958,-0.05229424803290391,322.31780821917806,54.80993807752326,0.0,0.20786495193442844,4812.637154429382,High
P01174,395.5314848206587,13.18438282735529,11.502413603308367,14.30033232054592,292.7647651524764,498.298204488841,Stable,Continuous,HoltWinters7,0.06491072736744417,0.8100780599316382,1.0145736055991192,-0.03428346641590765,13.26986301369863,1.9923850182055813,0.0,-0.006441678128485506,205.5334393363646,High
P01175,3288.6743316023035,109.62247772007679,93.26514011107128,119.91283057748522,2599.357492634859,3977.991170569748,Trending,Continuous,HoltWinters7,0.06899244322379777,6.968268241857607,8.75203917403299,-0.04172942889994977,93.4,15.628102435480836,0.0,0.17368819828776005,1378.633677934889,High
P01176,4192.190745249636,139.73969150832121,122.58299534209652,149.64973921606654,3464.581197285551,4919.800293213721,Stable,Continuous,HoltWinters7,0.04950475190474254,6.497743545460904,8.140695713747233,-0.018763475957053743,140.47808219178083,15.519541613719033,0.0,-0.005256269675233516,1455.2190959281697,High
P01177,6030.0,201.0,201.0,201.0,0.0,12196.656227471347,Intermittent,Intermittent,Naive,1.0,79.85555555555555,129.37438031265378,-1.0,79.4876712328767,106.81928632085838,0.6383561643835617,1.5286940337090273,12196.656227471347,Very Low
P01178,734.5592390003961,24.485307966679873,24.485307966679873,24.485307966679873,354.8126829694028,1114.3057950313896,Volatile,Continuous,SES,0.21084529378753572,5.696595743039244,7.7414833736488715,-0.07942236137161816,26.886301369863013,6.89242870162572,0.0,-0.08930173660384633,759.4931120619868,Medium
P01179,18388.506543818232,612.9502181272744,514.8982090030233,678.1411778288132,14932.778348875538,21844.23473876093,Trending,Continuous,HoltWinters7,0.07764480030099959,41.67086050431555,51.93348488192961,-0.041889197082623196,488.04657534246576,83.8865784690289,0.0,0.25592566180218124,6911.456389885392,High
P01180,6940.365657584083,231.34552191946943,197.51405622759927,253.2782593601773,5481.838413606031,8398.892901562136,Trending,Continuous,HoltWinters7,0.08082020024636379,17.157464179471514,21.97149504586967,-0.05414380333602458,197.57808219178082,32.44617890922476,0.0,0.17090680987029705,2917.054487956105,High
P01181,12265.534318373757,408.8511439457919,355.69923870277444,439.1380432472602,9628.800911739763,14902.26772500775,Trending,Continuous,HoltWinters7,0.10273930286952869,40.71856465433549,51.96040174790568,-0.08468916019088969,327.84794520547945,63.25893531357128,0.0,0.24707551145255313,5273.466813267987,High
P01182,458.9448882018643,15.298162940062143,11.400963390206782,17.6905250056957,299.10416723338994,618.7856091703386,Seasonal,Continuous,HoltWinters7,0.09272840127693137,1.2885506368181499,1.5401247084279734,-0.05101467007253003,15.37945205479452,3.4628920136962327,0.0,-0.005285566380567763,319.68144193694866,High
P01183,1172.0,39.06666666666667,28.0,44.0,846.0812230516317,1497.9187769483683,Seasonal,Continuous,SeasonalNaive7,0.06643488297595934,2.3444444444444446,3.0587260471571667,-0.03793288337073439,38.24794520547945,7.438464699714597,0.0,0.021405632558528342,651.8375538967366,High
P01184,2275.2402350975035,75.84134116991679,66.98142623951003,81.36337036402811,1796.3900920232682,2754.090378171739,Stable,Continuous,HoltWinters7,0.07700638279047448,5.918201359952325,7.418229063817148,-0.03465638703171971,75.75205479452055,9.221561921758637,0.0,0.0011786660525372472,957.7002861484707,High
P01185,515.2352969807516,17.174509899358387,14.227781961523254,19.061380815121723,334.3562419569429,696.1143520045603,Trending,Continuous,HoltWinters7,0.15564962128448104,3.0609283013458364,3.8093422158075803,-0.10174392942109967,16.543835616438358,3.334381987368455,0.0,0.03812140651913731,361.7581100476174,Medium
P01186,1799.2779447671026,59.975931492236754,59.975931492236754,59.975931492236754,1065.7750587977869,2532.7808307364185,Volatile,Continuous,SES,0.1687657623664822,10.456736936726752,13.574635910705673,-0.02077953263089798,56.917808219178085,13.216207185260012,0.0,0.05372876027275164,1467.0057719386316,Medium
P01187,21584.535715945487,719.4845238648496,604.8641946462166,810.1755370480381,17162.642431891105,26006.42899999987,Trending,Continuous,HoltWinters7,0.06781072078573581,43.78349613334505,56.213351482404086,-0.02293650756966381,595.1575342465753,101.76573385233515,0.0,0.20889761527704254,8843.786568108764,High
P01188,673.6531475380331,22.455104917934435,22.455104917934435,22.455104917934435,454.1093250086219,893.1969700674441,Stable,Continuous,SES,0.1318420150803025,3.510037786276143,4.628050396088976,-0.04597797572062657,23.86849315068493,4.008457338749976,0.0,-0.05921564565586901,439.0876450588222,High
P01189,279.0,9.3,7.0,10.0,174.63434952242514,383.3656504775749,Seasonal,Continuous,SeasonalNaive7,0.08174050100231067,0.7111111111111111,1.004741398565125,-0.014457655562186618,9.652054794520549,2.208482809696417,0.0,-0.03647459551518595,208.73130095514975,High
P01190,0.0,0.0,0.0,0.0,0.0,9027.459406556432,Intermittent,Intermittent,Naive,1.0,87.76666666666667,162.80008949249734,-1.0,117.26301369863013,156.03747879679125,0.6342465753424658,-1.0,9027.459406556432,Very Low
P01191,642.6936912164939,21.423123040549797,21.423123040549797,21.423123040549797,426.67192700463846,858.7154554283493,Stable,Continuous,SES,0.14073990122657162,3.5454017957339325,4.449073810908717,-0.0500788214324098,22.671232876712327,3.9414605111282297,0.0,-0.055052578876051195,432.0435284237108,High
P01192,9595.21720615492,319.8405735384974,243.10944082005676,365.28599029420064,7000.80793057226,12189.626481737581,Seasonal,Continuous,HoltWinters7,0.07502250244232161,20.201982728269776,25.279249999685224,-0.05381425496302358,297.1986301369863,58.97729444560546,0.0,0.07618454833077393,5188.818551165321,High
P01193,790.5058723218747,26.35019574406249,22.866115608697584,28.628493245809274,584.549147803338,996.4625968404115,Stable,Continuous,HoltWinters7,0.05980382445687254,1.5402922201617721,1.915958555274307,-0.020541698702009035,27.1,4.0938409358060985,0.0,-0.027668053724631436,411.9134490370735,High
P01194,5055.610274039798,168.5203424679933,147.21840977086134,182.17507292322196,4173.258996797421,5937.9615512821765,Stable,Continuous,HoltWinters7,0.048019432380827475,7.482348241546212,9.119648538054717,-0.018714126329607273,166.58356164383562,18.58519119096068,0.0,0.011626482259387672,1764.7025544847556,High
P01195,450.0,15.0,15.0,15.0,111.2323871965357,788.7676128034643,Volatile,Continuous,Naive,0.22972796527704076,5.1000000000000005,6.161935474437132,-0.0070690901428524895,22.83013698630137,6.141555700992782,0.0,-0.34297371894875794,677.5352256069286,Medium
P01196,4520.427049680334,150.68090165601112,131.21338378230863,162.03902143414606,3539.2453017116477,5501.608797649019,Stable,Continuous,HoltWinters7,0.08713554438255337,13.24381222817592,16.537644118377802,-0.02173589827109253,150.4808219178082,18.95030797013681,0.0,0.0013296029065563708,1962.3634959373712,High
P01197,7305.44929929549,243.51497664318302,210.1456175233407,261.9325842922569,5777.382016556604,8833.516582034375,Trending,Continuous,HoltWinters7,0.09295514110287377,20.79034102253212,27.740504670448345,-0.04460316964287897,189.81917808219177,36.252848741133846,0.0,0.2828786801391636,3056.1345654777715,High
P01198,1436.7167816794001,47.89055938931334,47.89055938931334,47.89055938931334,841.3289039302473,2032.1046594285528,Volatile,Continuous,SES,0.1980623886296353,9.445485452011456,11.470460392869533,-0.031579797880067255,44.97945205479452,10.521041154257377,0.0,0.06472082698945436,1190.7757554983054,Medium
P01199,0.0,0.0,0.0,0.0,0.0,2538.8695427779708,Intermittent,Intermittent,Naive,1.0,33.62222222222223,54.81218403164633,-1.0,31.35753424657534,44.30694291046091,0.6616438356164384,-1.0,2538.8695427779708,Very Low
P01200,450.0,15.0,15.0,15.0,254.15571442679914,645.8442855732008,Seasonal,Continuous,Naive,0.16100261075870834,2.6888888888888887,3.567772401489473,-0.0768099109562524,16.864383561643837,3.9616775299495175,0.0,-0.11055153927382022,391.6885711464016,Medium
P01201,4927.919399386995,164.2639799795665,143.7986851400606,176.25532689569843,4143.155464260178,5712.683334513812,Stable,Continuous,HoltWinters7,0.04609213936287956,6.93342672380928,8.605726887637871,-0.02874084750862915,158.63150684931506,16.508711394597213,0.0,0.03550664834572714,1569.5278702536343,High
P01202,63.39410707385169,2.113136902461723,2.113136902461723,2.113136902461723,22.98995127615229,103.7982628715511,Volatile,Continuous,SES,0.24371481347211668,0.6022732787601471,0.8181087423025956,-0.051464479840274656,2.5123287671232877,0.7336597114112222,0.0,-0.1588931631422804,80.8083115953988,Medium
P01203,774.0930231022334,25.803100770074444,21.608125279831878,28.27491526110383,502.4951384549192,1045.6909077495475,Trending,Continuous,HoltWinters7,0.15354229596520644,4.535864638649611,5.5478093246918725,-0.04693150079554731,25.475342465753425,5.0446641824636895,0.0,0.012865707488000533,543.1957692946282,Medium
P01204,90.0,3.0,3.0,3.0,64.12599978385443,115.87400021614557,Stable,Continuous,Naive,0.07169800112863466,0.19999999999999998,0.4403730732130466,0.0640351658795925,2.9616438356164383,0.4669106173031682,0.0,0.01295097132284928,51.74800043229115,High
P01205,5646.433881649295,188.21446272164314,144.59437224688332,214.33164009983943,3965.6692370975643,7327.198526201025,Seasonal,Continuous,HoltWinters7,0.06998838785429039,11.758174834781636,14.049789427807683,-0.05620406682009982,193.3739726027397,39.047066416306016,0.0,-0.026681511537729352,3361.5292891034605,High
P01206,13670.298350446046,455.6766116815349,382.01440265369405,501.6577530544751,10962.585328112198,16378.011372779894,Trending,Continuous,HoltWinters7,0.06658672684090915,26.72906557788565,33.36415882473767,-0.018200439551279302,359.83561643835617,64.09004590029181,0.0,0.2663466062415123,5415.426044667696,High
P01207,22160.346465002953,738.6782155000984,621.6636868477253,811.6667699611133,17786.574631830015,26534.118298175894,Trending,Continuous,HoltWinters7,0.07575465932155107,49.75312322779185,63.31393114351957,-0.0384838981207779,606.2643835616439,104.63064551439042,0.0,0.2184093862821994,8747.543666345879,High
P01208,495.62678918876117,16.520892972958706,12.241245372312257,18.946465326931474,327.4156269014482,663.8379514760742,Seasonal,Continuous,HoltWinters7,0.07740096816893315,1.1424537905153953,1.4539980133246848,-0.053332157769211665,16.2013698630137,3.5349322087350585,0.0,0.01972198108225709,336.422324574626,High
P01209,107.14285714285715,3.5714285714285716,3.5714285714285716,3.5714285714285716,53.04470701214844,161.24100727356586,Volatile,Continuous,RollingMean28,0.17493357622317293,0.5976190476190477,0.783821105920672,-0.0393287832702754,3.7849315068493152,0.9932793689427328,0.0,-0.05640866552918666,108.1963002614174,Medium
P01210,7047.533258155194,234.9177752718398,199.07387463328223,257.0942708206027,5492.406672706865,8602.659843603522,Trending,Continuous,HoltWinters7,0.10425792792631305,24.31213687185469,30.47891189679471,-0.06490907111046641,189.87534246575342,37.29678649433979,0.0,0.2372210747386032,3110.253170896657,High
P01211,799.6194490839691,26.653981636132304,20.005922594677767,30.935530777593115,521.7806919083662,1077.458206259572,Seasonal,Continuous,HoltWinters7,0.06517475625691234,1.5492285885448573,2.0141886096429586,-0.034445509232069293,26.516438356164382,5.88321444985636,0.0,0.0051870948172021425,555.6775143512059,High
P01212,8871.635292681593,295.72117642271974,256.59583810732937,316.0800876149211,7274.876908110446,10468.393677252738,Stable,Continuous,HoltWinters7,0.05009402106920549,14.061681976803357,17.267988535366182,-0.01966989730669492,301.62602739726026,33.67029083454211,0.0,-0.01957672892320883,3193.516769142292,High
P01213,435.106150672737,14.5035383557579,14.5035383557579,14.5035383557579,303.2895380660668,566.9227632794071,Stable,Continuous,SES,0.1360962321265641,2.1589569097633583,2.7675255710612863,-0.05113796612068966,14.356164383561644,2.420589907659224,0.0,0.010265553406800354,263.6332252133403,High
P01214,8416.709657259004,280.5569885753001,232.54414833447018,311.56371000319734,6787.117634587952,10046.301679930055,Trending,Continuous,HoltWinters7,0.0702485276799002,17.60014430208767,22.341109255834017,-0.044257826017835546,229.57534246575344,40.484452403001534,0.0,0.22206934578417026,3259.1840453421028,High
P01215,21417.32719827189,713.910906609063,603.2092146539225,778.5151541925749,17380.799135541027,25453.855261002755,Trending,Continuous,HoltWinters7,0.08405588514191455,52.15461908223122,63.374638353075675,-0.03880845339338778,569.1698630136987,96.0936395807883,0.0,0.2543020159728322,8073.056125461728,High
P01216,210.0,7.0,6.0,8.0,140.02254065993267,279.9774593400673,Stable,Continuous,SeasonalNaive7,0.13535157736036343,1.1222222222222222,1.72876325793282,-0.07195645125230157,7.535616438356165,1.2709554708104087,0.0,-0.07107798582075986,139.95491868013463,High
P01217,557.9461612732667,18.598205375775557,18.598205375775557,18.598205375775557,374.6260041602011,741.2663183863323,Stable,Continuous,SES,0.132638972615358,2.8919687509034495,3.7359037516931815,-0.05201165325464175,19.53287671232877,3.329568029526195,0.0,-0.047851187017592056,366.6403142261312,High
P01218,6601.0699028982835,220.0356634299428,196.42399394118266,231.0759206049303,5483.949670723707,7718.190135072861,Stable,Continuous,HoltWinters7,0.044913346939597705,9.357016158789985,11.820714455439282,-0.011341916786651139,223.45205479452054,24.459502150066182,0.0,-0.015289147229902822,2234.2404643491545,High
P01219,0.0,0.0,0.0,0.0,0.0,1427.8688493259622,Intermittent,Intermittent,Naive,1.0,19.755555555555556,31.253312479347002,-1.0,18.682191780821917,24.72433112084775,0.6315068493150685,-1.0,1427.8688493259622,Very Low
P01220,339.5982730836545,11.319942436121815,11.319942436121815,11.319942436121815,181.30458722185148,497.8919589454575,Volatile,Continuous,SES,0.1728596235306277,1.917388910411889,2.5333062223261185,-0.060818091512618556,11.927397260273972,2.915158823597151,0.0,-0.050929369660167034,316.587371723606,Medium
P01221,2229.8558414753093,74.32852804917698,64.69202936495408,80.69943153734764,1720.1475678272093,2739.564115123409,Stable,Continuous,HoltWinters7,0.07505218040763757,5.891743395134604,7.382378400898293,-0.026590167777207085,76.66849315068494,9.570314136865075,0.0,-0.030520556819983002,1019.4165472961997,High
P01222,808.963307350205,26.965443578340167,22.559279271780216,29.444343178580976,536.7795518077625,1081.1470628926475,Trending,Continuous,HoltWinters7,0.1429231612457107,4.385409077306004,5.806831709254421,-0.07352341213280467,24.97808219178082,5.097896136036058,0.0,0.07956421038654837,544.367511084885,High
P01223,833.2208587063216,27.77402862354405,24.051895625404804,29.95589451425561,611.8971236092283,1054.544593803415,Stable,Continuous,HoltWinters7,0.07093663628138044,1.9334727153083897,2.263415745156747,-0.02045791992091261,29.136986301369863,4.317047803988806,0.0,-0.04677757897568602,442.64747019418667,High
P01224,2795.485960311619,93.18286534372062,93.18286534372062,93.18286534372062,1662.235692362227,3928.73622826101,Volatile,Continuous,SES,0.19712380022575712,18.494748203930275,23.63197606348425,-0.02668773564498422,87.41643835616438,20.44784602471318,0.0,0.06596501866230065,2266.5005358987833,Medium
P01225,751.7539918303054,25.05846639434351,18.752015787628935,29.042893916837784,495.73983748526024,1007.7681461753506,Seasonal,Continuous,HoltWinters7,0.08085740951035099,1.842646483864421,2.235414988021411,-0.05598351104081791,25.54794520547945,5.511780863052867,0.0,-0.019159224242854433,512.0283086900904,High
P01226,1156.5134976655677,38.55044992218559,28.802075362672465,44.566225179596316,819.6601208712965,1493.366874459839,Seasonal,Continuous,HoltWinters7,0.07596483017737767,2.6181193426214366,3.1709925963735106,-0.04471260958761131,37.65890410958904,7.499434557860839,0.0,0.02367423677550784,673.7067535885425,High
P01227,493.1624327300614,16.438747757668715,12.053580375535002,18.878749542650738,314.23605407100627,672.0888113891167,Seasonal,Continuous,HoltWinters7,0.07344449485336728,1.1434566842304277,1.4499177302525739,-0.0310497915164752,17.583561643835615,3.906205316184665,0.0,-0.06510705335788702,357.85275731811043,High
P01228,111.23030322751616,3.7076767742505385,3.7076767742505385,3.7076767742505385,52.65797487173636,169.80263158329595,Volatile,Continuous,SES,0.22377742374807116,0.8015997516263891,0.9763497148105452,0.08067663324312276,3.9986301369863013,1.0740731993208357,0.0,-0.07276325960846419,117.14465671155959,Medium
P01229,11232.195645433878,374.4065215144626,320.5345372919815,400.1665491417201,8687.616355645601,13776.774935222156,Trending,Continuous,HoltWinters7,0.10370583493087958,38.755279086651164,48.7371243343355,-0.08023906753132544,311.66027397260274,60.26755329960265,0.0,0.20132898794594434,5089.158579576555,High
P01230,713.7922040441231,23.793073468137436,17.649609256659524,27.621475510963432,463.21871628889255,964.3656917993536,Seasonal,Continuous,HoltWinters7,0.09101976645945202,2.0093590046712198,2.413309036109226,-0.061873798961896896,24.15205479452055,5.313249468516315,0.0,-0.014863386549808455,501.14697551046106,High
P01231,8291.19967270002,276.373322423334,236.32222529781734,301.7904499712021,6412.095248516072,10170.304096883969,Trending,Continuous,HoltWinters7,0.09731539811826058,25.52107577847143,33.78842726055481,-0.04269568219335765,221.3082191780822,43.420103861240285,0.0,0.24881634965822053,3758.2088483678963,High
P01232,915.1785346371748,30.505951154572493,25.168226032636905,33.23553768357574,590.6635719376814,1239.693497336668,Trending,Continuous,HoltWinters7,0.1411806588179479,5.134998091476078,6.468066929865088,-0.03066776574024958,29.839726027397262,6.070487643230921,0.0,0.022326784319786963,649.0299253989867,High
P01233,552.3558624230833,18.411862080769442,18.411862080769442,18.411862080769442,252.53331289258657,852.1784119535799,Volatile,Continuous,SES,0.22283928059288619,4.720349278965989,6.250140386288053,-0.07683598707420901,20.346575342465755,5.396401335864267,0.0,-0.09508790689007662,599.6450990609934,Medium
P01234,842.8665968000929,28.095553226669765,20.93078999900971,32.40326016499352,516.024865337818,1169.7083282623678,Seasonal,Continuous,HoltWinters7,0.15680435026072273,4.464584256729181,5.261705531581198,-0.07725684424134716,28.85890410958904,6.745873821247444,0.0,-0.026451138962883758,653.6834629245498,Medium
P01235,0.0,0.0,0.0,0.0,0.0,10444.50858140594,Intermittent,Intermittent,Naive,1.1125906199141884,131.66666666666666,209.63937102487293,-0.2521083000443853,135.9904109589041,181.05667944024296,0.6342465753424658,-1.0,10444.50858140594,Very Low
P01236,858.0254589823951,28.6008486327465,21.407014202115644,32.925269451400084,563.2645305809491,1152.786387383841,Seasonal,Continuous,HoltWinters7,0.08570982263358402,2.1445960425434465,2.6034661711711626,-0.07182268788713685,28.64109589041096,6.323250271520129,0.0,-0.0014052275729411479,589.5218568028919,High
P01237,6133.792090123386,204.45973633744617,173.55727056359302,220.9030184444885,4679.982389933422,7587.601790313349,Trending,Continuous,HoltWinters7,0.10544178890044864,21.72295605463253,27.436950060642147,-0.06041390926738411,174.56164383561645,33.15213561838106,0.0,0.17127526898168166,2907.6194003799264,High
P01238,1664.9271477020607,55.49757159006869,41.67948663722573,63.59730355700363,1194.790919468858,2135.0633759352636,Seasonal,Continuous,HoltWinters7,0.05515083797963639,2.643851334608977,3.318957395649686,-0.028100021574772288,54.489041095890414,10.81902583724135,0.0,0.018508868460420436,940.2724564664056,High
P01239,7018.357066268303,233.94523554227678,202.4506411338642,254.7682422542679,5527.243695843941,8509.470436692665,Trending,Continuous,HoltWinters7,0.12053642774222484,25.882317615648855,31.35062045750009,-0.05986353260730606,181.64794520547946,35.318160456755386,0.0,0.2879046623821635,2982.226740848724,High
P01240,222.27988975925845,7.409329658641949,6.1891581080269145,8.126324660146285,149.11705900118002,295.4427205173369,Trending,Continuous,HoltWinters7,0.19847196795255942,1.5254842390294747,1.8489228843205143,-0.1364424488573047,6.573972602739726,1.355021894270877,0.0,0.12707035857649984,146.32566151615688,Medium
P01241,6877.198909111725,229.23996363705749,194.80249433528732,250.17659501200802,5271.868246997441,8482.529571226009,Trending,Continuous,HoltWinters7,0.11230000888662746,26.273000204845317,31.73598115570833,-0.08498496542966254,199.4191780821918,37.360655263763654,0.0,0.14953820310389054,3210.6613242285675,High
P01242,7798.948985246579,259.96496617488594,226.4013529973601,279.7605225470397,6481.467840006897,9116.43013048626,Stable,Continuous,HoltWinters7,0.04624629750864819,11.40687691138688,14.467230971105048,-0.012722126293040413,260.99041095890414,28.225501240364867,0.0,-0.003929051570326303,2634.962290479363,High
P01243,15592.594473864709,519.7531491288236,436.5473389253412,577.254289292364,12694.654863232756,18490.53408449666,Trending,Continuous,HoltWinters7,0.08524147201357052,38.37752413710484,46.68706360349572,-0.05851542891305608,408.0643835616438,70.31213939615603,0.0,0.2737037831930942,5795.879221263904,High
P01244,370.0773842639241,12.33591280879747,10.823797211376029,13.3235311867307,282.3144556005332,457.84031292731504,Stable,Continuous,HoltWinters7,0.0826227864462487,1.0785573529864922,1.3964030178595073,-0.04888958482045416,12.835616438356164,1.6364646110818817,0.0,-0.038931019165191705,175.52585732678182,High
P01245,5710.454851431492,190.3484950477164,162.06232390760604,208.30456421212708,4619.73304171746,6801.176661145525,Trending,Continuous,HoltWinters7,0.07404656510805498,12.460042989521865,15.513535561226883,-0.047615472913790056,153.2219178082192,26.271925308532367,0.0,0.2423059166115309,2181.443619428065,High
P01246,5193.928191423059,173.13093971410197,132.31341687617194,195.48986907499363,3741.2304725686595,6646.625910277458,Seasonal,Continuous,HoltWinters7,0.07439855146979837,11.04227498762296,13.646836319745802,-0.05647667387145,165.59315068493152,32.81669933877669,0.0,0.04551993242469532,2905.395437708799,High
P01247,838.5748905753419,27.952496352511396,27.952496352511396,27.952496352511396,559.9874898116851,1117.1622913389986,Stable,Continuous,SES,0.1444702989411676,4.693269791604524,5.792369401224856,-0.028440641902188726,29.257534246575343,5.0527510280539705,0.0,-0.04460519068577029,557.1748015273134,High
P01248,382.3264273232905,12.744214244109683,11.1842959846075,13.770628681229732,259.5308874235914,505.12196722298955,Stable,Continuous,HoltWinters7,0.14210775553932956,2.0416845149397624,2.443956617624444,-0.01867654804353602,12.954794520547946,2.2454062904123684,0.0,-0.016255007063543547,245.59107979939813,High
P01249,5346.284207018858,178.20947356729528,153.40565500342586,194.26635745007468,4082.9065694942933,6609.661844543424,Trending,Continuous,HoltWinters7,0.10430516272932451,18.535309671597208,23.16752317011277,-0.050542807022858516,147.2835616438356,28.819391780162526,0.0,0.209975312779612,2526.755275049131,High
P01250,9559.32380684671,318.64412689489035,268.5149296264053,347.65218922498684,7596.831995514128,11521.815618179293,Trending,Continuous,HoltWinters7,0.0700497525245012,20.455486083909864,26.766892158120914,-0.03441252421408664,272.55205479452053,45.93468437867171,0.0,0.16911291362348768,3924.983622665165,High
P01251,9604.63620035586,320.154540011862,280.9123388017657,344.35602005760416,8020.016260993487,11189.256139718233,Stable,Continuous,HoltWinters7,0.050509344244372034,15.402121605207347,18.432781768303055,-0.028912259943976937,318.2753424657534,33.58027166275289,0.0,0.005904313955174878,3169.2398787247457,High
P01252,3056.357166864013,101.87857222880044,76.43726431051572,113.76193691082503,2114.696731464519,3998.0176022635073,Seasonal,Continuous,HoltWinters7,0.062354187550747016,5.961896495136464,7.202283426728337,-0.03234195748167563,107.18904109589042,21.19049118766988,0.0,-0.04954302056251514,1883.3208707989884,High
P01253,389.55006775954587,12.985002258651528,9.602909278055353,15.141346237918082,234.163809643196,544.9363258758957,Seasonal,Continuous,HoltWinters7,0.15338162770665087,2.0498035514398474,2.5502635267438123,-0.09308093220106887,13.535616438356165,3.2009887816930913,0.0,-0.04067891419738734,310.7725162326997,Medium
P01254,180.0,6.0,6.0,6.0,65.76800533999813,294.2319946600019,Volatile,Continuous,Naive,0.19293559101004543,1.4777777777777776,1.849106729815799,0.033206109786661775,7.876712328767123,2.098697783452288,0.0,-0.23826086956521741,228.46398932000375,Medium
P01255,22620.824983011822,754.0274994337274,643.3392259912845,808.5640502498609,18154.025435144817,27087.624530878827,Trending,Continuous,HoltWinters7,0.08355630836983874,56.29309777485927,74.82785135900666,-0.030720910608152924,605.472602739726,104.77313627606638,0.0,0.24535362297451568,8933.599095734011,High
P01256,168.4977869853794,5.616592899512647,5.616592899512647,5.616592899512647,82.07260752681981,254.92296644393903,Volatile,Continuous,SES,0.20850252257555524,1.1553615358146907,1.490437339697987,-0.06399596596580223,5.879452054794521,1.5366540267201587,0.0,-0.0447081042301416,172.85035891711922,Medium
P01257,324.7451196057406,10.824837320191355,10.824837320191355,10.824837320191355,134.8852735641974,514.604965647284,Volatile,Continuous,SES,0.2179453846821671,2.913300285818822,3.747317001606696,-0.03476226802566023,12.572602739726028,3.3625575001931143,0.0,-0.1390138108804,379.71969208308656,Medium
P01258,848.0970746010755,28.269902486702517,21.631487973506495,32.05364399232096,601.4273925036223,1094.7667566985288,Seasonal,Continuous,HoltWinters7,0.07973008239327133,1.9898689418959412,2.428695543052758,-0.06364497886461085,28.10821917808219,5.556598752048241,0.0,0.005752171903739889,493.33936419490647,High
P01259,282.9340618181288,9.431135393937627,7.670115966733492,10.406006303720503,178.1416481994716,387.7264754367859,Trending,Continuous,HoltWinters7,0.15819997242132147,1.744236420079684,2.22742511662385,-0.07193206927734168,9.472602739726028,1.93230853171042,0.0,-0.004377608449100956,209.5848272373143,Medium
P01260,7651.0,255.03333333333333,202.0,293.0,5505.284434559963,9796.715565440036,Seasonal,Continuous,SeasonalNaive7,0.07384553241328999,16.444444444444446,20.60584773494735,-0.05104931373088902,249.67534246575343,48.78915270170533,0.0,0.021459831854700795,4291.4311308800725,High
P01261,217.6619278184718,7.25539759394906,5.263144686048151,8.474624793441963,135.6813402989338,299.64251533800984,Seasonal,Continuous,HoltWinters7,0.07812545621318641,0.5321853358417975,0.7020529762901581,-0.04202617820985637,7.7164383561643834,1.767059797755098,0.0,-0.05974787083564459,163.96117503907604,High
P01262,2135.5562766821054,71.18520922273684,63.389476742002024,75.90519498741122,1809.3638433995707,2461.74870996464,Stable,Continuous,HoltWinters7,0.039445508126292515,2.5900196169344487,3.439238863621401,-0.01354414224651146,68.84931506849315,7.208764732449731,0.0,0.03392763097090912,652.3848665650694,High
P01263,463.0,15.433333333333334,12.0,19.0,302.04324303924017,623.9567569607598,Seasonal,Continuous,SeasonalNaive7,0.1045228097185875,1.4666666666666668,1.88827130592367,-0.08707834942448851,15.554794520547945,3.496874602827303,0.0,-0.0078086012035814,321.9135139215196,High
P01264,682.8909385751394,22.763031285837982,19.955746745373908,24.60983487757944,554.410286008544,811.3715911417349,Stable,Continuous,HoltWinters7,0.043345585194250545,0.9332086699861399,1.1256607721475442,-0.01143397147107098,23.068493150684933,2.7393828824701707,0.0,-0.013241517894196808,256.961305133191,High
P01265,127.85486967873409,4.2618289892911365,4.2618289892911365,4.2618289892911365,84.90710814793249,170.8026312095357,Stable,Continuous,SES,0.1259671170312681,0.6270666183980959,0.9195154859995279,-0.06561366258965116,4.456164383561644,0.7901114334025158,0.0,-0.043610463515976194,85.8955230616032,High
P01266,637.7916971901885,21.25972323967295,21.25972323967295,21.25972323967295,300.11336513838495,975.4700292419922,Volatile,Continuous,SES,0.23280714613305883,5.352886910160926,6.71462972014645,-0.05368051107529184,24.027397260273972,6.214661638380123,0.0,-0.11518825741383953,675.3566641036073,Medium
P01267,680.3571428571428,22.678571428571427,22.678571428571427,22.678571428571427,338.8591094768807,1021.8551762374047,Volatile,Continuous,RollingMean28,0.1693712064339228,3.9444444444444446,5.087890230314925,-0.02260139576107999,24.413698630136988,6.184304995444395,0.0,-0.07107186943905619,682.9960667605241,Medium
P01268,8577.945479525686,285.93151598418956,215.41496029894012,326.6371305094191,6136.309612414972,11019.5813466364,Seasonal,Continuous,HoltWinters7,0.060275459609580334,15.275885840675429,19.365899849940423,-0.037431194025177396,283.8191780821918,55.92232183023668,0.0,0.00744254816137202,4883.271734221427,High
P01269,8384.943325256778,279.4981108418926,210.51651648486813,320.78769460534824,6035.029632102148,10734.857018411409,Seasonal,Continuous,HoltWinters7,0.06537505935647535,16.003708767462214,19.524083812935526,-0.04061169923445373,271.8493150684931,53.28945500396292,0.0,0.02813615981144668,4699.827386309261,High
P01270,688.9079086534913,22.963596955116376,17.404789506579636,26.252901127524378,463.4499796865802,914.3658376204024,Seasonal,Continuous,HoltWinters7,0.07213882839392034,1.3625785089349038,1.7785054741958122,-0.04133853903883461,21.515068493150686,4.897906140709874,0.0,0.06732623056379428,450.9158579338222,High
P01271,1470.0,49.0,49.0,49.0,0.0,3007.197713196565,Intermittent,Intermittent,Naive,1.0,18.755555555555556,32.13784209885924,-1.0,18.78904109589041,26.62758227149425,0.663013698630137,1.6079031787693205,3007.197713196565,Very Low
P01272,5918.461727771096,197.28205759236985,171.7933261124798,215.1609787386895,4537.912986994219,7299.010468547973,Stable,Continuous,HoltWinters7,0.07773871056832454,16.2984724551071,20.427911674888072,-0.026202052397344782,205.77671232876713,26.317899423288058,0.0,-0.041280933300292366,2761.097481553754,High
P01273,4211.785714285714,140.39285714285714,140.39285714285714,140.39285714285714,0.0,16535.751173849356,Intermittent,Intermittent,RollingMean28,1.4908760064164026,181.61031746031748,200.36413148121892,0.09682986349352567,154.02191780821917,213.81425874309411,0.6534246575342466,-0.08848780004370738,16535.751173849356,Very Low
P01274,620.3925131774371,20.679750439247904,20.679750439247904,20.679750439247904,284.37250108196235,956.4125252729119,Volatile,Continuous,SES,0.22456932503350757,4.983840522997766,6.543102202182442,-0.07961850974152736,23.645205479452056,6.183200859248676,0.0,-0.125414644536761,672.0400241909496,Medium
P01275,4947.375399817925,164.91251332726418,122.53458545939097,192.1599594077132,3503.794801486688,6390.955998149163,Seasonal,Continuous,HoltWinters7,0.07576528334083214,11.252762282828401,13.640722991191263,-0.04911150627386778,167.17808219178082,33.25973045354312,0.0,-0.013551829491127099,2887.161196662475,High
P01276,326.12948189302796,10.870982729767599,9.226898348480425,11.851006393822766,222.50235822365946,429.75660556239643,Trending,Continuous,HoltWinters7,0.14523255951019445,1.6975576166216773,2.110510099473599,-0.03235664809913608,9.88082191780822,1.9353868428863819,0.0,0.10021036915712567,207.25424733873697,High
P01277,992.3431883847915,33.07810627949305,27.84920284326147,36.0085161707598,661.9351503141864,1322.7512264553966,Trending,Continuous,HoltWinters7,0.15623601772020035,5.785927401094124,7.265454714742496,-0.08735488893900893,30.612328767123287,6.228533950535314,0.0,0.0805485113898925,660.8160761412101,Medium
P01278,5854.289829342071,195.14299431140236,171.4904787005049,211.17746655715433,4587.754867359476,7120.824791324666,Stable,Continuous,HoltWinters7,0.09055118350531756,17.656195889744918,21.06559634881457,-0.04266510161799738,192.34383561643835,24.13021082442304,0.0,0.014552890067898616,2533.0699239651904,High
P01279,1060.2841433847775,35.34280477949258,29.798278650193378,38.850323531341886,693.7256412981159,1426.8426454714393,Trending,Continuous,HoltWinters7,0.13282765646782338,5.515601977635861,6.999879562324913,-0.03457696790225794,34.49041095890411,6.837766591298754,0.0,0.024713936334481934,733.1170041733234,High
P01280,2018.9788212755993,67.29929404251997,53.0972904776803,76.25791133172095,1443.7347399391986,2594.2229026120003,Seasonal,Continuous,HoltWinters7,0.07539216380976578,4.425103637247595,5.320906918683211,-0.05132787671780642,65.58767123287672,13.07343871297925,0.0,0.026096715700820283,1150.4881626728018,High
P01281,3536.6524034041477,117.88841344680492,100.28371012890753,129.36665678701848,2786.362647196259,4286.942159612036,Trending,Continuous,HoltWinters7,0.06882387658809515,7.611513460583971,9.676098531255015,-0.04288620657143318,102.78904109589041,17.193943822017317,0.0,0.14689671379294733,1500.5795124157776,High
P01282,3981.8885938757453,132.72961979585818,116.42854510030133,142.66011541290715,3326.374739917956,4637.402447833534,Stable,Continuous,HoltWinters7,0.04419027931941318,5.47436201727449,6.979300451264667,-0.019693682185099707,131.27945205479452,14.081333010148267,0.0,0.01104641829597508,1311.027707915578,High
P01283,7976.389793849407,265.8796597949802,198.34725677336397,306.2429496250774,5813.041066322345,10139.73852137647,Seasonal,Continuous,HoltWinters7,0.06806610690849943,15.479120976231172,18.95898941239935,-0.04961570451524575,251.8068493150685,49.002250245822566,0.0,0.055887322041440646,4326.697455054125,High
P01284,205.93511998471894,6.864503999490632,5.9824398356904345,7.424439037478089,136.157885479641,275.71235448979684,Stable,Continuous,HoltWinters7,0.13154442609938188,1.0696481071858548,1.3001370598212805,0.009303624277420324,7.3273972602739725,1.2629314945544805,0.0,-0.06317294454511846,139.55446901015583,High
P01285,122.85728743217142,4.095242914405714,3.097586419715896,4.713642635520449,78.94906470542188,166.76551015892096,Seasonal,Continuous,HoltWinters7,0.08761094186823189,0.3079008165942734,0.39612060373903396,-0.03222442794048327,3.9506849315068493,0.911912217466803,0.0,0.0365906128696849,87.81644545349909,High
P01286,13194.428665899668,439.81428886332225,372.82817491617106,479.70497204622166,10535.618543436241,15853.238788363094,Trending,Continuous,HoltWinters7,0.07787001235109088,30.500520288064823,36.59546203528897,-0.0467873785522499,364.73972602739724,61.122115147827756,0.0,0.2058305072869573,5317.620244926853,High
P01287,86.0,2.8666666666666667,2.0,3.0,53.67941383680737,118.32058616319263,Stable,Continuous,SeasonalNaive7,0.19205239205239208,0.5888888888888889,0.8701077124980859,-0.06486846486846487,2.7643835616438355,0.584990559058496,0.0,0.03700033036009254,64.64117232638526,Medium
P01288,930.0,31.0,31.0,31.0,572.8470724294267,1287.1529275705734,Volatile,Continuous,Naive,0.16991931908632577,4.277777777777778,5.407365070992079,-0.004611972533476601,26.25068493150685,6.417047410812245,0.0,0.18092156760423728,714.3058551411467,Medium
P01289,422.08663679360586,14.069554559786862,11.472723423417804,15.74826046579547,270.8062101569318,573.3670634302799,Trending,Continuous,HoltWinters7,0.15259535296826113,2.469102822600445,3.142417928387026,-0.10855710249977701,14.04109589041096,2.772282743417076,0.0,0.002026812550674162,302.56085327334813,Medium
P01290,692.2479653480056,23.074932178266852,23.074932178266852,23.074932178266852,319.38695433614083,1065.1089763598704,Volatile,Continuous,SES,0.2173643184639269,5.42860076822947,6.89701893140741,-0.10665084471492355,24.976712328767125,6.790678282453634,0.0,-0.07614213293836447,745.7220220237296,Medium
P01291,508.85014406736383,16.961671468912126,12.514368946194356,19.795996789487504,324.9373113463353,692.7629767883923,Seasonal,Continuous,HoltWinters7,0.06264286463128708,0.998602681693111,1.2733144554739801,-0.035519536929262796,18.04794520547945,3.985798162586537,0.0,-0.0601882222158745,367.82566544205696,High
P01292,752.0,25.066666666666666,21.0,28.0,447.5043727892813,1056.4956272107186,Seasonal,Continuous,SeasonalNaive7,0.1507024244916214,4.166666666666667,5.641096302046646,-0.10452005248464925,27.28767123287671,6.3123530599742805,0.0,-0.08139223560910303,608.9912544214372,Medium
P01293,12146.870093485537,404.89566978285126,345.5215221588225,440.4363316945402,9639.174566294188,14654.565620676885,Trending,Continuous,HoltWinters7,0.07117446760968953,26.851172014818577,33.33336619602566,-0.05515937281570399,341.7013698630137,56.42401324877185,0.0,0.18494014216323396,5015.391054382697,High
P01294,1046.919484100011,34.89731613666704,30.672274885360718,37.68597136020852,879.574768328762,1214.2641998712602,Stable,Continuous,HoltWinters7,0.043196505007193214,1.4016453175520998,1.781590751489997,-0.019234369520529603,34.772602739726025,3.7362004082760087,0.0,0.0035865419069862625,334.68943154249814,High
P01295,1309.9908578656486,43.666361928854954,37.12326561630077,47.76979561735928,1007.3590717908132,1612.622643940484,Trending,Continuous,HoltWinters7,0.0896124383595035,3.8581304901556694,5.1021220845106585,-0.06617352468168414,36.33835616438356,6.9731432697816835,0.0,0.2016603539059869,605.2635721496708,High
P01296,365.17579623598857,12.17252654119962,10.417860305999243,13.271802205476225,247.02702401256323,483.3245684594139,Trending,Continuous,HoltWinters7,0.15684930803181327,2.0464358333937382,2.4691924097379556,-0.06064436115256536,10.712328767123287,2.2196247291835487,0.0,0.1363100223881999,236.29754444685068,Medium
P01297,604.8333659705198,20.161112199017328,14.808652238428438,23.639763881798945,362.5047194388325,847.1620125022071,Seasonal,Continuous,HoltWinters7,0.17641846576965867,3.6638962820854712,4.295961086507764,-0.09417696664267368,21.017808219178082,4.915579288719787,0.0,-0.040760483263856506,484.65729306337454,Medium
P01298,826.7348010263241,27.55782670087747,24.269807852460794,29.65696497365201,571.6057954760745,1081.8638065765738,Stable,Continuous,HoltWinters7,0.1310782025020135,4.0838280676577785,4.925587831204873,-0.02549318935791009,27.504109589041096,4.656733648524051,0.0,0.0019530576571646918,510.2580111004993,High
P01299,4922.30272342143,164.076757447381,122.57800663853908,188.53851563759875,3580.184662416829,6264.420784426032,Seasonal,Continuous,HoltWinters7,0.06614725048996044,9.363373154947732,11.712168770527242,-0.047863055386592655,156.43561643835616,30.39961270538352,0.0,0.04884527694520169,2684.236122009203,High
P01300,14501.342590272436,483.3780863424145,410.105447145031,529.2471053749159,11624.181455765673,17378.5037247792,Trending,Continuous,HoltWinters7,0.08013456255946771,35.28380349887145,43.40090409813106,-0.048803966802417914,393.213698630137,69.11224903804664,0.0,0.2293012375367105,5754.322269013526,High
P01301,194.78469410219654,6.492823136739885,6.492823136739885,6.492823136739885,88.04664147893656,301.5227467254565,Volatile,Continuous,SES,0.2073780301613248,1.3572469578840052,1.8142501853786042,-0.06549158009022196,6.994520547945205,1.99449794700815,0.0,-0.07172720528395693,213.47610524651992,Medium
P01302,9965.746595774881,332.19155319249603,286.99916164088836,360.7147374635015,7784.988974314511,12146.504217235251,Trending,Continuous,HoltWinters7,0.10575578772693976,33.78542709542004,43.65249378505707,-0.07139976391728618,267.741095890411,51.57439081122618,0.0,0.240719330320756,4361.51524292074,High
P01303,811.7437494094653,27.058124980315508,19.890678702822626,31.63987278658604,481.3799283426046,1142.107570476326,Seasonal,Continuous,HoltWinters7,0.14756234978680385,4.269079362325123,5.08009405265499,-0.05828118264966556,28.96301369863014,6.794454424940733,0.0,-0.06576969987086412,660.7276421337212,High
P01304,2906.8412101392914,96.89470700464305,71.93055258862282,112.317495741354,2041.6468043614182,3772.0356159171643,Seasonal,Continuous,HoltWinters7,0.07014561260612326,6.162828513731775,7.353459538869319,-0.04820153750843461,98.81232876712329,19.318260373797017,0.0,-0.019406705483073994,1730.388811555746,High
P01305,3346.071428571429,111.53571428571429,111.53571428571429,111.53571428571429,0.0,10928.235354815974,Intermittent,Intermittent,RollingMean28,1.2472248900473224,118.1579365079365,125.59270373620468,-0.07020562300333856,94.45616438356164,131.2508101602027,0.6534246575342466,0.18081985451788074,10928.235354815974,Very Low
P01306,956.2910038641451,31.8763667954715,27.847477231166774,34.19294375369969,743.3198100478784,1169.2621976804116,Stable,Continuous,HoltWinters7,0.08297295129442629,2.675040802050647,3.3849291753945283,-0.04256561602736369,31.73013698630137,4.073709914078595,0.0,0.0046085464186069736,425.94238763253327,High
P01307,13258.436990291382,441.9478996763794,370.49913932648985,480.5819102360134,10609.252641061226,15907.621339521538,Trending,Continuous,HoltWinters7,0.07407926114985658,29.714945405544526,36.97438661754304,-0.044436589343895626,365.8232876712329,63.24850507198027,0.0,0.20809121390205232,5298.368698460312,High
P01308,4881.404621720459,162.71348739068196,162.71348739068196,162.71348739068196,2965.3761196937057,6797.433123747212,Volatile,Continuous,SES,0.18627650076714067,29.489943529598623,37.3786262674815,-0.03784730011296448,148.27123287671233,34.13650271202325,0.0,0.09740429234832337,3832.0570040535067,Medium
P01309,167.0,5.566666666666666,4.0,6.0,102.03659199625038,231.9634080037496,Seasonal,Continuous,SeasonalNaive7,0.07355426134033304,0.39999999999999997,0.6392500920226807,-0.032122861448738306,6.167123287671233,1.4052668707119618,0.0,-0.09736413445875913,129.9268160074992,High
P01310,3518.4446872455114,117.28148957485038,102.56221235383202,126.69100081735697,2731.223309230012,4305.666065261011,Stable,Continuous,HoltWinters7,0.07648138271958814,9.286218482043148,11.250690115194596,-0.013420889534350595,119.9068493150685,15.046779627720728,0.0,-0.02189499394917549,1574.4427560309987,High
P01311,330.91932482756306,11.030644160918769,9.629912423254245,12.004939108884148,219.65528651470115,442.18336314042494,Stable,Continuous,HoltWinters7,0.1429109994200485,1.8610729940442354,2.2090324942280244,0.010013789141825545,11.54931506849315,2.0145985237712085,0.0,-0.04490923526619606,222.5280766257238,High
P01312,4257.079148512404,141.9026382837468,124.92656512381288,152.19265584217786,3343.944781185803,5170.213515839005,Stable,Continuous,HoltWinters7,0.07742888287896972,10.907534017811193,12.447120972891033,0.012640931713681464,139.9753424657534,17.219217426618513,0.0,0.013768823737401625,1826.2687346532016,High
P01313,5639.029740120133,187.96765800400445,164.7812257642859,200.93091815318684,4656.470784401994,6621.5886958382725,Stable,Continuous,HoltWinters7,0.043438896744509826,7.498458097107279,9.720604217405493,-0.010513218591345219,186.13150684931506,21.074021198347577,0.0,0.009864805726715886,1965.1179114362785,High
P01314,582.1243697868111,19.40414565956037,16.82938800989968,20.936614240022504,455.4925292662084,708.7562103074139,Trending,Continuous,HoltWinters7,0.10108921967463995,1.8772255041353132,2.3963163625241406,-0.04462173781432855,15.632876712328768,2.876423953182467,0.0,0.24123960142648704,253.26368104120547,High
P01315,7004.752230270151,233.49174100900504,205.43047104733216,250.7583445703944,5790.716790690547,8218.787669849755,Stable,Continuous,HoltWinters7,0.04587836751066041,10.13658755618011,12.540822694930164,-0.019709757586229892,234.56712328767122,25.6411666112071,0.0,-0.0045845396558295,2428.070879159208,High
P01316,6545.429319281085,218.1809773093695,190.29113506111304,236.58959445984576,5336.592172291532,7754.266466270636,Stable,Continuous,HoltWinters7,0.044705718881987565,9.320389848292072,11.578928445297407,-0.018871135080750133,222.65753424657535,25.296388036318756,0.0,-0.02010512221090366,2417.674293979104,High
P01317,4073.026525724622,135.7675508574874,103.95659331072898,154.7408002360316,2972.0667138936687,5173.986337555575,Seasonal,Continuous,HoltWinters7,0.07347408952661044,8.469599361761437,10.290439532504003,-0.04958444831862697,127.33561643835617,25.056500597342804,0.0,0.06621819295321174,2201.9196236619064,High
P01318,1682.5112044606026,56.083706815353416,48.636343093626394,60.35078691244108,1397.9825489993332,1967.0398599218718,Stable,Continuous,HoltWinters7,0.04530531430733301,2.369177798290101,2.945513570580919,-0.023786219926077684,55.64931506849315,6.169554952293952,0.0,0.007805877688263019,569.0573109225386,High
P01319,633.8042175831386,21.126807252771286,15.615906003576034,24.682053867176833,364.72853084282843,902.8799043234486,Seasonal,Continuous,HoltWinters7,0.15734127487129454,3.5257633766890826,4.244673978150263,-0.0868451956072225,23.21917808219178,5.540093484036586,0.0,-0.0901139059278444,538.1513734806201,Medium
P01320,840.9557597500097,28.031858658333658,28.031858658333658,28.031858658333658,565.2963016859575,1116.6152178140621,Stable,Continuous,SES,0.13664770325651146,4.50447410054111,5.6860741247000535,-0.039805140515976375,29.283561643835615,5.018799054578841,0.0,-0.042744219460935984,551.3189161281047,High
P01321,256.21576776020277,8.540525592006759,7.38992356574377,9.302630397010166,166.5325458931317,345.89898962727386,Stable,Continuous,HoltWinters7,0.15029719303629163,1.4941308254681633,1.7797181439639298,-0.023843902714077353,8.964383561643835,1.6216445667790391,0.0,-0.04728244465694775,179.36644373414217,Medium
P01322,295.6843706993856,9.85614568997952,9.85614568997952,9.85614568997952,129.85978794483603,461.5089534539352,Volatile,Continuous,SES,0.21833472047104943,2.4233619524875056,3.408632883310505,-0.11743660105272695,10.973972602739726,2.9168884053165343,0.0,-0.10186164602608294,331.64916550909913,Medium
P01323,2269.992981447818,75.66643271492725,75.66643271492725,75.66643271492725,1427.1474344586095,3112.838528437026,Volatile,Continuous,SES,0.2246613409322,15.63404046951194,19.973559978417626,-0.06678313243111707,63.31095890410959,15.278054423029173,0.0,0.19515537317214227,1685.6910939784166,Medium
P01324,564.328239798255,18.8109413266085,18.8109413266085,18.8109413266085,393.7780627485773,734.8784168479326,Stable,Continuous,SES,0.13598668126105948,2.806588210966801,3.5073799716537715,-0.060892622271872976,18.575342465753426,3.0974913882671204,0.0,0.012683419500310045,341.1003540993553,High
P01325,2340.412349614929,78.0137449871643,66.56880689916629,84.36651066090002,1806.2679746968026,2874.556724533056,Trending,Continuous,HoltWinters7,0.09791577272828049,7.537866607051172,9.622810864198694,-0.06493023274088854,62.778082191780825,12.451830332183825,0.0,0.2426907969064751,1068.2887498362531,High
P01326,347.0,11.566666666666666,8.0,13.0,218.78325701454153,475.21674298545844,Seasonal,Continuous,SeasonalNaive7,0.10031800391389432,1.0777777777777777,1.4408227564204872,-0.05545594950308891,12.25068493150685,2.777314691654593,0.0,-0.05583510380558354,256.4334859709169,High
P01327,590.7890071855637,19.692966906185458,19.692966906185458,19.692966906185458,290.24553855978303,891.3324758113445,Volatile,Continuous,SES,0.22200644209988732,4.714786971976509,6.101339533398342,-0.06659722959222378,21.434246575342467,5.405548112059692,0.0,-0.08123820275353855,601.0869372515615,Medium
P01328,8684.233415318622,289.4744471772874,253.0903814724038,309.75420909712636,7199.33577890941,10169.131051727834,Stable,Continuous,HoltWinters7,0.04943823137221631,13.910314761494618,17.182420411602845,-0.025466574843468304,297.2821917808219,31.42696518269257,0.0,-0.02626374811341181,2969.7952728184246,High
P01329,10207.406507899956,340.2468835966652,286.60311260056267,377.16785808577447,8252.252247971757,12162.560767828156,Trending,Continuous,HoltWinters7,0.07424480043646044,22.00436328495803,26.760072433960516,-0.047601039450859584,264.2041095890411,46.476310582545196,0.0,0.28781828611941584,3910.3085198563986,High
P01330,4216.524978361391,140.55083261204635,107.80065009734936,157.68576062732797,2973.5392107301204,5459.510745992662,Seasonal,Continuous,HoltWinters7,0.06711493893454637,8.478269255118287,10.34458230222816,-0.044903960652245,142.2178082191781,28.405074231606708,0.0,-0.011721286018996246,2485.9715352625417,High
P01331,5295.238795333734,176.5079598444578,153.56015654331557,189.83678436963515,4309.186385858822,6281.2912048086455,Stable,Continuous,HoltWinters7,0.049526989805777875,8.290060394198905,10.379941139818131,-0.03408839063961122,179.58356164383562,20.720009571067735,0.0,-0.01712629915135333,1972.1048189498233,High
P01332,1011.056585961216,33.7018861987072,29.524174533078707,36.13602407869192,842.2352766314559,1179.8778952909759,Stable,Continuous,HoltWinters7,0.0498760638710015,1.5775188504808764,1.9213610490249982,-0.03035333804889813,33.21369863013699,3.639567463579428,0.0,0.01469838014749869,337.64261865951994,High
P01333,115.0,3.8333333333333335,3.0,5.0,64.79938757503555,165.20061242496445,Seasonal,Continuous,SeasonalNaive7,0.14591343783890368,0.6444444444444445,1.006919842839246,-0.11144631765749778,4.301369863013699,1.0113882608472768,0.0,-0.10881104033970279,100.4012248499289,High
P01334,8547.820924485823,284.9273641495274,284.9273641495274,284.9273641495274,5244.702569250243,11850.939279721402,Volatile,Continuous,SES,0.19252175082293874,53.75658893233899,67.12135620467042,-0.05443921942081181,260.1904109589041,59.259635795987904,0.0,0.0950725013249254,6606.236710471159,Medium
P01335,1109.4025528592963,36.980085095309875,36.980085095309875,36.980085095309875,676.2100697842429,1542.5950359343497,Volatile,Continuous,SES,0.19546431177392662,7.279107514278284,8.854214379690639,-0.06014405373000628,33.794520547945204,7.840940888835405,0.0,0.094262753124289,866.3849661501067,Medium
P01336,10931.282095135835,364.37606983786117,317.8219959040824,390.9684260529141,9114.850008779182,12747.71418149249,Stable,Continuous,HoltWinters7,0.044074965057474415,15.211910112461355,18.912444696676857,-0.009676882685797755,366.0041095890411,39.669744108433285,0.0,-0.004448146095976768,3632.864172713309,High
P01337,764.8201369702986,25.49400456567662,18.598859559360935,30.073973385542292,444.87924998683314,1084.761023953764,Seasonal,Continuous,HoltWinters7,0.16224397377781682,4.59668291442767,5.302166856023244,-0.058047632212334666,28.27123287671233,6.500426902770248,0.0,-0.09823513262215666,639.8817739669307,Medium
P01338,5820.0,194.0,194.0,194.0,1567.582195567028,10072.417804432971,Intermittent,Intermittent,Naive,1.0,55.300000000000004,91.54761747025412,-1.0,49.895890410958906,74.13490176264466,0.6835616438356165,2.888095761036679,8504.835608865942,Very Low
P01339,451.5632775177309,15.05210925059103,12.537037535497284,16.58267177241173,295.15395696973883,607.972598065723,Trending,Continuous,HoltWinters7,0.14298621474285703,2.439786811384595,3.1131343390308914,-0.07514433942819239,14.321917808219178,2.8868343394665565,0.0,0.050984194445858666,312.81864109598416,High
P01340,699.7979114754586,23.326597049181952,19.515824757827268,25.694571983983657,478.9234668387809,920.6723561121362,Trending,Continuous,HoltWinters7,0.15037402269246375,3.659590330464649,4.447111176430303,-0.04172799029448155,20.59178082191781,4.105994594699685,0.0,0.1328110594666594,441.7488892733553,Medium
P01341,793.6606764444244,26.455355881480816,23.030917592458476,28.657753325456987,589.1659872627995,998.1553656260494,Stable,Continuous,HoltWinters7,0.0585784705446482,1.490648513684528,1.8260094114813112,-0.023353842708061883,27.075342465753426,3.970200411713258,0.0,-0.022898568505894557,408.9893783632499,High
P01342,11977.78950688153,399.25965022938436,340.0028648303436,435.1961698840497,9390.188272050125,14565.390741712936,Trending,Continuous,HoltWinters7,0.06945465103394627,24.95147942441027,31.565181996930026,-0.025837582310937125,341.5493150684932,55.613312257193385,0.0,0.1689663325757751,5175.2024696628105,High
P01343,8998.976469034193,299.96588230113974,256.9030850379789,325.91047470732434,7009.49140822339,10988.461529844993,Trending,Continuous,HoltWinters7,0.10454126975527332,30.392811337578873,39.08207176241179,-0.06643768158945837,244.84794520547945,46.00337140859584,0.0,0.22511088279464486,3978.9701216216035,High
P01344,0.0,0.0,0.0,0.0,0.0,2044.1868799602796,Intermittent,Intermittent,Naive,1.0,26.03333333333333,42.82614640004214,-1.0,25.87945205479452,35.49569404865385,0.647945205479452,-1.0,2044.1868799602796,Very Low
P01345,0.0,0.0,0.0,0.0,0.0,9852.167144170213,Intermittent,Intermittent,Naive,1.0,133.92222222222222,214.4732501268927,-1.0,123.81369863013698,171.35959456316652,0.6520547945205479,-1.0,9852.167144170213,Very Low
P01346,419.1612927940129,13.972043093133765,10.534247048444975,16.06601559402099,276.8404245983263,561.4821609896995,Seasonal,Continuous,HoltWinters7,0.062539777565727,0.7877436575078499,1.0201989214286045,-0.0258498544581466,13.967123287671233,3.054873315283896,0.0,0.0003522418583412623,284.64173639137323,High
P01347,441.722528618749,14.724084287291634,10.726274665653404,17.21168054391321,278.51499840392603,604.9300588335718,Seasonal,Continuous,HoltWinters7,0.0964492349324394,1.3030268522857025,1.5671017976647432,-0.08016270542411276,15.487671232876712,3.4925727663503663,0.0,-0.04930288964064278,326.4150604296458,High
P01348,103.0,3.433333333333333,3.0,4.0,64.80436961721306,141.19563038278693,Seasonal,Continuous,SeasonalNaive7,0.06384195522180504,0.19999999999999998,0.4275875848122483,-0.0350177304964539,3.458904109589041,0.7954492680979214,0.0,-0.007392739273927362,76.39126076557388,High
P01349,1743.1364809494505,58.104549364981686,50.62800798143667,63.1391924295564,1360.8123622614066,2125.4605996374944,Stable,Continuous,HoltWinters7,0.08815952547326215,5.149205118791694,6.10262340162495,-0.043305875433685866,58.33698630136986,7.258040465510581,0.0,-0.003984383683918846,764.6482373760878,High
P01350,671.1796267416563,22.372654224721877,22.372654224721877,22.372654224721877,441.92081380693844,900.4384396763742,Stable,Continuous,SES,0.13577758313928429,3.6207799700766734,4.519698902646886,-0.008275447399546219,24.59041095890411,4.191004292249951,0.0,-0.09018786785989796,458.51762586943573,High
P01351,3597.025308504425,119.90084361681417,104.13499158120013,130.1624355121464,2784.6486719020413,4409.401945106809,Stable,Continuous,HoltWinters7,0.08862393190862285,11.03299497118048,12.998850180136877,-0.01852954378233831,123.18493150684931,15.490695213524798,0.0,-0.026659818289971104,1624.7532732047675,High
P01352,4504.6985554380735,150.15661851460246,128.4589610181523,161.74361767129452,3598.7993003509673,5410.597810525181,Trending,Continuous,HoltWinters7,0.06239864031131048,8.565760666005882,11.22836823436778,-0.023204288984257988,128.2972602739726,20.568214137664526,0.0,0.1703805536762848,1811.7985101742133,High
P01353,393.40118780911564,13.113372926970522,9.713260909158894,15.268459200476235,258.1877120833893,528.6146635348421,Seasonal,Continuous,HoltWinters7,0.06790450137404201,0.8042302323044278,1.0101267317763925,-0.022210293506161483,13.235616438356164,2.874005815484478,0.0,-0.009235951491566863,270.4269514514528,High
P01354,12729.221345178516,424.3073781726172,372.7637992951291,455.8574940081656,10577.544472208841,14880.898218148192,Stable,Continuous,HoltWinters7,0.03642671108431857,14.923157824020869,18.362487786669192,-0.013033307416231816,436.6835616438356,46.53688453704105,0.0,-0.028341308348383887,4303.35374593935,High
P01355,6862.030981483704,228.73436604945678,198.99325048951442,246.23402524141176,5595.151430864609,8128.910532102797,Stable,Continuous,HoltWinters7,0.04698246060618439,10.148863056935902,12.85090667189791,-0.022278882314453696,231.6958904109589,27.01811838536073,0.0,-0.012781946007973,2533.759101238188,High
P01356,3540.69971823604,118.02332394120134,100.924637146187,129.04953444959145,2717.9560789691936,4363.443357502886,Trending,Continuous,HoltWinters7,0.11494626500958234,13.70356818019311,17.425349463339142,-0.0826430056830094,98.69041095890411,18.596503678821538,0.0,0.1958945432940562,1645.4872785336925,High
P01357,1443.2142857142856,48.107142857142854,48.107142857142854,48.107142857142854,868.9673981768544,2017.461173251717,Volatile,Continuous,RollingMean28,0.18316695471656552,8.657936507936508,11.040499658109274,-0.05739110898450222,44.679452054794524,10.431893679242014,0.0,0.0767173867339428,1148.4937750748625,Medium
P01358,273.55012050671047,9.118337350223682,7.965028808636241,9.898317637051996,200.27164486802334,346.8285961453976,Stable,Continuous,HoltWinters7,0.06666222686375214,0.5861042444149355,0.746650677799458,-0.012660392552959305,9.254794520547945,1.3969436652244829,0.0,-0.014744484064048602,146.55695127737428,High
P01359,818.5101352269207,27.28367117423069,20.156968646234034,31.563713951066568,524.812373246509,1112.2078972073325,Seasonal,Continuous,HoltWinters7,0.08844795063533871,2.18094171684559,2.6622894852848806,-0.024195869565612562,28.163013698630138,6.357610106688955,0.0,-0.031223310609056698,587.3955239608235,High
P01360,7807.180227576346,260.23934091921154,219.4227439706586,285.0161851863539,6095.339025415392,9519.021429737299,Trending,Continuous,HoltWinters7,0.07614545298048626,18.445004481879835,24.437883121688923,-0.0550649865881074,224.64383561643837,38.88443355890034,0.0,0.15845306952268068,3423.6824043219067,High
P01361,5258.0777221256985,175.26925740418994,175.26925740418994,175.26925740418994,3098.0311940087636,7418.124250242634,Volatile,Continuous,SES,0.18500603894455128,32.75689478573907,43.19210020241494,-0.04057629566250397,163.6821917808219,38.96669937888545,0.0,0.07079001996065437,4320.093056233871,Medium
P01362,738.5605711689514,24.618685705631712,20.734245501826717,26.73719604069406,503.0624470551754,974.0586952827272,Trending,Continuous,HoltWinters7,0.14680982245267998,3.8208725018780094,4.7362552356758085,-0.045593867527617904,22.112328767123287,4.3952195381895605,0.0,0.11334658438304746,470.99624822755175,High
P01363,5449.1229068750645,181.6374302291688,155.51829250918416,196.43996147356867,4326.832069725065,6571.413744025064,Trending,Continuous,HoltWinters7,0.07142796234246902,11.687068545107884,14.785511850673375,-0.0337715218000866,152.0904109589041,24.841445988274454,0.0,0.1942727295164488,2244.5816742999996,High
P01364,7535.912184125784,251.1970728041928,218.10803872420198,270.29876387563166,6192.124641910686,8879.699726340883,Stable,Continuous,HoltWinters7,0.040836450716548935,9.495355729140856,11.609492984410599,-0.015072492750359627,250.34657534246574,28.388914653858865,0.0,0.00339728019272334,2687.5750844301974,High
P01365,8272.351301294537,275.74504337648455,241.07716661619904,297.80767813430435,6854.116283498957,9690.586319090115,Stable,Continuous,HoltWinters7,0.04091435246203446,10.844917662590184,13.591558360739034,-0.011270196204984885,280.3958904109589,30.49604952425893,0.0,-0.016586716116480438,2836.4700355911573,High
P01366,143.80996581932027,4.793665527310676,3.4310891300665682,5.574008857003174,80.19973673640386,207.42019490223666,Seasonal,Continuous,HoltWinters7,0.15200631889718771,0.7932785723225179,0.9537928315186632,-0.06733653861853894,5.276712328767124,1.2873256322263174,0.0,-0.09154313734766528,127.2204581658328,Medium
P01367,0.0,0.0,0.0,0.0,0.0,2537.374775896204,Intermittent,Intermittent,Naive,1.0,33.61111111111111,55.52035734601893,-1.0,29.373972602739727,44.00868017447055,0.6876712328767123,-1.0,2537.374775896204,Very Low
P01368,7320.0,244.0,244.0,244.0,5779.5962679029335,8860.403732097067,Trending,Continuous,Naive,0.11141693169878032,24.333333333333332,31.323544884758984,-0.035003470537411235,182.17397260273972,35.19993658569726,0.0,0.3393790370487342,3080.807464194134,High
P01369,810.3111705128472,27.010372350428238,23.914255820061854,29.111603351439815,534.5344884630819,1086.0878525626124,Stable,Continuous,HoltWinters7,0.13725542174513058,4.428016368936471,5.216148212083005,-0.011761488360917838,28.995890410958904,4.995057594468912,0.0,-0.06847584372784932,551.5533640995305,High
P01370,336.85429435270686,11.228476478423563,8.522686886809481,12.93819218618557,213.85612286549028,459.85246583992347,Seasonal,Continuous,HoltWinters7,0.146289374023976,1.5946426094207482,1.9412998123495135,-0.0422024060160906,10.842465753424657,2.5045592340744167,0.0,0.035601747220366464,245.9963429744332,High
P01371,9023.561713312778,300.78539044375924,300.7853904437593,300.7853904437593,5504.5895874232065,12542.533839202353,Volatile,Continuous,SES,0.18533801512984435,55.76455791750006,75.44984872317136,-0.06553420549619648,263.33698630136985,63.616856189644096,0.0,0.14220715695262198,7037.944251779147,Medium
P01372,661.0981408667656,22.036604695558854,22.036604695558854,22.036604695558854,306.5265104243639,1015.6697713091672,Volatile,Continuous,SES,0.23358857244932021,5.663540847449661,7.791442961772648,-0.05612972908281327,23.56027397260274,6.418620881960934,0.0,-0.06467111880004872,709.1432608848033,Medium
P01373,2910.0,97.0,97.0,97.0,1865.2609731610542,3954.7390268389454,Volatile,Continuous,Naive,0.1963309369230696,17.377777777777776,22.344886715011437,-0.021285123921724564,80.54246575342465,18.790491114550093,0.0,0.20433362813796863,2089.4780536778912,Medium
P01374,1324.0313275259707,44.13437758419902,37.65976500626107,48.164439944098596,1057.6906304421652,1590.3720246097762,Trending,Continuous,HoltWinters7,0.07359307376930879,2.908961995806349,3.5732309928176575,-0.034528465025085345,36.80821917808219,6.009954098381474,0.0,0.19903593734519132,532.681394167611,High
P01375,148.05168034448403,4.935056011482801,4.3368830022924705,5.308252134808989,99.13828436115863,196.96507632780944,Stable,Continuous,HoltWinters7,0.1506137866447955,0.8370426256850289,0.9864665476686847,-0.03651600175127974,4.984931506849315,0.8802311756578047,0.0,-0.010005251887209465,97.82679196665082,Medium
P01376,7325.497519501874,244.18325065006246,244.18325065006246,244.18325065006246,4417.49643211321,10233.498606890538,Volatile,Continuous,SES,0.20439041483752204,46.97283145923402,59.590096679480666,-0.04552965932356906,214.76027397260273,52.14539986372869,0.0,0.13700381422130836,5816.002174777328,Medium
P01377,210.0,7.0,7.0,7.0,148.54285985682466,271.45714014317537,Stable,Continuous,Naive,0.06823342201759848,0.5,0.7480370279748945,-0.02950678025800203,7.767123287671233,1.1679363807345087,0.0,-0.09876543209876543,122.9142802863507,High
P01378,3835.8100611736436,127.86033537245478,93.77306473225346,148.24262687976358,2721.9113298442435,4949.708792503044,Seasonal,Continuous,HoltWinters7,0.05356148672763774,6.103700997622453,7.712023113610408,-0.033676804496489826,128.4150684931507,25.32562245240208,0.0,-0.004319844448204324,2227.7974626588,High
P01379,483.2142857142857,16.107142857142858,16.107142857142858,16.107142857142858,227.08268703358635,739.3458843949851,Volatile,Continuous,RollingMean28,0.16175463821489475,2.466666666666667,3.1081891314410517,-0.02848432634856682,16.745205479452054,4.699561929673247,0.0,-0.03810419783096475,512.2631973613987,Medium
P01380,6604.707965394946,220.15693217983153,189.41219316826408,235.92529120022297,5359.3420142504065,7850.073916539486,Stable,Continuous,HoltWinters7,0.0489781477615992,10.323734968953838,12.767331092905826,-0.020369620345021804,226.35068493150686,26.234204854184597,0.0,-0.0273635255557082,2490.7319022890797,High
P01381,150.0,5.0,5.0,5.0,98.52580740974928,201.47419259025074,Stable,Continuous,Naive,0.1344141798449713,0.7888888888888889,1.0129644926058483,0.05667254547353054,5.30958904109589,0.9325929431884794,0.0,-0.058307533539731615,102.94838518050146,High
P01382,391.91978552493316,13.063992850831106,11.376488349893867,14.204781652793725,284.80894239528396,499.03062865458236,Stable,Continuous,HoltWinters7,0.0646620199547495,0.8385655324879285,1.0445617893050525,0.010969446288368752,13.59041095890411,2.050304563247745,0.0,-0.03873452463393745,214.2216862592984,High
P01383,6434.367483853026,214.4789161284342,185.1084289000952,231.2770539555537,4994.938110405062,7873.796857300991,Trending,Continuous,HoltWinters7,0.1170183685673506,23.750772814150064,30.103288400956203,-0.06592120898026145,167.72328767123287,33.185972711174465,0.0,0.27876646771228697,2878.8587468959295,High
P01384,470.7546059319851,15.691820197732836,15.691820197732836,15.691820197732836,229.91844721697464,711.5907646469956,Volatile,Continuous,SES,0.18668707202598936,2.9455960575843427,3.706363063259582,-0.040845013656120775,17.445205479452056,4.427174505300357,0.0,-0.10050814728347313,481.67231743002094,Medium
P01385,19234.98920839273,641.1663069464244,537.24935879496,702.0231721355705,15571.150894330978,22898.827522454485,Trending,Continuous,HoltWinters7,0.07775730092116112,44.16023948198424,53.92362512908348,-0.043188739758922845,515.3876712328768,85.21630099217451,0.0,0.24404665213016874,7327.676628123507,High
P01386,200.0,6.666666666666667,6.0,8.0,146.19098417708926,253.80901582291074,Stable,Continuous,SeasonalNaive7,0.08046467232628128,0.5333333333333333,0.7870096844728985,-0.06282958271571666,6.926027397260274,1.0383625651990056,0.0,-0.03744725738396615,107.61803164582147,High
P01387,0.0,0.0,0.0,0.0,0.0,11797.133245108014,Intermittent,Intermittent,Naive,1.0,151.87777777777777,255.57013949358426,-1.0,146.31917808219177,203.61010857047526,0.6547945205479452,-1.0,11797.133245108014,Very Low
P01388,858.6976257036312,28.623254190121038,24.155402102944347,31.373795334708884,597.5316238914816,1119.8636275157808,Trending,Continuous,HoltWinters7,0.13482599303697498,4.03019096165545,5.16394875012388,-0.050902550615745744,24.936986301369863,4.920646205606015,0.0,0.1478233112935814,522.3320036242992,High
P01389,5848.132213042401,194.9377404347467,194.93774043474673,194.93774043474673,3642.0611685986537,8054.20325748615,Volatile,Continuous,SES,0.18574657272002745,37.054877892568335,46.51748435390193,-0.05789572550211645,170.86164383561643,41.04260267825961,0.0,0.14090989679517274,4412.142088887496,Medium
P01390,8923.029322598813,297.4343107532938,253.71222623790948,323.11148822165626,7076.51381472813,10769.544830469496,Trending,Continuous,HoltWinters7,0.07654552931079037,21.022378235545364,25.211808359496104,-0.06375554519815184,259.75616438356167,41.56688624262223,0.0,0.14505198157336419,3693.031015741367,High
P01391,407.53404362591647,13.584468120863882,11.901088181637775,14.649038224570287,275.5164056596979,539.5516815921351,Stable,Continuous,HoltWinters7,0.13044898958472975,2.0640345692140762,2.5013964263698845,-0.0008056351557037168,13.936986301369863,2.4165357903721474,0.0,-0.025293716509668385,264.0352759324372,High
P01392,201.78301148646503,6.7261003828821675,5.45152967066479,7.510842326293078,126.33970092633483,277.22632204659527,Trending,Continuous,HoltWinters7,0.16332838659560067,1.2861842466222777,1.5795729959138578,-0.07882482942610099,6.802739726027397,1.3875769213581624,0.0,-0.011265952576725247,150.88662112026043,Medium
P01393,611.5972409566979,20.386574698556597,15.223795154867467,23.697082542906887,375.21909283241746,847.9753890809783,Seasonal,Continuous,HoltWinters7,0.1374430381307523,2.887979940486671,3.5897036352166007,-0.05907708487756952,20.86027397260274,4.826161550941136,0.0,-0.02270820002979279,472.75629624856083,High
P01394,5255.776499160685,175.19254997202282,135.2129492810617,196.98437484683467,3739.5491657203506,6772.003832601019,Seasonal,Continuous,HoltWinters7,0.06728690617046335,10.50386998549285,12.481477483595961,-0.04515592917054296,173.86438356164385,34.60182234654393,0.0,0.007639094236388422,3032.4546668806684,High
P01395,630.0,21.0,21.0,21.0,366.57749985628,893.4225001437201,Volatile,Continuous,Naive,0.17183660398886377,3.3000000000000003,4.382897352673937,-0.053667829172436454,20.506849315068493,4.759290352027654,0.0,0.024048096192384794,526.8450002874401,Medium
P01396,3375.103266963475,112.50344223211583,112.50344223211584,112.50344223211584,2105.0451908416408,4645.161343085309,Volatile,Continuous,SES,0.17281085856818693,19.74161310605219,24.976074978727024,-0.028392066909548954,104.37534246575342,22.604282226725026,0.0,0.07787375422532694,2540.1161522436687,Medium
P01397,829.0,27.633333333333333,24.0,30.0,609.0398285954603,1048.9601714045396,Stable,Continuous,SeasonalNaive7,0.07342384219381227,1.9555555555555555,2.6190048556216206,-0.05155031684145837,28.016438356164382,4.224788489072791,0.0,-0.013674294282547739,439.9203428090792,High
P01398,710.3081737293863,23.676939124312877,20.021554465459985,25.827516571317002,473.6050868317331,947.0112606270396,Trending,Continuous,HoltWinters7,0.14324622279548024,3.9480675184707454,5.221838805289513,-0.10141207052569658,22.004109589041096,4.480255061943743,0.0,0.07602350499585375,473.40617379530653,High
P01399,1324.2555470913715,44.14185156971238,38.1015547717386,47.96616151912397,1078.4719625761459,1570.0391316065968,Stable,Continuous,HoltWinters7,0.05091300693476081,2.123127743584576,2.6543665042518514,-0.016842258211551425,44.5013698630137,5.1101043869162845,0.0,-0.00807881407713984,491.56716903045094,High
P01400,7505.474877540437,250.18249591801455,218.85226160002136,269.86863118778336,6287.940486682544,8723.00926839833,Stable,Continuous,HoltWinters7,0.05019047511214425,11.6130212415354,14.68977991453018,-0.02498796879299756,244.4986301369863,26.045188614651135,0.0,0.023247025056311044,2435.068781715785,High
P01401,671.9037669993508,22.396792233311693,19.41380069856254,24.25984162104078,445.26274216021244,898.5447918384891,Stable,Continuous,HoltWinters7,0.12796667149094712,3.4268208366790582,3.9998869814915046,-0.023093248431821728,23.7013698630137,4.125084466049121,0.0,-0.05504228815642498,453.2820496782767,High
P01402,659.9910632216703,21.99970210738901,15.857841276433733,25.86372392842589,378.7233655462607,941.2587608970799,Seasonal,Continuous,HoltWinters7,0.13390996869324623,3.2912953368344335,3.9603173819927626,-0.023606903573159938,24.457534246575342,5.757941204617772,0.0,-0.10049386477013689,562.5353953508193,High
P01403,444.72941266869196,14.824313755623065,11.2424375717234,17.214436931168226,267.36900725237876,622.0898180850052,Seasonal,Continuous,HoltWinters7,0.13631702458231346,2.185387335224626,2.7318478510314868,-0.06873745564032836,15.76986301369863,3.6991336594285666,0.0,-0.059959256288669494,354.7208108326264,High
P01404,17430.0,581.0,581.0,581.0,4449.644188999497,30410.355811000503,Intermittent,Intermittent,Naive,1.1591591591591592,177.55555555555554,270.53080965532007,-0.2492492492492492,161.26986301369863,225.218223200765,0.6561643835616439,2.6026569945721882,25960.711622001007,Very Low
P01405,7106.514272670661,236.88380908902204,200.6088596271311,258.54955230854847,5714.778820842948,8498.249724498373,Trending,Continuous,HoltWinters7,0.08102162529336993,17.073739651196977,21.597136408735455,-0.058499145478315535,193.1876712328767,32.923098846282784,0.0,0.22618491944795038,2783.470903655425,High
P01406,4215.4373322183,140.51457774061,113.38501313749296,159.5092782908446,3020.800681694964,5410.0739827416355,Seasonal,Continuous,HoltWinters7,0.07163812623980043,8.972032921025326,10.79705204909304,-0.05495773654110551,138.43013698630136,27.350214023189434,0.0,0.01505770925094807,2389.2733010466713,High
P01407,10237.653673098823,341.2551224366274,288.68881030056235,372.57069595803677,7757.216936020265,12718.09041017738,Trending,Continuous,HoltWinters7,0.09146725273968427,31.656670391822512,40.38997049072393,-0.027462386529029454,294.6068493150685,55.55005115636894,0.0,0.15834076237538786,4960.873474157114,High
P01408,8790.0,293.0,293.0,293.0,5514.499912574129,12065.500087425871,Volatile,Continuous,Naive,0.1929149364438,51.32222222222222,63.85210339582287,-0.04911892030388315,255.5150684931507,58.89431997138961,0.0,0.14670340864008224,6551.0001748517425,Medium
P01409,6945.27418635784,231.50913954526135,179.2741129763175,260.5457200900498,5038.582568679023,8851.965804036658,Seasonal,Continuous,HoltWinters7,0.06914508958349647,13.796306356318269,17.01864594074219,-0.041954449884155615,222.46027397260275,43.39627192437662,0.0,0.040676321264321746,3813.3832353576345,High
P01410,6635.649674920734,221.18832249735777,193.30359525380936,238.38980496007127,5177.771441863013,8093.527907978454,Stable,Continuous,HoltWinters7,0.07881210494963461,17.759321723213898,22.439033735491194,-0.036904229127149336,223.46164383561643,28.04560821154139,0.0,-0.010173206010830937,2915.756466115441,High
P01411,135.5853652548334,4.519512175161113,4.519512175161113,4.519512175161113,89.32059098265623,181.85013952701055,Stable,Continuous,SES,0.13186623828608188,0.685894884652228,0.9864084586110868,-0.08569211280180633,4.612328767123287,0.835830859143908,0.0,-0.02012358542690451,92.52954854435433,High
P01412,762.3497246475731,25.411657488252438,22.095871695023867,27.7000903739977,503.6620585679687,1021.0373907271776,Stable,Continuous,HoltWinters7,0.13822035441920436,4.182579502196742,4.859631315809499,-0.012162416083096922,26.67808219178082,4.669803371912986,0.0,-0.04747060506165446,517.3753321592089,High
P01413,314.73482040202083,10.491160680067361,7.645051612736776,12.288949170690607,197.33798019470714,432.1316606093345,Seasonal,Continuous,HoltWinters7,0.07411142808513259,0.7148744519365846,0.8828702606524262,-0.0256764278743658,11.11917808219178,2.50065327729303,0.0,-0.05648055975740118,234.79368041462737,High
P01414,159.24240773728837,5.308080257909612,5.308080257909612,5.308080257909612,60.28320586949023,258.2016096050865,Volatile,Continuous,SES,0.2455309067215794,1.634120253934135,2.0672694990017986,-0.09112896926886249,6.719178082191781,1.7944555313839035,0.0,-0.21001048149357449,197.91840373559626,Medium
P01415,3768.783460400565,125.62611534668551,106.79343829644321,137.16117421740628,2954.193178549687,4583.373742251443,Trending,Continuous,HoltWinters7,0.0778716772840342,8.880814375538813,11.014343169804434,-0.05372841614439345,106.5,17.835419669505395,0.0,0.17958793752756352,1629.180563701756,High
P01416,4220.357142857142,140.67857142857142,140.67857142857142,140.67857142857142,2548.182429314481,5892.5318563998035,Volatile,Continuous,RollingMean28,0.1805711219206676,24.591269841269845,32.06223384494623,-0.056620042770898764,128.48219178082192,29.52338053023385,0.0,0.0949266157332942,3344.3494270853225,Medium
P01417,315.7509522271261,10.525031740904204,8.614148712736599,11.772166570101286,200.72500432479328,430.7769001294589,Trending,Continuous,HoltWinters7,0.15020783145575717,1.8214961865269481,2.3682688984077025,-0.09959605582488702,10.412328767123288,2.121446125654554,0.0,0.01082399300882364,230.05189580466563,Medium
P01418,321.3159080407322,10.710530268024407,7.948605656553133,12.369727428851514,198.5745931964111,444.05722288505336,Seasonal,Continuous,HoltWinters7,0.15153733378634324,1.6623267606056695,2.0046092050837996,-0.05615829226602281,10.990410958904109,2.503477109161122,0.0,-0.025465898584342894,245.48262968864228,Medium
P01419,2399.77762613745,79.992587537915,67.32578399084328,87.11621363872065,1892.10633346557,2907.44891880933,Trending,Continuous,HoltWinters7,0.06477240133344234,4.8089834623530825,6.248103567005532,-0.03189020787251225,69.86849315068493,11.007627692231864,0.0,0.1449021430216837,1015.3425853437598,High
P01420,4057.630192974828,135.2543397658276,115.88051281399325,146.6316684201734,3156.7818770430376,4958.478508906618,Trending,Continuous,HoltWinters7,0.1129343615918883,14.470047186206491,18.468640287978186,-0.06545771053900996,107.0041095890411,20.51815040688758,0.0,0.2640107028158458,1801.6966318635805,High
P01421,537.4711010507634,17.91570336835878,13.360363723692599,20.734108785602928,346.03425048669976,728.9079516148271,Seasonal,Continuous,HoltWinters7,0.08318991522320064,1.3343960935109103,1.5825834340761622,-0.05627364687535319,18.40684931506849,4.080494226471808,0.0,-0.026682781952674595,382.8737011281273,High
P01422,4405.847763503079,146.8615921167693,128.19726579754328,157.35078683335533,3632.2802409821793,5179.415286023978,Stable,Continuous,HoltWinters7,0.05406236131327994,7.298379125749926,8.918558433874088,-0.037595252899268815,145.38630136986302,16.441151781370966,0.0,0.010147384815527571,1547.135045041799,High
P01423,452.45584574885623,15.081861524961875,12.6751223768775,16.44811071598624,307.5396556881647,597.3720358095478,Trending,Continuous,HoltWinters7,0.15126189368350665,2.399607533272467,2.9663155851284078,-0.07316118911316367,13.521917808219179,2.6810694678015397,0.0,0.11536408805816722,289.8323801213831,Medium
P01424,1140.0,38.0,38.0,38.0,790.8468972881992,1489.1531027118008,Volatile,Continuous,Naive,0.233908249279185,5.377777777777777,7.0386731733455905,-0.08622303560693172,22.956164383561642,6.250662215702152,0.0,0.6553287981859413,698.3062054236016,Medium
P01425,7137.26097589823,237.90869919660767,209.53962052549792,256.04216195245994,5567.258915098562,8707.263036697897,Stable,Continuous,HoltWinters7,0.07893799084396726,18.884906930049976,23.2066905004571,-0.026981803772027774,233.7027397260274,29.675254098145533,0.0,0.01799704819682879,3140.004121599335,High
P01426,5870.694013245391,195.68980044151303,169.6825878287977,211.80147511620018,4514.6662203516225,7226.7218061391595,Stable,Continuous,HoltWinters7,0.08987254672788621,18.087147674282438,22.546432146807764,-0.010857471549892597,199.3013698630137,25.62614241503457,0.0,-0.018121147004574123,2712.055585787537,High
P01427,438.8541166944611,14.628470556482036,12.31992688150937,16.134807027773885,300.5293144163963,577.1789189725259,Trending,Continuous,HoltWinters7,0.16313706770154163,2.345611242033261,2.8730710707856844,-0.06523393678747728,12.852054794520548,2.5255951553298908,0.0,0.13822036945554106,276.64960455612965,Medium
P01428,7146.531375688509,238.2177125229503,238.2177125229503,238.2177125229503,4168.77685798075,10124.285893396269,Volatile,Continuous,SES,0.19297177858742545,47.13574002421719,59.25136739874285,-0.056410815454414044,223.95342465753424,53.90496662843888,0.0,0.06369309997035666,5955.509035415519,Medium
P01429,2055.3289935473713,68.51096645157904,50.87814773614794,79.08666685087061,1482.2550751090632,2628.4029119856796,Seasonal,Continuous,HoltWinters7,0.0669292794587849,4.035817964462815,5.065941863030219,-0.05291741244623588,66.11780821917809,12.778361151103283,0.0,0.0361953654674656,1146.1478368766163,High
P01430,1558.8825815463492,51.96275271821164,51.96275271821164,51.96275271821164,900.340582372928,2217.4245807197703,Volatile,Continuous,SES,0.20379796025967792,10.90554542338137,13.934256954532787,-0.09609277674194905,48.415068493150685,11.628994689353599,0.0,0.07327644750854478,1317.0839983468422,Medium
P01431,4805.098487160033,160.16994957200112,135.59973938733194,176.42817643746665,3744.717385216774,5865.479589103293,Trending,Continuous,HoltWinters7,0.07207461049553905,10.724987593714133,13.300227630848214,-0.03810849170266859,141.1260273972603,22.897529397503487,0.0,0.13494266455282178,2120.762203886519,High
P01432,7445.559507769154,248.18531692563846,183.5260344389834,288.19757837130993,5213.258099671217,9677.86091586709,Seasonal,Continuous,HoltWinters7,0.061435628474869004,13.999911073813399,17.49041947722468,-0.03875995710874873,255.21369863013697,50.359648409688695,0.0,-0.027539202410464036,4464.602816195873,High
P01433,2629.629025597126,87.65430085323754,75.81396776257863,95.2429328047306,2134.1026069687127,3125.1554442255397,Stable,Continuous,HoltWinters7,0.04392817701328483,3.664840162923767,4.60812120481301,-0.0011857767748602605,89.8013698630137,10.357280007304418,0.0,-0.023909089728267774,991.0528372568269,High
P01434,834.6428571428572,27.821428571428573,27.821428571428573,27.821428571428573,0.0,2526.6765624526715,Intermittent,Intermittent,RollingMean28,1.243667120499085,26.651587301587302,28.6246141815791,-0.07733839874967159,20.864383561643837,29.21599177754212,0.6575342465753424,0.3334411960569139,2526.6765624526715,Very Low
P01435,215.29143946488585,7.1763813154961955,6.057223115285339,7.8300854368385595,144.9879442295062,285.59493470026547,Trending,Continuous,HoltWinters7,0.14226190235943434,1.141483680095382,1.414940872881246,-0.0321313075177211,6.66986301369863,1.3278885672572958,0.0,0.07594133504050582,140.60699047075926,High
P01436,676.9155034894354,22.563850116314516,16.31108937299275,26.335236438784122,384.82893566411406,969.0020713147569,Seasonal,Continuous,HoltWinters7,0.1296382375644591,3.366211877832957,4.182756189554493,-0.04769296709909207,25.804109589041097,6.075314651002619,0.0,-0.12557145060733688,584.1731356506428,High
P01437,601.0,20.033333333333335,16.0,22.0,442.719438150285,759.280561849715,Stable,Continuous,SeasonalNaive7,0.08172695955562763,1.5555555555555556,1.9543489508599254,-0.049238637730365575,20.084931506849315,3.0614946201865516,0.0,-0.0025689992270266915,316.56112369943,High
P01438,6836.426921706898,227.88089739022993,190.98554117867675,250.5131048824032,5453.990674930586,8218.863168483209,Trending,Continuous,HoltWinters7,0.0667093061404151,13.56741027371894,18.218214883925906,-0.022957678316459406,187.45890410958904,32.781591473540715,0.0,0.21563122580194993,2764.8724935526234,High
P01439,472.97679177366365,15.765893059122122,11.144189492615723,18.477752800981683,265.3807739184572,680.5728096288702,Seasonal,Continuous,HoltWinters7,0.14354931597001197,2.5902791081057477,3.1533683634777403,-0.03084463837953069,17.894520547945206,4.216513047542776,0.0,-0.11895415041268087,415.19203571041305,High
P01440,13066.877162968836,435.5625720989612,364.0661225818192,483.69381839984374,10633.988376291434,15499.76594964624,Trending,Continuous,HoltWinters7,0.07705165486986816,29.33477278199689,37.00770029659372,-0.053006622424793835,345.56986301369864,58.19746595752221,0.0,0.260418279245882,4865.777573354806,High
P01441,8690.298986322,289.6766328774,251.92540066780964,313.1357077845677,6864.339404938551,10516.258567705449,Trending,Continuous,HoltWinters7,0.11486484804185164,30.474904633952928,38.09706239791873,-0.0990747911085872,221.3876712328767,43.20508545108461,0.0,0.30845873785216527,3651.919162766898,High
P01442,328.49531718164445,10.949843906054815,9.1456553525879,11.95860757245459,222.82826949839682,434.1623648648921,Trending,Continuous,HoltWinters7,0.16008874976332663,1.8642245104003887,2.2992416964813263,-0.07785937343423045,9.876712328767123,1.95522728361048,0.0,0.10865271170873991,211.33409536649526,Medium
P01443,0.0,0.0,0.0,0.0,0.0,12259.201003827522,Intermittent,Intermittent,Naive,1.0,123.34444444444443,229.01556074904502,-1.0,149.74794520547945,212.89539547106608,0.6643835616438356,-1.0,12259.201003827522,Very Low
P01444,344.8514857052715,11.49504952350905,8.572572430853395,13.286495991419505,228.0256610937366,461.6773103168064,Seasonal,Continuous,HoltWinters7,0.09528278368171061,0.9308690285496085,1.124232463361047,-0.06650323359528933,11.136986301369863,2.491219524370536,0.0,0.03215081822405974,233.65164922306982,High
P01445,6716.455153616232,223.8818384538744,223.8818384538744,223.8818384538744,4052.287926649801,9380.622380582663,Volatile,Continuous,SES,0.17466793803814262,39.60391671272563,52.43651598405639,-0.06498184184983967,206.9191780821918,47.81497592288389,0.0,0.08197722670706109,5328.334453932862,Medium
P01446,77.0,2.566666666666667,2.0,3.0,45.87735507488563,108.12264492511437,Stable,Continuous,SeasonalNaive7,0.13716611257594866,0.37777777777777777,0.6523608594756216,-0.12201459742443349,2.4767123287671233,0.5880661730224584,0.0,0.036320058997050264,62.245289850228744,High
P01447,3586.0,119.53333333333333,0.0,233.0,305.09377093466674,9431.898358995,Intermittent,Intermittent,SeasonalNaive7,1.2552960124605985,101.5111111111111,143.67220429768824,-0.10565361055376876,72.73698630136987,101.3695347762545,0.6547945205479452,0.6433638429570478,9126.804588060333,Very Low
P01448,3029.3870624918204,100.97956874972735,88.61155977691332,108.56935732918026,2375.143259561009,3683.630865422632,Stable,Continuous,HoltWinters7,0.0882171728962854,8.799978255737237,10.638456540830054,-0.045329041842251706,97.80958904109589,12.546021337794087,0.0,0.032409702767481674,1308.4876058616228,High
P01449,5320.16708220252,177.338902740084,177.338902740084,177.338902740084,3173.312266077554,7467.021898327485,Volatile,Continuous,SES,0.1995610761110951,35.656014178855926,44.79634886269812,-0.052093312472387084,165.0904109589041,39.24615492121161,0.0,0.07419263002639753,4293.709632249931,Medium
P01450,3078.2937253211003,102.60979084403668,85.76619031357804,114.43993660593802,2504.7905596741593,3651.7968909680408,Trending,Continuous,HoltWinters7,0.06571136467901458,5.7566046445220485,7.49469558835775,-0.033168033441269396,79.95342465753424,13.60476881403509,0.0,0.2833695527558302,1147.0063312938814,High
P01451,7354.395286060851,245.14650953536167,183.64205861227535,281.14910512851236,5196.79080269712,9511.999769424581,Seasonal,Continuous,HoltWinters7,0.06388516026827246,14.22296132998081,17.392806521984184,-0.03381445941583756,249.56164383561645,49.09716753662972,0.0,-0.01769155801507294,4315.208966727461,High
P01452,3494.6282160611377,116.48760720203792,98.78491906778731,126.72166002462929,2754.1737590008925,4235.082673121382,Trending,Continuous,HoltWinters7,0.08297596566188696,9.033154672037837,10.883251258812178,-0.051097690372944586,100.03287671232877,16.71569787652261,0.0,0.16449322493273,1480.9089141204895,High
P01453,5316.704103514878,177.22347011716258,154.65681829250016,190.28133488751413,4134.325644365453,6499.082562664304,Stable,Continuous,HoltWinters7,0.08071658955816559,14.601121192428328,18.606900412624476,-0.009163993978596024,178.586301369863,22.412551078245812,0.0,-0.007631219428627545,2364.756918298851,High
P01454,8042.253249334237,268.0751083111412,202.54747134276818,307.1622510720189,5803.430834239433,10281.075664429041,Seasonal,Continuous,HoltWinters7,0.07091694966391784,16.57145774848637,20.184897469058782,-0.037941516589183134,255.9082191780822,50.23771817483525,0.0,0.04754395607978612,4477.644830189608,High
P01455,623.4248054051859,20.78082684683953,17.359947504066618,22.882989295585773,407.694880550773,839.1547302595989,Trending,Continuous,HoltWinters7,0.14032944341166412,3.3768862646728537,4.2949272668687675,-0.05978709015078659,20.356164383561644,4.045929258761862,0.0,0.02086161495241301,431.45984970882586,High
P01456,5864.2383240484105,195.4746108016137,171.39120273888105,210.7875128990309,4607.003243671513,7121.473404425308,Stable,Continuous,HoltWinters7,0.07692644720764198,15.195552221996065,19.283040007094776,-0.033241062389489234,195.2821917808219,24.003996823493047,0.0,0.0009853382893600937,2514.4701607537954,High
P01457,10409.775788396415,346.9925262798805,304.88786022817294,374.79724451790526,8683.185870645631,12136.365706147199,Stable,Continuous,HoltWinters7,0.04526256956529103,14.776697469466077,18.115025383633913,-0.02505875969015099,345.7671232876712,37.130519264467296,0.0,0.0035440124571641807,3453.179835501567,High
P01458,3367.0,112.23333333333333,0.0,232.0,213.6001285390497,9012.999678652377,Intermittent,Intermittent,SeasonalNaive7,1.148781353097012,86.39999999999999,126.46709543521943,-0.30508115822844334,74.6054794520548,97.63366468704577,0.626027397260274,0.5043577785122348,8799.399550113327,Very Low
P01459,756.5041722588463,25.216805741961544,22.029339669839388,27.265211947287263,518.2539686786666,994.754375839026,Stable,Continuous,HoltWinters7,0.13515936124336625,3.772843369807818,4.504225356963651,-0.02231552475361767,25.232876712328768,4.305929646656284,0.0,-0.0006369059917520348,476.5004071603594,High
P01460,7427.330434551635,247.57768115172118,210.32184485609932,269.82481653642765,5925.121583142959,8929.539285960313,Trending,Continuous,HoltWinters7,0.06843967362086671,15.584352321923392,20.18393698903311,-0.051456237584738246,210.02328767123288,35.59108186776506,0.0,0.17881061617926552,3004.4177028173535,High
P01461,556.5679009727337,18.55226336575779,16.18680389120165,20.00514646197145,415.86582147680235,697.269980468665,Stable,Continuous,HoltWinters7,0.06560967527994928,1.1569239253202503,1.381935487925836,-0.018768429391362033,18.37945205479452,2.693255250065499,0.0,0.009402419095415171,281.4041589918627,High
P01462,11522.621456622603,384.08738188742007,335.45205187458146,411.38420615294064,9635.93737208632,13409.305541158885,Stable,Continuous,HoltWinters7,0.0519207642930516,18.709372473894774,22.301873175067765,-0.022941374733539566,384.613698630137,41.2654936278908,0.0,-0.0013684295296592097,3773.3681690725643,High
P01463,240.0,8.0,8.0,8.0,45.98269100416712,434.0173089958329,Volatile,Continuous,Naive,0.2208764273523185,2.788888888888889,3.4508802080575123,0.020021868793682538,12.435616438356165,3.465976896517299,0.0,-0.35668649482264825,388.03461799166575,Medium
P01464,8140.273631387992,271.34245437959976,227.3803751884414,301.67172611333996,6632.109416603861,9648.437846172123,Trending,Continuous,HoltWinters7,0.07898107498886847,18.321989863798567,22.452512252492458,-0.030008821282911078,213.9890410958904,36.722888291315954,0.0,0.2680203294056016,3016.3284295682615,High
P01465,3838.188086592521,127.93960288641736,112.42912004449124,138.15540693547808,3008.530353518371,4667.845819666671,Stable,Continuous,HoltWinters7,0.09332862690040948,11.614543510282013,14.160267169326206,-0.04782898521922687,125.18082191780822,15.88522497282865,0.0,0.022038367589729768,1659.3154661482995,High
P01466,707.5695107814385,23.585650359381283,20.311306200220848,25.652323398465,475.1477272504224,939.9912943124544,Stable,Continuous,HoltWinters7,0.1337563833664432,3.7714689703536144,4.455766911567068,-0.016059998232696673,25.395890410958906,4.271734976988314,0.0,-0.07128082623936915,464.84356706203204,High
P01467,7256.785714285714,241.89285714285714,241.89285714285714,241.89285714285714,5632.914325121558,8880.65710344987,Stable,Continuous,RollingMean28,0.10256983313108804,25.35000000000001,33.36689361398998,-0.026094812352490605,242.96849315068494,30.63789747659991,0.0,-0.004427059631804675,3247.742778328312,High
P01468,538.6460687262392,17.954868957541304,15.678167007589947,19.322672740764858,404.31544104654574,672.9766964059326,Stable,Continuous,HoltWinters7,0.05583283866599154,0.9330492409562133,1.135290459378514,0.001493517480850601,17.56986301369863,2.6070856773049216,0.0,0.021912859738433932,268.6612553593868,High
P01469,8283.97848026312,276.1326160087707,237.81169033696415,298.565876499544,6460.174092413431,10107.782868112809,Trending,Continuous,HoltWinters7,0.11161388739648032,29.73916650241158,37.45066119459831,-0.08528515185647989,222.0082191780822,41.78503270808273,0.0,0.2437945632421521,3647.6087756993775,High
P01470,13818.133415064924,460.6044471688308,401.37350365667237,496.2368317458263,11459.694919574331,16176.571910555516,Stable,Continuous,HoltWinters7,0.05425192301562185,23.48274958071006,29.568385897038137,-0.014152391580438092,461.9328767123288,50.07746688811156,0.0,-0.002875806443898732,4716.876990981185,High
P01471,2154.657722164494,71.8219240721498,62.14949084511209,78.2239173703467,1721.6411337625368,2587.6743105664514,Trending,Continuous,HoltWinters7,0.08567642489149337,5.414530414349905,6.61519984653651,-0.06436859166148631,58.48219178082192,9.747868712444221,0.0,0.22809904836197292,866.0331768039146,High
P01472,4246.774837548131,141.55916125160437,123.15492724131364,152.74582828193823,3546.5706651979035,4946.979009898357,Stable,Continuous,HoltWinters7,0.04583847554139361,6.16255369730245,7.736172250931088,-0.012900039478266151,140.95753424657534,14.983195138984863,0.0,0.0042681436522336025,1400.4083447004532,High
P01473,5436.751717255033,181.22505724183443,158.56024533110127,196.75673974400385,4179.631318812462,6693.872115697604,Stable,Continuous,HoltWinters7,0.08205284275384635,15.457490704908466,19.362864852077923,0.0005881544334999158,186.8027397260274,23.916395146809016,0.0,-0.029858676014995367,2514.240796885142,High
P01474,745.5049226009086,24.850164086696953,21.545326443329774,27.044827430696834,543.4150463198781,947.594798881939,Stable,Continuous,HoltWinters7,0.06222473524069111,1.509562136112792,1.8369101459966342,-0.004691636860461026,25.495890410958904,3.8572767480641326,0.0,-0.02532668260859794,404.1797525620609,High
P01475,802.9712395449471,26.76570798483157,23.409907901080793,28.841558227926257,599.2840524487187,1006.6584266411755,Stable,Continuous,HoltWinters7,0.061177546223204794,1.5441298038581213,1.829745263157726,-0.019548989687708764,26.398630136986302,3.940399356930035,0.0,0.013905185456231983,407.3743741924568,High
P01476,10350.15918852145,345.0053062840483,288.9146462951036,380.6290374413328,8307.874971250087,12392.443405792812,Trending,Continuous,HoltWinters7,0.07873273107838155,23.946804919884105,29.8133075024937,-0.051175964776600004,280.27260273972604,48.00675466954962,0.0,0.23096336535054052,4084.5684345427253,High
P01477,1544.1815513202823,51.472718377342744,44.44426171849823,55.696585708435094,1209.686340423952,1878.6767622166128,Trending,Continuous,HoltWinters7,0.10443927309148698,4.934722648596537,6.368123105112531,-0.06618275540244177,40.602739726027394,7.63922396755982,0.0,0.2677153986322607,668.9904217926608,High
P01478,10930.539532304316,364.3513177434772,307.7365100547347,397.8253963434907,8750.582760758385,13110.496303850246,Trending,Continuous,HoltWinters7,0.07312284198706219,24.124601410905267,30.44194206269981,-0.031494802143969026,298.4767123287671,51.944072806613896,0.0,0.22070266353694712,4359.913543091861,High
P01479,0.0,0.0,0.0,0.0,0.0,3957.5336613849136,Intermittent,Intermittent,Naive,1.0,45.91111111111112,79.75382547625465,-1.0,48.28767123287671,68.26085274803576,0.6616438356164384,-1.0,3957.5336613849136,Very Low
P01480,294.1496885915238,9.804989619717459,8.481953763681243,10.691365590528813,212.27435257690885,376.02502460613874,Stable,Continuous,HoltWinters7,0.06697858138676505,0.6571709165123841,0.8010759730195124,-0.022498841298615086,10.33972602739726,1.5911914358326122,0.0,-0.05171669019690717,163.7506720292299,High
P01481,5769.548862120055,192.31829540400182,168.44828252366358,204.97744982619037,4432.6463684649425,7106.451355775167,Stable,Continuous,HoltWinters7,0.08741508487565801,17.80422900727351,21.27290038014883,-0.018808053346054673,202.3931506849315,25.293019845114504,0.0,-0.04977863750247835,2673.8049873102245,High
P01482,158.00628812018672,5.266876270672891,4.439837841793882,5.799390003216039,103.92400643310778,212.08856980726569,Trending,Continuous,HoltWinters7,0.15057303372071532,0.8781661539212814,1.1162829010206419,-0.07733385662999749,4.801369863013699,1.006289296542529,0.0,0.09695283240833397,108.16456337415791,Medium
P01483,7893.554227065062,263.11847423550205,195.33998167544684,303.91820860182145,5591.449232141204,10195.65922198892,Seasonal,Continuous,HoltWinters7,0.062387997508249915,14.705869987006784,18.75017558969955,-0.032918306633565465,262.4095890410959,51.468910440608354,0.0,0.0027014454654519238,4604.209989847716,High
P01484,372.6543979811007,12.42181326603669,10.618222348780474,13.439387673688183,236.19681649429285,509.1119794679086,Stable,Continuous,HoltWinters7,0.1337538449565078,2.168743254854792,2.58935520261519,-0.020163870069998844,14.258904109589041,2.5032399097294094,0.0,-0.12883815119542863,272.9151629736158,High
P01485,582.215225352801,19.4071741784267,14.670459968218722,22.27036332217667,385.36033312117297,779.070117584429,Seasonal,Continuous,HoltWinters7,0.07219829480432388,1.2217582890639027,1.6135612975361742,-0.041945990211806373,19.165753424657535,4.232434666225036,0.0,0.012596465602994211,393.709784463256,High
P01486,137.0,4.566666666666666,4.0,5.0,100.07947143144047,173.92052856855952,Stable,Continuous,SeasonalNaive7,0.08528292469898309,0.37777777777777777,0.6085806194501845,-0.03419427288040427,4.578082191780822,0.7143918486376042,0.0,-0.0024935168561739385,73.84105713711905,High
P01487,338.5020624784582,11.283402082615273,9.836610110689204,12.223010375890576,247.40110801108642,429.60301694582995,Stable,Continuous,HoltWinters7,0.06402121506708693,0.7073625161627252,0.8825259190457927,-0.019311579603779702,11.672602739726027,1.7656810880772271,0.0,-0.03334309115019951,182.20190893474353,High
P01488,3508.4492946621144,116.94830982207048,98.39880644626649,129.33670705043914,2863.874169274837,4153.024420049392,Trending,Continuous,HoltWinters7,0.08495206464503148,8.446636504507245,10.478696651683626,-0.03831786589639485,89.82739726027397,15.697773690577783,0.0,0.3019225023654415,1289.1502507745545,High
P01489,923.5962379029029,30.786541263430095,23.51344605277214,35.44380187964782,622.7933559772227,1224.399119828583,Seasonal,Continuous,HoltWinters7,0.07222077912206828,1.939649256859674,2.495960424722672,-0.044849709931674864,29.812328767123287,6.483416540887647,0.0,0.03267817498984371,601.6057638513603,High
P01490,740.1895315910497,24.672984386368324,21.467888005547714,26.52550628493513,551.9119567264379,928.4671064556613,Stable,Continuous,HoltWinters7,0.07682731396230051,1.8399389222784812,2.174246089742763,-0.033152076645605724,25.13972602739726,3.646173171971885,0.0,-0.018565900062724627,376.55514972922344,High
P01491,419.9651135961529,13.998837119871762,13.998837119871762,13.998837119871762,277.5982688612659,562.3319583310398,Stable,Continuous,SES,0.13217040742478006,2.2486799731258853,2.952978047736361,-0.05906782070252183,15.22054794520548,2.620875302959907,0.0,-0.08026720389646425,284.7336894697739,High
P01492,239.0,7.966666666666667,7.0,9.0,152.16500112730031,325.8349988726997,Seasonal,Continuous,SeasonalNaive7,0.08773260464728562,0.6666666666666666,0.9826289051424709,-0.07823787514743154,8.526027397260274,1.8899798880677239,0.0,-0.0656062553556126,173.6699977453994,High
P01493,817.8091757408018,27.26030585802673,23.781671125944673,29.609906591701325,546.6921361449846,1088.9262153366192,Stable,Continuous,HoltWinters7,0.13436195089824832,4.34654051973715,5.160310995051621,-0.010955085193159174,28.85890410958904,4.940589025835413,0.0,-0.05539358824894325,542.2340791916346,High
P01494,332.3321809117846,11.077739363726153,9.594451224407855,12.110313734045661,222.4031007044713,442.26126111909787,Stable,Continuous,HoltWinters7,0.13033540993940157,1.7203610507885247,2.0544030618579368,-0.0324664159066493,11.830136986301369,2.0092164140512496,0.0,-0.0636000769430185,219.85816041462655,High
P01495,2948.468496580248,98.28228321934161,82.93216757014521,107.74250120202151,2325.1669682566076,3571.7700249038885,Trending,Continuous,HoltWinters7,0.07861942341125479,6.879951041154615,8.274496322960205,-0.04705412135400011,80.42191780821918,14.006957379371467,0.0,0.2220833063657317,1246.603056647281,High
P01496,8759.558362915943,291.98527876386476,254.27474432812193,315.136932782608,7266.524464676669,10252.592261155218,Stable,Continuous,HoltWinters7,0.04846151807359724,13.584622045534823,16.991595519400054,-0.018870658489358306,297.63013698630135,32.67296775095177,0.0,-0.018966016948399278,2986.067796478549,High
P01497,8343.011383762057,278.10037945873523,240.68538953628027,299.06943762519256,6751.027490578087,9934.995276946029,Stable,Continuous,HoltWinters7,0.04617312556910739,12.458099174649902,15.558285817805585,-0.012022429828878786,287.541095890411,32.773639979949955,0.0,-0.032832581382641224,3183.9677863679417,High
P01498,656.4370535638061,21.881235118793537,16.693484735276577,24.848609803296178,468.1454047972201,844.7287023303921,Seasonal,Continuous,HoltWinters7,0.0699524504219196,1.342101989126868,1.6835291429037262,-0.0494689910241575,21.713698630136985,4.303181426475225,0.0,0.007715704795866696,376.583297533172,High
P01499,246.88895800184577,8.22963193339486,5.903194095447068,9.566473323751122,155.41243385153396,338.3654821521576,Seasonal,Continuous,HoltWinters7,0.09355012486302218,0.722613499588657,0.8642455057900383,-0.03627355453687469,8.873972602739727,1.9676413429959085,0.0,-0.07261017113642376,182.95304830062364,High
P01500,9146.790922253509,304.89303074178366,304.8930307417836,304.8930307417836,5562.079042877857,12731.502801629158,Volatile,Continuous,SES,0.1959675278038692,58.192419619351405,76.37268688989214,-0.05717259556192433,274.6013698630137,65.28713616795068,0.0,0.11031139755013286,7169.423758751301,Medium
P01501,2228.6022943782677,74.28674314594225,55.59213046648602,85.08939390901023,1627.107614457566,2830.0969742989696,Seasonal,Continuous,HoltWinters7,0.06794362641275395,4.339792167389102,5.2722627292590944,-0.041296879828403014,70.42465753424658,13.708325355014555,0.0,0.05483996297486571,1202.9893598414037,High
P01502,1622.1428145239381,54.07142715079794,40.54731369649066,61.96674451570133,1163.965067202961,2080.320561844915,Seasonal,Continuous,HoltWinters7,0.07062040415613814,3.400293244438686,4.202691306202941,-0.027413059965138962,53.23698630136986,10.519822648018618,0.0,0.015674081261932926,916.355494641954,High
P01503,471.3573174324363,15.71191058108121,15.71191058108121,15.71191058108121,207.91922514833084,734.7954097165417,Volatile,Continuous,SES,0.2559558477968127,4.379263276378586,5.662211599303319,-0.07518573119983492,17.23013698630137,4.7847117335872245,0.0,-0.08811458704171715,526.8761845682109,Medium
P01504,753.6299989970015,25.120999966566718,21.674768833489658,27.16858822171308,549.0342393201381,958.2257586738649,Stable,Continuous,HoltWinters7,0.07551180059761663,1.9038387086832216,2.4160109104848906,-0.001585479494821456,26.564383561643837,3.984791728581102,0.0,-0.05433529416286598,409.1915193537268,High
P01505,443.65812260020755,14.788604086673585,12.79746549778943,16.160270174386753,323.49468513514404,563.8215600652711,Stable,Continuous,HoltWinters7,0.06231955035747775,0.9092847645537415,1.14894967726688,0.0066152918467043825,15.612328767123287,2.31867501575011,0.0,-0.052761166686696725,240.32687493012708,High
P01506,901.0714285714286,30.035714285714285,30.035714285714285,30.035714285714285,477.4523373940878,1324.6905197487692,Volatile,Continuous,RollingMean28,0.16794803067079953,5.068253968253969,6.92281191542397,-0.04282433535309296,31.023287671232875,7.695027531464633,0.0,-0.031833292331371554,847.2381823546814,Medium
P01507,6844.0,228.13333333333333,181.0,257.0,4938.072725450533,8749.927274549465,Seasonal,Continuous,SeasonalNaive7,0.07204726624281917,14.122222222222222,16.78952566074009,-0.04110667906909394,219.64109589041095,42.88380266526415,0.0,0.038664155305250913,3811.8545490989327,High
P01508,1254.166267708319,41.80554225694397,30.976570903359843,48.45863038099414,880.9401363031583,1627.39239911348,Seasonal,Continuous,HoltWinters7,0.06911850683806248,2.6087003558798565,3.2631652066443935,-0.04143120753255277,42.38767123287671,8.471309527126484,0.0,-0.013733450293471838,746.4522628103217,High
P01509,8771.924164994314,292.39747216647714,254.36701438803198,317.21078361392557,7175.669499851889,10368.178830136741,Stable,Continuous,HoltWinters7,0.04944895105387748,13.876655705039454,17.017754211427757,-0.015730246959460115,302.71232876712327,34.00604297627276,0.0,-0.034074781964303025,3192.5093302848527,High
P01510,0.0,0.0,0.0,0.0,0.0,6265.553915784687,Intermittent,Intermittent,Naive,1.0646228710462287,95.03333333333335,145.09061045452336,-0.2788321167883212,75.66712328767123,108.70663830324214,0.6684931506849315,-1.0,6265.553915784687,Very Low
P01511,3040.9913002945787,101.36637667648596,101.36637667648596,101.36637667648596,1815.3289907456615,4266.653609843496,Volatile,Continuous,SES,0.1923435287839098,19.305591015970062,24.598654163066296,-0.06245857014140693,91.95890410958904,21.443029670061126,0.0,0.1023008338125242,2451.324619097835,Medium
P01512,13271.788562096543,442.39295206988476,373.1023177909412,483.90324731924443,10634.675753607451,15908.901370585634,Trending,Continuous,HoltWinters7,0.07281811452248056,29.05835867081284,36.30831305399101,-0.032287299245426636,365.8054794520548,62.58174766976538,0.0,0.20936666321278574,5274.225616978183,High
P01513,4047.4634326290043,134.91544775430015,115.44089622009112,145.8014078296449,3134.9423860513434,4959.984479206665,Trending,Continuous,HoltWinters7,0.10954880222344178,14.53003986625861,19.280744824962515,-0.08838812443739295,109.47534246575343,21.15019306985538,0.0,0.2323820571422739,1825.0420931553217,High
P01514,150.0,5.0,5.0,5.0,105.31502975905511,194.68497024094486,Stable,Continuous,Naive,0.1253008931536539,0.6333333333333334,0.8663795068281758,0.029978501389544332,4.502739726027397,0.8118587122479343,0.0,0.11043504715546093,89.36994048188976,High
P01515,90.0,3.0,3.0,3.0,58.96065938228069,121.03934061771932,Trending,Continuous,Naive,0.22016557325835676,0.6333333333333333,0.8109184569592319,-0.13769134645423306,2.4136986301369863,0.5797958745130679,0.0,0.2429057888762769,62.07868123543863,Medium
P01516,552.8300150329005,18.42766716776335,15.401524377161376,20.15266073731251,378.5910897035417,727.0689403622592,Trending,Continuous,HoltWinters7,0.1691350666923858,3.235402151235327,3.8327717712914953,-0.05924570376892536,16.634246575342466,3.187196573280407,0.0,0.10781495779191674,348.47785065871756,Medium
P01517,11348.5140711859,378.28380237286336,321.8575046514508,409.9232755319176,9000.772877247897,13696.255265123904,Trending,Continuous,HoltWinters7,0.06982745034656221,23.872444049530895,29.59474464499108,-0.03309601782347212,315.11506849315066,52.00156078493583,0.0,0.20046243482350556,4695.482387876007,High
P01518,4575.15300051641,152.5051000172137,132.8619814414886,163.87638829848316,3538.0653191262018,5612.240681906619,Stable,Continuous,HoltWinters7,0.09601721230734594,14.874567571109473,17.53083368923771,-0.046248562641898104,153.2178082191781,19.679613806654892,0.0,-0.004651601600676014,2074.1753627804173,High
P01519,1184.4418096836555,39.48139365612185,39.48139365612185,39.48139365612185,797.7167474477454,1571.166871919566,Trending,Continuous,Holt,0.17599848347795888,7.5299856517142745,9.620477176674946,-0.11958845065590484,35.821917808219176,7.281226147049927,0.0,0.10215745196822001,773.4501244718205,Medium
P01520,2446.0814784242775,81.53604928080925,81.53604928080925,81.53604928080925,1911.9695999380983,2980.1933569104567,Stable,Continuous,SES,0.08522637888797317,6.9627446531510335,8.881027393326148,-0.04468566038579591,81.86712328767123,10.230680274237299,0.0,-0.004044041045617619,1068.2237569723584,High
P01521,265.8325796042451,8.86108598680817,6.444567190505575,10.450353039876273,154.65247420444314,377.012685004047,Seasonal,Continuous,HoltWinters7,0.16246044606933294,1.5790754660354522,1.89920439157296,-0.06877585008118854,9.776712328767124,2.3024422262453377,0.0,-0.09365380827098724,222.36021079960386,Medium
P01522,2348.4864680743362,78.28288226914454,67.89090112188873,84.94409429480133,1821.5318979464562,2875.441038202216,Trending,Continuous,HoltWinters7,0.12183352167769856,9.318023696771816,11.721112122498681,-0.09630526423335369,63.93424657534246,12.219351168715328,0.0,0.22442800943768249,1053.90914025576,High
P01523,189.0,6.3,5.0,7.0,134.33231460632268,243.66768539367732,Stable,Continuous,SeasonalNaive7,0.06470644823586,0.41111111111111104,0.684247888773152,-0.04229182582123758,6.693150684931507,1.0391946822843854,0.0,-0.05873925501432675,109.33537078735463,High
P01524,363.5479198103707,12.118263993679022,10.185665904429515,13.43098244113701,235.60625979630194,491.4895798244393,Trending,Continuous,HoltWinters7,0.148570581453394,2.0775512692013605,2.6052999261702587,-0.04622063256601411,11.657534246575343,2.3594608791236613,0.0,0.03952205821218402,255.88332002813738,High
P01525,7670.341938845497,255.67806462818322,192.8247532669907,294.1518473128708,5489.65640277419,9851.027474916804,Seasonal,Continuous,HoltWinters7,0.07055594811542522,15.640797422008356,19.37298221364989,-0.013892116499717675,249.86575342465753,49.48251889347762,0.0,0.023261736047706538,4361.371072142614,High
P01526,775.0295275483962,25.83431758494654,22.251738351607976,27.913754689752828,566.9656663918164,983.0933887049761,Stable,Continuous,HoltWinters7,0.054072222339527444,1.4188879139612671,1.7578967992908758,-0.014204914173231548,27.663013698630138,4.064483892690563,0.0,-0.06610617822071041,416.12772231315967,High
P01527,930.0,31.0,31.0,31.0,703.4013336558816,1156.5986663441183,Stable,Continuous,Naive,0.06803313818275922,1.9333333333333336,2.4262824228259405,-0.030472476781824357,29.667123287671235,4.398857402290354,0.0,0.044927736990349576,453.19733268823677,High
P01528,240.0,8.0,8.0,8.0,171.5051814486501,308.4948185513499,Stable,Continuous,Naive,0.07639008160595524,0.6222222222222222,0.9010985389475179,-0.008729822913640013,8.617808219178082,1.3138329631564225,0.0,-0.07168971546653946,136.98963710269982,High
P01529,8111.530563334667,270.3843521111556,270.3843521111556,270.3843521111556,4672.894028701077,11550.167097968257,Volatile,Continuous,SES,0.2096487829283844,56.00522785557649,70.32200259844818,-0.051179181559892095,251.64794520547946,60.52459874617259,0.0,0.07445483765177241,6877.273069267179,Medium
P01530,3544.745185817715,118.1581728605905,88.87190970218887,135.16882368053066,2531.81955520358,4557.67081643185,Seasonal,Continuous,HoltWinters7,0.05982055602423744,6.1976078954192815,7.7965701520447395,-0.024853144303390914,116.4958904109589,23.426928324951867,0.0,0.014269022227029637,2025.8512612282698,High
P01531,150.0,5.0,5.0,5.0,78.91620434823623,221.08379565176378,Volatile,Continuous,Naive,0.18515083608011676,0.8777777777777778,1.0899056103075864,0.05204439003546202,5.220547945205479,1.2773707246550035,0.0,-0.04224612962477037,142.16759130352756,Medium
P01532,7946.666729778478,264.8888909926159,230.1897939243131,283.80260963021817,6517.600335885267,9375.73312367169,Stable,Continuous,HoltWinters7,0.05417683837023663,13.477915168551107,16.548206235388477,-0.030998281367416183,267.2082191780822,30.13445750399802,0.0,-0.008679853458850806,2858.1327877864223,High
P01533,0.0,0.0,0.0,0.0,0.0,9617.885332641821,Intermittent,Intermittent,Naive,1.0,121.67777777777779,201.02264002399974,-1.0,121.69589041095891,164.54235693549083,0.6410958904109589,-1.0,9617.885332641821,Very Low
P01534,206.856672428633,6.895222414287767,5.1773946400120225,7.986811838880876,135.57334687440598,278.13999798286005,Seasonal,Continuous,HoltWinters7,0.09220382843987995,0.5429936943734176,0.6038715653063375,-0.02631343455043453,6.712328767123288,1.534061842099369,0.0,0.02724742090409582,142.56665110845407,High
P01535,440.3571428571429,14.678571428571429,14.678571428571429,14.678571428571429,235.3941140317974,645.3201716824883,Volatile,Continuous,RollingMean28,0.1851914703204068,2.63015873015873,3.289563389508171,-0.05420953818693305,14.82876712328767,3.6306869001359607,0.0,-0.010128670405806561,409.92605765069095,Medium
P01536,259.56266173094735,8.652088724364912,8.652088724364912,8.652088724364912,109.55344484235086,409.57187861954384,Volatile,Continuous,SES,0.24229566567319205,2.405488067419421,3.1520053390787948,-0.0784749000331888,9.954794520547946,2.6349732402672834,0.0,-0.13086214823360598,300.01843377719297,Medium
P01537,617.2767175427379,20.57589058475793,20.57589058475793,20.57589058475793,260.9406877958055,973.6127472896703,Volatile,Continuous,SES,0.23566989586388232,5.568339486922288,7.499486290562019,-0.07284368896496855,22.893150684931506,6.3243021761828935,0.0,-0.10122067215932928,712.6720594938648,Medium
P01538,7339.521037780381,244.65070125934605,213.6890310716803,263.9068715701732,6108.2201318718,8570.821943688963,Stable,Continuous,HoltWinters7,0.041177383932172594,9.526949961564476,12.239652563929633,-0.009022383609463351,245.93972602739726,26.529207134789313,0.0,-0.005241222265603418,2462.6018118171633,High
P01539,1159.607291323892,38.65357637746307,32.74994344344708,42.26849536276699,783.3198686043797,1535.8947140434045,Trending,Continuous,HoltWinters7,0.1611697041076265,6.7030280916453995,8.336585436699403,-0.09732854088740321,35.179452054794524,7.0708245184084495,0.0,0.0987543614169244,752.5748454390248,Medium
P01540,1149.5264386973176,38.31754795657726,29.809379258248022,43.191527641683855,833.0786578729974,1465.974219521638,Seasonal,Continuous,HoltWinters7,0.07483620067136108,2.4632456146424424,2.924604311118283,-0.05627525119724674,36.68767123287671,7.199374024104585,0.0,0.0444257340117018,632.8955616486405,High
P01541,8802.691185598058,293.4230395199353,252.42220397432487,321.0393898870903,7030.170636590526,10575.21173460559,Trending,Continuous,HoltWinters7,0.08600017281445317,23.07443694309839,28.047125575213983,-0.03599538423310774,245.52328767123288,42.0401549522384,0.0,0.19509249938377504,3545.0410980150637,High
P01542,615.9526169716809,20.531753899056028,17.538458168999696,22.46623661537801,427.3747163683959,804.5305175749658,Trending,Continuous,HoltWinters7,0.14869199752437934,3.1676324706384964,3.880785202467504,-0.05976564742187254,17.973972602739725,3.5332062791528807,0.0,0.14230472877912526,377.15580120656983,High
P01543,5066.647884001531,168.88826280005102,147.30831468822132,182.58014913323603,4156.527194826539,5976.768573176522,Stable,Continuous,HoltWinters7,0.06234817208717366,9.582087993399776,11.681295914190628,-0.01831185413962422,163.04109589041096,18.901040649066882,0.0,0.035863147740188506,1820.2413783499833,High
P01544,304.7963782740311,10.159879275801037,7.415210506517741,11.867218038135258,191.43952917845962,418.1532273696026,Seasonal,Continuous,HoltWinters7,0.08102798948218387,0.7754794535499744,0.9502373916036232,-0.05282074327941085,10.961643835616439,2.4357099920052043,0.0,-0.0731427304005553,226.71369819114295,High
P01545,9469.273736131086,315.64245787103624,274.71322493403585,341.4584050340931,7511.4573829729125,11427.090089289262,Trending,Continuous,HoltWinters7,0.10400914688306177,30.587386489780815,37.27617449392946,-0.046265755729061143,245.5095890410959,47.244634229504996,0.0,0.2856624423667655,3915.63270631635,High
P01546,7908.067499525531,263.60224998418437,230.40428165403011,282.7489079272275,6469.383960797779,9346.751038253284,Stable,Continuous,HoltWinters7,0.05051100031764872,12.559518699994888,15.677601727096699,-0.03286133962156728,267.14931506849314,30.56883492939134,0.0,-0.013277462767963155,2877.367077455505,High
P01547,7275.266680641275,242.50888935470917,211.5423820199085,262.58067617136095,5661.44084531256,8889.092515969991,Stable,Continuous,HoltWinters7,0.08440757169346481,20.79194709714663,24.366270745938753,-0.01207877920149071,243.24246575342465,30.59725736926062,0.0,-0.0030158237232272844,3227.651670657431,High
P01548,7291.448722497369,243.0482907499123,211.22822876187445,261.0421328575001,5963.140069668958,8619.75737532578,Stable,Continuous,HoltWinters7,0.04398326327924925,10.243551330433066,12.284394916981505,-0.015598131160359222,247.96575342465752,28.329971813073076,0.0,-0.019831217040377935,2656.6173056568223,High
P01549,985.4192257320732,32.84730752440244,27.62839661673386,35.88516790867304,660.678694647348,1310.159756816798,Trending,Continuous,HoltWinters7,0.16187645754121985,5.544411475425036,6.684066180598986,-0.06718760053065954,29.686301369863013,5.9843374690390885,0.0,0.10648029591683716,649.4810621694501,Medium
P01550,7467.468766991149,248.91562556637163,209.5722164291382,272.26800581332475,5859.995633323086,9074.941900659212,Trending,Continuous,HoltWinters7,0.0797425843327494,18.369538907603594,23.320188877234248,-0.05626221248740903,216.3904109589041,36.24618106513002,0.0,0.1503080217988244,3214.9462673361268,High
P01551,10024.701582229107,334.1567194076369,287.3145312887552,361.6333642514158,7774.433111703281,12274.970052754932,Trending,Continuous,HoltWinters7,0.10579698420669202,35.021570227273116,44.366555089175684,-0.0781849992273671,275.56301369863013,53.00060306318731,0.0,0.21263269305469223,4500.536941051651,High
P01552,3225.5898544053166,107.51966181351055,94.13690951508407,115.43658229104527,2651.125264367015,3800.054444443618,Stable,Continuous,HoltWinters7,0.05082453576915471,5.028208074289452,6.21918116001948,-0.020246305549552795,106.51643835616439,12.119676591621381,0.0,0.00941848481632146,1148.9291800766032,High
P01553,3691.401883416599,123.04672944721997,123.04672944721997,123.04672944721997,2144.6928454293097,5238.110921403889,Volatile,Continuous,SES,0.21035489248978947,26.442305437858057,32.89478870881023,-0.014114679725427856,121.01780821917808,27.474012374563763,0.0,0.01676547656826899,3093.418075974579,Medium
P01554,4521.737774160551,150.72459247201837,130.71690577627538,163.00198010317115,3543.648741569233,5499.826806751869,Trending,Continuous,HoltWinters7,0.1146343356560594,15.540026710707195,20.513172903418234,-0.09413280652631756,113.25890410958904,22.54232620375864,0.0,0.33079684689671396,1956.1780651826361,High
P01555,429.6954559553143,14.323181865177142,14.323181865177142,14.323181865177142,191.5728838409324,667.8180280696961,Volatile,Continuous,SES,0.23627541549044154,3.7802968529756256,4.731521927594691,-0.10433486856991507,15.360273972602739,4.289305926312551,0.0,-0.06751781311162808,476.2451442287637,Medium
P01556,279.64882723257045,9.321627574419015,9.321627574419015,9.321627574419015,131.09345231185188,428.20420215328903,Volatile,Continuous,SES,0.24612666540737338,2.418946130549837,3.03531005216974,-0.017045555577983682,10.113698630136986,2.6624356902654416,0.0,-0.07831665592226988,297.11074984143715,Medium
P01557,9494.134119308508,316.4711373102836,235.9322341397438,364.1340519824744,6857.05183222858,12131.216406388436,Seasonal,Continuous,HoltWinters7,0.07584280607950206,21.00192975008834,24.223832480710268,-0.05590516452066286,304.46849315068494,59.2733522054971,0.0,0.03942162959258466,5274.164574159856,High
P01558,324.4066769488026,10.813555898293421,9.498240941602639,11.798516087057084,237.95006251964563,410.86329137795957,Stable,Continuous,HoltWinters7,0.0821162071144425,0.8623164938804732,1.0457760590226373,-0.03134038763138799,10.991780821917809,1.6488557303126261,0.0,-0.01621438113731344,172.91322885831394,High
P01559,1574.7295944611503,52.490986482038345,45.01518587258469,57.26855101001891,1201.6858683153691,1947.7733206069317,Trending,Continuous,HoltWinters7,0.11183317474035037,5.621551809400355,7.105333945113976,-0.0692279190126344,43.54383561643836,8.258769065363106,0.0,0.20547456922288965,746.0874522915626,High
P01560,5760.596226218702,192.0198742072901,192.0198742072901,192.0198742072901,3640.0696846414994,7881.122767795905,Volatile,Continuous,SES,0.18335924260687708,32.57011416463584,41.83766883788795,-0.10070564740582126,159.13698630136986,38.17475342240296,0.0,0.20663259164432968,4241.053083154406,Medium
P01561,111.0,3.7,3.0,4.0,68.873176698751,153.126823301249,Seasonal,Continuous,SeasonalNaive7,0.10122938064114534,0.3444444444444444,0.5596600137969118,-0.06611162983712003,3.6767123287671235,0.8824645231128946,0.0,0.006333830104321869,84.25364660249801,High
P01562,196.7154068735343,6.55718022911781,5.503982388858094,7.200061137526476,126.5420344794074,266.88877926766116,Trending,Continuous,HoltWinters7,0.1541990399032671,1.1492896089249964,1.5105087830004218,-0.07367867543327385,6.073972602739726,1.2978855228887025,0.0,0.07955380407216994,140.34674478825377,Medium
P01563,6205.266782903647,206.84222609678824,175.08929724203108,226.3038987335238,5003.739313194704,7406.79425261259,Trending,Continuous,HoltWinters7,0.06763698949631256,12.74686765138931,16.163126831790255,-0.03545244779933458,168.73698630136985,29.784214832394923,0.0,0.22582624373390892,2403.054939417886,High
P01564,438.7040467890409,14.623468226301362,14.623468226301362,14.623468226301362,229.06289144676967,648.3452021313121,Volatile,Continuous,SES,0.15010914697067673,2.111292873426787,2.667567740187614,-0.026867751286113937,15.015068493150684,3.79856919250581,0.0,-0.026080484882766597,419.2823106845425,Medium
P01565,3559.7790947013245,118.65930315671082,103.88618112439416,129.4277384015809,2766.023783598364,4353.534405804285,Stable,Continuous,HoltWinters7,0.0910035380501466,10.721434902656162,12.978558995396911,-0.046056586666373585,117.85068493150685,15.139711707508395,0.0,0.006861379088920261,1587.5106222059208,High
P01566,803.3097329917366,26.776991099724555,20.48277826889165,30.72803882048956,545.9370786294638,1060.6823873540093,Seasonal,Continuous,HoltWinters7,0.08639851071344172,1.9720517733406189,2.3107818377820695,-0.0465597894598051,25.350684931506848,5.514194758756307,0.0,0.05626302295465946,514.7453087245455,High
P01567,11451.33085143886,381.7110283812953,333.63537136645573,410.7558615664169,9567.210372282378,13335.45133059534,Stable,Continuous,HoltWinters7,0.04801712771590869,17.312969230381132,21.55687624146797,-0.01868862386427993,381.85616438356163,41.690345490035995,0.0,-0.00038008029149039224,3768.240958312963,High
P01568,435.85231753073646,14.528410584357882,14.528410584357882,14.528410584357882,303.12727172646646,568.5773633350066,Stable,Continuous,SES,0.14457588202139862,2.275919734829779,2.7608218344908533,-0.056490927754319555,14.252054794520548,2.4075845854482645,0.0,0.019390592712538846,265.4500916085401,High
P01569,3722.598840898479,124.0866280299493,94.34913753237254,141.61964786198982,2700.6482855991358,4744.549396197822,Seasonal,Continuous,HoltWinters7,0.06747777866370987,7.323550199461065,9.292398987772401,-0.027446609173421493,118.8917808219178,22.715888539971306,0.0,0.043693913676106755,2043.901110598686,High
P01570,3321.062778487785,110.7020926162595,81.55032985739382,127.40562778027244,2331.872587770451,4310.252969205119,Seasonal,Continuous,HoltWinters7,0.06637526281104077,6.508710173460574,8.030199050810706,-0.04058052756358082,111.65479452054795,22.3401503083874,0.0,-0.008532566007392717,1978.3803814346684,High
P01571,7172.222089182156,239.0740696394052,207.40615189186812,257.514561744108,5875.060504693918,8469.383673670394,Stable,Continuous,HoltWinters7,0.04508088199274233,10.096077744649717,12.921585081486084,-0.02624988850039441,239.92602739726027,26.866432962647323,0.0,-0.0035509184522295456,2594.323168976476,High
P01572,120.0,4.0,4.0,4.0,72.90209739111314,167.09790260888684,Trending,Continuous,Naive,0.1537590579710145,0.7444444444444445,0.9651926723881581,-0.02717391304347826,4.075342465753424,0.8565539824237484,0.0,-0.018487394957983128,94.1958052177737,Medium
P01573,0.0,0.0,0.0,0.0,0.0,1023.7135999945131,Intermittent,Intermittent,Naive,1.1662921348314608,16.5,23.621069986915046,-0.23595505617977527,12.919178082191781,17.815478216139812,0.6506849315068494,-1.0,1023.7135999945131,Very Low
P01574,9542.98420700688,318.09947356689605,272.81773995815263,345.14430778944904,7419.310786789221,11666.657627224538,Trending,Continuous,HoltWinters7,0.10382337967847283,31.821904335383454,41.12172282998424,-0.06406548541574865,261.54246575342466,49.407368309741365,0.0,0.21624407206893825,4247.346840435317,High
P01575,588.4303699493239,19.614345664977463,16.231593812405826,21.666894722653346,387.4242356986394,789.4365042000085,Trending,Continuous,HoltWinters7,0.14519748717008693,3.307923628806621,4.191829798629105,-0.02650552957614705,18.32054794520548,3.7985976368410523,0.0,0.07062003405365247,402.0122685013691,High
P01576,145.88733362849516,4.862911120949838,4.862911120949838,4.862911120949838,55.97363651514138,235.80103074184893,Volatile,Continuous,SES,0.2085879238758678,1.1695661296261037,1.5881396326166801,-0.05057533640264903,5.598630136986301,1.621781874166757,0.0,-0.13141054115650064,179.82739422670755,Medium
P01577,316.4921920932426,10.549739736441419,8.802942370517066,11.561957775069711,209.23445428873939,423.7499298977458,Trending,Continuous,HoltWinters7,0.15163229758568045,1.773137434901902,2.2736008311912177,-0.06593690621045145,9.835616438356164,1.981489779353598,0.0,0.07260585064097991,214.51547560900642,Medium
P01578,8625.690940845145,287.5230313615048,251.15361386953919,310.4556294529782,7112.740558922603,10138.641322767684,Stable,Continuous,HoltWinters7,0.0519828428645944,13.925715297588292,17.30350513366206,-0.03364016950930419,285.35205479452054,31.80980260431348,0.0,0.007608063549945587,3025.900763845081,High
P01579,11853.57477938727,395.119159312909,340.4383082751836,428.41676374941636,9456.988437042302,14250.161121732237,Trending,Continuous,HoltWinters7,0.07710403399174466,27.214293987650397,33.490148796187626,-0.0507008563311219,323.413698630137,54.08423373626637,0.0,0.22171435837903686,4793.172684689935,High
P01580,6467.9520708460395,215.59840236153465,187.83469061793903,232.67586033358162,5290.280813262435,7645.623328429644,Stable,Continuous,HoltWinters7,0.052780568841180035,10.920106122839949,13.562327620625885,-0.03575060527700658,221.55068493150685,24.725006769457192,0.0,-0.026866459798182807,2355.342515167209,High
P01581,469.8260041584503,15.660866805281676,13.644487366330694,16.902840447489876,321.464086445348,618.1879218715526,Stable,Continuous,HoltWinters7,0.14163307665051852,2.517500836508765,3.062144710668593,-0.01759565644068217,15.904109589041095,2.699206729789536,0.0,-0.015294335240686907,296.7238354262046,High
P01582,509.8886429859001,16.996288099530002,12.771045827069454,19.6379858927394,340.5392183392932,679.238067632507,Seasonal,Continuous,HoltWinters7,0.06061683719635757,0.9158063747474566,1.199666585886402,-0.019318727388084815,17.065753424657533,3.6647664053876907,0.0,-0.004070451705177169,338.69884929321375,High
P01583,12536.366001608229,417.8788667202743,356.86889575716356,453.4929371269175,9877.790496710422,15194.941506506035,Trending,Continuous,HoltWinters7,0.07752100774338218,29.82172977900127,39.030783932147706,-0.037104818089628705,360.55753424657536,58.587021362252415,0.0,0.15897971066803018,5317.1510097956125,High
P01584,12819.476958485297,427.3158986161765,363.5200237975873,467.5129063803151,10068.35936842362,15570.594548546973,Trending,Continuous,HoltWinters7,0.08328816523819087,31.282408471118966,39.7880056309562,-0.029039946678031548,352.5890410958904,59.78152625275989,0.0,0.21193754998177416,5502.235180123353,High
P01585,3160.7854467127936,105.35951489042645,90.42601871306402,115.05931444388807,2466.4140761651724,3855.1568172604148,Trending,Continuous,HoltWinters7,0.1105006238670468,11.043308323329086,14.547214956059399,-0.05696375875850506,82.64657534246575,16.289005795074903,0.0,0.27482009331716695,1388.7427410952423,High
P01586,749.7174831898722,24.99058277299574,21.84031303497005,26.978977018227422,510.704704859719,988.7302615200254,Stable,Continuous,HoltWinters7,0.14233292967292088,4.001012468527021,4.91947065516782,-0.009803851756670888,25.28219178082192,4.347692021812312,0.0,-0.011534166434390425,478.02555666030634,High
P01587,5539.4322386761105,184.64774128920368,154.72374412911728,200.4752510024059,4430.099204963541,6648.76527238868,Trending,Continuous,HoltWinters7,0.07231776145709717,11.903128863676061,15.943449789084424,-0.03338944516268899,152.95890410958904,26.301010717806502,0.0,0.20717222945655278,2218.6660674251398,High
P01588,246.0,8.2,6.0,10.0,161.95512927349023,330.04487072650977,Seasonal,Continuous,SeasonalNaive7,0.09204397685424703,0.6777777777777777,0.9879442647826925,-0.06690416036996742,8.265753424657534,1.81309209074305,0.0,-0.007954922108054485,168.08974145301954,High
P01589,612.2493101392668,20.408310337975557,17.698769412675137,22.043476934914064,448.66923909622824,775.8293811823053,Stable,Continuous,HoltWinters7,0.08050775537703031,1.611909474667681,1.9076492260686964,-0.04478299205884284,21.376712328767123,3.1712451435915745,0.0,-0.04530172722062442,327.16014208607703,High
P01590,0.0,0.0,0.0,0.0,0.0,6469.92534008693,Intermittent,Intermittent,Naive,1.0,94.94444444444446,145.69698577005667,-1.0,85.13287671232877,111.90608270162369,0.6287671232876713,-1.0,6469.92534008693,Very Low
P01591,4791.070374018828,159.7023458006276,159.7023458006276,159.7023458006276,0.0,18042.5960437403,Intermittent,Intermittent,Croston,1.45001536909951,224.0512223703819,234.7873479760682,0.19042948181735478,157.63424657534247,228.92231969642648,0.673972602739726,0.01311960611488483,18042.5960437403,Very Low
P01592,978.6441585323299,32.621471951077666,28.62499805588413,35.263451926432865,754.8102790233777,1202.4780380412822,Stable,Continuous,HoltWinters7,0.08975175398441476,3.018288849721842,3.7441364219690527,-0.052895548329413344,32.74931506849315,4.1427088441335504,0.0,-0.003903688280139983,447.6677590179045,High
P01593,455.0,15.166666666666666,10.0,18.0,268.7236135164823,641.2763864835177,Seasonal,Continuous,SeasonalNaive7,0.15528715977024632,2.5555555555555554,3.596284872811705,-0.12400570526730921,16.397260273972602,3.855552801889639,0.0,-0.07504873294346981,372.5527729670354,Medium
P01594,834.337682531232,27.8112560843744,24.420961600798783,29.85608670037314,557.9429206411783,1110.7324444212857,Stable,Continuous,HoltWinters7,0.14713121595352238,4.776880401161829,5.553891813536521,-0.04001447812106296,28.372602739726027,4.978231358136795,0.0,-0.019784813557680914,552.7895237801074,High
P01595,21092.5385991416,703.0846199713867,586.5907242767264,771.4582192453662,17032.222452393507,25152.854745889697,Trending,Continuous,HoltWinters7,0.07947185310668563,49.31481137118487,61.45261576243795,-0.05335343331869236,569.486301369863,97.11309122351754,0.0,0.2345944376188882,8120.63229349619,High
P01596,2703.9139771294094,90.13046590431365,77.17202344836369,98.53550073613566,2135.354137115172,3272.473817143647,Trending,Continuous,HoltWinters7,0.07488778037602609,6.290769785002733,7.8981197069323,-0.05253650430033291,78.15479452054795,12.884604876543994,0.0,0.15323015634846482,1137.1196800284752,High
P01597,331.0714285714286,11.035714285714286,11.035714285714286,11.035714285714286,150.15450639613107,511.9883507467261,Volatile,Continuous,RollingMean28,0.19847919074242903,2.263492063492063,2.912969007557599,-0.007682287406919143,12.521917808219179,3.311481733145362,0.0,-0.11868817103474139,361.83384435059503,Medium
P01598,746.3626496148115,24.878754987160384,20.712120987905198,27.240918174189513,504.70863112654735,988.0166681030756,Trending,Continuous,HoltWinters7,0.14693617146395488,4.000200308319767,5.164644736799183,-0.06222014204217224,22.365753424657534,4.492845071775792,0.0,0.11235935203203784,483.3080369765283,High
P01599,182.0,6.066666666666666,4.0,8.0,105.85375077562335,258.1462492243767,Seasonal,Continuous,SeasonalNaive7,0.15877819012627134,1.0222222222222221,1.5406373919631875,-0.12259023318442924,6.442465753424657,1.5307025031489792,0.0,-0.05833156141469986,152.29249844875332,Medium
P01600,9229.076419572963,307.6358806524321,307.6358806524321,307.6358806524321,5498.961330380203,12959.191508765722,Volatile,Continuous,SES,0.1912007351464533,59.402448783861765,72.63899895049497,-0.039930441565660134,285.84657534246577,67.21522069892673,0.0,0.07622727431266618,7460.230178385518,Medium
P01601,774.1493210476693,25.804977368255646,25.804977368255646,25.804977368255646,370.06273081438326,1178.2359112809554,Volatile,Continuous,SES,0.2538196764447991,7.305400087981934,10.040941311485316,-0.1189555813337208,27.458904109589042,7.381367853587123,0.0,-0.060232802253598394,808.1731804665721,Medium
P01602,197.0,6.566666666666666,5.0,8.0,123.99341301510279,270.00658698489724,Seasonal,Continuous,SeasonalNaive7,0.09091188619697392,0.5555555555555556,0.8342547240789923,-0.06083089668615984,6.826027397260274,1.5594771904763427,0.0,-0.037995852565389066,146.01317396979445,High
P01603,173.68570334407798,5.789523444802599,5.789523444802599,5.789523444802599,95.41635912210593,251.95504756605004,Volatile,Continuous,SES,0.21477653801003696,1.186342875661554,1.534592721245683,-0.08612498320291408,5.491780821917808,1.3978479858967472,0.0,0.05421604258066792,156.53868844394412,Medium
P01604,137.0,4.566666666666666,3.0,5.0,90.29426279169762,183.7057372083024,Seasonal,Continuous,SeasonalNaive7,0.10587684278951114,0.4333333333333333,0.6842923955216943,-0.035035230701302524,4.497260273972603,1.0010245235625286,0.0,0.015433038887196604,93.41147441660478,High
P01605,777.970073525577,25.932335784185902,25.932335784185902,25.932335784185902,359.0774534199647,1196.8626936311894,Volatile,Continuous,SES,0.26319589872723204,7.192400564460706,9.403171766926162,-0.06077600920992082,26.61917808219178,7.583294352258091,0.0,-0.025802535896680245,837.7852402112246,Medium
P01606,2308.2071411201077,76.94023803733693,56.88972872172064,88.451707549054,1637.3522201443875,2979.062062095828,Seasonal,Continuous,HoltWinters7,0.05058719130954619,3.473184189686195,4.452406669021404,-0.035613956936261106,77.3,15.462565974056751,0.0,-0.004654100422549434,1341.7098419514405,High
P01607,520.2031075548741,17.34010358516247,14.56153942862994,19.18140989627496,347.42164517113736,692.9845699386109,Trending,Continuous,HoltWinters7,0.15782445487762245,2.9197584251506874,3.6101357169133608,-0.05772645762709877,15.812328767123288,3.1992130893515105,0.0,0.09661921659608441,345.56292476747353,Medium
P01608,3789.081277931729,126.30270926439097,110.94934977456592,135.89139232766928,2971.8392492293806,4606.323306634077,Stable,Continuous,HoltWinters7,0.10045411719506751,12.318407964534963,15.314258948354606,-0.05395932268025211,121.92191780821918,15.485492538830982,0.0,0.03593112325433312,1634.4840574046966,High
P01609,763.6999434748946,25.456664782496485,21.550501712942378,27.973974717658905,527.7530621655067,999.6468247842826,Trending,Continuous,HoltWinters7,0.1408206451568838,3.806187634960594,5.048031581616438,-0.055433682892491044,22.252054794520546,4.489527811425005,0.0,0.14401411544092801,471.8937626187759,High
P01610,1741.8232126835428,58.060773756118095,49.79962249468359,63.02248895741003,1379.3535398333333,2104.2928855337523,Trending,Continuous,HoltWinters7,0.07788339714539431,4.13128149983402,5.022901065369778,-0.03475858449178279,48.94794520547945,8.014392225270589,0.0,0.18617387333388025,724.9393457004189,High
P01611,1956.887786557958,65.22959288526526,56.7211139957405,70.41705546286006,1518.40532918212,2395.3702439337953,Stable,Continuous,HoltWinters7,0.07279005956475353,4.986817789981218,6.255638737138064,-0.010748177495966377,66.67534246575343,8.350521875248486,0.0,-0.021683421892144783,876.9649147516752,High
P01612,21035.263493579172,701.1754497859724,595.3371503084753,768.4477011897648,16935.940190756806,25134.586796401538,Trending,Continuous,HoltWinters7,0.06796661639035433,42.41030783182385,53.94095814516626,-0.02965432860700007,578.8794520547946,96.30057961827615,0.0,0.211263324854726,8198.646605644732,High
P01613,12071.40929344056,402.38030978135197,344.30079850053477,440.77341817679536,9535.723458643812,14607.095128237308,Trending,Continuous,HoltWinters7,0.0899065958187567,32.24537354917117,40.724770122007016,-0.04732144318772615,334.14109589041095,54.923996208993685,0.0,0.20422275119766042,5071.371669593496,High
P01614,685.7142857142858,22.857142857142858,22.857142857142858,22.857142857142858,360.4394212511897,1010.9891501773817,Volatile,Continuous,RollingMean28,0.16708505703977514,3.7817460317460316,4.8766544160860885,-0.01956700391053712,24.384931506849316,5.810311330674339,0.0,-0.06265298097217653,650.5497289261921,Medium
P01615,90.0,3.0,3.0,3.0,60.283907710394956,119.71609228960504,Seasonal,Continuous,Naive,0.10683760683760683,0.26666666666666666,0.4216370213557839,-0.004273504273504268,2.5753424657534247,0.622350256209526,0.0,0.16489361702127647,59.43218457921009,High
P01616,8314.909313720622,277.1636437906874,233.7855444179884,301.6880811361216,6687.568188972567,9942.250438468678,Trending,Continuous,HoltWinters7,0.06959749056218272,17.36122915712764,21.439922027448713,-0.030275645737943575,228.67534246575343,38.37001387229612,0.0,0.212039920011033,3254.6822494961107,High
P01617,5298.907724645294,176.63025748817648,155.82121210402295,189.9937860538471,4173.327408431815,6424.488040858773,Stable,Continuous,HoltWinters7,0.08554119419508166,14.692366781968124,18.455830389088245,-0.04622427908893064,167.25753424657535,21.41559447322177,0.0,0.05603767437934137,2251.1606324269587,High
P01618,572.0,19.066666666666666,0.0,143.0,0.0,5152.77803356711,Intermittent,Intermittent,SeasonalNaive7,1.2653886884559957,67.15555555555555,100.32624181477036,0.16085481925619752,59.65068493150685,79.41390179234449,0.6342465753424658,-0.6803613120526659,5152.77803356711,Very Low
P01619,8450.0,281.6666666666667,218.0,314.0,5946.504301276417,10953.495698723584,Seasonal,Continuous,SeasonalNaive7,0.06820349695744506,17.288888888888888,21.478859752019158,-0.04235044808462462,285.1397260273973,56.448548357967695,0.0,-0.012180201647513988,5006.9913974471665,High
P01620,3257.142857142857,108.57142857142857,108.57142857142857,108.57142857142857,0.0,12610.270603395767,Intermittent,Intermittent,RollingMean28,1.4371126552049363,119.39126984126983,146.40974902425907,-0.1354093269952134,113.07123287671233,162.25979733901164,0.6684931506849315,-0.03979619033773285,12610.270603395767,Very Low
P01621,1692.7559854479005,56.425199514930014,47.512689995494796,61.774038588823984,1323.7099745429293,2061.8019963528714,Trending,Continuous,HoltWinters7,0.081544823248831,4.181584868130651,5.147009696880218,-0.029166000201827507,48.58082191780822,8.077448454479468,0.0,0.16147066450199943,738.092021809942,High
P01622,665.8603936388547,22.19534645462849,22.195346454628492,22.195346454628492,285.89173958331,1045.8290476943996,Volatile,Continuous,SES,0.2299917738281838,6.395439881296727,8.164651911716328,-0.09043451610081071,26.573972602739726,6.980720606878079,0.0,-0.16477122986345705,759.9373081110896,Medium
P01623,9285.0,309.5,229.0,339.0,6712.946864847922,11857.053135152077,Seasonal,Continuous,SeasonalNaive7,0.06220150327378241,17.0,20.08617082690979,-0.03490197284552892,300.5219178082192,58.42059492395602,0.0,0.02987496638268583,5144.106270304154,High
P01624,844.5042448705599,28.15014149568533,24.307576961747575,30.564742805402286,646.8383762349805,1042.1701135061392,Stable,Continuous,HoltWinters7,0.07833707223178714,2.3641463500481232,2.9123181285257247,-0.017151147825008945,29.71095890410959,3.75227636967389,0.0,-0.05253339057354922,395.33173727115866,High
P01625,459.0,15.3,12.0,17.0,265.21438451216136,652.7856154878386,Seasonal,Continuous,SeasonalNaive7,0.14462352554621882,2.533333333333333,3.6309486192705207,-0.11493846967662429,17.127397260273973,3.9591799276247364,0.0,-0.10669439334559705,387.5712309756773,High
P01626,5255.8312278132835,175.19437426044277,153.17827245028784,188.79964910000035,4376.7382830804745,6134.9241725460915,Stable,Continuous,HoltWinters7,0.0544305403885118,8.971057156805974,11.436939678856456,-0.02559420623008322,174.55342465753424,19.073477748260352,0.0,0.0036719394315296583,1758.185889465617,High
P01627,374.7130724851776,12.490435749505918,12.49043574950592,12.49043574950592,175.27182029539014,574.1543246749651,Volatile,Continuous,SES,0.21574202884011884,2.9063606352368043,3.7437949563973127,-0.05023089917754752,13.09041095890411,3.5385459020781833,0.0,-0.04583318363966937,398.8825043795749,Medium
P01628,2251.8981318524056,75.06327106174686,57.78336907220414,84.7087023756279,1623.104432324135,2880.6918313806764,Seasonal,Continuous,HoltWinters7,0.06993175325532176,4.572378498090113,5.460447776626698,-0.055524808044657974,73.18493150684931,14.471581073761492,0.0,0.025665659804870566,1257.5873990565415,High
P01629,521.2860564760131,17.37620188253377,12.939680881021125,20.35139019740058,312.77772604154677,729.7943869104793,Seasonal,Continuous,HoltWinters7,0.15164102311913044,2.7711183747958397,3.3500866051269096,-0.06606461013025094,18.167123287671235,4.2493622468165215,0.0,-0.0435358638026202,417.0166608689325,Medium
P01630,8629.111113022891,287.63703710076305,250.54982885624452,307.183752122466,7030.980649830101,10227.241576215682,Stable,Continuous,HoltWinters7,0.0526820655163397,14.273827086016022,17.509115309183347,-0.03517748747455354,290.7041095890411,33.76937207933681,0.0,-0.010550495803495319,3196.26092638558,High
P01631,3213.214285714286,107.10714285714286,107.10714285714286,107.10714285714286,0.0,10867.301939178142,Intermittent,Intermittent,RollingMean28,1.2659413467737228,122.69682539682539,135.2467950634003,-0.09630630749531603,97.75479452054795,132.41415216294075,0.6424657534246575,0.09567150524396073,10867.301939178142,Very Low
P01632,130.72856400702466,4.357618800234155,4.357618800234155,4.357618800234155,69.14542013598346,192.31170787806585,Volatile,Continuous,SES,0.17150340890401483,0.7454084615951476,0.9688591205243391,-0.05784332176841187,4.486301369863014,1.1211662393294373,0.0,-0.028683443001241926,123.16628774208239,Medium
P01633,4132.0,137.73333333333332,0.0,371.0,475.6075530024614,13358.47167624077,Intermittent,Intermittent,SeasonalNaive7,1.2051781384789775,143.11111111111111,212.62987374303756,-0.14883375841349702,116.44383561643835,161.13375829442262,0.6520547945205479,0.1828306118927736,12882.864123238309,Very Low
P01634,9143.110044395813,304.77033481319376,255.42056648799667,336.83113553462795,7330.876602506296,10955.343486285332,Trending,Continuous,HoltWinters7,0.07993355689808408,21.46730663194319,26.961349925733117,-0.046059371041150654,240.9095890410959,44.06473652840613,0.0,0.2650817928264535,3624.466883779036,High
P01635,6872.976740701826,229.09922469006088,201.81534415462005,248.35837957791765,5406.0075968349065,8339.945884568744,Stable,Continuous,HoltWinters7,0.07751458364918588,17.94545772376965,22.847889510994136,-0.03127546637912969,224.2876712328767,27.826219219485893,0.0,0.02145259893571394,2933.9382877338376,High
P01636,424.0,14.133333333333333,11.0,16.0,257.35250667888,590.64749332112,Seasonal,Continuous,SeasonalNaive7,0.16582888789901348,2.511111111111111,3.510303103857334,-0.12675883313702582,14.523287671232877,3.355094422895113,0.0,-0.02685027982141741,333.29498664224,Medium
P01637,210.0,7.0,7.0,7.0,147.33049450342523,272.66950549657474,Stable,Continuous,Naive,0.07739960668091607,0.5555555555555556,0.7967398292795028,-0.010265786664596857,7.545205479452055,1.185768501811222,0.0,-0.0722585330428468,125.33901099314951,High
P01638,207.46420205496213,6.915473401832071,6.081090731857797,7.444962165786056,135.92548323660716,279.0029208733171,Stable,Continuous,HoltWinters7,0.14267336997755675,1.1834276246869904,1.4829946453600147,-0.016310775595144506,7.531506849315068,1.3082912459303504,0.0,-0.08179418273237327,143.07743763670996,High
P01639,6339.356409135766,211.31188030452552,184.76334192514773,226.84753074793744,5026.083108656898,7652.629709614634,Stable,Continuous,HoltWinters7,0.08043754492235898,16.361958558557095,20.642601360021022,-0.03418109451862108,202.9917808219178,25.135570702090618,0.0,0.04098737125670526,2626.546600957736,High
P01640,2851.6568158535642,95.0552271951188,95.0552271951188,95.0552271951188,1713.576970183131,3989.736661523997,Volatile,Continuous,SES,0.17672428017616815,17.105034454719007,21.30077590717173,-0.06676244557070368,87.86301369863014,20.754436660890683,0.0,0.08185712273833379,2276.159691340866,Medium
P01641,7754.452682014556,258.4817560671519,194.9534134253169,295.94754366381994,5638.342055205475,9870.563308823637,Seasonal,Continuous,HoltWinters7,0.06643177775330868,14.642288164161435,17.735655014116997,-0.038984149972196576,244.65068493150685,48.11354774797303,0.0,0.056533956320282686,4232.221253618162,High
P01642,2040.0,68.0,68.0,68.0,1623.838124343174,2456.1618756568264,Stable,Continuous,Naive,0.08952003361456418,5.555555555555556,6.712672638351538,0.00845664932078515,61.61643835616438,7.933416565919336,0.0,0.10360160071142732,832.3237513136523,High
P01643,4670.048879472112,155.66829598240375,130.2198295743436,171.1324786120515,3677.40221350189,5662.695545442334,Trending,Continuous,HoltWinters7,0.07769353568091902,11.07090050712715,13.798917151156665,-0.05021289403429546,134.56164383561645,22.24109464138197,0.0,0.15685489226463134,1985.2933319404442,High
P01644,4602.840504079363,153.42801680264543,133.72223283872756,164.6368343751156,3783.3155762448373,5422.365431913889,Stable,Continuous,HoltWinters7,0.041488874061254184,5.906776861053177,7.3780678911021935,-0.006602420632056839,152.97123287671232,17.45503318997461,0.0,0.0029860772992609252,1639.0498556690513,High
P01645,1082.85771147502,36.09525704916734,36.09525704916734,36.09525704916734,733.113721579063,1432.601701370977,Trending,Continuous,SES,0.16681084826254966,6.483148548453852,8.520667989763332,-0.07872001197601962,32.97260273972603,6.5923275076537315,0.0,0.09470451374707745,699.487979791914,Medium
P01646,14185.436175173052,472.8478725057684,412.2168937429137,508.81310729607833,11840.677694790409,16530.194655555697,Stable,Continuous,HoltWinters7,0.04184680210113848,18.909145226611898,24.235500696092743,-0.011617620780855487,476.2698630136986,51.600738994005084,0.0,-0.0071849822415318565,4689.516960765288,High
P01647,194.15738312761212,6.471912770920404,6.471912770920404,6.471912770920404,79.46736288822478,308.84740336699946,Volatile,Continuous,SES,0.23435162266717433,1.8448240638732865,2.4209059128317434,-0.12423550720760206,7.732876712328767,2.117570028189262,0.0,-0.16306531040356154,229.38004047877467,Medium
P01648,2970.2733974068274,99.00911324689424,86.0152346814902,107.60059674704499,2322.085401738273,3618.461393075382,Stable,Continuous,HoltWinters7,0.08276846343151915,8.383501559577377,10.57428431724435,-0.034363086350698284,99.46027397260274,12.402118715029342,0.0,-0.0045360897138968514,1296.375991337109,High
P01649,3019.963157718478,100.66543859061593,87.56295470305702,108.26827715753258,2507.2639768671925,3532.662338569764,Stable,Continuous,HoltWinters7,0.0461138349113998,4.464479613534576,5.50056899914892,-0.028093488252909558,102.0027397260274,11.078841691456088,0.0,-0.013110443297928764,1025.3983617025715,High
P01650,2499.5653969176046,83.31884656392016,83.31884656392016,83.31884656392016,0.0,9992.394712394309,Intermittent,Intermittent,Croston,1.3889300543458045,117.5186905800304,126.88922034725995,0.02887699509728973,88.54246575342465,129.5068581770841,0.6767123287671233,-0.058995637235260245,9992.394712394309,Very Low
P01651,542.5116028240566,18.08372009413522,18.08372009413522,18.08372009413522,360.42648439836125,724.5967212497519,Trending,Continuous,SES,0.15360082421851537,3.1010969139033215,4.179724633666567,-0.08371170498741982,17.078082191780823,3.379626953843384,0.0,0.05888470912959898,364.17023685139065,Medium
P01652,766.5939106265755,25.553130354219185,18.382122422917693,29.935715434847438,479.72726516909006,1053.460556084061,Seasonal,Continuous,HoltWinters7,0.08496953483171026,2.0511783958520384,2.5835437752630277,-0.05509418710417833,27.7,6.217734272123407,0.0,-0.07750431934226765,573.7332909149709,High
P01653,819.4942058546517,27.31647352848839,23.707668364226823,29.35967368182842,601.6334429477548,1037.3549687615487,Stable,Continuous,HoltWinters7,0.06376275157402504,1.7127676281636266,2.2211692186142895,0.015820157678662603,28.426027397260274,4.214500001172069,0.0,-0.03903302608083825,435.72152581379385,High
P01654,386.7134884102023,12.89044961367341,12.89044961367341,12.89044961367341,206.94942343844122,566.4775533819634,Volatile,Continuous,SES,0.16775886088905353,2.085119472826333,2.5747172388637005,-0.0331361213480385,13.167123287671233,3.2380647065437422,0.0,-0.021012461716439,359.5281299435222,Medium
P01655,433.48449601356657,14.44948320045222,10.588543099081559,16.931715155583838,256.6512330629725,610.3177589641607,Seasonal,Continuous,HoltWinters7,0.1429596076060136,2.209399054055802,2.632858201746575,-0.056126306500675356,15.716438356164383,3.613399605280754,0.0,-0.08061337607163599,353.6665259011882,High
P01656,11102.38921853625,370.079640617875,319.5409660812418,400.1848755105498,8708.514528873737,13496.263908198764,Trending,Continuous,HoltWinters7,0.09238204745079152,32.83327365137858,42.37701016610062,-0.03950646470831896,298.6178082191781,56.286626465978976,0.0,0.23930867628043706,4787.749379325027,High
P01657,7894.703240395118,263.15677467983727,202.20927047463846,302.5653370491434,5621.834153800898,10167.572326989337,Seasonal,Continuous,HoltWinters7,0.07074562626612345,16.33127949670696,19.872777111750384,-0.045210599846148225,256.56849315068496,51.52914227792978,0.0,0.02567845119347112,4545.738173188439,High
P01658,59.0,1.9666666666666666,1.0,3.0,31.500369323538063,86.49963067646193,Seasonal,Continuous,SeasonalNaive28,0.0591463249804017,0.1111111111111111,0.32755831540928737,-0.03532920642644104,2.1780821917808217,0.5602876429944792,0.0,-0.09706498951781972,54.99926135292387,High
P01659,358.1057246854133,11.936857489513777,9.065107132390732,13.701686648655746,243.38772008356705,472.82372928725954,Seasonal,Continuous,HoltWinters7,0.10478453383438859,1.0575566441644635,1.2919395901353399,-0.09618889231964627,11.317808219178081,2.4746363558076903,0.0,0.05469692173142793,229.4360092036925,High
P01660,445.0,14.833333333333334,11.0,16.0,295.32143465469994,594.6785653453001,Seasonal,Continuous,SeasonalNaive7,0.08426625906461782,1.111111111111111,1.473954536862059,-0.059619380596157893,14.3,3.14385327950792,0.0,0.037296037296037365,299.3571306906001,High
P01661,2706.791561582515,90.22638538608383,67.8540255356145,103.83922575839856,1928.6658557245742,3484.9172674404554,Seasonal,Continuous,HoltWinters7,0.07614346507644913,6.053917278015774,7.393905062923262,-0.04000955897413628,88.47808219178083,17.61585788407319,0.0,0.019759732026214838,1556.2514117158812,High
P01662,3127.4610605639623,104.24870201879874,88.38281549837781,114.08705485382676,2459.689934458147,3795.232186669778,Trending,Continuous,HoltWinters7,0.0799666052279834,7.918130154291322,9.81667190703968,-0.05005653815776013,92.13972602739726,14.706537088009373,0.0,0.13141970910355139,1335.542252211631,High
P01663,858.8881256090447,28.629604186968155,24.155638708884872,31.212995699447813,649.2735504331645,1068.5027007849249,Trending,Continuous,HoltWinters7,0.10307785914957342,3.095433342975097,4.030043454604064,-0.07593313441786977,25.116438356164384,4.847057673775158,0.0,0.13987515988474253,419.2291503517604,High
P01664,6206.239392316302,206.8746464105434,181.1170973881895,221.54070486720485,5099.879996488939,7312.598788143665,Stable,Continuous,HoltWinters7,0.05412029176574529,10.166183341625166,12.198603444508306,-0.02487229606564677,202.36849315068494,23.652777334622723,0.0,0.022267069293751884,2212.7187916547264,High
P01665,3768.9087288242113,125.63029096080705,109.08406089763798,137.08700216279487,2950.8827882865626,4586.93466936186,Trending,Continuous,HoltWinters7,0.10144536752056516,12.037494593267807,16.42701227097267,-0.06415534443516713,97.86301369863014,19.207491014439416,0.0,0.28373617583131483,1636.0518810752974,High
P01666,1112.667203149247,37.08890677164156,31.92107923122206,40.12480663424594,871.9236097956258,1353.410796502868,Trending,Continuous,HoltWinters7,0.12500905649784,4.46380585091412,5.602746348093855,-0.09576689113849264,29.427397260273974,5.60822588757159,0.0,0.2603529440135155,481.48718670724213,High
P01667,258.75375875862784,8.62512529195426,7.566896138077616,9.270201179796791,179.70416012877848,337.80335738847725,Stable,Continuous,HoltWinters7,0.13606199244384407,1.2920151216905615,1.5149910282377501,-0.0025923646910919252,8.694520547945206,1.4519643201863983,0.0,-0.00798149312642038,158.09919725969877,High
P01668,6444.939758108247,214.8313252702749,194.0734064530723,230.2081234944879,5088.028512766472,7801.851003450021,Stable,Continuous,HoltWinters7,0.08466057178447456,18.15982990836747,21.69232810707982,-0.022735586086424994,210.53424657534248,25.812493753872612,0.0,0.020410354917695717,2713.8224906835494,High
P01669,731.0,24.366666666666667,17.0,29.0,439.17239190507405,1022.827608094926,Seasonal,Continuous,SeasonalNaive7,0.14624891714029167,3.777777777777778,5.1939773093132295,-0.1137286433009657,25.834246575342465,6.009245715400641,0.0,-0.056807536631493294,583.6552161898519,High
P01670,5909.951615967042,196.9983871989014,168.86490811723715,214.0232125432905,4545.3785035279925,7274.524728406092,Trending,Continuous,HoltWinters7,0.09869037521053288,18.930630677025302,25.14013054995675,-0.05977706220486891,163.67808219178082,31.093234487342542,0.0,0.2035721860919617,2729.1462248781,High
P01671,408.1728050708759,13.605760169029196,13.605760169029196,13.605760169029196,204.83485062727388,611.5107595144779,Volatile,Continuous,SES,0.15424770415883748,1.9968724178118407,2.594000207267092,-0.011910812282408192,14.116438356164384,3.7005732584729545,0.0,-0.03617613552728649,406.67590888720395,Medium
P01672,8703.408374139595,290.11361247131987,290.11361247131987,290.11361247131987,5074.623601997703,12332.193146281488,Volatile,Continuous,SES,0.16830643788015098,50.350158285765865,62.52538515200231,-0.0557970073381139,283.05890410958904,65.65496195243512,0.0,0.02492311055864027,7257.569544283785,Medium
P01673,1876.4902596778568,62.54967532259523,55.353454702168335,67.12105101836367,1489.956631754612,2263.0238876011017,Stable,Continuous,HoltWinters7,0.09476196867103182,5.75980722248327,7.039375289096863,-0.059143553649913784,60.271232876712325,7.5007357563581145,0.0,0.03780314981350341,773.0672558464896,High
P01674,2176.79186752724,72.55972891757466,72.55972891757466,72.55972891757466,1227.70670558772,3125.8770294667593,Volatile,Continuous,SES,0.2269614018855219,16.46983886027281,19.428574925136974,-0.03439953680506344,70.19315068493151,16.744172286507723,0.0,0.03371523018343714,1898.1703238790392,Medium
P01675,8295.502318759298,276.51674395864325,234.82253412223258,301.9096796707502,6774.628187003164,9816.376450515432,Trending,Continuous,HoltWinters7,0.08173509242780061,19.46704184655484,22.972288531342034,-0.03863625787044623,211.65753424657535,37.24033801947458,0.0,0.3064346844204877,3041.748263512268,High
P01676,193.0,6.433333333333334,6.0,7.0,135.28193399300162,250.71806600699838,Stable,Continuous,SeasonalNaive7,0.07112172504329367,0.4666666666666666,0.7048931091264876,-0.01689171395053748,6.973972602739726,1.1052347567648775,0.0,-0.07752242519478825,115.43613201399677,High
P01677,496.8787367132219,16.562624557107394,14.08799026856673,18.01040457309145,342.1141849744264,651.6432884520175,Trending,Continuous,HoltWinters7,0.1456706752216433,2.49500676691576,3.197600202089441,-0.06662756713251405,14.652054794520549,2.8992269718030834,0.0,0.13039602904715752,309.5291034775911,High
P01678,884.942418463078,29.49808061543593,23.493612023560885,33.832641171344626,599.7342858696363,1170.1505510565196,Seasonal,Continuous,HoltWinters7,0.06145874139016209,1.5647158977881988,2.0767910244031285,-0.003478711461877157,28.354794520547944,6.176985940368855,0.0,0.040320732850293695,570.4162651868833,High
P01679,582.3650128862522,19.412167096208407,16.98832939237898,20.84619253320912,397.3939704150945,767.3360553574098,Stable,Continuous,HoltWinters7,0.13272086316945794,2.9131471082488045,3.4820856870670376,-0.005133401222354707,19.66849315068493,3.346430102976813,0.0,-0.013032317855402042,369.9420849423153,High
P01680,10058.04710729535,335.268236909845,280.29551021594136,369.66599078883195,8027.752422512264,12088.341792078436,Trending,Continuous,HoltWinters7,0.07159806045581589,21.623599670014872,28.89183206504454,-0.03489398902080818,280.027397260274,47.225685451143086,0.0,0.19726941074350268,4060.5893695661716,High
P01681,870.7601368963831,29.0253378965461,25.416820460299856,31.5192746714382,651.7838074676622,1089.736466325104,Stable,Continuous,HoltWinters7,0.06222656402719654,1.6990120654701941,2.2727664692119927,0.002765147114754589,28.65068493150685,4.2452143082966485,0.0,0.013076579702541391,437.95265885744175,High
P01682,1062.9142912151008,35.43047637383669,30.2057476414346,38.50435374094057,818.8383717900925,1306.9902106401091,Trending,Continuous,HoltWinters7,0.11037365194636446,3.8145654269101428,4.919117823007105,-0.0707316011178907,28.716438356164385,5.612584177710617,0.0,0.23380469173786111,488.1518388500166,High
P01683,2376.5556610008243,79.21852203336081,69.07646334281394,85.24926047604914,1941.5768989053913,2811.5344230962573,Stable,Continuous,HoltWinters7,0.04544072037947224,3.3887620253705397,3.9457008285754305,-0.011644207752258736,79.9958904109589,9.315310911701431,0.0,-0.009717603911957973,869.957524190866,High
P01684,5592.878198681473,186.42927328938242,186.42927328938242,186.42927328938242,3482.6327080143806,7703.123689348566,Volatile,Continuous,SES,0.17615331128566372,32.57545122478144,43.226133367418804,-0.06158679546165138,166.0808219178082,38.27164891188561,0.0,0.12252137926945261,4220.490981334186,Medium
P01685,800.1645776145272,26.672152587150904,22.67213895028374,29.030977876202034,562.6983412723648,1037.6308139566895,Trending,Continuous,HoltWinters7,0.15348022974523798,4.107083400917411,5.165013375067294,-0.07028996755679359,22.438356164383563,4.491681997942526,0.0,0.18868567696093774,474.9324726843247,Medium
P01686,608.7805323730663,20.292684412435545,17.654733612256834,22.09950381131696,471.6906674273622,745.8703973187705,Stable,Continuous,HoltWinters7,0.07862999211630183,1.6422553947902756,2.078600338855384,-0.042429397040878496,20.25068493150685,2.5854729378042824,0.0,0.0020739782911416427,274.17972989140833,High
P01687,5157.172236066735,171.9057412022245,148.59941536652315,185.2835472202935,4013.5398374119095,6300.804634721561,Trending,Continuous,HoltWinters7,0.1009888799664987,17.373488020243027,22.000828324829286,-0.07604984839922951,140.92465753424656,27.13647003043064,0.0,0.21984146855527475,2287.264797309652,High
P01688,8544.163708283842,284.80545694279476,242.82132117035525,309.75561191223954,6726.139453801904,10362.187962765784,Trending,Continuous,HoltWinters7,0.06981944111886196,18.142791268809358,22.11079045637653,-0.0373398423911385,243.11780821917807,40.6063417593149,0.0,0.1714709795591527,3636.0485089638796,High
P01689,9618.891041461598,320.62970138205327,273.18306175261614,350.7346508040735,7645.413355218097,11592.368727705098,Trending,Continuous,HoltWinters7,0.07514999530770995,21.486116119352072,26.602948891476302,-0.026290583820552525,266.541095890411,44.699503732300826,0.0,0.2029278273616799,3946.955372487,High
P01690,10021.268158503128,334.04227195010424,290.52010615811076,359.1169809838968,8357.957164829064,11684.57915217719,Stable,Continuous,HoltWinters7,0.044325507823864047,14.08224111755259,17.77393063053488,-0.02122147822061436,334.5835616438356,35.81761838848228,0.0,-0.0016178012185414925,3326.621987348126,High
P01691,313.3779588923172,10.445931963077241,7.876816888140851,12.067913506680682,187.47567404345182,439.2802437411826,Seasonal,Continuous,HoltWinters7,0.15092362025402933,1.6788277513696899,2.0931237831548652,-0.08838921675248253,11.117808219178082,2.55149126440996,0.0,-0.060432438017941625,251.80456969773076,Medium
P01692,1412.4173118654296,47.080577062180986,35.875125675488185,52.58122030025883,994.8697532616367,1829.9648704692227,Seasonal,Continuous,HoltWinters7,0.055254023033711915,2.347229414468543,3.1503898716949923,-0.026697021379485486,47.6986301369863,9.511504739037699,0.0,-0.012957459638365365,835.095117207586,High
P01693,440.3571428571429,14.678571428571429,14.678571428571429,14.678571428571429,240.2348097467645,640.4794759675211,Volatile,Continuous,RollingMean28,0.16772697797195005,2.3333333333333335,2.965565277769681,-0.04576564553496709,14.441095890410958,3.5965932522795074,0.0,0.016444426376128307,400.2446662207566,Medium
P01694,171.0,5.7,5.0,6.0,113.75199575325631,228.24800424674368,Stable,Continuous,SeasonalNaive7,0.1447198915162302,0.9222222222222222,1.4374428387081408,-0.1060163996948894,5.726027397260274,1.0245313957449114,0.0,-0.004545454545454519,114.49600849348737,High
P01695,875.3571428571428,29.178571428571427,29.178571428571427,29.178571428571427,448.21062808957157,1302.5036576247142,Volatile,Continuous,RollingMean28,0.1567389189515607,4.395238095238096,5.5024762595862775,-0.033548590497056156,29.453424657534246,7.595655790245533,0.0,-0.009331791876789786,854.2930295351425,Medium
P01696,363.1474294285931,12.104914314286438,12.104914314286438,12.104914314286438,152.86181560196042,573.4330432552259,Volatile,Continuous,SES,0.23422715497623023,3.358501572784222,4.4203403158637515,-0.06833972865381145,14.642465753424657,3.8120600556423807,0.0,-0.17330082800738145,420.5712276532655,Medium
P01697,304.25956050657834,10.141985350219278,8.744383616758043,10.934269857517132,199.87920734441045,408.6399136687462,Stable,Continuous,HoltWinters7,0.1427349649049577,1.7431292308520636,2.0258829960529914,-0.00444656653630611,11.050684931506849,1.9048435330773263,0.0,-0.08223015920911458,208.76070632433576,High
P01698,816.0994463858517,27.20331487952839,22.448580148138884,30.38030080929275,528.97150302632,1103.2273897453833,Trending,Continuous,HoltWinters7,0.14901981448444393,4.72298074667025,5.87579567888077,-0.051470558572854964,27.354794520547944,5.366551415982284,0.0,-0.005537590161964867,574.2558867190634,High
P01699,6900.720171293298,230.02400570977662,199.0813429405527,246.0108695982571,5471.985319161642,8329.455023424956,Trending,Continuous,HoltWinters7,0.10583307175875611,21.959271372529106,28.414184656859845,-0.06144399775800197,172.7068493150685,34.48649893386193,0.0,0.3318754098173873,2857.4697042633143,High
P01700,3327.378891915766,110.91262973052554,83.23753574525065,127.89898692962363,2370.973667146747,4283.784116684785,Seasonal,Continuous,HoltWinters7,0.06555683310177929,6.570724626463718,7.926001053060353,-0.0450656030572457,110.99178082191781,21.739824281426152,0.0,-0.000713125699994599,1912.8104495380376,High
P01701,6285.023962591523,209.50079875305076,182.09568561745803,226.52522950235056,4866.930210004244,7703.117715178802,Stable,Continuous,HoltWinters7,0.0936236239083214,20.128300137922352,23.302783283857167,-0.03560033385267097,213.34109589041097,26.79409029091194,0.0,-0.018000737838774872,2836.1875051745583,High
P01702,764.8421490429677,25.494738301432257,18.600034720031793,29.91898501635594,486.0201503453199,1043.6641477406154,Seasonal,Continuous,HoltWinters7,0.0783192962459611,1.892609249313085,2.352761174731706,-0.05767077589278172,27.273972602739725,5.949168018217987,0.0,-0.06523561225286045,557.6439973952954,High
P01703,593.9278974169232,19.797596580564107,17.16626612769071,21.42552366777539,430.7670679352679,757.0887268985784,Stable,Continuous,HoltWinters7,0.06508935246115612,1.299753845737625,1.6281777532178003,-0.04654578451641689,21.135616438356163,3.2005602160090745,0.0,-0.06330640327877379,326.32165896331054,High
P01704,982.4896554261524,32.74965518087175,28.522105772329923,35.40544329172364,798.8579804969709,1166.1213303553338,Stable,Continuous,HoltWinters7,0.0518579078536014,1.6345967320369856,2.0532708392017818,-0.010352383334251227,33.55205479452055,3.8161669516354704,0.0,-0.023915066262345408,367.263349858363,High
P01705,567.9515993029221,18.931719976764068,14.303453132298696,22.004256798432642,372.56128850817527,763.341910097669,Seasonal,Continuous,HoltWinters7,0.08679493838406839,1.402295178655909,1.714011021264035,-0.04948668739456377,18.53150684931507,4.131211346725201,0.0,0.021596361844897327,390.78062158949376,High
P01706,672.1593801609818,22.405312672032725,22.405312672032725,22.405312672032725,338.57021582463807,1005.7485444973254,Volatile,Continuous,SES,0.22498972233989878,5.241277620409466,7.063789409528833,-0.11024956669703251,22.72876712328767,5.988362730318208,0.0,-0.01423106011427866,667.1783286726873,Medium
P01707,1719.9080531904024,57.330268439680076,50.078095277985746,61.57126039167869,1412.1526382711506,2027.6634681096539,Stable,Continuous,HoltWinters7,0.046034366802772946,2.5242587338023625,3.028025994531484,-0.016878158842194162,58.965753424657535,6.72425169197526,0.0,-0.027736183971042938,615.5108298385032,High
P01708,332.05732356452785,11.068577452150928,9.352427565658848,12.147122287484455,226.34772363709365,437.7669234919621,Trending,Continuous,HoltWinters7,0.1330199044019497,1.6266499998596349,2.1963619234255387,-0.06891701301309715,9.961643835616439,1.9989455476145928,0.0,0.11111957371702097,211.41919985486842,High
P01709,11998.558854017336,399.95196180057786,344.5329367447395,435.3909993774286,9571.075995686218,14426.041712348453,Trending,Continuous,HoltWinters7,0.08130027125383438,28.882019967097552,35.59453978421646,-0.012267977412185304,330.2630136986301,54.24275442780136,0.0,0.21101045291598997,4854.965716662235,High
P01710,1780.7791962176423,59.35930654058807,49.77619241690119,65.52682513262147,1428.2993780379811,2133.2590143973034,Trending,Continuous,HoltWinters7,0.07112625628829497,3.7249420431389217,4.632442155686664,-0.03179590413391573,48.73013698630137,8.2350448052316,0.0,0.21812312075532825,704.9596363593223,High
P01711,662.6756196663379,22.089187322211263,19.21262923178342,23.92460361604433,443.95185915807684,881.399380174599,Stable,Continuous,HoltWinters7,0.12756126637245346,3.348264466631585,4.028630384205623,-0.008403105254336594,23.612328767123287,4.016988792488632,0.0,-0.06450619335068619,437.4475210165221,High
P01712,523.2663736597239,17.44221245532413,14.332396820354584,19.539000479160062,332.6349916196843,713.8977556997634,Trending,Continuous,HoltWinters7,0.14670029988291872,3.019179031348991,3.821531628823512,-0.06220892185964199,17.58082191780822,3.4998983929694547,0.0,-0.007884128690461734,381.2627640800791,High
P01713,7298.286645449945,243.27622151499818,213.55323964586756,260.6995665437232,6080.439956682878,8516.133334217013,Stable,Continuous,HoltWinters7,0.048730970366143135,11.287399613503007,14.66054435417579,-0.03541622026206162,243.84520547945206,25.658395017392593,0.0,-0.0023333817998805184,2435.693377534135,High
P01714,908.8059581321166,30.29353193773722,25.6136098579315,33.77273270707347,705.3271081087127,1112.2848081555208,Trending,Continuous,HoltWinters7,0.06285009445795144,1.7565178262229673,2.3231723789902814,-0.029394889547334335,26.5,4.319938144148939,0.0,0.1431521485938574,406.9577000468081,High
P01715,1049.2631560406255,34.97543853468752,30.22745847159923,38.29096971327204,743.8966355581305,1354.6296765231205,Trending,Continuous,HoltWinters7,0.1585854628863321,5.350671069690223,6.684082005299589,-0.0851094992621864,28.66986301369863,5.674460506411353,0.0,0.21993741365196096,610.73304096499,Medium
P01716,3724.3220725219594,124.14406908406531,124.14406908406531,124.14406908406531,2214.311386270463,5234.332758773456,Volatile,Continuous,SES,0.18382429096769207,23.434971183349273,31.630379774041018,-0.09305507018241689,116.04657534246576,27.14115963909192,0.0,0.06977796387099744,3020.0213725029926,Medium
P01717,390.0,13.0,13.0,13.0,157.9490663398318,622.0509336601683,Volatile,Continuous,Naive,0.22179166754177781,3.5,4.548741670960765,-0.0674605674920715,16.41780821917808,4.343225254893783,0.0,-0.2081768877763871,464.1018673203365,Medium
P01718,0.0,0.0,0.0,0.0,0.0,9788.48529171664,Intermittent,Intermittent,SeasonalNaive7,1.180028943560058,136.9888888888889,210.7501771606379,-0.30033767486734203,116.82054794520548,169.84532417792374,0.673972602739726,-1.0,9788.48529171664,Very Low
P01719,6967.63357689901,232.25445256330033,232.25445256330033,232.25445256330033,4234.693311209827,9700.573842588194,Volatile,Continuous,SES,0.18953459525285424,44.70111481299809,55.80157043044773,-0.06267579675567068,212.1205479452055,49.985366744560686,0.0,0.09491727611082634,5465.880531378367,Medium
P01720,868.1408450509877,28.938028168366255,25.13636560148046,31.23925786653071,589.7331983302604,1146.548491771715,Stable,Continuous,HoltWinters7,0.13712329165012285,4.598444748047196,5.528797885073103,0.009471978938918857,29.59315068493151,5.046582153429145,0.0,-0.022137640007991233,556.8152934414545,High
P01721,503.2399910384647,16.774666367948825,14.667100115209742,18.117914649312496,340.6669946402162,665.8129874367132,Stable,Continuous,HoltWinters7,0.13481599345812156,2.598836327754551,3.1461510024473913,0.02411767736987161,17.24931506849315,2.977884800346509,0.0,-0.027516959291403853,325.145992796497,High
P01722,460.5910316481798,15.35303438827266,12.676885999018069,17.04801671437971,299.23100682584663,621.9510564705129,Trending,Continuous,HoltWinters7,0.13696586520800583,2.514243279465827,3.18958711275447,-0.029735647263173598,15.417808219178083,3.0179091621135843,0.0,-0.004201234701107004,322.72004964466623,High
P01723,843.8389190192854,28.127963967309515,21.2189939828167,31.929566518344803,548.0169279104146,1139.6609101281563,Seasonal,Continuous,HoltWinters7,0.07087160877590869,1.8116207521773084,2.205546110569619,-0.013815155292136165,29.243835616438357,6.546928541973644,0.0,-0.038157499712575205,591.6439822177417,High
P01724,718.1659882769528,23.938866275898427,19.522149600559363,26.5707607649011,466.4319403891402,969.9000361647655,Trending,Continuous,HoltWinters7,0.16460340134037527,4.426252142043818,5.263342090032183,-0.020850317527226752,23.205479452054796,4.6727147877044155,0.0,0.03160403668275391,503.46809577562533,Medium
P01725,7806.51854136338,260.21728471211264,216.24780420568948,288.4303936239386,6246.7544346496,9366.28264807716,Trending,Continuous,HoltWinters7,0.06772646424663954,15.728715065773722,19.331116681893732,-0.02343839522044337,212.64794520547946,36.89354652133009,0.0,0.2236999725563651,3119.5282134275603,High
P01726,173.37263864862774,5.779087954954258,5.779087954954258,5.779087954954258,119.00881463077611,227.73646266647938,Stable,Continuous,SES,0.1454695927640323,0.894978220187031,1.206190619558538,-0.045767786759210734,5.626027397260274,0.9791415009126122,0.0,0.027205796716973207,108.72764803570327,High
P01727,10560.072552220914,352.0024184073638,298.4694588362959,380.99131398216514,8266.421308409594,12853.723796032235,Trending,Continuous,HoltWinters7,0.07745374766851744,25.807122675220437,31.353099378162224,-0.03885954606705033,312.36164383561646,51.12563569826771,0.0,0.12690666525179606,4587.302487622641,High
P01728,4680.250342050184,156.00834473500615,133.7512073345396,170.303371944153,3609.806501902871,5750.694182197497,Trending,Continuous,HoltWinters7,0.10977302123633126,17.19289793978668,21.55977185392149,-0.026907330083774234,129.3068493150685,25.27210669672877,0.0,0.20649714660417495,2140.887680294626,High
P01729,5617.936999059551,187.26456663531837,187.26456663531837,187.26456663531837,3061.2770285642023,8174.5969695549,Volatile,Continuous,SES,0.1996842176586285,40.80733827532666,51.08231490864313,-0.027144862406934724,193.78082191780823,45.42409414112329,0.0,-0.033626935926888146,5113.319940990697,Medium
P01730,7053.72591104397,235.124197034799,202.81607431590754,256.76605293894113,5643.030325358217,8464.421496729723,Trending,Continuous,HoltWinters7,0.0774390063451149,15.510152028959103,19.07316339128843,-0.03224984826839128,188.5041095890411,31.278967099534512,0.0,0.24731602694177135,2821.391171371506,High
P01731,217.6288709525926,7.254295698419753,5.3210300271158415,8.42586332172429,136.39112537660006,298.8666165285851,Seasonal,Continuous,HoltWinters7,0.07466441279128158,0.5031978982281922,0.6323616780119857,-0.027338748222996787,7.689041095890411,1.7286468493367018,0.0,-0.05654091219554247,162.47549115198504,High
P01732,8613.27993985464,287.109331328488,244.92573824770255,311.1564036173305,6835.348360475585,10391.211519233695,Trending,Continuous,HoltWinters7,0.07386699366067002,18.630019453467565,25.054412013572975,-0.042471959614038345,234.28630136986303,39.79962092542519,0.0,0.22546358728517513,3555.8631587581103,High
P01733,1073.9515791953907,35.79838597317969,31.05748639171225,38.909802460165515,869.080725345099,1278.822433045682,Stable,Continuous,HoltWinters7,0.0449869900799234,1.5642952286558376,1.88178083582544,-0.0028544336146487438,37.532876712328765,4.33787526436576,0.0,-0.04621257124635292,409.7417077005829,High
P01734,393.64801382957796,13.121600460985933,13.121600460985933,13.121600460985933,197.4989001439479,589.797127515208,Volatile,Continuous,SES,0.2072419240280311,2.9469420786184686,3.804113865054203,-0.04155277524028438,13.878082191780821,3.5136709911591266,0.0,-0.05450909717503394,392.29822737126005,Medium
P01735,681.6698143529279,22.722327145097598,19.114286183280495,24.99220921239123,459.76273690890713,903.5768917969486,Trending,Continuous,HoltWinters7,0.17868439810056583,4.204726293296535,4.946249521014321,-0.06916368204004802,20.317808219178083,4.08252801215477,0.0,0.11834538942295336,443.8141548880415,Medium
P01736,5352.91218396076,178.43040613202533,152.7523320201709,194.71614036864318,4108.6382495544385,6597.186118367081,Trending,Continuous,HoltWinters7,0.09464334232675586,16.932993515256225,21.59359481282876,-0.046802433657877236,150.3794520547945,28.542892224586094,0.0,0.18653448788342275,2488.5478688126423,High
P01737,714.6428571428572,23.821428571428573,23.821428571428573,23.821428571428573,379.3397300755167,1049.9459842101976,Volatile,Continuous,RollingMean28,0.14983066348025834,3.4444444444444446,4.302750078790557,0.01030852387944669,23.904109589041095,5.954478397986594,0.0,-0.0034588620548504645,670.606254134681,High
P01738,947.0151176905066,31.567170589683553,26.45747649567207,34.87444093006934,631.6110746874515,1262.4191606935617,Trending,Continuous,HoltWinters7,0.15898970507132618,5.625171728998684,6.908024924496096,-0.06622501194244007,29.805479452054794,6.00004321911638,0.0,0.059106284146934085,630.8080860061102,Medium
P01739,707.7936989577853,23.593123298592843,20.35394802996739,25.52692768132455,522.2603521239888,893.3270457915818,Stable,Continuous,HoltWinters7,0.07446778033744689,1.6771397613562626,2.002081094083767,-0.03900424901801655,24.05068493150685,3.5780777148899148,0.0,-0.01902488990301454,371.066693667593,High
P01740,91.0,3.033333333333333,2.0,4.0,55.042592703126246,126.95740729687377,Seasonal,Continuous,SeasonalNaive7,0.06937290848246763,0.19999999999999998,0.4246508424542972,-0.06093408991706678,3.2095890410958905,0.7434514076186572,0.0,-0.05491535068999864,71.91481459374752,High
P01741,1728.0378755528604,57.60126251842868,50.267917047384955,62.17344046853043,1344.0882319875245,2111.987519118196,Stable,Continuous,HoltWinters7,0.08156579031220204,4.80517541634498,5.9062137003945665,-0.01735480149839563,58.57808219178082,7.2509447201588175,0.0,-0.016675514745499775,767.8992871306714,High
P01742,8600.84658225155,286.69488607505167,248.16080006325728,309.38303064415163,7144.402850946585,10057.290313556514,Stable,Continuous,HoltWinters7,0.05157915906580358,14.013464604670249,16.85413741484742,-0.03728111778538593,285.8013698630137,31.572639233828525,0.0,0.003126353846611085,2912.8874626099287,High
P01743,22811.14607173009,760.3715357243364,643.3421446184459,833.2575704194094,18676.763970217864,26945.528173242314,Trending,Continuous,HoltWinters7,0.08925312385503996,59.34218950358081,72.42243349581425,-0.05217475042119318,594.4849315068493,102.27368762314408,0.0,0.279042571856299,8268.76420302445,High
P01744,737.6468202086787,24.58822734028929,18.250692674566757,28.32423908695569,453.4879911898499,1021.8056492275075,Seasonal,Continuous,HoltWinters7,0.14937300813226595,3.666126715110512,4.570366542769378,-0.08462170595126121,24.97945205479452,5.901883145662124,0.0,-0.015661861342956884,568.3176580376576,High
P01745,759.9832440219591,25.33277480073197,22.212974584467666,27.396104124752757,555.8154862627657,964.1510017811524,Stable,Continuous,HoltWinters7,0.06737529323882913,1.6810028476678855,2.243214683212889,0.04438898671576091,26.09178082191781,3.912775088815308,0.0,-0.029089851182110715,408.3355155183867,High
P01746,3260.9185322320186,108.69728440773396,81.61977752754039,125.61919901040864,2319.956844095323,4201.880220368715,Seasonal,Continuous,HoltWinters7,0.059939681712678085,5.726034800286743,7.235185216912359,-0.030925442596264147,108.22739726027397,21.321313874037376,0.0,0.004341665413333029,1881.9233762733916,High
P01747,568.0679377775774,18.935597925919247,16.251481236512767,20.629343780825955,392.82424741848627,743.3116281366684,Trending,Continuous,HoltWinters7,0.14034267135981912,2.6732388285162223,3.4096046847916455,-0.03701203490527798,16.09178082191781,3.235784715152437,0.0,0.176724822160641,350.4873807181822,High
P01748,437.1428571428571,14.571428571428571,14.571428571428571,14.571428571428571,320.2073095662275,554.0784047194868,Stable,Continuous,RollingMean28,0.08527725164980093,1.2388888888888887,1.559924752280054,-0.029002692792554106,15.289041095890411,2.285522013944246,0.0,-0.0469363984282003,233.87109515325932,High
P01749,4933.343737934397,164.4447912644799,141.30570070612077,179.59118990674986,3959.031995913455,5907.65547995534,Trending,Continuous,HoltWinters7,0.08666550135470959,12.866999919604,15.85162916081831,-0.0571400522747438,131.8178082191781,23.16893195820392,0.0,0.24751574530090648,1948.6234840418847,High
P01750,81.0,2.7,2.0,3.0,43.70770992896257,118.29229007103743,Seasonal,Continuous,SeasonalNaive7,0.17608012453373278,0.5222222222222223,0.8241819789264464,-0.15410396739148172,2.882191780821918,0.7406189651297459,0.0,-0.06321292775665399,74.58458014207486,Medium
P01751,12396.445624970773,413.21485416569243,352.73650415450925,450.84738240356614,9762.417894151453,15030.473355790093,Trending,Continuous,HoltWinters7,0.07533083720647894,28.19427583097873,35.51771162095539,-0.05021252992681114,347.58082191780824,59.044445507404724,0.0,0.1888309944310005,5268.05546163864,High
P01752,324.08431289195147,10.802810429731716,9.064685087811053,11.811053670982199,210.80619886224804,437.3624269216549,Trending,Continuous,HoltWinters7,0.16167910230086321,2.042812001384005,2.5859271124332217,-0.0954972925205066,10.347945205479451,2.122329490472496,0.0,0.04395705767860125,226.55622805940686,Medium
P01753,253.0,8.433333333333334,7.0,9.0,170.2877224534169,335.7122775465831,Stable,Continuous,SeasonalNaive7,0.1384661894957022,1.366666666666667,2.059492238475235,-0.09337459910107697,8.861643835616439,1.507651280389795,0.0,-0.0483330756943372,165.4245550931662,High
P01754,117.16066135148964,3.9053553783829877,3.9053553783829877,3.9053553783829877,48.32588800891995,185.99543469405933,Volatile,Continuous,SES,0.2084657337831284,0.9725838967820281,1.3032862635876854,-0.04616723804986567,4.367123287671233,1.2078907001989196,0.0,-0.10573731925358187,137.66954668513938,Medium
P01755,11445.193999888594,381.50646666295313,329.79607952195295,412.9279940816242,8790.439909616825,14099.948090160362,Trending,Continuous,HoltWinters7,0.11560575289484547,43.600408221886454,56.037855584115896,-0.07650252339036691,308.57397260273973,61.65843016376495,0.0,0.23635335619866815,5309.508180543537,High
P01756,7126.310592267063,237.5436864089021,202.50410292141416,257.04227050252604,5496.481174996738,8756.140009537388,Trending,Continuous,HoltWinters7,0.09977232687020195,23.080863165637968,29.95877286167095,-0.06324040934117685,193.92328767123288,36.52925437769546,0.0,0.22493636149373097,3259.65883454065,High
P01757,8501.013846690876,283.36712822302917,245.1249965299149,307.038474332945,6641.014901464031,10361.01279191772,Trending,Continuous,HoltWinters7,0.11861447836487822,31.800777642407795,38.83480953457495,-0.08886914862151696,225.93150684931507,43.933054435979216,0.0,0.2542169623647079,3719.9978904536883,High
P01758,8140.880603490818,271.3626867830273,235.1422278854717,293.8741573617503,6587.717370255322,9694.043836726314,Stable,Continuous,HoltWinters7,0.04194711367321675,10.816164745440782,13.468948355442953,-0.0148517874360014,278.3424657534247,32.89669542740436,0.0,-0.02507622741468618,3106.3264664709923,High
P01759,350.5901915936114,11.686339719787046,8.763145912114048,13.446023300277716,218.43667359018207,482.7437095970408,Seasonal,Continuous,HoltWinters7,0.15316091580433497,1.798709155113546,2.23723718466457,-0.07996522867792207,11.726027397260275,2.728502576370797,0.0,-0.0033845799714318225,264.3070360068587,Medium
P01760,6220.01602420486,207.33386747349533,155.31753859087763,238.0036804772484,4489.805465870809,7950.22658253891,Seasonal,Continuous,HoltWinters7,0.07665653833982415,13.900277325896388,16.505199153919136,-0.055995798368868956,202.05616438356165,39.87670808998223,0.0,0.026119980580820323,3460.4211166681016,High
P01761,1304.1934801944176,43.47311600648059,36.68598557805863,47.1455745733632,1019.818314199402,1588.5686461894334,Trending,Continuous,HoltWinters7,0.06612044308525954,2.604321859226041,3.3237614160232583,-0.023960582837870642,37.30684931506849,6.0404745670431845,0.0,0.16528510996294443,568.7503319900313,High
P01762,1761.7589111024395,58.72529703674798,51.64213099738335,63.3888938738456,1384.8994165164768,2138.618405688402,Stable,Continuous,HoltWinters7,0.0846310604926576,4.882059090682929,6.116971598213972,-0.05072890582358517,56.636986301369866,7.213270936216343,0.0,0.036871854802903004,753.7189891719254,High
P01763,575.2732386392406,19.17577462130802,19.175774621308022,19.175774621308022,211.96821679726915,938.5782604812123,Volatile,Continuous,SES,0.23510618242723505,5.597419372598298,7.309524924247925,-0.06838864727203513,24.765753424657536,6.645124024417105,0.0,-0.22571406197495147,726.6100436839431,Medium
P01764,10190.025682424282,339.6675227474761,289.51583299129766,370.89222025459156,8099.82034890985,12280.231015938716,Trending,Continuous,HoltWinters7,0.07333044078945061,22.309695337869176,29.01498539556056,-0.04925571044719292,285.2479452054794,46.17566687266725,0.0,0.19077991079934087,4180.410667028867,High
P01765,336.0,11.2,8.0,14.0,199.41975056332004,472.58024943668,Seasonal,Continuous,SeasonalNaive7,0.17330266723719867,2.055555555555556,2.81699161334906,-0.1521807567699737,11.953424657534246,2.782567830059786,0.0,-0.06303002521201007,273.16049887336,Medium
P01766,370.51502675405976,12.350500891801993,10.879948992091018,13.237642395113657,271.503809504296,469.52624400382354,Stable,Continuous,HoltWinters7,0.07356383005669075,0.8914640893930147,1.0817317395413093,-0.02839219766026703,12.726027397260275,1.9185061773705943,0.0,-0.0295085413331051,198.02243449952755,High
P01767,2230.0,74.33333333333333,0.0,274.0,14.963527776497472,10360.218833341016,Intermittent,Intermittent,SeasonalNaive7,1.1498907708412303,114.81111111111112,179.78482369752814,-0.5451856533604699,102.93424657534247,139.5548716457038,0.6424657534246575,-0.2778561479155023,10345.255305564518,Very Low
P01768,624.194349350696,20.80647831168987,15.648488280299354,23.900567531817934,444.9745989575797,803.4140997438125,Seasonal,Continuous,HoltWinters7,0.05735895283644144,1.0450313902707664,1.4136897870766736,-0.03176889325453722,20.623287671232877,4.117180056554724,0.0,0.008882707906582743,358.43950078623277,High
P01769,249.72820635219315,8.324273545073105,7.1207352209125645,9.051908563722307,179.46140721547846,319.99500548890785,Stable,Continuous,HoltWinters7,0.06937337663616612,0.5863786300571778,0.7364921927677125,-0.009502040640664814,8.921917808219177,1.3540313810579006,0.0,-0.06698607586314032,140.5335982734294,High
P01770,219.9239221155129,7.33079740385043,6.311644018782746,8.068993069645316,155.9998822817726,283.8479619492532,Stable,Continuous,HoltWinters7,0.07391646499542309,0.5559460768141017,0.6631898938552206,-0.017993241836252467,7.967123287671233,1.2178434237646212,0.0,-0.07986896409717781,127.84807966748059,High
P01771,3771.516638927993,125.71722129759976,106.29132510130145,136.73647266513544,2964.1111130494146,4578.922164806571,Trending,Continuous,HoltWinters7,0.07217432291844263,8.3904033264359,9.914915111945637,-0.03923394911590888,108.57945205479452,17.66165360122876,0.0,0.15783621042917662,1614.8110517571567,High
P01772,19591.877325312784,653.0625775104261,560.5835203193486,715.4372578604276,15924.190528736555,23259.564121889012,Trending,Continuous,HoltWinters7,0.08004755699086791,46.62225527802243,56.125574838981414,-0.053544548965889116,518.741095890411,89.96847540499179,0.0,0.25893742116084795,7335.373593152457,High
P01773,2885.583513716788,96.18611712389293,96.18611712389293,96.18611712389293,1643.02910735578,4128.137920077796,Volatile,Continuous,SES,0.18890524429365252,18.699137001436203,22.575451877020498,-0.08258510731492279,90.13835616438357,22.230523944004602,0.0,0.06709420070275285,2485.1088127220155,Medium
P01774,1749.9234246437363,58.33078082145788,51.12961702185932,62.74229663098191,1373.6996121523257,2126.1472371351465,Stable,Continuous,HoltWinters7,0.07088578283211919,4.215423118327373,5.20683231064805,-0.009500707126820494,58.30958904109589,7.202349951510437,0.0,0.0003634355979948989,752.4476249828208,High
P01775,8160.340572242349,272.01135240807827,238.8675319510202,292.98453210497206,6825.984469403891,9494.696675080806,Stable,Continuous,HoltWinters7,0.04130924308762446,10.561353766566361,13.542191689211394,-0.019035655594767453,270.86986301369865,28.450005170823644,0.0,0.004214161670403005,2668.712205676915,High
P01776,794.3916091240876,26.479720304136254,19.71728373214997,30.537331717792778,519.1076614180483,1069.6755568301269,Seasonal,Continuous,HoltWinters7,0.07228681012842957,1.6671894201603539,2.1188340603071985,-0.04062241585076745,26.795890410958904,5.954858498827675,0.0,-0.011799201369077972,550.5678954120785,High
P01777,1412.0,47.06666666666667,0.0,164.0,177.10205319205505,5528.326489359816,Intermittent,Intermittent,SeasonalNaive7,0.9857258735958926,55.73333333333333,87.48145260654894,-0.29581746940025194,52.24109589041096,71.22230472369876,0.6452054794520548,-0.0990490175512202,5351.224436167761,Very Low
P01778,132.53464868018088,4.417821622672696,4.417821622672696,4.417821622672696,72.03719330116569,193.03210405919603,Volatile,Continuous,SES,0.16494357174946317,0.6949137105225841,0.8993398562975875,-0.04399980530822826,4.4301369863013695,1.1104547359428978,0.0,-0.002779905828364848,120.99491075803034,Medium
P01779,374.0020259285843,12.466734197619477,9.36229692572035,14.448981496096335,245.1562775768339,502.8477742803347,Seasonal,Continuous,HoltWinters7,0.08904931877533523,0.928875954175751,1.1653551869678085,-0.017266324799897485,12.117808219178082,2.788342500495505,0.0,0.028794479342326262,257.6914967035008,High
P01780,6411.436287641205,213.7145429213735,189.41590870101317,227.97363030943183,5137.594080084957,7685.278495197453,Stable,Continuous,HoltWinters7,0.08892947035786887,17.64272338076925,21.71731462243146,-0.03402973086964997,196.4013698630137,24.42208288724834,0.0,0.08815199746537106,2547.684415112496,High
P01781,635.3515265565394,21.17838421855131,17.792839236423426,23.45681638475834,411.9956486112612,858.7074045018177,Trending,Continuous,HoltWinters7,0.15384803796463123,3.6610950275200644,4.638450646569838,-0.0742172872932422,19.92054794520548,4.072624621086808,0.0,0.06314265434895172,446.7117558905565,Medium
P01782,10192.736833288805,339.7578944429602,295.20812355811574,370.98923339405644,8025.193686814617,12360.279979762992,Trending,Continuous,HoltWinters7,0.10549172389423235,34.63720288655289,44.83171784589275,-0.08611977759407012,271.1191780821918,51.36123221756381,0.0,0.25316806006235404,4335.086292948376,High
P01783,11971.30828378724,399.04360945957467,333.43128908963405,440.86270109385293,9291.283059737667,14651.333507836813,Trending,Continuous,HoltWinters7,0.0745436436140136,27.09495614048882,35.24055295633357,-0.04126319319480343,348.786301369863,58.41456616705445,0.0,0.14409197807461305,5360.050448099146,High
P01784,10919.892282385093,363.99640941283644,312.8294048768879,391.612722076496,8707.410847846224,13132.373716923965,Trending,Continuous,HoltWinters7,0.0756378101273198,24.5310315623492,32.60598284144361,-0.03335220418712702,298.9821917808219,50.84019407919101,0.0,0.2174518062255535,4424.962869077741,High
P01785,9521.786390220313,317.39287967401043,277.53890331194316,340.4141828094034,7960.397000954614,11083.175779486015,Stable,Continuous,HoltWinters7,0.047317677853358685,14.138974598057269,18.58055376385894,-0.02823900495364266,317.72328767123287,34.557721025189934,0.0,-0.0010399237639903136,3122.7787785314013,High
P01786,6409.632401680064,213.65441338933545,186.21997141489612,231.93271251104406,5062.570608664921,7756.6941946952065,Trending,Continuous,HoltWinters7,0.10640069470197318,21.385962743867594,27.347843382681532,-0.07997891023403912,167.68356164383562,31.705778374911734,0.0,0.2741524052497355,2694.123586030286,High
P01787,965.314349527216,32.177144984240535,28.146461851915525,34.58535018847852,793.415728072869,1137.212970981563,Stable,Continuous,HoltWinters7,0.04266824893644602,1.262763969810089,1.586485796841367,-0.01630834722149546,31.636986301369863,3.554166659644829,0.0,0.017073645312647434,343.7972429086941,High
P01788,13339.889868490707,444.6629956163569,376.2968348934586,484.9948409406766,10570.582728653704,16109.19700832771,Trending,Continuous,HoltWinters7,0.07656917176351298,30.193826354849232,37.94579906576855,-0.04412292137113038,364.9123287671233,62.19435430869351,0.0,0.21854747171375566,5538.614279674006,High
P01789,360.0,12.0,12.0,12.0,216.49701535526773,503.50298464473224,Seasonal,Continuous,Naive,0.1565997439699862,1.9444444444444444,2.357206819681615,0.00994017516508866,12.683561643835617,2.949483863551821,0.0,-0.05389350901825252,287.0059692894645,Medium
P01790,1868.4714896769217,62.282382989230726,54.434204943000665,66.77447301088694,1524.6517953438183,2212.2911840100255,Stable,Continuous,HoltWinters7,0.051691975853938955,3.043103682742641,3.8698819907056734,-0.022386498489491296,63.18219178082192,7.185831251323504,0.0,-0.014241493785347226,687.6393886662072,High
P01791,587.7596990254913,19.591989967516376,14.198878124408614,22.87903599082118,345.1614249046906,830.3579731462919,Seasonal,Continuous,HoltWinters7,0.1479556861698171,3.055024039074928,3.7238312668835962,-0.07177024749564809,20.86027397260274,4.93103994424044,0.0,-0.06079900996276899,485.1965482416013,High
P01792,7404.671297807223,246.8223765935741,209.11008617502273,268.8820883241528,5960.82616432415,8848.516431290294,Trending,Continuous,HoltWinters7,0.07590988897832528,17.117369328061887,21.17811344064243,-0.0484530656631125,205.34931506849315,35.24015053042152,0.0,0.2019634762903777,2887.690266966144,High
P01793,8030.987112609403,267.6995704203134,227.68617623175828,292.8367577371745,6349.501062708682,9712.473162510123,Trending,Continuous,HoltWinters7,0.07160320585097725,17.15525734378126,22.212963081687665,-0.041598450444712595,224.67123287671234,36.385172666528995,0.0,0.1915168977917736,3362.972099801441,High
P01794,14261.448793294718,475.38162644315724,402.31669042148906,527.4512840557072,11581.477313216616,16941.42027337282,Trending,Continuous,HoltWinters7,0.07614849823234529,31.606108241965956,40.34962150496238,-0.04477054337587918,380.52465753424656,64.81331274623923,0.0,0.24927942783937396,5359.942960156204,High
P01795,441.47586346818866,14.715862115606289,14.715862115606289,14.715862115606289,240.74447608460702,642.2072508517703,Volatile,Continuous,SES,0.22161623427397595,2.903864730807051,3.7602157308346786,-0.08840129451155825,13.813698630136987,3.709007871087579,0.0,0.06530933601671851,401.46277476716324,Medium
P01796,736.2871524978208,24.542905083260692,24.542905083260692,24.542905083260692,491.13744922530793,981.4368557703336,Stable,Continuous,SES,0.13673013248625754,3.948407088384927,4.829876130433118,-0.04977731876863654,25.9013698630137,4.481772049064565,0.0,-0.05244760361855805,490.2994065450257,High
P01797,0.0,0.0,0.0,0.0,0.0,4442.6031978246665,Intermittent,Intermittent,Naive,1.232965009208103,70.52222222222223,103.74109560258705,-0.10220994475138119,55.12739726027397,76.99795262144374,0.6561643835616439,-1.0,4442.6031978246665,Very Low
P01798,415.0,13.833333333333334,12.0,15.0,274.12885769798123,555.8711423020188,Stable,Continuous,SeasonalNaive7,0.14422406924016049,2.422222222222222,3.475046238022177,-0.09454573191884845,14.832876712328767,2.5476557876240156,0.0,-0.06738702130279517,281.7422846040376,High
P01799,430.47091125208544,14.349030375069514,14.349030375069514,14.349030375069514,200.34885656314097,660.5929659410298,Volatile,Continuous,SES,0.2045754206809034,3.2032828690531088,4.308460794008399,-0.11988830852149841,16.40958904109589,4.205054910382389,0.0,-0.12557040038394318,460.2441093778888,Medium
P01800,593.9416597429984,19.79805532476661,17.160915695478064,21.521943667553742,399.9340768679589,787.9492426180377,Stable,Continuous,HoltWinters7,0.12629231505378094,2.97424803701019,3.5489133696635515,-0.017132288210693663,20.894520547945206,3.537158827104645,0.0,-0.052476208806160995,388.01516575007884,High
P01801,9504.130399460302,316.80434664867676,269.2419648942627,340.64572892431215,7272.177690551192,11736.08310836941,Trending,Continuous,HoltWinters7,0.11288031465805272,35.40207871154481,45.23073661724802,-0.09272831455103482,263.45753424657534,51.79040252438063,0.0,0.20248732895288168,4463.905417818218,High
P01802,0.0,0.0,0.0,0.0,0.0,6016.023683551148,Intermittent,Intermittent,Naive,1.0,63.46666666666667,117.97336447607672,-1.0,69.02054794520548,104.21328959443899,0.6904109589041096,-1.0,6016.023683551148,Very Low
P01803,582.320537880284,19.410684596009464,14.352755451341572,22.61996839180587,369.6792201015632,794.9618556590046,Seasonal,Continuous,HoltWinters7,0.06845154460286589,1.2504576023662017,1.530878935551445,-0.019038968037703177,20.624657534246577,4.578106808920792,0.0,-0.05886027131463156,425.28263555744144,High
P01804,176.0,5.866666666666666,5.0,6.0,123.12160808031074,228.87839191968925,Stable,Continuous,SeasonalNaive7,0.04990093968533086,0.3,0.5432485002372163,-0.02293299940719229,6.331506849315068,1.0114402818316048,0.0,-0.07341699120150014,105.75678383937851,High
P01805,872.5197581526052,29.083991938420173,21.785388034139196,33.45159253305026,580.507083588985,1164.5324327162255,Seasonal,Continuous,HoltWinters7,0.06396742605990426,1.649996581618035,2.101593423393373,-0.024417331202238834,28.856164383561644,6.247512235776596,0.0,0.007895281986552316,584.0253491272405,High
P01806,1090.0,36.333333333333336,0.0,218.0,84.91466514320109,7120.512009140793,Intermittent,Intermittent,SeasonalNaive7,1.1467656809094011,83.26666666666667,132.2696181017611,-0.2620194796007157,77.01095890410959,104.41734552788733,0.6424657534246575,-0.5282056755250394,7035.597343997592,Very Low
P01807,16461.624661066868,548.7208220355623,460.93243597563225,602.7151954096407,13074.294701509336,19848.954620624398,Trending,Continuous,HoltWinters7,0.06983910463770496,35.17015282077761,45.37085695316824,-0.025535495027321654,463.43013698630136,79.38564634961469,0.0,0.1840421635155376,6774.659919115062,High
P01808,73.0,2.433333333333333,2.0,3.0,39.64490147957537,106.35509852042465,Seasonal,Continuous,SeasonalNaive7,0.16009014785024575,0.4222222222222222,0.7358032349756961,-0.14458627188125353,2.5712328767123287,0.6592133675360469,0.0,-0.05363168176167654,66.71019704084928,Medium
P01809,231.63010180810758,7.721003393603586,5.765413829813005,8.987909036752265,140.19161870340002,323.06858491281514,Seasonal,Continuous,HoltWinters7,0.1545703675302666,1.2038884890004165,1.558661644819302,-0.0907854649999245,7.863013698630137,1.8475139451679028,0.0,-0.018060544019056213,182.87696620941512,Medium
P01810,585.5238731343212,19.517462437810707,16.434489980272797,21.46546489925198,394.2231203852785,776.8246258833639,Trending,Continuous,HoltWinters7,0.1412338900189554,2.9874858168402807,3.905158001315472,-0.0661684674392914,18.126027397260273,3.5917153337964973,0.0,0.0767644785067878,382.6015054980854,High
P01811,13156.626039057252,438.5542013019084,381.18220833370134,471.1362612044571,10890.565717854222,15422.686360260283,Stable,Continuous,HoltWinters7,0.04379173646765805,18.258854914341022,21.807585923842698,-0.022361113517107543,447.33972602739726,49.62219054176789,0.0,-0.019639491452075553,4532.12064240606,High
P01812,13596.194186582145,453.2064728860715,381.36522573919734,501.6083251517813,11023.80126726632,16168.587105897972,Trending,Continuous,HoltWinters7,0.07699196498552806,30.078946444847485,39.724558621947494,-0.03826373194691357,352.5986301369863,63.123210006050485,0.0,0.28533248331111927,5144.785838631651,High
P01813,861.113401381115,28.703780046037163,25.251939901619053,30.514226383300475,639.8297643900737,1082.397038372156,Stable,Continuous,HoltWinters7,0.06031746805146032,1.6279710746811895,2.0919870246257846,-0.020352298169980357,28.442465753424656,4.234239487225153,0.0,0.009187469710886242,442.56727398208227,High
P01814,445.0,14.833333333333334,14.0,16.0,292.11870859816537,597.8812914018347,Stable,Continuous,SeasonalNaive7,0.13511429470222683,2.422222222222222,3.6290381415694477,-0.09326962608901067,15.845205479452055,2.7729608158276124,0.0,-0.0638598311287859,305.7625828036693,High
P01815,360.0,12.0,12.0,12.0,132.2895330478855,587.7104669521145,Volatile,Continuous,Naive,0.21888790222210894,3.3555555555555556,4.524704384720496,-0.03610633907441214,15.443835616438356,4.133273141117869,0.0,-0.22299095263437996,455.42093390422906,Medium
P01816,1857.3962209431056,61.91320736477019,53.34236312223627,66.87876808126884,1430.8489288621583,2283.943513024053,Trending,Continuous,HoltWinters7,0.10739547651191732,6.7657047324564985,9.031358493559122,-0.08603472370068571,51.6958904109589,10.170594779916962,0.0,0.19764273083582173,853.0945841618948,High
P01817,725.5061766831129,24.18353922277043,21.00405295976924,26.283320403194992,537.2023553870479,913.8099979791781,Stable,Continuous,HoltWinters7,0.07388545481211467,1.7380954259366526,2.156864685341494,-0.019391498890667967,24.827397260273973,3.6198378986651476,0.0,-0.025933368317015315,376.6076425921302,High
P01818,4512.14540999338,150.40484699977932,132.12884247652138,161.7218401420097,3776.5482302251644,5247.742589761594,Stable,Continuous,HoltWinters7,0.05762355738033781,8.064567305386626,9.473640715936213,-0.03677133198740154,148.61917808219178,15.830208983784795,0.0,0.01201506387419271,1471.1943595364296,High
P01819,11899.931689946783,396.6643896648928,339.075818666542,431.84961749723715,9439.984050184716,14359.87932970885,Trending,Continuous,HoltWinters7,0.07705868130582894,28.154314912668294,34.71742683167653,-0.04740394574451418,336.8712328767123,55.69530442845063,0.0,0.17749558570963964,4919.895279524135,High
P01820,807.26992430902,26.908997476967333,19.680107176500215,31.280377091835863,516.3167318676291,1098.2231167504108,Seasonal,Continuous,HoltWinters7,0.08259005014987521,2.075836281792599,2.5206221636295125,-0.02562558843408237,28.302739726027397,6.288240436898612,0.0,-0.04924407539876319,581.9063848827817,High
P01821,1108.8459071443567,36.96153023814522,31.389440901462294,40.485491896563055,753.0599842959584,1464.631829992755,Trending,Continuous,HoltWinters7,0.16038687015542347,6.329012895500782,7.570051762868314,-0.0463066466671219,33.534246575342465,6.750262285776126,0.0,0.1022024948466509,711.5718456967966,Medium
P01822,499.7221131672516,16.65740377224172,14.66696349003121,17.869094188910772,344.40411172057924,655.040114613924,Stable,Continuous,HoltWinters7,0.1336770035209678,2.5021145481610265,3.0600266476414375,0.03489208028412169,16.942465753424656,2.8462146212633592,0.0,-0.0168252948143226,310.6360028933447,High
P01823,6719.9274749164815,223.99758249721606,166.5555646649075,259.53101938317354,4766.597635398795,8673.257314434168,Seasonal,Continuous,HoltWinters7,0.07596667488073142,15.317145481423978,18.01602400193462,-0.057485240484692106,220.48356164383563,43.37149795699841,0.0,0.015937790677823527,3906.6596790353724,High
P01824,11921.50154011873,397.38338467062437,349.3742061987541,422.0382160822717,9990.607900777315,13852.395179460145,Stable,Continuous,HoltWinters7,0.04583426246019379,17.430675493834077,21.68199660803229,-0.0211442189383092,402.2150684931507,42.81864705146184,0.0,-0.012012687243736608,3861.78727868283,High
P01825,1910.3486421374068,63.6782880712469,48.268158274764446,72.52532473096328,1398.614331054248,2422.0829532205657,Seasonal,Continuous,HoltWinters7,0.07405871862739995,4.05959395669847,5.1311734612383,-0.06011440049956817,59.795890410958904,11.598246619722179,0.0,0.06492749975969003,1023.4686221663178,High
P01826,8161.051846360615,272.0350615453538,231.83299457502434,292.6230415959266,6463.427430358762,9858.676262362467,Trending,Continuous,HoltWinters7,0.07529486816083446,18.788427159877628,23.67370809039787,-0.04614741391607688,230.55753424657533,38.08275739650849,0.0,0.1799009840833019,3395.2488320037055,High
P01827,78.21428571428572,2.607142857142857,2.607142857142857,2.607142857142857,32.85361261105866,123.57495881751277,Volatile,Continuous,RollingMean28,0.26615236778736556,0.7365079365079362,0.9564772294258995,-0.056127073692252775,2.8972602739726026,0.8472456143687852,0.0,-0.10013508949679151,90.72134620645411,Medium
P01828,5170.416621941395,172.34722073137982,172.34722073137982,172.34722073137982,3017.4165891187263,7323.4166547640625,Volatile,Continuous,SES,0.18853507350033516,31.509779332391627,40.969882209500014,-0.06030522124120719,155.45890410958904,39.12158366951796,0.0,0.10863524812889169,4306.000065645336,Medium
P01829,4699.141712192371,156.63805707307904,132.25412467361798,170.6652363230141,3767.6490175217173,5630.634406863025,Trending,Continuous,HoltWinters7,0.07166345330988348,10.278357832897024,12.723581251469225,-0.03914909607445616,129.86986301369862,22.472193974750713,0.0,0.20611551778226578,1862.9853893413078,High
P01830,206.98148745992992,6.899382915330998,5.075070280930181,7.939335367728868,132.25869961099315,281.7042753088667,Seasonal,Continuous,HoltWinters7,0.07972007375876645,0.5092298062888981,0.6508970246186739,-0.05650446493175686,7.213698630136986,1.6332716095243407,0.0,-0.043572060730796,149.44557569787358,High
P01831,3900.749685255789,130.0249895085263,130.0249895085263,130.0249895085263,2316.54912290803,5484.950247603548,Volatile,Continuous,SES,0.18495386462031713,24.22846946229856,33.221746839361856,-0.0759569541535379,116.78493150684932,28.822840790419498,0.0,0.11337128712449052,3168.401124695518,Medium
P01832,6513.78876023152,217.12629200771735,188.06872865767863,235.17610853030538,5306.341465585298,7721.236054877743,Trending,Continuous,HoltWinters7,0.08180154867249716,15.634847176623758,19.575783689001284,-0.045732773284088736,174.21506849315068,27.867982775706455,0.0,0.24631177937546633,2414.8945892924457,High
P01833,6480.412545263956,216.01375150879855,168.57276414005204,244.9649945350384,4725.049367444478,8235.775723083434,Seasonal,Continuous,HoltWinters7,0.07106147052014748,13.159000817093371,15.971295531414919,-0.05138331250359551,203.66301369863012,39.61167993236697,0.0,0.06064300820199198,3510.726355638956,High
P01834,3026.1828181033134,100.87276060344378,85.37265996864835,110.67780953256602,2422.3012881141517,3630.064348092475,Trending,Continuous,HoltWinters7,0.07178754271100152,6.484825620289512,8.074386048961042,-0.04787328022007617,81.90958904109588,14.308478444140617,0.0,0.23151345018754332,1207.7630599783233,High
P01835,4057.850982715404,135.2616994238468,118.50809190293668,145.68198731939484,3148.901407561776,4966.800557869032,Stable,Continuous,HoltWinters7,0.08767172586123277,11.906297940936312,14.355573579415946,-0.03846852962351395,134.95479452054795,17.406994014759526,0.0,0.002274131159172077,1817.8991503072557,High
P01836,3466.494791389259,115.54982637964196,99.88427234417856,123.35136496957315,2878.1986202114535,4054.790962567064,Stable,Continuous,HoltWinters7,0.042899270438276994,4.741331482379308,5.915935723967396,-0.008097304995369687,117.06027397260274,12.672477979525999,0.0,-0.012903161266428431,1176.5923423556105,High
P01837,687.018855408995,22.90062851363317,18.985760173768544,25.33933682287627,460.27354910552265,913.7641617124673,Trending,Continuous,HoltWinters7,0.12921994743888784,3.2745474051973584,4.080322459196181,-0.053848900490532196,21.123287671232877,4.241169978210348,0.0,0.08414129798652481,453.49061260694464,High
P01838,603.8542381726174,20.128474605753915,15.40039406279304,22.939747768571536,394.2416174501874,813.4668588950475,Seasonal,Continuous,HoltWinters7,0.06547692647785014,1.1623142592964983,1.469088735261393,-0.03566490741060873,20.313698630136987,4.525671783750652,0.0,-0.00911818314111823,419.2252414448601,High
P01839,3690.0,123.0,123.0,123.0,1543.4413912732284,5836.558608726771,Volatile,Continuous,Naive,0.1996456974739482,38.06666666666667,50.658399493004595,-0.0773696900727175,168.53150684931506,39.041249603026245,0.0,-0.27016614104106385,4293.117217453542,Medium
P01840,673.6913731839653,22.45637910613218,19.74173583573048,24.21190059991285,459.5598696824153,887.8228766855153,Stable,Continuous,HoltWinters7,0.13487327915313027,3.4815019014149757,4.125507640137992,-0.06386413499922433,23.264383561643836,3.924523504335345,0.0,-0.03473139330645414,428.26300700310003,High
P01841,299.917551363069,9.9972517121023,9.9972517121023,9.9972517121023,145.5292159646637,454.30588676147426,Volatile,Continuous,SES,0.1670882356767546,1.8394711006697806,2.3284162875923538,-0.04921314663458268,11.63013698630137,2.8240921641925447,0.0,-0.14040120732218153,308.77667079681055,Medium
P01842,754.5735120884217,25.15245040294739,18.984821332816953,28.915078636392334,506.2308183317646,1002.9162058450787,Seasonal,Continuous,HoltWinters7,0.0757980571969174,1.6636699379688267,2.0336582114022046,-0.04222638963619474,24.28219178082192,5.298739205208702,0.0,0.03583937685612071,496.6853875133141,High
P01843,437.36846111118297,14.578948703706098,10.790346112415335,16.807217894858056,284.8798395646424,589.8570826577236,Seasonal,Continuous,HoltWinters7,0.09292347314572717,1.2093095884267322,1.471730176127384,-0.07647097903991489,14.687671232876712,3.2433934203883177,0.0,-0.007402298665785123,304.9772430930812,High
P01844,5005.671817042649,166.85572723475497,124.75919565932273,193.21053407360154,3576.011718590539,6435.331915494759,Seasonal,Continuous,HoltWinters7,0.06110412694127646,9.004864315854277,11.52186819236441,-0.023063632040538212,164.08219178082192,31.778318835356576,0.0,0.016903330116639914,2859.32019690422,High
P01845,8382.744271873737,279.4248090624579,242.79607862519194,306.2773062462924,6533.924768595101,10231.563775152372,Trending,Continuous,HoltWinters7,0.09757812449281682,26.104300288164083,33.11174344777003,-0.048969492825580614,219.84383561643835,43.189063374243354,0.0,0.27101498333558216,3697.6390065572705,High
P01846,77.0,2.566666666666667,2.0,3.0,35.5105263360846,118.48947366391539,Volatile,Continuous,SeasonalNaive7,0.2516431924882629,0.6777777777777777,0.9904066634100638,-0.1479394887845592,2.5726027397260274,0.7376342776501782,0.0,-0.0023074192403265137,82.97894732783078,Medium
P01847,595.31391327891,19.843797109297,17.267818225033864,21.509705232503702,398.663657885901,791.9641686719192,Stable,Continuous,HoltWinters7,0.13719438115771942,3.1724180159234847,3.789342167529194,-0.013597298242286017,20.745205479452054,3.6168725585091717,0.0,-0.04345140717202778,393.3005107860182,High
P01848,515.8391787274142,17.194639290913805,17.194639290913805,17.194639290913805,233.29869852153774,798.3796589332906,Volatile,Continuous,SES,0.21273798209224518,4.195818704882838,5.773012255910966,-0.09381942087800717,19.36027397260274,5.121332766727046,0.0,-0.111859712561588,565.0809604117528,Medium
P01849,3197.225341142329,106.57417803807763,106.57417803807763,106.57417803807763,1969.0664299693915,4425.384252315266,Volatile,Continuous,SES,0.1578158383502822,16.63665342586179,22.529122290880792,-0.03314904022505536,98.1917808219178,21.99061873447423,0.0,0.08536760557752054,2456.3178223458744,Medium
P01850,1360.7335645935918,45.35778548645306,39.613590555155646,48.88101138482975,1118.3558181337096,1603.111311053474,Stable,Continuous,HoltWinters7,0.04773977138373962,1.9890165663154156,2.4816814507165392,-0.0066747216003656155,44.654794520547945,5.083798227298379,0.0,0.015742788057878876,484.7554929197645,High
P01851,120.0,4.0,4.0,4.0,81.80412486950269,158.1958751304973,Stable,Continuous,Naive,0.08370055835031225,0.37777777777777777,0.5843798349618733,-0.07814500279475668,4.598630136986301,0.7327332282126998,0.0,-0.13017575215966637,76.39175026099463,High
P01852,7429.900242677766,247.6633414225922,217.20603549467856,264.96677602843914,5848.262920798869,9011.537564556662,Stable,Continuous,HoltWinters7,0.08111849762695694,19.651477187979967,24.65868676989363,-0.03970653139710203,239.2082191780822,30.34385361556281,0.0,0.035346286484476686,3163.2746437577925,High
P01853,6727.5,224.25,224.25,224.25,3986.2782302625924,9468.721769737407,Volatile,Continuous,RollingMean28,0.17759710387617544,38.59285714285715,50.220644680928366,-0.04711539027075753,202.85616438356163,48.45868373329607,0.0,0.10546307863726923,5482.443539474814,Medium
P01854,1926.3666654151893,64.21222218050632,54.62753667035126,70.21454040283335,1483.5478716245927,2369.1854592057857,Trending,Continuous,HoltWinters7,0.11228389914202037,6.959909284883216,9.220512750298967,-0.07410986157828943,52.70958904109589,9.923053265676849,0.0,0.218226576011477,885.637587581193,High
P01855,3120.8424851666564,104.02808283888855,91.12434553968221,112.37891492402083,2456.333954527819,3785.3510158054937,Stable,Continuous,HoltWinters7,0.08450312191007335,8.46891474213601,10.605231650067488,-0.04073516509096764,99.43287671232876,12.6337677026048,0.0,0.04621415248654892,1329.0170612776747,High
P01856,533.4367353556934,17.781224511856447,15.437419109562043,19.251188864180772,391.84691600025536,675.0265547111314,Stable,Continuous,HoltWinters7,0.05759555816066727,1.023577293803274,1.2892335004268674,0.013357529736175192,18.834246575342465,2.7871308795857153,0.0,-0.05590996482251753,283.1796387108761,High
P01857,12929.729653613744,430.99098845379143,378.03857946710565,462.53717217791615,10853.224366766495,15006.234940460992,Stable,Continuous,HoltWinters7,0.050576668515518675,20.492333048657322,25.322270787505644,-0.029801176812672667,427.6657534246575,44.57327691412952,0.0,0.0077753128523996295,4153.010573694497,High
P01858,1314.3567526058873,43.81189175352958,37.043213554219285,47.59317599298207,1024.1606852132245,1604.5528199985504,Trending,Continuous,HoltWinters7,0.0818506663472045,3.3347114544129126,4.029879032513421,-0.0429524905638197,39.04246575342466,6.342713820051947,0.0,0.12215995860063122,580.3921347853259,High
P01859,3251.5368126174453,108.38456042058151,92.97187157197365,117.94429840336544,2524.6081474865978,3978.465477748293,Trending,Continuous,HoltWinters7,0.10003045994792181,10.408298252276948,14.13380888542776,-0.07410647525967666,87.15616438356165,16.576968390374187,0.0,0.2435673504813356,1453.857330261695,High
P01860,13200.0,440.0,440.0,440.0,592.1255640512641,25807.874435948735,Intermittent,Intermittent,Naive,1.230530649072351,196.9,294.82620772625097,-0.1033666046354255,153.23424657534247,218.0976956806939,0.6657534246575343,1.8714207811480317,25215.74887189747,Very Low
P01861,1659.5458587311798,55.31819529103932,46.82045702139463,60.725362431016684,1349.4398354987534,1969.6518819636062,Trending,Continuous,HoltWinters7,0.07144603400116493,3.5371199952683496,4.545095242643261,-0.051943602211611005,43.556164383561644,7.656747677278983,0.0,0.27004285326640787,620.2120464648528,High
P01862,2910.0,97.0,97.0,97.0,0.0,6406.84293708955,Intermittent,Intermittent,Naive,1.0,48.98888888888889,79.04494215946073,-1.0,43.81095890410959,60.98581894943969,0.6547945205479452,1.2140579075730096,6406.84293708955,Very Low
P01863,838.4147125179888,27.94715708393296,20.647452001554925,32.56357153617592,505.2224022837315,1171.6070227522462,Seasonal,Continuous,HoltWinters7,0.14822110859930807,4.342515108590654,5.16584530905329,-0.06389044018672063,29.197260273972603,6.800467437390372,0.0,-0.042815770326027014,666.3846204685146,High
P01864,6004.621337838918,200.15404459463062,149.54560903180436,230.30512271010048,4245.953966108029,7763.288709569808,Seasonal,Continuous,HoltWinters7,0.07598283749818938,13.74098287635046,16.557834385518635,-0.05304377504450361,199.86712328767123,39.667792475618775,0.0,0.001435560297460281,3517.334743461779,High
P01865,2750.3046356204263,91.67682118734754,91.67682118734754,91.67682118734754,1607.5030936955634,3893.1061775452895,Volatile,Continuous,SES,0.16969212096575612,16.17089526246828,20.801856673062343,-0.04953577279411837,86.92054794520548,20.53647401896058,0.0,0.05471977978257114,2285.6030838497263,Medium
P01866,960.0,32.0,32.0,32.0,540.4445737850931,1379.555426214907,Volatile,Continuous,Naive,0.20432988750358397,7.144444444444445,9.415045215533459,-0.05373883260329513,30.656164383561645,7.614574976432132,0.0,0.04383573886232628,839.1108524298138,Medium
P01867,64.0,2.1333333333333333,2.0,3.0,20.81017647743507,107.18982352256494,Volatile,Continuous,SeasonalNaive7,0.206588509529686,0.5333333333333333,0.8408547744394387,-0.09649664061428768,2.6945205479452055,0.8172338520811248,0.0,-0.20826978478224034,86.37964704512987,Medium
P01868,230.2393192851585,7.67464397617195,7.67464397617195,7.67464397617195,89.33348356894793,371.1451550013691,Volatile,Continuous,SES,0.21881192865216972,1.9474455663223857,2.530297697169616,-0.06026454384720395,8.919178082191781,2.496700568113168,0.0,-0.13953461793802435,281.8116714324212,Medium
P01869,781.9897958355258,26.06632652785086,22.683902430808928,28.21320963389574,529.062895494325,1034.9166961767264,Stable,Continuous,HoltWinters7,0.13740946140413993,4.152715610666305,4.781204029849532,0.012563126436201291,27.23835616438356,4.618880265526102,0.0,-0.043028647891212635,505.85380068240147,High
P01870,10938.043973186828,364.6014657728943,306.721336537388,402.10449187685236,8806.086597425881,13070.001348947773,Trending,Continuous,HoltWinters7,0.0829822877346677,25.932201266348923,31.830923221581717,-0.031227201137689772,284.241095890411,51.63249324014686,0.0,0.28271904043553997,4263.914751521892,High
P01871,5844.088274510287,194.80294248367625,170.95534148585466,208.85749857135346,4602.807201144394,7085.369347876181,Stable,Continuous,HoltWinters7,0.08049383534891923,15.31132307996745,19.08287547521807,-0.04153877716406005,189.04931506849314,23.75573642823237,0.0,0.030434531926754493,2482.562146731787,High
P01872,726.1907182782833,24.206357275942775,24.206357275942775,24.206357275942775,306.29554278883035,1146.0858937677363,Volatile,Continuous,SES,0.25348559010270805,7.126661853264192,9.225617124090673,-0.07440631327526262,28.005479452054793,7.4369759922785885,0.0,-0.13565638762286114,839.790350978906,Medium
P01873,4104.278105110689,136.80927017035629,101.42841573030938,157.63226922338384,2902.637566013684,5305.9186442076925,Seasonal,Continuous,HoltWinters7,0.05083498924801694,6.323365626871094,7.8211084524114485,-0.023900983113389354,139.12328767123287,26.86323906975948,0.0,-0.01663285521504443,2403.2810781940084,High
P01874,2799.566570752984,93.31888569176613,81.42638155435435,100.53963896128198,2230.754162547288,3368.3789789586795,Trending,Continuous,HoltWinters7,0.10464871358369582,8.755144774145668,10.89863978055809,-0.08893626904028214,72.81232876712329,13.68323240922044,0.0,0.2816357788833983,1137.6248164113913,High
P01875,8335.671989632136,277.85573298773784,241.50141298954105,297.6357198304691,6934.6256704731095,9736.71830879116,Stable,Continuous,HoltWinters7,0.05077961056922423,13.248972897815989,16.508454348051405,-0.039401746914764606,276.4,30.031149808952314,0.0,0.0052667618948547545,2802.0926383180504,High
P01876,8399.95791860889,279.998597286963,244.75728665838494,300.8385106716548,6930.946070354767,9868.969766863016,Stable,Continuous,HoltWinters7,0.05090617958954308,13.156691993272611,15.466868165230364,-0.012629408971284966,276.8013698630137,31.17951471781748,0.0,0.011550619946467666,2938.0236965082495,High
P01877,8049.0,268.3,193.0,316.0,5813.317284661117,10284.682715338884,Seasonal,Continuous,SeasonalNaive7,0.06613091685399552,15.255555555555555,19.41649512946402,-0.015611631335181703,255.8986301369863,49.80037652016555,0.0,0.04846204083380634,4471.365430677767,High
P01878,1185.10015653622,39.503338551207335,34.27486779715942,42.710056596177516,972.3869706752737,1397.8133423971665,Stable,Continuous,HoltWinters7,0.04545516967892616,1.6588581890762224,2.052814461841213,-0.02386781701894079,38.795890410958904,4.522552490629354,0.0,0.018235130905736252,425.4263717218928,High
P01879,615.6504234581032,20.521680781936773,17.60988998538001,22.329750450000798,450.340303858041,780.9605430581654,Stable,Continuous,HoltWinters7,0.06280439716361332,1.2921569944421372,1.594151475765263,-0.00866207778368726,21.69041095890411,3.19465278477071,0.0,-0.05388234363939348,330.6202392001244,High
P01880,5409.582355474973,180.31941184916576,156.83034094127584,196.50780678547298,4420.389132841551,6398.775578108395,Stable,Continuous,HoltWinters7,0.04561046866825116,7.790466945019003,9.852116831347848,-0.024329165087651632,182.36164383561643,20.926369252183576,0.0,-0.011198802245342643,1978.386445266844,High
P01881,13904.475209800374,463.4825069933458,403.0197008401054,498.7062018005666,11578.454606785277,16230.49581281547,Stable,Continuous,HoltWinters7,0.04826884929265726,21.004609670112696,26.358753092332993,-0.027437740400206276,462.3835616438356,51.063351313633895,0.0,0.0023766964067737373,4652.041206030193,High
P01882,1350.0,45.0,45.0,45.0,1080.2256836698427,1619.7743163301573,Stable,Continuous,Naive,0.0867826330030312,3.5888888888888886,4.230254599767305,-0.0021409336477829634,40.85753424657534,5.135099845912928,0.0,0.10138805069402546,539.5486326603145,High
P01883,5643.847647805168,188.12825492683893,140.09617210018905,216.84286517190554,4086.321030769092,7201.374264841244,Seasonal,Continuous,HoltWinters7,0.06390625810731534,10.425519893702974,12.658054317732079,-0.02464253013732806,179.0095890410959,35.09987577850201,0.0,0.05093953868387269,3115.0532340721525,High
P01884,3748.0,124.93333333333334,0.0,501.0,394.5200396230234,16323.549851413663,Intermittent,Intermittent,SeasonalNaive7,1.3351796368316247,178.88888888888889,278.83523689341655,-0.07593708640799912,147.0849315068493,217.82773656698666,0.6821917808219178,-0.15060413018912433,15929.02981179064,Very Low
P01885,364.7882130112713,12.15960710037571,12.15960710037571,12.15960710037571,159.3314644837633,570.2449615387793,Volatile,Continuous,SES,0.2608820458043908,3.543713496757062,4.565450301556001,0.016278094413455724,13.39041095890411,3.7099452735033744,0.0,-0.09191680989521545,410.913497055016,Medium
P01886,4717.026272660369,157.23420908867897,137.96788507607462,169.9064656307191,3854.7999962246577,5579.25254909608,Stable,Continuous,HoltWinters7,0.047549959419259186,6.939383509487949,8.51483699896451,-0.021932262813607006,156.44794520547944,18.123358803433238,0.0,0.005025722019978307,1724.452552871422,High
P01887,107.0,3.566666666666667,3.0,4.0,58.88517561708788,155.1148243829121,Seasonal,Continuous,SeasonalNaive7,0.1578388030720688,0.6333333333333333,0.9677150836413507,-0.09670255370052529,3.8958904109589043,0.9855524734685873,0.0,-0.08450539146741676,96.22964876582422,Medium
P01888,294.1576218504925,9.805254061683083,7.199806739424648,11.39111821838126,177.4379528523642,410.87729084862076,Seasonal,Continuous,HoltWinters7,0.15563134273720072,1.5943550801256345,1.921879196757529,-0.0628010953529457,10.036986301369863,2.350612496388913,0.0,-0.02308783062253983,233.43933799625657,Medium
P01889,8554.378495414325,285.14594984714415,237.39647704487876,313.6734183331734,6865.42135818735,10243.335632641298,Trending,Continuous,HoltWinters7,0.07664043148567813,19.407356308216226,23.39699369368398,-0.044709250457104076,229.52602739726026,40.558379835355026,0.0,0.24232512138424167,3377.9142744539477,High
P01890,7536.169794495664,251.20565981652214,219.91359408208655,271.3270300746289,5902.077156755785,9170.262432235544,Stable,Continuous,HoltWinters7,0.08073036042475916,20.225188692783444,24.283730617589498,-0.024906489054369065,246.96164383561643,31.246068087947467,0.0,0.017184919548602684,3268.185275479759,High
P01891,278.0,9.266666666666667,6.0,11.0,163.93792499329874,392.06207500670126,Seasonal,Continuous,SeasonalNaive7,0.15982281262945527,1.611111111111111,2.3288432156105188,-0.1204707392377627,9.935616438356165,2.320651596153714,0.0,-0.06732846178592766,228.12415001340253,Medium
P01892,466.0714285714286,15.535714285714286,15.535714285714286,15.535714285714286,249.67549790200115,682.467359240856,Volatile,Continuous,RollingMean28,0.18397708837989354,2.7238095238095235,3.442037798831207,-0.040932905990771574,15.58904109589041,3.968793275908424,0.0,-0.0034207883504895342,432.79186133885486,Medium
P01893,5114.577552105612,170.4859184035204,147.90913271202626,184.14511978083866,3964.677429899463,6264.477674311762,Stable,Continuous,HoltWinters7,0.09036270936183677,15.801188749847745,18.597891404460917,-0.045525678096505796,176.42876712328768,22.007256437968127,0.0,-0.03368412542164645,2299.800244412299,High
P01894,240.0,8.0,8.0,8.0,156.12159129460855,323.87840870539145,Trending,Continuous,Naive,0.162549713754533,1.5222222222222221,1.8250703677010425,0.034209603486711926,7.779452054794521,1.5841688420729259,0.0,0.028350061630568746,167.7568174107829,Medium
P01895,4670.760278191844,155.69200927306147,135.94506858637072,168.41777529580554,3825.4247397220797,5516.095816661609,Stable,Continuous,HoltWinters7,0.04778020044434691,7.042690815836754,8.716912009808,-0.018488180926989842,158.35342465753425,17.87998461156159,0.0,-0.016806806611404435,1690.6710769395295,High
P01896,18102.434758091207,603.4144919363736,510.42556212822205,668.128054751441,14738.333477678561,21466.536038503848,Trending,Continuous,HoltWinters7,0.0820535862627601,42.921537510599485,55.97883183839058,-0.062420566555481755,474.73424657534247,83.723649244686,0.0,0.2710574311613496,6728.202560825286,High
P01897,8245.206309414354,274.8402103138118,239.54665521506664,296.526822529266,6771.680889279062,9718.731729549645,Stable,Continuous,HoltWinters7,0.044834047628435875,11.155208971389195,13.8089258827614,0.000893654372057758,266.5383561643836,30.4103040535634,0.0,0.031146939858472722,2947.0508402705827,High
P01898,555.7214123922989,18.524047079743298,18.524047079743298,18.524047079743298,244.45905284597185,866.983771938626,Volatile,Continuous,SES,0.21794429415026864,4.404202105343393,5.980880197798489,-0.07567143391303054,19.77123287671233,5.646757071005009,0.0,-0.06308083085896155,622.5247190926541,Medium
P01899,626.4284138061004,20.880947126870012,18.113916090334154,22.537850476011272,461.31692570057965,791.5399019116211,Stable,Continuous,HoltWinters7,0.06170755188155295,1.2422406939897719,1.5569118507902384,0.0006382851260533043,21.126027397260273,3.1575905191720963,0.0,-0.011600868719030655,330.22297621104144,High
P01900,2703.4533255903702,90.11511085301234,78.29937717669273,96.52938260641312,2263.225788023015,3143.680863157726,Stable,Continuous,HoltWinters7,0.05813685737090945,4.978677686922761,6.082551856654125,-0.03453070072274134,90.82054794520548,9.622895920647721,0.0,-0.007767373222838825,880.455075134711,High
P01901,8872.2831616782,295.74277205594,259.2836136356825,319.09655838345395,7314.491142924863,10430.075180431537,Stable,Continuous,HoltWinters7,0.05273518881684586,14.201594895186247,17.567955935414577,-0.013294853652568448,288.44109589041096,32.38964523021116,0.0,0.025314271334980765,3115.5840375066737,High
P01902,213.90328213752946,7.130109404584315,5.9674007890934355,7.876693796596045,141.06317110767756,286.7433931673813,Trending,Continuous,HoltWinters7,0.17117271665038633,1.3188002795389029,1.7028156173255005,-0.10095307320834017,6.523287671232877,1.3395452566580843,0.0,0.09302391124455056,145.68022205970377,Medium
P01903,19972.15663723445,665.7385545744817,564.1612367972646,733.2757182385488,16437.486619877982,23506.826654590914,Trending,Continuous,HoltWinters7,0.08852097773457801,49.72775928716809,60.03883308537581,-0.01524934141820092,500.1808219178082,88.19413779673995,0.0,0.3309957627361382,7069.340034712932,High
P01904,219.12560796898498,7.3041869322994994,7.3041869322994994,7.3041869322994994,88.99815129622615,349.25306464174383,Volatile,Continuous,SES,0.18688961379134086,1.5849633255091344,2.0735443179230213,-0.043349833407846795,8.98082191780822,2.414443139668114,0.0,-0.1866905947866634,260.2549133455177,Medium
P01905,5760.0,192.0,0.0,562.0,436.26544471590046,19348.00916463075,Intermittent,Intermittent,SeasonalNaive7,1.2629980543005577,226.20000000000002,329.3446986610397,-0.5083035314648193,177.5041095890411,235.16838810729027,0.6315068493150685,0.08166509747024953,18911.743719914848,Very Low
P01906,656.1519086706481,21.871730289021606,21.871730289021606,21.871730289021606,445.78171697025914,866.5221003710373,Stable,Continuous,SES,0.14037671856920234,3.5178300632005644,4.401948976948472,-0.04890301896700782,22.665753424657535,3.8376597227505727,0.0,-0.03503184389062175,420.7403834007781,High
P01907,9582.893592011862,319.4297864003954,278.99666738475446,347.2675918996593,7521.303867937766,11644.483316085958,Trending,Continuous,HoltWinters7,0.09887455877065386,29.669205304893026,38.81505446541518,-0.03576765936146827,253.4054794520548,48.46760090577318,0.0,0.26054806348744575,4123.179448148192,High
P01908,248.72340515726518,8.290780171908839,6.165996709485135,9.569552331356679,159.59858991916394,337.8482203953664,Seasonal,Continuous,HoltWinters7,0.08423648249109589,0.6253444885410532,0.7854611111465771,-0.04688604042816135,8.35890410958904,1.8906916318531413,0.0,-0.008149864717559407,178.24963047620247,High
P01909,435.933923484395,14.531130782813166,10.834009773720972,16.683951001357805,282.80805257471786,589.0597943940721,Seasonal,Continuous,HoltWinters7,0.08368487189537704,1.113428190913811,1.4705702139442602,-0.07143697815936868,14.719178082191782,3.2976342492412054,0.0,-0.012775665755829557,306.25174181935427,High
P01910,569.5004598932718,18.98334866310906,16.26165152705942,20.66586359769224,383.6633903137741,755.3375294727695,Stable,Continuous,HoltWinters7,0.1251317791544997,2.7584106253170972,3.398940518386618,0.001202527617495136,19.756164383561643,3.3523321244365776,0.0,-0.03911770045280727,371.6741391589954,High
P01911,668.2863583968792,22.27621194656264,22.27621194656264,22.27621194656264,320.240843115087,1016.3318736786715,Volatile,Continuous,SES,0.16693883547051935,3.685725415342978,4.904252977341792,-0.04179803284487943,23.846575342465755,6.174288076270323,0.0,-0.06585278486955848,696.0910305635846,Medium
P01912,1770.1572331745765,59.005241105819216,50.32946483490672,64.32206665582756,1382.2532050940854,2158.0612612550676,Trending,Continuous,HoltWinters7,0.1151866643724046,6.2904502630033114,7.724243511854067,-0.0941636239736428,46.034246575342465,8.961902587689925,0.0,0.28176836801809335,775.8080561609822,High
P01913,7578.9654512224215,252.63218170741405,220.72944912849547,271.2632563748666,5896.091546300114,9261.83935614473,Stable,Continuous,HoltWinters7,0.0800086731119322,20.719072944544,27.292474020610914,-0.046682886956477015,251.63287671232877,31.731244764734402,0.0,0.00397128152784143,3365.7478098446163,High
P01914,793.8945563782603,26.463151879275344,19.400353060404484,31.199335924844743,507.4501034303612,1080.3390093261594,Seasonal,Continuous,HoltWinters7,0.08893945735295389,2.2241939379331996,2.698545354214111,-0.060744015896592986,27.73835616438356,6.114704446072764,0.0,-0.04597259756674399,572.8889058957982,High
P01915,303.64018281476666,10.121339427158889,7.602237762021978,11.594712054004374,202.94397424954286,404.33639137999046,Seasonal,Continuous,HoltWinters7,0.10096301930904696,0.9095641783815901,1.115864565063944,-0.08617715177700358,9.93013698630137,2.1434933560002567,0.0,0.019254763667538644,201.3924171304476,High
P01916,4710.1967331172345,157.0065577705745,157.0065577705745,157.0065577705745,0.0,17036.93487550387,Intermittent,Intermittent,Croston,1.2797955293453214,206.89077957367033,212.3595255947001,0.10922016531131319,165.9931506849315,213.15756315324248,0.6164383561643836,-0.054138335692020756,17036.93487550387,Very Low
P01917,6773.133329733054,225.7711109911018,195.85144509049982,246.5934638418062,5318.5778224757005,8227.688836990408,Trending,Continuous,HoltWinters7,0.10346540207051097,21.60339546885355,27.49332802361896,-0.08105664924439239,176.8876712328767,33.50005198368499,0.0,0.27635300650133465,2909.1110145147077,High
P01918,6545.689099557604,218.18963665192013,185.02216173426507,237.8964651672925,5168.6996365644745,7922.678562550733,Trending,Continuous,HoltWinters7,0.07269247391428013,14.33880462181277,19.36902680355112,-0.02876687571214226,184.8178082191781,31.36879108563825,0.0,0.18056608697126153,2753.978925986258,High
P01919,328.20397436830973,10.940132478943658,9.567741978543065,11.894874454361869,240.46195345960572,415.94599527701376,Stable,Continuous,HoltWinters7,0.08159603244469678,0.856838962710281,1.0550911602144277,-0.0667016369672159,11.005479452054795,1.6923851409427022,0.0,-0.005937676172657391,175.48404181740804,High
P01920,559.7723742102158,18.659079140340527,16.314486924674984,20.17034590218783,418.39027591927083,701.1544725011607,Stable,Continuous,HoltWinters7,0.05887071027356431,1.0432654338507568,1.2680028200584388,-0.018122030614278913,18.65753424657534,2.743337998996936,0.0,8.280267610749625e-05,282.7641965818899,High
P01921,0.0,0.0,0.0,0.0,0.0,10671.23237374729,Intermittent,Intermittent,Naive,1.0,137.37777777777777,223.8962474152339,-1.0,136.67808219178082,184.67713029630613,0.6410958904109589,-1.0,10671.23237374729,Very Low
P01922,328.4910198242289,10.949700660807629,10.949700660807629,10.949700660807629,133.10030818313376,523.881731465324,Volatile,Continuous,SES,0.23152006387898974,2.86549569469199,3.7859714004550526,-0.05538223967599922,12.861643835616439,3.4836529924796906,0.0,-0.14865465093305263,390.7814232821903,Medium
P01923,5921.936678873946,197.3978892957982,171.96224800041418,211.81393282811536,4829.748196805244,7014.125160942647,Stable,Continuous,HoltWinters7,0.042750659674117564,7.905898730293091,9.77794651877013,0.001922016576223114,199.06849315068493,22.758545790657188,0.0,-0.008392105794572835,2184.376964137403,High
P01924,638.3202927063328,21.277343090211094,18.74136068785396,23.042837006989775,465.8105590534992,810.8300263591663,Stable,Continuous,HoltWinters7,0.06854263660200514,1.4134268377429053,1.7139173885368155,-0.0162500250552368,21.910958904109588,3.3405708113074875,0.0,-0.028917758308590225,345.01946730566704,High
P01925,3636.428571428571,121.21428571428571,121.21428571428571,121.21428571428571,0.0,14273.24587516203,Intermittent,Intermittent,RollingMean28,1.3611838294395593,164.74920634920633,180.66390751950303,-0.03295329173547167,134.45342465753424,184.6092113842074,0.647945205479452,-0.0984663572309139,14273.24587516203,Very Low
P01926,125.09140334962986,4.169713444987662,3.4295989421919497,4.690934406774479,78.02570968659506,172.15709701266465,Trending,Continuous,HoltWinters7,0.15664298835503548,0.7319399521601267,0.9775972379707215,-0.07581573627169173,4.019178082191781,0.8652184059842521,0.0,0.0374542654536445,94.13138732606959,Medium
P01927,8221.923541818851,274.06411806062835,205.85696368402546,314.58110233677417,5798.042052268842,10645.80503136886,Seasonal,Continuous,HoltWinters7,0.06651647662629945,16.671379850648567,20.39979349039348,-0.042443592739598635,273.2246575342466,54.34204474792962,0.0,0.0030724186241373186,4847.762979100018,High
P01928,4435.013362055862,147.83377873519538,127.70458453352313,158.4220320190237,3617.309385535541,5252.717338576183,Stable,Continuous,HoltWinters7,0.05759173765941028,7.965099191204079,9.874513545495827,-0.04472005459497441,149.8958904109589,17.600820207507372,0.0,-0.013756959381007627,1635.4079530406416,High
P01929,3101.0118962152433,103.36706320717478,78.19389264282366,118.70382576327202,2246.947551505887,3955.0762409246,Seasonal,Continuous,HoltWinters7,0.06756607018697292,6.0990623972943325,7.226707850266226,-0.04045400293062305,98.57534246575342,19.15679137846998,0.0,0.04860972958918275,1708.1286894187128,High
P01930,332.4225532415302,11.080751774717672,11.080751774717672,11.080751774717672,223.3675167792047,441.47758970385564,Trending,Continuous,SES,0.17001284509349843,2.0113959688671197,2.629391281851548,-0.11765142455687427,10.127397260273973,2.0296674958601115,0.0,0.0941361822729474,218.11007292465095,Medium
P01931,5016.562604947989,167.2187534982663,128.09813296304822,190.5442914471483,3612.1538626425922,6420.971347253385,Seasonal,Continuous,HoltWinters7,0.0795448493856598,11.72234625767022,13.743214087981785,-0.05269759271419878,162.4054794520548,31.861970358400693,0.0,0.02963738700474372,2808.8174846107927,High
P01932,8363.081826042411,278.7693942014137,243.5774708007328,301.949552320645,6881.60134643964,9844.562305645184,Stable,Continuous,HoltWinters7,0.05042497883451591,12.868996371211976,16.516278405786974,-0.00964756293796314,272.3068493150685,31.017214251261763,0.0,0.0237325829394317,2962.960959205544,High
P01933,3753.8637543369314,125.12879181123104,108.40290259425157,135.64182008771778,3054.9533214730172,4452.7741872008455,Stable,Continuous,HoltWinters7,0.041850620895603284,4.947732556563158,6.6747824943913585,-0.008484580746072437,127.37945205479453,14.523992344008212,0.0,-0.0176689427317942,1397.8208657278283,High
P01934,7322.6077297089105,244.08692432363034,183.29464432776655,281.1282150728325,5195.2548815210475,9449.960577896773,Seasonal,Continuous,HoltWinters7,0.07120882824781727,15.39209991039541,18.491230940205792,-0.05029041002818196,241.6027397260274,47.874962807444504,0.0,0.010282104418269267,4254.705696375725,High
P01935,3221.191195074301,107.37303983581003,89.94502133452187,117.7459981237933,2552.5597556811726,3889.82263446743,Trending,Continuous,HoltWinters7,0.06925138188608723,7.029944960400528,9.094241409604408,-0.04652112920164436,93.91369863013699,15.662137643832228,0.0,0.14331605933954705,1337.2628787862573,High
P01936,4646.785714285714,154.89285714285714,154.89285714285714,154.89285714285714,2767.460035260793,6526.111393310635,Volatile,Continuous,RollingMean28,0.18188370176545612,27.692063492063486,36.98193258331153,-0.024856448541553777,143.43698630136987,33.719727598454014,0.0,0.07986692370556203,3758.651358049842,Medium
P01937,854.2284893518082,28.474282978393607,20.857910434980507,33.23661508707572,542.0973033299051,1166.3596753737113,Seasonal,Continuous,HoltWinters7,0.07205125311142267,1.8950895719544318,2.3443205744540108,-0.038196880352521285,30.18082191780822,6.7780946603569205,0.0,-0.056543819252572125,624.2623720438062,High
P01938,8960.794924689977,298.69316415633256,252.9669463577975,328.302283148448,6782.148431969265,11139.44141741069,Trending,Continuous,HoltWinters7,0.11874716768174882,36.753106488372666,48.022100122347176,-0.09199368713565564,253.38082191780822,49.554145629985015,0.0,0.17883098608474302,4357.292985441424,High
P01939,2460.1051983691405,82.00350661230468,60.76483580632602,95.22861695099753,1727.876912997604,3192.3334837406774,Seasonal,Continuous,HoltWinters7,0.06603317767531913,4.8065545267798315,5.987858214289422,-0.011979643359576587,82.06575342465753,16.544193791085885,0.0,-0.0007584992491417308,1464.4565707430734,High
P01940,582.752678161472,19.425089272049068,16.118168921874584,21.43061583522862,386.88629794279154,778.6190583801524,Trending,Continuous,HoltWinters7,0.14702027649041338,3.2765289241907705,4.308152117028317,-0.08861615215910985,18.62876712328767,3.6937636781882923,0.0,0.04274690555157146,391.73276043736087,High
P01941,215.7616496896805,7.192054989656016,7.192054989656016,7.192054989656016,94.58813763723118,336.93516174212976,Volatile,Continuous,SES,0.23174745644520547,1.7804281853717183,2.3133588470082636,-0.06252790465265994,8.213698630136987,2.254902603810865,0.0,-0.12438289819064519,242.3470241048986,Medium
P01942,384.0151324319708,12.800504414399027,11.039549976476502,13.875444359167686,277.6443136982579,490.38595116568376,Stable,Continuous,HoltWinters7,0.06947525447739356,0.9067022762278643,1.1551373010141615,-0.035020077773442695,13.697260273972603,2.0561709190843707,0.0,-0.06546972472134316,212.74163746742585,High
P01943,13440.0,448.0,448.0,448.0,1863.6069517631104,25016.393048236892,Intermittent,Intermittent,Naive,1.0,173.18888888888887,267.22605792215967,-1.0,151.08904109589042,201.00000072452815,0.6342465753424658,1.9651389455551018,23152.78609647378,Very Low
P01944,18034.125111773315,601.1375037257772,507.03364991507806,657.6169585281845,14548.88700118197,21519.363222364664,Trending,Continuous,HoltWinters7,0.07305943469112286,39.28101454840755,48.31872101372378,-0.038176339830282,490.7178082191781,82.8869018767989,0.0,0.22501668710029854,6970.476221182693,High
P01945,4175.3498302294865,139.17832767431622,122.07961265695683,148.87068280339392,3486.4869678769696,4864.212692582004,Stable,Continuous,HoltWinters7,0.04573420539359716,5.991406837367546,7.321763471422865,-0.02427904118184646,139.24794520547945,14.907309496702078,0.0,-0.000499953741224024,1377.7257247050343,High
P01946,9178.612090422861,305.9537363474287,233.1488194440185,349.7012847812556,6608.198037461485,11749.026143384235,Seasonal,Continuous,HoltWinters7,0.06851556246666456,17.56425252849624,22.718122235613592,-0.046306169994274116,288.06849315068496,58.291102589274644,0.0,0.06208677318761202,5140.82810592275,High
P01947,564.9253050606577,18.830843502021924,16.455460433558404,20.410547172129625,418.879132618663,710.9714775026524,Stable,Continuous,HoltWinters7,0.060644901705613756,1.1033906394447799,1.3003718975708283,-0.013138465496282642,19.06027397260274,2.839402346648485,0.0,-0.012037102452493564,292.0923448839894,High
P01948,370.0,12.333333333333334,10.0,14.0,247.95069844097404,492.049301559026,Stable,Continuous,SeasonalNaive7,0.15047938376650868,2.1555555555555554,3.2308230644876716,-0.09154090240693445,12.932876712328767,2.226449978029949,0.0,-0.046358083536348516,244.09860311805195,Medium
P01949,475.0,15.833333333333334,14.0,18.0,350.0233413884183,599.9766586115817,Stable,Continuous,SeasonalNaive7,0.06478787081908911,1.0,1.3692266418262184,-0.02254029076975093,16.31917808219178,2.4636260613501535,0.0,-0.02977139819245067,249.95331722316337,High
P01950,582.4032233449299,19.41344077816433,14.448416679428625,22.38699016271823,383.48382891541036,781.3226177744494,Seasonal,Continuous,HoltWinters7,0.08275782418781152,1.4726362424689565,1.8484467472687938,-0.0341390093013369,19.60821917808219,4.252643926243732,0.0,-0.009933507890180215,397.8387888590391,High
P01951,531.017485014138,17.7005828338046,13.237804353025851,20.42891454622357,330.4813339907668,731.553636037509,Seasonal,Continuous,HoltWinters7,0.146193805050536,2.5708941721336056,3.1858559789476106,-0.0734714810053984,17.636986301369863,4.105067524722114,0.0,0.0036058616448433334,401.0723020467422,High
P01952,442.6599509821068,14.75533169940356,10.851820917529942,17.144236974603835,263.3566265205789,621.9632754436346,Seasonal,Continuous,HoltWinters7,0.13845561453813304,2.268617437530233,2.728483045652307,-0.02761838425362366,15.923287671232877,3.666050099598968,0.0,-0.07334892114895053,358.60664892305573,High
P01953,6915.084914774061,230.5028304924687,196.25734479709897,250.6116561528613,5476.436899775747,8353.732929772374,Trending,Continuous,HoltWinters7,0.07798540000484694,16.59531834717212,21.52892233303236,-0.04675941590442836,199.43424657534246,32.165879728441276,0.0,0.15578359509779127,2877.296029996626,High
P01954,0.0,0.0,0.0,0.0,0.0,3189.2291151302084,Intermittent,Intermittent,Naive,1.0,49.72222222222222,76.19731069716987,-1.0,37.702739726027396,55.47142388342914,0.6794520547945205,-1.0,3189.2291151302084,Very Low
P01955,6224.382978203745,207.47943260679148,181.00187707414437,222.5393850285129,4811.355503720556,7637.410452686932,Stable,Continuous,HoltWinters7,0.08508731316610581,18.536211641560403,22.71355889034901,-0.023949984483899612,213.85205479452054,26.673816477661422,0.0,-0.02979920952292081,2826.0549489663763,High
P01956,5140.690941223773,171.3563647074591,171.35636470745908,171.35636470745908,2889.9991281404987,7391.382754307046,Volatile,Continuous,SES,0.18503220160636025,33.345886798065656,43.58258822532088,-0.030427929238158707,165.20958904109588,40.543308363458394,0.0,0.03720592552793178,4501.383626166547,Medium
P01957,2436.3809111706087,81.21269703902028,68.87506333193141,88.11205599028693,1928.1007924205699,2944.6610299206473,Trending,Continuous,HoltWinters7,0.07526497102962448,5.768784109810606,7.1863487937009785,-0.036491791392077456,70.6027397260274,11.609489196221558,0.0,0.1502768497959801,1016.5602375000774,High
P01958,669.8264311100737,22.327547703669122,19.200240895578837,24.45856787279996,488.03892341145325,851.6139388086942,Stable,Continuous,HoltWinters7,0.06222337028256584,1.3954212305196874,1.7335389273273478,-0.02546717648614974,23.912328767123288,3.5490660378291468,0.0,-0.06627464346479961,363.575015397241,High
P01959,12578.656936353791,419.28856454512635,354.08889144480986,461.26399936371973,9904.37491658047,15252.938956127111,Trending,Continuous,HoltWinters7,0.0772576262008765,29.46607325135091,37.15482451597071,-0.05293595682677069,351.3643835616438,60.3728137880057,0.0,0.19331549855725716,5348.564039546642,High
P01960,14643.49674780035,488.11655826001163,428.58207406401095,528.7994607768437,12251.316221468067,17035.67727413263,Stable,Continuous,HoltWinters7,0.04701150625247339,21.534650950391693,26.183980341954562,-0.025735701859603746,482.1123287671233,52.265188379839444,0.0,0.012454005290100323,4784.361052664564,High
P01961,373.6204589120938,12.454015297069793,10.92595025532799,13.436732567270685,256.6887703297718,490.55214749441586,Stable,Continuous,HoltWinters7,0.13494271679620853,1.875597435478131,2.197762965289247,-0.0028296189403957147,12.576712328767123,2.125101178770649,0.0,-0.009755890767786823,233.86337716464408,High
P01962,178.92857142857144,5.964285714285714,5.964285714285714,5.964285714285714,92.13170533861867,265.7254375185242,Volatile,Continuous,RollingMean28,0.15656702536243522,0.9087301587301586,1.2345828108308572,-0.05168202333410828,5.989041095890411,1.5528690773605693,0.0,-0.004133446608286406,173.59373217990552,Medium
P01963,4184.296590362847,139.4765530120949,123.3080090916063,149.89768219978518,3294.848312888489,5073.744867837206,Stable,Continuous,HoltWinters7,0.07646740032331377,10.710199136058717,12.870639718394967,-0.015515425192468643,139.03287671232877,17.09439663682511,0.0,0.003191161042320534,1778.8965549487166,High
P01964,159.0,5.3,4.0,6.0,104.13753095353364,213.86246904646634,Seasonal,Continuous,SeasonalNaive7,0.09991865827250625,0.4666666666666666,0.710694054675125,-0.08667362515992348,5.3,1.170803951566664,0.0,0.0,109.7249380929327,High
P01965,9002.290826250653,300.0763608750218,226.3582222907968,341.3873669003312,6501.501571702609,11503.080080798696,Seasonal,Continuous,HoltWinters7,0.06580982255290126,17.668465891518668,21.691065515983336,-0.048788391076168246,293.9835616438356,56.52616086794468,0.0,0.0207249656991626,5001.578509096087,High
P01966,3098.68556065971,103.289518688657,87.76015894424542,112.8483539309981,2433.4894217544847,3763.8816995649354,Trending,Continuous,HoltWinters7,0.08052863197310638,7.714483580944649,9.614994073894268,-0.05147124347529056,87.93150684931507,14.805857261534175,0.0,0.17465880421747326,1330.3922778104507,High
P01967,255.7596991336226,8.525323304454087,8.525323304454087,8.525323304454087,123.59588087919188,387.92351738805337,Volatile,Continuous,SES,0.21713747553228405,2.0118885122719337,2.679981937460402,-0.09501267970000503,9.072602739726028,2.378790615829148,0.0,-0.060322208628796115,264.3276365088615,Medium
P01968,400.4099674142884,13.346998913809614,11.604475604550078,14.494093379649586,294.0281554932878,506.7917793352891,Stable,Continuous,HoltWinters7,0.06483074690440345,0.8389617442228082,1.045361282196872,-0.03231323607980969,13.64931506849315,2.0334057389571645,0.0,-0.022148815025991753,212.76362384200132,High
P01969,387.3593975340578,12.911979917801926,9.623566136335842,14.978362208012854,253.6855906975701,521.0332043705455,Seasonal,Continuous,HoltWinters7,0.07865118490368277,0.9046487452929804,1.155200151080497,-0.01184965216759061,13.027397260273972,2.902496927708279,0.0,-0.008859585699746986,267.3476136729754,High
P01970,904.9919296537869,30.16639765512623,25.281735736697286,33.40621176106879,606.6119211316177,1203.371938175956,Trending,Continuous,HoltWinters7,0.14285886435272707,4.620613867794538,5.677977335737009,-0.04010977508703286,27.715068493150685,5.5373447513375105,0.0,0.08844752314364102,596.7600170443384,High
P01971,438.7521920424732,14.62507306808244,12.780645505230037,15.886471630926135,294.5498477114287,582.9545363735178,Stable,Continuous,HoltWinters7,0.15189123234560378,2.5282530241988335,3.0894841581675814,-0.010391931438895783,15.058904109589042,2.604856476089539,0.0,-0.028808938442628884,288.40468866208914,Medium
P01972,1787.853174577416,59.5951058192472,59.5951058192472,59.5951058192472,1024.382481343316,2551.3238678115163,Volatile,Continuous,SES,0.17262483929237424,10.527551048041516,13.467302254637666,-0.004803379107095847,59.41095890410959,13.691020773985398,0.0,0.0030995445711425873,1526.9413864682003,Medium
P01973,294.0976111349164,9.803253704497214,7.6730609948425,11.085048964153536,193.78145223862236,394.41377003121045,Seasonal,Continuous,HoltWinters7,0.09420238572016776,0.7925798462719212,0.9910961664070186,-0.03745163858619615,9.61917808219178,2.1685276929461854,0.0,0.019136315050265917,200.63231779258808,High
P01974,4961.5795418630305,165.38598472876768,146.26871956235084,178.59258094133605,4083.380618227302,5839.778465498758,Stable,Continuous,HoltWinters7,0.047978690853510135,7.320818297507638,9.330998457261503,-0.009180862573902332,164.54383561643834,18.394365200759765,0.0,0.005118083635125892,1756.3978472714562,High
P01975,162.3663713668764,5.412212378895879,5.412212378895879,5.412212378895879,75.28534008935526,249.4474026443975,Volatile,Continuous,SES,0.17970834782288167,1.0194721662572765,1.2603767900534442,-0.017576671004313045,6.1876712328767125,1.56929078941737,0.0,-0.12532321527695556,174.16206255504224,Medium
P01976,6425.31213703175,214.1770712343917,214.1770712343917,214.1770712343917,3983.322055981671,8867.30221808183,Volatile,Continuous,SES,0.1770122863785253,35.79379368595857,45.470757045682525,-0.04310067561977396,184.686301369863,43.25217412510362,0.0,0.1596803317072708,4883.980162100159,Medium
P01977,532.5,17.75,17.75,17.75,272.54192140748495,792.458078592515,Volatile,Continuous,RollingMean28,0.1708294997796822,2.8785714285714286,3.7698180470671563,-0.062162871831648626,18.15068493150685,4.690331627775442,0.0,-0.02207547169811319,519.91615718503,Medium
P01978,676.8077052359987,22.560256841199955,16.796234872464552,26.00383741579663,444.34987281006784,909.2655376619297,Seasonal,Continuous,HoltWinters7,0.07504747023853568,1.544489596567109,2.0160884470608527,-0.042808105272053885,22.752054794520546,5.002622346322873,0.0,-0.00842991787127656,464.91566485186183,High
P01979,12027.38998900819,400.9129996336063,345.6685169846403,433.965248302434,9425.29270779096,14629.487270225422,Trending,Continuous,HoltWinters7,0.10794254070738367,40.408776458078314,51.384880109579484,-0.057832582520222615,306.5890410958904,59.49244297698701,0.0,0.3076560016645038,5204.194562434461,High
P01980,11121.828850748045,370.72762835826813,318.90812513249125,407.211209834258,8653.52227938288,13590.135422113211,Trending,Continuous,HoltWinters7,0.10628104384720295,37.92775532056571,48.35423472518654,-0.05836612266151144,298.5904109589041,57.110541055865575,0.0,0.24159254534564578,4936.613142730332,High
P01981,869.7470305155703,28.99156768385234,21.71526228497721,33.42029621416174,540.8493701373483,1198.6446908937921,Seasonal,Continuous,HoltWinters7,0.14911176435784665,4.397153162774817,5.42179707617013,-0.07900927913980883,28.904109589041095,6.717428927861325,0.0,0.0030258013844648435,657.7953207564439,High
P01982,3119.989321476724,103.99964404922413,88.54941026799338,113.84977812988195,2390.3550609710087,3849.6235819824387,Trending,Continuous,HoltWinters7,0.09366635382261605,9.643966551904688,12.219224383509733,-0.03640016889250843,88.53835616438356,16.411270593915567,0.0,0.17462813355303974,1459.26852101143,High
P01983,1720.3717002777346,57.34572334259115,50.18414578573991,61.927913139684144,1405.6331570483815,2035.1102435070877,Stable,Continuous,HoltWinters7,0.05959251773748856,3.201482018337657,3.800498833410886,-0.050518060332889796,57.31643835616438,6.742562100262261,0.0,0.0005109352092813602,629.4770864587063,High
P01984,4318.398773114794,143.9466257704931,119.74055830356504,157.58894279301137,3333.411844438489,5303.385701791099,Trending,Continuous,HoltWinters7,0.07243034621664914,9.68499640875163,12.23625970636004,-0.032690900618129966,126.80684931506849,21.294452923551237,0.0,0.13516443747323592,1969.9738573526097,High
P01985,1053.310148679298,35.11033828930993,29.66245151261786,38.45550288143762,717.916220556519,1388.704076802077,Trending,Continuous,HoltWinters7,0.14296938342358997,5.420307871133524,6.7422665464829885,-0.019492517851228477,31.54931506849315,6.332653705957762,0.0,0.11287164913361325,670.787856245558,High
P01986,786.7381193157012,26.22460397719004,19.049264064717462,30.441431749895727,458.66303616706045,1114.8132024643419,Seasonal,Continuous,HoltWinters7,0.15052802933243417,4.39287582434733,5.214678841877068,-0.060900996858623525,29.171232876712327,6.802081087425031,0.0,-0.10101146262743699,656.1501662972814,Medium
P01987,19756.93958801442,658.5646529338139,567.4500285855797,712.9994031240276,16031.482085499878,23482.397090528957,Trending,Continuous,HoltWinters7,0.06915716566427756,40.66066470804078,52.04105824885101,-0.02622665830195513,542.9630136986301,91.9064801810666,0.0,0.2129088654634368,7450.915005029079,High
P01988,1514.2924814448052,50.476416048160175,43.94383206645898,54.17905182668997,1243.2888243109924,1785.296138578618,Stable,Continuous,HoltWinters7,0.04790440006911755,2.291107267606544,2.8455064310457963,-0.019831940169588304,51.3027397260274,5.729151326794033,0.0,-0.01610681383255652,542.0073142676256,High
P01989,832.5039612156536,27.750132040521788,27.750132040521788,27.750132040521788,452.67005550647093,1212.3378669248361,Volatile,Continuous,SES,0.17854975371236934,4.883898424750433,6.3048700505663575,-0.05189932345526845,29.46027397260274,6.872675858078372,0.0,-0.058049084461038514,759.6678114183652,Medium
P01990,7012.423641888521,233.74745472961737,204.62953606432893,251.80992149504735,5849.702180914936,8175.145102862106,Stable,Continuous,HoltWinters7,0.04154665464965628,9.071882143471536,11.432910424390833,-0.018995621074618756,232.23561643835617,25.237023828188033,0.0,0.006509932948473907,2325.4429219471695,High
P01991,1050.0,35.0,35.0,35.0,58.99544091883904,2041.0045590811612,Intermittent,Intermittent,Naive,1.0,14.177777777777777,22.305044781804497,-1.0,12.894520547945206,17.263267619193517,0.636986301369863,1.7143312440242218,1982.0091181623222,Very Low
P01992,398.0,13.266666666666667,10.0,15.0,232.87001308612756,563.1299869138725,Seasonal,Continuous,SeasonalNaive7,0.16153708493454705,2.411111111111111,3.348452369915416,-0.12224552724522503,14.536986301369863,3.3504706321056172,0.0,-0.08738534991833136,330.25997382774494,Medium
P01993,1459.0398331182905,48.63466110394302,41.311939828123435,53.04008406742507,1159.4752531520164,1758.6044130845646,Trending,Continuous,HoltWinters7,0.07190303093606969,3.149708346212325,4.110368599176364,-0.04683446372954875,40.66438356164384,6.728802408707075,0.0,0.19600143526624225,599.1291599325482,High
P01994,468.60526743009217,15.620175581003073,13.276483687044674,17.030204037678594,301.05763696175154,636.1528978984328,Stable,Continuous,HoltWinters7,0.1437970084530906,2.786731976816401,3.363202920757539,-0.036658073618343216,17.60958904109589,3.058580517637248,0.0,-0.11297330422930818,335.09526093668126,High
P01995,1739.0,57.96666666666667,0.0,219.0,200.9288391942546,7103.4269648344725,Intermittent,Intermittent,SeasonalNaive7,1.306433959864427,81.60000000000001,123.96082435785105,-0.19097039789829373,65.62191780821918,93.386872131888,0.6643835616438356,-0.11665692496103319,6902.498125640218,Very Low
P01996,11452.368690128125,381.74562300427084,321.03635501218747,416.1810960720263,9191.146914802917,13713.590465453335,Trending,Continuous,HoltWinters7,0.07371531233710078,25.55203862601338,31.908466929526526,-0.03696663550072019,312.7958904109589,53.54595718084806,0.0,0.22043042989702988,4522.443550650418,High
P01997,5949.193740749558,198.30645802498526,198.30645802498526,198.30645802498526,3457.639338599683,8440.748142899432,Volatile,Continuous,SES,0.2029560332189786,41.14639522250132,50.1771824207624,-0.07072802660290882,185.52602739726026,44.850766195984605,0.0,0.06888753457949437,4983.108804299749,Medium
P01998,765.4559736794905,25.515199122649683,18.771942354055106,29.690484814844524,467.31511941354654,1063.5968279454346,Seasonal,Continuous,HoltWinters7,0.13502103810771063,3.5300928502441025,4.34177325147994,-0.018004889450010938,26.226027397260275,6.132477293035116,0.0,-0.027103924808865587,596.2817085318881,High
P01999,543.6048992449062,18.120163308163537,13.357244351242574,20.85559810644812,307.98028060726836,779.229517882544,Seasonal,Continuous,HoltWinters7,0.12510921991286872,2.633276271883192,3.26733165131847,-0.010687738527113728,20.447945205479453,4.845843313409779,0.0,-0.11383940410267424,471.2492372752756,High
P02000,380.06709355769425,12.668903118589808,12.668903118589808,12.668903118589808,178.32558024878648,581.808606866602,Volatile,Continuous,SES,0.17639425738221723,2.327625337241622,2.856901862100378,-0.009996847614750263,14.338356164383562,3.624226141777747,0.0,-0.11643266680323305,403.4830266178155,Medium
