product_id,demand_class,behavioral_class,selected_model,validation_wape,validation_mae,validation_rmse,validation_mape,validation_bias,validation_windows,history_days,total_demand,average_daily_demand,demand_std,zero_demand_rate
P00001,Seasonal,Continuous,HoltWinters7,0.07458440298534552,1.9948573400759901,2.501408840195921,0.07511643785154755,-0.028734661310373905,3,730,22097.0,30.26986301369863,6.74113114318188,0.0
P00002,Stable,Continuous,HoltWinters7,0.07893244632835607,9.319482264648352,11.482766048501276,0.07909518009180168,-0.0010669509696360224,3,730,84341.0,115.53561643835616,14.645775149483276,0.0
P00003,Stable,Continuous,HoltWinters7,0.04837232597385057,12.402767524743547,15.367540636407917,0.047711098021767616,-0.03039439950612674,3,730,196899.0,269.7246575342466,28.876294884578893,0.0
P00004,Seasonal,Continuous,HoltWinters7,0.06979418351093007,18.332118029801613,22.049539275874896,0.0705617817488694,-0.04001211624095334,3,730,209295.0,286.7054794520548,56.08593345506197,0.0
P00005,Seasonal,Continuous,HoltWinters7,0.15518406554258793,3.468285382090474,4.068952166817812,0.15479992135037204,-0.03853374398972458,3,730,16277.0,22.297260273972604,5.226619441153588,0.0
P00006,Volatile,Continuous,SES,0.23351354122707924,4.037880370233199,5.4534701389932065,0.2209352740892856,-0.09446429739983413,3,730,13055.0,17.883561643835616,4.815256780246147,0.0
P00007,Stable,Continuous,HoltWinters7,0.13971535682819322,3.8601780904952014,4.582627084552175,0.1423687358384765,-0.0368201924720766,3,730,18110.0,24.80821917808219,4.3501021990945485,0.0
P00008,Stable,Continuous,HoltWinters7,0.08454919392054372,19.344425020370803,23.195526774545318,0.08373073290790971,-0.025410311719607198,3,730,164403.0,225.20958904109588,28.382574806436295,0.0
P00009,Trending,Continuous,HoltWinters7,0.07462283996077633,14.557295347386338,18.05700991916188,0.07250602409799006,-0.046565475069935906,3,730,133387.0,182.7219178082192,30.718210157404066,0.0
P00010,Intermittent,Intermittent,Croston,1.2534958072011169,119.2605659136655,125.61742882056315,0.6461283743296115,-0.04381199961107172,3,730,60603.0,83.01780821917808,122.99932956475337,0.6821917808219178
P00011,Volatile,Continuous,SES,0.22620355246047122,2.7124808270875067,3.656955280205691,0.22375422116236476,-0.06339309641756419,3,730,8926.0,12.227397260273973,3.1671002637508843,0.0
P00012,Trending,Continuous,HoltWinters7,0.09439658866285379,36.4363110135504,48.39336162390949,0.08933762622065179,-0.051508500243293,3,730,234466.0,321.18630136986303,62.078766098345895,0.0
P00013,Trending,Continuous,HoltWinters7,0.09522922655785498,26.068386291252978,34.56412974906677,0.09109767015296794,-0.051134931036515674,3,730,167582.0,229.56438356164384,42.94037519207236,0.0
P00014,Volatile,Continuous,Naive,0.22553145823517007,1.0222222222222221,1.258176808997017,0.2691005291005291,0.06887353318277983,3,730,3191.0,4.3712328767123285,1.2540173525330462,0.0
P00015,Volatile,Continuous,SES,0.1916455640007805,5.098123723226549,6.751887742061325,0.18335294002184366,-0.06895863687608807,3,730,19066.0,26.117808219178084,6.7287101119847454,0.0
P00016,Trending,Continuous,HoltWinters7,0.14993069028598535,3.342306960863338,4.23756420493843,0.14506484094570085,-0.036363406013585294,3,730,13372.0,18.317808219178083,3.7222256298400995,0.0
P00017,Stable,Continuous,HoltWinters7,0.11481081118171184,0.4357823715129514,0.5384412493083642,0.11546840026044593,-0.045637890593484214,3,730,2923.0,4.004109589041096,0.6446867054571906,0.0
P00018,Trending,Continuous,HoltWinters7,0.08123257913048675,18.52191235940122,23.33223795557592,0.07877697297990664,-0.03427196298326816,3,730,155080.0,212.43835616438355,34.6946255968424,0.0
P00019,Seasonal,Continuous,HoltWinters7,0.07842088184294614,0.9787153086063833,1.2332052215404954,0.07929702767469937,-0.0621702690181824,3,730,10360.0,14.191780821917808,3.0892420716754256,0.0
P00020,Stable,Continuous,HoltWinters7,0.06733641384710508,1.7396973888095797,2.1812485892254982,0.0660258410764797,-0.029360917832660757,3,730,19723.0,27.017808219178082,3.972257790249234,0.0
P00021,Seasonal,Continuous,HoltWinters7,0.0672130982616692,4.870718571229289,6.041927242832177,0.06715011504289153,-0.04502098709260089,3,730,59193.0,81.08630136986301,15.67255659415902,0.0
P00022,Seasonal,Continuous,HoltWinters7,0.1398689647957261,3.6161326002033687,4.508994751127296,0.1343650598648409,-0.05517648855506075,3,730,18529.0,25.382191780821916,5.9934084155052325,0.0
P00023,Seasonal,Continuous,HoltWinters7,0.09176034404939128,1.4408506049561367,1.8287335348257423,0.09106020979999511,-0.0781768856488183,3,730,13136.0,17.994520547945207,4.117941953079534,0.0
P00024,Stable,Continuous,SeasonalNaive7,0.08560270376605199,0.3,0.5091231073168547,0.07777777777777778,-0.06655508471843295,3,730,2612.0,3.578082191780822,0.6198027420489771,0.0
P00025,Seasonal,Continuous,HoltWinters7,0.06851832524619961,18.495229874170303,22.629619072472888,0.06826357794478612,-0.03737083764378646,3,730,219776.0,301.06301369863013,60.43462952913291,0.0
P00026,Trending,Continuous,HoltWinters7,0.074751506322006,28.334091765738673,34.769733718259346,0.07293557336773626,-0.04375353432869969,3,730,250130.0,342.64383561643837,60.33711191655682,0.0
P00027,Trending,Continuous,HoltWinters7,0.13499417813118553,1.9391544404655259,2.4035247502948356,0.12983029836509907,-0.04590345724710391,3,730,8763.0,12.004109589041096,2.4283950316360654,0.0
P00028,Stable,Continuous,HoltWinters7,0.047040521766966124,6.79544202301643,8.50947088866733,0.04681072919904176,-0.01946447265229517,3,730,111975.0,153.3904109589041,17.504212029918886,0.0
P00029,Trending,Continuous,HoltWinters7,0.08258689552860717,28.548689707740497,34.24916850197512,0.08049041830824416,-0.06077511065005228,3,730,232874.0,319.0054794520548,54.69549046999533,0.0
P00030,Volatile,Continuous,SES,0.20380219269633523,2.0884292225482874,2.6294033813585562,0.20630410635616184,-0.06532645848489979,3,730,7474.0,10.238356164383562,2.805668871296068,0.0
P00031,Seasonal,Continuous,HoltWinters7,0.06341233897482826,4.488020414331696,5.495075300830827,0.06424258655959071,-0.048503566603352644,3,730,56675.0,77.63698630136986,14.753800346013154,0.0
P00032,Volatile,Continuous,SES,0.25677491340166253,1.420670059140989,1.7120840309978664,0.25632084054231924,-0.07999956847443207,3,730,4016.0,5.501369863013698,1.4260455121268205,0.0
P00033,Stable,Continuous,SeasonalNaive7,0.14196130515405556,1.7,2.4554180806027768,0.12653387156741133,-0.09148393249884561,3,730,7702.0,10.550684931506849,1.8146729564867752,0.0
P00034,Volatile,Continuous,SES,0.163983607432757,44.63609777527768,60.577558973392286,0.15266712188399725,-0.08511889317208438,3,730,172554.0,236.37534246575342,58.81506152766129,0.0
P00035,Volatile,Continuous,Naive,0.17882108014742384,27.677777777777777,34.59364371357023,0.18557997661868622,-0.03507805956940522,3,730,106852.0,146.37260273972603,34.393324312674544,0.0
P00036,Volatile,Continuous,Naive,0.16957801784272772,13.588888888888889,16.296017424255282,0.17921051341586533,0.009669236469557736,3,730,53996.0,73.96712328767123,17.663102791355076,0.0
P00037,Seasonal,Continuous,HoltWinters7,0.08544343875396532,0.5074739535248475,0.6490870583495202,0.08629133600500251,-0.025756355662167718,3,730,4919.0,6.738356164383561,1.5436164524452363,0.0
P00038,Trending,Continuous,HoltWinters7,0.14387370809844183,2.243820489789371,2.949579217935874,0.13143427088957102,-0.08948486760580254,3,730,9555.0,13.08904109589041,2.5976702468971515,0.0
P00039,Intermittent,Intermittent,Naive,1.1703703703703703,221.5,297.7824488367706,0.43243924691171204,0.3272450532724506,3,730,118554.0,162.4027397260274,229.58321393055695,0.6616438356164384
P00040,Volatile,Continuous,SES,0.18959294334115775,2.2717953044574872,2.960827021106583,0.1923931838397481,-0.04088785444180615,3,730,9013.0,12.346575342465753,3.103897377135113,0.0
P00041,Stable,Continuous,SES,0.13845317193176013,4.619563530732008,5.601536944694335,0.13410123467269777,-0.045502057877274925,3,730,22148.0,30.339726027397262,5.215749593355076,0.0
P00042,Stable,Continuous,HoltWinters7,0.05519826180152143,8.091912188681547,9.833306350833498,0.05492253539082275,-0.015188407595229311,3,730,114354.0,156.64931506849314,18.033280643812724,0.0
P00043,Volatile,Continuous,SES,0.23455123101350758,1.564032393067943,2.126132598906787,0.22558963901506254,-0.06926060730215074,3,730,4939.0,6.765753424657534,1.9141175876605772,0.0
P00044,Trending,Continuous,HoltWinters7,0.10514635186139469,36.74282928840818,50.56058372492049,0.09738862295403522,-0.07810756404697865,3,730,216179.0,296.1356164383562,56.43301592734983,0.0
P00045,Seasonal,Continuous,HoltWinters7,0.08426779652005655,1.105615873785269,1.385620501324843,0.08393836555392141,-0.05905325665198447,3,730,10976.0,15.035616438356165,3.3442360733666887,0.0
P00046,Stable,Continuous,HoltWinters7,0.049743226642367244,17.094641323939687,21.420239201263517,0.049952835574224926,-0.009480243147343291,3,730,267596.0,366.56986301369864,39.87334091196642,0.0
P00047,Volatile,Continuous,SES,0.16814071630464533,4.749601049703409,6.2566457421723785,0.1658716529012045,-0.04473595673649253,3,730,21745.0,29.78767123287671,7.196448697524261,0.0
P00048,Trending,Continuous,HoltWinters7,0.07266998095788989,3.215016004498804,4.068876922852625,0.07153238990580187,-0.026672139529860698,3,730,30335.0,41.554794520547944,6.79811845783624,0.0
P00049,Seasonal,Continuous,SeasonalNaive7,0.06739894528592426,2.966666666666667,3.722649893992552,0.0643831449487471,-0.05476566277872955,3,730,35741.0,48.96027397260274,9.562863122037085,0.0
P00050,Stable,Continuous,HoltWinters7,0.1313323693451315,3.3468949593132393,4.093466142355,0.1392492269983326,0.005524661529331465,3,730,16488.0,22.586301369863012,3.802941431372668,0.0
P00051,Trending,Continuous,HoltWinters7,0.10591843269162467,13.37781638871967,17.39255283470558,0.0999032047372031,-0.05829098082091292,3,730,75583.0,103.53835616438356,20.657153858277535,0.0
P00052,Trending,Continuous,HoltWinters7,0.07200218503864647,11.7633144191205,14.936996637207931,0.06947343921371585,-0.04516540043805114,3,730,108026.0,147.9808219178082,25.92914613617192,0.0
P00053,Stable,Continuous,HoltWinters7,0.08090654941597762,1.655898111510458,2.0676908923273687,0.07954270399935864,-0.022896124110341688,3,730,14801.0,20.275342465753425,2.6240567354516333,0.0
P00054,Trending,Continuous,HoltWinters7,0.11265118881396478,2.7220753154856108,3.4421721015312143,0.10544747275107176,-0.0793838658798534,3,730,14636.0,20.04931506849315,3.9042421192992216,0.0
P00055,Stable,Continuous,HoltWinters7,0.058170356087596915,13.198558983378923,16.84326962621937,0.058715729478127504,0.0032859740204465144,3,730,175638.0,240.6,27.416995319930916,0.0
P00056,Trending,Continuous,HoltWinters7,0.09641080475673998,6.386407742791069,8.054446424115566,0.09162927623770516,-0.07739855990513587,3,730,40694.0,55.74520547945205,10.570723878641825,0.0
P00057,Stable,Continuous,HoltWinters7,0.13621221958981677,2.368539464805711,2.869446972104685,0.13812999206750512,-0.024196669980757674,3,730,11263.0,15.42876712328767,2.654497927312351,0.0
P00058,Trending,Continuous,HoltWinters7,0.15504494424728468,4.108449292701053,5.101918007384292,0.14634584689417243,-0.07562272588456563,3,730,16380.0,22.438356164383563,4.368129687278028,0.0
P00059,Seasonal,Continuous,SeasonalNaive7,0.15263185318992176,2.111111111111111,2.92536370381159,0.13555344002527336,-0.11772326812571719,3,730,10173.0,13.935616438356165,3.2956666008202853,0.0
P00060,Volatile,Continuous,RollingMean28,0.21572570650555675,0.5555555555555555,0.6089263292194342,0.22271825396825395,-0.04094086859269771,3,730,2061.0,2.8232876712328765,0.7464631828743382,0.0
P00061,Volatile,Continuous,SES,0.18335783049828683,4.277677629741297,5.316628720049283,0.18651367419994205,-0.024434178291226998,3,730,18219.0,24.957534246575342,6.32408720367856,0.0
P00062,Seasonal,Continuous,SeasonalNaive7,0.04949960433831402,0.09999999999999999,0.3131916758113699,0.049999999999999996,-0.026625704045058884,3,730,1701.0,2.33013698630137,0.5942534437596979,0.0
P00063,Trending,Continuous,HoltWinters7,0.11045512901962044,33.50607600501534,42.04277835845475,0.10415958322571595,-0.08132954429254254,3,730,181765.0,248.9931506849315,46.82030801329821,0.0
P00064,Volatile,Continuous,Naive,0.17847194329832075,4.644444444444445,6.1441433037036335,0.17617475923527157,-0.06204484690627751,3,730,20398.0,27.942465753424656,6.8448997324967396,0.0
P00065,Volatile,Continuous,SES,0.2007397173716017,2.620004456038439,3.327328872502207,0.19765093670769338,-0.03218988892438536,3,730,10427.0,14.283561643835617,3.7295951926995303,0.0
P00066,Stable,Continuous,HoltWinters7,0.04834464551894746,7.738811591899554,9.151531880970861,0.04793316861773008,-0.026259121433766797,3,730,125833.0,172.3739726027397,19.640140633775378,0.0
P00067,Stable,Continuous,SES,0.13729077065149492,2.3720349189648355,2.878517726411454,0.13180124715747776,-0.04533449021665057,3,730,11450.0,15.684931506849315,2.6135487036934997,0.0
P00068,Stable,Continuous,HoltWinters7,0.08177023774769716,8.827316912911337,11.037556748416335,0.07880777066493495,-0.026754393331905033,3,730,78000.0,106.84931506849315,13.713681285486759,0.0
P00069,Seasonal,Continuous,HoltWinters7,0.14699621443520552,3.920502221179987,4.79892244888259,0.14295705454451169,-0.05404362842257141,3,730,19553.0,26.784931506849315,6.2236808526844,0.0
P00070,Volatile,Continuous,RollingMean28,0.19547435485439638,56.833333333333336,71.46146588004562,0.19423237498613166,-0.05838608183970132,3,730,196064.0,268.58082191780824,61.189733167744,0.0
P00071,Intermittent,Intermittent,Naive,1.0,67.91111111111111,116.1584135504225,1.0,-1.0,3,730,49570.0,67.9041095890411,93.82992002849161,0.6520547945205479
P00072,Stable,Continuous,HoltWinters7,0.1331007165051302,2.90659335213886,3.614634523827528,0.1393026703858643,-0.006546439212559305,3,730,14333.0,19.634246575342466,3.316282281346067,0.0
P00073,Volatile,Continuous,SES,0.2268313683020016,6.063165802966592,7.987026030823121,0.21922387687568612,-0.06189112834916886,3,730,19691.0,26.973972602739725,7.567755716433407,0.0
P00074,Trending,Continuous,HoltWinters7,0.1172954977028925,42.94652696930663,56.57364559452227,0.10825435821601588,-0.09548975162341462,3,730,226408.0,310.14794520547946,57.147752355963725,0.0
P00075,Intermittent,Intermittent,Croston,1.8616738638052428,110.9449110935238,123.20946750523558,0.7132525812585458,0.42997774596681176,3,730,70344.0,96.36164383561643,133.2414937102107,0.6520547945205479
P00076,Trending,Continuous,HoltWinters7,0.07489523052979025,25.117109094457987,31.99748846745757,0.0733871034509007,-0.04195905108226713,3,730,222224.0,304.4164383561644,52.95181704448282,0.0
P00077,Trending,Continuous,HoltWinters7,0.06952659274823762,15.72385250715032,20.563106239816847,0.06856313493610107,-0.02769758616738177,3,730,148929.0,204.01232876712328,35.719277551597926,0.0
P00078,Trending,Continuous,HoltWinters7,0.14504845973663053,5.747883448193822,7.380770317138192,0.13457010452420984,-0.09106992363869935,3,730,24417.0,33.44794520547945,6.636198061826237,0.0
P00079,Stable,Continuous,Naive,0.06693719233758261,0.3888888888888889,0.6313663776177041,0.06653439153439154,-0.010383528847502927,3,730,4438.0,6.079452054794521,0.9553773741581832,0.0
P00080,Volatile,Continuous,SES,0.21902847962902827,4.003270878531457,5.135718071103462,0.21880224967532502,-0.04906158720664699,3,730,13241.0,18.138356164383563,4.8828562706618115,0.0
P00081,Trending,Continuous,HoltWinters7,0.10472839409231971,12.524439481442592,15.90488184778461,0.09912552114849403,-0.06388755860803957,3,730,74433.0,101.96301369863014,19.06216821411278,0.0
P00082,Seasonal,Continuous,HoltWinters7,0.06447403451011044,6.027295604380704,7.269018401008409,0.06574637412281609,-0.03789271142807257,3,730,75552.0,103.4958904109589,20.297191372235286,0.0
P00083,Stable,Continuous,SeasonalNaive7,0.08628126516689567,1.1222222222222222,1.4827096804094506,0.08415297665297665,-0.05689969854192728,3,730,9908.0,13.572602739726028,2.094689887964673,0.0
P00084,Seasonal,Continuous,HoltWinters7,0.13571091578972141,3.9762177765130926,4.807604844820312,0.13800703535600253,-0.017026018724722744,3,730,21803.0,29.867123287671234,7.011074030825241,0.0
P00085,Volatile,Continuous,SES,0.18116002552303753,0.5874908242091613,0.7228848803263856,0.19633872723963028,0.00942798262450275,3,730,2634.0,3.6082191780821917,0.934002321187085,0.0
P00086,Stable,Continuous,HoltWinters7,0.05988019455779428,1.0561706232012353,1.3097911688822121,0.05957442331732612,-0.014055380075999933,3,730,13565.0,18.58219178082192,2.8098319670995053,0.0
P00087,Intermittent,Intermittent,Naive,1.201127004768097,24.211111111111112,37.503781872448975,0.7210651312543558,-0.2457737321196359,3,730,18067.0,24.74931506849315,34.23070130363575,0.6520547945205479
P00088,Seasonal,Continuous,HoltWinters7,0.06129304577068114,3.6846456770384215,4.425097119271958,0.06195173556724257,-0.023585396119934654,3,730,48710.0,66.72602739726027,13.17536075305664,0.0
P00089,Stable,Continuous,HoltWinters7,0.0973725369025133,11.660692933283782,13.831405318100579,0.09530240597285762,-0.05027939121086108,3,730,87465.0,119.81506849315069,14.809167175672075,0.0
P00090,Seasonal,Continuous,HoltWinters7,0.06378572794209651,9.491604066166209,11.383943138346778,0.06417367766999509,-0.02971092929548917,3,730,122488.0,167.7917808219178,33.35761154299165,0.0
P00091,Trending,Continuous,HoltWinters7,0.13561395479210772,1.7466910959977338,2.2658098920857763,0.12646933132105664,-0.0485337211893668,3,730,7883.0,10.7986301369863,2.1524218758414446,0.0
P00092,Intermittent,Intermittent,Naive,1.0,71.8888888888889,113.10679417182052,1.0,-1.0,3,730,45666.0,62.556164383561644,87.4588533257119,0.6575342465753424
P00093,Trending,Continuous,HoltWinters7,0.083411293687363,8.254105291280478,9.985893025069226,0.08103250796936536,-0.058267873872638105,3,730,65458.0,89.66849315068494,15.620313852779958,0.0
P00094,Seasonal,Continuous,HoltWinters7,0.0645569057749535,6.389668333987075,8.133436287234675,0.0648010284571313,-0.04674393367494393,3,730,79793.0,109.3054794520548,21.35457012931121,0.0
P00095,Stable,Continuous,HoltWinters7,0.048265279172433694,22.35415367795642,28.198185924766804,0.04765568291821189,-0.010569179419019614,3,730,358505.0,491.1027397260274,53.26612656648862,0.0
P00096,Stable,Continuous,HoltWinters7,0.05040859026524288,13.456287984119905,16.452751560303657,0.04966803436661252,-0.03044194661316218,3,730,209520.0,287.013698630137,32.692101104725005,0.0
P00097,Seasonal,Continuous,HoltWinters7,0.06452214016608587,6.764392207897096,8.285361368138753,0.06331798725342754,-0.03916612281317274,3,730,86285.0,118.1986301369863,23.59192971422201,0.0
P00098,Stable,Continuous,HoltWinters7,0.06654635463041024,1.161628317515534,1.3583533896733007,0.06559883607118837,-0.04161688874645688,3,730,13412.0,18.372602739726027,2.7182894380205243,0.0
P00099,Seasonal,Continuous,HoltWinters7,0.15848708096811595,4.1476577989607515,5.1157028520523005,0.15713558375280048,-0.08636730165809618,3,730,19834.0,27.16986301369863,6.421087620983928,0.0
P00100,Volatile,Continuous,SES,0.20649979514179392,0.44862920453724403,0.6661781593810115,0.2527077655280551,-0.02247860133448362,3,730,1589.0,2.1767123287671235,0.5905103574785916,0.0
P00101,Stable,Continuous,SES,0.13466087473693303,3.7585828235462118,4.559074567737267,0.1319604172794461,-0.030395176353385473,3,730,18274.0,25.03287671232877,4.267337099928086,0.0
P00102,Trending,Continuous,HoltWinters7,0.07760380226462744,29.722727398348127,36.80555412780964,0.07622587828727843,-0.022903131684229194,3,730,259844.0,355.9506849315068,61.24801975643302,0.0
P00103,Volatile,Continuous,RollingMean28,0.18287277098492769,0.7817460317460316,1.0057422177536293,0.18935941043083895,-0.03888081063037854,3,730,3419.0,4.683561643835616,1.2103252290677937,0.0
P00104,Trending,Continuous,HoltWinters7,0.07704962228040886,6.564511750783471,8.009498358611156,0.07594249867212959,-0.035709486746392675,3,730,57769.0,79.13561643835617,13.247438035442341,0.0
P00105,Trending,Continuous,HoltWinters7,0.094923722884604,35.37161723633334,46.340903490955746,0.091194482442717,-0.03356513502251658,3,730,231056.0,316.5150684931507,61.676757424283444,0.0
P00106,Volatile,Continuous,RollingMean28,0.2084055608338314,3.68968253968254,4.855198673018454,0.20839831011449558,-0.04979381634422436,3,730,12661.0,17.343835616438355,4.417929745671292,0.0
P00107,Volatile,Continuous,SES,0.20150853358516443,0.48055330432203314,0.5666228946863224,0.1956953945836383,-0.036237105377616756,3,730,1832.0,2.5095890410958903,0.6833638221767264,0.0
P00108,Trending,Continuous,HoltWinters7,0.07160292284052744,15.020544503819245,18.94844832713341,0.07031752283349038,-0.0298857844590312,3,730,139127.0,190.5849315068493,32.362428770855,0.0
P00109,Seasonal,Continuous,HoltWinters7,0.13470043674274468,2.0553264166266954,2.5180689546687667,0.13072387920130432,-0.05338262103421476,3,730,10867.0,14.886301369863014,3.37658422173138,0.0
P00110,Volatile,Continuous,SES,0.21095722247350568,4.2484829252443275,5.480094584415588,0.20908970357719256,-0.055765314882304955,3,730,15375.0,21.061643835616437,5.760209047251206,0.0
P00111,Seasonal,Continuous,HoltWinters7,0.09762289982518539,1.9648093596656784,2.3833045569722153,0.09738695197116937,-0.06314864275584202,3,730,16746.0,22.93972602739726,5.255782359474031,0.0
P00112,Seasonal,Continuous,HoltWinters7,0.14121004829034148,4.416383847903782,5.384793640835529,0.1394414556700731,-0.04247080175841561,3,730,22011.0,30.15205479452055,6.859567419464482,0.0
P00113,Volatile,Continuous,RollingMean28,0.16740368279908033,17.3031746031746,22.695792672532352,0.16072854357767347,-0.060375930857611636,3,730,67991.0,93.13835616438357,21.53304877015778,0.0
P00114,Stable,Continuous,HoltWinters7,0.0826682303257273,12.15197406692724,15.585929553055626,0.0789371424373387,-0.04653012603919555,3,730,105224.0,144.14246575342466,18.296265690544345,0.0
P00115,Seasonal,Continuous,HoltWinters7,0.07048551694116478,11.441628556506984,14.023907304733434,0.07134238801598071,-0.04639265397769942,3,730,130421.0,178.65890410958903,35.12954796302984,0.0
P00116,Volatile,Continuous,Naive,0.20714202658704903,27.866666666666664,34.29217559539675,0.21754152075484012,0.04781019392692106,3,730,90688.0,124.23013698630137,28.919388861236495,0.0
P00117,Trending,Continuous,HoltWinters7,0.11194561015077342,8.589387958957794,10.896237423897743,0.10660758761240778,-0.06483627454701478,3,730,47999.0,65.75205479452055,12.36072599859559,0.0
P00118,Seasonal,Continuous,HoltWinters7,0.14713723776623858,4.451866060991306,5.345357758788677,0.14899945249864696,-0.0528844244854873,3,730,21763.0,29.812328767123287,6.850279002768383,0.0
P00119,Stable,Continuous,HoltWinters7,0.08145036064665935,18.719676591534547,23.16057181254403,0.07836850033209249,-0.03855351318086175,3,730,162327.0,222.36575342465753,27.53686502313996,0.0
P00120,Trending,Continuous,HoltWinters7,0.06959411895887797,14.37269302983528,18.47143009892475,0.06780967076043347,-0.0359654444280789,3,730,141801.0,194.24794520547945,31.66088580367796,0.0
P00121,Trending,Continuous,HoltWinters7,0.10071215497900804,23.692853839475593,31.36559963180991,0.09424204495349864,-0.07043603308885574,3,730,146552.0,200.75616438356164,37.23492683977054,0.0
P00122,Stable,Continuous,HoltWinters7,0.08573258537709982,5.820066990842654,7.175873631529917,0.08202785195126558,-0.0530126179494777,3,730,48957.0,67.06438356164384,8.38445013567642,0.0
P00123,Seasonal,Continuous,HoltWinters7,0.07973314106205864,1.2272965214903573,1.5180664645906887,0.08070352172696836,-0.04473806454300816,3,730,12833.0,17.57945205479452,3.883751771168891,0.0
P00124,Volatile,Continuous,SES,0.26585512421389057,5.845896327222957,8.102478532132197,0.24748690606230797,-0.11676296946160447,3,730,15441.0,21.15205479452055,5.7616253229342185,0.0
P00125,Trending,Continuous,Naive,0.1572304272648898,3.722222222222222,4.406776029017628,0.16878428643956112,0.018771119685491614,3,730,14259.0,19.53287671232877,3.9394788704583164,0.0
P00126,Seasonal,Continuous,HoltWinters7,0.07033069467990252,1.9508665236276037,2.5125606210671187,0.0712233167530105,-0.036004086121871816,3,730,22505.0,30.828767123287673,6.778040461455979,0.0
P00127,Trending,Continuous,HoltWinters7,0.11271781974532673,27.318188459763743,34.74810058386009,0.10530110846827223,-0.0855470790957007,3,730,148620.0,203.58904109589042,38.885444509349085,0.0
P00128,Stable,Continuous,HoltWinters7,0.1030494158816642,10.631423423579816,12.444927339706526,0.10173284756371305,-0.04934201489676878,3,730,74769.0,102.42328767123287,13.17093508504713,0.0
P00129,Volatile,Continuous,SES,0.20269528112093624,4.364778036472644,5.844368221862236,0.1856095304102846,-0.0815254526267039,3,730,16455.0,22.541095890410958,6.353257281432169,0.0
P00130,Stable,Continuous,HoltWinters7,0.051184909998878036,3.272941205981338,4.196368636448013,0.050569706399938935,-0.0244066481239039,3,730,50051.0,68.56301369863014,7.817675566420932,0.0
P00131,Seasonal,Continuous,HoltWinters7,0.0786435028199776,0.9150969812954716,1.1470147258876697,0.07932021133552318,-0.02775667622697876,3,730,9608.0,13.161643835616438,2.9427379232221655,0.0
P00132,Volatile,Continuous,SES,0.21602874885825465,2.6009848615494895,3.392070934337006,0.20854777653654452,-0.07503417515646592,3,730,8644.0,11.841095890410958,3.1329846411547377,0.0
P00133,Trending,Continuous,HoltWinters7,0.15024864375010252,2.932823529301144,3.5285972782941464,0.152131861866421,0.02505176752245286,3,730,11985.0,16.41780821917808,3.345567772702124,0.0
P00134,Stable,Continuous,HoltWinters7,0.05236926730424107,1.2103215457017729,1.5360350943397922,0.05182091869031169,-0.01509777395521556,3,730,17737.0,24.297260273972604,3.643679255816867,0.0
P00135,Stable,Continuous,HoltWinters7,0.07754812518236454,10.436053895719347,12.932458490185338,0.07572068757514676,-0.01745842355902315,3,730,95629.0,130.9986301369863,16.645542111778017,0.0
P00136,Stable,Continuous,HoltWinters7,0.04927986688518001,1.1590322323562277,1.4977586579236561,0.04837892522771201,-0.020575491086532803,3,730,17970.0,24.616438356164384,3.6482144644707635,0.0
P00137,Trending,Continuous,HoltWinters7,0.07610696261018214,17.739351741987438,20.858162344940485,0.07508550258399531,-0.03657579280209124,3,730,161300.0,220.95890410958904,36.002034066969635,0.0
P00138,Trending,Continuous,HoltWinters7,0.07583288691483238,19.907366156202727,25.999380500476477,0.073059529535764,-0.04780636712160948,3,730,174359.0,238.84794520547945,40.598845860561276,0.0
P00139,Volatile,Continuous,SES,0.17768239650922588,4.221994686757542,5.296026446933425,0.18149824333489642,-0.01371670416244817,3,730,18564.0,25.43013698630137,6.482956127093416,0.0
P00140,Stable,Continuous,HoltWinters7,0.07538053322739967,5.345733694857375,6.856550508734476,0.07332665642708912,-0.016656017360567887,3,730,50919.0,69.75205479452055,8.734313543914782,0.0
P00141,Trending,Continuous,HoltWinters7,0.10283567441938411,10.330421274528552,13.071845240840124,0.0980144256308983,-0.072621093557797,3,730,62032.0,84.97534246575343,16.217552015232794,0.0
P00142,Stable,Continuous,HoltWinters7,0.06616623909182322,1.0130038759895361,1.1988343965653596,0.06598125598574257,0.009333884002496011,3,730,11930.0,16.34246575342466,2.5153530110961566,0.0
P00143,Trending,Continuous,HoltWinters7,0.0706678547736355,8.479202671057624,10.648664157100308,0.06914035257901725,-0.03969250287476467,3,730,82620.0,113.17808219178082,18.62093344324505,0.0
P00144,Stable,Continuous,Naive,0.030303030303030304,0.06666666666666667,0.14907119849998599,0.022222222222222223,-0.030303030303030304,3,730,1609.0,2.2041095890410958,0.42967380237935615,0.0
P00145,Seasonal,Continuous,HoltWinters7,0.07165899346505901,1.2862156916860592,1.5999163973850232,0.07333982843567016,-0.013708334475512209,3,730,15031.0,20.59041095890411,4.638440930054854,0.0
P00146,Seasonal,Continuous,HoltWinters7,0.16029356517522822,2.54188861821538,2.9680316307726478,0.15993282800352954,-0.08575067230368795,3,730,11805.0,16.171232876712327,3.8059220136095253,0.0
P00147,Seasonal,Continuous,HoltWinters7,0.06133202541123874,8.501651141449976,10.5899206166079,0.06161471128184002,-0.04725747042320064,3,730,111130.0,152.23287671232876,29.556864608504487,0.0
P00148,Stable,Continuous,HoltWinters7,0.04171235482172547,11.35483051671307,14.316549810469462,0.04131718074469115,-0.015125123391658406,3,730,214575.0,293.93835616438355,33.87178734713756,0.0
P00149,Volatile,Continuous,SES,0.24162301177418874,4.162761434114845,5.6722516001419345,0.22630280872217604,-0.1208206306265069,3,730,12768.0,17.49041095890411,4.7251527401753615,0.0
P00150,Seasonal,Continuous,HoltWinters7,0.07742340960015938,1.7516834427819887,2.1754158724385175,0.07834790250821587,-0.01714509778779911,3,730,19373.0,26.53835616438356,6.1451829113755725,0.0
P00151,Trending,Continuous,HoltWinters7,0.10003082889916942,6.801103196646811,8.566190101083533,0.09565698788864639,-0.04991699868321608,3,730,41901.0,57.3986301369863,11.132633392042267,0.0
P00152,Stable,Continuous,HoltWinters7,0.1297009602798109,2.6704072497482296,3.2921957755019786,0.13722741324201698,0.0069341570492436515,3,730,13452.0,18.427397260273974,3.071317830582401,0.0
P00153,Trending,Continuous,HoltWinters7,0.13951137776240344,5.132047437062863,6.468759493656338,0.1343676711814184,-0.04223200551890271,3,730,22594.0,30.95068493150685,6.025349360922718,0.0
P00154,Stable,Continuous,HoltWinters7,0.043969504746238085,7.508659789990083,9.492971779663373,0.04441615133492407,-0.000428219798198103,3,730,135020.0,184.95890410958904,21.041104429543022,0.0
P00155,Trending,Continuous,HoltWinters7,0.10687290805795245,31.458165654970102,39.572670666803035,0.10168237975360593,-0.07333501602115301,3,730,177283.0,242.85342465753425,46.75009175168121,0.0
P00156,Stable,Continuous,HoltWinters7,0.13683497351746973,1.9740381828177718,2.3024256422743656,0.14018626631037145,-0.029233093600780375,3,730,9318.0,12.764383561643836,2.2003472642133857,0.0
P00157,Trending,Continuous,HoltWinters7,0.08323632514158213,8.411213341685707,10.180485094667123,0.08089924069109704,-0.06445393822973443,3,730,66625.0,91.26712328767124,15.534329034253462,0.0
P00158,Stable,Continuous,HoltWinters7,0.038763121209445216,9.070903379246694,11.51525050061072,0.039079547761455335,-0.006588783578116344,3,730,181610.0,248.78082191780823,26.90140845943391,0.0
P00159,Trending,Continuous,HoltWinters7,0.140431862540639,2.654604872475457,3.378675389703531,0.1347181967628631,-0.04909491165461716,3,730,11421.0,15.645205479452056,3.1923064706320208,0.0
P00160,Intermittent,Intermittent,RollingMean28,1.3570376102892887,184.31190476190477,203.46609773426454,0.7015630502128428,-0.04955194372655192,3,730,111847.0,153.21506849315068,214.83092287705358,0.6575342465753424
P00161,Seasonal,Continuous,HoltWinters7,0.10404850168413253,0.8235213679119928,0.9866481931634304,0.1040710604512584,-0.07998042307005689,3,730,6612.0,9.057534246575342,2.0412695294087215,0.0
P00162,Stable,Continuous,HoltWinters7,0.057661625027048025,15.903661821144771,19.160780403041922,0.05732530767147081,-0.024924258601607314,3,730,215470.0,295.16438356164383,34.155985964271316,0.0
P00163,Seasonal,Continuous,HoltWinters7,0.07272502654906776,20.030062784938195,25.38986535715496,0.07191399346976335,-0.03265127889153737,3,730,221812.0,303.85205479452054,60.078686651227336,0.0
P00164,Trending,Continuous,HoltWinters7,0.07675248089601545,9.019577396494912,11.530871328118735,0.07520201316766012,-0.03304639885707161,3,730,79408.0,108.77808219178083,18.390895392938415,0.0
P00165,Seasonal,Continuous,SeasonalNaive7,0.141967542205257,1.6666666666666667,2.3999746715473935,0.13048969186224088,-0.10079896014972589,3,730,8542.0,11.7013698630137,2.7384621734896624,0.0
P00166,Trending,Continuous,HoltWinters7,0.0941860578078554,32.90845680990491,42.40313840978981,0.08987549482520636,-0.059216971398733366,3,730,213943.0,293.07260273972605,54.63728950761637,0.0
P00167,Volatile,Continuous,RollingMean28,0.17159672046777996,4.741269841269841,6.095778826502328,0.17677827699378165,-0.050611279760700734,3,730,21478.0,29.421917808219177,6.936518866477968,0.0
P00168,Stable,Continuous,SeasonalNaive7,0.1445317112446959,2.411111111111111,3.5349644497990482,0.12969435717261804,-0.09049001299756222,3,730,10762.0,14.742465753424657,2.519494244990498,0.0
P00169,Trending,Continuous,HoltWinters7,0.1587258929553614,2.33421164981741,2.8737925172682313,0.15108083633771022,-0.0673799934666877,3,730,9213.0,12.62054794520548,2.5299012328628643,0.0
P00170,Trending,Continuous,HoltWinters7,0.07790913338799799,17.350429232016207,22.753911413701758,0.07476662669001653,-0.04520279078454429,3,730,151277.0,207.22876712328767,34.06285636383296,0.0
P00171,Stable,Continuous,HoltWinters7,0.044911683036984645,15.26066557444613,19.461548803524554,0.04498142172097517,-0.020560821207251233,3,730,261488.0,358.2027397260274,38.305464811941825,0.0
P00172,Seasonal,Continuous,SeasonalNaive7,0.158979080508933,1.511111111111111,2.0918176709235117,0.140258049865893,-0.12003031703326618,3,730,6960.0,9.534246575342467,2.253375409186766,0.0
P00173,Stable,Continuous,HoltWinters7,0.04106589037065252,8.715811094494194,10.876664034845263,0.040993740236285596,-0.004549924644188945,3,730,166641.0,228.27534246575343,25.955793805043008,0.0
P00174,Volatile,Continuous,SES,0.2308210341155287,0.8126827315164414,1.068337235249881,0.23323442564039257,-0.06932938094742654,3,730,2544.0,3.484931506849315,0.9209750950040689,0.0
P00175,Stable,Continuous,HoltWinters7,0.04667123643265233,1.4939993539778236,1.8233520196795479,0.045827835016437245,-0.03658526454512826,3,730,25117.0,34.40684931506849,3.92595488344049,0.0
P00176,Seasonal,Continuous,HoltWinters7,0.13619652443893113,1.7871441873927874,2.1821283256631094,0.13116608106839317,-0.026469488637923613,3,730,9440.0,12.931506849315069,2.976030292130554,0.0
P00177,Stable,Continuous,HoltWinters7,0.04947055052833507,9.284588364937564,11.784214729296915,0.04874884610140625,-0.027394173362244544,3,730,144680.0,198.1917808219178,21.295463773902295,0.0
P00178,Seasonal,Continuous,HoltWinters7,0.08521117190282561,0.8478555534731749,1.0674091565581412,0.08389260904163759,-0.030551057536773795,3,730,8152.0,11.167123287671233,2.4448964113322993,0.0
P00179,Trending,Continuous,Naive,0.11035800270406815,22.177777777777777,28.33801448498049,0.10923638500895942,-0.03758221112144051,3,730,123502.0,169.18082191780823,33.32020588226955,0.0
P00180,Trending,Continuous,SES,0.17179527354447557,2.5722199276387507,3.142558159810975,0.16556972232411457,-0.08695785804557475,3,730,9357.0,12.817808219178081,2.631655060647461,0.0
P00181,Stable,Continuous,Naive,0.06489230272233572,0.4666666666666666,0.7421907011109649,0.06373456790123457,-0.01689127246057939,3,730,5492.0,7.523287671232877,1.1124091859415468,0.0
P00182,Trending,Continuous,HoltWinters7,0.1386784332016505,2.1067439111084183,2.688581437950308,0.13272565385521723,-0.04867841596640168,3,730,9094.0,12.457534246575342,2.5523822385015444,0.0
P00183,Trending,Continuous,HoltWinters7,0.115074616606731,44.09758484292369,56.09467605527376,0.10834164851573502,-0.0947068306306759,3,730,236335.0,323.74657534246575,63.706159690365226,0.0
P00184,Trending,Continuous,HoltWinters7,0.1233133343390868,20.58249228920072,25.062368584305222,0.12115160782740549,-0.0462670173579244,3,730,103897.0,142.32465753424657,26.726426253949413,0.0
P00185,Seasonal,Continuous,HoltWinters7,0.08221351682075806,1.0454581626768666,1.28689734027685,0.082687356140392,-0.03742732393558367,3,730,10693.0,14.647945205479452,3.2723897791488623,0.0
P00186,Trending,Continuous,HoltWinters7,0.07811432983869103,31.959894644110193,39.88282270754447,0.07507614973098313,-0.049747677832246484,3,730,272724.0,373.5945205479452,63.901522938484035,0.0
P00187,Trending,Continuous,HoltWinters7,0.10669877519780753,39.64966603506421,50.62330704073732,0.10037440343115105,-0.07317907660873614,3,730,233469.0,319.8205479452055,59.54502269790822,0.0
P00188,Stable,Continuous,HoltWinters7,0.04855403826694497,3.9998283927560383,4.793833037645158,0.04813283090122628,-0.031089816086495563,3,730,64756.0,88.7068493150685,10.100677410999538,0.0
P00189,Trending,Continuous,HoltWinters7,0.08405232231272991,22.937000682981605,28.204761693056096,0.08175836176752183,-0.054332459173339266,3,730,187472.0,256.8109589041096,41.409062319158394,0.0
P00190,Trending,Continuous,HoltWinters7,0.15439585824609978,4.9432713002904185,6.229825303345756,0.1615711548604474,-0.015456739108081438,3,730,19235.0,26.34931506849315,5.428412356290145,0.0
P00191,Seasonal,Continuous,HoltWinters7,0.15645462343536365,2.8774954035071407,3.4355002252523157,0.16236524629645058,-0.0572860055889029,3,730,13866.0,18.994520547945207,4.530642217789093,0.0
P00192,Stable,Continuous,HoltWinters7,0.08856940464887404,2.8944239199855493,3.5402715659889856,0.08933757928077811,-0.0057691254205345785,3,730,23617.0,32.35205479452055,4.130339071731709,0.0
P00193,Stable,Continuous,HoltWinters7,0.08650182004248387,15.576139688229489,18.34377714502631,0.08659849776726941,-0.020541409294151408,3,730,130705.0,179.04794520547946,23.6107355647057,0.0
P00194,Stable,Continuous,HoltWinters7,0.0450491368572983,1.621236536765003,2.093187300446619,0.04452788427212017,-0.012646182578887402,3,730,28072.0,38.45479452054794,4.343452606805948,0.0
P00195,Stable,Continuous,HoltWinters7,0.06804213311815359,1.2181235339921443,1.5502184960450753,0.06870718291942107,-0.00013105362306622842,3,730,13862.0,18.98904109589041,2.735709177413465,0.0
P00196,Seasonal,Continuous,HoltWinters7,0.07618126832967077,1.5929653600032783,2.005486148077738,0.0763938624044098,-0.05052714818520187,3,730,17004.0,23.293150684931508,5.191433504256291,0.0
P00197,Trending,Continuous,HoltWinters7,0.08150071102490992,14.602600961556613,18.22061701335472,0.0784881929373094,-0.05553729614226036,3,730,118058.0,161.72328767123287,27.337952638617903,0.0
P00198,Volatile,Continuous,Naive,0.19923263333525335,53.6,67.85165764005946,0.19990932033271025,-0.056761648337113925,3,730,180642.0,247.45479452054795,59.30638182232026,0.0
P00199,Volatile,Continuous,SES,0.15523716959655434,3.282817716468967,3.9505927914842176,0.15801635687687857,-0.010072999045705472,3,730,14647.0,20.064383561643837,4.34644644166208,0.0
P00200,Stable,Continuous,HoltWinters7,0.03711404942146904,15.260389398230112,18.969003633816765,0.036538477042129376,-0.010918867690105147,3,730,316699.0,433.8342465753425,46.22235493564187,0.0
P00201,Seasonal,Continuous,HoltWinters7,0.08865850893016668,12.861208826668708,14.65669976308562,0.08989839211546691,-0.06289012847205772,3,730,114834.0,157.3068493150685,30.685878437226325,0.0
P00202,Volatile,Continuous,SES,0.24823610821457795,1.8902704800488905,2.3409245244807875,0.2575576735311709,0.0031288048498382495,3,730,5807.0,7.954794520547945,2.0903817292319684,0.0
P00203,Seasonal,Continuous,SeasonalNaive7,0.1608787052458737,0.9222222222222222,1.3048178627547922,0.14296296296296296,-0.13920728898237048,3,730,4246.0,5.816438356164384,1.352436575585785,0.0
P00204,Stable,Continuous,HoltWinters7,0.08268621032122271,20.83227772645389,25.945837105385607,0.0804106422041115,-0.023698941792663127,3,730,180829.0,247.7109589041096,31.43063458752369,0.0
P00205,Stable,Continuous,HoltWinters7,0.045287789267966144,1.7111971792214298,2.111492255675809,0.04443574682510557,-0.030129366446066178,3,730,29880.0,40.93150684931507,4.579218181404143,0.0
P00206,Volatile,Continuous,SES,0.22592286670801054,1.6397245006039993,2.1266558126895196,0.21521103353686363,-0.09844777012257099,3,730,5290.0,7.2465753424657535,1.922938009295721,0.0
P00207,Seasonal,Continuous,HoltWinters7,0.14441582384251572,1.6866172758772509,2.074116253024162,0.139975692820734,-0.06770152379003473,3,730,8578.0,11.75068493150685,2.762830067684258,0.0
P00208,Trending,Continuous,HoltWinters7,0.07069557687667004,30.468319186669863,39.69278964055578,0.06751732531633575,-0.037717057018034066,3,730,291084.0,398.74520547945207,69.85046352081672,0.0
P00209,Seasonal,Continuous,HoltWinters7,0.14588578387373535,2.478095221708899,2.9254367808675923,0.1441035609096275,-0.058449328995187934,3,730,12450.0,17.054794520547944,4.064603169918768,0.0
P00210,Seasonal,Continuous,HoltWinters7,0.154367477920594,0.8543658963145311,1.0673853174176042,0.14871643456907313,-0.07143265368693984,3,730,4078.0,5.586301369863014,1.315238853739104,0.0
P00211,Trending,Continuous,HoltWinters7,0.06401496635208799,8.515000657440533,10.920150400826818,0.06324492734206576,-0.016518948053252006,3,730,90689.0,124.23150684931507,20.293318088552272,0.0
P00212,Trending,Continuous,HoltWinters7,0.07634541784590858,15.033120073418033,18.874296740892127,0.07367265009245172,-0.04823789329121436,3,730,129231.0,177.02876712328768,30.513717617042914,0.0
P00213,Stable,Continuous,HoltWinters7,0.043547805298587344,5.37387086718131,7.082450474101795,0.04324860737777112,-0.013059123622972396,3,730,96219.0,131.8068493150685,14.298108010008788,0.0
P00214,Stable,Continuous,HoltWinters7,0.13214400863053605,2.051412204800806,2.4296116822985447,0.13439572515697196,-0.00766082334976112,3,730,10106.0,13.843835616438357,2.3201264275051146,0.0
P00215,Intermittent,Intermittent,RollingMean28,1.4737652753654824,153.6809523809524,170.8539585333276,0.6925069079836321,0.08274543907667954,3,730,98231.0,134.56301369863013,181.42544713688903,0.6397260273972603
P00216,Trending,Continuous,HoltWinters7,0.169134895175412,2.033245598199416,2.5598913320746792,0.1560701275432676,-0.10250760214378102,3,730,7050.0,9.657534246575343,2.0199225703436228,0.0
P00217,Stable,Continuous,HoltWinters7,0.06575117695012177,0.7815701696315006,0.9786857540958671,0.06556561742392025,-0.01943846928187581,3,730,9103.0,12.46986301369863,1.8443689506717884,0.0
P00218,Intermittent,Intermittent,Naive,0.9524334251606978,91.3,140.0943026516516,0.6921555045156623,-0.39669421487603307,3,730,57305.0,78.5,106.42528307650844,0.6424657534246575
P00219,Trending,Continuous,HoltWinters7,0.084204566989647,33.393595358765424,40.14403482522892,0.08220500181045094,-0.03683060127645483,3,730,266435.0,364.97945205479454,62.86219269109646,0.0
P00220,Volatile,Continuous,Naive,0.18977276140656918,56.866666666666674,70.6324366103459,0.2003773219662607,-0.017595378475129122,3,730,200114.0,274.1287671232877,66.54655739880867,0.0
P00221,Stable,Continuous,HoltWinters7,0.044393141668316545,17.283871097603736,21.36563987358625,0.04345976764740204,-0.02632820671279704,3,730,300246.0,411.2958904109589,45.22915419421168,0.0
P00222,Stable,Continuous,HoltWinters7,0.05400028460622802,4.478585466007757,5.338210567408415,0.05438106357361933,-0.023539027675976456,3,730,64944.0,88.96438356164384,10.236374661840102,0.0
P00223,Trending,Continuous,HoltWinters7,0.17259449158441076,0.9316094752645258,1.1492920707293173,0.16612643612930708,-0.06635356596652486,3,730,3316.0,4.542465753424658,0.972307623511084,0.0
P00224,Volatile,Continuous,RollingMean28,0.15003659920874993,1.5261904761904759,1.9271920141766434,0.1527981602832793,-0.025882447948396847,3,730,8094.0,11.087671232876712,2.649219943967846,0.0
P00225,Seasonal,Continuous,HoltWinters7,0.07363604767314615,0.6230816163545646,0.778436591836745,0.07378133163552687,-0.017346335674459406,3,730,7036.0,9.638356164383561,2.1787494769072953,0.0
P00226,Stable,Continuous,SeasonalNaive7,0.14700726477799866,2.755555555555556,3.9385874039757245,0.13339348580176938,-0.10199237020960539,3,730,12117.0,16.5986301369863,2.9020116550900417,0.0
P00227,Stable,Continuous,HoltWinters7,0.08103509761409415,16.96834321407487,21.14313264513753,0.07819400962366496,-0.037136823817017765,3,730,149584.0,204.9095890410959,25.58704535681117,0.0
P00228,Volatile,Continuous,RollingMean28,0.16963477047261996,4.421428571428572,5.96189822978939,0.17012396260837007,-0.021460685798818543,3,730,19833.0,27.16849315068493,6.767577361983617,0.0
P00229,Volatile,Continuous,SES,0.17913819107254428,48.78675798164687,61.24869922322434,0.17526168002171394,-0.057214317187883196,3,730,180661.0,247.4808219178082,57.43612461549054,0.0
P00230,Seasonal,Continuous,HoltWinters7,0.0671947427393787,7.7247146486945475,9.592572241723248,0.06724863253032408,-0.046913424086759824,3,730,92794.0,127.11506849315069,24.86099446131887,0.0
P00231,Trending,Continuous,HoltWinters7,0.07495263776310591,36.96761386659574,46.301035048389,0.07302269002464923,-0.03464831807608962,3,730,327982.0,449.2904109589041,77.89485397348817,0.0
P00232,Seasonal,Continuous,HoltWinters7,0.066323387695209,6.615992976305883,8.467620394085088,0.06724587147268582,-0.04884396027773092,3,730,81337.0,111.42054794520548,21.96586364521413,0.0
P00233,Seasonal,Continuous,HoltWinters7,0.07587802850085187,2.673616849672977,3.304105968683228,0.07646698558434258,-0.053975998802762847,3,730,28314.0,38.78630136986301,7.653922402239541,0.0
P00234,Stable,Continuous,HoltWinters7,0.04881753903716033,10.005214598661242,12.1201746363655,0.04842610791873624,-0.02927666813220912,3,730,159613.0,218.64794520547946,24.66239874983289,0.0
P00235,Stable,Continuous,SeasonalNaive7,0.10350369656059145,0.2888888888888889,0.46910635240888143,0.08055555555555555,-0.08781742205078753,3,730,1651.0,2.2616438356164386,0.4983181967742064,0.0
P00236,Intermittent,Intermittent,Naive,0.9645308924485126,74.5111111111111,120.81678524860179,0.7113071895462584,-0.4622425629290618,3,730,54769.0,75.02602739726028,108.393206028517,0.6712328767123288
P00237,Volatile,Continuous,Naive,0.1860830939136459,1.9555555555555555,2.5016812827484287,0.20694162319162315,0.04851559793793427,3,730,8286.0,11.35068493150685,2.7859693186804115,0.0
P00238,Stable,Continuous,SES,0.13799633381523058,3.2739016126386282,4.03201682975426,0.13187595066902655,-0.06155089694372026,3,730,15930.0,21.82191780821918,3.6256306986587754,0.0
P00239,Seasonal,Continuous,HoltWinters7,0.07268459262959724,16.576881922117156,20.14483243382802,0.07321179286325415,-0.048901143400604564,3,730,181026.0,247.9808219178082,48.48975301516468,0.0
P00240,Trending,Continuous,HoltWinters7,0.13955033877055564,2.075082367410317,2.6199232152190475,0.1348643119723952,-0.055862162270198,3,730,9051.0,12.398630136986302,2.5361578985412785,0.0
P00241,Trending,Continuous,HoltWinters7,0.09680512983481442,31.434103719303334,41.08666627452463,0.09267107806362025,-0.03718586008819509,3,730,197423.0,270.44246575342464,52.26533659653958,0.0
P00242,Trending,Continuous,HoltWinters7,0.09639239087201647,12.619433249341677,16.782692982737036,0.0928509419959655,-0.038595269680708415,3,730,78220.0,107.15068493150685,21.193452953445224,0.0
P00243,Volatile,Continuous,SES,0.17939451626872072,26.610560059731984,35.72238402409173,0.18323139313448866,-0.02504638755519729,3,730,101115.0,138.513698630137,31.732730806036308,0.0
P00244,Stable,Continuous,SeasonalNaive7,0.07616376522416556,1.6444444444444446,2.040054652933231,0.07520613295997301,-0.02660840267118401,3,730,16613.0,22.757534246575343,3.3464932737622304,0.0
P00245,Seasonal,Continuous,HoltWinters7,0.15357283968549243,3.2303363372341227,3.876962284294701,0.1513710972884643,-0.07563775541369126,3,730,15494.0,21.224657534246575,5.0972915916003,0.0
P00246,Volatile,Continuous,Naive,0.1767213188536397,56.84444444444444,72.20868143206441,0.17490724977602212,-0.05901326911726599,3,730,211978.0,290.3808219178082,67.6444968801695,0.0
P00247,Stable,Continuous,HoltWinters7,0.06853040226681904,0.5532202630441364,0.6797763542824488,0.06781547204519962,-0.008174551539872428,3,730,6190.0,8.479452054794521,1.2615402983297446,0.0
P00248,Stable,Continuous,HoltWinters7,0.08680356882053254,15.295070527320133,18.7447515288886,0.08362187959318289,-0.03541832159646041,3,730,127969.0,175.3,21.740624013820028,0.0
P00249,Stable,Continuous,SeasonalNaive7,0.08735251037803121,14.455555555555556,19.550515072560824,0.08244436432225777,-0.05871621450965487,3,730,118423.0,162.22328767123287,20.26621872845314,0.0
P00250,Trending,Continuous,HoltWinters7,0.10789538180591825,38.71811168886026,48.309248085969166,0.10267367148116867,-0.0706820155501367,3,730,218583.0,299.4287671232877,57.5551598714938,0.0
P00251,Volatile,Continuous,SES,0.19405782284434434,1.157697030710958,1.5130585471549065,0.20232019006173643,-0.005615903746835483,3,730,4724.0,6.471232876712329,1.7180937735046649,0.0
P00252,Stable,Continuous,HoltWinters7,0.07045213546771731,1.5638167957342948,2.0125009662848306,0.07132374570422416,0.001987325670638055,3,730,17122.0,23.454794520547946,3.4934797622646463,0.0
P00253,Volatile,Continuous,Naive,0.19205084019901938,34.13333333333333,39.92200495246407,0.2110268928543683,0.08410726848949235,3,730,124090.0,169.986301369863,38.60062230771412,0.0
P00254,Seasonal,Continuous,SeasonalNaive7,0.09419546555139775,0.8333333333333334,1.1120628408171187,0.0890808882475549,-0.06371854134565999,3,730,7207.0,9.872602739726027,2.250179707743197,0.0
P00255,Trending,Continuous,HoltWinters7,0.16121281647770788,3.471339376821133,4.356544060281361,0.15098022252829923,-0.0661601878994571,3,730,13098.0,17.942465753424656,3.6626584080489817,0.0
P00256,Stable,Continuous,HoltWinters7,0.05272529129057147,5.656911352025362,6.927461217120716,0.051473378341585475,-0.039107471323989666,3,730,83497.0,114.37945205479453,13.209294010620512,0.0
P00257,Stable,Continuous,HoltWinters7,0.08132750831504922,12.64309837495216,15.600014428394049,0.07898369322322053,-0.037681543189884883,3,730,112910.0,154.67123287671234,18.884135055039447,0.0
P00258,Intermittent,Intermittent,Naive,1.0,144.3111111111111,251.74530105911708,1.0,-1.0,3,730,117742.0,161.29041095890412,221.2688761344086,0.6493150684931507
P00259,Stable,Continuous,HoltWinters7,0.04757833324968772,8.106561652447132,10.186164870089556,0.04718455050847694,-0.02355577596717384,3,730,132868.0,182.0109589041096,20.713471237617675,0.0
P00260,Volatile,Continuous,SES,0.24881280985867202,4.6977302377287105,5.920150720790075,0.2363108059827661,-0.142107652100279,3,730,14152.0,19.386301369863013,5.246340812939293,0.0
P00261,Seasonal,Continuous,HoltWinters7,0.06274887323537026,9.839595278272023,11.96515971726186,0.060281384269104114,-0.0437346702782257,3,730,126851.0,173.76849315068492,34.539928889801914,0.0
P00262,Stable,Continuous,HoltWinters7,0.06858985239240749,1.6209653568654534,2.066480362405158,0.06720404844643822,-0.007362208266276334,3,730,16940.0,23.205479452054796,2.9226841117836657,0.0
P00263,Volatile,Continuous,SES,0.22364626482955155,1.892760340242906,2.4290694228681415,0.2256208764405362,-0.058461037651513836,3,730,6227.0,8.53013698630137,2.267996761253282,0.0
P00264,Seasonal,Continuous,HoltWinters7,0.07476998711533078,10.946632824023048,13.016896949641241,0.0759455204396262,-0.049869763094692515,3,730,119432.0,163.6054794520548,32.326107081047546,0.0
P00265,Volatile,Continuous,SES,0.19133391739272188,21.18202899527101,28.867422350806432,0.1755368929776113,-0.09998392201535657,3,730,71644.0,98.14246575342466,23.307074688541125,0.0
P00266,Intermittent,Intermittent,RollingMean28,1.3161429911012066,55.20000000000001,57.51845178733371,0.6002266862196403,0.10191179301966442,3,730,29791.0,40.80958904109589,57.70794132774361,0.6602739726027397
P00267,Intermittent,Intermittent,SeasonalNaive7,1.192731749399776,123.26666666666667,177.1982163744209,0.6694607263405921,-0.1155964084333801,3,730,74576.0,102.15890410958905,135.6442209878914,0.6328767123287671
P00268,Trending,Continuous,HoltWinters7,0.0771133789197036,19.20685326156452,24.176308396745966,0.07425902302348125,-0.06545892630559509,3,730,166389.0,227.93013698630136,39.824915807173085,0.0
P00269,Volatile,Continuous,SES,0.1692368393518496,1.5059560713161504,1.9154649156894568,0.1758581673958952,-0.016871898454870565,3,730,6819.0,9.341095890410958,2.325403079736464,0.0
P00270,Stable,Continuous,HoltWinters7,0.06734044181980835,0.9776008067018855,1.1904042934312746,0.0685296376008179,-0.0009648292582848198,3,730,11141.0,15.261643835616438,2.3573211492168262,0.0
P00271,Trending,Continuous,HoltWinters7,0.1094581608898565,7.030960898083489,9.194843515842482,0.10280274651982348,-0.07290960705822706,3,730,39649.0,54.31369863013698,10.044425530798499,0.0
P00272,Trending,Continuous,Naive,0.09959772722309045,35.855555555555554,46.33220840006961,0.09845728080214439,-0.03282690585602959,3,730,220234.0,301.6904109589041,57.46226808613781,0.0
P00273,Volatile,Continuous,SES,0.17888518499419356,46.00419519198002,60.232261291082516,0.1797677109317719,-0.02467661768684541,3,730,184066.0,252.14520547945204,58.58374948741639,0.0
P00274,Trending,Continuous,HoltWinters7,0.12418964589124064,34.798560340318495,44.40990692001364,0.11557888700642838,-0.08531480167851803,3,730,173116.0,237.14520547945204,46.04656509099518,0.0
P00275,Seasonal,Continuous,HoltWinters7,0.06959356396882369,3.238607394964738,4.090235091713795,0.0702973537874617,-0.051880394026196146,3,730,37586.0,51.487671232876714,10.367221019217794,0.0
P00276,Stable,Continuous,HoltWinters7,0.049131645383968726,11.016551198385157,14.234128097458902,0.048527863394894344,-0.019173750529803583,3,730,175259.0,240.0808219178082,27.606291193357873,0.0
P00277,Intermittent,Intermittent,RollingMean28,1.3603705360401988,195.6706349206349,203.1035695067698,0.5985411135920201,0.15486536699147657,3,730,108336.0,148.4054794520548,205.65985334667627,0.6520547945205479
P00278,Trending,Continuous,HoltWinters7,0.07456505663456724,23.672463886042053,28.472594087029574,0.07252677690665331,-0.057762676355028554,3,730,211975.0,290.3767123287671,47.96073788789275,0.0
P00279,Stable,Continuous,HoltWinters7,0.04624946684403921,3.6839148292806705,4.563877233160075,0.045839571178153016,-0.023281878141139318,3,730,61746.0,84.58356164383562,9.171241113729028,0.0
P00280,Intermittent,Intermittent,Naive,1.0,116.18888888888888,199.4720375509377,1.0,-1.0,3,730,82258.0,112.68219178082192,163.33239383492776,0.6726027397260274
P00281,Stable,Continuous,HoltWinters7,0.08235299222111267,18.214427463805098,22.753098226440347,0.0794851126008374,-0.03797023479975509,3,730,159028.0,217.84657534246574,27.13631737664344,0.0
P00282,Stable,Continuous,HoltWinters7,0.06633510688118954,1.1695956663133777,1.4306180912463429,0.06470934352119123,-0.045337064832852665,3,730,13498.0,18.49041095890411,2.7172246584702067,0.0
P00283,Seasonal,Continuous,HoltWinters7,0.06252140800853183,1.149789009402556,1.4072875051188343,0.06311126139761235,-0.015503260000384699,3,730,15059.0,20.62876712328767,4.4660579233871704,0.0
P00284,Stable,Continuous,HoltWinters7,0.1311438031672415,2.2068320922376397,2.6007700752742005,0.13554577670491016,-0.0005183714918514135,3,730,11055.0,15.143835616438356,2.5342366973579837,0.0
P00285,Trending,Continuous,HoltWinters7,0.07555951328989319,17.00471334799369,21.441487003713377,0.07366000084928533,-0.026444564296864804,3,730,150651.0,206.37123287671233,34.58324078306642,0.0
P00286,Volatile,Continuous,SES,0.27695308538701574,0.7773550540354531,0.9009663736824365,0.29179361875673576,-0.051389171891482455,3,730,2090.0,2.863013698630137,0.8624950009699972,0.0
P00287,Stable,Continuous,HoltWinters7,0.04360188711340274,8.05955130730577,10.030000829676295,0.04289679148371673,-0.028370715199704438,3,730,146549.0,200.75205479452055,22.437418589794902,0.0
P00288,Seasonal,Continuous,HoltWinters7,0.06592563803054434,2.672902110235807,3.445396900780891,0.0639164749169643,-0.04254965405637159,3,730,32486.0,44.5013698630137,8.759278727575028,0.0
P00289,Stable,Continuous,HoltWinters7,0.05757995725515381,0.7917862958772584,1.0592086154588845,0.05665345035128535,-0.018346862033711293,3,730,10522.0,14.413698630136986,2.131822707731524,0.0
P00290,Seasonal,Continuous,HoltWinters7,0.06362793353049932,6.090572527193085,7.520516770142457,0.06305508642261524,-0.038912963719716,3,730,77915.0,106.73287671232876,20.83065533269939,0.0
P00291,Volatile,Continuous,SES,0.23399806259683142,3.7541320370666997,4.751677408372466,0.22799562213885413,-0.043256262166132785,3,730,12130.0,16.616438356164384,4.444537458860949,0.0
P00292,Seasonal,Continuous,SeasonalNaive7,0.15080858915230808,0.8444444444444444,1.2490358670001764,0.13574955908289243,-0.10577659819824366,3,730,4143.0,5.675342465753425,1.332333042674753,0.0
P00293,Stable,Continuous,HoltWinters7,0.07679694600380153,14.128148884670892,17.402417662239177,0.07636385016571359,-0.020802549924439962,3,730,133420.0,182.76712328767124,22.95640321355455,0.0
P00294,Volatile,Continuous,SES,0.16383187956362935,4.0288795607719265,5.092561697807074,0.17416053507558782,-0.018957932451785134,3,730,18411.0,25.220547945205478,6.269167238254996,0.0
P00295,Volatile,Continuous,SES,0.23267857576492448,1.544634546391401,2.0588688301565217,0.22327043760706874,-0.10783141110714678,3,730,4707.0,6.447945205479452,1.7263081431046854,0.0
P00296,Stable,Continuous,HoltWinters7,0.04527322313014461,2.0952657051028876,2.595302554546187,0.04512350627396578,-0.008300737283764922,3,730,36125.0,49.486301369863014,5.507242147225207,0.0
P00297,Stable,Continuous,HoltWinters7,0.05554020014259941,5.248189373875358,6.3562703672214775,0.05468572955539073,-0.03928352904321561,3,730,72955.0,99.93835616438356,10.685697145922305,0.0
P00298,Seasonal,Continuous,HoltWinters7,0.12799044071101862,3.591219068633085,4.52855729984402,0.12378726097621157,-0.03370408097350285,3,730,19730.0,27.027397260273972,6.192992638903012,0.0
P00299,Seasonal,Continuous,HoltWinters7,0.0661044397645129,10.880790272892815,13.342386261263128,0.06528921242754009,-0.037779073354824465,3,730,128972.0,176.67397260273972,33.748371001269135,0.0
P00300,Trending,Continuous,HoltWinters7,0.1470069777154301,3.057351451899811,3.745867332431219,0.1444207125292415,-0.05844191138120003,3,730,12769.0,17.491780821917807,3.4721013677597785,0.0
P00301,Seasonal,Continuous,SeasonalNaive7,0.15328219840812513,0.7666666666666666,1.1518085049896438,0.13669312169312167,-0.13183322168354308,3,730,3622.0,4.961643835616439,1.197233910399398,0.0
P00302,Trending,Continuous,HoltWinters7,0.07974666606235327,21.083652626817415,25.068104863511078,0.07818346924557659,-0.04761425896143196,3,730,180268.0,246.94246575342467,41.446373760436174,0.0
P00303,Seasonal,Continuous,HoltWinters7,0.07198658693815123,17.796693714534722,22.21924356391317,0.06969906049578527,-0.05364925773892574,3,730,199844.0,273.758904109589,53.25680681423179,0.0
P00304,Stable,Continuous,HoltWinters7,0.04273416189665888,10.255198807180667,12.978839194700951,0.04238390822247057,-0.013147548041405594,3,730,186607.0,255.6260273972603,28.66817168696058,0.0
P00305,Intermittent,Intermittent,Naive,1.0,107.68888888888888,190.4651219930524,1.0,-1.0,3,730,85194.0,116.7041095890411,161.76868821836075,0.6520547945205479
P00306,Stable,Continuous,HoltWinters7,0.07225016559697439,2.156953707949183,2.8612662168758667,0.06801644138457484,-0.047247702766466594,3,730,21335.0,29.226027397260275,3.6906632426592543,0.0
P00307,Stable,Continuous,HoltWinters7,0.045265604685425585,2.2114160542157526,2.6369790952777774,0.04496222994494381,-0.018015763183055776,3,730,38035.0,52.102739726027394,5.877031449332594,0.0
P00308,Stable,Continuous,Naive,0.05488168198842356,0.17777777777777778,0.3925034462800598,0.04722222222222222,-0.04739104528430371,3,730,2511.0,3.4397260273972603,0.6239921313446842,0.0
P00309,Trending,Continuous,HoltWinters7,0.0756592114000842,16.29596968135159,20.27260937578545,0.07387695456206443,-0.04617645477601635,3,730,139930.0,191.68493150684932,33.569401408137324,0.0
P00310,Volatile,Continuous,RollingMean28,0.1955431508063087,1.0809523809523809,1.3744894039463667,0.19697373393801967,-0.03939773676615786,3,730,4294.0,5.882191780821918,1.47306334842212,0.0
P00311,Stable,Continuous,HoltWinters7,0.06755344168413763,0.6119293433977786,0.7809157331212262,0.0689773903825905,0.01455330709758784,3,730,6917.0,9.475342465753425,1.3818618106114247,0.0
P00312,Stable,Continuous,SeasonalNaive7,0.1432448579832515,2.066666666666667,3.041219610816715,0.12898720382432863,-0.0806636416068988,3,730,9529.0,13.053424657534247,2.2470576519136185,0.0
P00313,Trending,Continuous,HoltWinters7,0.1463521253997581,5.607596288165546,6.791137713331686,0.1422424047015575,-0.05308499919123797,3,730,23733.0,32.510958904109586,6.547328204987376,0.0
P00314,Volatile,Continuous,SES,0.17843372057629603,37.10324256538168,48.20208439887407,0.17756567962939948,-0.06371128897998651,3,730,137139.0,187.86164383561643,43.14039075120351,0.0
P00315,Volatile,Continuous,RollingMean28,0.2005984357240614,53.27142857142857,67.00461799437377,0.19528386026947656,-0.07802870713922604,3,730,177618.0,243.3123287671233,58.383256580036644,0.0
P00316,Trending,Continuous,HoltWinters7,0.077004633762192,38.850979345968064,46.88427114962118,0.07594675889837725,-0.045038192892880774,3,730,332423.0,455.37397260273974,78.47898118366558,0.0
P00317,Seasonal,Continuous,HoltWinters7,0.08762524865792438,0.41379488703182715,0.5202269252451497,0.08761777563971263,-0.05069173223934633,3,730,3905.0,5.3493150684931505,1.2012365928071078,0.0
P00318,Volatile,Continuous,SES,0.2091369164241729,4.626817914656567,6.193190009038141,0.19572453429609363,-0.08864462257360622,3,730,16321.0,22.35753424657534,5.659482684367491,0.0
P00319,Seasonal,Continuous,HoltWinters7,0.15122135079760843,1.4663482789812725,1.8685728839267834,0.14480112514258048,-0.05609390016469418,3,730,7160.0,9.808219178082192,2.306176678175869,0.0
P00320,Seasonal,Continuous,HoltWinters7,0.07426681339731256,1.3101229607486027,1.6644191876860717,0.07484688066913446,-0.03694653971266234,3,730,14700.0,20.136986301369863,4.493601817860604,0.0
P00321,Seasonal,Continuous,HoltWinters7,0.06049227223052498,6.584925395366953,8.034163628494971,0.060997729966643065,-0.03602361930362599,3,730,87907.0,120.42054794520548,23.835970436879514,0.0
P00322,Intermittent,Intermittent,Naive,1.1080091533180778,214.72222222222226,317.0565290499414,0.6916875576457128,-0.2662090007627765,3,730,129759.0,177.75205479452055,246.70892231192155,0.6534246575342466
P00323,Stable,Continuous,HoltWinters7,0.04799086144070428,6.977851138723487,8.363656530899263,0.048101219607953515,-0.01503449729483003,3,730,113524.0,155.51232876712328,16.74313277900153,0.0
P00324,Stable,Continuous,HoltWinters7,0.07208769955725684,0.6777016169553605,0.8199257911397407,0.07012960371868533,-0.030337192689749576,3,730,7246.0,9.926027397260274,1.4487142397636266,0.0
P00325,Volatile,Continuous,Naive,0.1807404864158936,54.26666666666667,69.46958421188857,0.19129916605374328,-0.012935470014911491,3,730,200588.0,274.7780821917808,66.32124555697952,0.0
P00326,Intermittent,Intermittent,Naive,1.0,13.299999999999999,23.40929935812675,1.0,-1.0,3,730,10982.0,15.043835616438356,20.623165330056114,0.647945205479452
P00327,Seasonal,Continuous,HoltWinters7,0.07488495574247046,15.40420800648667,18.71429279371818,0.07477938476236064,-0.06810383253248456,3,730,164267.0,225.02328767123288,44.65245465366396,0.0
P00328,Seasonal,Continuous,HoltWinters7,0.0628017887413058,13.212381130653513,16.73460523144887,0.06241964872470305,-0.04016131719021167,3,730,170644.0,233.75890410958905,45.32836403294301,0.0
P00329,Volatile,Continuous,Naive,0.1725326019891031,4.433333333333334,5.564544036122807,0.1737638479823093,-0.03383592711105663,3,730,19119.0,26.19041095890411,6.3807551957364845,0.0
P00330,Seasonal,Continuous,HoltWinters7,0.14280760700977346,4.362676067433399,5.192175962905918,0.14112587265672286,-0.05399832235649851,3,730,21921.0,30.028767123287672,6.895695153257159,0.0
P00331,Seasonal,Continuous,SeasonalNaive7,0.0921595452968742,2.4555555555555557,3.123622585257026,0.09018873365237394,-0.06647101411540547,3,730,22056.0,30.213698630136985,6.850817040346349,0.0
P00332,Intermittent,Intermittent,Naive,1.2487708947885938,28.322222222222223,40.48982636848991,0.6867920828143655,-0.11504424778761065,3,730,16926.0,23.186301369863013,30.710709628561936,0.6315068493150685
P00333,Trending,Continuous,HoltWinters7,0.13556033863655134,4.551240127572707,5.785978501970895,0.13118721844846157,-0.03878119463280675,3,730,20782.0,28.46849315068493,5.619847171018497,0.0
P00334,Trending,Continuous,HoltWinters7,0.13381194357306897,3.740472729113367,4.689505544745374,0.12817327893470196,-0.04210419575097966,3,730,17144.0,23.484931506849314,4.667891409917437,0.0
P00335,Seasonal,Continuous,HoltWinters7,0.1448805507680008,2.8337623990498284,3.4658338941011375,0.14149570893685026,-0.06861641986651097,3,730,14548.0,19.92876712328767,4.7808339192578835,0.0
P00336,Seasonal,Continuous,SeasonalNaive7,0.1351292077098529,0.7999999999999999,1.2733443953580748,0.11723104056437388,-0.1125460560944432,3,730,4046.0,5.542465753424658,1.3634376999523492,0.0
P00337,Trending,Continuous,HoltWinters7,0.1038888158495036,26.159440215169212,34.47158000978846,0.09746428072971543,-0.06015550220146762,3,730,157918.0,216.32602739726028,41.05111413653837,0.0
P00338,Trending,Continuous,HoltWinters7,0.07668556574470754,51.69778896858202,67.96032561576345,0.07343151764727081,-0.041069364000145624,3,730,447033.0,612.3739726027397,105.89368134893071,0.0
P00339,Seasonal,Continuous,HoltWinters7,0.05552853102514973,14.218476146566744,19.050023780769262,0.05488476571000067,-0.026390773728540082,3,730,207811.0,284.672602739726,56.48283850288204,0.0
P00340,Seasonal,Continuous,HoltWinters7,0.13657309415939942,1.9062777678603338,2.3091696037430087,0.13599566389499623,-0.01789556326461428,3,730,10433.0,14.291780821917808,3.3273301261043557,0.0
P00341,Trending,Continuous,HoltWinters7,0.08081028842969283,3.2415726756137815,3.9835691754219567,0.07952811407111493,-0.049649108559287204,3,730,27617.0,37.83150684931507,6.252821074430478,0.0
P00342,Trending,Continuous,HoltWinters7,0.07541821814592076,11.713034108819066,15.229032709780588,0.07266242132921014,-0.047647720914334495,3,730,107238.0,146.9013698630137,23.910983139950158,0.0
P00343,Volatile,Continuous,SES,0.23669627877740265,6.32128567788034,8.564602213848435,0.230909994342419,-0.07800603642917377,3,730,18206.0,24.93972602739726,6.899568379296175,0.0
P00344,Seasonal,Continuous,HoltWinters7,0.07409533791541144,1.50783848907994,1.827881282453441,0.07448047651786319,-0.046610072011159166,3,730,16375.0,22.431506849315067,4.86823292661715,0.0
P00345,Stable,Continuous,HoltWinters7,0.06155163427258961,0.889070591016969,1.1723179871092515,0.060442876358921455,-0.02009717281397776,3,730,11032.0,15.112328767123287,2.2206133191447552,0.0
P00346,Trending,Continuous,HoltWinters7,0.07396443211858257,3.5272132906099203,4.4433831137882,0.07229425240724903,-0.027429365202856975,3,730,32054.0,43.90958904109589,7.28397463785965,0.0
P00347,Stable,Continuous,HoltWinters7,0.05167551974903164,6.809871276303476,8.037087186003331,0.0514903829622842,-0.02925163909436951,3,730,103619.0,141.94383561643835,15.838203594056859,0.0
P00348,Seasonal,Continuous,HoltWinters7,0.13936789613675588,2.0985171392530417,2.52131909142148,0.14130181863375776,-0.019052942631120454,3,730,10975.0,15.034246575342467,3.5160115504741754,0.0
P00349,Volatile,Continuous,RollingMean28,0.1758474329775245,4.837301587301588,6.2721460084523315,0.17790756002316307,-0.02509955592361665,3,730,21068.0,28.86027397260274,6.972781488091101,0.0
P00350,Trending,Continuous,HoltWinters7,0.07289963103850622,19.38854837469783,25.029775843851997,0.07007858826828832,-0.039213520502885464,3,730,180538.0,247.3123287671233,41.94150981543477,0.0
P00351,Seasonal,Continuous,HoltWinters7,0.06333760727840756,6.1991813152668,7.453075266423937,0.06497850924148946,-0.02631649589742797,3,730,80860.0,110.76712328767124,21.655755750960832,0.0
P00352,Volatile,Continuous,SES,0.1567772091107507,25.93857133919703,31.369826609524065,0.1572708917080194,-0.03899697323635264,3,730,115101.0,157.67260273972602,36.65481948626078,0.0
P00353,Intermittent,Intermittent,SeasonalNaive7,1.083524570827831,22.28888888888889,36.18097000430856,0.6073377651822641,-0.08656419870417813,3,730,16553.0,22.675342465753424,30.469622286068304,0.6383561643835617
P00354,Seasonal,Continuous,SeasonalNaive7,0.15854770240735153,4.7444444444444445,6.62362657188682,0.1453105094013503,-0.12046838362627836,3,730,21573.0,29.552054794520547,6.830951297941856,0.0
P00355,Stable,Continuous,HoltWinters7,0.1396491611820676,1.9550196579172099,2.326626809075948,0.14167889619720977,-0.027357881212478768,3,730,9032.0,12.372602739726027,2.152183965827132,0.0
P00356,Stable,Continuous,SeasonalNaive7,0.06245792841503944,9.233333333333334,11.585061373046704,0.06089722619850301,-0.044740049905006886,3,730,114177.0,156.40684931506848,17.746661261892083,0.0
P00357,Volatile,Continuous,SES,0.23240936193381803,2.67778637672425,3.690967552562577,0.21437849072238188,-0.12730164769887628,3,730,8321.0,11.398630136986302,3.1337357744656713,0.0
P00358,Trending,Continuous,HoltWinters7,0.0766261643824443,21.398667364159184,27.67585537281539,0.07433237647426581,-0.04010149124700701,3,730,189067.0,258.9958904109589,42.46026121933027,0.0
P00359,Trending,Continuous,HoltWinters7,0.1143974308664774,30.99990323136892,38.365654780001044,0.10905645360375442,-0.061219975286879995,3,730,163082.0,223.4,44.07020213306699,0.0
P00360,Trending,Continuous,HoltWinters7,0.06797672311616328,19.85350760042341,25.081379428701783,0.06753350385093426,-0.03513915806110221,3,730,197369.0,270.3684931506849,44.197335812526,0.0
P00361,Volatile,Continuous,RollingMean28,0.16928251641856717,1.5722222222222222,1.9678253830107177,0.16986677674177672,-0.03764323243501056,3,730,7246.0,9.926027397260274,2.437702678275359,0.0
P00362,Seasonal,Continuous,HoltWinters7,0.08803325731306133,9.04351379302228,10.595079727826883,0.08812416763767271,-0.07693589092567144,3,730,83332.0,114.15342465753425,22.38418804426547,0.0
P00363,Stable,Continuous,HoltWinters7,0.04251511563025708,2.199779990840825,2.9045912909849627,0.04204809038469456,-0.01544418766754592,3,730,40558.0,55.558904109589044,6.414357943195864,0.0
P00364,Stable,Continuous,HoltWinters7,0.0426251748017896,8.219573730610806,10.142272164785064,0.04301894336756718,0.007823404247287268,3,730,150566.0,206.25479452054793,23.56098843180494,0.0
P00365,Trending,Continuous,HoltWinters7,0.09432699331461043,2.9010456922242813,4.027260118137819,0.08937446859829651,-0.041626460356641186,3,730,18944.0,25.95068493150685,5.076131599267155,0.0
P00366,Stable,Continuous,HoltWinters7,0.07573617727108038,1.3814158208333247,1.6425719362134996,0.07378573951233224,-0.05325190549301203,3,730,13943.0,19.1,2.844314233130742,0.0
P00367,Stable,Continuous,HoltWinters7,0.08234675788074623,19.101895044597764,23.49183694538884,0.07969734198937069,-0.04156844518618685,3,730,165733.0,227.03150684931506,28.489794946746017,0.0
P00368,Stable,Continuous,HoltWinters7,0.0844620801127977,19.77143154349425,24.207152370629178,0.08127580171944661,-0.03955912820443316,3,730,168888.0,231.35342465753425,29.58521709503176,0.0
P00369,Stable,Continuous,SES,0.1402041068012033,2.306493027687953,2.8270518204350936,0.13597637303915097,-0.04511554188409389,3,730,10889.0,14.916438356164383,2.5385647575807013,0.0
P00370,Stable,Continuous,HoltWinters7,0.13553283332262608,2.285233388913481,2.7718729852394275,0.14018202832351687,-0.003503740680996283,3,730,11033.0,15.113698630136986,2.656762217121547,0.0
P00371,Trending,Continuous,HoltWinters7,0.1511727876091285,0.8908671217426779,1.1449690985510788,0.1441217560485548,-0.07183718655354918,3,730,3552.0,4.865753424657535,1.012164581855782,0.0
P00372,Trending,Continuous,HoltWinters7,0.13241733792149016,3.7663980583502554,4.7899176639051015,0.12635055209639978,-0.023268649883350635,3,730,17388.0,23.81917808219178,4.778514371420563,0.0
P00373,Stable,Continuous,HoltWinters7,0.1326758933395624,3.7609484067772527,4.448403571689752,0.1423349792542353,0.03267392177860135,3,730,18625.0,25.513698630136986,4.29252117246351,0.0
P00374,Trending,Continuous,HoltWinters7,0.07107763162611695,14.224089869878787,18.339091096526996,0.06951814960963855,-0.03463659294609619,3,730,132736.0,181.83013698630137,31.11836196338689,0.0
P00375,Volatile,Continuous,SES,0.21737947531094284,2.9081204737352544,4.163038824019748,0.19247441991025607,-0.11747575320445346,3,730,9758.0,13.367123287671232,3.7620607986239882,0.0
P00376,Volatile,Continuous,SES,0.15725520690634798,3.761873627968985,4.7828940625241865,0.16039594671119958,-0.00894181704478632,3,730,19184.0,26.279452054794522,6.624246912791015,0.0
P00377,Stable,Continuous,HoltWinters7,0.08408572711589522,19.555826304369102,23.485622826970513,0.08268486996884626,-0.01637259796753388,3,730,166753.0,228.42876712328768,29.671424131655083,0.0
P00378,Seasonal,Continuous,SeasonalNaive7,0.14385752620404138,1.2666666666666666,1.867176958285162,0.13525190858524194,-0.07079045781252467,3,730,6370.0,8.726027397260275,2.0731497541727206,0.0
P00379,Trending,Continuous,HoltWinters7,0.09958995752949606,22.033414363891296,28.736716510129412,0.09317736331264843,-0.07394193988390692,3,730,135049.0,184.9986301369863,34.478617031639395,0.0
P00380,Seasonal,Continuous,SeasonalNaive7,0.10046033235057623,0.6666666666666666,0.9493417452802492,0.09596119929453263,-0.06840458322165639,3,730,5472.0,7.495890410958904,1.69015858349342,0.0
P00381,Seasonal,Continuous,SeasonalNaive7,0.16120841691688767,0.7999999999999999,1.228133296633881,0.138968253968254,-0.12730463906735584,3,730,3543.0,4.853424657534247,1.1672934461885018,0.0
P00382,Trending,Continuous,HoltWinters7,0.07741431898985675,48.826312226394236,60.063763048916634,0.0749550468819441,-0.050685803635019476,3,730,418820.0,573.7260273972603,101.23092348853775,0.0
P00383,Stable,Continuous,HoltWinters7,0.04605995641706531,10.878641562739395,14.047059481823062,0.04520719988751345,-0.02852442870821616,3,730,185429.0,254.01232876712328,29.268280115286124,0.0
P00384,Volatile,Continuous,SES,0.19052906864704058,45.068314766366846,56.07374427720317,0.20168317921309628,-0.024659866144999723,3,730,163614.0,224.12876712328767,52.52611729871084,0.0
P00385,Stable,Continuous,HoltWinters7,0.0460017994709613,2.33394265015365,2.957990136177806,0.04566215868876968,-0.030215422388000016,3,730,39230.0,53.73972602739726,5.897913879318168,0.0
P00386,Volatile,Continuous,SES,0.18189321930717497,46.204520734812114,58.445362848962226,0.17686933266531124,-0.049901230012485476,3,730,175194.0,239.9917808219178,55.21192430355683,0.0
P00387,Seasonal,Continuous,HoltWinters7,0.06832295409205828,0.8826809887269316,1.1040432534250295,0.06883628926473885,-0.029759134542758397,3,730,10593.0,14.51095890410959,3.234419725163741,0.0
P00388,Volatile,Continuous,SES,0.24434329119110532,2.8832705490387442,3.7384676326195296,0.24757287277521736,-0.041249941401555995,3,730,8466.0,11.597260273972603,3.070634961692289,0.0
P00389,Intermittent,Intermittent,RollingMean28,1.422509601399854,135.92142857142858,146.9780520161546,0.6752241175756333,0.06618963205954458,3,730,80532.0,110.31780821917808,147.33873455498713,0.6356164383561644
P00390,Volatile,Continuous,SES,0.182928499053147,6.8848584025665005,9.016101834282724,0.18600939829601548,-0.04194841793116023,3,730,26549.0,36.368493150684934,8.294136238513671,0.0
P00391,Stable,Continuous,HoltWinters7,0.09018835349980929,18.48183260711211,23.286835712495,0.08596853661636193,-0.053383798816532387,3,730,145555.0,199.3904109589041,25.321898352652138,0.0
P00392,Seasonal,Continuous,HoltWinters7,0.07406755574840292,1.253493086566366,1.6054322200064626,0.0741833586394438,-0.040737427513863916,3,730,13822.0,18.934246575342467,4.152914562447139,0.0
P00393,Stable,Continuous,HoltWinters7,0.07454369161380717,0.5104494674935842,0.6612355898522361,0.07663252851924608,0.022109895783551953,3,730,5360.0,7.342465753424658,1.156115463618527,0.0
P00394,Trending,Continuous,HoltWinters7,0.08265474515355486,13.866747971250922,17.782465513742984,0.07974962400307023,-0.060221104605969765,3,730,109936.0,150.5972602739726,26.4177579455645,0.0
P00395,Stable,Continuous,HoltWinters7,0.062177863584481796,0.4257369661346965,0.5422391783604276,0.061893431061338045,-0.01701868895295124,3,730,5289.0,7.245205479452054,1.0906185677525335,0.0
P00396,Volatile,Continuous,SES,0.19954218356608747,6.138648869295788,7.552243457858147,0.19740841995128286,-0.08549763106371083,3,730,20230.0,27.71232876712329,6.408540794759861,0.0
P00397,Stable,Continuous,HoltWinters7,0.1045170018387404,16.35240529998552,19.376444615371874,0.10146413021968266,-0.04381980759112594,3,730,113995.0,156.15753424657535,19.741778986026542,0.0
P00398,Seasonal,Continuous,HoltWinters7,0.08830904713731391,2.020214940784465,2.451667820806414,0.08995627171241764,-0.06907712328730192,3,730,19309.0,26.45068493150685,5.8844293220795025,0.0
P00399,Trending,Continuous,HoltWinters7,0.07808736709261432,4.110797623309889,5.339115208382142,0.07519100704407809,-0.05341655437883197,3,730,35065.0,48.034246575342465,8.42396345364433,0.0
P00400,Intermittent,Intermittent,Naive,1.0,24.444444444444446,36.836715096729726,1.0,-1.0,3,730,15350.0,21.027397260273972,27.311982327835285,0.6219178082191781
P00401,Trending,Continuous,HoltWinters7,0.13555243386615073,3.529960000154413,4.628039704316236,0.12978634260332353,-0.044636355712604,3,730,15416.0,21.117808219178084,4.265835260615938,0.0
P00402,Stable,Continuous,HoltWinters7,0.08646984512478696,18.769195585957522,22.922693828012168,0.08502492394629034,-0.022680170025676443,3,730,156463.0,214.33287671232875,27.780842076880145,0.0
P00403,Seasonal,Continuous,HoltWinters7,0.0760060656916096,8.045640710476233,9.829050573958021,0.07496643058898599,-0.0583354506244266,3,730,83997.0,115.06438356164384,22.342144750698925,0.0
P00404,Trending,Continuous,HoltWinters7,0.08463225792410116,12.151262467688404,16.224448744454133,0.08097098072303947,-0.03763412027193078,3,730,89344.0,122.3890410958904,22.350233527249525,0.0
P00405,Seasonal,Continuous,HoltWinters7,0.09936634641541624,1.7059542600024755,2.069342219008383,0.10019046830593308,-0.05782611428114711,3,730,13889.0,19.026027397260275,4.1851041420294965,0.0
P00406,Stable,Continuous,HoltWinters7,0.07733183408771789,6.214691515516563,7.555803732021819,0.07654185155297431,-0.006805223867192424,3,730,57399.0,78.62876712328767,9.870936394750283,0.0
P00407,Stable,Continuous,SeasonalNaive7,0.09590626494500239,0.25555555555555554,0.5046047801948207,0.0925925925925926,-0.06320102024549658,3,730,2071.0,2.836986301369863,0.49910945365287396,0.0
P00408,Seasonal,Continuous,HoltWinters7,0.15289311220088028,3.3566838552247504,3.90989052839451,0.1540410923511925,-0.0522265668729256,3,730,16369.0,22.423287671232877,5.440311370192785,0.0
P00409,Trending,Continuous,HoltWinters7,0.0904709811598477,22.364911867121677,30.396797228086694,0.08568819639142612,-0.049808196420480545,3,730,153273.0,209.96301369863014,40.07948209846304,0.0
P00410,Volatile,Continuous,SES,0.22377629522724915,3.925087837994306,5.162205787897392,0.21002232546799615,-0.09470886251748596,3,730,12916.0,17.693150684931506,4.555294445004874,0.0
P00411,Stable,Continuous,HoltWinters7,0.05331285814908702,1.179002921729165,1.4801525865619567,0.052643134525038826,-0.01707186715591618,3,730,16889.0,23.135616438356163,3.485729081935545,0.0
P00412,Volatile,Continuous,SES,0.16635706227648703,37.03464672569106,46.86951931915928,0.16174943285842225,-0.05783328307633412,3,730,148636.0,203.6109589041096,48.9334184456819,0.0
P00413,Trending,Continuous,HoltWinters7,0.11507856705356721,10.629746088712777,13.541623866960629,0.10978102553785439,-0.06165627198162341,3,730,57303.0,78.4972602739726,15.15319550614295,0.0
P00414,Trending,Continuous,HoltWinters7,0.08303595146816554,13.408173076306596,16.8518807423405,0.0801874511829964,-0.05317186702338694,3,730,106574.0,145.9917808219178,24.73386327909768,0.0
P00415,Seasonal,Continuous,HoltWinters7,0.06454580415431736,3.3682552974483713,4.185947404645271,0.06544487723205046,-0.021188872432176434,3,730,42500.0,58.21917808219178,11.42392572124692,0.0
P00416,Volatile,Continuous,Naive,0.17174279576518517,0.9555555555555556,1.3235995263298912,0.1796164021164021,-0.04324680548779966,3,730,4310.0,5.904109589041096,1.4634493665072328,0.0
P00417,Stable,Continuous,HoltWinters7,0.06052692600159287,1.2214172887558035,1.5226787787365268,0.05938837234785239,-0.0253532615801688,3,730,15476.0,21.2,3.270351495268714,0.0
P00418,Seasonal,Continuous,HoltWinters7,0.06801883151387701,1.5902120605615462,2.039186844831514,0.067511422130186,-0.011729372053710954,3,730,19437.0,26.626027397260273,5.877219451119263,0.0
P00419,Trending,Continuous,HoltWinters7,0.08542256321776993,56.714672547892384,72.57666165440465,0.08301175901117674,-0.03826523445012721,3,730,438226.0,600.3095890410959,101.85508434518103,0.0
P00420,Trending,Continuous,HoltWinters7,0.07497762400195884,34.75677149671831,43.101121125865085,0.07297985370408812,-0.046795512232290996,3,730,300488.0,411.627397260274,71.22915214504172,0.0
P00421,Intermittent,Intermittent,RollingMean28,1.2570142734801817,56.82698412698414,58.86222614544672,0.6036167277629557,0.04017369626047428,3,730,33440.0,45.80821917808219,59.91300449765004,0.6246575342465753
P00422,Stable,Continuous,HoltWinters7,0.04296230556085612,3.2484983411887014,4.122404380437836,0.04268815067444359,-0.026006240861522336,3,730,59021.0,80.85068493150685,8.692642668789643,0.0
P00423,Trending,Continuous,HoltWinters7,0.14831791142679845,5.086162074668214,6.233831820401691,0.14325312721972275,-0.04764745256655281,3,730,20956.0,28.706849315068492,5.637332176220805,0.0
P00424,Seasonal,Continuous,HoltWinters7,0.07773346368195826,12.879011989853588,16.176875373482627,0.0774118413479804,-0.060732097137258634,3,730,137023.0,187.7027397260274,36.711168178455104,0.0
P00425,Trending,Continuous,HoltWinters7,0.15461390360884555,4.0620973134762925,4.960424940419265,0.14928942142678622,-0.05043867461464863,3,730,16250.0,22.26027397260274,4.448231094487602,0.0
P00426,Stable,Continuous,HoltWinters7,0.049851413363414594,11.245496613784793,14.225911009126976,0.049336260952686166,-0.019028025155137438,3,730,175864.0,240.9095890410959,26.789686222438753,0.0
P00427,Seasonal,Continuous,HoltWinters7,0.0716625452596868,1.4166726142632033,1.739227761213388,0.07221647246928249,-0.04731681129430602,3,730,16473.0,22.565753424657533,4.997577442698627,0.0
P00428,Stable,Continuous,HoltWinters7,0.0827220712579807,18.197900106895386,21.97372193476174,0.0806956346969462,-0.037129531938670905,3,730,158525.0,217.15753424657535,26.88850330204209,0.0
P00429,Stable,Continuous,SeasonalNaive7,0.08945661939919529,0.3111111111111111,0.5236119139177356,0.08148148148148149,-0.06429938669479275,3,730,2632.0,3.6054794520547944,0.6201664476248651,0.0
P00430,Trending,Continuous,HoltWinters7,0.1287091744060068,4.074992911995266,5.16109722193461,0.12300050327672953,-0.05560708879230366,3,730,19413.0,26.59315068493151,5.17567457859534,0.0
P00431,Trending,Continuous,HoltWinters7,0.15496866160453174,5.5973232061996745,7.113370964133497,0.14749410088070877,-0.04917003210592016,3,730,22028.0,30.175342465753424,6.099939976360734,0.0
P00432,Stable,Continuous,HoltWinters7,0.040545984438031785,6.323302247946972,8.288215936406269,0.040209841639910114,-0.010437798590783538,3,730,121730.0,166.75342465753425,17.612799951673296,0.0
P00433,Seasonal,Continuous,HoltWinters7,0.06099583170283641,11.64858480455571,14.198089415407482,0.06159537103203349,-0.0319725769064551,3,730,152779.0,209.28630136986303,40.61484188524065,0.0
P00434,Volatile,Continuous,SES,0.23041655351097823,2.4031216531163206,3.2075919210470567,0.21760224552218596,-0.0714962030315437,3,730,7772.0,10.646575342465754,2.844101165232049,0.0
P00435,Stable,Continuous,HoltWinters7,0.14453488912277437,4.736355067200264,5.740031571866319,0.15115487709104428,-0.004284275085604354,3,730,21507.0,29.46164383561644,5.045394214634393,0.0
P00436,Trending,Continuous,HoltWinters7,0.08235193278626535,5.214149830250949,6.317065244945204,0.08091650710822844,-0.037059627589596265,3,730,41744.0,57.18356164383562,9.815262235764557,0.0
P00437,Trending,Continuous,HoltWinters7,0.1266512950919466,3.2515915996995077,4.454999736791305,0.11492751980851057,-0.07058937623627325,3,730,15473.0,21.195890410958903,4.220757977298125,0.0
P00438,Volatile,Continuous,SES,0.21163600322274137,14.109902599813188,17.88301150598977,0.2015024584612223,-0.0785211179578506,3,730,42620.0,58.38356164383562,13.91008766103296,0.0
P00439,Stable,Continuous,HoltWinters7,0.043406444926845165,15.11517626272331,18.732398534482623,0.04338501472015291,-0.007305023068701478,3,730,269676.0,369.41917808219176,38.9720756050294,0.0
P00440,Stable,Continuous,SES,0.1330739170712629,1.0404766401667416,1.351531499243822,0.12630988239434923,-0.05145657043893495,3,730,5157.0,7.064383561643836,1.2614218753467095,0.0
P00441,Volatile,Continuous,SES,0.2425100949547566,2.0622608164600984,2.715487371007183,0.24109515763491296,-0.11580826043664837,3,730,6257.0,8.57123287671233,2.390767533031432,0.0
P00442,Stable,Continuous,HoltWinters7,0.08396460038462654,11.393633978357398,13.49349466085985,0.08195895686583228,-0.03763082026383467,3,730,97700.0,133.83561643835617,17.182082812746874,0.0
P00443,Seasonal,Continuous,HoltWinters7,0.06369277710316057,1.6060503624865552,2.020591889341471,0.06469611259630989,-0.003300106603373076,3,730,20679.0,28.327397260273973,6.313131311901358,0.0
P00444,Stable,Continuous,HoltWinters7,0.07341150008825713,0.5620408993478129,0.6733791799191339,0.07413632652140206,0.004980336291963008,3,730,5894.0,8.073972602739726,1.2690282725179949,0.0
P00445,Volatile,Continuous,SES,0.20092417203503476,11.225788487378834,13.728854763704838,0.2087603106410918,-0.039578910267001756,3,730,37572.0,51.46849315068493,12.211430440025664,0.0
P00446,Trending,Continuous,HoltWinters7,0.11391019436464811,35.094922013195536,43.60848920611304,0.10816386319309611,-0.07690349929359791,3,730,185636.0,254.2958904109589,49.873201191420236,0.0
P00447,Trending,Continuous,HoltWinters7,0.10398562441576921,21.775599254786858,28.330895606256558,0.09792317228586722,-0.08033112471348991,3,730,126745.0,173.62328767123287,34.074102337137816,0.0
P00448,Stable,Continuous,HoltWinters7,0.0496288328361743,21.96717771588619,27.057707333517353,0.0489590706774834,-0.02191256715950012,3,730,339115.0,464.541095890411,49.934844613919715,0.0
P00449,Volatile,Continuous,Naive,0.14907791443175902,0.9111111111111111,1.2834305553669714,0.15113516113516115,-0.007792183678158711,3,730,4616.0,6.323287671232877,1.6159799184488528,0.0
P00450,Trending,Continuous,HoltWinters7,0.16424995564272585,4.478486795078017,5.493900067587028,0.15606098761941684,-0.0925235535646125,3,730,17032.0,23.33150684931507,4.647192662966474,0.0
P00451,Trending,Continuous,HoltWinters7,0.08192511504822104,16.078660490602974,20.166330969216133,0.07913905008875759,-0.04074472534007307,3,730,128861.0,176.52191780821917,31.32133885902556,0.0
P00452,Stable,Continuous,HoltWinters7,0.04177968102373538,2.4949510133875576,3.0983529437225847,0.041709885570037436,-0.016164762682559407,3,730,47244.0,64.71780821917808,7.483302720491582,0.0
P00453,Stable,Continuous,RollingMean28,0.08230452067972473,1.7063492063492067,2.1144881369161994,0.08019326805799502,-0.029434571106016588,3,730,15754.0,21.58082191780822,3.083593361707965,0.0
P00454,Volatile,Continuous,SES,0.2038684591004876,40.24006746819677,53.22115211501852,0.1969187400679362,-0.07517743708623491,3,730,129663.0,177.6205479452055,41.94836285811105,0.0
P00455,Volatile,Continuous,Naive,0.21920444640825873,5.01111111111111,6.600476800417308,0.22141507113256464,-0.02333893442106273,3,730,16586.0,22.720547945205478,6.096502379490244,0.0
P00456,Stable,Continuous,HoltWinters7,0.04601248406773833,4.612893665580596,5.696565072515324,0.0456426124305688,-0.008538707745346952,3,730,78585.0,107.65068493150685,12.107991707094092,0.0
P00457,Volatile,Continuous,SES,0.21771462126659044,2.875308238326509,3.5181768602688694,0.2185595449177089,-0.05750212342655717,3,730,10334.0,14.156164383561643,3.8646861076856207,0.0
P00458,Seasonal,Continuous,HoltWinters7,0.06186486190283386,7.502777599754947,9.449610160758752,0.06133834147385822,-0.042485120654135726,3,730,100314.0,137.41643835616438,27.190064219040817,0.0
P00459,Volatile,Continuous,SES,0.2237770937686759,6.141049891814995,7.328035292048245,0.2294783293078344,-0.041302568241599495,3,730,20773.0,28.456164383561642,7.386182300185206,0.0
P00460,Trending,Continuous,HoltWinters7,0.14253711765702343,2.0742975600173246,2.6025051835281166,0.13733999657961682,-0.04880277071854593,3,730,8668.0,11.873972602739727,2.400390194461749,0.0
P00461,Volatile,Continuous,SES,0.2555897741209331,2.5272170985672147,3.2160604573520577,0.24393776857365568,-0.10460234204791596,3,730,7282.0,9.975342465753425,2.7843271344701934,0.0
P00462,Seasonal,Continuous,HoltWinters7,0.06287156452372454,7.1872235184564985,8.992447106887633,0.0627792984018858,-0.03755978190005813,3,730,91776.0,125.72054794520548,23.921596666596418,0.0
P00463,Intermittent,Intermittent,Naive,1.1134209478295498,125.8,190.76919100243109,0.708454900296272,-0.24014336917562726,3,730,80007.0,109.5986301369863,147.18245164487163,0.6383561643835617
P00464,Seasonal,Continuous,HoltWinters7,0.06725294310491658,5.7955335229039875,7.201295785461308,0.06772293109393111,-0.04459399883442446,3,730,68994.0,94.5123287671233,18.721274806269836,0.0
P00465,Trending,Continuous,HoltWinters7,0.11952289038987678,43.81947442545609,56.35722466629881,0.11361490711960175,-0.0779088218334028,3,730,223013.0,305.4972602739726,60.80473700186788,0.0
P00466,Stable,Continuous,HoltWinters7,0.08117209880397729,0.7370669527310624,0.8749791287702076,0.08166727957126761,0.011283420692895977,3,730,7010.0,9.602739726027398,1.4500340663648492,0.0
P00467,Seasonal,Continuous,HoltWinters7,0.06940127380988974,1.6740548882655546,2.1430368689560484,0.07002672637140854,-0.037321594347712754,3,730,20040.0,27.45205479452055,6.014023611276684,0.0
P00468,Stable,Continuous,HoltWinters7,0.0749041518518417,2.7515808073851407,3.4268893069886595,0.07303242425637037,-0.010520484469081349,3,730,26300.0,36.02739726027397,4.452377496359502,0.0
P00469,Volatile,Continuous,SES,0.21080259416758199,4.42821271515571,5.546188957284417,0.20207842830591036,-0.07030343189937908,3,730,15121.0,20.713698630136985,5.372944850820355,0.0
P00470,Volatile,Continuous,SES,0.17234763221728258,51.07112931828619,67.13238001676895,0.16223453710283167,-0.06860411970521564,3,730,196320.0,268.93150684931504,61.01901674997473,0.0
P00471,Seasonal,Continuous,HoltWinters7,0.14310670115681082,0.9414138930585847,1.1952399300886176,0.13984558869062277,-0.05391948734138933,3,730,4837.0,6.626027397260274,1.5787101572376208,0.0
P00472,Volatile,Continuous,SES,0.21254546385181436,65.24672892762543,79.63194869901173,0.2262598333685346,-0.005518979870788611,3,730,210201.0,287.94657534246574,71.44847555432884,0.0
P00473,Seasonal,Continuous,HoltWinters7,0.14452128985744342,2.067834316498369,2.5721935622993137,0.1411191061564815,-0.07093764926181113,3,730,10588.0,14.504109589041096,3.433572581706236,0.0
P00474,Volatile,Continuous,SES,0.22303086895056748,66.7901631710938,83.07378791462301,0.22905673475619312,-0.04561949991454602,3,730,204770.0,280.5068493150685,68.35390100737857,0.0
P00475,Stable,Continuous,HoltWinters7,0.04420614700602715,8.674189794491612,10.846711412406805,0.044147187837955924,-0.00936138766275774,3,730,154385.0,211.486301369863,24.37330734902225,0.0
P00476,Stable,Continuous,HoltWinters7,0.07487030840973515,6.594064301092725,8.241375605849557,0.0726116387208265,-0.023528074714974798,3,730,62793.0,86.01780821917808,10.763626224952944,0.0
P00477,Seasonal,Continuous,SeasonalNaive7,0.16037545892526975,1.1888888888888889,1.7259011463652572,0.14372334455667787,-0.12941545633853327,3,730,5298.0,7.257534246575342,1.709163378252083,0.0
P00478,Trending,Continuous,HoltWinters7,0.07992028219193566,11.080187722391306,14.075427157644105,0.0781128997870704,-0.0300561490450192,3,730,94189.0,129.02602739726026,21.641501862220007,0.0
P00479,Trending,Continuous,HoltWinters7,0.08672888281405529,4.439615184334837,6.250948735678428,0.08082366976936577,-0.046520365013950495,3,730,31407.0,43.02328767123288,8.245096985056579,0.0
P00480,Seasonal,Continuous,HoltWinters7,0.06801193771610586,3.7714295273328085,4.615404717571331,0.06670452006589733,-0.04718325691171201,3,730,45664.0,62.553424657534244,12.381145032507666,0.0
P00481,Stable,Continuous,HoltWinters7,0.051528770335991535,2.3913501834150837,3.0944217402232517,0.051323076849063363,-0.002388980706268707,3,730,36447.0,49.92739726027397,5.709851431284795,0.0
P00482,Trending,Continuous,HoltWinters7,0.07573934875778683,23.75906301094985,30.434481279208743,0.07376182747913297,-0.0330087190406412,3,730,209797.0,287.3931506849315,49.26196269041352,0.0
P00483,Trending,Continuous,HoltWinters7,0.07065011578433947,21.81999707463855,27.464793916786945,0.06846337798677062,-0.04279013014871966,3,730,213454.0,292.4027397260274,46.45760925299731,0.0
P00484,Trending,Continuous,HoltWinters7,0.08255076221159724,6.545683685798376,8.000283874906263,0.08028676640469992,-0.05633016045691527,3,730,54224.0,74.27945205479452,12.29333921275077,0.0
P00485,Seasonal,Continuous,HoltWinters7,0.0705773852948755,3.7874417053363154,4.597615713482718,0.07054647549869357,-0.044914368378350694,3,730,43091.0,59.02876712328767,11.515624019456828,0.0
P00486,Trending,Continuous,HoltWinters7,0.09776496910447212,25.00341930002035,32.42528142730294,0.09285683068495988,-0.07743904994457945,3,730,157863.0,216.25068493150684,41.20901130455509,0.0
P00487,Volatile,Continuous,SES,0.20967958918096427,1.556500314224478,2.06012172278292,0.2005174655102208,-0.08709921298388557,3,730,5310.0,7.273972602739726,2.0052077190418145,0.0
P00488,Seasonal,Continuous,SeasonalNaive7,0.08555050832792559,0.3666666666666667,0.5962080783894381,0.0838888888888889,-0.02610193181250936,3,730,3528.0,4.832876712328767,1.1071602343405185,0.0
P00489,Trending,Continuous,HoltWinters7,0.11365171471647162,9.203699262999965,11.644640375609612,0.10713578098898245,-0.06869762429244204,3,730,48350.0,66.23287671232876,13.296988064069252,0.0
P00490,Trending,Continuous,HoltWinters7,0.0992949673799068,36.186058164518755,46.306508233965396,0.09630000934932735,-0.0568677766934669,3,730,221827.0,303.872602739726,57.89246869401976,0.0
P00491,Stable,Continuous,HoltWinters7,0.04853017382263337,11.367674616752502,14.227212917250705,0.04733754605447823,-0.03517305125609476,3,730,183881.0,251.89178082191782,28.609054239499844,0.0
P00492,Seasonal,Continuous,HoltWinters7,0.08373339935717916,9.371836535136959,11.196133514178493,0.08366218101792834,-0.0689849500288633,3,730,91301.0,125.06986301369864,24.30694879918784,0.0
P00493,Volatile,Continuous,RollingMean28,0.1510739134050815,2.90952380952381,3.848661463727503,0.14588269309191534,-0.056516239132992974,3,730,15067.0,20.63972602739726,5.158429374802211,0.0
P00494,Stable,Continuous,HoltWinters7,0.13877396073411988,2.694024761879113,3.0808808027492915,0.1474921398501891,0.03782439478385983,3,730,12775.0,17.5,3.018120855423518,0.0
P00495,Stable,Continuous,HoltWinters7,0.04528525970861295,8.847450887513839,11.251976536031558,0.04498415404038225,-0.01844358016136667,3,730,154701.0,211.9191780821918,23.994176005371553,0.0
P00496,Volatile,Continuous,RollingMean28,0.15660838317686396,3.077777777777778,4.062078250708995,0.15800295201550418,-0.015542423988132154,3,730,15853.0,21.716438356164385,5.260602689622207,0.0
P00497,Trending,Continuous,HoltWinters7,0.08150672579395025,21.416459779552707,26.18628464104832,0.0786658581078712,-0.058549035563399215,3,730,176733.0,242.1,40.01624670055901,0.0
P00498,Trending,Continuous,HoltWinters7,0.13149671623454928,1.6889872005240842,2.130618144255175,0.12495512789588471,-0.06843424082985385,3,730,8003.0,10.963013698630137,2.179843241322501,0.0
P00499,Volatile,Continuous,SES,0.1833115444706943,4.514536488963151,5.8547007975421055,0.1850364709295443,-0.04870354723346085,3,730,16745.0,22.938356164383563,5.369505170075173,0.0
P00500,Trending,Continuous,HoltWinters7,0.1123158241864682,21.357079574011767,26.172946415009733,0.10736038307088573,-0.079567564231992,3,730,116648.0,159.7917808219178,30.683130995524568,0.0
P00501,Stable,Continuous,HoltWinters7,0.04246699518650776,18.33179257406466,23.843815974366198,0.04249343536083696,-0.015334601400970607,3,730,330936.0,453.33698630136985,48.800356164932126,0.0
P00502,Trending,Continuous,HoltWinters7,0.07279682053026269,17.029281012345233,20.836179833909338,0.07251636555530244,-0.017669744534615006,3,730,160228.0,219.4904109589041,36.48617064950637,0.0
P00503,Seasonal,Continuous,HoltWinters7,0.09815108110048816,2.237960617399959,2.6071645015763183,0.0986763019699652,-0.059884064371293975,3,730,18850.0,25.82191780821918,5.815740586255842,0.0
P00504,Trending,Continuous,HoltWinters7,0.10866641432038844,40.91988238005265,50.143830415694104,0.10349030597177922,-0.05169461819350957,3,730,234338.0,321.0109589041096,60.26018019657269,0.0
P00505,Intermittent,Intermittent,Naive,1.1570438799076213,39.955555555555556,62.15643226292341,0.7013634531075074,-0.24557351809083908,3,730,25279.0,34.62876712328767,51.436169719422416,0.6835616438356165
P00506,Stable,Continuous,SeasonalNaive7,0.13442509222123103,3.288888888888889,4.782571024164251,0.12085979792688961,-0.09677030983867431,3,730,15994.0,21.90958904109589,3.7140656673648613,0.0
P00507,Trending,Continuous,HoltWinters7,0.12189399333885458,33.20717306356344,42.37137272355073,0.1153720987289919,-0.08482205070243133,3,730,165645.0,226.91095890410958,44.23532922469284,0.0
P00508,Volatile,Continuous,SES,0.18960660448600156,54.41926438757189,68.87941615178929,0.193554160490391,-0.007746222619193916,3,730,203268.0,278.44931506849315,64.22660740141625,0.0
P00509,Trending,Continuous,HoltWinters7,0.09610799998322968,37.88102892667322,49.41242092246574,0.091028381258564,-0.05242060456152181,3,730,239715.0,328.3767123287671,63.9772915400284,0.0
P00510,Stable,Continuous,HoltWinters7,0.04570732506007186,15.455733752196403,18.46360513182782,0.045443173426095114,-0.008833450777319422,3,730,260797.0,357.25616438356167,37.99048861653052,0.0
P00511,Trending,Continuous,HoltWinters7,0.07876180446020338,9.45733484707229,11.892420312558295,0.07674831049902718,-0.04243078080111643,3,730,79753.0,109.25068493150685,18.22452276420154,0.0
P00512,Stable,Continuous,HoltWinters7,0.05985623409423798,1.4346926182458404,1.7946262361711227,0.059441554826707245,-0.009389309601230248,3,730,18100.0,24.794520547945204,3.6374025014753406,0.0
P00513,Trending,Continuous,HoltWinters7,0.10443842536820257,5.950716994528583,7.220931923631901,0.10164617633488032,-0.029658818471926304,3,730,34467.0,47.21506849315068,9.04441367472663,0.0
P00514,Stable,Continuous,HoltWinters7,0.08193172837411088,17.06877241837246,20.88134820205032,0.08027846026579159,-0.011372927229813526,3,730,149534.0,204.84109589041097,25.783991564914828,0.0
P00515,Trending,Continuous,HoltWinters7,0.1456880980754862,5.3969530025549375,6.538408826732984,0.14585724263037245,-0.018047576421166917,3,730,23080.0,31.616438356164384,6.124967762825052,0.0
P00516,Stable,Continuous,SeasonalNaive7,0.14314653793645582,2.066666666666667,2.9762022673437802,0.1299869445999477,-0.09192494129251023,3,730,9458.0,12.956164383561644,2.1969542641540354,0.0
P00517,Seasonal,Continuous,HoltWinters7,0.07812029032068164,1.4074881629539728,1.7416595311324583,0.07922258504878323,-0.033129987418607794,3,730,14860.0,20.356164383561644,4.599367353804815,0.0
P00518,Trending,Continuous,HoltWinters7,0.10290034448414483,17.93283267213721,23.631827252373217,0.09548687515025807,-0.05858372021448932,3,730,107585.0,147.37671232876713,28.123854138757228,0.0
P00519,Volatile,Continuous,SES,0.15663026423862061,23.499267322937268,30.172385598435266,0.15276458313356936,-0.05110380739421936,3,730,99640.0,136.4931506849315,31.29093676995941,0.0
P00520,Seasonal,Continuous,HoltWinters7,0.13781897188897918,1.5156456356189818,1.813611348613387,0.1408669364813058,-0.029386137334721705,3,730,7882.0,10.797260273972602,2.5179723047524987,0.0
P00521,Stable,Continuous,HoltWinters7,0.03922078670450247,8.594029355327146,10.757654989773002,0.039718177399972715,-0.0025994739957012525,3,730,172901.0,236.85068493150686,26.70867895958475,0.0
P00522,Seasonal,Continuous,HoltWinters7,0.06443967007171238,1.6575089854497103,2.007900150660916,0.06491838417368508,-0.030230849060293514,3,730,21134.0,28.95068493150685,6.227976247928838,0.0
P00523,Stable,Continuous,HoltWinters7,0.08274984538680512,20.601010895068256,25.322278961455186,0.08316628339260738,0.0075185495788275365,3,730,179501.0,245.89178082191782,31.33842114994586,0.0
P00524,Volatile,Continuous,SES,0.1935195550622262,12.7759441369847,16.35246079066043,0.18476516766762355,-0.07101757417063176,3,730,43719.0,59.88904109589041,14.17885035653988,0.0
P00525,Stable,Continuous,Naive,0.10184150067379366,23.255555555555556,27.829388079428224,0.0993989123095798,-0.044201958852649985,3,730,166296.0,227.8027397260274,28.940400289036095,0.0
P00526,Stable,Continuous,HoltWinters7,0.04830848814683875,10.171034621885646,12.95558674364617,0.04784120677852788,-0.015474136649412015,3,730,166549.0,228.14931506849314,25.79391588968056,0.0
P00527,Volatile,Continuous,RollingMean28,0.18545143571959757,1.7261904761904763,2.158878144099786,0.18479923735876114,-0.045943431669906616,3,730,6920.0,9.479452054794521,2.2590138849210297,0.0
P00528,Seasonal,Continuous,SeasonalNaive28,0.11859273327163235,0.41111111111111104,0.6377256944497818,0.10981481481481481,-0.06526467994357903,3,730,2877.0,3.941095890410959,0.9460531856213161,0.0
P00529,Stable,Continuous,HoltWinters7,0.13487075673053747,1.4445429649387904,1.684134182193465,0.13801874343409737,-0.009498925568324232,3,730,7049.0,9.656164383561643,1.6248656208124348,0.0
P00530,Volatile,Continuous,Naive,0.19071066703372497,53.0,67.60167339679828,0.19143977661434528,-0.04886628373083091,3,730,192909.0,264.258904109589,62.07089255440975,0.0
P00531,Trending,Continuous,HoltWinters7,0.10846468989148884,27.025845430793225,34.33333405921443,0.1043958846643069,-0.04241106025962144,3,730,154129.0,211.13561643835615,39.22076334104584,0.0
P00532,Volatile,Continuous,SES,0.18627894912844098,44.81062167574971,60.07164864629294,0.18502810474755638,-0.06506652747959892,3,730,160643.0,220.05890410958904,51.727794280534894,0.0
P00533,Stable,Continuous,HoltWinters7,0.07227383528754178,5.491057654145583,6.91208540287075,0.07091122259102133,-0.02000963982456176,3,730,54630.0,74.83561643835617,9.324530973586286,0.0
P00534,Trending,Continuous,HoltWinters7,0.07468086435804448,21.631671262038783,28.479936700885705,0.07186807557923526,-0.04254560428451898,3,730,197956.0,271.172602739726,45.624221842469346,0.0
P00535,Trending,Continuous,HoltWinters7,0.07072945965075839,4.270419539147425,5.474120357758065,0.06796440789784584,-0.0385572391881118,3,730,39957.0,54.73561643835617,9.855330350302014,0.0
P00536,Volatile,Continuous,RollingMean28,0.16609687495618666,21.5,26.349747597839443,0.16326754494839166,-0.06369929240763506,3,730,86697.0,118.76301369863013,27.04388551949556,0.0
P00537,Volatile,Continuous,Naive,0.20058591931728573,40.47777777777778,51.13189211430872,0.19429072282278656,-0.09898378176472884,3,730,135906.0,186.17260273972602,46.30501032146278,0.0
P00538,Seasonal,Continuous,SeasonalNaive7,0.1665834361770501,1.0666666666666667,1.5292346067317213,0.15205226871893537,-0.09251534106396225,3,730,4549.0,6.2315068493150685,1.3995273268629485,0.0
P00539,Trending,Continuous,HoltWinters7,0.09177456860681936,29.27319274263233,35.086193653116815,0.08930257264081115,-0.06253791202137617,3,730,219261.0,300.35753424657537,47.96617583349799,0.0
P00540,Volatile,Continuous,SES,0.22487022689141276,1.8338436157206794,2.3524872005032607,0.2272635139264403,-0.0901742360960276,3,730,6185.0,8.472602739726028,2.2986702349024544,0.0
P00541,Trending,Continuous,HoltWinters7,0.10934661871206752,28.75855934903706,36.273009406809905,0.1034686102778104,-0.07411001439101773,3,730,160740.0,220.1917808219178,43.4823198651733,0.0
P00542,Stable,Continuous,HoltWinters7,0.04114016629429807,5.189832575599757,6.601767633760396,0.040499061417287284,-0.022902811898403666,3,730,98835.0,135.3904109589041,15.658553755994586,0.0
P00543,Trending,Continuous,HoltWinters7,0.15002748640949573,4.053641714982516,5.345426110868895,0.13496471690200382,-0.10982866273093782,3,730,16246.0,22.254794520547946,4.564220638841291,0.0
P00544,Stable,Continuous,HoltWinters7,0.045373387641250186,3.453691963860923,4.335727632958348,0.04506090584393772,-0.029282289910458965,3,730,59441.0,81.42602739726027,9.061934849088516,0.0
P00545,Seasonal,Continuous,HoltWinters7,0.07083845604401794,1.679471664097089,2.0293709493824656,0.0707967092776131,-0.04035131343755619,3,730,18963.0,25.976712328767125,4.983732674530043,0.0
P00546,Volatile,Continuous,SES,0.16692337142150301,4.36357598173776,5.345346635546171,0.1657774776086717,-0.05883703514406576,3,730,20555.0,28.15753424657534,7.031272840147639,0.0
P00547,Trending,Continuous,HoltWinters7,0.15486114702432222,2.0854263552793735,2.6980529147406624,0.14484449247226686,-0.044991603203415755,3,730,8130.0,11.136986301369863,2.293397623830588,0.0
P00548,Intermittent,Intermittent,Naive,1.0,145.7222222222222,244.58756930097772,1.0,-1.0,3,730,109799.0,150.4095890410959,205.62100570585002,0.6465753424657534
P00549,Seasonal,Continuous,HoltWinters7,0.0671793881291451,18.738301705230537,23.126770044186987,0.06539900126726382,-0.03162986025115391,3,730,227029.0,310.9986301369863,61.02924930799642,0.0
P00550,Trending,Continuous,HoltWinters7,0.09048116203407201,16.333681841093583,20.11427423804511,0.08839567790741502,-0.052400160804885625,3,730,119091.0,163.13835616438357,28.461584005426307,0.0
P00551,Stable,Continuous,HoltWinters7,0.044901572248567743,3.988104636981704,4.680328567437778,0.044633895128821044,-0.02168175647510685,3,730,69489.0,95.19041095890411,10.64404319436984,0.0
P00552,Trending,Continuous,HoltWinters7,0.0936736796725844,24.714031880245965,33.16997386123319,0.09076775353821477,-0.03609394655566194,3,730,160863.0,220.36027397260273,42.073849894179844,0.0
P00553,Stable,Continuous,HoltWinters7,0.05548458128552963,15.246543418850552,18.230667508975824,0.055154610094420735,-0.013162262681615374,3,730,214008.0,293.1616438356164,34.33401106102035,0.0
P00554,Trending,Continuous,HoltWinters7,0.07746380549022415,28.105563992242356,35.0858443419851,0.07497794170089069,-0.03425594115941586,3,730,247820.0,339.47945205479454,56.672865695556034,0.0
P00555,Trending,Continuous,HoltWinters7,0.1038877576317271,21.273449371749567,27.16655556120456,0.09921211025071341,-0.05718664266099079,3,730,125173.0,171.46986301369864,32.839131467454564,0.0
P00556,Volatile,Continuous,SES,0.20422752887265597,4.863598043040519,6.312149556306809,0.21944844462242877,-0.044298321968785616,3,730,18544.0,25.4027397260274,6.372479680995637,0.0
P00557,Trending,Continuous,HoltWinters7,0.1617727120739681,1.3152858093362496,1.63925102434985,0.15835166693847205,-0.0056852181808173625,3,730,4965.0,6.801369863013699,1.4016444536326458,0.0
P00558,Trending,Continuous,HoltWinters7,0.14070340289632705,5.713251028777901,7.378488103738616,0.12772454988297807,-0.07928671144986135,3,730,24619.0,33.724657534246575,6.974542790683279,0.0
P00559,Stable,Continuous,HoltWinters7,0.051972108606763046,23.969509784286164,29.544773322454418,0.051357068384291764,-0.025350593160559806,3,730,358286.0,490.8027397260274,55.44880601514836,0.0
P00560,Seasonal,Continuous,HoltWinters7,0.07151512032370656,4.475831151397374,5.4497764350270375,0.0711944293160848,-0.051678260607144304,3,730,50562.0,69.26301369863013,13.388748084391676,0.0
P00561,Stable,Continuous,HoltWinters7,0.0497087393887754,8.015406445582812,9.778834259084478,0.049091700234470514,-0.027452655616169955,3,730,125951.0,172.53561643835616,18.986515103944747,0.0
P00562,Stable,Continuous,Naive,0.154287820371528,0.8444444444444444,1.1404560641267656,0.17747795414462084,0.04948286473784308,3,730,3576.0,4.898630136986301,0.8594656761460764,0.0
P00563,Seasonal,Continuous,SeasonalNaive7,0.15809277097211796,1.5444444444444445,2.178470306297356,0.14266784141784142,-0.11312341644123991,3,730,7073.0,9.689041095890412,2.2420144310131516,0.0
P00564,Seasonal,Continuous,HoltWinters7,0.14578039695164288,3.4680266796298422,4.147710617364454,0.14503453912380562,-0.05580586522839598,3,730,17879.0,24.491780821917807,5.709526931764359,0.0
P00565,Volatile,Continuous,SES,0.1910198482457471,2.334526135398856,3.0090454265680404,0.1864302971331383,-0.08412527374851282,3,730,9471.0,12.973972602739726,3.297441640270601,0.0
P00566,Trending,Continuous,HoltWinters7,0.06576986947552553,3.9449797511811,4.89770608258667,0.06378662987515572,-0.038735413640750144,3,730,40296.0,55.2,9.124260309760695,0.0
P00567,Volatile,Continuous,RollingMean28,0.15910611059052068,1.81031746031746,2.376661125898315,0.15797684024399708,-0.043677760438347306,3,730,8727.0,11.954794520547946,3.0046850064355506,0.0
P00568,Volatile,Continuous,SES,0.17499520482379327,5.2863417318231045,6.751185529024203,0.1730270027016618,-0.015499179378566963,3,730,22504.0,30.827397260273973,6.998358817484574,0.0
P00569,Volatile,Continuous,SES,0.19409520773069933,39.81210680368387,55.432343248556016,0.18276152381537702,-0.07559795169302137,3,730,138242.0,189.37260273972603,46.704462238014315,0.0
P00570,Stable,Continuous,SeasonalNaive7,0.06750909045264451,0.8888888888888888,1.223280963922498,0.06617864978159095,-0.030014253619333697,3,730,10131.0,13.878082191780821,2.0387700759503327,0.0
P00571,Stable,Continuous,HoltWinters7,0.044058244770584586,2.7571314378403717,3.3564646624339196,0.043740825809455146,-0.014586560982071417,3,730,49206.0,67.40547945205479,7.689443539742024,0.0
P00572,Trending,Continuous,HoltWinters7,0.07155611782207671,49.711125082362116,61.077188891038695,0.06967799182058727,-0.037470385987671107,3,730,458169.0,627.6287671232876,111.3102930490706,0.0
P00573,Stable,Continuous,HoltWinters7,0.06926319173402663,1.6636639789080359,2.018934031797926,0.06836984945537611,-0.043267310772549646,3,730,18562.0,25.427397260273974,3.6971519930617456,0.0
P00574,Trending,Continuous,HoltWinters7,0.0775548089703012,10.395610167352869,13.068897066528203,0.07538659043035022,-0.04207959828669658,3,730,89358.0,122.40821917808219,20.15605613752627,0.0
P00575,Stable,Continuous,HoltWinters7,0.0810331849674283,2.3047929889217866,2.7689637490820846,0.0794901399299338,-0.029356196509609616,3,730,20280.0,27.78082191780822,3.540270290079081,0.0
P00576,Volatile,Continuous,SES,0.19329019255648971,5.821683708404771,6.902500056553465,0.19537180887858963,-0.03345317132948158,3,730,20517.0,28.105479452054794,6.545071977521349,0.0
P00577,Stable,Continuous,HoltWinters7,0.1536389806620874,0.9187324358998712,1.0868484422352989,0.15695423659573265,0.01944615530980679,3,730,4003.0,5.483561643835617,0.9773166278741907,0.0
P00578,Trending,Continuous,HoltWinters7,0.09856490801416908,22.831143636820688,29.439349845268254,0.09462523816570656,-0.06363436316193667,3,730,144546.0,198.0082191780822,38.30811392068787,0.0
P00579,Stable,Continuous,HoltWinters7,0.04629054607752858,12.255533917600664,14.938974054596821,0.04578393032403041,-0.0228344016830978,3,730,206839.0,283.34109589041094,32.075657884155,0.0
P00580,Volatile,Continuous,SES,0.17578703081142147,2.571888549863687,3.215426913647081,0.18643987834550516,-0.008721203758526887,3,730,11718.0,16.052054794520547,4.172879634190026,0.0
P00581,Trending,Continuous,HoltWinters7,0.0838349850068395,27.55708010503258,33.809527602087684,0.08264245262982708,-0.03701585861650327,3,730,227146.0,311.15890410958906,51.616656629383996,0.0
P00582,Volatile,Continuous,SES,0.2073615305193348,33.02632857892055,40.656698764071706,0.21155649882582214,-0.026857606215151607,3,730,102901.0,140.96027397260275,34.06626013353797,0.0
P00583,Seasonal,Continuous,HoltWinters7,0.07342400027528982,14.753509306328676,17.311996666135627,0.07314140241880704,-0.057805826219665145,3,730,164446.0,225.26849315068492,44.86467039111949,0.0
P00584,Seasonal,Continuous,HoltWinters7,0.09337435434006032,1.8846451855396043,2.312614579114087,0.0932684702072733,-0.05847856826213028,3,730,16741.0,22.932876712328767,5.083893035220002,0.0
P00585,Seasonal,Continuous,HoltWinters7,0.06262792928242773,4.105306939324194,5.240949421088856,0.062498915639090595,-0.0408354327121756,3,730,52750.0,72.26027397260275,14.178779519992219,0.0
P00586,Seasonal,Continuous,HoltWinters7,0.15212841469097318,1.9305724837977263,2.322954123332614,0.14572186738635695,-0.04729188609289344,3,730,9062.0,12.413698630136986,2.860511866695241,0.0
P00587,Stable,Continuous,HoltWinters7,0.13481149351101526,3.05459638454137,3.61118336890328,0.13887757680695953,-0.012597942167693901,3,730,14757.0,20.215068493150685,3.460384115348313,0.0
P00588,Seasonal,Continuous,Naive,0.17021694697960835,0.6555555555555556,0.8956335870649027,0.17253968253968252,-0.08289591904289025,3,730,2907.0,3.9821917808219176,0.9915752754862699,0.0
P00589,Seasonal,Continuous,HoltWinters7,0.12716674616139434,1.5590864842680732,1.9003739789984175,0.12488964323588231,-0.030221227049195137,3,730,8929.0,12.23150684931507,2.853985575635206,0.0
P00590,Seasonal,Continuous,HoltWinters7,0.13561298931449614,2.303835458984781,2.808575797288045,0.13201529767968187,-0.04387185176111646,3,730,12494.0,17.115068493150684,3.856182438554675,0.0
P00591,Seasonal,Continuous,HoltWinters7,0.14436888021113156,4.363783781428644,5.350338288504003,0.14432090603315748,-0.06488124479987033,3,730,21925.0,30.034246575342465,7.094902808710146,0.0
P00592,Trending,Continuous,HoltWinters7,0.07312439591258026,15.176985169006292,19.60803441861516,0.07061961108334786,-0.031036984771394632,3,730,138558.0,189.80547945205478,30.86379605353629,0.0
P00593,Volatile,Continuous,SES,0.21242738900895772,5.1510447702514455,6.697907178250747,0.20811453687353876,-0.06934960273339476,3,730,18067.0,24.74931506849315,6.368553213860263,0.0
P00594,Stable,Continuous,HoltWinters7,0.07018569352716872,0.9601722266776989,1.207212065719019,0.07045916349300578,-0.007190433574292686,3,730,10457.0,14.324657534246576,2.1564514379802358,0.0
P00595,Volatile,Continuous,SES,0.18953693342070474,48.6634049346852,61.28508003907846,0.18970013695192986,-0.04590430861854174,3,730,171602.0,235.07123287671232,54.7621656049382,0.0
P00596,Seasonal,Continuous,HoltWinters7,0.07957495108510414,13.460308201708235,16.860218918216702,0.07990677218202097,-0.05436772323283456,3,730,140370.0,192.2876712328767,37.62156499030506,0.0
P00597,Trending,Continuous,HoltWinters7,0.07241244125923763,43.639864412300064,53.23290826141931,0.0724128979731661,-0.021999430606149287,3,730,406109.0,556.313698630137,94.72483550946859,0.0
P00598,Volatile,Continuous,SES,0.23441530205198804,3.144638235977846,3.9528091882408654,0.24230440356053806,-0.04829682119675646,3,730,9832.0,13.468493150684932,3.647306791957334,0.0
P00599,Seasonal,Continuous,SeasonalNaive7,0.1710448598929345,3.3111111111111113,4.485687959640536,0.1559697546540055,-0.12810560550319072,3,730,13990.0,19.164383561643834,4.373864575000319,0.0
P00600,Trending,Continuous,HoltWinters7,0.15230945709358515,4.007532634843547,4.855452076135752,0.14895763955033556,-0.02922070338877626,3,730,16513.0,22.62054794520548,4.484677736963899,0.0
P00601,Stable,Continuous,HoltWinters7,0.13447787470237935,2.1069640006228973,2.5539518030642396,0.13956067639755712,-0.01903799327835064,3,730,10243.0,14.031506849315068,2.3986379715598423,0.0
P00602,Stable,Continuous,SeasonalNaive7,0.0731288079576301,0.4333333333333333,0.6767373733595946,0.06997354497354498,-0.05446609630270488,3,730,4483.0,6.141095890410959,0.9675582118915255,0.0
P00603,Seasonal,Continuous,SeasonalNaive7,0.14121915546119368,0.6888888888888888,1.080984275698605,0.12854497354497355,-0.0942093260989227,3,730,3429.0,4.697260273972603,1.1111694555965257,0.0
P00604,Seasonal,Continuous,SeasonalNaive7,0.15131319913296115,0.3888888888888889,0.7020970075186739,0.12962962962962962,-0.12721681359079248,3,730,1797.0,2.4616438356164383,0.63874236365635,0.0
P00605,Volatile,Continuous,Naive,0.19395108966653604,4.988888888888889,6.007151363984068,0.2060792828949323,0.015542258762853237,3,730,19058.0,26.106849315068494,7.457944802480868,0.0
P00606,Seasonal,Continuous,HoltWinters7,0.057527459851332924,4.503430832878656,5.643061076513761,0.05788080363571119,-0.013064729177370116,3,730,64710.0,88.64383561643835,17.767180377701017,0.0
P00607,Trending,Continuous,HoltWinters7,0.15790710256495474,1.7724438984401798,2.2100546733267934,0.15158210244543688,-0.03785503891500389,3,730,6895.0,9.445205479452055,1.9303042181816523,0.0
P00608,Volatile,Continuous,SES,0.19030325264266615,4.380013362617617,5.264462640289383,0.19819559791228059,-0.04012456825792294,3,730,17095.0,23.41780821917808,5.982549898060657,0.0
P00609,Seasonal,Continuous,HoltWinters7,0.06600028635717374,6.635450637644368,8.391961623510648,0.06535823510091321,-0.03079908597915257,3,730,82775.0,113.39041095890411,22.41300000231691,0.0
P00610,Stable,Continuous,SeasonalNaive7,0.05300859234408838,13.511111111111111,17.997125619890706,0.05239203863666061,-0.011634563360852071,3,730,197537.0,270.5986301369863,29.48486390958913,0.0
P00611,Seasonal,Continuous,SeasonalNaive7,0.14528237915334688,0.9666666666666668,1.4085889320758929,0.12915985249318582,-0.1165843262617456,3,730,4721.0,6.467123287671233,1.5097810772105442,0.0
P00612,Stable,Continuous,HoltWinters7,0.04980172247670764,22.899748387490288,27.054469121203983,0.04990589218960826,-0.02168231319894574,3,730,357075.0,489.14383561643837,54.037073810820296,0.0
P00613,Seasonal,Continuous,HoltWinters7,0.07884611450093963,19.300101724718484,23.257581027147356,0.07779602101031653,-0.03614293374549974,3,730,198123.0,271.4013698630137,53.41890509912398,0.0
P00614,Volatile,Continuous,SES,0.2834033100912161,6.965610866877807,9.031456219116027,0.27651038067299055,-0.06387730061397584,3,730,18573.0,25.442465753424656,7.313861500152105,0.0
P00615,Stable,Continuous,HoltWinters7,0.08788380728117152,10.013442511418623,12.2325773291517,0.08892126846306792,-0.00601280442108638,3,730,81412.0,111.52328767123288,13.957023204142516,0.0
P00616,Volatile,Continuous,SES,0.19133925680149447,47.79448645333061,62.09073229483736,0.19814967864296693,-0.07021024114877249,3,730,166061.0,227.4808219178082,54.693261516302016,0.0
P00617,Volatile,Continuous,SES,0.2396475110174586,1.3620257808432157,1.791707658369315,0.2262582653146975,-0.084416389674719,3,730,4318.0,5.9150684931506845,1.6062012228908642,0.0
P00618,Stable,Continuous,Naive,0.031105506515342583,0.06666666666666667,0.19694082543297278,0.022222222222222223,-0.031105506515342583,3,730,1607.0,2.2013698630136984,0.43096635939640826,0.0
P00619,Trending,Continuous,HoltWinters7,0.11323466324088526,2.5285429343435113,3.2768991313151328,0.10622497657102854,-0.08433109341041807,3,730,13909.0,19.053424657534247,3.65090447450629,0.0
P00620,Stable,Continuous,HoltWinters7,0.03853831275705626,11.320446254054216,14.718386985288257,0.03798475482224247,-0.011970418863386257,3,730,226332.0,310.04383561643834,33.174944626544786,0.0
P00621,Stable,Continuous,HoltWinters7,0.13984730232920783,2.3828653222748915,2.830295987421494,0.14742759016936324,0.001308981611749559,3,730,11055.0,15.143835616438356,2.6167911061270415,0.0
P00622,Stable,Continuous,SeasonalNaive7,0.13649355664280624,2.555555555555556,3.706032865095855,0.12285115882927759,-0.09964647463100094,3,730,12331.0,16.89178082191781,2.8459416114177,0.0
P00623,Volatile,Continuous,SES,0.16771063593431548,0.3635888720963228,0.5313050182579616,0.19126639462214312,-0.020839342851265135,3,730,1674.0,2.293150684931507,0.6534342676553676,0.0
P00624,Seasonal,Continuous,HoltWinters7,0.06287723588820505,8.021438639912022,10.243048947869084,0.0615130830245057,-0.02823826691018437,3,730,104378.0,142.98356164383563,28.60649735638734,0.0
P00625,Seasonal,Continuous,HoltWinters7,0.06160119628493441,13.028228056472996,15.891714534097327,0.06281868723798689,-0.03575714334218424,3,730,169076.0,231.6109589041096,44.93176525100808,0.0
P00626,Seasonal,Continuous,HoltWinters7,0.08881056423944793,1.189708654834047,1.4828283784660226,0.08800827435159857,-0.06365648059051109,3,730,10806.0,14.802739726027397,3.3344842705500772,0.0
P00627,Trending,Continuous,HoltWinters7,0.0812378166720737,23.447983182595795,28.473312970788594,0.07851250245191492,-0.03986375277463645,3,730,198112.0,271.386301369863,44.77734985877842,0.0
P00628,Stable,Continuous,HoltWinters7,0.04907824026362408,6.5379669097256645,8.318184132484935,0.04830733208208913,-0.02728502040938577,3,730,102977.0,141.06438356164384,15.159778835401108,0.0
P00629,Trending,Continuous,HoltWinters7,0.14691024342928416,4.767106398434325,5.9517629387661755,0.13676589478795306,-0.08450407576591205,3,730,20673.0,28.31917808219178,5.419397096799368,0.0
P00630,Stable,Continuous,HoltWinters7,0.07215461526778448,1.2765011436785996,1.627537193267748,0.07291222958861544,-0.011892193409810348,3,730,13668.0,18.723287671232878,2.8016515092235306,0.0
P00631,Stable,Continuous,HoltWinters7,0.05459099573920995,6.720479681303054,7.9010891611798755,0.05442639339411228,-0.03178516554979554,3,730,95097.0,130.26986301369863,14.247750862684684,0.0
P00632,Stable,Continuous,HoltWinters7,0.08459855087397743,5.933553618543993,7.255485186691845,0.08249867805704007,-0.017692996787763763,3,730,50691.0,69.43972602739726,8.83143841350802,0.0
P00633,Trending,Continuous,HoltWinters7,0.08224681283916857,21.003879654734632,28.07218869105472,0.07743104682884168,-0.05776034169062703,3,730,174355.0,238.84246575342465,39.160653308828635,0.0
P00634,Seasonal,Continuous,HoltWinters7,0.07172418189127143,16.80079423708328,20.918284266997414,0.0726190187662435,-0.04923898056360643,3,730,191664.0,262.55342465753426,51.980190597891045,0.0
P00635,Volatile,Continuous,SES,0.28301082469851785,3.86960699911346,4.906680500108927,0.27606814732937296,-0.10082008032274158,3,730,9737.0,13.338356164383562,3.4113153973084835,0.0
P00636,Seasonal,Continuous,HoltWinters7,0.08169987830510259,0.7105647566500765,0.8557706415414428,0.0817865636932134,-0.018153480468437674,3,730,7015.0,9.60958904109589,2.1113491992814333,0.0
P00637,Stable,Continuous,HoltWinters7,0.04682264735546316,11.493631593484885,14.158567183678088,0.04677438449099402,-0.01906811267216042,3,730,193809.0,265.4917808219178,30.5796863342818,0.0
P00638,Stable,Continuous,HoltWinters7,0.1316951816270834,3.1216147170484603,3.825225076865592,0.13878396648913563,0.005936741987203089,3,730,15567.0,21.324657534246576,3.625102271748466,0.0
P00639,Seasonal,Continuous,HoltWinters7,0.08117504615796341,1.0392320888003803,1.2617451139900233,0.08286851078193941,-0.022523863533288068,3,730,10757.0,14.735616438356164,3.2915017091766297,0.0
P00640,Stable,Continuous,HoltWinters7,0.06656877116720555,1.0127289996347333,1.2450858859541116,0.06628447823670597,-0.01758824776494215,3,730,11605.0,15.897260273972602,2.3719018549532755,0.0
P00641,Stable,Continuous,SeasonalNaive7,0.14760369653986674,1.277777777777778,1.9005971122471632,0.1350087258420592,-0.09397316631359183,3,730,5723.0,7.83972602739726,1.3719950055326073,0.0
P00642,Seasonal,Continuous,HoltWinters7,0.08498283724166135,1.525608884269391,1.8939861897148687,0.0847023752092887,-0.05722060907932519,3,730,14590.0,19.986301369863014,4.500550646647962,0.0
P00643,Trending,Continuous,HoltWinters7,0.15473794897309626,2.662810139241173,3.3508843636554615,0.1491938837868081,-0.058939962918190626,3,730,10480.0,14.356164383561644,2.923204843541266,0.0
P00644,Seasonal,Continuous,HoltWinters7,0.08219694001480093,2.2162552023252418,2.699062200573023,0.08044826960222719,-0.039736208477148365,3,730,22176.0,30.378082191780823,6.629282974080748,0.0
P00645,Stable,Continuous,HoltWinters7,0.13203804467042526,2.3344195368895497,2.8192364363299913,0.1356127634364941,-0.014540201780654237,3,730,11492.0,15.742465753424657,2.6531508202949188,0.0
P00646,Stable,Continuous,HoltWinters7,0.08126208074045599,10.68471717372757,12.642744832736064,0.0807037742166422,-0.002400039070029564,3,730,95717.0,131.11917808219178,16.277203946690374,0.0
P00647,Seasonal,Continuous,HoltWinters7,0.06640142086111601,11.287394036260947,13.573827140362916,0.06677082534472377,-0.051828907545028426,3,730,136638.0,187.17534246575343,36.342215023551944,0.0
P00648,Intermittent,Intermittent,Naive,1.0,158.05555555555554,264.83609718593794,1.0,-1.0,3,730,113427.0,155.3794520547945,224.233325386061,0.6712328767123288
P00649,Trending,Continuous,HoltWinters7,0.07434444265000066,42.75280563962071,52.34118773547033,0.07192660849297068,-0.06086923711348152,3,730,375040.0,513.7534246575342,92.55942825652447,0.0
P00650,Seasonal,Continuous,HoltWinters7,0.06882889256590476,9.447483340922952,11.733938618197575,0.06830796541743395,-0.042512107717280534,3,730,110201.0,150.96027397260275,29.982799091336485,0.0
P00651,Stable,Continuous,HoltWinters7,0.13596892969947363,3.3664504309928756,3.9745707622732085,0.1408660620269917,-0.029251235236463908,3,730,16467.0,22.557534246575344,3.8447376541372837,0.0
P00652,Seasonal,Continuous,HoltWinters7,0.0644650379519094,11.171465942134168,13.982390639414255,0.06348868108256248,-0.028521179629715832,3,730,139896.0,191.63835616438357,37.792562938766864,0.0
P00653,Stable,Continuous,HoltWinters7,0.039026346349556394,5.806762684225443,7.504084592050488,0.03880539071275108,-0.013346892799776222,3,730,116650.0,159.7945205479452,18.50337077074201,0.0
P00654,Trending,Continuous,HoltWinters7,0.07953839310555393,13.16228371865658,16.63821153975718,0.0773178410376772,-0.043253404943205086,3,730,110977.0,152.02328767123288,26.141185834964464,0.0
P00655,Seasonal,Continuous,HoltWinters7,0.07580059937634284,1.0445764934177468,1.3118858816741656,0.07643425167269537,-0.03525519606647963,3,730,11352.0,15.550684931506849,3.423998388189467,0.0
P00656,Stable,Continuous,HoltWinters7,0.15154116790318925,1.5207080678986864,1.8409614897837694,0.16317877251980398,0.004945468862800784,3,730,6652.0,9.112328767123287,1.5673227945270303,0.0
P00657,Volatile,Continuous,SES,0.1904289364291539,5.023982859067698,6.2603443040061295,0.1887800416301241,-0.03715208119907178,3,730,20511.0,28.0972602739726,6.730567671485805,0.0
P00658,Seasonal,Continuous,HoltWinters7,0.10285670071216119,1.0734869699005998,1.2807800576049917,0.10305748086682624,-0.09613161575303912,3,730,8549.0,11.710958904109589,2.6057897782973938,0.0
P00659,Trending,Continuous,HoltWinters7,0.0724169390937391,27.67500428224397,35.01989524247404,0.07010641551284862,-0.038300561707394085,3,730,260332.0,356.6191780821918,59.87117092300059,0.0
P00660,Seasonal,Continuous,HoltWinters7,0.05958767382406437,9.242663577642887,11.24728345794189,0.05910213744237386,-0.0193592992270062,3,730,129161.0,176.93287671232878,34.6816940949173,0.0
P00661,Volatile,Continuous,SES,0.18370304224356437,3.5904321458163664,4.574875589587818,0.1814994194283114,-0.04662746492503827,3,730,14978.0,20.517808219178082,5.331824438450346,0.0
P00662,Stable,Continuous,SES,0.09176270727569795,13.69568649156848,17.44371932204503,0.08719439542595574,-0.04700522451229844,3,730,106848.0,146.36712328767123,18.61270901409813,0.0
P00663,Seasonal,Continuous,SeasonalNaive7,0.0704137972912634,3.766666666666667,4.731593950686097,0.06798607522806721,-0.05105730057479929,3,730,43045.0,58.965753424657535,11.563158932285805,0.0
P00664,Volatile,Continuous,SES,0.20274589047239966,2.6995201404764977,3.707067599708123,0.19406326281965716,-0.07639428823415849,3,730,9144.0,12.526027397260274,3.347706763648819,0.0
P00665,Seasonal,Continuous,SeasonalNaive7,0.13003663003663005,0.6444444444444444,1.0219518833062995,0.11653439153439153,-0.08800366300366301,3,730,3501.0,4.795890410958904,1.1358889554495692,0.0
P00666,Volatile,Continuous,Naive,0.2140933140933141,4.122222222222223,5.249712073343482,0.23928908462658596,-0.011038961038961037,3,730,14197.0,19.447945205479453,5.196617280787016,0.0
P00667,Seasonal,Continuous,HoltWinters7,0.13907176653259892,2.1127999355635314,2.6939088075441613,0.13125435470862953,-0.0860224177137995,3,730,10824.0,14.827397260273973,3.4018174870327256,0.0
P00668,Stable,Continuous,HoltWinters7,0.14181433515162983,3.7463253428554637,4.45112064522801,0.14594708273147466,-0.03746205629183703,3,730,17738.0,24.2986301369863,4.029197047542418,0.0
P00669,Volatile,Continuous,SES,0.21703193341731045,1.766792013254088,2.251546376578539,0.2206824430378874,-0.07353351941766091,3,730,5951.0,8.152054794520549,2.086642447764439,0.0
P00670,Stable,Continuous,Naive,0.08664971097552854,0.5555555555555555,0.7495892435715867,0.08842592592592591,-0.004434750705370821,3,730,4894.0,6.704109589041096,1.0317907450684392,0.0
P00671,Volatile,Continuous,SES,0.23740694091070355,3.3337947984502434,4.595743331302121,0.2203020483820292,-0.14607697445885506,3,730,9768.0,13.38082191780822,3.6623864855228794,0.0
P00672,Trending,Continuous,HoltWinters7,0.1020659196431372,36.14299598757754,46.93142277466828,0.09718843934613719,-0.04913885128248283,3,730,223194.0,305.74520547945207,58.22142832626179,0.0
P00673,Stable,Continuous,SES,0.1529500998804517,3.6764530339048718,4.450599010951422,0.14671529302847322,-0.07163873252381457,3,730,16264.0,22.279452054794522,3.767777574047112,0.0
P00674,Trending,Continuous,HoltWinters7,0.07770805814226128,13.648383802977891,16.80664860936534,0.07543242609803115,-0.048627833738212146,3,730,122002.0,167.1260273972603,27.34929789424018,0.0
P00675,Volatile,Continuous,Naive,0.15864223995484075,2.6222222222222222,3.2924443313210303,0.17392769145193954,0.015735614874677787,3,730,12444.0,17.046575342465754,4.252396474081336,0.0
P00676,Trending,Continuous,Naive,0.1143892804742183,5.599999999999999,7.317490096448988,0.11118066709363778,-0.0366942150404441,3,730,29446.0,40.33698630136986,8.165394321803394,0.0
P00677,Volatile,Continuous,SES,0.21504516267042514,6.764063959579836,9.375940569005603,0.20320722356897294,-0.06352218850325313,3,730,21425.0,29.34931506849315,8.197654709738746,0.0
P00678,Seasonal,Continuous,HoltWinters7,0.0779589024465221,1.4838834239687755,1.9119980063792505,0.07864251649076065,-0.042507940494741825,3,730,15612.0,21.386301369863013,4.722049817288341,0.0
P00679,Volatile,Continuous,SES,0.19692906476589597,20.155815141461094,26.3974722146104,0.19536648109657703,-0.042286043704354036,3,730,68619.0,93.9986301369863,22.43377691213403,0.0
P00680,Trending,Continuous,HoltWinters7,0.09760554381579283,22.600678197666877,28.65953015295872,0.09444136654925384,-0.04325619938499792,3,730,144059.0,197.34109589041097,37.08367558215003,0.0
P00681,Stable,Continuous,HoltWinters7,0.08391610966917445,3.213170333286154,3.9893508612719386,0.08056627503801883,-0.050489670213176276,3,730,27313.0,37.415068493150685,4.691181091841853,0.0
P00682,Stable,Continuous,HoltWinters7,0.06156537703614944,1.712912539482727,2.12455114482468,0.06106945640866373,-0.008015072784519387,3,730,21478.0,29.421917808219177,4.366610013622454,0.0
P00683,Stable,Continuous,SeasonalNaive7,0.15742862250310716,1.1888888888888889,1.7478922626267683,0.1387914862914863,-0.09126931011133332,3,730,5112.0,7.002739726027397,1.222780187200943,0.0
P00684,Stable,Continuous,HoltWinters7,0.047934285106467474,15.311632614266657,20.190160685846664,0.0467741196681149,-0.035787840210974975,3,730,246313.0,337.41506849315067,36.08550344164922,0.0
P00685,Trending,Continuous,HoltWinters7,0.08894927067030227,9.594148417943586,12.743430474899414,0.08498036478090575,-0.05816465450415323,3,730,66203.0,90.68904109589042,17.192064887650623,0.0
P00686,Trending,Continuous,HoltWinters7,0.07550548562529408,21.512559989502435,27.27995033630211,0.07495946462155512,-0.02169352167564258,3,730,197620.0,270.71232876712327,44.44709234459574,0.0
P00687,Seasonal,Continuous,HoltWinters7,0.06819241610456038,15.237695290329421,18.398327479445836,0.0672002991480525,-0.03272319077744138,3,730,181624.0,248.8,49.55924804933347,0.0
P00688,Seasonal,Continuous,HoltWinters7,0.08607801746046152,1.5751183566040563,1.9874376140388275,0.08855183339838753,-0.011191851750617607,3,730,15492.0,21.221917808219178,4.752885098119232,0.0
P00689,Trending,Continuous,HoltWinters7,0.07984659814968796,37.067559345765396,47.436970963326566,0.07694444144062666,-0.053510425604367834,3,730,295510.0,404.8082191780822,72.42697614402753,0.0
P00690,Trending,Continuous,HoltWinters7,0.14420159912592007,5.424383994995041,6.906874459786647,0.13469846070692656,-0.08430057967807181,3,730,23246.0,31.843835616438355,6.358537380054044,0.0
P00691,Volatile,Continuous,SES,0.18319255952849242,0.720968921261417,1.0062804523730524,0.19338814429718862,-0.01064094070329709,3,730,3140.0,4.301369863013699,1.18037137569074,0.0
P00692,Stable,Continuous,Naive,0.06521967122607303,0.7111111111111111,1.023498830635887,0.06495128328461662,-0.016494394954195368,3,730,8412.0,11.523287671232877,1.7229604588964007,0.0
P00693,Trending,Continuous,HoltWinters7,0.07772516173002113,8.923768026577088,11.249931779862342,0.07616312275459998,-0.044926246123290964,3,730,79466.0,108.85753424657534,17.76995134676661,0.0
P00694,Seasonal,Continuous,HoltWinters7,0.13345355924553995,4.068459424282543,4.915848936921509,0.1319908770707556,-0.045675806645075985,3,730,22072.0,30.235616438356164,6.904350825318119,0.0
P00695,Seasonal,Continuous,HoltWinters7,0.13573955557256537,1.763873032247096,2.194729363484314,0.13184356768851443,-0.047199105075150065,3,730,9407.0,12.886301369863014,2.968874430201225,0.0
P00696,Seasonal,Continuous,SeasonalNaive7,0.07496225861700194,16.3,20.271976424263755,0.0730630066034285,-0.05825720424950689,3,730,171998.0,235.61369863013698,45.490574899452675,0.0
P00697,Stable,Continuous,HoltWinters7,0.05491593753372606,1.115101704924341,1.4142542872128148,0.053522577133925574,-0.021071854048029637,3,730,15671.0,21.46712328767123,3.232149662194797,0.0
P00698,Trending,Continuous,HoltWinters7,0.07789923782597939,8.162711599003048,10.20002089234798,0.0751423318707962,-0.04406540082716145,3,730,71444.0,97.86849315068493,16.48091448639635,0.0
P00699,Seasonal,Continuous,Naive,0.14767950752657144,1.2777777777777777,1.6271558098293541,0.1551927701927702,-0.004927138940989755,3,730,6417.0,8.79041095890411,2.053112621319001,0.0
P00700,Stable,Continuous,HoltWinters7,0.04307008442010604,4.007873857962211,5.143454007511658,0.0435654459540839,-0.01189634159709166,3,730,72766.0,99.67945205479452,11.138792172285507,0.0
P00701,Seasonal,Continuous,HoltWinters7,0.05564604258873208,6.96210921860023,8.541388610443391,0.056603435671141476,-0.009850287764050003,3,730,102936.0,141.0082191780822,27.393238346577224,0.0
P00702,Seasonal,Continuous,HoltWinters7,0.15102081251808638,1.2645231383997222,1.5521087631550712,0.1455271617339421,-0.07081251071423135,3,730,6202.0,8.495890410958904,2.0415732896200645,0.0
P00703,Volatile,Continuous,Naive,0.14287721411009083,0.3333333333333333,0.6043896044794516,0.11481481481481481,-0.13262080385368055,3,730,1895.0,2.595890410958904,0.734966075412117,0.0
P00704,Seasonal,Continuous,HoltWinters7,0.146251239434701,3.982634634413754,4.882040087636322,0.14088794493570858,-0.06913100126477277,3,730,19556.0,26.78904109589041,6.2025164512096955,0.0
P00705,Seasonal,Continuous,HoltWinters7,0.13452952189227205,3.9511281694906053,4.809496819497635,0.13206592267157513,-0.03836738537980899,3,730,21122.0,28.934246575342467,6.720037787675499,0.0
P00706,Stable,Continuous,HoltWinters7,0.07315331055821371,7.198222430657992,8.941971470316261,0.07179151261860264,-0.0211707488957411,3,730,69760.0,95.56164383561644,12.203337038688707,0.0
P00707,Seasonal,Continuous,HoltWinters7,0.09917769689774014,1.0352155034416715,1.2496758084969768,0.09872659573201531,-0.056052125986393,3,730,8589.0,11.765753424657534,2.6602143739272,0.0
P00708,Trending,Continuous,HoltWinters7,0.09773433421106202,1.7449970726296087,2.379674111386554,0.09137632687387513,-0.06229267927635062,3,730,11083.0,15.182191780821919,2.863796173410469,0.0
P00709,Seasonal,Continuous,HoltWinters7,0.07832168302309768,1.4785728379377654,1.8245562606077976,0.07803684641188563,-0.02766780122277086,3,730,15545.0,21.294520547945204,4.8139141724869825,0.0
P00710,Trending,Continuous,HoltWinters7,0.06869097126257664,38.7922854081362,48.20884024514633,0.0661261877501058,-0.04098270135864939,3,730,380244.0,520.8821917808219,86.71946688936885,0.0
P00711,Stable,Continuous,HoltWinters7,0.0485104988720421,4.60578926565926,5.773670424040394,0.04796261214578746,-0.03124715855620641,3,730,73129.0,100.17671232876712,10.778108949321387,0.0
P00712,Stable,Continuous,HoltWinters7,0.051272532581487895,3.1361204048282114,3.7420601530394872,0.051118920715530695,-0.0217325250727701,3,730,47861.0,65.56301369863014,7.349178669698652,0.0
P00713,Stable,Continuous,HoltWinters7,0.04329363933941133,9.727163512060633,12.21424696772118,0.042997951442806916,-0.022369485925522625,3,730,177286.0,242.85753424657534,28.32297519599366,0.0
P00714,Volatile,Continuous,RollingMean28,0.15632389065980784,3.01984126984127,3.7999997941073276,0.16480048388686672,-0.02749793916922871,3,730,14739.0,20.19041095890411,4.8435797275474695,0.0
P00715,Volatile,Continuous,SES,0.16793141493603467,0.5246751480560096,0.7668200805621063,0.17499618406231146,-0.025293066676814774,3,730,2445.0,3.3493150684931505,0.8181117285912114,0.0
P00716,Volatile,Continuous,RollingMean28,0.1885305810353056,38.89126984126984,46.54792945223621,0.18502401789015485,-0.05505805335056291,3,730,137123.0,187.83972602739726,43.750825944705355,0.0
P00717,Trending,Continuous,HoltWinters7,0.11987286701270006,15.72663890982419,20.139818629774634,0.11338231683312805,-0.06862403035999816,3,730,79784.0,109.2931506849315,20.842780269764788,0.0
P00718,Volatile,Continuous,RollingMean28,0.19426800546858328,24.68095238095238,31.284872922350825,0.19923749719035191,-0.03821052268719843,3,730,84211.0,115.35753424657534,27.892889476519024,0.0
P00719,Volatile,Continuous,SES,0.2438121581960824,5.614517201273645,7.12292859375253,0.2467602454397908,-0.024173676069883288,3,730,17022.0,23.317808219178083,5.897648794856891,0.0
P00720,Trending,Continuous,HoltWinters7,0.07110914568223559,41.239573735301754,50.9979667051745,0.06885755444983756,-0.046706883619446506,3,730,378247.0,518.1465753424658,87.08672589873733,0.0
P00721,Volatile,Continuous,SES,0.17989379988070742,25.060484891577385,33.57169009933774,0.17745489448830057,-0.0449949346603792,3,730,91610.0,125.4931506849315,28.64111373699062,0.0
P00722,Trending,Continuous,HoltWinters7,0.15749556152206465,6.344989341798342,7.965315887713591,0.15419666847815197,-0.034912086397294546,3,730,24610.0,33.71232876712329,6.718480648459553,0.0
P00723,Volatile,Continuous,SES,0.2479456482016997,3.1764612963721395,4.233772884129333,0.23784255538501123,-0.04715587853183198,3,730,9396.0,12.871232876712329,3.420244716938566,0.0
P00724,Intermittent,Intermittent,RollingMean28,1.4479249816326432,169.24761904761905,183.31277282881595,0.669260301016455,0.10261087664519657,3,730,105614.0,144.6767123287671,196.85951242579935,0.6438356164383562
P00725,Seasonal,Continuous,HoltWinters7,0.06594135629252484,9.494094550587489,11.984715353139364,0.06578082814023539,-0.047348974224148105,3,730,118757.0,162.68082191780823,31.633286099407712,0.0
P00726,Stable,Continuous,HoltWinters7,0.07675319340203186,18.490051986448417,23.535739085719424,0.07430528085121992,-0.025168504352442958,3,730,170558.0,233.64109589041095,29.626850960524937,0.0
P00727,Seasonal,Continuous,HoltWinters7,0.1629673065026275,4.415308328045419,5.3203218321723975,0.16193603050161023,-0.09695071177425425,3,730,20205.0,27.67808219178082,6.481095154102232,0.0
P00728,Intermittent,Intermittent,Naive,1.3684879288437102,31.78888888888889,47.62701428212304,0.7193658141776615,0.02922490470139764,3,730,18480.0,25.315068493150687,35.14870495298291,0.6534246575342466
P00729,Volatile,Continuous,SES,0.22102257324589328,6.422170581174732,8.35747616963105,0.21410364573190152,-0.09044402944738365,3,730,20721.0,28.384931506849316,7.456212758892055,0.0
P00730,Stable,Continuous,SES,0.14721396278194296,4.151518854910397,4.943330971946806,0.14308337907637778,-0.06232223913476354,3,730,18697.0,25.612328767123287,4.323872077302042,0.0
P00731,Trending,Continuous,HoltWinters7,0.15948652238579406,5.262640650744308,6.3883987042662085,0.15385276832719508,-0.05096169637844598,3,730,20759.0,28.436986301369863,5.739617736020579,0.0
P00732,Stable,Continuous,HoltWinters7,0.08347018641169833,5.0798493939123786,6.080136708864653,0.08268291579747673,-0.004120825747154582,3,730,43945.0,60.1986301369863,7.851869202473578,0.0
P00733,Stable,Continuous,HoltWinters7,0.04633286400625105,17.87862693135145,21.84291281969556,0.04620533286955974,-0.010971297604421284,3,730,300590.0,411.7671232876712,44.87376610802005,0.0
P00734,Trending,Continuous,HoltWinters7,0.06986673794242816,23.24666088422291,29.459895349626123,0.06788061057559468,-0.03264212017217558,3,730,228977.0,313.66712328767125,50.82356191531457,0.0
P00735,Volatile,Continuous,RollingMean28,0.1748810300655029,1.700793650793651,2.1738072663050967,0.1867359998907618,-0.02128443626083071,3,730,7656.0,10.487671232876712,2.820751303545789,0.0
P00736,Trending,Continuous,HoltWinters7,0.10509802646371798,38.899916053576106,47.677797708744656,0.10193854811447262,-0.0491558323256018,3,730,228413.0,312.8945205479452,60.85850009987346,0.0
P00737,Volatile,Continuous,RollingMean28,0.19448936807427372,0.6507936507936507,0.8109617840995026,0.19948412698412699,-0.05405810122791255,3,730,2598.0,3.558904109589041,0.9207016493650818,0.0
P00738,Volatile,Continuous,SES,0.18954342869414434,10.59450412441002,13.900028029028826,0.18623363333834841,-0.058130516188497454,3,730,38482.0,52.71506849315068,12.299014327362073,0.0
P00739,Seasonal,Continuous,HoltWinters7,0.09338737818395508,1.5041917747615037,1.8311605148411267,0.09198450401517728,-0.07468021548117597,3,730,12957.0,17.74931506849315,3.9138747001003225,0.0
P00740,Stable,Continuous,HoltWinters7,0.062203995276996805,1.0915403541312567,1.3791922660333118,0.06314961553008365,0.008741292417927768,3,730,13457.0,18.434246575342467,2.7455772729770547,0.0
P00741,Trending,Continuous,HoltWinters7,0.08633914575558645,22.146400117308996,28.24341817665554,0.08318350988753848,-0.05522955634503507,3,730,177294.0,242.86849315068494,40.60548888380848,0.0
P00742,Volatile,Continuous,Naive,0.17777275239961807,0.41111111111111115,0.6268723059757381,0.18611111111111112,0.01820443238353686,3,730,1838.0,2.5178082191780824,0.689195962176778,0.0
P00743,Trending,Continuous,HoltWinters7,0.0740795655363466,49.69247012911196,60.12706170928391,0.07236136065332927,-0.04804322475425582,3,730,444382.0,608.7424657534247,106.49910696999726,0.0
P00744,Trending,Continuous,HoltWinters7,0.07909180820627958,3.308866197927267,4.25262499769971,0.07626969081871088,-0.04999927674819885,3,730,28893.0,39.57945205479452,6.540565806647488,0.0
P00745,Volatile,Continuous,SES,0.26434692182307556,1.6478071133369347,2.1065886931203965,0.26112321360345336,-0.08379003508345866,3,730,4479.0,6.135616438356164,1.6361712024860466,0.0
P00746,Volatile,Continuous,SES,0.1902572023372973,3.3208358644923,4.285112595310192,0.18285360637054823,-0.06862797084163788,3,730,11447.0,15.680821917808219,3.56953876646273,0.0
P00747,Stable,Continuous,HoltWinters7,0.05784621408519811,1.0078734954611235,1.2544016981805672,0.05862803934034563,0.01251053144529702,3,730,13308.0,18.23013698630137,2.740074239855478,0.0
P00748,Trending,Continuous,HoltWinters7,0.07126461014346938,25.598947545552083,32.32605046177946,0.07087552892786818,-0.01639687245479418,3,730,250549.0,343.2178082191781,57.18552543188395,0.0
P00749,Volatile,Continuous,Naive,0.17442715070991013,37.666666666666664,43.90432086379382,0.18665141354734707,0.008476623010502627,3,730,143684.0,196.82739726027398,45.08285699230025,0.0
P00750,Seasonal,Continuous,HoltWinters7,0.07391127748563812,17.806745598315228,22.27725485055339,0.07299138656432765,-0.053927723798385084,3,730,192195.0,263.2808219178082,50.5275248774625,0.0
P00751,Trending,Continuous,Naive,0.1438047623956293,0.46666666666666673,0.6658307154068885,0.17703703703703702,0.07905112874961344,3,730,2026.0,2.7753424657534245,0.6319740279425348,0.0
P00752,Stable,Continuous,HoltWinters7,0.08484851801557351,12.445311431292245,14.830919184419002,0.08544075707043602,0.003972151306254175,3,730,106149.0,145.4095890410959,18.351339189188412,0.0
P00753,Trending,Continuous,HoltWinters7,0.06884526311093218,13.885784808111252,16.97920686831188,0.06636000020059464,-0.039996587931144655,3,730,135004.0,184.93698630136987,31.90071835841752,0.0
P00754,Stable,Continuous,HoltWinters7,0.06620015543850549,1.0114592754889726,1.2124598338795656,0.0669504084672983,-0.004561498773092465,3,730,11899.0,16.3,2.556709347699605,0.0
P00755,Stable,Continuous,Naive,0.1360478936125789,0.6333333333333333,0.9055174356115111,0.1685185185185185,0.09354672919711544,3,730,3011.0,4.124657534246575,0.7441183774428857,0.0
P00756,Stable,Continuous,HoltWinters7,0.04260942908315327,14.495680418476304,18.545279671948798,0.04182077568431398,-0.025767694793243947,3,730,260467.0,356.8041095890411,37.141722195796596,0.0
P00757,Stable,Continuous,HoltWinters7,0.05507448191205541,8.378879855587451,10.37752368926416,0.05428888937702408,-0.03814619599506388,3,730,119016.0,163.03561643835616,18.3747408918623,0.0
P00758,Trending,Continuous,HoltWinters7,0.06850916176321148,21.081640676277164,25.65393632670762,0.06733686766998893,-0.035056175904293975,3,730,208267.0,285.2972602739726,47.39149754041158,0.0
P00759,Volatile,Continuous,Naive,0.1826794057067593,31.066666666666663,39.81652545383553,0.19840207899710127,0.0317501985524293,3,730,109630.0,150.17808219178082,35.712786022378644,0.0
P00760,Intermittent,Intermittent,SeasonalNaive7,1.0463032725128574,44.71111111111111,67.60605380956383,0.7430000252549912,-0.3803681986438235,3,730,26371.0,36.12465753424657,49.97828960983215,0.6520547945205479
P00761,Volatile,Continuous,SES,0.22842107478017618,4.430764463085047,5.7713729658726685,0.22011608733494384,-0.043712804464400144,3,730,14231.0,19.494520547945207,5.06101022818128,0.0
P00762,Volatile,Continuous,RollingMean28,0.16636733620046282,1.0563492063492064,1.368185811433544,0.1692219387755102,-0.034548507642994046,3,730,5083.0,6.963013698630137,1.7576020927417473,0.0
P00763,Seasonal,Continuous,HoltWinters7,0.1352622679587741,3.6143398458881575,4.486621682557111,0.13635122139966102,-0.042547202851059986,3,730,19745.0,27.04794520547945,6.270023826897341,0.0
P00764,Intermittent,Intermittent,Naive,1.0,110.3,185.81582421131682,1.0,-1.0,3,730,80552.0,110.34520547945205,157.07255454485727,0.6643835616438356
P00765,Seasonal,Continuous,SeasonalNaive7,0.15649684286192728,0.9888888888888889,1.509197407307427,0.14330006413339746,-0.11122989519771935,3,730,4625.0,6.335616438356165,1.5066264118419421,0.0
P00766,Trending,Continuous,HoltWinters7,0.08695153017559869,33.58395081616738,41.14396596248645,0.08468570216913647,-0.04160608872583707,3,730,260148.0,356.36712328767123,59.11291665021796,0.0
P00767,Stable,Continuous,HoltWinters7,0.050185364696531946,13.061028883468998,15.780807347066022,0.0502091695036872,-0.01375900177067213,3,730,202739.0,277.7246575342466,29.345668379269206,0.0
P00768,Volatile,Continuous,SES,0.15670603708534045,5.342770119878204,7.003444826828954,0.15280230098716754,-0.04055518142121212,3,730,23366.0,32.00821917808219,7.336694953878819,0.0
P00769,Seasonal,Continuous,HoltWinters7,0.0888331074738355,1.5720967469987503,1.8879579642182838,0.0879923652116189,-0.05955756052080099,3,730,14623.0,20.03150684931507,4.529778826540446,0.0
P00770,Volatile,Continuous,SES,0.2067499974859119,18.8453164995437,22.947833997798288,0.2050844859767649,-0.08127341291005759,3,730,60179.0,82.43698630136986,21.699835370405296,0.0
P00771,Seasonal,Continuous,HoltWinters7,0.14650169256481466,3.6076491384595646,4.394797938606394,0.14291299126919443,-0.079518128781565,3,730,17962.0,24.605479452054794,5.744727180064944,0.0
P00772,Stable,Continuous,HoltWinters7,0.0837489890873928,18.016821665110005,21.68897136745065,0.08296215366735506,-0.012744037120972407,3,730,156096.0,213.83013698630137,26.469666802062516,0.0
P00773,Stable,Continuous,HoltWinters7,0.13449572708112115,4.61805690229917,5.581192170161238,0.14556897048669215,0.008458677196005336,3,730,21921.0,30.028767123287672,5.252525147565101,0.0
P00774,Stable,Continuous,HoltWinters7,0.06986910445715007,1.0919390338616262,1.3559375215706713,0.06945908073203562,-0.03326878901621248,3,730,11960.0,16.383561643835616,2.4835819578157605,0.0
P00775,Intermittent,Intermittent,Naive,1.0,85.27777777777779,147.82208978390474,1.0,-1.0,3,730,67053.0,91.85342465753425,124.21839763342237,0.6410958904109589
P00776,Seasonal,Continuous,HoltWinters7,0.13977586328884997,3.276051893589156,3.801936826236904,0.14200923260754364,-0.021383521132085845,3,730,16992.0,23.276712328767122,5.409196065106797,0.0
P00777,Seasonal,Continuous,HoltWinters7,0.15279339141265239,0.8975590851060425,1.1577843048722771,0.1496897902396703,-0.0484125879668319,3,730,4274.0,5.854794520547945,1.3641541791113436,0.0
P00778,Stable,Continuous,HoltWinters7,0.04975402662158068,13.677234309733423,16.748683675483527,0.04905904073836206,-0.033347915137412296,3,730,212596.0,291.22739726027396,30.768935130644223,0.0
P00779,Trending,Continuous,HoltWinters7,0.07861575883955012,31.523813207994113,39.24083375651126,0.0759956366170517,-0.04179451663581892,3,730,262664.0,359.81369863013697,62.33183316138589,0.0
P00780,Seasonal,Continuous,HoltWinters7,0.059959619591290945,2.6242485645772544,3.3269229968035714,0.059358660012027255,-0.035930279407378064,3,730,34790.0,47.657534246575345,9.038432160195894,0.0
P00781,Intermittent,Intermittent,SeasonalNaive7,1.4142294511052889,90.31111111111112,138.8385976473485,0.4945298266824481,0.4679771482120822,3,730,56971.0,78.04246575342465,109.52240554457848,0.6589041095890411
P00782,Seasonal,Continuous,HoltWinters7,0.060010459069613865,14.493038831864808,18.8899932011352,0.06007150893790891,-0.03034097141454627,3,730,197127.0,270.03698630136984,53.586078098135296,0.0
P00783,Seasonal,Continuous,HoltWinters7,0.07667122422310668,1.7674895324850304,2.2353072288371734,0.07684924749811806,-0.04718751969140029,3,730,19149.0,26.231506849315068,5.887127076597073,0.0
P00784,Volatile,Continuous,SES,0.19209224473032238,0.8573994714699985,1.059997756167369,0.19900476113796084,-0.003445316941151836,3,730,3564.0,4.882191780821918,1.2294223905854402,0.0
P00785,Trending,Continuous,Naive,0.1680965279004495,1.0666666666666667,1.3497970990118688,0.17438151354818024,-0.04397044102926456,3,730,3929.0,5.382191780821918,1.1150353498801824,0.0
P00786,Volatile,Continuous,SES,0.2213958861553348,21.532344768633397,26.005357410871103,0.2194498793548072,-0.07415733630910913,3,730,62531.0,85.65890410958905,19.788111710128405,0.0
P00787,Trending,Continuous,HoltWinters7,0.07588715545378145,27.076708971328955,33.00312110357318,0.07437687099397962,-0.04593854212644691,3,730,237452.0,325.27671232876713,53.535062214363144,0.0
P00788,Volatile,Continuous,SES,0.16496860810841263,0.9481836828112673,1.2711937278755678,0.1631292384398302,-0.0475269763156451,3,730,4273.0,5.853424657534247,1.446492583235568,0.0
P00789,Stable,Continuous,HoltWinters7,0.054851892391753886,11.294063689335884,13.937960262667447,0.05570148847035009,0.010566606349574771,3,730,163240.0,223.6164383561644,25.505280734035914,0.0
P00790,Stable,Continuous,HoltWinters7,0.09309158028239718,3.3614904510124526,3.979820586292341,0.09162696916081287,-0.03206611656333253,3,730,25958.0,35.558904109589044,4.55600225501697,0.0
P00791,Stable,Continuous,SeasonalNaive7,0.13875688752046303,3.1,4.637861459323851,0.12424118123620265,-0.09635578782297048,3,730,14526.0,19.898630136986302,3.4665753846277814,0.0
P00792,Stable,Continuous,HoltWinters7,0.0494317008741321,5.588419957785924,6.93837197926414,0.04937081702794407,-0.02018896861709549,3,730,88204.0,120.82739726027397,13.980304196438581,0.0
P00793,Seasonal,Continuous,HoltWinters7,0.06652568101084189,14.905518416102502,18.725955452636388,0.06597083513423656,-0.046026018926339056,3,730,181981.0,249.2890410958904,48.70180269953943,0.0
P00794,Stable,Continuous,HoltWinters7,0.0432613386281205,3.540123496847812,4.411889013500264,0.04252281740753399,-0.021596613280841868,3,730,63275.0,86.67808219178082,9.72483910566624,0.0
P00795,Trending,Continuous,HoltWinters7,0.16143684301812877,4.17180399961508,4.968796643264671,0.15756212601324357,-0.06360117840539829,3,730,16604.0,22.745205479452054,4.385818306894936,0.0
P00796,Stable,Continuous,HoltWinters7,0.09231549341034172,6.4885399314506955,7.891627052483886,0.08921063929572493,-0.05207203326776196,3,730,50205.0,68.77397260273973,8.608996592589053,0.0
P00797,Stable,Continuous,HoltWinters7,0.08471118591207703,16.19068130454215,19.504962867855195,0.08432127164075949,-0.02561315677007267,3,730,137489.0,188.34109589041097,23.82083522551786,0.0
P00798,Stable,Continuous,HoltWinters7,0.05499636700196598,13.853261715047948,17.15096463631387,0.05382189155506841,-0.04027392550986535,3,730,195762.0,268.16712328767125,30.71171344746423,0.0
P00799,Intermittent,Intermittent,Naive,1.2477030503491362,38.27777777777778,56.40226781738909,0.6869018255844631,-0.11797133406835725,3,730,21703.0,29.73013698630137,42.91651123846242,0.6712328767123288
P00800,Stable,Continuous,HoltWinters7,0.07636938830693418,17.636915781619198,22.257922713545714,0.07378325747563992,-0.018171732619359504,3,730,165607.0,226.85890410958905,28.77666872173635,0.0
P00801,Trending,Continuous,HoltWinters7,0.07897401487677426,33.777086008633304,43.123759843612646,0.07575518999016756,-0.06269693844076203,3,730,281612.0,385.7698630136986,68.08974285665745,0.0
P00802,Stable,Continuous,SES,0.1446113786489181,0.9082064595569953,1.2064570045998826,0.14329392380736664,-0.03837622826822384,3,730,4157.0,5.6945205479452055,1.0108316546329215,0.0
P00803,Stable,Continuous,HoltWinters7,0.040773916059056586,5.310873604748107,6.8920679352291545,0.04032581490874922,-0.006138728762194276,3,730,103397.0,141.63972602739727,15.91223562932594,0.0
P00804,Stable,Continuous,HoltWinters7,0.04643923667718885,2.840529567354627,3.4451471346840354,0.04623840753102005,-0.025966752588135758,3,730,48047.0,65.81780821917808,7.36830126299572,0.0
P00805,Seasonal,Continuous,HoltWinters7,0.06775962198729472,1.3536968978057426,1.7784302242624108,0.06875913790018258,-0.02350815114235442,3,730,16296.0,22.323287671232876,4.857037673844286,0.0
P00806,Stable,Continuous,HoltWinters7,0.04894464105413004,18.213700620120264,22.299518868219675,0.04814595222811102,-0.02909403315924966,3,730,286478.0,392.4356164383562,42.625582617897784,0.0
P00807,Trending,Continuous,HoltWinters7,0.08843819383725209,4.896349456841996,6.545633388356653,0.0837713054964956,-0.06015791318952646,3,730,34182.0,46.824657534246576,8.88592204842761,0.0
P00808,Trending,Continuous,HoltWinters7,0.10140432036244285,21.10883819240982,27.11864285367435,0.0970395091145566,-0.05148253814174208,3,730,126465.0,173.23972602739727,33.55128433173496,0.0
P00809,Stable,Continuous,HoltWinters7,0.044722984373176324,10.303990299724154,12.985536083473432,0.044638455439043434,0.006047235249436348,3,730,182545.0,250.06164383561645,28.44941666677117,0.0
P00810,Trending,Continuous,HoltWinters7,0.14868861901299107,5.839282849834013,7.460455259671273,0.13928026426986598,-0.06632555865088947,3,730,23969.0,32.83424657534247,6.64863238055089,0.0
P00811,Volatile,Continuous,SES,0.19499170692998657,34.038110648082615,42.61896191364587,0.2031128678746791,-0.023075839509472517,3,730,116154.0,159.1150684931507,37.85877906908267,0.0
P00812,Stable,Continuous,HoltWinters7,0.0805549556758325,20.250209287183946,24.145599645855004,0.0791065636626588,-0.02570710716271495,3,730,179528.0,245.92876712328768,31.065051793331595,0.0
P00813,Stable,Continuous,HoltWinters7,0.1281910253559442,2.5290234909032674,3.0225433855692443,0.13564813204229156,-0.0061456365617072566,3,730,12705.0,17.404109589041095,3.051858070659089,0.0
P00814,Trending,Continuous,HoltWinters7,0.09189312170058396,15.102394979866526,19.072092435671355,0.08897693612514974,-0.038099064432376976,3,730,101018.0,138.38082191780822,26.388729863246613,0.0
P00815,Trending,Continuous,HoltWinters7,0.10883046356490278,36.729955340454616,48.259411225046925,0.10185647717832187,-0.06767531083315782,3,730,204576.0,280.241095890411,53.142554449777656,0.0
P00816,Stable,Continuous,HoltWinters7,0.047149954373987245,6.980066202923709,8.896881831232394,0.046870132287603956,-0.009361755014483978,3,730,116531.0,159.63150684931506,17.865135496642505,0.0
P00817,Seasonal,Continuous,HoltWinters7,0.07744220430524731,11.239638477572731,13.481721510770944,0.07741609803649144,-0.05719713623494562,3,730,116338.0,159.36712328767123,30.744346307046523,0.0
P00818,Seasonal,Continuous,HoltWinters7,0.08072936686862181,1.1521800229072938,1.4802061823272001,0.0804028685560708,-0.042498784946849895,3,730,11835.0,16.21232876712329,3.5851563055723674,0.0
P00819,Trending,Continuous,HoltWinters7,0.15135088374781527,5.317202201333346,6.4791214262528145,0.14417458085527876,-0.06070048279596744,3,730,21742.0,29.783561643835615,6.013907377695301,0.0
P00820,Volatile,Continuous,SES,0.1667705940198605,3.9890933908843884,4.939138465202277,0.1714930011244096,-0.03611700337626562,3,730,18978.0,25.997260273972604,6.429739984603817,0.0
P00821,Volatile,Continuous,SES,0.1569055967900389,19.438570385026015,24.486700521097024,0.15754381195691206,-0.019473486838760674,3,730,88726.0,121.54246575342465,26.90156785966486,0.0
P00822,Stable,Continuous,SeasonalNaive7,0.13337333794457204,1.7,2.5161512752464863,0.11826836228023017,-0.09969146476632866,3,730,8384.0,11.484931506849316,1.9508129382723465,0.0
P00823,Volatile,Continuous,SES,0.187102020645037,2.870807271476807,3.5847289928083277,0.1934781857922175,-0.04781800189073627,3,730,11751.0,16.0972602739726,4.023949993919372,0.0
P00824,Stable,Continuous,HoltWinters7,0.079458300076824,1.3850242675341324,1.7438659237366385,0.07964193993885525,-0.006215105827574441,3,730,13410.0,18.36986301369863,2.724712135737576,0.0
P00825,Seasonal,Continuous,HoltWinters7,0.06889294698730962,5.539406869311185,6.904549012358036,0.06834821098585847,-0.027895029180544387,3,730,65966.0,90.36438356164383,18.180812402248833,0.0
P00826,Trending,Continuous,HoltWinters7,0.10360355279724826,33.172085191463594,43.004588893870014,0.09771976672474857,-0.07427881120608332,3,730,193357.0,264.872602739726,51.491994024652364,0.0
P00827,Stable,Continuous,HoltWinters7,0.060655905423129486,0.9266250880061517,1.2081522689487503,0.059875531938553855,-0.013344067226344174,3,730,11614.0,15.90958904109589,2.401997590230619,0.0
P00828,Stable,Continuous,Naive,0.07121971926398071,0.7888888888888889,1.0496463022250222,0.0692676459343126,-0.0350370165089671,3,730,8479.0,11.615068493150686,1.789634169794087,0.0
P00829,Stable,Continuous,HoltWinters7,0.04063300663035988,3.115822794991788,3.9576432127245114,0.04027060706455341,-0.023879748942729304,3,730,59272.0,81.1945205479452,8.84715341618625,0.0
P00830,Seasonal,Continuous,HoltWinters7,0.07070445454881254,5.573893070441905,7.042452483443824,0.06882296214397686,-0.053774062066066004,3,730,64953.0,88.97671232876712,17.49444764395444,0.0
P00831,Trending,Continuous,HoltWinters7,0.17220733568297028,7.092389006483124,8.656088737865248,0.16471717682428078,-0.10223927079160056,3,730,24743.0,33.894520547945206,7.049003284200866,0.0
P00832,Stable,Continuous,HoltWinters7,0.045473912285719655,4.462652949201233,5.615894446119701,0.04533269517377716,-0.010975825683155735,3,730,77478.0,106.13424657534246,12.223840736584526,0.0
P00833,Volatile,Continuous,Naive,0.210051615245381,1.4555555555555557,1.891397631147087,0.2100470517137184,-0.07381027664512617,3,730,4832.0,6.619178082191781,1.861505028092853,0.0
P00834,Stable,Continuous,SES,0.13585885979209622,2.3291688890458,2.9666144732505972,0.12610415285357993,-0.06663542342402878,3,730,11118.0,15.23013698630137,2.651018125277641,0.0
P00835,Stable,Continuous,HoltWinters7,0.05012064856924498,5.016001015228337,6.150752146596154,0.04917806423317622,-0.02925456617991969,3,730,78376.0,107.36438356164383,12.201726584777289,0.0
P00836,Stable,Continuous,Naive,0.060777813109721385,0.17777777777777778,0.40809689094215235,0.075,0.024935519202911354,3,730,2223.0,3.0452054794520547,0.48786118016140656,0.0
P00837,Trending,Continuous,HoltWinters7,0.11065839427069722,15.299038545468461,20.325256981404152,0.10352310656864411,-0.05603027228248961,3,730,84453.0,115.68904109589042,22.29593983745965,0.0
P00838,Volatile,Continuous,RollingMean28,0.16484733261934895,2.8190476190476184,3.57017797985985,0.16363843467570457,-0.038675271448185486,3,730,13003.0,17.812328767123287,4.2087649480975475,0.0
P00839,Trending,Continuous,HoltWinters7,0.06946264014954356,15.869241241000658,20.734225006024875,0.06769511669263356,-0.013420976057947565,3,730,157902.0,216.3041095890411,36.31580140445453,0.0
P00840,Stable,Continuous,HoltWinters7,0.050374285719988365,5.691065032378812,6.884209354845745,0.05066032154215735,0.013618053474272016,3,730,88741.0,121.56301369863014,13.97418751953357,0.0
P00841,Volatile,Continuous,Naive,0.2018290336392384,2.6999999999999997,3.324668345699783,0.20408065998146538,-0.07149614910420891,3,730,10157.0,13.913698630136986,3.6041362866435076,0.0
P00842,Trending,Continuous,HoltWinters7,0.07726209518040654,51.45482259133101,65.67605591747667,0.07554297634154265,-0.03840291604125693,3,730,440455.0,603.3630136986301,104.10923882903406,0.0
P00843,Stable,Continuous,HoltWinters7,0.13824514008580815,1.9940827430013386,2.346343121549562,0.14372183698028132,-0.0012716262413868297,3,730,9424.0,12.90958904109589,2.1792237819431164,0.0
P00844,Volatile,Continuous,RollingMean28,0.1930388064366972,17.769047619047615,23.226150058533307,0.19832119129660364,-0.02735145854022487,3,730,62131.0,85.1109589041096,19.89761214067947,0.0
P00845,Seasonal,Continuous,HoltWinters7,0.1425414745640775,1.2856233691774246,1.6147920708026173,0.1367058427487088,-0.07778238298950767,3,730,6505.0,8.91095890410959,2.0478542179978625,0.0
P00846,Volatile,Continuous,SES,0.15672206902021946,2.3138442034849542,3.2045012063458795,0.15748810521785908,-0.014338785819200867,3,730,11483.0,15.73013698630137,3.9693332300554873,0.0
P00847,Stable,Continuous,HoltWinters7,0.13836955362866327,3.6737415626738996,4.394001047571822,0.1460371782956689,-0.011567784419301798,3,730,17330.0,23.73972602739726,4.063040268214474,0.0
P00848,Trending,Continuous,HoltWinters7,0.10901564315969554,10.34396961869489,13.244094852872564,0.10494910371821653,-0.06752058717031563,3,730,57895.0,79.3082191780822,15.375396352968595,0.0
P00849,Seasonal,Continuous,HoltWinters7,0.06116060934650763,12.194056268663433,14.903797431145726,0.06005126062884445,-0.04396225892345138,3,730,164931.0,225.93287671232878,44.5537808051283,0.0
P00850,Stable,Continuous,HoltWinters7,0.04357443758589505,1.0663958845227366,1.3218710636032756,0.043560812669293875,-0.01329781370660866,3,730,19109.0,26.176712328767124,2.97640564240379,0.0
P00851,Stable,Continuous,HoltWinters7,0.1484452677512401,2.2666597095047423,2.600447002413771,0.1521846235350119,-0.012019302773025257,3,730,10184.0,13.95068493150685,2.401481212310129,0.0
P00852,Trending,Continuous,HoltWinters7,0.08837849351980527,49.17229573128616,60.10220442095036,0.08692568335244466,-0.04388695293860678,3,730,363556.0,498.0219178082192,87.29158718041555,0.0
P00853,Seasonal,Continuous,HoltWinters7,0.13157862567392148,1.5651767399202168,1.9345660806404543,0.1286537986144266,-0.03204199398240035,3,730,8529.0,11.683561643835617,2.678446906748693,0.0
P00854,Stable,Continuous,HoltWinters7,0.09275362484999221,14.292204840668484,17.32665391567154,0.08952599405384232,-0.03190177755936883,3,730,109993.0,150.67534246575343,19.145821771581602,0.0
P00855,Trending,Continuous,HoltWinters7,0.13437798124126185,1.4721368543833497,1.924157809842385,0.1281774292259383,-0.04184793382283326,3,730,6679.0,9.14931506849315,1.8109273017133716,0.0
P00856,Volatile,Continuous,SES,0.21798083896823642,4.917039575456787,6.751176590913263,0.19925258380970948,-0.10346175369887423,3,730,16512.0,22.61917808219178,5.8759619948291615,0.0
P00857,Volatile,Continuous,Naive,0.23164770357437314,0.7888888888888889,1.0913633847907669,0.2358024691358025,-0.08200785683107813,3,730,2423.0,3.319178082191781,1.0106643341024604,0.0
P00858,Seasonal,Continuous,HoltWinters7,0.07089857864847114,16.781302885839718,20.8105791329632,0.07015230320381981,-0.03728035591102726,3,730,195168.0,267.3534246575342,53.19502148335903,0.0
P00859,Trending,Continuous,HoltWinters7,0.07348394221162305,7.317466357079939,8.823439616285283,0.07267915422589476,-0.03899113979341435,3,730,67905.0,93.02054794520548,15.879548829545946,0.0
P00860,Trending,Continuous,HoltWinters7,0.14480755619311883,5.161316272170752,6.448387761961534,0.13907075054156856,-0.05162309685121763,3,730,22372.0,30.646575342465752,6.1048021798261045,0.0
P00861,Stable,Continuous,HoltWinters7,0.04861861334058864,9.140690257838907,11.126930729034198,0.04843500317255814,-0.02689397670211172,3,730,145341.0,199.0972602739726,21.075476569895493,0.0
P00862,Stable,Continuous,HoltWinters7,0.048484249452852124,10.095509826098839,12.292252374095588,0.048456460460538274,-0.027847320890394312,3,730,164282.0,225.04383561643834,26.896402308620242,0.0
P00863,Stable,Continuous,HoltWinters7,0.046323704511247704,4.811176612596455,6.10920480204588,0.04572640092109914,-0.019877921199476397,3,730,80922.0,110.85205479452055,12.267370144314732,0.0
P00864,Seasonal,Continuous,HoltWinters7,0.07739883535340138,1.9916835621020066,2.459754784930085,0.0764641883284678,-0.059008972043974005,3,730,20752.0,28.427397260273974,6.025170347448071,0.0
P00865,Stable,Continuous,HoltWinters7,0.08447392092074414,0.45487919021095186,0.5742531881344785,0.08387810722381338,-0.02065598269867844,3,730,4133.0,5.661643835616438,0.8884458984088642,0.0
P00866,Trending,Continuous,HoltWinters7,0.07393292879132837,6.851636953036251,8.986671861415907,0.0704138154073533,-0.039744545423625356,3,730,62631.0,85.7958904109589,14.00561261545533,0.0
P00867,Trending,Continuous,HoltWinters7,0.14589767119250516,3.2642012198785415,4.165203760295697,0.13677132785306245,-0.07200990232863251,3,730,13592.0,18.61917808219178,3.8272238856088876,0.0
P00868,Volatile,Continuous,Naive,0.2439410945521814,1.0888888888888888,1.3444866510180467,0.27302268718935385,0.01842613955228534,3,730,3150.0,4.315068493150685,1.244760898132243,0.0
P00869,Stable,Continuous,HoltWinters7,0.09167696391965668,5.461476374331531,6.747129020235358,0.09145730287206584,-0.030560634194506248,3,730,43094.0,59.032876712328765,7.378202702223272,0.0
P00870,Volatile,Continuous,SES,0.18692426480952992,57.61364773373732,76.135873079877,0.18173353472465034,-0.06851992685873651,3,730,206897.0,283.4205479452055,70.23042509306661,0.0
P00871,Volatile,Continuous,RollingMean28,0.17311130894715743,4.763492063492065,5.877641908610252,0.1811468069703173,-0.008729127409962402,3,730,21916.0,30.02191780821918,7.550256794392734,0.0
P00872,Volatile,Continuous,Naive,0.1457803510963994,1.7,2.212952855726204,0.14086930498695202,-0.04869479583682609,3,730,9195.0,12.595890410958905,3.2342872614353047,0.0
P00873,Trending,Continuous,HoltWinters7,0.06793160977183148,26.120368395282934,34.7136639433502,0.06498210976530096,-0.04488506303456944,3,730,252087.0,345.32465753424657,58.55889437109329,0.0
P00874,Seasonal,Continuous,SeasonalNaive7,0.0924505093683589,1.5,1.9179869327930283,0.09147843718793151,-0.06995931490368933,3,730,13048.0,17.873972602739727,3.956971150402719,0.0
P00875,Trending,Continuous,HoltWinters7,0.14464892101725316,1.8673961620375765,2.394530134295786,0.13824996927245384,-0.05630642051837522,3,730,8014.0,10.978082191780821,2.2430044626122223,0.0
P00876,Stable,Continuous,SES,0.13880651940342292,3.3938302904281916,4.25547974128383,0.12862390319513592,-0.07018958594033714,3,730,16167.0,22.146575342465752,3.8588462916810413,0.0
P00877,Trending,Continuous,HoltWinters7,0.07228022649734668,33.88613120609317,43.34630285137134,0.07043182353526291,-0.04768683116200351,3,730,310736.0,425.6657534246575,73.72283805073309,0.0
P00878,Stable,Continuous,HoltWinters7,0.04445110675300549,21.031308384076386,25.772911876337485,0.04403250473831832,-0.02607861261775449,3,730,364970.0,499.958904109589,54.89894403729953,0.0
P00879,Stable,Continuous,HoltWinters7,0.13796512269045083,1.4911164842100337,1.7506363646828023,0.13829719716350297,-0.012153687028548034,3,730,6995.0,9.582191780821917,1.6970758734060658,0.0
P00880,Seasonal,Continuous,HoltWinters7,0.14510708740039727,3.143317047756415,3.754188746613283,0.14327653893262451,-0.07597154121837622,3,730,15521.0,21.26164383561644,4.9005229176195275,0.0
P00881,Seasonal,Continuous,SeasonalNaive7,0.15463922197750404,0.5444444444444444,0.9055009693230086,0.13888888888888887,-0.10855969763711015,3,730,2556.0,3.5013698630136987,0.8335379420720936,0.0
P00882,Intermittent,Intermittent,Naive,1.0874316939890711,28.36666666666667,43.9199006441394,0.7130786550693807,-0.3442622950819672,3,730,20511.0,28.0972602739726,40.48482068367728,0.6698630136986301
P00883,Volatile,Continuous,Naive,0.24410256410256412,0.45555555555555555,0.6869111632738578,0.35000000000000003,0.09230769230769231,3,730,1474.0,2.0191780821917806,0.6304259744476902,0.0
P00884,Stable,Continuous,HoltWinters7,0.14771873694808366,4.990908994284677,6.114506608810761,0.15924651350462724,-0.001022378669929246,3,730,22329.0,30.587671232876712,5.128377844468193,0.0
P00885,Stable,Continuous,HoltWinters7,0.06057376245951018,23.824310291279897,28.175859427153103,0.05969105919737877,-0.03960768767494813,3,730,301400.0,412.8767123287671,43.6636493178853,0.0
P00886,Stable,Continuous,HoltWinters7,0.1534865359075108,4.1528872184418235,4.759873472962718,0.15260545748303703,-0.03318190687458936,3,730,17979.0,24.62876712328767,4.159441619037631,0.0
P00887,Trending,Continuous,HoltWinters7,0.07270167674284601,26.233830806244487,33.85698817696687,0.07175844211529976,-0.021752413123598695,3,730,243634.0,333.74520547945207,55.03741847506495,0.0
P00888,Volatile,Continuous,SES,0.24171937776251717,2.6159854999931604,3.5233945848015473,0.23253010919237652,-0.09885845356251072,3,730,7721.0,10.576712328767123,2.7982465873777054,0.0
P00889,Stable,Continuous,HoltWinters7,0.1562857072222772,1.1019582088214361,1.3096684747424232,0.1559376768563298,-0.0354702309998386,3,730,4672.0,6.4,1.1636940377277323,0.0
P00890,Volatile,Continuous,SES,0.22938893695226772,2.449695076188793,3.230340373171123,0.21874227935218482,-0.05638991281185753,3,730,7420.0,10.164383561643836,2.6095408918278573,0.0
P00891,Intermittent,Intermittent,SeasonalNaive7,1.1578281685703937,80.67777777777778,125.75631171595761,0.44288652673809653,0.3290590363487637,3,730,55492.0,76.01643835616439,103.31073563302442,0.6438356164383562
P00892,Volatile,Continuous,SES,0.1828736211837448,43.190646699619776,55.15661491379246,0.18090575438811451,-0.05358224112799639,3,730,162494.0,222.5945205479452,50.02243636639904,0.0
P00893,Stable,Continuous,HoltWinters7,0.0852450120713837,12.12725559618466,14.280351122006323,0.08465925659785939,0.000501529020667074,3,730,105324.0,144.27945205479452,17.872778259609692,0.0
P00894,Stable,Continuous,Naive,0.05919559600044939,0.24444444444444444,0.477225750246119,0.06222222222222223,-0.008763060330299966,3,730,3119.0,4.272602739726027,0.6956183212268799,0.0
P00895,Intermittent,Intermittent,RollingMean28,1.4209740680405358,15.589682539682542,17.131686387993422,0.6878021574754957,0.03790547636531433,3,730,9598.0,13.147945205479452,18.481074066533207,0.6589041095890411
P00896,Stable,Continuous,SES,0.15155947188344862,0.8281344542678627,1.1127548469276454,0.13566115597248,-0.09534555475085336,3,730,3643.0,4.99041095890411,0.880308024337155,0.0
P00897,Volatile,Continuous,Naive,0.1875804956442967,2.3555555555555556,3.119740435416524,0.1948416285840221,0.014170848246180446,3,730,10011.0,13.713698630136987,3.634003980408903,0.0
P00898,Trending,Continuous,HoltWinters7,0.10312127144090837,36.78520841841979,45.87468655103444,0.10282675937809554,-0.013532852201314914,3,730,224280.0,307.2328767123288,57.14230798702083,0.0
P00899,Seasonal,Continuous,HoltWinters7,0.1393820638094637,2.6810938487035094,3.256230571377434,0.14008413880487966,-0.027509177107666396,3,730,14367.0,19.68082191780822,4.669697943611231,0.0
P00900,Trending,Continuous,HoltWinters7,0.1406558115107132,4.6428010739977035,6.091720167092967,0.13177028163151652,-0.04442085671553775,3,730,20636.0,28.268493150684932,5.483404985643368,0.0
P00901,Stable,Continuous,HoltWinters7,0.1525231699123149,2.5840114609306553,3.0367865048248155,0.15877163152714543,-0.01665194447167592,3,730,11277.0,15.447945205479453,2.648736510088178,0.0
P00902,Stable,Continuous,SES,0.1535540568430701,2.071262833887775,2.4545619447331632,0.15309463416421307,-0.03367787171660791,3,730,9043.0,12.387671232876713,2.190291911411812,0.0
P00903,Volatile,Continuous,SES,0.2519089426644555,1.2158697133180956,1.6324311018437119,0.25544186382212014,-0.024533119554306964,3,730,3698.0,5.065753424657534,1.3409473114942358,0.0
P00904,Trending,Continuous,HoltWinters7,0.06823062325570943,24.19496734678251,30.157687754234775,0.06702869961124967,-0.04596580455990885,3,730,239495.0,328.0753424657534,54.97265633007073,0.0
P00905,Stable,Continuous,HoltWinters7,0.0711583917609011,1.6316738722610502,1.989219977998223,0.07059653092493232,-0.03612464851531962,3,730,17780.0,24.356164383561644,3.6177805950397723,0.0
P00906,Trending,Continuous,HoltWinters7,0.09537802305941907,7.446363607811218,9.725445498469329,0.0893891568795379,-0.05757470315574287,3,730,48306.0,66.17260273972603,12.61926652354687,0.0
P00907,Stable,Continuous,HoltWinters7,0.0769891091804362,10.72241315260969,13.137283324586342,0.07520450433365104,-0.019172593956148617,3,730,100286.0,137.37808219178083,17.150733718965476,0.0
P00908,Volatile,Continuous,SES,0.1906567506461959,2.8808637284208154,3.5730081268932046,0.20449761511351353,0.012631985064221871,3,730,11698.0,16.024657534246575,4.1378105587381455,0.0
P00909,Stable,Continuous,HoltWinters7,0.06130878437717437,1.140715336551973,1.5659382079392976,0.062049380163441616,0.0007651018355684178,3,730,14408.0,19.736986301369864,2.928854926333892,0.0
P00910,Volatile,Continuous,RollingMean28,0.1589217106980961,4.525396825396825,6.3167577363696,0.15229306135712492,-0.04221180662864909,3,730,21393.0,29.305479452054794,7.419146076726598,0.0
P00911,Seasonal,Continuous,HoltWinters7,0.07255686852960615,12.453000762014101,15.116969278116777,0.07236817012357954,-0.04848625762719402,3,730,139471.0,191.05616438356165,37.82554527734526,0.0
P00912,Seasonal,Continuous,SeasonalNaive7,0.08846616911621114,1.3555555555555554,1.7346977696481825,0.08687428298109412,-0.0635800663430399,3,730,12739.0,17.45068493150685,3.942091918444142,0.0
P00913,Stable,Continuous,HoltWinters7,0.04433441978862626,1.4256362853721496,1.7689600930438474,0.04441506721629471,-0.007864564344084632,3,730,25286.0,34.63835616438356,3.8530137185354763,0.0
P00914,Seasonal,Continuous,SeasonalNaive7,0.10260056887444129,0.35555555555555557,0.6128195593810751,0.09500000000000001,-0.045695065239965686,3,730,2843.0,3.8945205479452056,0.9213800127173859,0.0
P00915,Stable,Continuous,HoltWinters7,0.04673051365399384,3.1875642823177874,4.0794131788760115,0.04607415055987455,-0.006846339306647079,3,730,53532.0,73.33150684931506,8.203496807228497,0.0
P00916,Volatile,Continuous,Naive,0.1766200233216725,0.5,0.752275967905785,0.1722222222222222,-0.07908545727136432,3,730,2232.0,3.0575342465753423,0.7640621008054853,0.0
P00917,Volatile,Continuous,SES,0.1714398053486512,3.567770622429532,4.746783365128699,0.17330814282774284,-0.036200146005430804,3,730,16712.0,22.893150684931506,5.671586553833024,0.0
P00918,Stable,Continuous,HoltWinters7,0.07623249833767398,14.820979392241895,18.590673834561482,0.07479198141342427,-0.018999217991990624,3,730,138896.0,190.26849315068492,24.021348967763895,0.0
P00919,Stable,Continuous,HoltWinters7,0.044977274001002855,4.02191324786524,4.814637532919879,0.0450566256928824,-0.011249601384563481,3,730,69628.0,95.38082191780822,10.428417668617032,0.0
P00920,Trending,Continuous,HoltWinters7,0.13920940307866245,5.080146646758936,6.68720653288601,0.12541325648976479,-0.06496098240636344,3,730,21735.0,29.773972602739725,5.966723621983959,0.0
P00921,Stable,Continuous,HoltWinters7,0.07348944341246395,3.6447578620264225,4.514192741124766,0.07157094572265206,-0.032660047708530905,3,730,35688.0,48.88767123287671,6.176950499841956,0.0
P00922,Stable,Continuous,HoltWinters7,0.04564524237995445,4.493213103095509,6.234325198023963,0.044746724931956104,-0.02279959792838458,3,730,76923.0,105.37397260273973,11.929888085754088,0.0
P00923,Stable,Continuous,HoltWinters7,0.07360371233563784,5.4209591312696865,6.670610368168393,0.07077769631681988,-0.028137390061260245,3,730,52814.0,72.34794520547945,8.854843901405346,0.0
P00924,Trending,Continuous,HoltWinters7,0.06436425743729034,18.683955202527013,23.90441393909312,0.06347798333480363,-0.02086717828589545,3,730,190905.0,261.513698630137,44.83462009586873,0.0
P00925,Stable,Continuous,SeasonalNaive7,0.06291077784760031,0.5555555555555556,0.8417971281069837,0.06007896424563092,-0.04476344664544982,3,730,6811.0,9.330136986301369,1.3625588099973767,0.0
P00926,Volatile,Continuous,SES,0.2247418322396334,3.4746289012470832,4.458536066914345,0.21618209216413897,-0.12003533712327502,3,730,11113.0,15.223287671232876,3.970502366101397,0.0
P00927,Volatile,Continuous,SES,0.1923390412904464,2.496555238831632,3.2730578014412512,0.19295282396895533,-0.02221907570192412,3,730,9968.0,13.654794520547945,3.428879251400265,0.0
P00928,Trending,Continuous,HoltWinters7,0.09383206471162726,36.70956656945517,43.67749598252711,0.09137434916139758,-0.041144597347440255,3,730,263939.0,361.5602739726027,59.06909125560483,0.0
P00929,Trending,Continuous,HoltWinters7,0.08372515639147286,4.039202132120131,4.943276060150499,0.08178395950823207,-0.03966620682193805,3,730,32252.0,44.18082191780822,7.518986621703193,0.0
P00930,Volatile,Continuous,Naive,0.18273309384420497,1.011111111111111,1.3576205999848039,0.20074074074074075,0.022576689243355912,3,730,4324.0,5.923287671232877,1.5448059393926385,0.0
P00931,Seasonal,Continuous,SeasonalNaive7,0.1533471359558316,0.5333333333333333,0.864629331567265,0.14648148148148146,-0.09360766045548653,3,730,2562.0,3.5095890410958903,0.8301857236078002,0.0
P00932,Volatile,Continuous,Naive,0.18753146212283925,38.34444444444444,46.63523013302515,0.18854494014971798,-0.05309836829981109,3,730,135075.0,185.03424657534248,45.13336652009309,0.0
P00933,Stable,Continuous,HoltWinters7,0.07824275831217013,1.8989707324761713,2.374648133006359,0.07637586460289325,-0.029884005837216374,3,730,17568.0,24.065753424657533,3.0154708167029955,0.0
P00934,Seasonal,Continuous,HoltWinters7,0.05768006845191017,13.466163322678687,17.013375364873784,0.057665230574238314,-0.029636723711946866,3,730,193064.0,264.47123287671235,51.376470249744905,0.0
P00935,Stable,Continuous,SeasonalNaive7,0.13846042817899865,2.6222222222222222,3.928861279839234,0.12201292486223547,-0.09292231130435456,3,730,12174.0,16.676712328767124,2.871673326635452,0.0
P00936,Seasonal,Continuous,HoltWinters7,0.08755449670994524,1.2944274013779236,1.6270111365727546,0.08686853830927012,-0.05754790161040987,3,730,12469.0,17.08082191780822,3.868594578769202,0.0
P00937,Trending,Continuous,HoltWinters7,0.1600935157285951,3.7709116113027594,4.654902489672229,0.15398357511445462,-0.07786066869275098,3,730,14860.0,20.356164383561644,4.01427447168022,0.0
P00938,Volatile,Continuous,SES,0.17569109722582785,11.291142011072287,14.194788141828328,0.16798726646265746,-0.07821115988923165,3,730,43504.0,59.59452054794521,13.961242554499151,0.0
P00939,Stable,Continuous,Naive,0.1429709215734686,1.222222222222222,1.6165800711053118,0.16827931327931325,0.06854522912568263,3,730,5604.0,7.676712328767123,1.311395715913433,0.0
P00940,Seasonal,Continuous,HoltWinters7,0.06863762758625515,7.100629249719051,8.482618398341968,0.06879062052332727,-0.03797200844846636,3,730,83431.0,114.28904109589041,22.10282779048322,0.0
P00941,Volatile,Continuous,RollingMean28,0.17902429465211758,3.0063492063492063,3.790553792929982,0.18318291568355147,-0.03442939518272178,3,730,13560.0,18.575342465753426,4.578586193209303,0.0
P00942,Stable,Continuous,SeasonalNaive7,0.0402266532659693,3.011111111111111,3.778000415653483,0.040301454447430746,-0.013192093743333041,3,730,58326.0,79.8986301369863,8.929728606771077,0.0
P00943,Intermittent,Intermittent,SeasonalNaive7,1.240368172256951,30.2,50.19278074022129,0.7952835611221056,-0.3421796625304365,3,730,22166.0,30.364383561643837,41.82157334700518,0.6493150684931507
P00944,Trending,Continuous,HoltWinters7,0.109273830873043,41.08825993414326,52.98521565058278,0.10225591676831088,-0.087023110440342,3,730,229434.0,314.2931506849315,61.11788139549308,0.0
P00945,Volatile,Continuous,Naive,0.20726048121963284,0.5555555555555556,0.7791563233512077,0.20759259259259255,-0.10792528585144452,3,730,1941.0,2.658904109589041,0.7644960534614437,0.0
P00946,Volatile,Continuous,SES,0.2157666217149686,4.782636897097747,6.162638249747133,0.20782661641609726,-0.10099577363119668,3,730,17277.0,23.667123287671235,6.274702727578764,0.0
P00947,Seasonal,Continuous,HoltWinters7,0.14406786734919155,3.4922581989287997,4.2892201480962155,0.1435273664655861,-0.05518327749914569,3,730,17660.0,24.19178082191781,5.681914934082542,0.0
P00948,Stable,Continuous,HoltWinters7,0.08180358289117468,6.907030312817526,8.195797635694797,0.08139125077514912,-0.016305347897547225,3,730,61458.0,84.18904109589042,10.61160636997977,0.0
P00949,Stable,Continuous,HoltWinters7,0.0753210576617205,3.314602229257499,4.073478725733495,0.07377742910360564,-0.039452143755464304,3,730,32100.0,43.97260273972603,5.419754049511299,0.0
P00950,Trending,Continuous,HoltWinters7,0.08139086931816586,6.628440095038433,8.250435426414938,0.07897803614219322,-0.06177238054216574,3,730,54722.0,74.96164383561644,12.752628284330068,0.0
P00951,Stable,Continuous,HoltWinters7,0.04511057870235901,9.311847027530513,11.275030164416487,0.044749735980255466,-0.017578640021231846,3,730,159658.0,218.70958904109588,24.294332375366135,0.0
P00952,Stable,Continuous,HoltWinters7,0.045541312076259895,14.399729701697643,17.734059262863777,0.045381453623986774,-0.01032973178134105,3,730,245432.0,336.2082191780822,36.06377430505724,0.0
P00953,Trending,Continuous,HoltWinters7,0.13059170943836224,4.43226366915796,5.833844144878136,0.11977032931963773,-0.06398516561939509,3,730,20503.0,28.086301369863012,5.489678932208706,0.0
P00954,Volatile,Continuous,SES,0.20742589847390744,64.22725093107425,82.93709583481363,0.20601050972864376,-0.06524037417583188,3,730,202154.0,276.92328767123286,67.37579340164756,0.0
P00955,Seasonal,Continuous,HoltWinters7,0.0752906845441059,1.4773201422712081,1.92865788101362,0.07525975309189896,-0.03152011723224806,3,730,16190.0,22.17808219178082,4.861151578677202,0.0
P00956,Volatile,Continuous,SES,0.16982111939490988,1.1055799549044751,1.566659095868955,0.16502482249828784,-0.05669185159856594,3,730,4877.0,6.6808219178082195,1.7071750090289826,0.0
P00957,Trending,Continuous,HoltWinters7,0.07185587870593078,8.386303609461557,10.470536538329549,0.0692919755945789,-0.03557698303273695,3,730,78552.0,107.6054794520548,17.389130597546696,0.0
P00958,Seasonal,Continuous,HoltWinters7,0.13985897854612123,3.468197668112774,4.1632065428718406,0.14109161584889193,-0.046997666530843196,3,730,18515.0,25.363013698630137,6.031786101981651,0.0
P00959,Trending,Continuous,SES,0.18094548772336774,1.9398385202956552,2.531892849474349,0.16211415053689535,-0.13048251282480175,3,730,6768.0,9.271232876712329,1.8791673908591153,0.0
P00960,Intermittent,Intermittent,RollingMean28,1.5297645874713621,27.497619047619043,31.604011441654464,0.7144184023068426,0.0973329887631722,3,730,17479.0,23.943835616438356,31.814161534712092,0.6342465753424658
P00961,Trending,Continuous,HoltWinters7,0.14818358167294263,4.383841556587094,5.462660096026845,0.14127894542983646,-0.07085222533331768,3,730,18418.0,25.23013698630137,4.899166663873908,0.0
P00962,Seasonal,Continuous,HoltWinters7,0.05988381508506918,7.586338616606838,8.989618999827584,0.060119061683999525,-0.03536719186379603,3,730,101607.0,139.1876712328767,26.58375198764976,0.0
P00963,Trending,Continuous,HoltWinters7,0.1475794225988661,5.988704895414744,7.556994131349481,0.14105645961127847,-0.07399334907785811,3,730,24162.0,33.0986301369863,6.927896197284752,0.0
P00964,Stable,Continuous,HoltWinters7,0.05958861824028642,1.164287223224964,1.4971235400833185,0.059553209656587336,0.0014660309154718124,3,730,15042.0,20.605479452054794,3.077503237341281,0.0
P00965,Volatile,Continuous,SES,0.19993136063689468,0.8600229396770773,1.080603689396531,0.2091726510736401,-0.04468031174006105,3,730,3371.0,4.617808219178082,1.1934713194418027,0.0
P00966,Seasonal,Continuous,HoltWinters7,0.06965844010006543,1.780811548636864,2.190754944972164,0.07086945089024076,-0.0355730397487939,3,730,21344.0,29.23835616438356,6.543148546726032,0.0
P00967,Intermittent,Intermittent,Naive,1.2056973732889382,71.5,99.47994188758838,0.7156428133137065,-0.22863485016648166,3,730,40116.0,54.95342465753425,75.27156519795695,0.6465753424657534
P00968,Volatile,Continuous,SES,0.1579983515479082,1.6512448723768725,2.0517783715125746,0.16537102862327924,0.018341078981474277,3,730,8456.0,11.583561643835617,3.107449948882422,0.0
P00969,Trending,Continuous,HoltWinters7,0.08138982846392773,14.422990367322422,17.862128785763943,0.08010564828019384,-0.04826027222851226,3,730,120190.0,164.64383561643837,26.551433051058613,0.0
P00970,Seasonal,Continuous,HoltWinters7,0.06920390778599762,2.1635678358944825,2.8178995170445416,0.06915621031189136,-0.03877403535746014,3,730,25826.0,35.37808219178082,7.030567134443591,0.0
P00971,Trending,Continuous,HoltWinters7,0.0736438288388946,26.41994310698061,33.49588901057741,0.07157250835329122,-0.038052648223405976,3,730,238767.0,327.0780821917808,54.101116390245366,0.0
P00972,Stable,Continuous,HoltWinters7,0.08625729197089482,3.623272956679152,4.509465748545722,0.08353107837841962,-0.04172970574615028,3,730,30136.0,41.28219178082192,5.1671469965429635,0.0
P00973,Intermittent,Intermittent,Naive,1.0,86.08888888888889,141.0763335951535,1.0,-1.0,3,730,59606.0,81.65205479452055,110.78637497700558,0.6424657534246575
P00974,Stable,Continuous,SES,0.15621737226391974,2.04969332167031,2.516393017907261,0.14592738724478585,-0.08826156439193582,3,730,8874.0,12.156164383561643,2.0675151783533536,0.0
P00975,Volatile,Continuous,SES,0.2726778819652216,5.802209333349315,7.77846749505198,0.27772795621621654,-0.022428891993438466,3,730,16598.0,22.736986301369864,6.286648531045656,0.0
P00976,Volatile,Continuous,SES,0.17970565669698554,4.2341967447249145,5.226039065951729,0.17488801199853884,-0.06145359653720892,3,730,17998.0,24.654794520547945,6.004457445679796,0.0
P00977,Seasonal,Continuous,HoltWinters7,0.05826179643244481,3.4803497740702896,4.39886684765242,0.05812355371019928,-0.04325537613783167,3,730,48136.0,65.93972602739726,12.776722873535027,0.0
P00978,Seasonal,Continuous,HoltWinters7,0.1451993520436585,1.7433601747290741,2.0623902885568897,0.14478433909881008,-0.05029222961029262,3,730,8900.0,12.191780821917808,2.902425711990484,0.0
P00979,Trending,Continuous,HoltWinters7,0.07566470223081422,12.198799470450487,15.4633829186946,0.07336264449397221,-0.049483249448219115,3,730,109741.0,150.33013698630137,24.657028396867393,0.0
P00980,Stable,Continuous,HoltWinters7,0.03907194576499745,2.30800922608633,3.032187260308499,0.03840556340592537,-0.022357622674744355,3,730,46111.0,63.16575342465753,7.105798925900675,0.0
P00981,Volatile,Continuous,RollingMean28,0.16956367898114444,3.9507936507936505,4.9610402973841845,0.17214739485901176,-0.03644062579549865,3,730,18235.0,24.97945205479452,6.326365213824267,0.0
P00982,Trending,Continuous,HoltWinters7,0.08575651701977412,43.4763149779095,52.73213769581406,0.08447444994015511,-0.0481692577578387,3,730,333746.0,457.18630136986303,80.72672884715277,0.0
P00983,Volatile,Continuous,Naive,0.2109978927475856,1.4555555555555557,1.8129009133993268,0.250964405964406,0.05149665698588946,3,730,5215.0,7.1438356164383565,1.860681638405105,0.0
P00984,Seasonal,Continuous,HoltWinters7,0.1591620678812387,1.904840158517234,2.2771327280614777,0.1544137835687246,-0.09098341113766628,3,730,8925.0,12.226027397260275,2.832717308837238,0.0
P00985,Trending,Continuous,HoltWinters7,0.07619444564872853,8.44088883970973,11.0449937932696,0.07291048174459641,-0.03787805585175975,3,730,73534.0,100.73150684931507,16.93023591055132,0.0
P00986,Seasonal,Continuous,HoltWinters7,0.06048561488242781,10.83254984408073,13.217510433940783,0.058811682647030634,-0.02944539096498976,3,730,147890.0,202.58904109589042,40.01071036871949,0.0
P00987,Stable,Continuous,HoltWinters7,0.05253917805557412,4.369750543942401,5.393698553835158,0.05189446149017867,-0.022138181674026317,3,730,64580.0,88.46575342465754,9.558113627995544,0.0
P00988,Stable,Continuous,HoltWinters7,0.05278257219321705,1.5199566817706476,1.8750894883403937,0.053157443357025304,0.01293277114124134,3,730,22021.0,30.165753424657535,4.408332277006173,0.0
P00989,Volatile,Continuous,SES,0.23423460441339616,5.7715665933182905,8.09433765985196,0.20854002413378545,-0.1500406559059785,3,730,17645.0,24.171232876712327,6.850509967741236,0.0
P00990,Volatile,Continuous,SES,0.21201509748977096,27.442884927961416,36.73770776899362,0.21063867970923922,-0.06392157876123983,3,730,86500.0,118.4931506849315,27.856541807490423,0.0
P00991,Trending,Continuous,HoltWinters7,0.07963338258794939,34.09635017262719,44.54710424471139,0.07678306227456412,-0.035740222184861635,3,730,281506.0,385.6246575342466,67.77969189934657,0.0
P00992,Intermittent,Intermittent,RollingMean28,1.809597519013029,180.86111111111117,205.87461926924584,0.7046840086304366,0.39654401818122736,3,730,116570.0,159.68493150684932,226.36351530683257,0.663013698630137
P00993,Seasonal,Continuous,HoltWinters7,0.07333468632520783,1.1158803544467522,1.4201293675367725,0.0741623352246273,-0.0403971929372832,3,730,12935.0,17.71917808219178,4.0135968336397685,0.0
P00994,Seasonal,Continuous,HoltWinters7,0.07061337667892768,4.694358313820443,5.68534516620577,0.06912425470226037,-0.060559098068836574,3,730,52560.0,72.0,14.287850124483327,0.0
P00995,Seasonal,Continuous,HoltWinters7,0.07563508464330587,0.8731873754452583,1.0684897949409267,0.07510356308442663,-0.03805546339475385,3,730,9448.0,12.942465753424658,2.928874173712036,0.0
P00996,Stable,Continuous,SeasonalNaive7,0.14370763310227655,4.166666666666667,6.012166851041045,0.12773537405055868,-0.09750302997956294,3,730,19033.0,26.072602739726026,4.433807031655394,0.0
P00997,Volatile,Continuous,RollingMean28,0.18222522150643697,37.65396825396825,45.9728551145256,0.18679989406490058,-0.03506824087432849,3,730,139962.0,191.72876712328767,46.25159762028277,0.0
P00998,Stable,Continuous,HoltWinters7,0.14313568694646106,3.309369382962307,3.915581906504513,0.15294842159409977,0.008151389395182925,3,730,15093.0,20.675342465753424,3.6122137280325832,0.0
P00999,Stable,Continuous,HoltWinters7,0.087876855519734,20.460332590965535,24.86536884205506,0.08636905054061522,-0.031231592916794976,3,730,165633.0,226.8945205479452,29.09274885221472,0.0
P01000,Volatile,Continuous,RollingMean28,0.1669453252612502,4.516666666666667,5.890722113807354,0.1715964921360896,-0.017219072765573027,3,730,20827.0,28.53013698630137,6.934915634014123,0.0
P01001,Seasonal,Continuous,SeasonalNaive7,0.16459216838459637,4.566666666666666,6.314693690831246,0.15170119251972428,-0.12942815304494226,3,730,20478.0,28.052054794520547,6.456993095271543,0.0
P01002,Trending,Continuous,HoltWinters7,0.07713703632132178,4.691541223300718,5.7433055187477775,0.07620515595259716,-0.03938492902309424,3,730,41612.0,57.0027397260274,9.033089189337991,0.0
P01003,Trending,Continuous,HoltWinters7,0.1340285406250614,29.682971813891893,37.34700672799607,0.12701820134869532,-0.06148055856101849,3,730,134955.0,184.86986301369862,36.82924370693898,0.0
P01004,Stable,Continuous,HoltWinters7,0.0407941297187128,14.722075701746684,18.930904322757247,0.04021946337904667,-0.014346787433392462,3,730,278739.0,381.8342465753425,42.04897764555651,0.0
P01005,Trending,Continuous,HoltWinters7,0.10938906857070681,31.792008945863426,39.64473520610813,0.10462536064033405,-0.0701778311213756,3,730,179695.0,246.15753424657535,45.94633482551141,0.0
P01006,Trending,Continuous,HoltWinters7,0.07600114546273752,32.43456885705567,40.31650239365901,0.07428152645306912,-0.03540465597530505,3,730,285483.0,391.07260273972605,67.13419552344367,0.0
P01007,Intermittent,Intermittent,Naive,1.0,36.22222222222222,64.26401498228155,1.0,-1.0,3,730,25835.0,35.39041095890411,52.278243301960465,0.6808219178082192
P01008,Trending,Continuous,HoltWinters7,0.10170032841196042,31.450747679526952,41.11957672119053,0.09496409244632358,-0.06295123315835711,3,730,191553.0,262.4013698630137,49.417282019363,0.0
P01009,Stable,Continuous,HoltWinters7,0.14609627361761282,3.662532221933827,4.4493372676081195,0.1529876298806234,-0.027813517776825548,3,730,16596.0,22.734246575342464,3.8472985615488793,0.0
P01010,Trending,Continuous,HoltWinters7,0.08547432387596161,4.838061071055296,5.896683730310046,0.08312057671386965,-0.055520944348571216,3,730,39070.0,53.52054794520548,8.381686204012093,0.0
P01011,Stable,Continuous,SES,0.13715317217575687,2.3704673266952114,3.0589043476167674,0.12811697105315648,-0.053879967806917596,3,730,11263.0,15.42876712328767,2.6394693033982346,0.0
P01012,Volatile,Continuous,SES,0.183359748249747,12.622780034556706,17.11708070451831,0.1774999646272002,-0.054409219473691144,3,730,44873.0,61.46986301369863,15.306822536626141,0.0
P01013,Stable,Continuous,HoltWinters7,0.079293040419362,7.536067245232208,9.236933270116765,0.0777050600587105,-0.033287360805670345,3,730,68902.0,94.38630136986302,12.06436004450867,0.0
P01014,Trending,Continuous,HoltWinters7,0.2029269665280408,0.6574526466649945,0.8267553447980589,0.18970378357209258,-0.15271978523266536,3,730,2102.0,2.8794520547945206,0.6598330636678889,0.0
P01015,Intermittent,Intermittent,Naive,1.0,62.28888888888889,115.52931257758173,1.0,-1.0,3,730,57815.0,79.1986301369863,107.96876420872906,0.6452054794520548
P01016,Trending,Continuous,HoltWinters7,0.09386760892119313,21.22200961213159,28.722013676503504,0.0883233693563311,-0.055398864879712524,3,730,137423.0,188.25068493150684,36.33458155928762,0.0
P01017,Seasonal,Continuous,HoltWinters7,0.13227733820137566,2.6184871737007933,3.1354794748978754,0.13030468660851027,-0.018698606219924283,3,730,14280.0,19.561643835616437,4.5754947602370235,0.0
P01018,Seasonal,Continuous,HoltWinters7,0.07462058955228963,14.74998601333836,18.207808527555827,0.07469174675266933,-0.06262204167887282,3,730,157313.0,215.4972602739726,42.012253985462664,0.0
P01019,Trending,Continuous,HoltWinters7,0.117707391485264,39.34817527170543,50.15619268422409,0.1097130558503787,-0.0914083843369906,3,730,202251.0,277.0561643835616,53.10337121737735,0.0
P01020,Trending,Continuous,HoltWinters7,0.15676088529249155,1.6935007485124178,2.118202770576083,0.14898488415481417,-0.07983442438847707,3,730,6686.0,9.158904109589042,1.8112463492974031,0.0
P01021,Intermittent,Intermittent,Naive,1.0,29.28888888888889,49.488265428284045,1.0,-1.0,3,730,23096.0,31.638356164383563,42.83506707396403,0.6424657534246575
P01022,Volatile,Continuous,SES,0.16732713767965257,4.1670022495735966,5.43353678746277,0.17052235067587493,-0.03076877219042673,3,730,18834.0,25.8,6.293114664541713,0.0
P01023,Trending,Continuous,HoltWinters7,0.09900864783148251,7.463160964130462,9.39747647715003,0.09517590221983267,-0.061077802511038504,3,730,45939.0,62.93013698630137,12.076427683936657,0.0
P01024,Stable,Continuous,HoltWinters7,0.07330168333468645,18.811955018961736,23.319617084130357,0.07079046824862406,-0.028942104407852914,3,730,185199.0,253.6972602739726,31.550818948119996,0.0
P01025,Trending,Continuous,HoltWinters7,0.10906309440633744,36.6207157158338,47.350689275043,0.10285426801451597,-0.06732213974211683,3,730,205947.0,282.1191780821918,54.2847321259367,0.0
P01026,Seasonal,Continuous,HoltWinters7,0.06955883308841763,10.222037781416558,12.515296908161147,0.06828765900902117,-0.047291942802386695,3,730,120193.0,164.64794520547946,33.294885685066255,0.0
P01027,Trending,Continuous,HoltWinters7,0.1117337472576888,42.77724805048789,54.15381122188905,0.10520193539260214,-0.09419312607795473,3,730,233860.0,320.35616438356163,62.35553836642004,0.0
P01028,Stable,Continuous,HoltWinters7,0.08992293783808213,3.150198182354972,3.8579135004727356,0.08746241472941983,-0.04200757693821005,3,730,25279.0,34.62876712328767,4.407624627453069,0.0
P01029,Seasonal,Continuous,HoltWinters7,0.07676716580216529,0.7171830534764947,0.9503610527383516,0.07784985618109129,-0.02367529508318644,3,730,7825.0,10.719178082191782,2.3938167682506335,0.0
P01030,Volatile,Continuous,SES,0.20085551087477785,40.08840407293463,49.537789439038875,0.19791940698566304,-0.08346067461800627,3,730,137156.0,187.8849315068493,44.95579804781599,0.0
P01031,Trending,Continuous,HoltWinters7,0.14609739378302944,2.3295857217459477,2.870722713303055,0.13943325166036274,-0.061964222596920686,3,730,9873.0,13.524657534246575,2.7125821156986523,0.0
P01032,Seasonal,Continuous,HoltWinters7,0.062195294496687425,16.615502829839617,21.327638140428732,0.06090377512439943,-0.036847981981215444,3,730,214509.0,293.84794520547945,57.61549052866293,0.0
P01033,Volatile,Continuous,Naive,0.20782068493511277,0.811111111111111,1.096974883276448,0.24634920634920635,0.03186448708836768,3,730,2853.0,3.908219178082192,0.9888616204670875,0.0
P01034,Seasonal,Continuous,HoltWinters7,0.14457157662787848,2.4775889795464217,2.9583881825838385,0.14854428602857447,-0.03192247409912697,3,730,12729.0,17.436986301369863,4.032039273047891,0.0
P01035,Volatile,Continuous,SES,0.23303981947084948,4.313433859006544,5.5339291313196215,0.2284242250291421,-0.07617999655786617,3,730,13225.0,18.116438356164384,4.936788738126402,0.0
P01036,Trending,Continuous,HoltWinters7,0.07026565719453624,32.255574570629186,40.022049210948346,0.06912576972529791,-0.031733624169099146,3,730,308033.0,421.96301369863016,71.32035189531591,0.0
P01037,Volatile,Continuous,RollingMean28,0.15866199981817405,1.3793650793650796,1.7507427346395852,0.16120877909568387,-0.04403162091764262,3,730,6841.0,9.371232876712329,2.3095186496068774,0.0
P01038,Intermittent,Intermittent,Croston,1.3032704041681296,96.35323297575644,100.92555643187644,0.6249063640215335,0.044610156668880706,3,730,52348.0,71.7095890410959,99.6523203740642,0.6534246575342466
P01039,Stable,Continuous,HoltWinters7,0.13277388076744934,3.764682374676891,4.468341069758387,0.13500244575151357,-0.040562424858729594,3,730,19057.0,26.105479452054794,4.292603470761115,0.0
P01040,Stable,Continuous,HoltWinters7,0.07495513277815434,0.5332878990281493,0.6360155023904096,0.07512293844049474,-0.009109717141895686,3,730,5523.0,7.565753424657534,1.181326958208396,0.0
P01041,Stable,Continuous,HoltWinters7,0.053514192969899683,12.61201963494202,16.008838493309327,0.05218890499442755,-0.031099394528274576,3,730,186465.0,255.43150684931507,29.037440363375797,0.0
P01042,Stable,Continuous,HoltWinters7,0.051047103871524106,14.364039439509924,17.885122044124554,0.05045730017507851,-0.03148523135521077,3,730,218232.0,298.94794520547947,32.70917746897011,0.0
P01043,Volatile,Continuous,RollingMean28,0.18512159763862,4.030158730158729,4.85898800204204,0.1875446505098426,-0.04024647627033881,3,730,17353.0,23.77123287671233,6.032012893544644,0.0
P01044,Trending,Continuous,HoltWinters7,0.0659800773941598,19.610572389834047,24.19425294647549,0.0655798701395736,-0.027258226942038805,3,730,198899.0,272.46438356164384,45.76590361960306,0.0
P01045,Volatile,Continuous,SES,0.19431121138599902,14.739676242626551,19.016207443724028,0.1934147548636723,-0.05630721502202805,3,730,51719.0,70.84794520547945,16.1439903718786,0.0
P01046,Seasonal,Continuous,HoltWinters7,0.07350247323082328,12.430863334600575,15.084563425366321,0.07380542339220401,-0.05440816612760799,3,730,137502.0,188.35890410958905,36.67859826675275,0.0
P01047,Seasonal,Continuous,SeasonalNaive7,0.15681591458551417,4.277777777777778,5.84175086393445,0.14076693287814215,-0.12370194344748518,3,730,19545.0,26.773972602739725,6.106250084566658,0.0
P01048,Trending,Continuous,HoltWinters7,0.18900451566334617,3.481376243337477,3.9659340375625725,0.19031205332031445,-0.04166981140056656,3,730,11832.0,16.208219178082192,3.185691321744294,0.0
P01049,Stable,Continuous,HoltWinters7,0.08790508197444787,22.324955075574483,26.702581086655442,0.08591514433074875,-0.04749093305911034,3,730,183121.0,250.85068493150686,31.26642722489271,0.0
P01050,Volatile,Continuous,SES,0.24596887847872154,3.43598523534344,4.455404535457546,0.23639525096639039,-0.05094308132545929,3,730,10503.0,14.387671232876713,3.922305990273919,0.0
P01051,Volatile,Continuous,SES,0.15834247094349194,8.711365884201676,10.869567835254616,0.15478888727680645,-0.05479549241614517,3,730,37477.0,51.33835616438356,11.497922877209469,0.0
P01052,Seasonal,Continuous,HoltWinters7,0.07107671997275283,8.540793558128106,10.54250157332038,0.06986826275170376,-0.04659991313424516,3,730,97972.0,134.2082191780822,26.96241225233615,0.0
P01053,Stable,Continuous,HoltWinters7,0.08082873219691607,20.31840379459074,25.664188869748557,0.0775398059785154,-0.04510622182244022,3,730,180642.0,247.45479452054795,31.634681880719867,0.0
P01054,Intermittent,Intermittent,Naive,1.0549854301279613,78.96666666666667,116.2626140854491,0.6889516924734521,-0.31584948688711517,3,730,49535.0,67.85616438356165,90.92848225463072,0.636986301369863
P01055,Trending,Continuous,HoltWinters7,0.10598295582835426,37.61735188746507,48.7034123938604,0.09976903846140385,-0.05442799440951603,3,730,212636.0,291.2821917808219,58.18455888213684,0.0
P01056,Volatile,Continuous,Naive,0.17925410313782333,4.633333333333334,5.8182661095034085,0.18359676731140392,-0.022242500280139996,3,730,20102.0,27.53698630136986,7.009057570351627,0.0
P01057,Intermittent,Intermittent,Naive,1.0,64.47777777777777,113.20619660436853,1.0,-1.0,3,730,45070.0,61.73972602739726,93.62639577708528,0.6917808219178082
P01058,Stable,Continuous,Naive,0.04511699593666807,0.18888888888888888,0.41957546895885817,0.043703703703703696,-0.022558497968334035,3,730,3214.0,4.402739726027397,0.7023325047680031,0.0
P01059,Seasonal,Continuous,HoltWinters7,0.07725047090820908,16.029283186829343,19.700089953888465,0.07666438480793385,-0.0606874775733379,3,730,168027.0,230.17397260273972,45.6230590729754,0.0
P01060,Seasonal,Continuous,HoltWinters7,0.06864938178510487,7.094127901886586,9.13130882491207,0.06793704844887416,-0.043725897278556476,3,730,82775.0,113.39041095890411,22.33771632185349,0.0
P01061,Trending,Continuous,HoltWinters7,0.09731652508814194,30.157086640039918,39.58990271699831,0.09264717961409473,-0.038458291404452054,3,730,189932.0,260.1808219178082,49.61301727922311,0.0
P01062,Stable,Continuous,HoltWinters7,0.0768992387464042,9.363189454275323,11.296259926120856,0.07575762858950753,-0.02405388791965629,3,730,88411.0,121.1109589041096,15.124540706729897,0.0
P01063,Stable,Continuous,HoltWinters7,0.051536075226048826,12.712506632776885,15.901171810140717,0.05148007230983867,-0.013938794312652871,3,730,191250.0,261.986301369863,28.37742546001937,0.0
P01064,Seasonal,Continuous,HoltWinters7,0.0826121078139965,1.8155445751650194,2.2891981088966697,0.08234960629925626,-0.025639358833697678,3,730,17990.0,24.643835616438356,5.421012471334814,0.0
P01065,Volatile,Continuous,RollingMean28,0.16134033302576387,2.0126984126984127,2.674305174286346,0.15735659608919925,-0.0345717149441119,3,730,9649.0,13.217808219178082,3.3206277385021843,0.0
P01066,Stable,Continuous,HoltWinters7,0.04869663482350626,11.223728165657883,14.193576961809995,0.047777994558678184,-0.03479416868557075,3,730,176558.0,241.86027397260273,26.05938527608355,0.0
P01067,Stable,Continuous,SES,0.1398011389136679,1.9856843015253702,2.38738671171452,0.1388629074796794,-0.024317137111763667,3,730,9399.0,12.875342465753425,2.225200524058059,0.0
P01068,Seasonal,Continuous,HoltWinters7,0.149511429056821,1.82271920329908,2.230075311013877,0.14424926997281776,-0.08439661961075934,3,730,8954.0,12.265753424657534,2.8319274739266977,0.0
P01069,Volatile,Continuous,RollingMean28,0.19873358990000156,3.326984126984127,4.074339404985943,0.20331558750549852,-0.028790837358923006,3,730,12726.0,17.432876712328767,4.406195127225143,0.0
P01070,Stable,Continuous,HoltWinters7,0.06737461499642002,1.5830883841667713,1.9695584963051882,0.06791194670539652,-0.01480431149319747,3,730,18187.0,24.913698630136988,3.678723725593384,0.0
P01071,Volatile,Continuous,RollingMean28,0.17920619557358788,2.042063492063492,2.6490128461213036,0.19376786398320014,-0.007827875816116681,3,730,9060.0,12.41095890410959,3.151569454374067,0.0
P01072,Volatile,Continuous,SES,0.23845340013387759,4.162028712882244,5.29473521458191,0.24007981105293527,-0.05189424450025282,3,730,12640.0,17.315068493150687,4.774982565424019,0.0
P01073,Stable,Continuous,HoltWinters7,0.13300187549263784,3.1763648092672874,3.749430199128501,0.13415756174043506,-0.03855546643953136,3,730,15469.0,21.19041095890411,3.7115718049069013,0.0
P01074,Volatile,Continuous,SES,0.2059958435394449,1.7946116842018165,2.467047372217435,0.2034717005941178,-0.06930808499918904,3,730,6673.0,9.14109589041096,2.386078485609654,0.0
P01075,Volatile,Continuous,SES,0.17930635379538454,18.407589918289737,23.662420232979613,0.18503126704296582,-0.03119025376727197,3,730,67853.0,92.94931506849315,21.499517481347667,0.0
P01076,Volatile,Continuous,SES,0.18046222838434664,4.952625771956782,5.953963939060124,0.1893281412663851,0.0032108200125470997,3,730,21382.0,29.29041095890411,6.87278412991783,0.0
P01077,Seasonal,Continuous,SeasonalNaive7,0.07331575857130641,1.5,1.9993550967161788,0.07156905897129272,-0.05446214143358601,3,730,16751.0,22.946575342465753,5.130520906438998,0.0
P01078,Intermittent,Intermittent,RollingMean28,1.3269342306315697,131.4904761904762,142.97200032265388,0.6631768270937634,-0.007824733974191775,3,730,81029.0,110.9986301369863,148.0151764297813,0.6356164383561644
P01079,Volatile,Continuous,SES,0.22244040578673493,4.626823978973147,5.998027466185533,0.20249996088260094,-0.1488701238787949,3,730,14804.0,20.279452054794522,5.546782181254751,0.0
P01080,Trending,Continuous,HoltWinters7,0.11281309928359591,3.0068346984751977,3.762426753134172,0.10877851774096463,-0.05969546823973013,3,730,16527.0,22.63972602739726,4.478304344434315,0.0
P01081,Intermittent,Intermittent,Naive,1.1676777890124705,146.77777777777777,210.47976161785107,0.7015632650650171,-0.22649140546006064,3,730,86680.0,118.73972602739725,161.77331151388665,0.6438356164383562
P01082,Volatile,Continuous,SES,0.19677742492412817,3.068495089346022,4.174916231433672,0.18984451867059673,-0.060716731705633076,3,730,11635.0,15.938356164383562,4.253010880129311,0.0
P01083,Stable,Continuous,HoltWinters7,0.06398151389654896,1.0840747039804042,1.3575178038192954,0.06527741597626154,-0.002028331272270697,3,730,12858.0,17.613698630136987,2.660760695941685,0.0
P01084,Stable,Continuous,HoltWinters7,0.07104449082185672,7.242694584208664,9.57414941927072,0.06751596023012676,-0.03559986609061556,3,730,72720.0,99.61643835616438,12.604166943290194,0.0
P01085,Volatile,Continuous,SES,0.17756697235176885,6.704377045400695,9.04473597515525,0.17599924192991342,-0.061164208446001685,3,730,25802.0,35.345205479452055,8.505223781675351,0.0
P01086,Seasonal,Continuous,HoltWinters7,0.060510535358121266,4.084960546509372,5.103969174179819,0.06072572738122053,-0.02700921235039587,3,730,55808.0,76.44931506849315,15.207419343753061,0.0
P01087,Stable,Continuous,HoltWinters7,0.04419012355682167,11.968459464774304,15.470117386186017,0.04424879473178816,-0.009976173739860024,3,730,212012.0,290.42739726027395,33.39444299760712,0.0
P01088,Volatile,Continuous,SES,0.2181558982460595,2.993559623524907,3.899618160526232,0.2044304086472186,-0.10356754425374841,3,730,9854.0,13.498630136986302,3.80716576372126,0.0
P01089,Volatile,Continuous,SES,0.19623265918151467,32.5040695125513,39.413388754247514,0.1970123545890166,-0.049862213193703646,3,730,106675.0,146.13013698630138,35.15813067050897,0.0
P01090,Trending,Continuous,HoltWinters7,0.15364346998322784,0.7801111478502373,1.0233222269586044,0.14419272722662835,-0.0440806778663008,3,730,3032.0,4.153424657534247,0.9213341241861175,0.0
P01091,Trending,Continuous,HoltWinters7,0.10075659585406509,3.08227026833393,3.997720579551897,0.09425586229499198,-0.07634010076572141,3,730,18359.0,25.149315068493152,4.85266103763054,0.0
P01092,Trending,Continuous,HoltWinters7,0.07109676185627911,21.36277243689804,27.30132893225536,0.06923073980875517,-0.04634836002071335,3,730,200741.0,274.9876712328767,46.51490445151092,0.0
P01093,Trending,Continuous,HoltWinters7,0.0844528620951502,18.941592510838483,23.17882095826552,0.0811267750450783,-0.06776523600395136,3,730,154043.0,211.01780821917808,35.53739444540999,0.0
P01094,Trending,Continuous,HoltWinters7,0.06779405281175538,14.117628825553792,18.13205560175248,0.06703034839095023,-0.0104141840172416,3,730,144033.0,197.30547945205478,32.18288100864688,0.0
P01095,Seasonal,Continuous,HoltWinters7,0.13864352688653,1.2652491950650122,1.6050190464518934,0.1352504023530227,-0.061924155990390216,3,730,6582.0,9.016438356164384,2.108771523528446,0.0
P01096,Seasonal,Continuous,HoltWinters7,0.13911956526542388,3.2700124564862687,4.028766898599163,0.13776890656134982,-0.057552382781090365,3,730,16885.0,23.13013698630137,5.461755922685193,0.0
P01097,Trending,Continuous,HoltWinters7,0.1574225535571617,1.5014342137616243,1.9270301724070953,0.1474615792263725,-0.09912588404590632,3,730,5831.0,7.987671232876712,1.6383977255622095,0.0
P01098,Seasonal,Continuous,HoltWinters7,0.139146203362826,1.0475404157969346,1.3681265987625517,0.13009512208478183,-0.07217319967722323,3,730,5401.0,7.398630136986301,1.717735545668143,0.0
P01099,Intermittent,Intermittent,RollingMean28,1.4045110075937919,112.1857142857143,119.03636265497967,0.6400975957082299,0.1145779800664551,3,730,75329.0,103.19041095890411,127.39586797913562,0.5986301369863014
P01100,Seasonal,Continuous,SeasonalNaive7,0.07878520811093365,0.7111111111111111,1.0624809944030258,0.07330407247073914,-0.05021143486068471,3,730,7493.0,10.264383561643836,2.3052317108875786,0.0
P01101,Volatile,Continuous,SES,0.2387287124851755,1.9972639138690973,2.4410605694796965,0.2367304576022181,-0.04880768749113925,3,730,6310.0,8.643835616438356,2.366720934946686,0.0
P01102,Volatile,Continuous,Naive,0.188618169844067,41.53333333333333,52.15738717199556,0.19781165154092542,0.010139837438353822,3,730,141985.0,194.5,46.264826341169815,0.0
P01103,Volatile,Continuous,Naive,0.17732110783792976,37.43333333333334,47.8634418359824,0.20347569781110345,0.0764429316140446,3,730,141897.0,194.3794520547945,44.447961153782416,0.0
P01104,Volatile,Continuous,SES,0.20205823282149746,54.78880051682372,65.55064571070439,0.20493631384143352,-0.027112213971397736,3,730,178831.0,244.97397260273974,55.74528719590054,0.0
P01105,Trending,Continuous,HoltWinters7,0.10547139022591444,18.916215654474954,25.817154955942158,0.09618894161357001,-0.06862110342479877,3,730,107256.0,146.92602739726027,29.369786680469996,0.0
P01106,Seasonal,Continuous,Naive,0.17222279325270384,0.7111111111111111,0.9389232292927329,0.20341269841269838,0.03734539349710487,3,730,2967.0,4.064383561643836,0.9840803973944376,0.0
P01107,Stable,Continuous,SeasonalNaive7,0.07116764733025567,0.6666666666666666,0.9420929478593507,0.06914983164983166,-0.035901224779377516,3,730,7183.0,9.83972602739726,1.4908260593047624,0.0
P01108,Stable,Continuous,HoltWinters7,0.05063899760492243,23.86517839774824,30.40860898915925,0.04967288954867219,-0.034310530336337915,3,730,363251.0,497.6041095890411,54.29377726043824,0.0
P01109,Trending,Continuous,HoltWinters7,0.07451118845433057,31.67263165725627,41.22220496276151,0.07234187056881707,-0.051079732270600746,3,730,282474.0,386.9506849315068,66.15905746233004,0.0
P01110,Volatile,Continuous,Naive,0.22077894928279443,4.566666666666666,5.503638905672968,0.24572720055395925,0.030028612608142612,3,730,15689.0,21.491780821917807,5.448908560994475,0.0
P01111,Stable,Continuous,Naive,0.09333671279750404,1.1555555555555554,1.5004780065339471,0.09350470789196279,-0.02802673979435644,3,730,8890.0,12.178082191780822,1.576946970910927,0.0
P01112,Volatile,Continuous,SES,0.23951773108855176,4.041392134611878,5.384151878441277,0.24164036854004398,0.033927142471131724,3,730,12302.0,16.852054794520548,4.439197816442653,0.0
P01113,Volatile,Continuous,SeasonalNaive7,0.24615384615384617,0.7333333333333333,1.0663657105258688,0.2485185185185185,-0.1349673202614379,3,730,2243.0,3.0726027397260274,0.8583904090612504,0.0
P01114,Trending,Continuous,HoltWinters7,0.07300150736547799,16.924847096571103,22.077141747013357,0.0717198125120188,-0.019593758693318735,3,730,159778.0,218.8739726027397,36.38101235043626,0.0
P01115,Stable,Continuous,HoltWinters7,0.049593609305657926,12.974448288524364,16.862457809103187,0.04878651128904602,-0.02288190863614926,3,730,205489.0,281.4917808219178,31.469026963095338,0.0
P01116,Stable,Continuous,HoltWinters7,0.0488235422945854,13.572931904818551,17.06993006266782,0.04786359492271274,-0.026864507861212573,3,730,215978.0,295.8602739726027,33.66550028426514,0.0
P01117,Stable,Continuous,HoltWinters7,0.13139229441568273,2.575238118733822,3.0242273047492563,0.1359273824446577,-0.013256543050116051,3,730,12803.0,17.53835616438356,2.9729982896814646,0.0
P01118,Trending,Continuous,Naive,0.12001266078903372,22.244444444444444,28.102415843047236,0.11514503600632019,-0.06864854124674657,3,730,114810.0,157.27397260273972,29.69643407577426,0.0
P01119,Seasonal,Continuous,HoltWinters7,0.08629417449292771,2.151883603411258,2.6840537827506226,0.08563854140484313,-0.06922862358343836,3,730,21048.0,28.832876712328765,6.354589730518841,0.0
P01120,Seasonal,Continuous,HoltWinters7,0.14331646669576284,2.9891204193188696,3.8061887260038803,0.13578090356121467,-0.09518946305005856,3,730,15330.0,21.0,4.821932061589458,0.0
P01121,Trending,Continuous,HoltWinters7,0.11257828596220937,4.494634750252149,5.602087194074699,0.10786795287285189,-0.05425712913120917,3,730,24474.0,33.52602739726027,6.515151221964425,0.0
P01122,Stable,Continuous,HoltWinters7,0.07304124188276874,9.48684567740953,11.754010146529145,0.07218271301574586,-0.00957457047168125,3,730,92230.0,126.34246575342466,16.03931997956643,0.0
P01123,Stable,Continuous,HoltWinters7,0.07812808877272344,5.469741260477016,6.8233300946716895,0.07509279409360482,-0.04304280119362833,3,730,51126.0,70.03561643835616,8.834794814466331,0.0
P01124,Trending,Continuous,HoltWinters7,0.10345521606701252,19.250863001770075,24.552209074697235,0.09852265138303917,-0.06456678032877887,3,730,115166.0,157.76164383561644,29.657730332706063,0.0
P01125,Trending,Continuous,HoltWinters7,0.0844815578315945,28.938868539834626,36.37747640199819,0.08172638455880128,-0.05759212283125322,3,730,221660.0,303.64383561643837,51.66560993556636,0.0
P01126,Trending,Continuous,HoltWinters7,0.07452761083195175,18.04697584572185,22.477685809706667,0.0722896155856003,-0.043053323954580336,3,730,163476.0,223.93972602739726,37.38989960560777,0.0
P01127,Seasonal,Continuous,HoltWinters7,0.1460069288176866,1.7238034123429806,2.073504862789535,0.1440283126212536,-0.029861368740789183,3,730,8746.0,11.98082191780822,2.790767530862421,0.0
P01128,Stable,Continuous,SeasonalNaive7,0.06775547378256959,0.4444444444444445,0.7447898886376284,0.06404761904761903,-0.0437787269902947,3,730,4902.0,6.715068493150685,1.0242158809964057,0.0
P01129,Volatile,Continuous,Naive,0.17075714379607765,2.744444444444445,3.3517312212068937,0.1863539304053393,0.03807178875676915,3,730,12203.0,16.716438356164385,3.947929731246681,0.0
P01130,Volatile,Continuous,RollingMean28,0.18271432014633535,4.159523809523809,5.072993045622105,0.20215456482152952,0.011488306252615913,3,730,18428.0,25.243835616438357,6.2736627243124845,0.0
P01131,Stable,Continuous,HoltWinters7,0.04591991246391742,14.981364015570179,19.298568551744847,0.044943282419477946,-0.022454106665955726,3,730,253239.0,346.9027397260274,37.76855541971172,0.0
P01132,Stable,Continuous,HoltWinters7,0.05404561511360776,5.78903517289001,7.087112490749831,0.05382754820163336,-0.025205892842068266,3,730,84528.0,115.79178082191781,12.84370275769518,0.0
P01133,Trending,Continuous,HoltWinters7,0.15311042903193425,5.91035017828257,7.536140477801655,0.14288919544028092,-0.09779129552545428,3,730,23954.0,32.81369863013698,6.489060438043802,0.0
P01134,Trending,Continuous,HoltWinters7,0.1431118113542308,5.60981894162708,7.012804059296083,0.13377623310364903,-0.062447171908469046,3,730,23868.0,32.6958904109589,6.510146946608611,0.0
P01135,Intermittent,Intermittent,SeasonalNaive7,1.274921022485528,58.78888888888889,84.6545854676087,0.6542570642373661,-0.0016124365722369378,3,730,34863.0,47.75753424657534,63.9195748482529,0.636986301369863
P01136,Trending,Continuous,Naive,0.15866426825330934,0.6777777777777777,0.8987414481581507,0.17164021164021162,0.0091324200913242,3,730,2604.0,3.5671232876712327,0.7565089835012669,0.0
P01137,Trending,Continuous,HoltWinters7,0.10145167552474993,30.065444092234035,38.52837366889224,0.09626026383211805,-0.06761699859838867,3,730,179306.0,245.62465753424658,47.141691044329804,0.0
P01138,Stable,Continuous,HoltWinters7,0.04385895994714648,10.301500416805094,12.633531719066369,0.04431863883496621,-0.012022494520958276,3,730,184793.0,253.14109589041095,29.185572170852467,0.0
P01139,Stable,Continuous,HoltWinters7,0.048124799780921414,13.0974048085313,16.048933429799767,0.048319141733920185,-0.011375070288108842,3,730,213749.0,292.8068493150685,32.31459228944766,0.0
P01140,Trending,Continuous,HoltWinters7,0.07589253863327795,26.596881276654134,34.96754859605233,0.07348958916106306,-0.045125277039118596,3,730,242035.0,331.55479452054794,54.88786808941292,0.0
P01141,Stable,Continuous,HoltWinters7,0.07930226524547922,12.732200540703408,15.46429432611592,0.07723519075712676,-0.030109530194068673,3,730,116227.0,159.21506849315068,19.971352399423754,0.0
P01142,Seasonal,Continuous,HoltWinters7,0.07403591148991943,1.1271735829570642,1.3699036882947533,0.07537142853232921,-0.02547624892195208,3,730,12628.0,17.2986301369863,3.7153333396352095,0.0
P01143,Stable,Continuous,HoltWinters7,0.04395612526770858,1.812959350228632,2.2320561501809455,0.04398025608702199,-0.02041947864367257,3,730,31749.0,43.49178082191781,4.703915230725191,0.0
P01144,Stable,Continuous,HoltWinters7,0.05131029825075564,4.327521866828339,5.344774861273204,0.050581254149930484,-0.03210161674497494,3,730,65838.0,90.18904109589042,10.030126931757657,0.0
P01145,Stable,Continuous,HoltWinters7,0.08286078323771794,1.1591764192693428,1.3604743322351591,0.08502127194265685,0.027469019077554373,3,730,10967.0,15.023287671232877,2.232876960185341,0.0
P01146,Stable,Continuous,HoltWinters7,0.08423035699492475,14.081387763429186,16.83435322918664,0.08207830835402298,-0.023535991932018746,3,730,121418.0,166.32602739726028,20.924398681713466,0.0
P01147,Trending,Continuous,HoltWinters7,0.08047494315288466,33.22740612694588,41.56640679319825,0.0792290953607373,-0.05106032521455156,3,730,272934.0,373.8821917808219,66.86427368428286,0.0
P01148,Intermittent,Intermittent,SeasonalNaive7,1.1334456665195696,155.8111111111111,237.3946381205453,0.5416597292628703,0.06388506739024362,3,730,104451.0,143.08356164383562,188.96519846645674,0.6301369863013698
P01149,Stable,Continuous,HoltWinters7,0.09195366247705179,7.42383254723682,9.229180030095675,0.08768647324361273,-0.06021969257745635,3,730,58431.0,80.04246575342465,10.371672111529858,0.0
P01150,Trending,Continuous,HoltWinters7,0.1128617826462,25.349839155414845,33.10681520837829,0.10600737041462956,-0.08036452666412452,3,730,138969.0,190.36849315068494,36.70734509990089,0.0
P01151,Trending,Continuous,HoltWinters7,0.06510486305621764,6.398047784102516,7.884173484925955,0.0641279179776657,-0.03375036867960423,3,730,65013.0,89.05890410958904,15.383727668763418,0.0
P01152,Stable,Continuous,HoltWinters7,0.07736395093389586,8.973266089867012,11.984129625599614,0.07417852677591893,-0.03269160094985799,3,730,82404.0,112.88219178082191,14.641760956721939,0.0
P01153,Intermittent,Intermittent,SeasonalNaive7,1.1406639718459555,170.57777777777778,248.56594020001603,0.7039131025123465,-0.2201322583362971,3,730,104605.0,143.2945205479452,192.77368863945833,0.6383561643835617
P01154,Stable,Continuous,HoltWinters7,0.04255202005024211,14.41916212935181,18.169517806646798,0.04216018428488318,-0.0207441473065333,3,730,262715.0,359.8835616438356,38.009007356763966,0.0
P01155,Trending,Continuous,HoltWinters7,0.0777903307865288,30.594639825651303,38.69216312243175,0.07556643989617973,-0.038912022274540915,3,730,269622.0,369.34520547945203,61.69955755287953,0.0
P01156,Intermittent,Intermittent,RollingMean28,2.10403529931811,72.84126984126983,81.33675553579356,0.6620676216728416,0.7732564845719345,3,730,41007.0,56.173972602739724,79.67858017813595,0.663013698630137
P01157,Trending,Continuous,HoltWinters7,0.1535713473228728,3.3624742724610024,4.134890911508703,0.14991824459870776,-0.06592099658654095,3,730,13645.0,18.69178082191781,3.7514790288477022,0.0
P01158,Stable,Continuous,HoltWinters7,0.0828957328846961,7.770833489054778,9.273804427015426,0.0807700302994696,-0.03635233316877684,3,730,67430.0,92.36986301369863,11.54166645043463,0.0
P01159,Volatile,Continuous,SES,0.18741880369219963,27.637840195945888,35.96106556799915,0.18586817615461312,-0.08051755950321167,3,730,98622.0,135.0986301369863,32.07323792063243,0.0
P01160,Trending,Continuous,HoltWinters7,0.13783535373532665,4.714855874203235,6.137582399493621,0.13244766549469586,-0.040968073833596935,3,730,21780.0,29.835616438356166,5.915299960692566,0.0
P01161,Trending,Continuous,HoltWinters7,0.09474319202826109,25.422908392435602,32.23572491506993,0.09186489873367627,-0.041164980132080496,3,730,164838.0,225.80547945205478,43.33191479289738,0.0
P01162,Trending,Continuous,HoltWinters7,0.14495892553477085,5.362173677787698,6.874015930789452,0.1352249943517282,-0.06763097071800565,3,730,22843.0,31.291780821917808,6.105255408312505,0.0
P01163,Stable,Continuous,SeasonalNaive7,0.07117845117845117,0.5333333333333333,0.817626748084331,0.0686111111111111,-0.053208273208273205,3,730,5695.0,7.801369863013699,1.1876124624455933,0.0
P01164,Intermittent,Intermittent,Naive,1.0,133.4,249.1443909026074,1.0,-1.0,3,730,103006.0,141.1041095890411,212.15738809173823,0.689041095890411
P01165,Stable,Continuous,SeasonalNaive7,0.15967443581206067,0.6555555555555556,0.9896774905128912,0.14624338624338626,-0.08901220865704773,3,730,2745.0,3.76027397260274,0.7191749056130111,0.0
P01166,Stable,Continuous,HoltWinters7,0.08043967268593767,18.675633519242023,23.297707091566554,0.07854166092570085,-0.02615326016484257,3,730,168441.0,230.74109589041095,28.2200851510132,0.0
P01167,Stable,Continuous,HoltWinters7,0.08951415138483766,8.31537284425705,9.867628298800406,0.089537871794009,-0.03001962919268042,3,730,67054.0,91.85479452054794,11.309137098793679,0.0
P01168,Seasonal,Continuous,HoltWinters7,0.07615193175575195,7.5295774501795085,9.147966673375064,0.07578906933254224,-0.05678976854164161,3,730,81492.0,111.63287671232877,21.71424377360806,0.0
P01169,Stable,Continuous,HoltWinters7,0.14368447676801138,2.659347469987193,3.1700771618633183,0.15222875083541795,-0.0021182204384489547,3,730,12132.0,16.61917808219178,2.839591613358776,0.0
P01170,Stable,Continuous,HoltWinters7,0.06842100278066103,1.872804850758303,2.349340255439657,0.06701691035004254,-0.034529045397892255,3,730,20973.0,28.73013698630137,4.240997402276951,0.0
P01171,Stable,Continuous,SeasonalNaive7,0.05174024123817177,1.6444444444444446,2.158982553634797,0.051184193062559856,-0.02706462503951637,3,730,24771.0,33.93287671232877,3.8203323922106684,0.0
P01172,Stable,Continuous,HoltWinters7,0.08352388388022751,8.321751240076646,10.49458956154769,0.08008206894556437,-0.047758302392260615,3,730,71726.0,98.25479452054795,12.517675197278109,0.0
P01173,Trending,Continuous,HoltWinters7,0.07985659980485972,28.016624084690473,35.31604744442958,0.07726117226653971,-0.05229424803290391,3,730,235292.0,322.31780821917806,54.80993807752326,0.0
P01174,Stable,Continuous,HoltWinters7,0.06491072736744417,0.8100780599316382,1.0145736055991192,0.0640056800734587,-0.03428346641590765,3,730,9687.0,13.26986301369863,1.9923850182055813,0.0
P01175,Trending,Continuous,HoltWinters7,0.06899244322379777,6.968268241857607,8.75203917403299,0.06735801277763447,-0.04172942889994977,3,730,68182.0,93.4,15.628102435480836,0.0
P01176,Stable,Continuous,HoltWinters7,0.04950475190474254,6.497743545460904,8.140695713747233,0.04906775082070234,-0.018763475957053743,3,730,102549.0,140.47808219178083,15.519541613719033,0.0
P01177,Intermittent,Intermittent,Naive,1.0,79.85555555555555,129.37438031265378,1.0,-1.0,3,730,58026.0,79.4876712328767,106.81928632085838,0.6383561643835617
P01178,Volatile,Continuous,SES,0.21084529378753572,5.696595743039244,7.7414833736488715,0.1974657975410662,-0.07942236137161816,3,730,19627.0,26.886301369863013,6.89242870162572,0.0
P01179,Trending,Continuous,HoltWinters7,0.07764480030099959,41.67086050431555,51.93348488192961,0.07627071211476945,-0.041889197082623196,3,730,356274.0,488.04657534246576,83.8865784690289,0.0
P01180,Trending,Continuous,HoltWinters7,0.08082020024636379,17.157464179471514,21.97149504586967,0.0771065722712269,-0.05414380333602458,3,730,144232.0,197.57808219178082,32.44617890922476,0.0
P01181,Trending,Continuous,HoltWinters7,0.10273930286952869,40.71856465433549,51.96040174790568,0.09675680355502247,-0.08468916019088969,3,730,239329.0,327.84794520547945,63.25893531357128,0.0
P01182,Seasonal,Continuous,HoltWinters7,0.09272840127693137,1.2885506368181499,1.5401247084279734,0.0941819143022365,-0.05101467007253003,3,730,11227.0,15.37945205479452,3.4628920136962327,0.0
P01183,Seasonal,Continuous,SeasonalNaive7,0.06643488297595934,2.3444444444444446,3.0587260471571667,0.06521869188019862,-0.03793288337073439,3,730,27921.0,38.24794520547945,7.438464699714597,0.0
P01184,Stable,Continuous,HoltWinters7,0.07700638279047448,5.918201359952325,7.418229063817148,0.07471143109921828,-0.03465638703171971,3,730,55299.0,75.75205479452055,9.221561921758637,0.0
P01185,Trending,Continuous,HoltWinters7,0.15564962128448104,3.0609283013458364,3.8093422158075803,0.14720915356857953,-0.10174392942109967,3,730,12077.0,16.543835616438358,3.334381987368455,0.0
P01186,Volatile,Continuous,SES,0.1687657623664822,10.456736936726752,13.574635910705673,0.17181088727355842,-0.02077953263089798,3,730,41550.0,56.917808219178085,13.216207185260012,0.0
P01187,Trending,Continuous,HoltWinters7,0.06781072078573581,43.78349613334505,56.213351482404086,0.06709714657249809,-0.02293650756966381,3,730,434465.0,595.1575342465753,101.76573385233515,0.0
P01188,Stable,Continuous,SES,0.1318420150803025,3.510037786276143,4.628050396088976,0.12319097027310884,-0.04597797572062657,3,730,17424.0,23.86849315068493,4.008457338749976,0.0
P01189,Seasonal,Continuous,SeasonalNaive7,0.08174050100231067,0.7111111111111111,1.004741398565125,0.07996432579765914,-0.014457655562186618,3,730,7046.0,9.652054794520549,2.208482809696417,0.0
P01190,Intermittent,Intermittent,Naive,1.0,87.76666666666667,162.80008949249734,1.0,-1.0,3,730,85602.0,117.26301369863013,156.03747879679125,0.6342465753424658
P01191,Stable,Continuous,SES,0.14073990122657162,3.5454017957339325,4.449073810908717,0.1356031941238026,-0.0500788214324098,3,730,16550.0,22.671232876712327,3.9414605111282297,0.0
P01192,Seasonal,Continuous,HoltWinters7,0.07502250244232161,20.201982728269776,25.279249999685224,0.0743050059406292,-0.05381425496302358,3,730,216955.0,297.1986301369863,58.97729444560546,0.0
P01193,Stable,Continuous,HoltWinters7,0.05980382445687254,1.5402922201617721,1.915958555274307,0.05928107966129897,-0.020541698702009035,3,730,19783.0,27.1,4.0938409358060985,0.0
P01194,Stable,Continuous,HoltWinters7,0.048019432380827475,7.482348241546212,9.119648538054717,0.04784406866471456,-0.018714126329607273,3,730,121606.0,166.58356164383562,18.58519119096068,0.0
P01195,Volatile,Continuous,Naive,0.22972796527704076,5.1000000000000005,6.161935474437132,0.25063679842809733,-0.0070690901428524895,3,730,16666.0,22.83013698630137,6.141555700992782,0.0
P01196,Stable,Continuous,HoltWinters7,0.08713554438255337,13.24381222817592,16.537644118377802,0.0882850816599217,-0.02173589827109253,3,730,109851.0,150.4808219178082,18.95030797013681,0.0
P01197,Trending,Continuous,HoltWinters7,0.09295514110287377,20.79034102253212,27.740504670448345,0.09039180532049156,-0.04460316964287897,3,730,138568.0,189.81917808219177,36.252848741133846,0.0
P01198,Volatile,Continuous,SES,0.1980623886296353,9.445485452011456,11.470460392869533,0.20122506659130637,-0.031579797880067255,3,730,32835.0,44.97945205479452,10.521041154257377,0.0
P01199,Intermittent,Intermittent,Naive,1.0,33.62222222222223,54.81218403164633,1.0,-1.0,3,730,22891.0,31.35753424657534,44.30694291046091,0.6616438356164384
P01200,Seasonal,Continuous,Naive,0.16100261075870834,2.6888888888888887,3.567772401489473,0.1541404404345715,-0.0768099109562524,3,730,12311.0,16.864383561643837,3.9616775299495175,0.0
P01201,Stable,Continuous,HoltWinters7,0.04609213936287956,6.93342672380928,8.605726887637871,0.045539023588064054,-0.02874084750862915,3,730,115801.0,158.63150684931506,16.508711394597213,0.0
P01202,Volatile,Continuous,SES,0.24371481347211668,0.6022732787601471,0.8181087423025956,0.2549287130892472,-0.051464479840274656,3,730,1834.0,2.5123287671232877,0.7336597114112222,0.0
P01203,Trending,Continuous,HoltWinters7,0.15354229596520644,4.535864638649611,5.5478093246918725,0.14821884481076406,-0.04693150079554731,3,730,18597.0,25.475342465753425,5.0446641824636895,0.0
P01204,Stable,Continuous,Naive,0.07169800112863466,0.19999999999999998,0.4403730732130466,0.09722222222222221,0.0640351658795925,3,730,2162.0,2.9616438356164383,0.4669106173031682,0.0
P01205,Seasonal,Continuous,HoltWinters7,0.06998838785429039,11.758174834781636,14.049789427807683,0.07114677070481763,-0.05620406682009982,3,730,141163.0,193.3739726027397,39.047066416306016,0.0
P01206,Trending,Continuous,HoltWinters7,0.06658672684090915,26.72906557788565,33.36415882473767,0.06575854814961898,-0.018200439551279302,3,730,262680.0,359.83561643835617,64.09004590029181,0.0
P01207,Trending,Continuous,HoltWinters7,0.07575465932155107,49.75312322779185,63.31393114351957,0.07311086033002621,-0.0384838981207779,3,730,442573.0,606.2643835616439,104.63064551439042,0.0
P01208,Seasonal,Continuous,HoltWinters7,0.07740096816893315,1.1424537905153953,1.4539980133246848,0.0776652689940641,-0.053332157769211665,3,730,11827.0,16.2013698630137,3.5349322087350585,0.0
P01209,Volatile,Continuous,RollingMean28,0.17493357622317293,0.5976190476190477,0.783821105920672,0.1791666666666666,-0.0393287832702754,3,730,2763.0,3.7849315068493152,0.9932793689427328,0.0
P01210,Trending,Continuous,HoltWinters7,0.10425792792631305,24.31213687185469,30.47891189679471,0.09937628232454936,-0.06490907111046641,3,730,138609.0,189.87534246575342,37.29678649433979,0.0
P01211,Seasonal,Continuous,HoltWinters7,0.06517475625691234,1.5492285885448573,2.0141886096429586,0.06438017560973346,-0.034445509232069293,3,730,19357.0,26.516438356164382,5.88321444985636,0.0
P01212,Stable,Continuous,HoltWinters7,0.05009402106920549,14.061681976803357,17.267988535366182,0.04961094725712594,-0.01966989730669492,3,730,220187.0,301.62602739726026,33.67029083454211,0.0
P01213,Stable,Continuous,SES,0.1360962321265641,2.1589569097633583,2.7675255710612863,0.1265576069637918,-0.05113796612068966,3,730,10480.0,14.356164383561644,2.420589907659224,0.0
P01214,Trending,Continuous,HoltWinters7,0.0702485276799002,17.60014430208767,22.341109255834017,0.06795273959434046,-0.044257826017835546,3,730,167590.0,229.57534246575344,40.484452403001534,0.0
P01215,Trending,Continuous,HoltWinters7,0.08405588514191455,52.15461908223122,63.374638353075675,0.08305993715219034,-0.03880845339338778,3,730,415494.0,569.1698630136987,96.0936395807883,0.0
P01216,Stable,Continuous,SeasonalNaive7,0.13535157736036343,1.1222222222222222,1.72876325793282,0.12184750434750435,-0.07195645125230157,3,730,5501.0,7.535616438356165,1.2709554708104087,0.0
P01217,Stable,Continuous,SES,0.132638972615358,2.8919687509034495,3.7359037516931815,0.12527103484923138,-0.05201165325464175,3,730,14259.0,19.53287671232877,3.329568029526195,0.0
P01218,Stable,Continuous,HoltWinters7,0.044913346939597705,9.357016158789985,11.820714455439282,0.04526698580703031,-0.011341916786651139,3,730,163120.0,223.45205479452054,24.459502150066182,0.0
P01219,Intermittent,Intermittent,Naive,1.0,19.755555555555556,31.253312479347002,1.0,-1.0,3,730,13638.0,18.682191780821917,24.72433112084775,0.6315068493150685
P01220,Volatile,Continuous,SES,0.1728596235306277,1.917388910411889,2.5333062223261185,0.16757938254272498,-0.060818091512618556,3,730,8707.0,11.927397260273972,2.915158823597151,0.0
P01221,Stable,Continuous,HoltWinters7,0.07505218040763757,5.891743395134604,7.382378400898293,0.07247146343837528,-0.026590167777207085,3,730,55968.0,76.66849315068494,9.570314136865075,0.0
P01222,Trending,Continuous,HoltWinters7,0.1429231612457107,4.385409077306004,5.806831709254421,0.13385983589518582,-0.07352341213280467,3,730,18234.0,24.97808219178082,5.097896136036058,0.0
P01223,Stable,Continuous,HoltWinters7,0.07093663628138044,1.9334727153083897,2.263415745156747,0.07083489171992867,-0.02045791992091261,3,730,21270.0,29.136986301369863,4.317047803988806,0.0
P01224,Volatile,Continuous,SES,0.19712380022575712,18.494748203930275,23.63197606348425,0.20334589715055174,-0.02668773564498422,3,730,63814.0,87.41643835616438,20.44784602471318,0.0
P01225,Seasonal,Continuous,HoltWinters7,0.08085740951035099,1.842646483864421,2.235414988021411,0.08266737508584131,-0.05598351104081791,3,730,18650.0,25.54794520547945,5.511780863052867,0.0
P01226,Seasonal,Continuous,HoltWinters7,0.07596483017737767,2.6181193426214366,3.1709925963735106,0.07595635581516134,-0.04471260958761131,3,730,27491.0,37.65890410958904,7.499434557860839,0.0
P01227,Seasonal,Continuous,HoltWinters7,0.07344449485336728,1.1434566842304277,1.4499177302525739,0.07401400708746682,-0.0310497915164752,3,730,12836.0,17.583561643835615,3.906205316184665,0.0
P01228,Volatile,Continuous,SES,0.22377742374807116,0.8015997516263891,0.9763497148105452,0.2540970036712917,0.08067663324312276,3,730,2919.0,3.9986301369863013,1.0740731993208357,0.0
P01229,Trending,Continuous,HoltWinters7,0.10370583493087958,38.755279086651164,48.7371243343355,0.09863831894233277,-0.08023906753132544,3,730,227512.0,311.66027397260274,60.26755329960265,0.0
P01230,Seasonal,Continuous,HoltWinters7,0.09101976645945202,2.0093590046712198,2.413309036109226,0.09218860008003778,-0.061873798961896896,3,730,17631.0,24.15205479452055,5.313249468516315,0.0
P01231,Trending,Continuous,HoltWinters7,0.09731539811826058,25.52107577847143,33.78842726055481,0.09359169803331113,-0.04269568219335765,3,730,161555.0,221.3082191780822,43.420103861240285,0.0
P01232,Trending,Continuous,HoltWinters7,0.1411806588179479,5.134998091476078,6.468066929865088,0.13928862987665305,-0.03066776574024958,3,730,21783.0,29.839726027397262,6.070487643230921,0.0
P01233,Volatile,Continuous,SES,0.22283928059288619,4.720349278965989,6.250140386288053,0.2164968352192651,-0.07683598707420901,3,730,14853.0,20.346575342465755,5.396401335864267,0.0
P01234,Seasonal,Continuous,HoltWinters7,0.15680435026072273,4.464584256729181,5.261705531581198,0.15706779409842633,-0.07725684424134716,3,730,21067.0,28.85890410958904,6.745873821247444,0.0
P01235,Intermittent,Intermittent,Naive,1.1125906199141884,131.66666666666666,209.63937102487293,0.6890995022789124,-0.2521083000443853,3,730,99273.0,135.9904109589041,181.05667944024296,0.6342465753424658
P01236,Seasonal,Continuous,HoltWinters7,0.08570982263358402,2.1445960425434465,2.6034661711711626,0.08667224550902114,-0.07182268788713685,3,730,20908.0,28.64109589041096,6.323250271520129,0.0
P01237,Trending,Continuous,HoltWinters7,0.10544178890044864,21.72295605463253,27.436950060642147,0.10284751910870339,-0.06041390926738411,3,730,127430.0,174.56164383561645,33.15213561838106,0.0
P01238,Seasonal,Continuous,HoltWinters7,0.05515083797963639,2.643851334608977,3.318957395649686,0.055748150692032504,-0.028100021574772288,3,730,39777.0,54.489041095890414,10.81902583724135,0.0
P01239,Trending,Continuous,HoltWinters7,0.12053642774222484,25.882317615648855,31.35062045750009,0.11756922991338081,-0.05986353260730606,3,730,132603.0,181.64794520547946,35.318160456755386,0.0
P01240,Trending,Continuous,HoltWinters7,0.19847196795255942,1.5254842390294747,1.8489228843205143,0.18742777245427825,-0.1364424488573047,3,730,4799.0,6.573972602739726,1.355021894270877,0.0
P01241,Trending,Continuous,HoltWinters7,0.11230000888662746,26.273000204845317,31.73598115570833,0.10731232283244492,-0.08498496542966254,3,730,145576.0,199.4191780821918,37.360655263763654,0.0
P01242,Stable,Continuous,HoltWinters7,0.04624629750864819,11.40687691138688,14.467230971105048,0.045728293579681445,-0.012722126293040413,3,730,190523.0,260.99041095890414,28.225501240364867,0.0
P01243,Trending,Continuous,HoltWinters7,0.08524147201357052,38.37752413710484,46.68706360349572,0.08248167988826628,-0.05851542891305608,3,730,297887.0,408.0643835616438,70.31213939615603,0.0
P01244,Stable,Continuous,HoltWinters7,0.0826227864462487,1.0785573529864922,1.3964030178595073,0.07879780171199917,-0.04888958482045416,3,730,9370.0,12.835616438356164,1.6364646110818817,0.0
P01245,Trending,Continuous,HoltWinters7,0.07404656510805498,12.460042989521865,15.513535561226883,0.07282148386308877,-0.047615472913790056,3,730,111852.0,153.2219178082192,26.271925308532367,0.0
P01246,Seasonal,Continuous,HoltWinters7,0.07439855146979837,11.04227498762296,13.646836319745802,0.07401653397609488,-0.05647667387145,3,730,120883.0,165.59315068493152,32.81669933877669,0.0
P01247,Stable,Continuous,SES,0.1444702989411676,4.693269791604524,5.792369401224856,0.14446557179158057,-0.028440641902188726,3,730,21358.0,29.257534246575343,5.0527510280539705,0.0
P01248,Stable,Continuous,HoltWinters7,0.14210775553932956,2.0416845149397624,2.443956617624444,0.14758919676865104,-0.01867654804353602,3,730,9457.0,12.954794520547946,2.2454062904123684,0.0
P01249,Trending,Continuous,HoltWinters7,0.10430516272932451,18.535309671597208,23.16752317011277,0.09977549547870894,-0.050542807022858516,3,730,107517.0,147.2835616438356,28.819391780162526,0.0
P01250,Trending,Continuous,HoltWinters7,0.0700497525245012,20.455486083909864,26.766892158120914,0.06948632687073415,-0.03441252421408664,3,730,198963.0,272.55205479452053,45.93468437867171,0.0
P01251,Stable,Continuous,HoltWinters7,0.050509344244372034,15.402121605207347,18.432781768303055,0.049834507153780815,-0.028912259943976937,3,730,232341.0,318.2753424657534,33.58027166275289,0.0
P01252,Seasonal,Continuous,HoltWinters7,0.062354187550747016,5.961896495136464,7.202283426728337,0.061740053552808816,-0.03234195748167563,3,730,78248.0,107.18904109589042,21.19049118766988,0.0
P01253,Seasonal,Continuous,HoltWinters7,0.15338162770665087,2.0498035514398474,2.5502635267438123,0.14733493352119087,-0.09308093220106887,3,730,9881.0,13.535616438356165,3.2009887816930913,0.0
P01254,Volatile,Continuous,Naive,0.19293559101004543,1.4777777777777776,1.849106729815799,0.2141393791393791,0.033206109786661775,3,730,5750.0,7.876712328767123,2.098697783452288,0.0
P01255,Trending,Continuous,HoltWinters7,0.08355630836983874,56.29309777485927,74.82785135900666,0.08174530703735496,-0.030720910608152924,3,730,441995.0,605.472602739726,104.77313627606638,0.0
P01256,Volatile,Continuous,SES,0.20850252257555524,1.1553615358146907,1.490437339697987,0.21604022465629377,-0.06399596596580223,3,730,4292.0,5.879452054794521,1.5366540267201587,0.0
P01257,Volatile,Continuous,SES,0.2179453846821671,2.913300285818822,3.747317001606696,0.22954345653880026,-0.03476226802566023,3,730,9178.0,12.572602739726028,3.3625575001931143,0.0
P01258,Seasonal,Continuous,HoltWinters7,0.07973008239327133,1.9898689418959412,2.428695543052758,0.08018313364053621,-0.06364497886461085,3,730,20519.0,28.10821917808219,5.556598752048241,0.0
P01259,Trending,Continuous,HoltWinters7,0.15819997242132147,1.744236420079684,2.22742511662385,0.1478776600981447,-0.07193206927734168,3,730,6915.0,9.472602739726028,1.93230853171042,0.0
P01260,Seasonal,Continuous,SeasonalNaive7,0.07384553241328999,16.444444444444446,20.60584773494735,0.07211833138737637,-0.05104931373088902,3,730,182263.0,249.67534246575343,48.78915270170533,0.0
P01261,Seasonal,Continuous,HoltWinters7,0.07812545621318641,0.5321853358417975,0.7020529762901581,0.07598557034397141,-0.04202617820985637,3,730,5633.0,7.7164383561643834,1.767059797755098,0.0
P01262,Stable,Continuous,HoltWinters7,0.039445508126292515,2.5900196169344487,3.439238863621401,0.03879952469881587,-0.01354414224651146,3,730,50260.0,68.84931506849315,7.208764732449731,0.0
P01263,Seasonal,Continuous,SeasonalNaive7,0.1045228097185875,1.4666666666666668,1.88827130592367,0.10427870122271567,-0.08707834942448851,3,730,11355.0,15.554794520547945,3.496874602827303,0.0
P01264,Stable,Continuous,HoltWinters7,0.043345585194250545,0.9332086699861399,1.1256607721475442,0.043223898971093806,-0.01143397147107098,3,730,16840.0,23.068493150684933,2.7393828824701707,0.0
P01265,Stable,Continuous,SES,0.1259671170312681,0.6270666183980959,0.9195154859995279,0.11438409971591994,-0.06561366258965116,3,730,3253.0,4.456164383561644,0.7901114334025158,0.0
P01266,Volatile,Continuous,SES,0.23280714613305883,5.352886910160926,6.71462972014645,0.2343474792136676,-0.05368051107529184,3,730,17540.0,24.027397260273972,6.214661638380123,0.0
P01267,Volatile,Continuous,RollingMean28,0.1693712064339228,3.9444444444444446,5.087890230314925,0.16619527680905707,-0.02260139576107999,3,730,17822.0,24.413698630136988,6.184304995444395,0.0
P01268,Seasonal,Continuous,HoltWinters7,0.060275459609580334,15.275885840675429,19.365899849940423,0.058933619733568844,-0.037431194025177396,3,730,207188.0,283.8191780821918,55.92232183023668,0.0
P01269,Seasonal,Continuous,HoltWinters7,0.06537505935647535,16.003708767462214,19.524083812935526,0.06520484798659193,-0.04061169923445373,3,730,198450.0,271.8493150684931,53.28945500396292,0.0
P01270,Seasonal,Continuous,HoltWinters7,0.07213882839392034,1.3625785089349038,1.7785054741958122,0.07239194193776967,-0.04133853903883461,3,730,15706.0,21.515068493150686,4.897906140709874,0.0
P01271,Intermittent,Intermittent,Naive,1.0,18.755555555555556,32.13784209885924,1.0,-1.0,3,730,13716.0,18.78904109589041,26.62758227149425,0.663013698630137
P01272,Stable,Continuous,HoltWinters7,0.07773871056832454,16.2984724551071,20.427911674888072,0.07510602798305038,-0.026202052397344782,3,730,150217.0,205.77671232876713,26.317899423288058,0.0
P01273,Intermittent,Intermittent,RollingMean28,1.4908760064164026,181.61031746031748,200.36413148121892,0.6942709148219345,0.09682986349352567,3,730,112436.0,154.02191780821917,213.81425874309411,0.6534246575342466
P01274,Volatile,Continuous,SES,0.22456932503350757,4.983840522997766,6.543102202182442,0.22035859178805053,-0.07961850974152736,3,730,17261.0,23.645205479452056,6.183200859248676,0.0
P01275,Seasonal,Continuous,HoltWinters7,0.07576528334083214,11.252762282828401,13.640722991191263,0.07709279204844881,-0.04911150627386778,3,730,122040.0,167.17808219178082,33.25973045354312,0.0
P01276,Trending,Continuous,HoltWinters7,0.14523255951019445,1.6975576166216773,2.110510099473599,0.14286827319752315,-0.03235664809913608,3,730,7213.0,9.88082191780822,1.9353868428863819,0.0
P01277,Trending,Continuous,HoltWinters7,0.15623601772020035,5.785927401094124,7.265454714742496,0.14713649605954335,-0.08735488893900893,3,730,22347.0,30.612328767123287,6.228533950535314,0.0
P01278,Stable,Continuous,HoltWinters7,0.09055118350531756,17.656195889744918,21.06559634881457,0.08779679210372572,-0.04266510161799738,3,730,140411.0,192.34383561643835,24.13021082442304,0.0
P01279,Trending,Continuous,HoltWinters7,0.13282765646782338,5.515601977635861,6.999879562324913,0.12975270757611598,-0.03457696790225794,3,730,25178.0,34.49041095890411,6.837766591298754,0.0
P01280,Seasonal,Continuous,HoltWinters7,0.07539216380976578,4.425103637247595,5.320906918683211,0.07396817340179111,-0.05132787671780642,3,730,47879.0,65.58767123287672,13.07343871297925,0.0
P01281,Trending,Continuous,HoltWinters7,0.06882387658809515,7.611513460583971,9.676098531255015,0.06674216552432456,-0.04288620657143318,3,730,75036.0,102.78904109589041,17.193943822017317,0.0
P01282,Stable,Continuous,HoltWinters7,0.04419027931941318,5.47436201727449,6.979300451264667,0.0439572348186133,-0.019693682185099707,3,730,95834.0,131.27945205479452,14.081333010148267,0.0
P01283,Seasonal,Continuous,HoltWinters7,0.06806610690849943,15.479120976231172,18.95898941239935,0.06865046285679315,-0.04961570451524575,3,730,183819.0,251.8068493150685,49.002250245822566,0.0
P01284,Stable,Continuous,HoltWinters7,0.13154442609938188,1.0696481071858548,1.3001370598212805,0.13883973370757396,0.009303624277420324,3,730,5349.0,7.3273972602739725,1.2629314945544805,0.0
P01285,Seasonal,Continuous,HoltWinters7,0.08761094186823189,0.3079008165942734,0.39612060373903396,0.08841079553563307,-0.03222442794048327,3,730,2884.0,3.9506849315068493,0.911912217466803,0.0
P01286,Trending,Continuous,HoltWinters7,0.07787001235109088,30.500520288064823,36.59546203528897,0.07612665922583951,-0.0467873785522499,3,730,266260.0,364.73972602739724,61.122115147827756,0.0
P01287,Stable,Continuous,SeasonalNaive7,0.19205239205239208,0.5888888888888889,0.8701077124980859,0.192962962962963,-0.06486846486846487,3,730,2018.0,2.7643835616438355,0.584990559058496,0.0
P01288,Volatile,Continuous,Naive,0.16991931908632577,4.277777777777778,5.407365070992079,0.17942192061441053,-0.004611972533476601,3,730,19163.0,26.25068493150685,6.417047410812245,0.0
P01289,Trending,Continuous,HoltWinters7,0.15259535296826113,2.469102822600445,3.142417928387026,0.14130073537241133,-0.10855710249977701,3,730,10250.0,14.04109589041096,2.772282743417076,0.0
P01290,Volatile,Continuous,SES,0.2173643184639269,5.42860076822947,6.89701893140741,0.2063533268749236,-0.10665084471492355,3,730,18233.0,24.976712328767125,6.790678282453634,0.0
P01291,Seasonal,Continuous,HoltWinters7,0.06264286463128708,0.998602681693111,1.2733144554739801,0.06322447505860691,-0.035519536929262796,3,730,13175.0,18.04794520547945,3.985798162586537,0.0
P01292,Seasonal,Continuous,SeasonalNaive7,0.1507024244916214,4.166666666666667,5.641096302046646,0.13871134662941229,-0.10452005248464925,3,730,19920.0,27.28767123287671,6.3123530599742805,0.0
P01293,Trending,Continuous,HoltWinters7,0.07117446760968953,26.851172014818577,33.33336619602566,0.06872344323394126,-0.05515937281570399,3,730,249442.0,341.7013698630137,56.42401324877185,0.0
P01294,Stable,Continuous,HoltWinters7,0.043196505007193214,1.4016453175520998,1.781590751489997,0.04241906340835574,-0.019234369520529603,3,730,25384.0,34.772602739726025,3.7362004082760087,0.0
P01295,Trending,Continuous,HoltWinters7,0.0896124383595035,3.8581304901556694,5.1021220845106585,0.08473191970491993,-0.06617352468168414,3,730,26527.0,36.33835616438356,6.9731432697816835,0.0
P01296,Trending,Continuous,HoltWinters7,0.15684930803181327,2.0464358333937382,2.4691924097379556,0.15431881833898933,-0.06064436115256536,3,730,7820.0,10.712328767123287,2.2196247291835487,0.0
P01297,Seasonal,Continuous,HoltWinters7,0.17641846576965867,3.6638962820854712,4.295961086507764,0.1775603755194656,-0.09417696664267368,3,730,15343.0,21.017808219178082,4.915579288719787,0.0
P01298,Stable,Continuous,HoltWinters7,0.1310782025020135,4.0838280676577785,4.925587831204873,0.13484167710480674,-0.02549318935791009,3,730,20078.0,27.504109589041096,4.656733648524051,0.0
P01299,Seasonal,Continuous,HoltWinters7,0.06614725048996044,9.363373154947732,11.712168770527242,0.06608675670892271,-0.047863055386592655,3,730,114198.0,156.43561643835616,30.39961270538352,0.0
P01300,Trending,Continuous,HoltWinters7,0.08013456255946771,35.28380349887145,43.40090409813106,0.07736836765551776,-0.048803966802417914,3,730,287046.0,393.213698630137,69.11224903804664,0.0
P01301,Volatile,Continuous,SES,0.2073780301613248,1.3572469578840052,1.8142501853786042,0.2032587310570689,-0.06549158009022196,3,730,5106.0,6.994520547945205,1.99449794700815,0.0
P01302,Trending,Continuous,HoltWinters7,0.10575578772693976,33.78542709542004,43.65249378505707,0.09962064223743257,-0.07139976391728618,3,730,195451.0,267.741095890411,51.57439081122618,0.0
P01303,Seasonal,Continuous,HoltWinters7,0.14756234978680385,4.269079362325123,5.08009405265499,0.1492364273551435,-0.05828118264966556,3,730,21143.0,28.96301369863014,6.794454424940733,0.0
P01304,Seasonal,Continuous,HoltWinters7,0.07014561260612326,6.162828513731775,7.353459538869319,0.07117605646757642,-0.04820153750843461,3,730,72133.0,98.81232876712329,19.318260373797017,0.0
P01305,Intermittent,Intermittent,RollingMean28,1.2472248900473224,118.1579365079365,125.59270373620468,0.656427501688868,-0.07020562300333856,3,730,68953.0,94.45616438356164,131.2508101602027,0.6534246575342466
P01306,Stable,Continuous,HoltWinters7,0.08297295129442629,2.675040802050647,3.3849291753945283,0.080550998565611,-0.04256561602736369,3,730,23163.0,31.73013698630137,4.073709914078595,0.0
P01307,Trending,Continuous,HoltWinters7,0.07407926114985658,29.714945405544526,36.97438661754304,0.07253771486257506,-0.044436589343895626,3,730,267051.0,365.8232876712329,63.24850507198027,0.0
P01308,Volatile,Continuous,SES,0.18627650076714067,29.489943529598623,37.3786262674815,0.19382593097609283,-0.03784730011296448,3,730,108238.0,148.27123287671233,34.13650271202325,0.0
P01309,Seasonal,Continuous,SeasonalNaive7,0.07355426134033304,0.39999999999999997,0.6392500920226807,0.07261904761904762,-0.032122861448738306,3,730,4502.0,6.167123287671233,1.4052668707119618,0.0
P01310,Stable,Continuous,HoltWinters7,0.07648138271958814,9.286218482043148,11.250690115194596,0.07565417612140785,-0.013420889534350595,3,730,87532.0,119.9068493150685,15.046779627720728,0.0
P01311,Stable,Continuous,HoltWinters7,0.1429109994200485,1.8610729940442354,2.2090324942280244,0.15211119846550933,0.010013789141825545,3,730,8431.0,11.54931506849315,2.0145985237712085,0.0
P01312,Stable,Continuous,HoltWinters7,0.07742888287896972,10.907534017811193,12.447120972891033,0.07716122458850677,0.012640931713681464,3,730,102182.0,139.9753424657534,17.219217426618513,0.0
P01313,Stable,Continuous,HoltWinters7,0.043438896744509826,7.498458097107279,9.720604217405493,0.04337068366165683,-0.010513218591345219,3,730,135876.0,186.13150684931506,21.074021198347577,0.0
P01314,Trending,Continuous,HoltWinters7,0.10108921967463995,1.8772255041353132,2.3963163625241406,0.09723866756848015,-0.04462173781432855,3,730,11412.0,15.632876712328768,2.876423953182467,0.0
P01315,Stable,Continuous,HoltWinters7,0.04587836751066041,10.13658755618011,12.540822694930164,0.045638558527189364,-0.019709757586229892,3,730,171234.0,234.56712328767122,25.6411666112071,0.0
P01316,Stable,Continuous,HoltWinters7,0.044705718881987565,9.320389848292072,11.578928445297407,0.04441941215384554,-0.018871135080750133,3,730,162540.0,222.65753424657535,25.296388036318756,0.0
P01317,Seasonal,Continuous,HoltWinters7,0.07347408952661044,8.469599361761437,10.290439532504003,0.07361733488378065,-0.04958444831862697,3,730,92955.0,127.33561643835617,25.056500597342804,0.0
P01318,Stable,Continuous,HoltWinters7,0.04530531430733301,2.369177798290101,2.945513570580919,0.0446808803634984,-0.023786219926077684,3,730,40624.0,55.64931506849315,6.169554952293952,0.0
P01319,Seasonal,Continuous,HoltWinters7,0.15734127487129454,3.5257633766890826,4.244673978150263,0.15548724260978217,-0.0868451956072225,3,730,16950.0,23.21917808219178,5.540093484036586,0.0
P01320,Stable,Continuous,SES,0.13664770325651146,4.50447410054111,5.6860741247000535,0.13054080207237592,-0.039805140515976375,3,730,21377.0,29.283561643835615,5.018799054578841,0.0
P01321,Stable,Continuous,HoltWinters7,0.15029719303629163,1.4941308254681633,1.7797181439639298,0.15212492470636357,-0.023843902714077353,3,730,6544.0,8.964383561643835,1.6216445667790391,0.0
P01322,Volatile,Continuous,SES,0.21833472047104943,2.4233619524875056,3.408632883310505,0.19624055692904338,-0.11743660105272695,3,730,8011.0,10.973972602739726,2.9168884053165343,0.0
P01323,Volatile,Continuous,SES,0.2246613409322,15.63404046951194,19.973559978417626,0.2301823310054899,-0.06678313243111707,3,730,46217.0,63.31095890410959,15.278054423029173,0.0
P01324,Stable,Continuous,SES,0.13598668126105948,2.806588210966801,3.5073799716537715,0.12788627001956585,-0.060892622271872976,3,730,13560.0,18.575342465753426,3.0974913882671204,0.0
P01325,Trending,Continuous,HoltWinters7,0.09791577272828049,7.537866607051172,9.622810864198694,0.09225732391046787,-0.06493023274088854,3,730,45828.0,62.778082191780825,12.451830332183825,0.0
P01326,Seasonal,Continuous,SeasonalNaive7,0.10031800391389432,1.0777777777777777,1.4408227564204872,0.09642835559502226,-0.05545594950308891,3,730,8943.0,12.25068493150685,2.777314691654593,0.0
P01327,Volatile,Continuous,SES,0.22200644209988732,4.714786971976509,6.101339533398342,0.20865151607704488,-0.06659722959222378,3,730,15647.0,21.434246575342467,5.405548112059692,0.0
P01328,Stable,Continuous,HoltWinters7,0.04943823137221631,13.910314761494618,17.182420411602845,0.049410919505235996,-0.025466574843468304,3,730,217016.0,297.2821917808219,31.42696518269257,0.0
P01329,Trending,Continuous,HoltWinters7,0.07424480043646044,22.00436328495803,26.760072433960516,0.07181903514560879,-0.047601039450859584,3,730,192869.0,264.2041095890411,46.476310582545196,0.0
P01330,Seasonal,Continuous,HoltWinters7,0.06711493893454637,8.478269255118287,10.34458230222816,0.06706123276701563,-0.044903960652245,3,730,103819.0,142.2178082191781,28.405074231606708,0.0
P01331,Stable,Continuous,HoltWinters7,0.049526989805777875,8.290060394198905,10.379941139818131,0.04863947706705076,-0.03408839063961122,3,730,131096.0,179.58356164383562,20.720009571067735,0.0
P01332,Stable,Continuous,HoltWinters7,0.0498760638710015,1.5775188504808764,1.9213610490249982,0.04912948362312761,-0.03035333804889813,3,730,24246.0,33.21369863013699,3.639567463579428,0.0
P01333,Seasonal,Continuous,SeasonalNaive7,0.14591343783890368,0.6444444444444445,1.006919842839246,0.1302116402116402,-0.11144631765749778,3,730,3140.0,4.301369863013699,1.0113882608472768,0.0
P01334,Volatile,Continuous,SES,0.19252175082293874,53.75658893233899,67.12135620467042,0.18969405315621668,-0.05443921942081181,3,730,189939.0,260.1904109589041,59.259635795987904,0.0
P01335,Volatile,Continuous,SES,0.19546431177392662,7.279107514278284,8.854214379690639,0.19229477992685262,-0.06014405373000628,3,730,24670.0,33.794520547945204,7.840940888835405,0.0
P01336,Stable,Continuous,HoltWinters7,0.044074965057474415,15.211910112461355,18.912444696676857,0.0440023727929278,-0.009676882685797755,3,730,267183.0,366.0041095890411,39.669744108433285,0.0
P01337,Seasonal,Continuous,HoltWinters7,0.16224397377781682,4.59668291442767,5.302166856023244,0.16807478949026733,-0.058047632212334666,3,730,20638.0,28.27123287671233,6.500426902770248,0.0
P01338,Intermittent,Intermittent,Naive,1.0,55.300000000000004,91.54761747025412,1.0,-1.0,3,730,36424.0,49.895890410958906,74.13490176264466,0.6835616438356165
P01339,Trending,Continuous,HoltWinters7,0.14298621474285703,2.439786811384595,3.1131343390308914,0.13354678266054576,-0.07514433942819239,3,730,10455.0,14.321917808219178,2.8868343394665565,0.0
P01340,Trending,Continuous,HoltWinters7,0.15037402269246375,3.659590330464649,4.447111176430303,0.1497100777531359,-0.04172799029448155,3,730,15032.0,20.59178082191781,4.105994594699685,0.0
P01341,Stable,Continuous,HoltWinters7,0.0585784705446482,1.490648513684528,1.8260094114813112,0.05789338200183217,-0.023353842708061883,3,730,19765.0,27.075342465753426,3.970200411713258,0.0
P01342,Trending,Continuous,HoltWinters7,0.06945465103394627,24.95147942441027,31.565181996930026,0.06950799786021902,-0.025837582310937125,3,730,249331.0,341.5493150684932,55.613312257193385,0.0
P01343,Trending,Continuous,HoltWinters7,0.10454126975527332,30.392811337578873,39.08207176241179,0.09835244837592165,-0.06643768158945837,3,730,178739.0,244.84794520547945,46.00337140859584,0.0
P01344,Intermittent,Intermittent,Naive,1.0,26.03333333333333,42.82614640004214,1.0,-1.0,3,730,18892.0,25.87945205479452,35.49569404865385,0.647945205479452
P01345,Intermittent,Intermittent,Naive,1.0,133.92222222222222,214.4732501268927,1.0,-1.0,3,730,90384.0,123.81369863013698,171.35959456316652,0.6520547945205479
P01346,Seasonal,Continuous,HoltWinters7,0.062539777565727,0.7877436575078499,1.0201989214286045,0.06275417095874078,-0.0258498544581466,3,730,10196.0,13.967123287671233,3.054873315283896,0.0
P01347,Seasonal,Continuous,HoltWinters7,0.0964492349324394,1.3030268522857025,1.5671017976647432,0.09580029506210087,-0.08016270542411276,3,730,11306.0,15.487671232876712,3.4925727663503663,0.0
P01348,Seasonal,Continuous,SeasonalNaive7,0.06384195522180504,0.19999999999999998,0.4275875848122483,0.062037037037037036,-0.0350177304964539,3,730,2525.0,3.458904109589041,0.7954492680979214,0.0
P01349,Stable,Continuous,HoltWinters7,0.08815952547326215,5.149205118791694,6.10262340162495,0.08663756753755103,-0.043305875433685866,3,730,42586.0,58.33698630136986,7.258040465510581,0.0
P01350,Stable,Continuous,SES,0.13577758313928429,3.6207799700766734,4.519698902646886,0.1358047648044427,-0.008275447399546219,3,730,17951.0,24.59041095890411,4.191004292249951,0.0
P01351,Stable,Continuous,HoltWinters7,0.08862393190862285,11.03299497118048,12.998850180136877,0.08716724648544376,-0.01852954378233831,3,730,89925.0,123.18493150684931,15.490695213524798,0.0
P01352,Trending,Continuous,HoltWinters7,0.06239864031131048,8.565760666005882,11.22836823436778,0.0605736115245708,-0.023204288984257988,3,730,93657.0,128.2972602739726,20.568214137664526,0.0
P01353,Seasonal,Continuous,HoltWinters7,0.06790450137404201,0.8042302323044278,1.0101267317763925,0.06706267821794888,-0.022210293506161483,3,730,9662.0,13.235616438356164,2.874005815484478,0.0
P01354,Stable,Continuous,HoltWinters7,0.03642671108431857,14.923157824020869,18.362487786669192,0.03644590827694049,-0.013033307416231816,3,730,318779.0,436.6835616438356,46.53688453704105,0.0
P01355,Stable,Continuous,HoltWinters7,0.04698246060618439,10.148863056935902,12.85090667189791,0.046045354492627394,-0.022278882314453696,3,730,169138.0,231.6958904109589,27.01811838536073,0.0
P01356,Trending,Continuous,HoltWinters7,0.11494626500958234,13.70356818019311,17.425349463339142,0.10765852142814114,-0.0826430056830094,3,730,72044.0,98.69041095890411,18.596503678821538,0.0
P01357,Volatile,Continuous,RollingMean28,0.18316695471656552,8.657936507936508,11.040499658109274,0.18448800870837279,-0.05739110898450222,3,730,32616.0,44.679452054794524,10.431893679242014,0.0
P01358,Stable,Continuous,HoltWinters7,0.06666222686375214,0.5861042444149355,0.746650677799458,0.06614562056807498,-0.012660392552959305,3,730,6756.0,9.254794520547945,1.3969436652244829,0.0
P01359,Seasonal,Continuous,HoltWinters7,0.08844795063533871,2.18094171684559,2.6622894852848806,0.08987435956287328,-0.024195869565612562,3,730,20559.0,28.163013698630138,6.357610106688955,0.0
P01360,Trending,Continuous,HoltWinters7,0.07614545298048626,18.445004481879835,24.437883121688923,0.07236378574164397,-0.0550649865881074,3,730,163990.0,224.64383561643837,38.88443355890034,0.0
P01361,Volatile,Continuous,SES,0.18500603894455128,32.75689478573907,43.19210020241494,0.18371970236650573,-0.04057629566250397,3,730,119488.0,163.6821917808219,38.96669937888545,0.0
P01362,Trending,Continuous,HoltWinters7,0.14680982245267998,3.8208725018780094,4.7362552356758085,0.14443565014092072,-0.045593867527617904,3,730,16142.0,22.112328767123287,4.3952195381895605,0.0
P01363,Trending,Continuous,HoltWinters7,0.07142796234246902,11.687068545107884,14.785511850673375,0.06954393994195635,-0.0337715218000866,3,730,111026.0,152.0904109589041,24.841445988274454,0.0
P01364,Stable,Continuous,HoltWinters7,0.040836450716548935,9.495355729140856,11.609492984410599,0.04041069324030835,-0.015072492750359627,3,730,182753.0,250.34657534246574,28.388914653858865,0.0
P01365,Stable,Continuous,HoltWinters7,0.04091435246203446,10.844917662590184,13.591558360739034,0.040907070481780085,-0.011270196204984885,3,730,204689.0,280.3958904109589,30.49604952425893,0.0
P01366,Seasonal,Continuous,HoltWinters7,0.15200631889718771,0.7932785723225179,0.9537928315186632,0.14821379213741026,-0.06733653861853894,3,730,3852.0,5.276712328767124,1.2873256322263174,0.0
P01367,Intermittent,Intermittent,Naive,1.0,33.61111111111111,55.52035734601893,1.0,-1.0,3,730,21443.0,29.373972602739727,44.00868017447055,0.6876712328767123
P01368,Trending,Continuous,Naive,0.11141693169878032,24.333333333333332,31.323544884758984,0.10990200104751048,-0.035003470537411235,3,730,132987.0,182.17397260273972,35.19993658569726,0.0
P01369,Stable,Continuous,HoltWinters7,0.13725542174513058,4.428016368936471,5.216148212083005,0.14213239370087372,-0.011761488360917838,3,730,21167.0,28.995890410958904,4.995057594468912,0.0
P01370,Seasonal,Continuous,HoltWinters7,0.146289374023976,1.5946426094207482,1.9412998123495135,0.14824552430169216,-0.0422024060160906,3,730,7915.0,10.842465753424657,2.5045592340744167,0.0
P01371,Volatile,Continuous,SES,0.18533801512984435,55.76455791750006,75.44984872317136,0.18394882486621636,-0.06553420549619648,3,730,192236.0,263.33698630136985,63.616856189644096,0.0
P01372,Volatile,Continuous,SES,0.23358857244932021,5.663540847449661,7.791442961772648,0.22650990505852328,-0.05612972908281327,3,730,17199.0,23.56027397260274,6.418620881960934,0.0
P01373,Volatile,Continuous,Naive,0.1963309369230696,17.377777777777776,22.344886715011437,0.20617038789673833,-0.021285123921724564,3,730,58796.0,80.54246575342465,18.790491114550093,0.0
P01374,Trending,Continuous,HoltWinters7,0.07359307376930879,2.908961995806349,3.5732309928176575,0.07206146505052667,-0.034528465025085345,3,730,26870.0,36.80821917808219,6.009954098381474,0.0
P01375,Stable,Continuous,HoltWinters7,0.1506137866447955,0.8370426256850289,0.9864665476686847,0.15003042284017729,-0.03651600175127974,3,730,3639.0,4.984931506849315,0.8802311756578047,0.0
P01376,Volatile,Continuous,SES,0.20439041483752204,46.97283145923402,59.590096679480666,0.2066941195640093,-0.04552965932356906,3,730,156775.0,214.76027397260273,52.14539986372869,0.0
P01377,Stable,Continuous,Naive,0.06823342201759848,0.5,0.7480370279748945,0.06787037037037037,-0.02950678025800203,3,730,5670.0,7.767123287671233,1.1679363807345087,0.0
P01378,Seasonal,Continuous,HoltWinters7,0.05356148672763774,6.103700997622453,7.712023113610408,0.05272100173328382,-0.033676804496489826,3,730,93743.0,128.4150684931507,25.32562245240208,0.0
P01379,Volatile,Continuous,RollingMean28,0.16175463821489475,2.466666666666667,3.1081891314410517,0.16463900040419863,-0.02848432634856682,3,730,12224.0,16.745205479452054,4.699561929673247,0.0
P01380,Stable,Continuous,HoltWinters7,0.0489781477615992,10.323734968953838,12.767331092905826,0.048598102753447836,-0.020369620345021804,3,730,165236.0,226.35068493150686,26.234204854184597,0.0
P01381,Stable,Continuous,Naive,0.1344141798449713,0.7888888888888889,1.0129644926058483,0.15450176366843035,0.05667254547353054,3,730,3876.0,5.30958904109589,0.9325929431884794,0.0
P01382,Stable,Continuous,HoltWinters7,0.0646620199547495,0.8385655324879285,1.0445617893050525,0.06574967604645364,0.010969446288368752,3,730,9921.0,13.59041095890411,2.050304563247745,0.0
P01383,Trending,Continuous,HoltWinters7,0.1170183685673506,23.750772814150064,30.103288400956203,0.11113130354645684,-0.06592120898026145,3,730,122438.0,167.72328767123287,33.185972711174465,0.0
P01384,Volatile,Continuous,SES,0.18668707202598936,2.9455960575843427,3.706363063259582,0.19124973831620032,-0.040845013656120775,3,730,12735.0,17.445205479452056,4.427174505300357,0.0
P01385,Trending,Continuous,HoltWinters7,0.07775730092116112,44.16023948198424,53.92362512908348,0.0757437365520076,-0.043188739758922845,3,730,376233.0,515.3876712328768,85.21630099217451,0.0
P01386,Stable,Continuous,SeasonalNaive7,0.08046467232628128,0.5333333333333333,0.7870096844728985,0.07587301587301587,-0.06282958271571666,3,730,5056.0,6.926027397260274,1.0383625651990056,0.0
P01387,Intermittent,Intermittent,Naive,1.0,151.87777777777777,255.57013949358426,1.0,-1.0,3,730,106813.0,146.31917808219177,203.61010857047526,0.6547945205479452
P01388,Trending,Continuous,HoltWinters7,0.13482599303697498,4.03019096165545,5.16394875012388,0.12779863897876467,-0.050902550615745744,3,730,18204.0,24.936986301369863,4.920646205606015,0.0
P01389,Volatile,Continuous,SES,0.18574657272002745,37.054877892568335,46.51748435390193,0.18443762237496786,-0.05789572550211645,3,730,124729.0,170.86164383561643,41.04260267825961,0.0
P01390,Trending,Continuous,HoltWinters7,0.07654552931079037,21.022378235545364,25.211808359496104,0.07475452602723702,-0.06375554519815184,3,730,189622.0,259.75616438356167,41.56688624262223,0.0
P01391,Stable,Continuous,HoltWinters7,0.13044898958472975,2.0640345692140762,2.5013964263698845,0.13724890305336568,-0.0008056351557037168,3,730,10174.0,13.936986301369863,2.4165357903721474,0.0
P01392,Trending,Continuous,HoltWinters7,0.16332838659560067,1.2861842466222777,1.5795729959138578,0.15858128587892648,-0.07882482942610099,3,730,4966.0,6.802739726027397,1.3875769213581624,0.0
P01393,Seasonal,Continuous,HoltWinters7,0.1374430381307523,2.887979940486671,3.5897036352166007,0.13297059808409833,-0.05907708487756952,3,730,15228.0,20.86027397260274,4.826161550941136,0.0
P01394,Seasonal,Continuous,HoltWinters7,0.06728690617046335,10.50386998549285,12.481477483595961,0.06664349775882555,-0.04515592917054296,3,730,126921.0,173.86438356164385,34.60182234654393,0.0
P01395,Volatile,Continuous,Naive,0.17183660398886377,3.3000000000000003,4.382897352673937,0.16940767265253145,-0.053667829172436454,3,730,14970.0,20.506849315068493,4.759290352027654,0.0
P01396,Volatile,Continuous,SES,0.17281085856818693,19.74161310605219,24.976074978727024,0.17340790311339213,-0.028392066909548954,3,730,76194.0,104.37534246575342,22.604282226725026,0.0
P01397,Stable,Continuous,SeasonalNaive7,0.07342384219381227,1.9555555555555555,2.6190048556216206,0.06997772384673895,-0.05155031684145837,3,730,20452.0,28.016438356164382,4.224788489072791,0.0
P01398,Trending,Continuous,HoltWinters7,0.14324622279548024,3.9480675184707454,5.221838805289513,0.1305217484723651,-0.10141207052569658,3,730,16063.0,22.004109589041096,4.480255061943743,0.0
P01399,Stable,Continuous,HoltWinters7,0.05091300693476081,2.123127743584576,2.6543665042518514,0.05036229553782114,-0.016842258211551425,3,730,32486.0,44.5013698630137,5.1101043869162845,0.0
P01400,Stable,Continuous,HoltWinters7,0.05019047511214425,11.6130212415354,14.68977991453018,0.04953280097616791,-0.02498796879299756,3,730,178484.0,244.4986301369863,26.045188614651135,0.0
P01401,Stable,Continuous,HoltWinters7,0.12796667149094712,3.4268208366790582,3.9998869814915046,0.12864456934759952,-0.023093248431821728,3,730,17302.0,23.7013698630137,4.125084466049121,0.0
P01402,Seasonal,Continuous,HoltWinters7,0.13390996869324623,3.2912953368344335,3.9603173819927626,0.13161991435804202,-0.023606903573159938,3,730,17854.0,24.457534246575342,5.757941204617772,0.0
P01403,Seasonal,Continuous,HoltWinters7,0.13631702458231346,2.185387335224626,2.7318478510314868,0.13102855483826534,-0.06873745564032836,3,730,11512.0,15.76986301369863,3.6991336594285666,0.0
P01404,Intermittent,Intermittent,Naive,1.1591591591591592,177.55555555555554,270.53080965532007,0.7070138252773986,-0.2492492492492492,3,730,117727.0,161.26986301369863,225.218223200765,0.6561643835616439
P01405,Trending,Continuous,HoltWinters7,0.08102162529336993,17.073739651196977,21.597136408735455,0.07816367665455211,-0.058499145478315535,3,730,141027.0,193.1876712328767,32.923098846282784,0.0
P01406,Seasonal,Continuous,HoltWinters7,0.07163812623980043,8.972032921025326,10.79705204909304,0.070559706649774,-0.05495773654110551,3,730,101054.0,138.43013698630136,27.350214023189434,0.0
P01407,Trending,Continuous,HoltWinters7,0.09146725273968427,31.656670391822512,40.38997049072393,0.09009946514000107,-0.027462386529029454,3,730,215063.0,294.6068493150685,55.55005115636894,0.0
P01408,Volatile,Continuous,Naive,0.1929149364438,51.32222222222222,63.85210339582287,0.19752700897387143,-0.04911892030388315,3,730,186526.0,255.5150684931507,58.89431997138961,0.0
P01409,Seasonal,Continuous,HoltWinters7,0.06914508958349647,13.796306356318269,17.01864594074219,0.06930478514324372,-0.041954449884155615,3,730,162396.0,222.46027397260275,43.39627192437662,0.0
P01410,Stable,Continuous,HoltWinters7,0.07881210494963461,17.759321723213898,22.439033735491194,0.07688740293064594,-0.036904229127149336,3,730,163127.0,223.46164383561643,28.04560821154139,0.0
P01411,Stable,Continuous,SES,0.13186623828608188,0.685894884652228,0.9864084586110868,0.11850059465788366,-0.08569211280180633,3,730,3367.0,4.612328767123287,0.835830859143908,0.0
P01412,Stable,Continuous,HoltWinters7,0.13822035441920436,4.182579502196742,4.859631315809499,0.13969622548402383,-0.012162416083096922,3,730,19475.0,26.67808219178082,4.669803371912986,0.0
P01413,Seasonal,Continuous,HoltWinters7,0.07411142808513259,0.7148744519365846,0.8828702606524262,0.07505446681847093,-0.0256764278743658,3,730,8117.0,11.11917808219178,2.50065327729303,0.0
P01414,Volatile,Continuous,SES,0.2455309067215794,1.634120253934135,2.0672694990017986,0.23995399656850255,-0.09112896926886249,3,730,4905.0,6.719178082191781,1.7944555313839035,0.0
P01415,Trending,Continuous,HoltWinters7,0.0778716772840342,8.880814375538813,11.014343169804434,0.07535924421705564,-0.05372841614439345,3,730,77745.0,106.5,17.835419669505395,0.0
P01416,Volatile,Continuous,RollingMean28,0.1805711219206676,24.591269841269845,32.06223384494623,0.1803547485760906,-0.056620042770898764,3,730,93792.0,128.48219178082192,29.52338053023385,0.0
P01417,Trending,Continuous,HoltWinters7,0.15020783145575717,1.8214961865269481,2.3682688984077025,0.13719026492068895,-0.09959605582488702,3,730,7601.0,10.412328767123288,2.121446125654554,0.0
P01418,Seasonal,Continuous,HoltWinters7,0.15153733378634324,1.6623267606056695,2.0046092050837996,0.1461105818142344,-0.05615829226602281,3,730,8023.0,10.990410958904109,2.503477109161122,0.0
P01419,Trending,Continuous,HoltWinters7,0.06477240133344234,4.8089834623530825,6.248103567005532,0.06339894504711562,-0.03189020787251225,3,730,51004.0,69.86849315068493,11.007627692231864,0.0
P01420,Trending,Continuous,HoltWinters7,0.1129343615918883,14.470047186206491,18.468640287978186,0.1066671375683233,-0.06545771053900996,3,730,78113.0,107.0041095890411,20.51815040688758,0.0
P01421,Seasonal,Continuous,HoltWinters7,0.08318991522320064,1.3343960935109103,1.5825834340761622,0.08401579737955722,-0.05627364687535319,3,730,13437.0,18.40684931506849,4.080494226471808,0.0
P01422,Stable,Continuous,HoltWinters7,0.05406236131327994,7.298379125749926,8.918558433874088,0.05331424454490046,-0.037595252899268815,3,730,106132.0,145.38630136986302,16.441151781370966,0.0
P01423,Trending,Continuous,HoltWinters7,0.15126189368350665,2.399607533272467,2.9663155851284078,0.14179064136368313,-0.07316118911316367,3,730,9871.0,13.521917808219179,2.6810694678015397,0.0
P01424,Volatile,Continuous,Naive,0.233908249279185,5.377777777777777,7.0386731733455905,0.2288592499146047,-0.08622303560693172,3,730,16758.0,22.956164383561642,6.250662215702152,0.0
P01425,Stable,Continuous,HoltWinters7,0.07893799084396726,18.884906930049976,23.2066905004571,0.07728634281243908,-0.026981803772027774,3,730,170603.0,233.7027397260274,29.675254098145533,0.0
P01426,Stable,Continuous,HoltWinters7,0.08987254672788621,18.087147674282438,22.546432146807764,0.08954519046305114,-0.010857471549892597,3,730,145490.0,199.3013698630137,25.62614241503457,0.0
P01427,Trending,Continuous,HoltWinters7,0.16313706770154163,2.345611242033261,2.8730710707856844,0.15864998111626868,-0.06523393678747728,3,730,9382.0,12.852054794520548,2.5255951553298908,0.0
P01428,Volatile,Continuous,SES,0.19297177858742545,47.13574002421719,59.25136739874285,0.19219164495536925,-0.056410815454414044,3,730,163486.0,223.95342465753424,53.90496662843888,0.0
P01429,Seasonal,Continuous,HoltWinters7,0.0669292794587849,4.035817964462815,5.065941863030219,0.06607729711452781,-0.05291741244623588,3,730,48266.0,66.11780821917809,12.778361151103283,0.0
P01430,Volatile,Continuous,SES,0.20379796025967792,10.90554542338137,13.934256954532787,0.20140753532051633,-0.09609277674194905,3,730,35343.0,48.415068493150685,11.628994689353599,0.0
P01431,Trending,Continuous,HoltWinters7,0.07207461049553905,10.724987593714133,13.300227630848214,0.06983002486397129,-0.03810849170266859,3,730,103022.0,141.1260273972603,22.897529397503487,0.0
P01432,Seasonal,Continuous,HoltWinters7,0.061435628474869004,13.999911073813399,17.49041947722468,0.062385392919079054,-0.03875995710874873,3,730,186306.0,255.21369863013697,50.359648409688695,0.0
P01433,Stable,Continuous,HoltWinters7,0.04392817701328483,3.664840162923767,4.60812120481301,0.04412423543300398,-0.0011857767748602605,3,730,65555.0,89.8013698630137,10.357280007304418,0.0
P01434,Intermittent,Intermittent,RollingMean28,1.243667120499085,26.651587301587302,28.6246141815791,0.6585382068882285,-0.07733839874967159,3,730,15231.0,20.864383561643837,29.21599177754212,0.6575342465753424
P01435,Trending,Continuous,HoltWinters7,0.14226190235943434,1.141483680095382,1.414940872881246,0.13802014208393645,-0.0321313075177211,3,730,4869.0,6.66986301369863,1.3278885672572958,0.0
P01436,Seasonal,Continuous,HoltWinters7,0.1296382375644591,3.366211877832957,4.182756189554493,0.12546789752396806,-0.04769296709909207,3,730,18837.0,25.804109589041097,6.075314651002619,0.0
P01437,Stable,Continuous,SeasonalNaive7,0.08172695955562763,1.5555555555555556,1.9543489508599254,0.07961460195262411,-0.049238637730365575,3,730,14662.0,20.084931506849315,3.0614946201865516,0.0
P01438,Trending,Continuous,HoltWinters7,0.0667093061404151,13.56741027371894,18.218214883925906,0.06513956782849452,-0.022957678316459406,3,730,136845.0,187.45890410958904,32.781591473540715,0.0
P01439,Seasonal,Continuous,HoltWinters7,0.14354931597001197,2.5902791081057477,3.1533683634777403,0.1472848923342673,-0.03084463837953069,3,730,13063.0,17.894520547945206,4.216513047542776,0.0
P01440,Trending,Continuous,HoltWinters7,0.07705165486986816,29.33477278199689,37.00770029659372,0.07349524292082606,-0.053006622424793835,3,730,252266.0,345.56986301369864,58.19746595752221,0.0
P01441,Trending,Continuous,HoltWinters7,0.11486484804185164,30.474904633952928,38.09706239791873,0.1086071380303441,-0.0990747911085872,3,730,161613.0,221.3876712328767,43.20508545108461,0.0
P01442,Trending,Continuous,HoltWinters7,0.16008874976332663,1.8642245104003887,2.2992416964813263,0.1533337690744406,-0.07785937343423045,3,730,7210.0,9.876712328767123,1.95522728361048,0.0
P01443,Intermittent,Intermittent,Naive,1.0,123.34444444444443,229.01556074904502,1.0,-1.0,3,730,109316.0,149.74794520547945,212.89539547106608,0.6643835616438356
P01444,Seasonal,Continuous,HoltWinters7,0.09528278368171061,0.9308690285496085,1.124232463361047,0.09625086359354597,-0.06650323359528933,3,730,8130.0,11.136986301369863,2.491219524370536,0.0
P01445,Volatile,Continuous,SES,0.17466793803814262,39.60391671272563,52.43651598405639,0.16447048565808084,-0.06498184184983967,3,730,151051.0,206.9191780821918,47.81497592288389,0.0
P01446,Stable,Continuous,SeasonalNaive7,0.13716611257594866,0.37777777777777777,0.6523608594756216,0.10388888888888888,-0.12201459742443349,3,730,1808.0,2.4767123287671233,0.5880661730224584,0.0
P01447,Intermittent,Intermittent,SeasonalNaive7,1.2552960124605985,101.5111111111111,143.67220429768824,0.6759964994117862,-0.10565361055376876,3,730,53098.0,72.73698630136987,101.3695347762545,0.6547945205479452
P01448,Stable,Continuous,HoltWinters7,0.0882171728962854,8.799978255737237,10.638456540830054,0.08599966117529202,-0.045329041842251706,3,730,71401.0,97.80958904109589,12.546021337794087,0.0
P01449,Volatile,Continuous,SES,0.1995610761110951,35.656014178855926,44.79634886269812,0.2072570073757418,-0.052093312472387084,3,730,120516.0,165.0904109589041,39.24615492121161,0.0
P01450,Trending,Continuous,HoltWinters7,0.06571136467901458,5.7566046445220485,7.49469558835775,0.06419093479075742,-0.033168033441269396,3,730,58366.0,79.95342465753424,13.60476881403509,0.0
P01451,Seasonal,Continuous,HoltWinters7,0.06388516026827246,14.22296132998081,17.392806521984184,0.063999563317123,-0.03381445941583756,3,730,182180.0,249.56164383561645,49.09716753662972,0.0
P01452,Trending,Continuous,HoltWinters7,0.08297596566188696,9.033154672037837,10.883251258812178,0.07995922000086957,-0.051097690372944586,3,730,73024.0,100.03287671232877,16.71569787652261,0.0
P01453,Stable,Continuous,HoltWinters7,0.08071658955816559,14.601121192428328,18.606900412624476,0.07917589702552158,-0.009163993978596024,3,730,130368.0,178.586301369863,22.412551078245812,0.0
P01454,Seasonal,Continuous,HoltWinters7,0.07091694966391784,16.57145774848637,20.184897469058782,0.07108493752165805,-0.037941516589183134,3,730,186813.0,255.9082191780822,50.23771817483525,0.0
P01455,Trending,Continuous,HoltWinters7,0.14032944341166412,3.3768862646728537,4.2949272668687675,0.13131358837701623,-0.05978709015078659,3,730,14860.0,20.356164383561644,4.045929258761862,0.0
P01456,Stable,Continuous,HoltWinters7,0.07692644720764198,15.195552221996065,19.283040007094776,0.07559654610118029,-0.033241062389489234,3,730,142556.0,195.2821917808219,24.003996823493047,0.0
P01457,Stable,Continuous,HoltWinters7,0.04526256956529103,14.776697469466077,18.115025383633913,0.04437131481991055,-0.02505875969015099,3,730,252410.0,345.7671232876712,37.130519264467296,0.0
P01458,Intermittent,Intermittent,SeasonalNaive7,1.148781353097012,86.39999999999999,126.46709543521943,0.7479685745364818,-0.30508115822844334,3,730,54462.0,74.6054794520548,97.63366468704577,0.626027397260274
P01459,Stable,Continuous,HoltWinters7,0.13515936124336625,3.772843369807818,4.504225356963651,0.13827145652011427,-0.02231552475361767,3,730,18420.0,25.232876712328768,4.305929646656284,0.0
P01460,Trending,Continuous,HoltWinters7,0.06843967362086671,15.584352321923392,20.18393698903311,0.0663719459597696,-0.051456237584738246,3,730,153317.0,210.02328767123288,35.59108186776506,0.0
P01461,Stable,Continuous,HoltWinters7,0.06560967527994928,1.1569239253202503,1.381935487925836,0.06511887650903293,-0.018768429391362033,3,730,13417.0,18.37945205479452,2.693255250065499,0.0
P01462,Stable,Continuous,HoltWinters7,0.0519207642930516,18.709372473894774,22.301873175067765,0.05136488594176016,-0.022941374733539566,3,730,280768.0,384.613698630137,41.2654936278908,0.0
P01463,Volatile,Continuous,Naive,0.2208764273523185,2.788888888888889,3.4508802080575123,0.2511625334191292,0.020021868793682538,3,730,9078.0,12.435616438356165,3.465976896517299,0.0
P01464,Trending,Continuous,HoltWinters7,0.07898107498886847,18.321989863798567,22.452512252492458,0.07681446696065448,-0.030008821282911078,3,730,156212.0,213.9890410958904,36.722888291315954,0.0
P01465,Stable,Continuous,HoltWinters7,0.09332862690040948,11.614543510282013,14.160267169326206,0.09204171240876778,-0.04782898521922687,3,730,91382.0,125.18082191780822,15.88522497282865,0.0
P01466,Stable,Continuous,HoltWinters7,0.1337563833664432,3.7714689703536144,4.455766911567068,0.13529899821931515,-0.016059998232696673,3,730,18539.0,25.395890410958906,4.271734976988314,0.0
P01467,Stable,Continuous,RollingMean28,0.10256983313108804,25.35000000000001,33.36689361398998,0.1000765319924878,-0.026094812352490605,3,730,177367.0,242.96849315068494,30.63789747659991,0.0
P01468,Stable,Continuous,HoltWinters7,0.05583283866599154,0.9330492409562133,1.135290459378514,0.055791393735399736,0.001493517480850601,3,730,12826.0,17.56986301369863,2.6070856773049216,0.0
P01469,Trending,Continuous,HoltWinters7,0.11161388739648032,29.73916650241158,37.45066119459831,0.10523759109498598,-0.08528515185647989,3,730,162066.0,222.0082191780822,41.78503270808273,0.0
P01470,Stable,Continuous,HoltWinters7,0.05425192301562185,23.48274958071006,29.568385897038137,0.05423729188653412,-0.014152391580438092,3,730,337211.0,461.9328767123288,50.07746688811156,0.0
P01471,Trending,Continuous,HoltWinters7,0.08567642489149337,5.414530414349905,6.61519984653651,0.08225552977176992,-0.06436859166148631,3,730,42692.0,58.48219178082192,9.747868712444221,0.0
P01472,Stable,Continuous,HoltWinters7,0.04583847554139361,6.16255369730245,7.736172250931088,0.0454164342949173,-0.012900039478266151,3,730,102899.0,140.95753424657534,14.983195138984863,0.0
P01473,Stable,Continuous,HoltWinters7,0.08205284275384635,15.457490704908466,19.362864852077923,0.08279895807286979,0.0005881544334999158,3,730,136366.0,186.8027397260274,23.916395146809016,0.0
P01474,Stable,Continuous,HoltWinters7,0.06222473524069111,1.509562136112792,1.8369101459966342,0.062397425430353926,-0.004691636860461026,3,730,18612.0,25.495890410958904,3.8572767480641326,0.0
P01475,Stable,Continuous,HoltWinters7,0.061177546223204794,1.5441298038581213,1.829745263157726,0.061223323105507925,-0.019548989687708764,3,730,19271.0,26.398630136986302,3.940399356930035,0.0
P01476,Trending,Continuous,HoltWinters7,0.07873273107838155,23.946804919884105,29.8133075024937,0.07542132059733535,-0.051175964776600004,3,730,204599.0,280.27260273972604,48.00675466954962,0.0
P01477,Trending,Continuous,HoltWinters7,0.10443927309148698,4.934722648596537,6.368123105112531,0.09782010426244979,-0.06618275540244177,3,730,29640.0,40.602739726027394,7.63922396755982,0.0
P01478,Trending,Continuous,HoltWinters7,0.07312284198706219,24.124601410905267,30.44194206269981,0.07125922306952119,-0.031494802143969026,3,730,217888.0,298.4767123287671,51.944072806613896,0.0
P01479,Intermittent,Intermittent,Naive,1.0,45.91111111111112,79.75382547625465,1.0,-1.0,3,730,35250.0,48.28767123287671,68.26085274803576,0.6616438356164384
P01480,Stable,Continuous,HoltWinters7,0.06697858138676505,0.6571709165123841,0.8010759730195124,0.06654186090988522,-0.022498841298615086,3,730,7548.0,10.33972602739726,1.5911914358326122,0.0
P01481,Stable,Continuous,HoltWinters7,0.08741508487565801,17.80422900727351,21.27290038014883,0.08756183378585836,-0.018808053346054673,3,730,147747.0,202.3931506849315,25.293019845114504,0.0
P01482,Trending,Continuous,HoltWinters7,0.15057303372071532,0.8781661539212814,1.1162829010206419,0.141031762765138,-0.07733385662999749,3,730,3505.0,4.801369863013699,1.006289296542529,0.0
P01483,Seasonal,Continuous,HoltWinters7,0.062387997508249915,14.705869987006784,18.75017558969955,0.06210009108265633,-0.032918306633565465,3,730,191559.0,262.4095890410959,51.468910440608354,0.0
P01484,Stable,Continuous,HoltWinters7,0.1337538449565078,2.168743254854792,2.58935520261519,0.13419475575229844,-0.020163870069998844,3,730,10409.0,14.258904109589041,2.5032399097294094,0.0
P01485,Seasonal,Continuous,HoltWinters7,0.07219829480432388,1.2217582890639027,1.6135612975361742,0.07115433953000998,-0.041945990211806373,3,730,13991.0,19.165753424657535,4.232434666225036,0.0
P01486,Stable,Continuous,SeasonalNaive7,0.08528292469898309,0.37777777777777777,0.6085806194501845,0.08148148148148149,-0.03419427288040427,3,730,3342.0,4.578082191780822,0.7143918486376042,0.0
P01487,Stable,Continuous,HoltWinters7,0.06402121506708693,0.7073625161627252,0.8825259190457927,0.0629834240250895,-0.019311579603779702,3,730,8521.0,11.672602739726027,1.7656810880772271,0.0
P01488,Trending,Continuous,HoltWinters7,0.08495206464503148,8.446636504507245,10.478696651683626,0.08276088474966577,-0.03831786589639485,3,730,65574.0,89.82739726027397,15.697773690577783,0.0
P01489,Seasonal,Continuous,HoltWinters7,0.07222077912206828,1.939649256859674,2.495960424722672,0.07212567965846119,-0.044849709931674864,3,730,21763.0,29.812328767123287,6.483416540887647,0.0
P01490,Stable,Continuous,HoltWinters7,0.07682731396230051,1.8399389222784812,2.174246089742763,0.0768266440747258,-0.033152076645605724,3,730,18352.0,25.13972602739726,3.646173171971885,0.0
P01491,Stable,Continuous,SES,0.13217040742478006,2.2486799731258853,2.952978047736361,0.1228794754134075,-0.05906782070252183,3,730,11111.0,15.22054794520548,2.620875302959907,0.0
P01492,Seasonal,Continuous,SeasonalNaive7,0.08773260464728562,0.6666666666666666,0.9826289051424709,0.08253086419753086,-0.07823787514743154,3,730,6224.0,8.526027397260274,1.8899798880677239,0.0
P01493,Stable,Continuous,HoltWinters7,0.13436195089824832,4.34654051973715,5.160310995051621,0.13496240575010057,-0.010955085193159174,3,730,21067.0,28.85890410958904,4.940589025835413,0.0
P01494,Stable,Continuous,HoltWinters7,0.13033540993940157,1.7203610507885247,2.0544030618579368,0.1299939657702943,-0.0324664159066493,3,730,8636.0,11.830136986301369,2.0092164140512496,0.0
P01495,Trending,Continuous,HoltWinters7,0.07861942341125479,6.879951041154615,8.274496322960205,0.07662831806197264,-0.04705412135400011,3,730,58708.0,80.42191780821918,14.006957379371467,0.0
P01496,Stable,Continuous,HoltWinters7,0.04846151807359724,13.584622045534823,16.991595519400054,0.04821743923264437,-0.018870658489358306,3,730,217270.0,297.63013698630135,32.67296775095177,0.0
P01497,Stable,Continuous,HoltWinters7,0.04617312556910739,12.458099174649902,15.558285817805585,0.045676984915911135,-0.012022429828878786,3,730,209905.0,287.541095890411,32.773639979949955,0.0
P01498,Seasonal,Continuous,HoltWinters7,0.0699524504219196,1.342101989126868,1.6835291429037262,0.0690783765576697,-0.0494689910241575,3,730,15851.0,21.713698630136985,4.303181426475225,0.0
P01499,Seasonal,Continuous,HoltWinters7,0.09355012486302218,0.722613499588657,0.8642455057900383,0.09510969363128073,-0.03627355453687469,3,730,6478.0,8.873972602739727,1.9676413429959085,0.0
P01500,Volatile,Continuous,SES,0.1959675278038692,58.192419619351405,76.37268688989214,0.1916617274989226,-0.05717259556192433,3,730,200459.0,274.6013698630137,65.28713616795068,0.0
P01501,Seasonal,Continuous,HoltWinters7,0.06794362641275395,4.339792167389102,5.2722627292590944,0.06836845841447384,-0.041296879828403014,3,730,51410.0,70.42465753424658,13.708325355014555,0.0
P01502,Seasonal,Continuous,HoltWinters7,0.07062040415613814,3.400293244438686,4.202691306202941,0.06977506262674026,-0.027413059965138962,3,730,38863.0,53.23698630136986,10.519822648018618,0.0
P01503,Volatile,Continuous,SES,0.2559558477968127,4.379263276378586,5.662211599303319,0.2486483393862029,-0.07518573119983492,3,730,12578.0,17.23013698630137,4.7847117335872245,0.0
P01504,Stable,Continuous,HoltWinters7,0.07551180059761663,1.9038387086832216,2.4160109104848906,0.07778113853846658,-0.001585479494821456,3,730,19392.0,26.564383561643837,3.984791728581102,0.0
P01505,Stable,Continuous,HoltWinters7,0.06231955035747775,0.9092847645537415,1.14894967726688,0.06309765857638851,0.0066152918467043825,3,730,11397.0,15.612328767123287,2.31867501575011,0.0
P01506,Volatile,Continuous,RollingMean28,0.16794803067079953,5.068253968253969,6.92281191542397,0.17020836519877972,-0.04282433535309296,3,730,22647.0,31.023287671232875,7.695027531464633,0.0
P01507,Seasonal,Continuous,SeasonalNaive7,0.07204726624281917,14.122222222222222,16.78952566074009,0.07116166171243228,-0.04110667906909394,3,730,160338.0,219.64109589041095,42.88380266526415,0.0
P01508,Seasonal,Continuous,HoltWinters7,0.06911850683806248,2.6087003558798565,3.2631652066443935,0.07020541289918461,-0.04143120753255277,3,730,30943.0,42.38767123287671,8.471309527126484,0.0
P01509,Stable,Continuous,HoltWinters7,0.04944895105387748,13.876655705039454,17.017754211427757,0.048796521083001504,-0.015730246959460115,3,730,220980.0,302.71232876712327,34.00604297627276,0.0
P01510,Intermittent,Intermittent,Naive,1.0646228710462287,95.03333333333335,145.09061045452336,0.7058781259672928,-0.2788321167883212,3,730,55237.0,75.66712328767123,108.70663830324214,0.6684931506849315
P01511,Volatile,Continuous,SES,0.1923435287839098,19.305591015970062,24.598654163066296,0.18814684097045278,-0.06245857014140693,3,730,67130.0,91.95890410958904,21.443029670061126,0.0
P01512,Trending,Continuous,HoltWinters7,0.07281811452248056,29.05835867081284,36.30831305399101,0.07163452311527375,-0.032287299245426636,3,730,267038.0,365.8054794520548,62.58174766976538,0.0
P01513,Trending,Continuous,HoltWinters7,0.10954880222344178,14.53003986625861,19.280744824962515,0.10068961891262114,-0.08838812443739295,3,730,79917.0,109.47534246575343,21.15019306985538,0.0
P01514,Stable,Continuous,Naive,0.1253008931536539,0.6333333333333334,0.8663795068281758,0.14253968253968255,0.029978501389544332,3,730,3287.0,4.502739726027397,0.8118587122479343,0.0
P01515,Trending,Continuous,Naive,0.22016557325835676,0.6333333333333333,0.8109184569592319,0.21018518518518517,-0.13769134645423306,3,730,1762.0,2.4136986301369863,0.5797958745130679,0.0
P01516,Trending,Continuous,HoltWinters7,0.1691350666923858,3.235402151235327,3.8327717712914953,0.16713781241218026,-0.05924570376892536,3,730,12143.0,16.634246575342466,3.187196573280407,0.0
P01517,Trending,Continuous,HoltWinters7,0.06982745034656221,23.872444049530895,29.59474464499108,0.06775272514070856,-0.03309601782347212,3,730,230034.0,315.11506849315066,52.00156078493583,0.0
P01518,Stable,Continuous,HoltWinters7,0.09601721230734594,14.874567571109473,17.53083368923771,0.09416140021731297,-0.046248562641898104,3,730,111849.0,153.2178082191781,19.679613806654892,0.0
P01519,Trending,Continuous,Holt,0.17599848347795888,7.5299856517142745,9.620477176674946,0.16112930584247753,-0.11958845065590484,3,730,26150.0,35.821917808219176,7.281226147049927,0.0
P01520,Stable,Continuous,SES,0.08522637888797317,6.9627446531510335,8.881027393326148,0.08129346174456133,-0.04468566038579591,3,730,59763.0,81.86712328767123,10.230680274237299,0.0
P01521,Seasonal,Continuous,HoltWinters7,0.16246044606933294,1.5790754660354522,1.89920439157296,0.16245459833710055,-0.06877585008118854,3,730,7137.0,9.776712328767124,2.3024422262453377,0.0
P01522,Trending,Continuous,HoltWinters7,0.12183352167769856,9.318023696771816,11.721112122498681,0.1153666454405133,-0.09630526423335369,3,730,46672.0,63.93424657534246,12.219351168715328,0.0
P01523,Stable,Continuous,SeasonalNaive7,0.06470644823586,0.41111111111111104,0.684247888773152,0.06074074074074074,-0.04229182582123758,3,730,4886.0,6.693150684931507,1.0391946822843854,0.0
P01524,Trending,Continuous,HoltWinters7,0.148570581453394,2.0775512692013605,2.6052999261702587,0.14289630089702476,-0.04622063256601411,3,730,8510.0,11.657534246575343,2.3594608791236613,0.0
P01525,Seasonal,Continuous,HoltWinters7,0.07055594811542522,15.640797422008356,19.37298221364989,0.07085930110947318,-0.013892116499717675,3,730,182402.0,249.86575342465753,49.48251889347762,0.0
P01526,Stable,Continuous,HoltWinters7,0.054072222339527444,1.4188879139612671,1.7578967992908758,0.05307866389823971,-0.014204914173231548,3,730,20194.0,27.663013698630138,4.064483892690563,0.0
P01527,Stable,Continuous,Naive,0.06803313818275922,1.9333333333333336,2.4262824228259405,0.06672467366475067,-0.030472476781824357,3,730,21657.0,29.667123287671235,4.398857402290354,0.0
P01528,Stable,Continuous,Naive,0.07639008160595524,0.6222222222222222,0.9010985389475179,0.07675164341831009,-0.008729822913640013,3,730,6291.0,8.617808219178082,1.3138329631564225,0.0
P01529,Volatile,Continuous,SES,0.2096487829283844,56.00522785557649,70.32200259844818,0.20432278373587356,-0.051179181559892095,3,730,183703.0,251.64794520547946,60.52459874617259,0.0
P01530,Seasonal,Continuous,HoltWinters7,0.05982055602423744,6.1976078954192815,7.7965701520447395,0.05917975306393262,-0.024853144303390914,3,730,85042.0,116.4958904109589,23.426928324951867,0.0
P01531,Volatile,Continuous,Naive,0.18515083608011676,0.8777777777777778,1.0899056103075864,0.20899470899470898,0.05204439003546202,3,730,3811.0,5.220547945205479,1.2773707246550035,0.0
P01532,Stable,Continuous,HoltWinters7,0.05417683837023663,13.477915168551107,16.548206235388477,0.05413578425702839,-0.030998281367416183,3,730,195062.0,267.2082191780822,30.13445750399802,0.0
P01533,Intermittent,Intermittent,Naive,1.0,121.67777777777779,201.02264002399974,1.0,-1.0,3,730,88838.0,121.69589041095891,164.54235693549083,0.6410958904109589
P01534,Seasonal,Continuous,HoltWinters7,0.09220382843987995,0.5429936943734176,0.6038715653063375,0.09351137017317313,-0.02631343455043453,3,730,4900.0,6.712328767123288,1.534061842099369,0.0
P01535,Volatile,Continuous,RollingMean28,0.1851914703204068,2.63015873015873,3.289563389508171,0.1830657534418776,-0.05420953818693305,3,730,10825.0,14.82876712328767,3.6306869001359607,0.0
P01536,Volatile,Continuous,SES,0.24229566567319205,2.405488067419421,3.1520053390787948,0.23283853472687377,-0.0784749000331888,3,730,7267.0,9.954794520547946,2.6349732402672834,0.0
P01537,Volatile,Continuous,SES,0.23566989586388232,5.568339486922288,7.499486290562019,0.23422699422159157,-0.07284368896496855,3,730,16712.0,22.893150684931506,6.3243021761828935,0.0
P01538,Stable,Continuous,HoltWinters7,0.041177383932172594,9.526949961564476,12.239652563929633,0.04065854729460731,-0.009022383609463351,3,730,179536.0,245.93972602739726,26.529207134789313,0.0
P01539,Trending,Continuous,HoltWinters7,0.1611697041076265,6.7030280916453995,8.336585436699403,0.1530706880118143,-0.09732854088740321,3,730,25681.0,35.179452054794524,7.0708245184084495,0.0
P01540,Seasonal,Continuous,HoltWinters7,0.07483620067136108,2.4632456146424424,2.924604311118283,0.07533680748382711,-0.05627525119724674,3,730,26782.0,36.68767123287671,7.199374024104585,0.0
P01541,Trending,Continuous,HoltWinters7,0.08600017281445317,23.07443694309839,28.047125575213983,0.0848555419296645,-0.03599538423310774,3,730,179232.0,245.52328767123288,42.0401549522384,0.0
P01542,Trending,Continuous,HoltWinters7,0.14869199752437934,3.1676324706384964,3.880785202467504,0.1424099481334761,-0.05976564742187254,3,730,13121.0,17.973972602739725,3.5332062791528807,0.0
P01543,Stable,Continuous,HoltWinters7,0.06234817208717366,9.582087993399776,11.681295914190628,0.061797653280611355,-0.01831185413962422,3,730,119020.0,163.04109589041096,18.901040649066882,0.0
P01544,Seasonal,Continuous,HoltWinters7,0.08102798948218387,0.7754794535499744,0.9502373916036232,0.08166536901178834,-0.05282074327941085,3,730,8002.0,10.961643835616439,2.4357099920052043,0.0
P01545,Trending,Continuous,HoltWinters7,0.10400914688306177,30.587386489780815,37.27617449392946,0.1013485985725084,-0.046265755729061143,3,730,179222.0,245.5095890410959,47.244634229504996,0.0
P01546,Stable,Continuous,HoltWinters7,0.05051100031764872,12.559518699994888,15.677601727096699,0.050213627447055126,-0.03286133962156728,3,730,195019.0,267.14931506849314,30.56883492939134,0.0
P01547,Stable,Continuous,HoltWinters7,0.08440757169346481,20.79194709714663,24.366270745938753,0.08326800445388316,-0.01207877920149071,3,730,177567.0,243.24246575342465,30.59725736926062,0.0
P01548,Stable,Continuous,HoltWinters7,0.04398326327924925,10.243551330433066,12.284394916981505,0.043800060592777856,-0.015598131160359222,3,730,181015.0,247.96575342465752,28.329971813073076,0.0
P01549,Trending,Continuous,HoltWinters7,0.16187645754121985,5.544411475425036,6.684066180598986,0.15602643665207508,-0.06718760053065954,3,730,21671.0,29.686301369863013,5.9843374690390885,0.0
P01550,Trending,Continuous,HoltWinters7,0.0797425843327494,18.369538907603594,23.320188877234248,0.07690012339419011,-0.05626221248740903,3,730,157965.0,216.3904109589041,36.24618106513002,0.0
P01551,Trending,Continuous,HoltWinters7,0.10579698420669202,35.021570227273116,44.366555089175684,0.10146123938132046,-0.0781849992273671,3,730,201161.0,275.56301369863013,53.00060306318731,0.0
P01552,Stable,Continuous,HoltWinters7,0.05082453576915471,5.028208074289452,6.21918116001948,0.0502811425746027,-0.020246305549552795,3,730,77757.0,106.51643835616439,12.119676591621381,0.0
P01553,Volatile,Continuous,SES,0.21035489248978947,26.442305437858057,32.89478870881023,0.2165126561186489,-0.014114679725427856,3,730,88343.0,121.01780821917808,27.474012374563763,0.0
P01554,Trending,Continuous,HoltWinters7,0.1146343356560594,15.540026710707195,20.513172903418234,0.10623281131006425,-0.09413280652631756,3,730,82679.0,113.25890410958904,22.54232620375864,0.0
P01555,Volatile,Continuous,SES,0.23627541549044154,3.7802968529756256,4.731521927594691,0.22961775637079293,-0.10433486856991507,3,730,11213.0,15.360273972602739,4.289305926312551,0.0
P01556,Volatile,Continuous,SES,0.24612666540737338,2.418946130549837,3.03531005216974,0.2516627927469212,-0.017045555577983682,3,730,7383.0,10.113698630136986,2.6624356902654416,0.0
P01557,Seasonal,Continuous,HoltWinters7,0.07584280607950206,21.00192975008834,24.223832480710268,0.07623960114952384,-0.05590516452066286,3,730,222262.0,304.46849315068494,59.2733522054971,0.0
P01558,Stable,Continuous,HoltWinters7,0.0821162071144425,0.8623164938804732,1.0457760590226373,0.08058054595963116,-0.03134038763138799,3,730,8024.0,10.991780821917809,1.6488557303126261,0.0
P01559,Trending,Continuous,HoltWinters7,0.11183317474035037,5.621551809400355,7.105333945113976,0.10684931158000206,-0.0692279190126344,3,730,31787.0,43.54383561643836,8.258769065363106,0.0
P01560,Volatile,Continuous,SES,0.18335924260687708,32.57011416463584,41.83766883788795,0.17306439020840178,-0.10070564740582126,3,730,116170.0,159.13698630136986,38.17475342240296,0.0
P01561,Seasonal,Continuous,SeasonalNaive7,0.10122938064114534,0.3444444444444444,0.5596600137969118,0.10092592592592593,-0.06611162983712003,3,730,2684.0,3.6767123287671235,0.8824645231128946,0.0
P01562,Trending,Continuous,HoltWinters7,0.1541990399032671,1.1492896089249964,1.5105087830004218,0.1409245547202356,-0.07367867543327385,3,730,4434.0,6.073972602739726,1.2978855228887025,0.0
P01563,Trending,Continuous,HoltWinters7,0.06763698949631256,12.74686765138931,16.163126831790255,0.06547162409619373,-0.03545244779933458,3,730,123178.0,168.73698630136985,29.784214832394923,0.0
P01564,Volatile,Continuous,SES,0.15010914697067673,2.111292873426787,2.667567740187614,0.15426262862673265,-0.026867751286113937,3,730,10961.0,15.015068493150684,3.79856919250581,0.0
P01565,Stable,Continuous,HoltWinters7,0.0910035380501466,10.721434902656162,12.978558995396911,0.08896243519596074,-0.046056586666373585,3,730,86031.0,117.85068493150685,15.139711707508395,0.0
P01566,Seasonal,Continuous,HoltWinters7,0.08639851071344172,1.9720517733406189,2.3107818377820695,0.08688032879175138,-0.0465597894598051,3,730,18506.0,25.350684931506848,5.514194758756307,0.0
P01567,Stable,Continuous,HoltWinters7,0.04801712771590869,17.312969230381132,21.55687624146797,0.0476558765052203,-0.01868862386427993,3,730,278755.0,381.85616438356163,41.690345490035995,0.0
P01568,Stable,Continuous,SES,0.14457588202139862,2.275919734829779,2.7608218344908533,0.13955094226239873,-0.056490927754319555,3,730,10404.0,14.252054794520548,2.4075845854482645,0.0
P01569,Seasonal,Continuous,HoltWinters7,0.06747777866370987,7.323550199461065,9.292398987772401,0.06768294507747664,-0.027446609173421493,3,730,86791.0,118.8917808219178,22.715888539971306,0.0
P01570,Seasonal,Continuous,HoltWinters7,0.06637526281104077,6.508710173460574,8.030199050810706,0.06615226597504771,-0.04058052756358082,3,730,81508.0,111.65479452054795,22.3401503083874,0.0
P01571,Stable,Continuous,HoltWinters7,0.04508088199274233,10.096077744649717,12.921585081486084,0.04464945318807806,-0.02624988850039441,3,730,175146.0,239.92602739726027,26.866432962647323,0.0
P01572,Trending,Continuous,Naive,0.1537590579710145,0.7444444444444445,0.9651926723881581,0.16085978835978837,-0.02717391304347826,3,730,2975.0,4.075342465753424,0.8565539824237484,0.0
P01573,Intermittent,Intermittent,Naive,1.1662921348314608,16.5,23.621069986915046,0.7067408061482158,-0.23595505617977527,3,730,9431.0,12.919178082191781,17.815478216139812,0.6506849315068494
P01574,Trending,Continuous,HoltWinters7,0.10382337967847283,31.821904335383454,41.12172282998424,0.09830822496422864,-0.06406548541574865,3,730,190926.0,261.54246575342466,49.407368309741365,0.0
P01575,Trending,Continuous,HoltWinters7,0.14519748717008693,3.307923628806621,4.191829798629105,0.14213519740351324,-0.02650552957614705,3,730,13374.0,18.32054794520548,3.7985976368410523,0.0
P01576,Volatile,Continuous,SES,0.2085879238758678,1.1695661296261037,1.5881396326166801,0.21665743702039697,-0.05057533640264903,3,730,4087.0,5.598630136986301,1.621781874166757,0.0
P01577,Trending,Continuous,HoltWinters7,0.15163229758568045,1.773137434901902,2.2736008311912177,0.14419229800687847,-0.06593690621045145,3,730,7180.0,9.835616438356164,1.981489779353598,0.0
P01578,Stable,Continuous,HoltWinters7,0.0519828428645944,13.925715297588292,17.30350513366206,0.051324718110554675,-0.03364016950930419,3,730,208307.0,285.35205479452054,31.80980260431348,0.0
P01579,Trending,Continuous,HoltWinters7,0.07710403399174466,27.214293987650397,33.490148796187626,0.07398559124181149,-0.0507008563311219,3,730,236092.0,323.413698630137,54.08423373626637,0.0
P01580,Stable,Continuous,HoltWinters7,0.052780568841180035,10.920106122839949,13.562327620625885,0.052277355701488025,-0.03575060527700658,3,730,161732.0,221.55068493150685,24.725006769457192,0.0
P01581,Stable,Continuous,HoltWinters7,0.14163307665051852,2.517500836508765,3.062144710668593,0.14759000667874347,-0.01759565644068217,3,730,11610.0,15.904109589041095,2.699206729789536,0.0
P01582,Seasonal,Continuous,HoltWinters7,0.06061683719635757,0.9158063747474566,1.199666585886402,0.05987490828887062,-0.019318727388084815,3,730,12458.0,17.065753424657533,3.6647664053876907,0.0
P01583,Trending,Continuous,HoltWinters7,0.07752100774338218,29.82172977900127,39.030783932147706,0.0768293227940563,-0.037104818089628705,3,730,263207.0,360.55753424657536,58.587021362252415,0.0
P01584,Trending,Continuous,HoltWinters7,0.08328816523819087,31.282408471118966,39.7880056309562,0.08223751064818857,-0.029039946678031548,3,730,257390.0,352.5890410958904,59.78152625275989,0.0
P01585,Trending,Continuous,HoltWinters7,0.1105006238670468,11.043308323329086,14.547214956059399,0.10308923044436409,-0.05696375875850506,3,730,60332.0,82.64657534246575,16.289005795074903,0.0
P01586,Stable,Continuous,HoltWinters7,0.14233292967292088,4.001012468527021,4.91947065516782,0.1516780779104615,-0.009803851756670888,3,730,18456.0,25.28219178082192,4.347692021812312,0.0
P01587,Trending,Continuous,HoltWinters7,0.07231776145709717,11.903128863676061,15.943449789084424,0.07084415505385892,-0.03338944516268899,3,730,111660.0,152.95890410958904,26.301010717806502,0.0
P01588,Seasonal,Continuous,SeasonalNaive7,0.09204397685424703,0.6777777777777777,0.9879442647826925,0.08601410934744268,-0.06690416036996742,3,730,6034.0,8.265753424657534,1.81309209074305,0.0
P01589,Stable,Continuous,HoltWinters7,0.08050775537703031,1.611909474667681,1.9076492260686964,0.07999135314012908,-0.04478299205884284,3,730,15605.0,21.376712328767123,3.1712451435915745,0.0
P01590,Intermittent,Intermittent,Naive,1.0,94.94444444444446,145.69698577005667,1.0,-1.0,3,730,62147.0,85.13287671232877,111.90608270162369,0.6287671232876713
P01591,Intermittent,Intermittent,Croston,1.45001536909951,224.0512223703819,234.7873479760682,0.6256122691243636,0.19042948181735478,3,730,115073.0,157.63424657534247,228.92231969642648,0.673972602739726
P01592,Stable,Continuous,HoltWinters7,0.08975175398441476,3.018288849721842,3.7441364219690527,0.08585141899489677,-0.052895548329413344,3,730,23907.0,32.74931506849315,4.1427088441335504,0.0
P01593,Seasonal,Continuous,SeasonalNaive7,0.15528715977024632,2.5555555555555554,3.596284872811705,0.14197573831923077,-0.12400570526730921,3,730,11970.0,16.397260273972602,3.855552801889639,0.0
P01594,Stable,Continuous,HoltWinters7,0.14713121595352238,4.776880401161829,5.553891813536521,0.1492457256776186,-0.04001447812106296,3,730,20712.0,28.372602739726027,4.978231358136795,0.0
P01595,Trending,Continuous,HoltWinters7,0.07947185310668563,49.31481137118487,61.45261576243795,0.07722200175434962,-0.05335343331869236,3,730,415725.0,569.486301369863,97.11309122351754,0.0
P01596,Trending,Continuous,HoltWinters7,0.07488778037602609,6.290769785002733,7.8981197069323,0.07163285607347585,-0.05253650430033291,3,730,57053.0,78.15479452054795,12.884604876543994,0.0
P01597,Volatile,Continuous,RollingMean28,0.19847919074242903,2.263492063492063,2.912969007557599,0.2037652836970064,-0.007682287406919143,3,730,9141.0,12.521917808219179,3.311481733145362,0.0
P01598,Trending,Continuous,HoltWinters7,0.14693617146395488,4.000200308319767,5.164644736799183,0.13468234111983843,-0.06222014204217224,3,730,16327.0,22.365753424657534,4.492845071775792,0.0
P01599,Seasonal,Continuous,SeasonalNaive7,0.15877819012627134,1.0222222222222221,1.5406373919631875,0.13884880551547218,-0.12259023318442924,3,730,4703.0,6.442465753424657,1.5307025031489792,0.0
P01600,Volatile,Continuous,SES,0.1912007351464533,59.402448783861765,72.63899895049497,0.19409395559111595,-0.039930441565660134,3,730,208668.0,285.84657534246577,67.21522069892673,0.0
P01601,Volatile,Continuous,SES,0.2538196764447991,7.305400087981934,10.040941311485316,0.23486496429954692,-0.1189555813337208,3,730,20045.0,27.458904109589042,7.381367853587123,0.0
P01602,Seasonal,Continuous,SeasonalNaive7,0.09091188619697392,0.5555555555555556,0.8342547240789923,0.08685626102292769,-0.06083089668615984,3,730,4983.0,6.826027397260274,1.5594771904763427,0.0
P01603,Volatile,Continuous,SES,0.21477653801003696,1.186342875661554,1.534592721245683,0.2043009758122872,-0.08612498320291408,3,730,4009.0,5.491780821917808,1.3978479858967472,0.0
P01604,Seasonal,Continuous,SeasonalNaive7,0.10587684278951114,0.4333333333333333,0.6842923955216943,0.10629629629629632,-0.035035230701302524,3,730,3283.0,4.497260273972603,1.0010245235625286,0.0
P01605,Volatile,Continuous,SES,0.26319589872723204,7.192400564460706,9.403171766926162,0.2612482725673771,-0.06077600920992082,3,730,19432.0,26.61917808219178,7.583294352258091,0.0
P01606,Seasonal,Continuous,HoltWinters7,0.05058719130954619,3.473184189686195,4.452406669021404,0.051005441551554155,-0.035613956936261106,3,730,56429.0,77.3,15.462565974056751,0.0
P01607,Trending,Continuous,HoltWinters7,0.15782445487762245,2.9197584251506874,3.6101357169133608,0.15090955823866273,-0.05772645762709877,3,730,11543.0,15.812328767123288,3.1992130893515105,0.0
P01608,Stable,Continuous,HoltWinters7,0.10045411719506751,12.318407964534963,15.314258948354606,0.09754297624949142,-0.05395932268025211,3,730,89003.0,121.92191780821918,15.485492538830982,0.0
P01609,Trending,Continuous,HoltWinters7,0.1408206451568838,3.806187634960594,5.048031581616438,0.1303679414303516,-0.055433682892491044,3,730,16244.0,22.252054794520546,4.489527811425005,0.0
P01610,Trending,Continuous,HoltWinters7,0.07788339714539431,4.13128149983402,5.022901065369778,0.07605023951298,-0.03475858449178279,3,730,35732.0,48.94794520547945,8.014392225270589,0.0
P01611,Stable,Continuous,HoltWinters7,0.07279005956475353,4.986817789981218,6.255638737138064,0.07205444833044518,-0.010748177495966377,3,730,48673.0,66.67534246575343,8.350521875248486,0.0
P01612,Trending,Continuous,HoltWinters7,0.06796661639035433,42.41030783182385,53.94095814516626,0.0661326070817756,-0.02965432860700007,3,730,422582.0,578.8794520547946,96.30057961827615,0.0
P01613,Trending,Continuous,HoltWinters7,0.0899065958187567,32.24537354917117,40.724770122007016,0.08840132056503021,-0.04732144318772615,3,730,243923.0,334.14109589041095,54.923996208993685,0.0
P01614,Volatile,Continuous,RollingMean28,0.16708505703977514,3.7817460317460316,4.8766544160860885,0.17105127250175553,-0.01956700391053712,3,730,17801.0,24.384931506849316,5.810311330674339,0.0
P01615,Seasonal,Continuous,Naive,0.10683760683760683,0.26666666666666666,0.4216370213557839,0.11111111111111112,-0.004273504273504268,3,730,1880.0,2.5753424657534247,0.622350256209526,0.0
P01616,Trending,Continuous,HoltWinters7,0.06959749056218272,17.36122915712764,21.439922027448713,0.0685955001165165,-0.030275645737943575,3,730,166933.0,228.67534246575343,38.37001387229612,0.0
P01617,Stable,Continuous,HoltWinters7,0.08554119419508166,14.692366781968124,18.455830389088245,0.08207864927692761,-0.04622427908893064,3,730,122098.0,167.25753424657535,21.41559447322177,0.0
P01618,Intermittent,Intermittent,SeasonalNaive7,1.2653886884559957,67.15555555555555,100.32624181477036,0.5814264842205252,0.16085481925619752,3,730,43545.0,59.65068493150685,79.41390179234449,0.6342465753424658
P01619,Seasonal,Continuous,SeasonalNaive7,0.06820349695744506,17.288888888888888,21.478859752019158,0.06634253174363722,-0.04235044808462462,3,730,208152.0,285.1397260273973,56.448548357967695,0.0
P01620,Intermittent,Intermittent,RollingMean28,1.4371126552049363,119.39126984126983,146.40974902425907,0.7836802203540416,-0.1354093269952134,3,730,82542.0,113.07123287671233,162.25979733901164,0.6684931506849315
P01621,Trending,Continuous,HoltWinters7,0.081544823248831,4.181584868130651,5.147009696880218,0.07995978380492992,-0.029166000201827507,3,730,35464.0,48.58082191780822,8.077448454479468,0.0
P01622,Volatile,Continuous,SES,0.2299917738281838,6.395439881296727,8.164651911716328,0.22665698216401187,-0.09043451610081071,3,730,19399.0,26.573972602739726,6.980720606878079,0.0
P01623,Seasonal,Continuous,SeasonalNaive7,0.06220150327378241,17.0,20.08617082690979,0.06119428758211191,-0.03490197284552892,3,730,219381.0,300.5219178082192,58.42059492395602,0.0
P01624,Stable,Continuous,HoltWinters7,0.07833707223178714,2.3641463500481232,2.9123181285257247,0.07721304089133395,-0.017151147825008945,3,730,21689.0,29.71095890410959,3.75227636967389,0.0
P01625,Seasonal,Continuous,SeasonalNaive7,0.14462352554621882,2.533333333333333,3.6309486192705207,0.13017398263769142,-0.11493846967662429,3,730,12503.0,17.127397260273973,3.9591799276247364,0.0
P01626,Stable,Continuous,HoltWinters7,0.0544305403885118,8.971057156805974,11.436939678856456,0.0538120515262221,-0.02559420623008322,3,730,127424.0,174.55342465753424,19.073477748260352,0.0
P01627,Volatile,Continuous,SES,0.21574202884011884,2.9063606352368043,3.7437949563973127,0.21542256914396632,-0.05023089917754752,3,730,9556.0,13.09041095890411,3.5385459020781833,0.0
P01628,Seasonal,Continuous,HoltWinters7,0.06993175325532176,4.572378498090113,5.460447776626698,0.06872529032767143,-0.055524808044657974,3,730,53425.0,73.18493150684931,14.471581073761492,0.0
P01629,Seasonal,Continuous,HoltWinters7,0.15164102311913044,2.7711183747958397,3.3500866051269096,0.1472221039608873,-0.06606461013025094,3,730,13262.0,18.167123287671235,4.2493622468165215,0.0
P01630,Stable,Continuous,HoltWinters7,0.0526820655163397,14.273827086016022,17.509115309183347,0.05184785313110472,-0.03517748747455354,3,730,212214.0,290.7041095890411,33.76937207933681,0.0
P01631,Intermittent,Intermittent,RollingMean28,1.2659413467737228,122.69682539682539,135.2467950634003,0.6770487406900344,-0.09630630749531603,3,730,71361.0,97.75479452054795,132.41415216294075,0.6424657534246575
P01632,Volatile,Continuous,SES,0.17150340890401483,0.7454084615951476,0.9688591205243391,0.17536796724084816,-0.05784332176841187,3,730,3275.0,4.486301369863014,1.1211662393294373,0.0
P01633,Intermittent,Intermittent,SeasonalNaive7,1.2051781384789775,143.11111111111111,212.62987374303756,0.6960509384468493,-0.14883375841349702,3,730,85004.0,116.44383561643835,161.13375829442262,0.6520547945205479
P01634,Trending,Continuous,HoltWinters7,0.07993355689808408,21.46730663194319,26.961349925733117,0.07718175291146027,-0.046059371041150654,3,730,175864.0,240.9095890410959,44.06473652840613,0.0
P01635,Stable,Continuous,HoltWinters7,0.07751458364918588,17.94545772376965,22.847889510994136,0.07400707384467356,-0.03127546637912969,3,730,163730.0,224.2876712328767,27.826219219485893,0.0
P01636,Seasonal,Continuous,SeasonalNaive7,0.16582888789901348,2.511111111111111,3.510303103857334,0.15223968925205072,-0.12675883313702582,3,730,10602.0,14.523287671232877,3.355094422895113,0.0
P01637,Stable,Continuous,Naive,0.07739960668091607,0.5555555555555556,0.7967398292795028,0.07972222222222221,-0.010265786664596857,3,730,5508.0,7.545205479452055,1.185768501811222,0.0
P01638,Stable,Continuous,HoltWinters7,0.14267336997755675,1.1834276246869904,1.4829946453600147,0.15049741822001175,-0.016310775595144506,3,730,5498.0,7.531506849315068,1.3082912459303504,0.0
P01639,Stable,Continuous,HoltWinters7,0.08043754492235898,16.361958558557095,20.642601360021022,0.0771616736543632,-0.03418109451862108,3,730,148184.0,202.9917808219178,25.135570702090618,0.0
P01640,Volatile,Continuous,SES,0.17672428017616815,17.105034454719007,21.30077590717173,0.17273539630431314,-0.06676244557070368,3,730,64140.0,87.86301369863014,20.754436660890683,0.0
P01641,Seasonal,Continuous,HoltWinters7,0.06643177775330868,14.642288164161435,17.735655014116997,0.06620187145178831,-0.038984149972196576,3,730,178595.0,244.65068493150685,48.11354774797303,0.0
P01642,Stable,Continuous,Naive,0.08952003361456418,5.555555555555556,6.712672638351538,0.0919856061142022,0.00845664932078515,3,730,44980.0,61.61643835616438,7.933416565919336,0.0
P01643,Trending,Continuous,HoltWinters7,0.07769353568091902,11.07090050712715,13.798917151156665,0.07626215518612466,-0.05021289403429546,3,730,98230.0,134.56164383561645,22.24109464138197,0.0
P01644,Stable,Continuous,HoltWinters7,0.041488874061254184,5.906776861053177,7.3780678911021935,0.04163639489259395,-0.006602420632056839,3,730,111669.0,152.97123287671232,17.45503318997461,0.0
P01645,Trending,Continuous,SES,0.16681084826254966,6.483148548453852,8.520667989763332,0.1554034158423386,-0.07872001197601962,3,730,24070.0,32.97260273972603,6.5923275076537315,0.0
P01646,Stable,Continuous,HoltWinters7,0.04184680210113848,18.909145226611898,24.235500696092743,0.04105939095492376,-0.011617620780855487,3,730,347677.0,476.2698630136986,51.600738994005084,0.0
P01647,Volatile,Continuous,SES,0.23435162266717433,1.8448240638732865,2.4209059128317434,0.21839212321875157,-0.12423550720760206,3,730,5645.0,7.732876712328767,2.117570028189262,0.0
P01648,Stable,Continuous,HoltWinters7,0.08276846343151915,8.383501559577377,10.57428431724435,0.08136919984408546,-0.034363086350698284,3,730,72606.0,99.46027397260274,12.402118715029342,0.0
P01649,Stable,Continuous,HoltWinters7,0.0461138349113998,4.464479613534576,5.50056899914892,0.04533092673952577,-0.028093488252909558,3,730,74462.0,102.0027397260274,11.078841691456088,0.0
P01650,Intermittent,Intermittent,Croston,1.3889300543458045,117.5186905800304,126.88922034725995,0.6776365191790544,0.02887699509728973,3,730,64636.0,88.54246575342465,129.5068581770841,0.6767123287671233
P01651,Trending,Continuous,SES,0.15360082421851537,3.1010969139033215,4.179724633666567,0.13719739967434316,-0.08371170498741982,3,730,12467.0,17.078082191780823,3.379626953843384,0.0
P01652,Seasonal,Continuous,HoltWinters7,0.08496953483171026,2.0511783958520384,2.5835437752630277,0.08412244625539138,-0.05509418710417833,3,730,20221.0,27.7,6.217734272123407,0.0
P01653,Stable,Continuous,HoltWinters7,0.06376275157402504,1.7127676281636266,2.2211692186142895,0.06503446227758687,0.015820157678662603,3,730,20751.0,28.426027397260274,4.214500001172069,0.0
P01654,Volatile,Continuous,SES,0.16775886088905353,2.085119472826333,2.5747172388637005,0.17375901108740324,-0.0331361213480385,3,730,9612.0,13.167123287671233,3.2380647065437422,0.0
P01655,Seasonal,Continuous,HoltWinters7,0.1429596076060136,2.209399054055802,2.632858201746575,0.1419254040793893,-0.056126306500675356,3,730,11473.0,15.716438356164383,3.613399605280754,0.0
P01656,Trending,Continuous,HoltWinters7,0.09238204745079152,32.83327365137858,42.37701016610062,0.0892803404086822,-0.03950646470831896,3,730,217991.0,298.6178082191781,56.286626465978976,0.0
P01657,Seasonal,Continuous,HoltWinters7,0.07074562626612345,16.33127949670696,19.872777111750384,0.07093009365426856,-0.045210599846148225,3,730,187295.0,256.56849315068496,51.52914227792978,0.0
P01658,Seasonal,Continuous,SeasonalNaive28,0.0591463249804017,0.1111111111111111,0.32755831540928737,0.06481481481481481,-0.03532920642644104,3,730,1590.0,2.1780821917808217,0.5602876429944792,0.0
P01659,Seasonal,Continuous,HoltWinters7,0.10478453383438859,1.0575566441644635,1.2919395901353399,0.10389858820018456,-0.09618889231964627,3,730,8262.0,11.317808219178081,2.4746363558076903,0.0
P01660,Seasonal,Continuous,SeasonalNaive7,0.08426625906461782,1.111111111111111,1.473954536862059,0.08089347653073144,-0.059619380596157893,3,730,10439.0,14.3,3.14385327950792,0.0
P01661,Seasonal,Continuous,HoltWinters7,0.07614346507644913,6.053917278015774,7.393905062923262,0.0759495639765298,-0.04000955897413628,3,730,64589.0,88.47808219178083,17.61585788407319,0.0
P01662,Trending,Continuous,HoltWinters7,0.0799666052279834,7.918130154291322,9.81667190703968,0.07693678205223814,-0.05005653815776013,3,730,67262.0,92.13972602739726,14.706537088009373,0.0
P01663,Trending,Continuous,HoltWinters7,0.10307785914957342,3.095433342975097,4.030043454604064,0.09702893020931554,-0.07593313441786977,3,730,18335.0,25.116438356164384,4.847057673775158,0.0
P01664,Stable,Continuous,HoltWinters7,0.05412029176574529,10.166183341625166,12.198603444508306,0.053230330946200215,-0.02487229606564677,3,730,147729.0,202.36849315068494,23.652777334622723,0.0
P01665,Trending,Continuous,HoltWinters7,0.10144536752056516,12.037494593267807,16.42701227097267,0.094630040055296,-0.06415534443516713,3,730,71440.0,97.86301369863014,19.207491014439416,0.0
P01666,Trending,Continuous,HoltWinters7,0.12500905649784,4.46380585091412,5.602746348093855,0.11770469936220512,-0.09576689113849264,3,730,21482.0,29.427397260273974,5.60822588757159,0.0
P01667,Stable,Continuous,HoltWinters7,0.13606199244384407,1.2920151216905615,1.5149910282377501,0.141227481836132,-0.0025923646910919252,3,730,6347.0,8.694520547945206,1.4519643201863983,0.0
P01668,Stable,Continuous,HoltWinters7,0.08466057178447456,18.15982990836747,21.69232810707982,0.08297483232579027,-0.022735586086424994,3,730,153690.0,210.53424657534248,25.812493753872612,0.0
P01669,Seasonal,Continuous,SeasonalNaive7,0.14624891714029167,3.777777777777778,5.1939773093132295,0.13460060834873042,-0.1137286433009657,3,730,18859.0,25.834246575342465,6.009245715400641,0.0
P01670,Trending,Continuous,HoltWinters7,0.09869037521053288,18.930630677025302,25.14013054995675,0.09377277737183355,-0.05977706220486891,3,730,119485.0,163.67808219178082,31.093234487342542,0.0
P01671,Volatile,Continuous,SES,0.15424770415883748,1.9968724178118407,2.594000207267092,0.15829580799158793,-0.011910812282408192,3,730,10305.0,14.116438356164384,3.7005732584729545,0.0
P01672,Volatile,Continuous,SES,0.16830643788015098,50.350158285765865,62.52538515200231,0.16957661150745415,-0.0557970073381139,3,730,206633.0,283.05890410958904,65.65496195243512,0.0
P01673,Stable,Continuous,HoltWinters7,0.09476196867103182,5.75980722248327,7.039375289096863,0.09153439365070064,-0.059143553649913784,3,730,43998.0,60.271232876712325,7.5007357563581145,0.0
P01674,Volatile,Continuous,SES,0.2269614018855219,16.46983886027281,19.428574925136974,0.22891030859355876,-0.03439953680506344,3,730,51241.0,70.19315068493151,16.744172286507723,0.0
P01675,Trending,Continuous,HoltWinters7,0.08173509242780061,19.46704184655484,22.972288531342034,0.08075219096862224,-0.03863625787044623,3,730,154510.0,211.65753424657535,37.24033801947458,0.0
P01676,Stable,Continuous,SeasonalNaive7,0.07112172504329367,0.4666666666666666,0.7048931091264876,0.0706084656084656,-0.01689171395053748,3,730,5091.0,6.973972602739726,1.1052347567648775,0.0
P01677,Trending,Continuous,HoltWinters7,0.1456706752216433,2.49500676691576,3.197600202089441,0.13933865889281416,-0.06662756713251405,3,730,10696.0,14.652054794520549,2.8992269718030834,0.0
P01678,Seasonal,Continuous,HoltWinters7,0.06145874139016209,1.5647158977881988,2.0767910244031285,0.0617766630688813,-0.003478711461877157,3,730,20699.0,28.354794520547944,6.176985940368855,0.0
P01679,Stable,Continuous,HoltWinters7,0.13272086316945794,2.9131471082488045,3.4820856870670376,0.13669040838430788,-0.005133401222354707,3,730,14358.0,19.66849315068493,3.346430102976813,0.0
P01680,Trending,Continuous,HoltWinters7,0.07159806045581589,21.623599670014872,28.89183206504454,0.06960934578035859,-0.03489398902080818,3,730,204420.0,280.027397260274,47.225685451143086,0.0
P01681,Stable,Continuous,HoltWinters7,0.06222656402719654,1.6990120654701941,2.2727664692119927,0.06293548617158079,0.002765147114754589,3,730,20915.0,28.65068493150685,4.2452143082966485,0.0
P01682,Trending,Continuous,HoltWinters7,0.11037365194636446,3.8145654269101428,4.919117823007105,0.10357653673871436,-0.0707316011178907,3,730,20963.0,28.716438356164385,5.612584177710617,0.0
P01683,Stable,Continuous,HoltWinters7,0.04544072037947224,3.3887620253705397,3.9457008285754305,0.045027356349255705,-0.011644207752258736,3,730,58397.0,79.9958904109589,9.315310911701431,0.0
P01684,Volatile,Continuous,SES,0.17615331128566372,32.57545122478144,43.226133367418804,0.17013081449141873,-0.06158679546165138,3,730,121239.0,166.0808219178082,38.27164891188561,0.0
P01685,Trending,Continuous,HoltWinters7,0.15348022974523798,4.107083400917411,5.165013375067294,0.14677654972439028,-0.07028996755679359,3,730,16380.0,22.438356164383563,4.491681997942526,0.0
P01686,Stable,Continuous,HoltWinters7,0.07862999211630183,1.6422553947902756,2.078600338855384,0.07574414005947934,-0.042429397040878496,3,730,14783.0,20.25068493150685,2.5854729378042824,0.0
P01687,Trending,Continuous,HoltWinters7,0.1009888799664987,17.373488020243027,22.000828324829286,0.09535949448303044,-0.07604984839922951,3,730,102875.0,140.92465753424656,27.13647003043064,0.0
P01688,Trending,Continuous,HoltWinters7,0.06981944111886196,18.142791268809358,22.11079045637653,0.06892419669441341,-0.0373398423911385,3,730,177476.0,243.11780821917807,40.6063417593149,0.0
P01689,Trending,Continuous,HoltWinters7,0.07514999530770995,21.486116119352072,26.602948891476302,0.07333362717549073,-0.026290583820552525,3,730,194575.0,266.541095890411,44.699503732300826,0.0
P01690,Stable,Continuous,HoltWinters7,0.044325507823864047,14.08224111755259,17.77393063053488,0.04349203016463773,-0.02122147822061436,3,730,244246.0,334.5835616438356,35.81761838848228,0.0
P01691,Seasonal,Continuous,HoltWinters7,0.15092362025402933,1.6788277513696899,2.0931237831548652,0.144748357079734,-0.08838921675248253,3,730,8116.0,11.117808219178082,2.55149126440996,0.0
P01692,Seasonal,Continuous,HoltWinters7,0.055254023033711915,2.347229414468543,3.1503898716949923,0.053708211530636596,-0.026697021379485486,3,730,34820.0,47.6986301369863,9.511504739037699,0.0
P01693,Volatile,Continuous,RollingMean28,0.16772697797195005,2.3333333333333335,2.965565277769681,0.17355785774731156,-0.04576564553496709,3,730,10542.0,14.441095890410958,3.5965932522795074,0.0
P01694,Stable,Continuous,SeasonalNaive7,0.1447198915162302,0.9222222222222222,1.4374428387081408,0.1290432098765432,-0.1060163996948894,3,730,4180.0,5.726027397260274,1.0245313957449114,0.0
P01695,Volatile,Continuous,RollingMean28,0.1567389189515607,4.395238095238096,5.5024762595862775,0.1587607138065798,-0.033548590497056156,3,730,21501.0,29.453424657534246,7.595655790245533,0.0
P01696,Volatile,Continuous,SES,0.23422715497623023,3.358501572784222,4.4203403158637515,0.22495098934041832,-0.06833972865381145,3,730,10689.0,14.642465753424657,3.8120600556423807,0.0
P01697,Stable,Continuous,HoltWinters7,0.1427349649049577,1.7431292308520636,2.0258829960529914,0.14503029412500515,-0.00444656653630611,3,730,8067.0,11.050684931506849,1.9048435330773263,0.0
P01698,Trending,Continuous,HoltWinters7,0.14901981448444393,4.72298074667025,5.87579567888077,0.1445048369893971,-0.051470558572854964,3,730,19969.0,27.354794520547944,5.366551415982284,0.0
P01699,Trending,Continuous,HoltWinters7,0.10583307175875611,21.959271372529106,28.414184656859845,0.10038707540628573,-0.06144399775800197,3,730,126076.0,172.7068493150685,34.48649893386193,0.0
P01700,Seasonal,Continuous,HoltWinters7,0.06555683310177929,6.570724626463718,7.926001053060353,0.06568297807353736,-0.0450656030572457,3,730,81024.0,110.99178082191781,21.739824281426152,0.0
P01701,Stable,Continuous,HoltWinters7,0.0936236239083214,20.128300137922352,23.302783283857167,0.09246999295875191,-0.03560033385267097,3,730,155739.0,213.34109589041097,26.79409029091194,0.0
P01702,Seasonal,Continuous,HoltWinters7,0.0783192962459611,1.892609249313085,2.352761174731706,0.07976924726493875,-0.05767077589278172,3,730,19910.0,27.273972602739725,5.949168018217987,0.0
P01703,Stable,Continuous,HoltWinters7,0.06508935246115612,1.299753845737625,1.6281777532178003,0.06364519293629946,-0.04654578451641689,3,730,15429.0,21.135616438356163,3.2005602160090745,0.0
P01704,Stable,Continuous,HoltWinters7,0.0518579078536014,1.6345967320369856,2.0532708392017818,0.05135612009926868,-0.010352383334251227,3,730,24493.0,33.55205479452055,3.8161669516354704,0.0
P01705,Seasonal,Continuous,HoltWinters7,0.08679493838406839,1.402295178655909,1.714011021264035,0.08736135100072188,-0.04948668739456377,3,730,13528.0,18.53150684931507,4.131211346725201,0.0
P01706,Volatile,Continuous,SES,0.22498972233989878,5.241277620409466,7.063789409528833,0.20669421592648365,-0.11024956669703251,3,730,16592.0,22.72876712328767,5.988362730318208,0.0
P01707,Stable,Continuous,HoltWinters7,0.046034366802772946,2.5242587338023625,3.028025994531484,0.045865027596472686,-0.016878158842194162,3,730,43045.0,58.965753424657535,6.72425169197526,0.0
P01708,Trending,Continuous,HoltWinters7,0.1330199044019497,1.6266499998596349,2.1963619234255387,0.12190160908152949,-0.06891701301309715,3,730,7272.0,9.961643835616439,1.9989455476145928,0.0
P01709,Trending,Continuous,HoltWinters7,0.08130027125383438,28.882019967097552,35.59453978421646,0.08066144112387891,-0.012267977412185304,3,730,241092.0,330.2630136986301,54.24275442780136,0.0
P01710,Trending,Continuous,HoltWinters7,0.07112625628829497,3.7249420431389217,4.632442155686664,0.06987428726556659,-0.03179590413391573,3,730,35573.0,48.73013698630137,8.2350448052316,0.0
P01711,Stable,Continuous,HoltWinters7,0.12756126637245346,3.348264466631585,4.028630384205623,0.1323186099976111,-0.008403105254336594,3,730,17237.0,23.612328767123287,4.016988792488632,0.0
P01712,Trending,Continuous,HoltWinters7,0.14670029988291872,3.019179031348991,3.821531628823512,0.14198494896943534,-0.06220892185964199,3,730,12834.0,17.58082191780822,3.4998983929694547,0.0
P01713,Stable,Continuous,HoltWinters7,0.048730970366143135,11.287399613503007,14.66054435417579,0.04771120245807355,-0.03541622026206162,3,730,178007.0,243.84520547945206,25.658395017392593,0.0
P01714,Trending,Continuous,HoltWinters7,0.06285009445795144,1.7565178262229673,2.3231723789902814,0.06127994962343624,-0.029394889547334335,3,730,19345.0,26.5,4.319938144148939,0.0
P01715,Trending,Continuous,HoltWinters7,0.1585854628863321,5.350671069690223,6.684082005299589,0.1511966062759547,-0.0851094992621864,3,730,20929.0,28.66986301369863,5.674460506411353,0.0
P01716,Volatile,Continuous,SES,0.18382429096769207,23.434971183349273,31.630379774041018,0.1752661255331177,-0.09305507018241689,3,730,84714.0,116.04657534246576,27.14115963909192,0.0
P01717,Volatile,Continuous,Naive,0.22179166754177781,3.5,4.548741670960765,0.21545478698720177,-0.0674605674920715,3,730,11985.0,16.41780821917808,4.343225254893783,0.0
P01718,Intermittent,Intermittent,SeasonalNaive7,1.180028943560058,136.9888888888889,210.7501771606379,0.7408315785981742,-0.30033767486734203,3,730,85279.0,116.82054794520548,169.84532417792374,0.673972602739726
P01719,Volatile,Continuous,SES,0.18953459525285424,44.70111481299809,55.80157043044773,0.19750244302278874,-0.06267579675567068,3,730,154848.0,212.1205479452055,49.985366744560686,0.0
P01720,Stable,Continuous,HoltWinters7,0.13712329165012285,4.598444748047196,5.528797885073103,0.14764339982013033,0.009471978938918857,3,730,21603.0,29.59315068493151,5.046582153429145,0.0
P01721,Stable,Continuous,HoltWinters7,0.13481599345812156,2.598836327754551,3.1461510024473913,0.14147118601755582,0.02411767736987161,3,730,12592.0,17.24931506849315,2.977884800346509,0.0
P01722,Trending,Continuous,HoltWinters7,0.13696586520800583,2.514243279465827,3.18958711275447,0.1316823114659291,-0.029735647263173598,3,730,11255.0,15.417808219178083,3.0179091621135843,0.0
P01723,Seasonal,Continuous,HoltWinters7,0.07087160877590869,1.8116207521773084,2.205546110569619,0.07097009527931543,-0.013815155292136165,3,730,21348.0,29.243835616438357,6.546928541973644,0.0
P01724,Trending,Continuous,HoltWinters7,0.16460340134037527,4.426252142043818,5.263342090032183,0.17067350129649347,-0.020850317527226752,3,730,16940.0,23.205479452054796,4.6727147877044155,0.0
P01725,Trending,Continuous,HoltWinters7,0.06772646424663954,15.728715065773722,19.331116681893732,0.0678728435399121,-0.02343839522044337,3,730,155233.0,212.64794520547946,36.89354652133009,0.0
P01726,Stable,Continuous,SES,0.1454695927640323,0.894978220187031,1.206190619558538,0.13858389455417544,-0.045767786759210734,3,730,4107.0,5.626027397260274,0.9791415009126122,0.0
P01727,Trending,Continuous,HoltWinters7,0.07745374766851744,25.807122675220437,31.353099378162224,0.07601198175412112,-0.03885954606705033,3,730,228024.0,312.36164383561646,51.12563569826771,0.0
P01728,Trending,Continuous,HoltWinters7,0.10977302123633126,17.19289793978668,21.55977185392149,0.10706436469453813,-0.026907330083774234,3,730,94394.0,129.3068493150685,25.27210669672877,0.0
P01729,Volatile,Continuous,SES,0.1996842176586285,40.80733827532666,51.08231490864313,0.1973169147110815,-0.027144862406934724,3,730,141460.0,193.78082191780823,45.42409414112329,0.0
P01730,Trending,Continuous,HoltWinters7,0.0774390063451149,15.510152028959103,19.07316339128843,0.07767180757970643,-0.03224984826839128,3,730,137608.0,188.5041095890411,31.278967099534512,0.0
P01731,Seasonal,Continuous,HoltWinters7,0.07466441279128158,0.5031978982281922,0.6323616780119857,0.07410854838474036,-0.027338748222996787,3,730,5613.0,7.689041095890411,1.7286468493367018,0.0
P01732,Trending,Continuous,HoltWinters7,0.07386699366067002,18.630019453467565,25.054412013572975,0.07087310957093584,-0.042471959614038345,3,730,171029.0,234.28630136986303,39.79962092542519,0.0
P01733,Stable,Continuous,HoltWinters7,0.0449869900799234,1.5642952286558376,1.88178083582544,0.04511803283664998,-0.0028544336146487438,3,730,27399.0,37.532876712328765,4.33787526436576,0.0
P01734,Volatile,Continuous,SES,0.2072419240280311,2.9469420786184686,3.804113865054203,0.20353750788171301,-0.04155277524028438,3,730,10131.0,13.878082191780821,3.5136709911591266,0.0
P01735,Trending,Continuous,HoltWinters7,0.17868439810056583,4.204726293296535,4.946249521014321,0.17687880617458607,-0.06916368204004802,3,730,14832.0,20.317808219178083,4.08252801215477,0.0
P01736,Trending,Continuous,HoltWinters7,0.09464334232675586,16.932993515256225,21.59359481282876,0.09155844843477118,-0.046802433657877236,3,730,109777.0,150.3794520547945,28.542892224586094,0.0
P01737,Volatile,Continuous,RollingMean28,0.14983066348025834,3.4444444444444446,4.302750078790557,0.15783103024089795,0.01030852387944669,3,730,17450.0,23.904109589041095,5.954478397986594,0.0
P01738,Trending,Continuous,HoltWinters7,0.15898970507132618,5.625171728998684,6.908024924496096,0.1566837355221947,-0.06622501194244007,3,730,21758.0,29.805479452054794,6.00004321911638,0.0
P01739,Stable,Continuous,HoltWinters7,0.07446778033744689,1.6771397613562626,2.002081094083767,0.07406148008450837,-0.03900424901801655,3,730,17557.0,24.05068493150685,3.5780777148899148,0.0
P01740,Seasonal,Continuous,SeasonalNaive7,0.06937290848246763,0.19999999999999998,0.4246508424542972,0.062037037037037036,-0.06093408991706678,3,730,2343.0,3.2095890410958905,0.7434514076186572,0.0
P01741,Stable,Continuous,HoltWinters7,0.08156579031220204,4.80517541634498,5.9062137003945665,0.08104720495984129,-0.01735480149839563,3,730,42762.0,58.57808219178082,7.2509447201588175,0.0
P01742,Stable,Continuous,HoltWinters7,0.05157915906580358,14.013464604670249,16.85413741484742,0.05094340525285129,-0.03728111778538593,3,730,208635.0,285.8013698630137,31.572639233828525,0.0
P01743,Trending,Continuous,HoltWinters7,0.08925312385503996,59.34218950358081,72.42243349581425,0.08650416051454284,-0.05217475042119318,3,730,433974.0,594.4849315068493,102.27368762314408,0.0
P01744,Seasonal,Continuous,HoltWinters7,0.14937300813226595,3.666126715110512,4.570366542769378,0.14419096714622695,-0.08462170595126121,3,730,18235.0,24.97945205479452,5.901883145662124,0.0
P01745,Stable,Continuous,HoltWinters7,0.06737529323882913,1.6810028476678855,2.243214683212889,0.06986934719856054,0.04438898671576091,3,730,19047.0,26.09178082191781,3.912775088815308,0.0
P01746,Seasonal,Continuous,HoltWinters7,0.059939681712678085,5.726034800286743,7.235185216912359,0.059330013643429595,-0.030925442596264147,3,730,79006.0,108.22739726027397,21.321313874037376,0.0
P01747,Trending,Continuous,HoltWinters7,0.14034267135981912,2.6732388285162223,3.4096046847916455,0.1356203145292775,-0.03701203490527798,3,730,11747.0,16.09178082191781,3.235784715152437,0.0
P01748,Stable,Continuous,RollingMean28,0.08527725164980093,1.2388888888888887,1.559924752280054,0.0845586452011522,-0.029002692792554106,3,730,11161.0,15.289041095890411,2.285522013944246,0.0
P01749,Trending,Continuous,HoltWinters7,0.08666550135470959,12.866999919604,15.85162916081831,0.08352983830165782,-0.0571400522747438,3,730,96227.0,131.8178082191781,23.16893195820392,0.0
P01750,Seasonal,Continuous,SeasonalNaive7,0.17608012453373278,0.5222222222222223,0.8241819789264464,0.14740740740740743,-0.15410396739148172,3,730,2104.0,2.882191780821918,0.7406189651297459,0.0
P01751,Trending,Continuous,HoltWinters7,0.07533083720647894,28.19427583097873,35.51771162095539,0.07234726611277181,-0.05021252992681114,3,730,253734.0,347.58082191780824,59.044445507404724,0.0
P01752,Trending,Continuous,HoltWinters7,0.16167910230086321,2.042812001384005,2.5859271124332217,0.15110376310388082,-0.0954972925205066,3,730,7554.0,10.347945205479451,2.122329490472496,0.0
P01753,Stable,Continuous,SeasonalNaive7,0.1384661894957022,1.366666666666667,2.059492238475235,0.12389126305792973,-0.09337459910107697,3,730,6469.0,8.861643835616439,1.507651280389795,0.0
P01754,Volatile,Continuous,SES,0.2084657337831284,0.9725838967820281,1.3032862635876854,0.21063462687368698,-0.04616723804986567,3,730,3188.0,4.367123287671233,1.2078907001989196,0.0
P01755,Trending,Continuous,HoltWinters7,0.11560575289484547,43.600408221886454,56.037855584115896,0.10931997637285484,-0.07650252339036691,3,730,225259.0,308.57397260273973,61.65843016376495,0.0
P01756,Trending,Continuous,HoltWinters7,0.09977232687020195,23.080863165637968,29.95877286167095,0.09417165068069343,-0.06324040934117685,3,730,141564.0,193.92328767123288,36.52925437769546,0.0
P01757,Trending,Continuous,HoltWinters7,0.11861447836487822,31.800777642407795,38.83480953457495,0.11269884943000674,-0.08886914862151696,3,730,164930.0,225.93150684931507,43.933054435979216,0.0
P01758,Stable,Continuous,HoltWinters7,0.04194711367321675,10.816164745440782,13.468948355442953,0.04153762928604764,-0.0148517874360014,3,730,203190.0,278.3424657534247,32.89669542740436,0.0
P01759,Seasonal,Continuous,HoltWinters7,0.15316091580433497,1.798709155113546,2.23723718466457,0.1472542408570767,-0.07996522867792207,3,730,8560.0,11.726027397260275,2.728502576370797,0.0
P01760,Seasonal,Continuous,HoltWinters7,0.07665653833982415,13.900277325896388,16.505199153919136,0.07742372324133528,-0.055995798368868956,3,730,147501.0,202.05616438356165,39.87670808998223,0.0
P01761,Trending,Continuous,HoltWinters7,0.06612044308525954,2.604321859226041,3.3237614160232583,0.06378731596199662,-0.023960582837870642,3,730,27234.0,37.30684931506849,6.0404745670431845,0.0
P01762,Stable,Continuous,HoltWinters7,0.0846310604926576,4.882059090682929,6.116971598213972,0.08104141582285991,-0.05072890582358517,3,730,41345.0,56.636986301369866,7.213270936216343,0.0
P01763,Volatile,Continuous,SES,0.23510618242723505,5.597419372598298,7.309524924247925,0.22376800183996903,-0.06838864727203513,3,730,18079.0,24.765753424657536,6.645124024417105,0.0
P01764,Trending,Continuous,HoltWinters7,0.07333044078945061,22.309695337869176,29.01498539556056,0.07089871199023984,-0.04925571044719292,3,730,208231.0,285.2479452054794,46.17566687266725,0.0
P01765,Seasonal,Continuous,SeasonalNaive7,0.17330266723719867,2.055555555555556,2.81699161334906,0.15563814114639707,-0.1521807567699737,3,730,8726.0,11.953424657534246,2.782567830059786,0.0
P01766,Stable,Continuous,HoltWinters7,0.07356383005669075,0.8914640893930147,1.0817317395413093,0.07210867707554547,-0.02839219766026703,3,730,9290.0,12.726027397260275,1.9185061773705943,0.0
P01767,Intermittent,Intermittent,SeasonalNaive7,1.1498907708412303,114.81111111111112,179.78482369752814,0.8652117014565714,-0.5451856533604699,3,730,75142.0,102.93424657534247,139.5548716457038,0.6424657534246575
P01768,Seasonal,Continuous,HoltWinters7,0.05735895283644144,1.0450313902707664,1.4136897870766736,0.057312091490572044,-0.03176889325453722,3,730,15055.0,20.623287671232877,4.117180056554724,0.0
P01769,Stable,Continuous,HoltWinters7,0.06937337663616612,0.5863786300571778,0.7364921927677125,0.06982321753928897,-0.009502040640664814,3,730,6513.0,8.921917808219177,1.3540313810579006,0.0
P01770,Stable,Continuous,HoltWinters7,0.07391646499542309,0.5559460768141017,0.6631898938552206,0.0734387619361828,-0.017993241836252467,3,730,5816.0,7.967123287671233,1.2178434237646212,0.0
P01771,Trending,Continuous,HoltWinters7,0.07217432291844263,8.3904033264359,9.914915111945637,0.07088083765528769,-0.03923394911590888,3,730,79263.0,108.57945205479452,17.66165360122876,0.0
P01772,Trending,Continuous,HoltWinters7,0.08004755699086791,46.62225527802243,56.125574838981414,0.07827547779276765,-0.053544548965889116,3,730,378681.0,518.741095890411,89.96847540499179,0.0
P01773,Volatile,Continuous,SES,0.18890524429365252,18.699137001436203,22.575451877020498,0.18597361412238286,-0.08258510731492279,3,730,65801.0,90.13835616438357,22.230523944004602,0.0
P01774,Stable,Continuous,HoltWinters7,0.07088578283211919,4.215423118327373,5.20683231064805,0.07000463506520584,-0.009500707126820494,3,730,42566.0,58.30958904109589,7.202349951510437,0.0
P01775,Stable,Continuous,HoltWinters7,0.04130924308762446,10.561353766566361,13.542191689211394,0.040931406337989855,-0.019035655594767453,3,730,197735.0,270.86986301369865,28.450005170823644,0.0
P01776,Seasonal,Continuous,HoltWinters7,0.07228681012842957,1.6671894201603539,2.1188340603071985,0.07277402056139426,-0.04062241585076745,3,730,19561.0,26.795890410958904,5.954858498827675,0.0
P01777,Intermittent,Intermittent,SeasonalNaive7,0.9857258735958926,55.73333333333333,87.48145260654894,0.658199139252225,-0.29581746940025194,3,730,38136.0,52.24109589041096,71.22230472369876,0.6452054794520548
P01778,Volatile,Continuous,SES,0.16494357174946317,0.6949137105225841,0.8993398562975875,0.169945950801921,-0.04399980530822826,3,730,3234.0,4.4301369863013695,1.1104547359428978,0.0
P01779,Seasonal,Continuous,HoltWinters7,0.08904931877533523,0.928875954175751,1.1653551869678085,0.0884463075433199,-0.017266324799897485,3,730,8846.0,12.117808219178082,2.788342500495505,0.0
P01780,Stable,Continuous,HoltWinters7,0.08892947035786887,17.64272338076925,21.71731462243146,0.08755864890332203,-0.03402973086964997,3,730,143373.0,196.4013698630137,24.42208288724834,0.0
P01781,Trending,Continuous,HoltWinters7,0.15384803796463123,3.6610950275200644,4.638450646569838,0.14616650817433244,-0.0742172872932422,3,730,14542.0,19.92054794520548,4.072624621086808,0.0
P01782,Trending,Continuous,HoltWinters7,0.10549172389423235,34.63720288655289,44.83171784589275,0.09810260567619151,-0.08611977759407012,3,730,197917.0,271.1191780821918,51.36123221756381,0.0
P01783,Trending,Continuous,HoltWinters7,0.0745436436140136,27.09495614048882,35.24055295633357,0.07210440946899667,-0.04126319319480343,3,730,254614.0,348.786301369863,58.41456616705445,0.0
P01784,Trending,Continuous,HoltWinters7,0.0756378101273198,24.5310315623492,32.60598284144361,0.07475871191700638,-0.03335220418712702,3,730,218257.0,298.9821917808219,50.84019407919101,0.0
P01785,Stable,Continuous,HoltWinters7,0.047317677853358685,14.138974598057269,18.58055376385894,0.0460789477353059,-0.02823900495364266,3,730,231938.0,317.72328767123287,34.557721025189934,0.0
P01786,Trending,Continuous,HoltWinters7,0.10640069470197318,21.385962743867594,27.347843382681532,0.09937633947830703,-0.07997891023403912,3,730,122409.0,167.68356164383562,31.705778374911734,0.0
P01787,Stable,Continuous,HoltWinters7,0.04266824893644602,1.262763969810089,1.586485796841367,0.04258089661375652,-0.01630834722149546,3,730,23095.0,31.636986301369863,3.554166659644829,0.0
P01788,Trending,Continuous,HoltWinters7,0.07656917176351298,30.193826354849232,37.94579906576855,0.07458760269639048,-0.04412292137113038,3,730,266386.0,364.9123287671233,62.19435430869351,0.0
P01789,Seasonal,Continuous,Naive,0.1565997439699862,1.9444444444444444,2.357206819681615,0.17116693553742057,0.00994017516508866,3,730,9259.0,12.683561643835617,2.949483863551821,0.0
P01790,Stable,Continuous,HoltWinters7,0.051691975853938955,3.043103682742641,3.8698819907056734,0.05086512816143011,-0.022386498489491296,3,730,46123.0,63.18219178082192,7.185831251323504,0.0
P01791,Seasonal,Continuous,HoltWinters7,0.1479556861698171,3.055024039074928,3.7238312668835962,0.1448405248580119,-0.07177024749564809,3,730,15228.0,20.86027397260274,4.93103994424044,0.0
P01792,Trending,Continuous,HoltWinters7,0.07590988897832528,17.117369328061887,21.17811344064243,0.07451477084655145,-0.0484530656631125,3,730,149905.0,205.34931506849315,35.24015053042152,0.0
P01793,Trending,Continuous,HoltWinters7,0.07160320585097725,17.15525734378126,22.212963081687665,0.07056858498459233,-0.041598450444712595,3,730,164010.0,224.67123287671234,36.385172666528995,0.0
P01794,Trending,Continuous,HoltWinters7,0.07614849823234529,31.606108241965956,40.34962150496238,0.0743156328931827,-0.04477054337587918,3,730,277783.0,380.52465753424656,64.81331274623923,0.0
P01795,Volatile,Continuous,SES,0.22161623427397595,2.903864730807051,3.7602157308346786,0.2138577676146993,-0.08840129451155825,3,730,10084.0,13.813698630136987,3.709007871087579,0.0
P01796,Stable,Continuous,SES,0.13673013248625754,3.948407088384927,4.829876130433118,0.1313015138858492,-0.04977731876863654,3,730,18908.0,25.9013698630137,4.481772049064565,0.0
P01797,Intermittent,Intermittent,Naive,1.232965009208103,70.52222222222223,103.74109560258705,0.7283624253692523,-0.10220994475138119,3,730,40243.0,55.12739726027397,76.99795262144374,0.6561643835616439
P01798,Stable,Continuous,SeasonalNaive7,0.14422406924016049,2.422222222222222,3.475046238022177,0.12754144790618221,-0.09454573191884845,3,730,10828.0,14.832876712328767,2.5476557876240156,0.0
P01799,Volatile,Continuous,SES,0.2045754206809034,3.2032828690531088,4.308460794008399,0.18880082022178116,-0.11988830852149841,3,730,11979.0,16.40958904109589,4.205054910382389,0.0
P01800,Stable,Continuous,HoltWinters7,0.12629231505378094,2.97424803701019,3.5489133696635515,0.12682766637930118,-0.017132288210693663,3,730,15253.0,20.894520547945206,3.537158827104645,0.0
P01801,Trending,Continuous,HoltWinters7,0.11288031465805272,35.40207871154481,45.23073661724802,0.10550273367335573,-0.09272831455103482,3,730,192324.0,263.45753424657534,51.79040252438063,0.0
P01802,Intermittent,Intermittent,Naive,1.0,63.46666666666667,117.97336447607672,1.0,-1.0,3,730,50385.0,69.02054794520548,104.21328959443899,0.6904109589041096
P01803,Seasonal,Continuous,HoltWinters7,0.06845154460286589,1.2504576023662017,1.530878935551445,0.06926068205768819,-0.019038968037703177,3,730,15056.0,20.624657534246577,4.578106808920792,0.0
P01804,Stable,Continuous,SeasonalNaive7,0.04990093968533086,0.3,0.5432485002372163,0.04915343915343915,-0.02293299940719229,3,730,4622.0,6.331506849315068,1.0114402818316048,0.0
P01805,Seasonal,Continuous,HoltWinters7,0.06396742605990426,1.649996581618035,2.101593423393373,0.06361179614579976,-0.024417331202238834,3,730,21065.0,28.856164383561644,6.247512235776596,0.0
P01806,Intermittent,Intermittent,SeasonalNaive7,1.1467656809094011,83.26666666666667,132.2696181017611,0.7278776234146113,-0.2620194796007157,3,730,56218.0,77.01095890410959,104.41734552788733,0.6424657534246575
P01807,Trending,Continuous,HoltWinters7,0.06983910463770496,35.17015282077761,45.37085695316824,0.0682445503307525,-0.025535495027321654,3,730,338304.0,463.43013698630136,79.38564634961469,0.0
P01808,Seasonal,Continuous,SeasonalNaive7,0.16009014785024575,0.4222222222222222,0.7358032349756961,0.12407407407407407,-0.14458627188125353,3,730,1877.0,2.5712328767123287,0.6592133675360469,0.0
P01809,Seasonal,Continuous,HoltWinters7,0.1545703675302666,1.2038884890004165,1.558661644819302,0.1461409518470793,-0.0907854649999245,3,730,5740.0,7.863013698630137,1.8475139451679028,0.0
P01810,Trending,Continuous,HoltWinters7,0.1412338900189554,2.9874858168402807,3.905158001315472,0.13068268814270043,-0.0661684674392914,3,730,13232.0,18.126027397260273,3.5917153337964973,0.0
P01811,Stable,Continuous,HoltWinters7,0.04379173646765805,18.258854914341022,21.807585923842698,0.043316382418171366,-0.022361113517107543,3,730,326558.0,447.33972602739726,49.62219054176789,0.0
P01812,Trending,Continuous,HoltWinters7,0.07699196498552806,30.078946444847485,39.724558621947494,0.0752463140851249,-0.03826373194691357,3,730,257397.0,352.5986301369863,63.123210006050485,0.0
P01813,Stable,Continuous,HoltWinters7,0.06031746805146032,1.6279710746811895,2.0919870246257846,0.05976697137219436,-0.020352298169980357,3,730,20763.0,28.442465753424656,4.234239487225153,0.0
P01814,Stable,Continuous,SeasonalNaive7,0.13511429470222683,2.422222222222222,3.6290381415694477,0.11784963205895062,-0.09326962608901067,3,730,11567.0,15.845205479452055,2.7729608158276124,0.0
P01815,Volatile,Continuous,Naive,0.21888790222210894,3.3555555555555556,4.524704384720496,0.2266018299049214,-0.03610633907441214,3,730,11274.0,15.443835616438356,4.133273141117869,0.0
P01816,Trending,Continuous,HoltWinters7,0.10739547651191732,6.7657047324564985,9.031358493559122,0.09951013862417801,-0.08603472370068571,3,730,37738.0,51.6958904109589,10.170594779916962,0.0
P01817,Stable,Continuous,HoltWinters7,0.07388545481211467,1.7380954259366526,2.156864685341494,0.07441142308248765,-0.019391498890667967,3,730,18124.0,24.827397260273973,3.6198378986651476,0.0
P01818,Stable,Continuous,HoltWinters7,0.05762355738033781,8.064567305386626,9.473640715936213,0.05713502556037737,-0.03677133198740154,3,730,108492.0,148.61917808219178,15.830208983784795,0.0
P01819,Trending,Continuous,HoltWinters7,0.07705868130582894,28.154314912668294,34.71742683167653,0.07492948545615587,-0.04740394574451418,3,730,245916.0,336.8712328767123,55.69530442845063,0.0
P01820,Seasonal,Continuous,HoltWinters7,0.08259005014987521,2.075836281792599,2.5206221636295125,0.08230244330479848,-0.02562558843408237,3,730,20661.0,28.302739726027397,6.288240436898612,0.0
P01821,Trending,Continuous,HoltWinters7,0.16038687015542347,6.329012895500782,7.570051762868314,0.1562442593966176,-0.0463066466671219,3,730,24480.0,33.534246575342465,6.750262285776126,0.0
P01822,Stable,Continuous,HoltWinters7,0.1336770035209678,2.5021145481610265,3.0600266476414375,0.1454561243781802,0.03489208028412169,3,730,12368.0,16.942465753424656,2.8462146212633592,0.0
P01823,Seasonal,Continuous,HoltWinters7,0.07596667488073142,15.317145481423978,18.01602400193462,0.07467977328083823,-0.057485240484692106,3,730,160953.0,220.48356164383563,43.37149795699841,0.0
P01824,Stable,Continuous,HoltWinters7,0.04583426246019379,17.430675493834077,21.68199660803229,0.045365880952483416,-0.0211442189383092,3,730,293617.0,402.2150684931507,42.81864705146184,0.0
P01825,Seasonal,Continuous,HoltWinters7,0.07405871862739995,4.05959395669847,5.1311734612383,0.07285471956237248,-0.06011440049956817,3,730,43651.0,59.795890410958904,11.598246619722179,0.0
P01826,Trending,Continuous,HoltWinters7,0.07529486816083446,18.788427159877628,23.67370809039787,0.07370237188367933,-0.04614741391607688,3,730,168307.0,230.55753424657533,38.08275739650849,0.0
P01827,Volatile,Continuous,RollingMean28,0.26615236778736556,0.7365079365079362,0.9564772294258995,0.2975992063492063,-0.056127073692252775,3,730,2115.0,2.8972602739726026,0.8472456143687852,0.0
P01828,Volatile,Continuous,SES,0.18853507350033516,31.509779332391627,40.969882209500014,0.19138619586911856,-0.06030522124120719,3,730,113485.0,155.45890410958904,39.12158366951796,0.0
P01829,Trending,Continuous,HoltWinters7,0.07166345330988348,10.278357832897024,12.723581251469225,0.06964771766514592,-0.03914909607445616,3,730,94805.0,129.86986301369862,22.472193974750713,0.0
P01830,Seasonal,Continuous,HoltWinters7,0.07972007375876645,0.5092298062888981,0.6508970246186739,0.07965291423160718,-0.05650446493175686,3,730,5266.0,7.213698630136986,1.6332716095243407,0.0
P01831,Volatile,Continuous,SES,0.18495386462031713,24.22846946229856,33.221746839361856,0.17548159642259822,-0.0759569541535379,3,730,85253.0,116.78493150684932,28.822840790419498,0.0
P01832,Trending,Continuous,HoltWinters7,0.08180154867249716,15.634847176623758,19.575783689001284,0.0796257918078249,-0.045732773284088736,3,730,127177.0,174.21506849315068,27.867982775706455,0.0
P01833,Seasonal,Continuous,HoltWinters7,0.07106147052014748,13.159000817093371,15.971295531414919,0.07073599462720254,-0.05138331250359551,3,730,148674.0,203.66301369863012,39.61167993236697,0.0
P01834,Trending,Continuous,HoltWinters7,0.07178754271100152,6.484825620289512,8.074386048961042,0.06951055686277206,-0.04787328022007617,3,730,59794.0,81.90958904109588,14.308478444140617,0.0
P01835,Stable,Continuous,HoltWinters7,0.08767172586123277,11.906297940936312,14.355573579415946,0.08564329289972096,-0.03846852962351395,3,730,98517.0,134.95479452054795,17.406994014759526,0.0
P01836,Stable,Continuous,HoltWinters7,0.042899270438276994,4.741331482379308,5.915935723967396,0.04274947116348121,-0.008097304995369687,3,730,85454.0,117.06027397260274,12.672477979525999,0.0
P01837,Trending,Continuous,HoltWinters7,0.12921994743888784,3.2745474051973584,4.080322459196181,0.12409343255479643,-0.053848900490532196,3,730,15420.0,21.123287671232877,4.241169978210348,0.0
P01838,Seasonal,Continuous,HoltWinters7,0.06547692647785014,1.1623142592964983,1.469088735261393,0.06550836704657016,-0.03566490741060873,3,730,14829.0,20.313698630136987,4.525671783750652,0.0
P01839,Volatile,Continuous,Naive,0.1996456974739482,38.06666666666667,50.658399493004595,0.19647993249031118,-0.0773696900727175,3,730,123028.0,168.53150684931506,39.041249603026245,0.0
P01840,Stable,Continuous,HoltWinters7,0.13487327915313027,3.4815019014149757,4.125507640137992,0.13185851416837646,-0.06386413499922433,3,730,16983.0,23.264383561643836,3.924523504335345,0.0
P01841,Volatile,Continuous,SES,0.1670882356767546,1.8394711006697806,2.3284162875923538,0.17119043441771042,-0.04921314663458268,3,730,8490.0,11.63013698630137,2.8240921641925447,0.0
P01842,Seasonal,Continuous,HoltWinters7,0.0757980571969174,1.6636699379688267,2.0336582114022046,0.07483626756986628,-0.04222638963619474,3,730,17726.0,24.28219178082192,5.298739205208702,0.0
P01843,Seasonal,Continuous,HoltWinters7,0.09292347314572717,1.2093095884267322,1.471730176127384,0.09151400998022025,-0.07647097903991489,3,730,10722.0,14.687671232876712,3.2433934203883177,0.0
P01844,Seasonal,Continuous,HoltWinters7,0.06110412694127646,9.004864315854277,11.52186819236441,0.06071327531815029,-0.023063632040538212,3,730,119780.0,164.08219178082192,31.778318835356576,0.0
P01845,Trending,Continuous,HoltWinters7,0.09757812449281682,26.104300288164083,33.11174344777003,0.09334679969096331,-0.048969492825580614,3,730,160486.0,219.84383561643835,43.189063374243354,0.0
P01846,Volatile,Continuous,SeasonalNaive7,0.2516431924882629,0.6777777777777777,0.9904066634100638,0.22611111111111107,-0.1479394887845592,3,730,1878.0,2.5726027397260274,0.7376342776501782,0.0
P01847,Stable,Continuous,HoltWinters7,0.13719438115771942,3.1724180159234847,3.789342167529194,0.14247183486473455,-0.013597298242286017,3,730,15144.0,20.745205479452054,3.6168725585091717,0.0
P01848,Volatile,Continuous,SES,0.21273798209224518,4.195818704882838,5.773012255910966,0.1980283465358793,-0.09381942087800717,3,730,14133.0,19.36027397260274,5.121332766727046,0.0
P01849,Volatile,Continuous,SES,0.1578158383502822,16.63665342586179,22.529122290880792,0.15422899708316648,-0.03314904022505536,3,730,71680.0,98.1917808219178,21.99061873447423,0.0
P01850,Stable,Continuous,HoltWinters7,0.04773977138373962,1.9890165663154156,2.4816814507165392,0.047801700975239336,-0.0066747216003656155,3,730,32598.0,44.654794520547945,5.083798227298379,0.0
P01851,Stable,Continuous,Naive,0.08370055835031225,0.37777777777777777,0.5843798349618733,0.0762962962962963,-0.07814500279475668,3,730,3357.0,4.598630136986301,0.7327332282126998,0.0
P01852,Stable,Continuous,HoltWinters7,0.08111849762695694,19.651477187979967,24.65868676989363,0.0785764956272375,-0.03970653139710203,3,730,174622.0,239.2082191780822,30.34385361556281,0.0
P01853,Volatile,Continuous,RollingMean28,0.17759710387617544,38.59285714285715,50.220644680928366,0.1816934666126375,-0.04711539027075753,3,730,148085.0,202.85616438356163,48.45868373329607,0.0
P01854,Trending,Continuous,HoltWinters7,0.11228389914202037,6.959909284883216,9.220512750298967,0.10596802630809359,-0.07410986157828943,3,730,38478.0,52.70958904109589,9.923053265676849,0.0
P01855,Stable,Continuous,HoltWinters7,0.08450312191007335,8.46891474213601,10.605231650067488,0.08138060522505663,-0.04073516509096764,3,730,72586.0,99.43287671232876,12.6337677026048,0.0
P01856,Stable,Continuous,HoltWinters7,0.05759555816066727,1.023577293803274,1.2892335004268674,0.05796578711142636,0.013357529736175192,3,730,13749.0,18.834246575342465,2.7871308795857153,0.0
P01857,Stable,Continuous,HoltWinters7,0.050576668515518675,20.492333048657322,25.322270787505644,0.050255753954071614,-0.029801176812672667,3,730,312196.0,427.6657534246575,44.57327691412952,0.0
P01858,Trending,Continuous,HoltWinters7,0.0818506663472045,3.3347114544129126,4.029879032513421,0.08019272445541203,-0.0429524905638197,3,730,28501.0,39.04246575342466,6.342713820051947,0.0
P01859,Trending,Continuous,HoltWinters7,0.10003045994792181,10.408298252276948,14.13380888542776,0.09238582428959558,-0.07410647525967666,3,730,63624.0,87.15616438356165,16.576968390374187,0.0
P01860,Intermittent,Intermittent,Naive,1.230530649072351,196.9,294.82620772625097,0.7259163147035239,-0.1033666046354255,3,730,111861.0,153.23424657534247,218.0976956806939,0.6657534246575343
P01861,Trending,Continuous,HoltWinters7,0.07144603400116493,3.5371199952683496,4.545095242643261,0.0689229224336217,-0.051943602211611005,3,730,31796.0,43.556164383561644,7.656747677278983,0.0
P01862,Intermittent,Intermittent,Naive,1.0,48.98888888888889,79.04494215946073,1.0,-1.0,3,730,31982.0,43.81095890410959,60.98581894943969,0.6547945205479452
P01863,Seasonal,Continuous,HoltWinters7,0.14822110859930807,4.342515108590654,5.16584530905329,0.14518861086971047,-0.06389044018672063,3,730,21314.0,29.197260273972603,6.800467437390372,0.0
P01864,Seasonal,Continuous,HoltWinters7,0.07598283749818938,13.74098287635046,16.557834385518635,0.07644592501960974,-0.05304377504450361,3,730,145903.0,199.86712328767123,39.667792475618775,0.0
P01865,Volatile,Continuous,SES,0.16969212096575612,16.17089526246828,20.801856673062343,0.16684961941177678,-0.04953577279411837,3,730,63452.0,86.92054794520548,20.53647401896058,0.0
P01866,Volatile,Continuous,Naive,0.20432988750358397,7.144444444444445,9.415045215533459,0.20214650707901227,-0.05373883260329513,3,730,22379.0,30.656164383561645,7.614574976432132,0.0
P01867,Volatile,Continuous,SeasonalNaive7,0.206588509529686,0.5333333333333333,0.8408547744394387,0.19499999999999998,-0.09649664061428768,3,730,1967.0,2.6945205479452055,0.8172338520811248,0.0
P01868,Volatile,Continuous,SES,0.21881192865216972,1.9474455663223857,2.530297697169616,0.211866854668591,-0.06026454384720395,3,730,6511.0,8.919178082191781,2.496700568113168,0.0
P01869,Stable,Continuous,HoltWinters7,0.13740946140413993,4.152715610666305,4.781204029849532,0.14283526141560748,0.012563126436201291,3,730,19884.0,27.23835616438356,4.618880265526102,0.0
P01870,Trending,Continuous,HoltWinters7,0.0829822877346677,25.932201266348923,31.830923221581717,0.08259343706963967,-0.031227201137689772,3,730,207496.0,284.241095890411,51.63249324014686,0.0
P01871,Stable,Continuous,HoltWinters7,0.08049383534891923,15.31132307996745,19.08287547521807,0.07833075450227125,-0.04153877716406005,3,730,138006.0,189.04931506849314,23.75573642823237,0.0
P01872,Volatile,Continuous,SES,0.25348559010270805,7.126661853264192,9.225617124090673,0.25486584067641577,-0.07440631327526262,3,730,20444.0,28.005479452054793,7.4369759922785885,0.0
P01873,Seasonal,Continuous,HoltWinters7,0.05083498924801694,6.323365626871094,7.8211084524114485,0.05007904120358942,-0.023900983113389354,3,730,101560.0,139.12328767123287,26.86323906975948,0.0
P01874,Trending,Continuous,HoltWinters7,0.10464871358369582,8.755144774145668,10.89863978055809,0.10034613727709181,-0.08893626904028214,3,730,53153.0,72.81232876712329,13.68323240922044,0.0
P01875,Stable,Continuous,HoltWinters7,0.05077961056922423,13.248972897815989,16.508454348051405,0.050433880025470314,-0.039401746914764606,3,730,201772.0,276.4,30.031149808952314,0.0
P01876,Stable,Continuous,HoltWinters7,0.05090617958954308,13.156691993272611,15.466868165230364,0.05079570178392797,-0.012629408971284966,3,730,202065.0,276.8013698630137,31.17951471781748,0.0
P01877,Seasonal,Continuous,SeasonalNaive7,0.06613091685399552,15.255555555555555,19.41649512946402,0.06495271228250545,-0.015611631335181703,3,730,186806.0,255.8986301369863,49.80037652016555,0.0
P01878,Stable,Continuous,HoltWinters7,0.04545516967892616,1.6588581890762224,2.052814461841213,0.04482959078771626,-0.02386781701894079,3,730,28321.0,38.795890410958904,4.522552490629354,0.0
P01879,Stable,Continuous,HoltWinters7,0.06280439716361332,1.2921569944421372,1.594151475765263,0.06301655232194979,-0.00866207778368726,3,730,15834.0,21.69041095890411,3.19465278477071,0.0
P01880,Stable,Continuous,HoltWinters7,0.04561046866825116,7.790466945019003,9.852116831347848,0.04504996557249613,-0.024329165087651632,3,730,133124.0,182.36164383561643,20.926369252183576,0.0
P01881,Stable,Continuous,HoltWinters7,0.04826884929265726,21.004609670112696,26.358753092332993,0.047710655839042805,-0.027437740400206276,3,730,337540.0,462.3835616438356,51.063351313633895,0.0
P01882,Stable,Continuous,Naive,0.0867826330030312,3.5888888888888886,4.230254599767305,0.08773336692539112,-0.0021409336477829634,3,730,29826.0,40.85753424657534,5.135099845912928,0.0
P01883,Seasonal,Continuous,HoltWinters7,0.06390625810731534,10.425519893702974,12.658054317732079,0.06427260369716477,-0.02464253013732806,3,730,130677.0,179.0095890410959,35.09987577850201,0.0
P01884,Intermittent,Intermittent,SeasonalNaive7,1.3351796368316247,178.88888888888889,278.83523689341655,0.7239538553894601,-0.07593708640799912,3,730,107372.0,147.0849315068493,217.82773656698666,0.6821917808219178
P01885,Volatile,Continuous,SES,0.2608820458043908,3.543713496757062,4.565450301556001,0.26606840730360687,0.016278094413455724,3,730,9775.0,13.39041095890411,3.7099452735033744,0.0
P01886,Stable,Continuous,HoltWinters7,0.047549959419259186,6.939383509487949,8.51483699896451,0.046799481135486744,-0.021932262813607006,3,730,114207.0,156.44794520547944,18.123358803433238,0.0
P01887,Seasonal,Continuous,SeasonalNaive7,0.1578388030720688,0.6333333333333333,0.9677150836413507,0.14542328042328043,-0.09670255370052529,3,730,2844.0,3.8958904109589043,0.9855524734685873,0.0
P01888,Seasonal,Continuous,HoltWinters7,0.15563134273720072,1.5943550801256345,1.921879196757529,0.1560384125440939,-0.0628010953529457,3,730,7327.0,10.036986301369863,2.350612496388913,0.0
P01889,Trending,Continuous,HoltWinters7,0.07664043148567813,19.407356308216226,23.39699369368398,0.07461783191434398,-0.044709250457104076,3,730,167554.0,229.52602739726026,40.558379835355026,0.0
P01890,Stable,Continuous,HoltWinters7,0.08073036042475916,20.225188692783444,24.283730617589498,0.0797270719660434,-0.024906489054369065,3,730,180282.0,246.96164383561643,31.246068087947467,0.0
P01891,Seasonal,Continuous,SeasonalNaive7,0.15982281262945527,1.611111111111111,2.3288432156105188,0.1435960444783974,-0.1204707392377627,3,730,7253.0,9.935616438356165,2.320651596153714,0.0
P01892,Volatile,Continuous,RollingMean28,0.18397708837989354,2.7238095238095235,3.442037798831207,0.18580931668365927,-0.040932905990771574,3,730,11380.0,15.58904109589041,3.968793275908424,0.0
P01893,Stable,Continuous,HoltWinters7,0.09036270936183677,15.801188749847745,18.597891404460917,0.08885559465172192,-0.045525678096505796,3,730,128793.0,176.42876712328768,22.007256437968127,0.0
P01894,Trending,Continuous,Naive,0.162549713754533,1.5222222222222221,1.8250703677010425,0.18232614244869147,0.034209603486711926,3,730,5679.0,7.779452054794521,1.5841688420729259,0.0
P01895,Stable,Continuous,HoltWinters7,0.04778020044434691,7.042690815836754,8.716912009808,0.04737772691985429,-0.018488180926989842,3,730,115598.0,158.35342465753425,17.87998461156159,0.0
P01896,Trending,Continuous,HoltWinters7,0.0820535862627601,42.921537510599485,55.97883183839058,0.07804049093955544,-0.062420566555481755,3,730,346556.0,474.73424657534247,83.723649244686,0.0
P01897,Stable,Continuous,HoltWinters7,0.044834047628435875,11.155208971389195,13.8089258827614,0.04514115840831868,0.000893654372057758,3,730,194573.0,266.5383561643836,30.4103040535634,0.0
P01898,Volatile,Continuous,SES,0.21794429415026864,4.404202105343393,5.980880197798489,0.20935370870483863,-0.07567143391303054,3,730,14433.0,19.77123287671233,5.646757071005009,0.0
P01899,Stable,Continuous,HoltWinters7,0.06170755188155295,1.2422406939897719,1.5569118507902384,0.06240971479550548,0.0006382851260533043,3,730,15422.0,21.126027397260273,3.1575905191720963,0.0
P01900,Stable,Continuous,HoltWinters7,0.05813685737090945,4.978677686922761,6.082551856654125,0.05739700647238744,-0.03453070072274134,3,730,66299.0,90.82054794520548,9.622895920647721,0.0
P01901,Stable,Continuous,HoltWinters7,0.05273518881684586,14.201594895186247,17.567955935414577,0.052221785273694664,-0.013294853652568448,3,730,210562.0,288.44109589041096,32.38964523021116,0.0
P01902,Trending,Continuous,HoltWinters7,0.17117271665038633,1.3188002795389029,1.7028156173255005,0.16065579628127558,-0.10095307320834017,3,730,4762.0,6.523287671232877,1.3395452566580843,0.0
P01903,Trending,Continuous,HoltWinters7,0.08852097773457801,49.72775928716809,60.03883308537581,0.08746459346085655,-0.01524934141820092,3,730,365132.0,500.1808219178082,88.19413779673995,0.0
P01904,Volatile,Continuous,SES,0.18688961379134086,1.5849633255091344,2.0735443179230213,0.1829637193193712,-0.043349833407846795,3,730,6556.0,8.98082191780822,2.414443139668114,0.0
P01905,Intermittent,Intermittent,SeasonalNaive7,1.2629980543005577,226.20000000000002,329.3446986610397,0.8886606237403321,-0.5083035314648193,3,730,129578.0,177.5041095890411,235.16838810729027,0.6315068493150685
P01906,Stable,Continuous,SES,0.14037671856920234,3.5178300632005644,4.401948976948472,0.13470241521662957,-0.04890301896700782,3,730,16546.0,22.665753424657535,3.8376597227505727,0.0
P01907,Trending,Continuous,HoltWinters7,0.09887455877065386,29.669205304893026,38.81505446541518,0.09447671062363476,-0.03576765936146827,3,730,184986.0,253.4054794520548,48.46760090577318,0.0
P01908,Seasonal,Continuous,HoltWinters7,0.08423648249109589,0.6253444885410532,0.7854611111465771,0.08370916580631617,-0.04688604042816135,3,730,6102.0,8.35890410958904,1.8906916318531413,0.0
P01909,Seasonal,Continuous,HoltWinters7,0.08368487189537704,1.113428190913811,1.4705702139442602,0.08248123527670427,-0.07143697815936868,3,730,10745.0,14.719178082191782,3.2976342492412054,0.0
P01910,Stable,Continuous,HoltWinters7,0.1251317791544997,2.7584106253170972,3.398940518386618,0.13116580837292938,0.001202527617495136,3,730,14422.0,19.756164383561643,3.3523321244365776,0.0
P01911,Volatile,Continuous,SES,0.16693883547051935,3.685725415342978,4.904252977341792,0.16348158207133778,-0.04179803284487943,3,730,17408.0,23.846575342465755,6.174288076270323,0.0
P01912,Trending,Continuous,HoltWinters7,0.1151866643724046,6.2904502630033114,7.724243511854067,0.10964140999139173,-0.0941636239736428,3,730,33605.0,46.034246575342465,8.961902587689925,0.0
P01913,Stable,Continuous,HoltWinters7,0.0800086731119322,20.719072944544,27.292474020610914,0.07540179763816927,-0.046682886956477015,3,730,183692.0,251.63287671232877,31.731244764734402,0.0
P01914,Seasonal,Continuous,HoltWinters7,0.08893945735295389,2.2241939379331996,2.698545354214111,0.08829704484214411,-0.060744015896592986,3,730,20249.0,27.73835616438356,6.114704446072764,0.0
P01915,Seasonal,Continuous,HoltWinters7,0.10096301930904696,0.9095641783815901,1.115864565063944,0.10002709116052677,-0.08617715177700358,3,730,7249.0,9.93013698630137,2.1434933560002567,0.0
P01916,Intermittent,Intermittent,Croston,1.2797955293453214,206.89077957367033,212.3595255947001,0.5811342469585292,0.10922016531131319,3,730,121175.0,165.9931506849315,213.15756315324248,0.6164383561643836
P01917,Trending,Continuous,HoltWinters7,0.10346540207051097,21.60339546885355,27.49332802361896,0.09759360378394732,-0.08105664924439239,3,730,129128.0,176.8876712328767,33.50005198368499,0.0
P01918,Trending,Continuous,HoltWinters7,0.07269247391428013,14.33880462181277,19.36902680355112,0.07004902058528982,-0.02876687571214226,3,730,134917.0,184.8178082191781,31.36879108563825,0.0
P01919,Stable,Continuous,HoltWinters7,0.08159603244469678,0.856838962710281,1.0550911602144277,0.078656442829116,-0.0667016369672159,3,730,8034.0,11.005479452054795,1.6923851409427022,0.0
P01920,Stable,Continuous,HoltWinters7,0.05887071027356431,1.0432654338507568,1.2680028200584388,0.05919248558061907,-0.018122030614278913,3,730,13620.0,18.65753424657534,2.743337998996936,0.0
P01921,Intermittent,Intermittent,Naive,1.0,137.37777777777777,223.8962474152339,1.0,-1.0,3,730,99775.0,136.67808219178082,184.67713029630613,0.6410958904109589
P01922,Volatile,Continuous,SES,0.23152006387898974,2.86549569469199,3.7859714004550526,0.22048544092418174,-0.05538223967599922,3,730,9389.0,12.861643835616439,3.4836529924796906,0.0
P01923,Stable,Continuous,HoltWinters7,0.042750659674117564,7.905898730293091,9.77794651877013,0.04331789597790112,0.001922016576223114,3,730,145320.0,199.06849315068493,22.758545790657188,0.0
P01924,Stable,Continuous,HoltWinters7,0.06854263660200514,1.4134268377429053,1.7139173885368155,0.06931692884903212,-0.0162500250552368,3,730,15995.0,21.910958904109588,3.3405708113074875,0.0
P01925,Intermittent,Intermittent,RollingMean28,1.3611838294395593,164.74920634920633,180.66390751950303,0.6934711767461982,-0.03295329173547167,3,730,98151.0,134.45342465753424,184.6092113842074,0.647945205479452
P01926,Trending,Continuous,HoltWinters7,0.15664298835503548,0.7319399521601267,0.9775972379707215,0.14513551003818145,-0.07581573627169173,3,730,2934.0,4.019178082191781,0.8652184059842521,0.0
P01927,Seasonal,Continuous,HoltWinters7,0.06651647662629945,16.671379850648567,20.39979349039348,0.06679284432372612,-0.042443592739598635,3,730,199454.0,273.2246575342466,54.34204474792962,0.0
P01928,Stable,Continuous,HoltWinters7,0.05759173765941028,7.965099191204079,9.874513545495827,0.05670387804676544,-0.04472005459497441,3,730,109424.0,149.8958904109589,17.600820207507372,0.0
P01929,Seasonal,Continuous,HoltWinters7,0.06756607018697292,6.0990623972943325,7.226707850266226,0.06805368381292985,-0.04045400293062305,3,730,71960.0,98.57534246575342,19.15679137846998,0.0
P01930,Trending,Continuous,SES,0.17001284509349843,2.0113959688671197,2.629391281851548,0.15254234169721492,-0.11765142455687427,3,730,7393.0,10.127397260273973,2.0296674958601115,0.0
P01931,Seasonal,Continuous,HoltWinters7,0.0795448493856598,11.72234625767022,13.743214087981785,0.07953948234299994,-0.05269759271419878,3,730,118556.0,162.4054794520548,31.861970358400693,0.0
P01932,Stable,Continuous,HoltWinters7,0.05042497883451591,12.868996371211976,16.516278405786974,0.0503385450414007,-0.00964756293796314,3,730,198784.0,272.3068493150685,31.017214251261763,0.0
P01933,Stable,Continuous,HoltWinters7,0.041850620895603284,4.947732556563158,6.6747824943913585,0.04116533600077956,-0.008484580746072437,3,730,92987.0,127.37945205479453,14.523992344008212,0.0
P01934,Seasonal,Continuous,HoltWinters7,0.07120882824781727,15.39209991039541,18.491230940205792,0.07208518198936162,-0.05029041002818196,3,730,176370.0,241.6027397260274,47.874962807444504,0.0
P01935,Trending,Continuous,HoltWinters7,0.06925138188608723,7.029944960400528,9.094241409604408,0.06595346273565784,-0.04652112920164436,3,730,68557.0,93.91369863013699,15.662137643832228,0.0
P01936,Volatile,Continuous,RollingMean28,0.18188370176545612,27.692063492063486,36.98193258331153,0.18242802279038714,-0.024856448541553777,3,730,104709.0,143.43698630136987,33.719727598454014,0.0
P01937,Seasonal,Continuous,HoltWinters7,0.07205125311142267,1.8950895719544318,2.3443205744540108,0.0731214339507976,-0.038196880352521285,3,730,22032.0,30.18082191780822,6.7780946603569205,0.0
P01938,Trending,Continuous,HoltWinters7,0.11874716768174882,36.753106488372666,48.022100122347176,0.11014499458642146,-0.09199368713565564,3,730,184968.0,253.38082191780822,49.554145629985015,0.0
P01939,Seasonal,Continuous,HoltWinters7,0.06603317767531913,4.8065545267798315,5.987858214289422,0.06606990887715396,-0.011979643359576587,3,730,59908.0,82.06575342465753,16.544193791085885,0.0
P01940,Trending,Continuous,HoltWinters7,0.14702027649041338,3.2765289241907705,4.308152117028317,0.13291563491501565,-0.08861615215910985,3,730,13599.0,18.62876712328767,3.6937636781882923,0.0
P01941,Volatile,Continuous,SES,0.23174745644520547,1.7804281853717183,2.3133588470082636,0.22893130278638493,-0.06252790465265994,3,730,5996.0,8.213698630136987,2.254902603810865,0.0
P01942,Stable,Continuous,HoltWinters7,0.06947525447739356,0.9067022762278643,1.1551373010141615,0.06680033115327279,-0.035020077773442695,3,730,9999.0,13.697260273972603,2.0561709190843707,0.0
P01943,Intermittent,Intermittent,Naive,1.0,173.18888888888887,267.22605792215967,1.0,-1.0,3,730,110295.0,151.08904109589042,201.00000072452815,0.6342465753424658
P01944,Trending,Continuous,HoltWinters7,0.07305943469112286,39.28101454840755,48.31872101372378,0.07163130744067099,-0.038176339830282,3,730,358224.0,490.7178082191781,82.8869018767989,0.0
P01945,Stable,Continuous,HoltWinters7,0.04573420539359716,5.991406837367546,7.321763471422865,0.0451698806615389,-0.02427904118184646,3,730,101651.0,139.24794520547945,14.907309496702078,0.0
P01946,Seasonal,Continuous,HoltWinters7,0.06851556246666456,17.56425252849624,22.718122235613592,0.06734670201085971,-0.046306169994274116,3,730,210290.0,288.06849315068496,58.291102589274644,0.0
P01947,Stable,Continuous,HoltWinters7,0.060644901705613756,1.1033906394447799,1.3003718975708283,0.0603884164653155,-0.013138465496282642,3,730,13914.0,19.06027397260274,2.839402346648485,0.0
P01948,Stable,Continuous,SeasonalNaive7,0.15047938376650868,2.1555555555555554,3.2308230644876716,0.13314552495061313,-0.09154090240693445,3,730,9441.0,12.932876712328767,2.226449978029949,0.0
P01949,Stable,Continuous,SeasonalNaive7,0.06478787081908911,1.0,1.3692266418262184,0.06358916606078628,-0.02254029076975093,3,730,11913.0,16.31917808219178,2.4636260613501535,0.0
P01950,Seasonal,Continuous,HoltWinters7,0.08275782418781152,1.4726362424689565,1.8484467472687938,0.08319675903935875,-0.0341390093013369,3,730,14314.0,19.60821917808219,4.252643926243732,0.0
P01951,Seasonal,Continuous,HoltWinters7,0.146193805050536,2.5708941721336056,3.1858559789476106,0.14314280854830866,-0.0734714810053984,3,730,12875.0,17.636986301369863,4.105067524722114,0.0
P01952,Seasonal,Continuous,HoltWinters7,0.13845561453813304,2.268617437530233,2.728483045652307,0.13678794227243776,-0.02761838425362366,3,730,11624.0,15.923287671232877,3.666050099598968,0.0
P01953,Trending,Continuous,HoltWinters7,0.07798540000484694,16.59531834717212,21.52892233303236,0.07500003561429285,-0.04675941590442836,3,730,145587.0,199.43424657534246,32.165879728441276,0.0
P01954,Intermittent,Intermittent,Naive,1.0,49.72222222222222,76.19731069716987,1.0,-1.0,3,730,27523.0,37.702739726027396,55.47142388342914,0.6794520547945205
P01955,Stable,Continuous,HoltWinters7,0.08508731316610581,18.536211641560403,22.71355889034901,0.08250930987244157,-0.023949984483899612,3,730,156112.0,213.85205479452054,26.673816477661422,0.0
P01956,Volatile,Continuous,SES,0.18503220160636025,33.345886798065656,43.58258822532088,0.18538817371917524,-0.030427929238158707,3,730,120603.0,165.20958904109588,40.543308363458394,0.0
P01957,Trending,Continuous,HoltWinters7,0.07526497102962448,5.768784109810606,7.1863487937009785,0.07336844111225443,-0.036491791392077456,3,730,51540.0,70.6027397260274,11.609489196221558,0.0
P01958,Stable,Continuous,HoltWinters7,0.06222337028256584,1.3954212305196874,1.7335389273273478,0.06139922678236096,-0.02546717648614974,3,730,17456.0,23.912328767123288,3.5490660378291468,0.0
P01959,Trending,Continuous,HoltWinters7,0.0772576262008765,29.46607325135091,37.15482451597071,0.07491620459336061,-0.05293595682677069,3,730,256496.0,351.3643835616438,60.3728137880057,0.0
P01960,Stable,Continuous,HoltWinters7,0.04701150625247339,21.534650950391693,26.183980341954562,0.0470307384854029,-0.025735701859603746,3,730,351942.0,482.1123287671233,52.265188379839444,0.0
P01961,Stable,Continuous,HoltWinters7,0.13494271679620853,1.875597435478131,2.197762965289247,0.13467189568368262,-0.0028296189403957147,3,730,9181.0,12.576712328767123,2.125101178770649,0.0
P01962,Volatile,Continuous,RollingMean28,0.15656702536243522,0.9087301587301586,1.2345828108308572,0.14914162887377172,-0.05168202333410828,3,730,4372.0,5.989041095890411,1.5528690773605693,0.0
P01963,Stable,Continuous,HoltWinters7,0.07646740032331377,10.710199136058717,12.870639718394967,0.07592219431421504,-0.015515425192468643,3,730,101494.0,139.03287671232877,17.09439663682511,0.0
P01964,Seasonal,Continuous,SeasonalNaive7,0.09991865827250625,0.4666666666666666,0.710694054675125,0.09354497354497356,-0.08667362515992348,3,730,3869.0,5.3,1.170803951566664,0.0
P01965,Seasonal,Continuous,HoltWinters7,0.06580982255290126,17.668465891518668,21.691065515983336,0.06610281774901418,-0.048788391076168246,3,730,214608.0,293.9835616438356,56.52616086794468,0.0
P01966,Trending,Continuous,HoltWinters7,0.08052863197310638,7.714483580944649,9.614994073894268,0.07839009941933493,-0.05147124347529056,3,730,64190.0,87.93150684931507,14.805857261534175,0.0
P01967,Volatile,Continuous,SES,0.21713747553228405,2.0118885122719337,2.679981937460402,0.2066022696884129,-0.09501267970000503,3,730,6623.0,9.072602739726028,2.378790615829148,0.0
P01968,Stable,Continuous,HoltWinters7,0.06483074690440345,0.8389617442228082,1.045361282196872,0.06393783198032575,-0.03231323607980969,3,730,9964.0,13.64931506849315,2.0334057389571645,0.0
P01969,Seasonal,Continuous,HoltWinters7,0.07865118490368277,0.9046487452929804,1.155200151080497,0.07957153906588033,-0.01184965216759061,3,730,9510.0,13.027397260273972,2.902496927708279,0.0
P01970,Trending,Continuous,HoltWinters7,0.14285886435272707,4.620613867794538,5.677977335737009,0.13836036026142592,-0.04010977508703286,3,730,20232.0,27.715068493150685,5.5373447513375105,0.0
P01971,Stable,Continuous,HoltWinters7,0.15189123234560378,2.5282530241988335,3.0894841581675814,0.1643580265100664,-0.010391931438895783,3,730,10993.0,15.058904109589042,2.604856476089539,0.0
P01972,Volatile,Continuous,SES,0.17262483929237424,10.527551048041516,13.467302254637666,0.1796539688665051,-0.004803379107095847,3,730,43370.0,59.41095890410959,13.691020773985398,0.0
P01973,Seasonal,Continuous,HoltWinters7,0.09420238572016776,0.7925798462719212,0.9910961664070186,0.09675471789225631,-0.03745163858619615,3,730,7022.0,9.61917808219178,2.1685276929461854,0.0
P01974,Stable,Continuous,HoltWinters7,0.047978690853510135,7.320818297507638,9.330998457261503,0.047499254279016905,-0.009180862573902332,3,730,120117.0,164.54383561643834,18.394365200759765,0.0
P01975,Volatile,Continuous,SES,0.17970834782288167,1.0194721662572765,1.2603767900534442,0.1868554534438406,-0.017576671004313045,3,730,4517.0,6.1876712328767125,1.56929078941737,0.0
P01976,Volatile,Continuous,SES,0.1770122863785253,35.79379368595857,45.470757045682525,0.17749716584451317,-0.04310067561977396,3,730,134821.0,184.686301369863,43.25217412510362,0.0
P01977,Volatile,Continuous,RollingMean28,0.1708294997796822,2.8785714285714286,3.7698180470671563,0.1645642627026013,-0.062162871831648626,3,730,13250.0,18.15068493150685,4.690331627775442,0.0
P01978,Seasonal,Continuous,HoltWinters7,0.07504747023853568,1.544489596567109,2.0160884470608527,0.07444797078791622,-0.042808105272053885,3,730,16609.0,22.752054794520546,5.002622346322873,0.0
P01979,Trending,Continuous,HoltWinters7,0.10794254070738367,40.408776458078314,51.384880109579484,0.10328151619378646,-0.057832582520222615,3,730,223810.0,306.5890410958904,59.49244297698701,0.0
P01980,Trending,Continuous,HoltWinters7,0.10628104384720295,37.92775532056571,48.35423472518654,0.10147331412092929,-0.05836612266151144,3,730,217971.0,298.5904109589041,57.110541055865575,0.0
P01981,Seasonal,Continuous,HoltWinters7,0.14911176435784665,4.397153162774817,5.42179707617013,0.14275470934918275,-0.07900927913980883,3,730,21100.0,28.904109589041095,6.717428927861325,0.0
P01982,Trending,Continuous,HoltWinters7,0.09366635382261605,9.643966551904688,12.219224383509733,0.0909967943124349,-0.03640016889250843,3,730,64633.0,88.53835616438356,16.411270593915567,0.0
P01983,Stable,Continuous,HoltWinters7,0.05959251773748856,3.201482018337657,3.800498833410886,0.05871530219299855,-0.050518060332889796,3,730,41841.0,57.31643835616438,6.742562100262261,0.0
P01984,Trending,Continuous,HoltWinters7,0.07243034621664914,9.68499640875163,12.23625970636004,0.07081188153006823,-0.032690900618129966,3,730,92569.0,126.80684931506849,21.294452923551237,0.0
P01985,Trending,Continuous,HoltWinters7,0.14296938342358997,5.420307871133524,6.7422665464829885,0.13444185519745844,-0.019492517851228477,3,730,23031.0,31.54931506849315,6.332653705957762,0.0
P01986,Seasonal,Continuous,HoltWinters7,0.15052802933243417,4.39287582434733,5.214678841877068,0.15314203498221426,-0.060900996858623525,3,730,21295.0,29.171232876712327,6.802081087425031,0.0
P01987,Trending,Continuous,HoltWinters7,0.06915716566427756,40.66066470804078,52.04105824885101,0.06700589792268323,-0.02622665830195513,3,730,396363.0,542.9630136986301,91.9064801810666,0.0
P01988,Stable,Continuous,HoltWinters7,0.04790440006911755,2.291107267606544,2.8455064310457963,0.04756282518616537,-0.019831940169588304,3,730,37451.0,51.3027397260274,5.729151326794033,0.0
P01989,Volatile,Continuous,SES,0.17854975371236934,4.883898424750433,6.3048700505663575,0.17674990460044013,-0.05189932345526845,3,730,21506.0,29.46027397260274,6.872675858078372,0.0
P01990,Stable,Continuous,HoltWinters7,0.04154665464965628,9.071882143471536,11.432910424390833,0.040897254416974296,-0.018995621074618756,3,730,169532.0,232.23561643835617,25.237023828188033,0.0
P01991,Intermittent,Intermittent,Naive,1.0,14.177777777777777,22.305044781804497,1.0,-1.0,3,730,9413.0,12.894520547945206,17.263267619193517,0.636986301369863
P01992,Seasonal,Continuous,SeasonalNaive7,0.16153708493454705,2.411111111111111,3.348452369915416,0.1452032376280817,-0.12224552724522503,3,730,10612.0,14.536986301369863,3.3504706321056172,0.0
P01993,Trending,Continuous,HoltWinters7,0.07190303093606969,3.149708346212325,4.110368599176364,0.06930517058447054,-0.04683446372954875,3,730,29685.0,40.66438356164384,6.728802408707075,0.0
P01994,Stable,Continuous,HoltWinters7,0.1437970084530906,2.786731976816401,3.363202920757539,0.14693499413452768,-0.036658073618343216,3,730,12855.0,17.60958904109589,3.058580517637248,0.0
P01995,Intermittent,Intermittent,SeasonalNaive7,1.306433959864427,81.60000000000001,123.96082435785105,0.7536942533342447,-0.19097039789829373,3,730,47904.0,65.62191780821918,93.386872131888,0.6643835616438356
P01996,Trending,Continuous,HoltWinters7,0.07371531233710078,25.55203862601338,31.908466929526526,0.07185776233957954,-0.03696663550072019,3,730,228341.0,312.7958904109589,53.54595718084806,0.0
P01997,Volatile,Continuous,SES,0.2029560332189786,41.14639522250132,50.1771824207624,0.2070287544905817,-0.07072802660290882,3,730,135434.0,185.52602739726026,44.850766195984605,0.0
P01998,Seasonal,Continuous,HoltWinters7,0.13502103810771063,3.5300928502441025,4.34177325147994,0.13539540887922877,-0.018004889450010938,3,730,19145.0,26.226027397260275,6.132477293035116,0.0
P01999,Seasonal,Continuous,HoltWinters7,0.12510921991286872,2.633276271883192,3.26733165131847,0.12463142438675517,-0.010687738527113728,3,730,14927.0,20.447945205479453,4.845843313409779,0.0
P02000,Volatile,Continuous,SES,0.17639425738221723,2.327625337241622,2.856901862100378,0.18308534065908275,-0.009996847614750263,3,730,10467.0,14.338356164383562,3.624226141777747,0.0
