product_id,baseline_mean,baseline_std,baseline_observations,baseline_zero_rate,recent_mean,recent_std,recent_observations,recent_zero_rate,mean_shift_z,volatility_ratio,volatility_shift,zero_rate_shift,selected_model,validation_wape,model_version,latest_window_wape,prior_window_wape,performance_change_pct,data_drift_score,performance_drift_score,monitoring_score,drift_status,retraining_recommended,monitoring_date_utc
P01618,60.128358,79.534623,670,0.631343,54.316667,78.513411,60,0.666667,0.073071,0.98716,0.012923,0.035323,SeasonalNaive7,1.265389,79c5ca85f588c0ef,2.181254,0.807456,1.701391,0.037455,1.701391,0.619833,Stable,False,2026-08-27T18:24:04.422843+00:00
P01772,512.097015,88.461021,670,0.0,592.933333,71.988433,60,0.0,0.913807,0.813787,0.206057,0.0,HoltWinters7,0.080048,c688cbfaf9e94d5c,0.116822,0.06166,0.894601,0.302811,0.894601,0.509937,Stable,False,2026-08-27T18:24:04.422843+00:00
P01749,130.204478,22.810095,670,0.0,149.833333,19.322567,60,0.0,0.860534,0.847106,0.16593,0.0,HoltWinters7,0.086666,0a72c6aeb0fb73e5,0.127574,0.066211,0.92678,0.278129,0.92678,0.505157,Stable,False,2026-08-27T18:24:04.422843+00:00
P00787,322.210448,53.02011,670,0.0,359.516667,47.304815,60,0.0,0.703624,0.892205,0.114059,0.0,HoltWinters7,0.075887,c56fcc7810b9802f,0.114336,0.056663,1.017818,0.222011,1.017818,0.500544,Stable,False,2026-08-27T18:24:04.422843+00:00
P00794,87.044776,9.862633,670,0.0,82.583333,6.85514,60,0.0,0.452358,0.695062,0.363755,0.0,HoltWinters7,0.043261,bd03ecc0d9f2d41d,0.065043,0.032371,1.009313,0.215337,1.009313,0.493229,Stable,False,2026-08-27T18:24:04.422843+00:00
P00689,398.880597,70.069925,670,0.0,471.0,65.485928,60,0.0,1.029249,0.93458,0.067658,0.0,HoltWinters7,0.079847,4480dfcda7dbb630,0.11447,0.062535,0.830506,0.299958,0.830506,0.48565,Stable,False,2026-08-27T18:24:04.422843+00:00
P00885,414.39403,44.222565,670,0.0,395.933333,32.615306,60,0.0,0.41745,0.737526,0.304453,0.0,HoltWinters7,0.060574,6f72589afc2b3c52,0.090677,0.045522,0.99191,0.190912,0.99191,0.471261,Stable,False,2026-08-27T18:24:04.422843+00:00
P01182,15.467164,3.549096,670,0.0,14.4,2.068324,60,0.0,0.300686,0.582775,0.539954,0.0,HoltWinters7,0.092728,8e9d660544308b9f,0.136389,0.070898,0.923723,0.217677,0.923723,0.464793,Stable,False,2026-08-27T18:24:04.422843+00:00
P00042,157.491045,18.204758,670,0.0,147.25,12.742063,60,0.0,0.562548,0.69993,0.356774,0.0,HoltWinters7,0.055198,6e52cf320af95f07,0.079737,0.042929,0.857407,0.243894,0.857407,0.458624,Stable,False,2026-08-27T18:24:04.422843+00:00
P00503,26.028358,5.937449,670,0.0,23.516667,3.505403,60,0.0,0.423025,0.590389,0.526974,0.0,HoltWinters7,0.098151,2413048c9856be0d,0.14104,0.076707,0.838688,0.248075,0.838688,0.45479,Stable,False,2026-08-27T18:24:04.422843+00:00
P00405,19.143284,4.272176,670,0.0,17.716667,2.749987,60,0.0,0.333932,0.643697,0.440527,0.0,HoltWinters7,0.099366,b565d9d263176ccb,0.144522,0.076788,0.882079,0.201963,0.882079,0.440004,Stable,False,2026-08-27T18:24:04.422843+00:00
P00090,169.18806,33.940824,670,0.0,152.2,20.424976,60,0.0,0.50052,0.601782,0.50786,0.0,HoltWinters7,0.063786,a20546077e7b7c28,0.088973,0.051192,0.738024,0.264608,0.738024,0.430304,Stable,False,2026-08-27T18:24:04.422843+00:00
P01226,37.885075,7.626771,670,0.0,35.133333,5.318553,60,0.0,0.3608,0.697353,0.360463,0.0,HoltWinters7,0.075965,d0f8b1323a5dec61,0.110027,0.058934,0.866959,0.189336,0.866959,0.426504,Stable,False,2026-08-27T18:24:04.422843+00:00
P00994,72.368657,14.546762,670,0.0,67.883333,10.206498,60,0.0,0.308338,0.701634,0.354344,0.0,HoltWinters7,0.070613,736080c4aed3f987,0.102915,0.054462,0.889653,0.173379,0.889653,0.424075,Stable,False,2026-08-27T18:24:04.422843+00:00
P00419,593.995522,100.343215,670,0.0,670.816667,92.240748,60,0.0,0.765584,0.919252,0.084194,0.0,HoltWinters7,0.085423,a34d894569f2c57e,0.120224,0.068022,0.767426,0.231584,0.767426,0.419129,Stable,False,2026-08-27T18:24:04.422843+00:00
P01329,260.897015,45.686753,670,0.0,301.133333,38.867644,60,0.0,0.8807,0.850742,0.161646,0.0,HoltWinters7,0.074245,717a0c08ad99f4ed,0.10142,0.060657,0.672023,0.282604,0.672023,0.418901,Stable,False,2026-08-27T18:24:04.422843+00:00
P01268,286.071642,56.729507,670,0.0,258.666667,38.05601,60,0.0,0.483081,0.670833,0.399235,0.0,HoltWinters7,0.060275,81ea53f3f1683286,0.084685,0.048071,0.761688,0.232656,0.761688,0.417817,Stable,False,2026-08-27T18:24:04.422843+00:00
P01018,216.758209,42.691244,670,0.0,201.416667,30.38303,60,0.0,0.35936,0.711692,0.34011,0.0,HoltWinters7,0.074621,e56990199c10d6bd,0.107106,0.058378,0.834718,0.183852,0.834718,0.411655,Stable,False,2026-08-27T18:24:04.422843+00:00
P01066,242.768657,26.306891,670,0.0,231.716667,20.727523,60,0.0,0.420118,0.787912,0.238368,0.0,HoltWinters7,0.048697,06937aa42496ff5b,0.07013,0.03798,0.846493,0.175124,0.846493,0.410104,Stable,False,2026-08-27T18:24:04.422843+00:00
P00216,9.446269,1.647377,670,0.0,12.016667,3.670735,60,0.0,1.560298,2.22823,0.801208,0.0,HoltWinters7,0.169135,d1bf0ebd8223e13f,0.111471,0.197967,-0.436918,0.629384,0.0,0.409099,Stable,False,2026-08-27T18:24:04.422843+00:00
P01126,222.034328,37.328346,670,0.0,245.216667,31.18077,60,0.0,0.621038,0.835311,0.179951,0.0,HoltWinters7,0.074528,c978b4c4aaeea7f2,0.104478,0.059553,0.754382,0.215773,0.754382,0.404286,Stable,False,2026-08-27T18:24:04.422843+00:00
P01144,90.673134,10.107007,670,0.0,84.783333,7.237126,60,0.0,0.582744,0.71605,0.334005,0.0,HoltWinters7,0.05131,844eae19804d0d5b,0.070586,0.041672,0.693834,0.243756,0.693834,0.401283,Stable,False,2026-08-27T18:24:04.422843+00:00
P00201,158.108955,31.314191,670,0.0,148.35,20.663425,60,0.0,0.311646,0.659874,0.415706,0.0,HoltWinters7,0.088659,65dd36be8bb02d35,0.125732,0.070122,0.793047,0.189629,0.793047,0.400825,Stable,False,2026-08-27T18:24:04.422843+00:00
P00817,160.347761,31.259413,670,0.0,148.416667,21.592757,60,0.0,0.38168,0.69076,0.369963,0.0,HoltWinters7,0.077442,297ac0e568155d44,0.109244,0.061541,0.775145,0.197453,0.775145,0.399645,Stable,False,2026-08-27T18:24:04.422843+00:00
P00239,249.249254,49.357567,670,0.0,233.816667,34.727263,60,0.0,0.312669,0.703585,0.351566,0.0,HoltWinters7,0.072685,2520053e339e9445,0.103807,0.057123,0.817258,0.173876,0.817258,0.399059,Stable,False,2026-08-27T18:24:04.422843+00:00
P00028,154.11194,17.771873,670,0.0,145.333333,11.515158,60,0.0,0.493961,0.647943,0.433953,0.0,HoltWinters7,0.047041,c39c527ddc22d387,0.064494,0.038314,0.68332,0.244327,0.68332,0.397975,Stable,False,2026-08-27T18:24:04.422843+00:00
P01502,53.60597,10.638648,670,0.0,49.116667,8.076103,60,0.0,0.421981,0.759129,0.275584,0.0,HoltWinters7,0.07062,42d3d08f0b68a4e0,0.099873,0.055994,0.78364,0.184941,0.78364,0.394485,Stable,False,2026-08-27T18:24:04.422843+00:00
P01406,139.344776,27.911384,670,0.0,128.216667,17.131685,60,0.0,0.398694,0.613788,0.488105,0.0,HoltWinters7,0.071638,f10a703a9a608cf5,0.098286,0.058314,0.685453,0.231667,0.685453,0.390492,Stable,False,2026-08-27T18:24:04.422843+00:00
P00096,288.6,33.076412,670,0.0,269.3,21.274876,60,0.0,0.583497,0.643204,0.441294,0.0,HoltWinters7,0.050409,3a26a0c87968b20a,0.067482,0.041872,0.611623,0.270785,0.611623,0.390078,Stable,False,2026-08-27T18:24:04.422843+00:00
P01771,107.634328,17.718839,670,0.0,119.133333,13.071468,60,0.0,0.648971,0.737716,0.304197,0.0,HoltWinters7,0.072174,7bc3e9c2851af71c,0.097552,0.059486,0.639923,0.254516,0.639923,0.389408,Stable,False,2026-08-27T18:24:04.422843+00:00
P01398,21.537313,3.751744,670,0.0,27.216667,7.63598,60,0.0,1.51379,2.035315,0.71065,0.0,HoltWinters7,0.143246,4d396231fcc7346c,0.09154,0.169099,-0.458659,0.593955,0.0,0.386071,Stable,False,2026-08-27T18:24:04.422843+00:00
P00829,81.532836,9.004963,670,0.0,77.416667,5.642729,60,0.0,0.4571,0.626624,0.467408,0.0,HoltWinters7,0.040633,f63e63036a69f0e2,0.055103,0.033398,0.649873,0.242555,0.649873,0.385116,Stable,False,2026-08-27T18:24:04.422843+00:00
P00299,177.391045,34.347854,670,0.0,168.666667,24.98655,60,0.0,0.254001,0.727456,0.318202,0.0,HoltWinters7,0.066104,3ea9b3f99db3a1db,0.094471,0.051921,0.819497,0.149401,0.819497,0.383934,Stable,False,2026-08-27T18:24:04.422843+00:00
P00779,355.268657,61.025071,670,0.0,410.566667,54.08166,60,0.0,0.906152,0.88622,0.12079,0.0,HoltWinters7,0.078616,8e871ee04b01f65d,0.103679,0.066084,0.568906,0.279389,0.568906,0.38072,Stable,False,2026-08-27T18:24:04.422843+00:00
P01501,70.902985,13.898559,670,0.0,65.083333,9.997104,60,0.0,0.418723,0.719291,0.32949,0.0,HoltWinters7,0.067944,92a65e5478b01d9f,0.094098,0.054867,0.715021,0.197521,0.715021,0.378646,Stable,False,2026-08-27T18:24:04.422843+00:00
P01230,24.271642,5.444181,670,0.0,22.816667,3.280614,60,0.0,0.267253,0.602591,0.506517,0.0,HoltWinters7,0.09102,9d8b35234e2006c6,0.125846,0.073607,0.709708,0.200124,0.709708,0.378478,Stable,False,2026-08-27T18:24:04.422843+00:00
P00234,219.7,25.078671,670,0.0,206.9,15.19333,60,0.0,0.510394,0.605827,0.501161,0.0,HoltWinters7,0.048818,94c0a0052b3c7aa1,0.064812,0.04082,0.587726,0.265649,0.587726,0.378376,Stable,False,2026-08-27T18:24:04.422843+00:00
P01515,2.365672,0.512053,670,0.0,2.95,0.928367,60,0.0,1.141149,1.813029,0.594999,0.0,Naive,0.220166,effa81f37e986df2,0.25,0.205248,0.218037,0.462566,0.218037,0.37698,Stable,False,2026-08-27T18:24:04.422843+00:00
P01454,257.431343,51.016079,670,0.0,238.9,36.775406,60,0.0,0.363245,0.720859,0.327312,0.0,HoltWinters7,0.070917,4cc407fd04dacfba,0.098857,0.056947,0.735964,0.18172,0.735964,0.375706,Stable,False,2026-08-27T18:24:04.422843+00:00
P01218,224.570149,24.909768,670,0.0,210.966667,13.550867,60,0.0,0.54611,0.543998,0.60881,0.0,HoltWinters7,0.044913,24ca17b4fd956e8e,0.05796,0.03839,0.509785,0.302383,0.509785,0.374974,Stable,False,2026-08-27T18:24:04.422843+00:00
P00157,90.162687,15.319676,670,0.0,103.6,12.327728,60,0.0,0.877128,0.804699,0.217287,0.0,HoltWinters7,0.083236,ea525665c7ec2813,0.107751,0.070979,0.518076,0.295532,0.518076,0.373422,Stable,False,2026-08-27T18:24:04.422843+00:00
P01864,201.213433,40.436048,670,0.0,184.833333,25.533738,60,0.0,0.405087,0.63146,0.459721,0.0,HoltWinters7,0.075983,e2960ad8922770b3,0.10265,0.062649,0.638488,0.226329,0.638488,0.370585,Stable,False,2026-08-27T18:24:04.422843+00:00
P01983,57.562687,6.86958,670,0.0,54.566667,4.271969,60,0.0,0.436129,0.621868,0.475028,0.0,HoltWinters7,0.059593,efce12b97015014b,0.079772,0.049503,0.61146,0.238692,0.61146,0.369161,Stable,False,2026-08-27T18:24:04.422843+00:00
P00758,282.755224,47.543511,670,0.0,313.683333,35.036781,60,0.0,0.650522,0.736941,0.305247,0.0,HoltWinters7,0.068509,4f2157bcf16995c9,0.090479,0.057524,0.572873,0.255205,0.572873,0.366389,Stable,False,2026-08-27T18:24:04.422843+00:00
P00436,56.495522,9.672166,670,0.0,64.866667,8.011574,60,0.0,0.865488,0.828312,0.188365,0.0,HoltWinters7,0.082352,3803b8d048450f04,0.106531,0.070262,0.516192,0.2851,0.516192,0.365983,Stable,False,2026-08-27T18:24:04.422843+00:00
P01965,295.719403,57.337816,670,0.0,274.6,42.250745,60,0.0,0.368333,0.736874,0.305338,0.0,HoltWinters7,0.06581,b9037113225ac161,0.090925,0.053252,0.707449,0.177626,0.707449,0.363064,Stable,False,2026-08-27T18:24:04.422843+00:00
P01222,24.476119,4.334848,670,0.0,30.583333,8.557466,60,0.0,1.408865,1.97411,0.680118,0.0,HoltWinters7,0.142923,abcb5f6cb01fc825,0.098253,0.165258,-0.405454,0.557467,0.0,0.362354,Stable,False,2026-08-27T18:24:04.422843+00:00
P00831,33.189552,6.024232,670,0.0,41.766667,11.56612,60,0.0,1.423769,1.919933,0.65229,0.0,HoltWinters7,0.172207,71602453c43b3e76,0.154735,0.180943,-0.14484,0.554609,0.0,0.360496,Stable,False,2026-08-27T18:24:04.422843+00:00
P01708,9.761194,1.710685,670,0.0,12.2,3.261486,60,0.0,1.425631,1.906537,0.645289,0.0,HoltWinters7,0.13302,819beca22a7aa101,0.070474,0.164293,-0.571048,0.553371,0.0,0.359691,Stable,False,2026-08-27T18:24:04.422843+00:00
P01277,30.002985,5.305607,670,0.0,37.416667,10.433472,60,0.0,1.39733,1.966499,0.676255,0.0,HoltWinters7,0.156236,0d75b849c04b1080,0.073603,0.197553,-0.627427,0.553329,0.0,0.359664,Stable,False,2026-08-27T18:24:04.422843+00:00
P01575,17.950746,3.240111,670,0.0,22.45,6.352432,60,0.0,1.388611,1.96056,0.67323,0.0,HoltWinters7,0.145197,cf4612dd6c8caaf2,0.07914,0.178226,-0.555959,0.550176,0.0,0.357614,Stable,False,2026-08-27T18:24:04.422843+00:00
P01519,35.11791,6.204498,670,0.0,43.683333,12.250896,60,0.0,1.380518,1.974519,0.680325,0.0,Holt,0.175998,4be0d92ed2df0b1a,0.147621,0.190187,-0.22381,0.549724,0.0,0.35732,Stable,False,2026-08-27T18:24:04.422843+00:00
P00255,17.591045,3.119433,670,0.0,21.866667,6.193125,60,0.0,1.370641,1.985337,0.685789,0.0,HoltWinters7,0.161213,3b81e0141748d8b1,0.085527,0.199056,-0.570334,0.548373,0.0,0.356443,Stable,False,2026-08-27T18:24:04.422843+00:00
P01615,2.58209,0.631728,670,0.0,2.5,0.504219,60,0.0,0.129944,0.798159,0.225448,0.0,Naive,0.106838,358b034ce2340f8d,0.153846,0.083333,0.846154,0.092097,0.846154,0.356017,Stable,False,2026-08-27T18:24:04.422843+00:00
P01752,10.149254,1.799798,670,0.0,12.566667,3.670158,60,0.0,1.343158,2.039205,0.71256,0.0,HoltWinters7,0.161679,41ded0c9e6eb7213,0.098308,0.193364,-0.49159,0.547508,0.0,0.35588,Stable,False,2026-08-27T18:24:04.422843+00:00
P00460,11.647761,2.040279,670,0.0,14.4,4.11364,60,0.0,1.348952,2.016215,0.701222,0.0,HoltWinters7,0.142537,21779990ab6136b7,0.072979,0.177316,-0.588426,0.546267,0.0,0.355074,Stable,False,2026-08-27T18:24:04.422843+00:00
P00592,187.695522,30.391316,670,0.0,213.366667,26.111214,60,0.0,0.844687,0.859167,0.151792,0.0,HoltWinters7,0.073124,89589e56a3d0b95b,0.094441,0.062466,0.511863,0.270237,0.511863,0.354806,Stable,False,2026-08-27T18:24:04.422843+00:00
P01044,269.655224,45.628436,670,0.0,303.833333,34.382774,60,0.0,0.749053,0.753538,0.282975,0.0,HoltWinters7,0.06598,6fe4aa845a44b41a,0.084748,0.056596,0.497422,0.276733,0.497422,0.353974,Stable,False,2026-08-27T18:24:04.422843+00:00
P01850,44.871642,5.149914,670,0.0,42.233333,3.480535,60,0.0,0.512301,0.675843,0.391794,0.0,HoltWinters7,0.04774,259ebc5aa2470247,0.062909,0.040155,0.566646,0.238831,0.566646,0.353566,Stable,False,2026-08-27T18:24:04.422843+00:00
P01609,21.80597,3.861344,670,0.0,27.233333,7.244792,60,0.0,1.405563,1.876236,0.629267,0.0,HoltWinters7,0.140821,8bec7dcc7fdd8407,0.076584,0.172939,-0.557161,0.543847,0.0,0.3535,Stable,False,2026-08-27T18:24:04.422843+00:00
P01300,388.316418,67.667203,670,0.0,447.9,61.522409,60,0.0,0.880539,0.909191,0.0952,0.0,HoltWinters7,0.080135,407a0a812a7a20a8,0.103462,0.068471,0.511038,0.265948,0.511038,0.351729,Stable,False,2026-08-27T18:24:04.422843+00:00
P00394,148.750746,26.065497,670,0.0,171.216667,21.172489,60,0.0,0.861903,0.81228,0.20791,0.0,HoltWinters7,0.082655,da8ff81de73ceebd,0.104731,0.071617,0.462385,0.289001,0.462385,0.349685,Stable,False,2026-08-27T18:24:04.422843+00:00
P00920,29.207463,5.113387,670,0.0,36.1,9.953621,60,0.0,1.34794,1.946581,0.666074,0.0,HoltWinters7,0.139209,80f481ed09ca14ab,0.058765,0.179432,-0.672496,0.537202,0.0,0.349181,Stable,False,2026-08-27T18:24:04.422843+00:00
P00016,17.962687,3.196146,670,0.0,22.283333,6.159165,60,0.0,1.35183,1.92706,0.655996,0.0,HoltWinters7,0.149931,620db98727d62887,0.07565,0.187071,-0.595606,0.535752,0.0,0.348239,Stable,False,2026-08-27T18:24:04.422843+00:00
P01666,28.737313,5.021593,670,0.0,37.133333,6.074304,60,0.0,1.671983,1.209637,0.19032,0.0,HoltWinters7,0.125009,0a64a2f394ea89ab,0.129305,0.122861,0.052447,0.507376,0.052447,0.348151,Stable,False,2026-08-27T18:24:04.422843+00:00
P01135,47.555224,64.109858,670,0.640299,50.016667,62.233974,60,0.6,0.038394,0.97074,0.029697,0.040299,SeasonalNaive7,1.274921,a28aba468cf1d501,1.878193,0.973285,0.929745,0.034102,0.929745,0.347577,Stable,False,2026-08-27T18:24:04.422843+00:00
P00963,32.426866,5.972272,670,0.0,40.6,11.235839,60,0.0,1.368513,1.881334,0.631981,0.0,HoltWinters7,0.147579,e1e13036f305b52b,0.092553,0.175093,-0.471407,0.534336,0.0,0.347319,Stable,False,2026-08-27T18:24:04.422843+00:00
P00722,33.080597,5.7592,670,0.0,40.766667,11.246644,60,0.0,1.334572,1.952814,0.669271,0.0,HoltWinters7,0.157496,01848c457d6b8329,0.099425,0.186531,-0.466979,0.534325,0.0,0.347311,Stable,False,2026-08-27T18:24:04.422843+00:00
P01452,99.043284,16.496398,670,0.0,111.083333,15.212942,60,0.0,0.729859,0.922198,0.080996,0.0,HoltWinters7,0.082976,7c2514a10dff0974,0.109868,0.06953,0.58016,0.22096,0.58016,0.34668,Stable,False,2026-08-27T18:24:04.422843+00:00
P01471,57.904478,9.682237,670,0.0,64.933333,8.060926,60,0.0,0.725954,0.832548,0.183265,0.0,HoltWinters7,0.085676,41e0636af1b0aa0e,0.111576,0.072727,0.534174,0.245453,0.534174,0.346506,Stable,False,2026-08-27T18:24:04.422843+00:00
P01125,299.337313,50.098256,670,0.0,351.733333,44.280258,60,0.0,1.045865,0.883868,0.123447,0.0,HoltWinters7,0.084482,2e5deb52de031e3c,0.104235,0.074605,0.397166,0.318475,0.397166,0.346017,Stable,False,2026-08-27T18:24:04.422843+00:00
P00219,361.346269,62.26636,670,0.0,405.55,55.138477,60,0.0,0.709914,0.885526,0.121574,0.0,HoltWinters7,0.084205,fa843819d2a60515,0.111046,0.070784,0.568813,0.22562,0.568813,0.345737,Stable,False,2026-08-27T18:24:04.422843+00:00
P01598,21.952239,3.846158,670,0.0,26.983333,7.619092,60,0.0,1.308083,1.980962,0.683582,0.0,HoltWinters7,0.146936,16fe22978d7f2c60,0.078322,0.181243,-0.567863,0.530618,0.0,0.344902,Stable,False,2026-08-27T18:24:04.422843+00:00
P01562,5.955224,1.110257,670,0.0,7.4,2.210913,60,0.0,1.301299,1.991352,0.688814,0.0,HoltWinters7,0.154199,14b7cde400e63ee8,0.077011,0.192793,-0.600552,0.530061,0.0,0.344539,Stable,False,2026-08-27T18:24:04.422843+00:00
P01525,251.853731,50.153571,670,0.0,227.666667,34.436218,60,0.0,0.48226,0.686615,0.375981,0.0,HoltWinters7,0.070556,e8a5cb02411e22cd,0.09282,0.059424,0.561991,0.226617,0.561991,0.343998,Stable,False,2026-08-27T18:24:04.422843+00:00
P00543,21.828358,3.925552,670,0.0,27.016667,7.58565,60,0.0,1.321676,1.932378,0.658751,0.0,HoltWinters7,0.150027,bb2572d7cf6e5a31,0.077295,0.186394,-0.585314,0.528149,0.0,0.343297,Stable,False,2026-08-27T18:24:04.422843+00:00
P00403,115.659701,22.681469,670,0.0,108.416667,16.894781,60,0.0,0.319337,0.744872,0.294544,0.0,HoltWinters7,0.076006,394b9f97f73d22e1,0.104043,0.061987,0.678459,0.161454,0.678459,0.342406,Stable,False,2026-08-27T18:24:04.422843+00:00
P00500,156.479104,28.849571,670,0.0,196.783333,26.056712,60,0.0,1.397048,0.903192,0.10182,0.0,HoltWinters7,0.112316,72239d27a771f615,0.127478,0.104735,0.21715,0.409643,0.21715,0.34227,Stable,False,2026-08-27T18:24:04.422843+00:00
P00922,105.897015,12.09664,670,0.0,99.533333,7.842662,60,0.0,0.52607,0.648334,0.433349,0.0,HoltWinters7,0.045645,0a74373e402baa2a,0.05882,0.039058,0.50596,0.253007,0.50596,0.34154,Stable,False,2026-08-27T18:24:04.422843+00:00
P01927,274.685075,55.304518,670,0.0,256.916667,38.881956,60,0.0,0.321283,0.703052,0.352324,0.0,HoltWinters7,0.066516,dbf00cd4456f5bf3,0.090136,0.054707,0.64763,0.176434,0.64763,0.341353,Stable,False,2026-08-27T18:24:04.422843+00:00
P00401,20.714925,3.68501,670,0.0,25.616667,6.960157,60,0.0,1.330184,1.888776,0.635929,0.0,HoltWinters7,0.135552,a511f56d087a9fac,0.056119,0.175269,-0.679813,0.524783,0.0,0.341109,Stable,False,2026-08-27T18:24:04.422843+00:00
P00316,449.779104,76.887425,670,0.0,517.85,68.864353,60,0.0,0.885332,0.895652,0.110204,0.0,HoltWinters7,0.077005,7fcee1b22e534a79,0.097788,0.066613,0.468,0.271017,0.468,0.339961,Stable,False,2026-08-27T18:24:04.422843+00:00
P00873,341.01194,57.434722,670,0.0,393.483333,48.94947,60,0.0,0.913583,0.852263,0.15986,0.0,HoltWinters7,0.067932,d646df718820bbc7,0.084918,0.059439,0.428662,0.2912,0.428662,0.339312,Stable,False,2026-08-27T18:24:04.422843+00:00
P00798,269.470149,31.098736,670,0.0,253.616667,21.29223,60,0.0,0.509779,0.684665,0.378825,0.0,HoltWinters7,0.054996,454c12220eb23472,0.071481,0.046754,0.528873,0.234895,0.528873,0.337788,Stable,False,2026-08-27T18:24:04.422843+00:00
P00125,19.165672,3.408556,670,0.0,23.633333,6.433405,60,0.0,1.31072,1.887428,0.635215,0.0,Naive,0.15723,83401df2ae866841,0.091787,0.189952,-0.516786,0.519252,0.0,0.337514,Stable,False,2026-08-27T18:24:04.422843+00:00
P01785,319.08806,34.896255,670,0.0,302.483333,26.277845,60,0.0,0.475831,0.753028,0.283653,0.0,HoltWinters7,0.047318,214e7ae70fc42612,0.062833,0.03956,0.588286,0.201767,0.588286,0.337049,Stable,False,2026-08-27T18:24:04.422843+00:00
P00004,288.346269,57.018913,670,0.0,268.383333,40.378754,60,0.0,0.350111,0.708164,0.345079,0.0,HoltWinters7,0.069794,68425ea1e6d586b7,0.093799,0.057792,0.623059,0.18255,0.623059,0.336728,Stable,False,2026-08-27T18:24:04.422843+00:00
P01315,235.576119,25.937767,670,0.0,223.3,18.827765,60,0.0,0.473291,0.725882,0.320367,0.0,HoltWinters7,0.045878,2e70d77b41bb6d2c,0.060544,0.038545,0.570718,0.210247,0.570718,0.336412,Stable,False,2026-08-27T18:24:04.422843+00:00
P00545,26.131343,5.05906,670,0.0,24.25,3.657474,60,0.0,0.371876,0.722955,0.324408,0.0,HoltWinters7,0.070838,39e569175416e23c,0.095116,0.0587,0.62037,0.183368,0.62037,0.336319,Stable,False,2026-08-27T18:24:04.422843+00:00
P01914,27.898507,6.250513,670,0.0,25.95,3.929139,60,0.0,0.311736,0.628611,0.464243,0.0,HoltWinters7,0.088939,79558f9614647f29,0.117999,0.07441,0.585794,0.201788,0.585794,0.33619,Stable,False,2026-08-27T18:24:04.422843+00:00
P01385,509.680597,84.198833,670,0.0,579.116667,69.565502,60,0.0,0.824668,0.826205,0.190912,0.0,HoltWinters7,0.077757,f496e89f8feae200,0.097891,0.06769,0.446162,0.274512,0.446162,0.334589,Stable,False,2026-08-27T18:24:04.422843+00:00
P00928,357.813433,58.20804,670,0.0,403.4,52.475402,60,0.0,0.783166,0.901515,0.103679,0.0,HoltWinters7,0.093832,da3c88dd259c72e3,0.12092,0.080288,0.506076,0.24129,0.506076,0.333965,Stable,False,2026-08-27T18:24:04.422843+00:00
P00627,269.21194,44.644718,670,0.0,295.666667,38.99051,60,0.0,0.592561,0.873351,0.135418,0.0,HoltWinters7,0.081238,013401cfa47710db,0.107874,0.06792,0.588252,0.196809,0.588252,0.333814,Stable,False,2026-08-27T18:24:04.422843+00:00
P00307,52.332836,5.967372,670,0.0,49.533333,3.959398,60,0.0,0.469135,0.663508,0.410215,0.0,HoltWinters7,0.045266,81a1296d73ce8c30,0.058712,0.038543,0.523295,0.231566,0.523295,0.333671,Stable,False,2026-08-27T18:24:04.422843+00:00
P00296,49.71791,5.579388,670,0.0,46.9,3.789817,60,0.0,0.505057,0.679253,0.386761,0.0,HoltWinters7,0.045273,5fdce793beef1591,0.058546,0.038637,0.515287,0.235581,0.515287,0.333478,Stable,False,2026-08-27T18:24:04.422843+00:00
P01090,4.064179,0.80566,670,0.0,5.15,1.424067,60,0.0,1.34774,1.767577,0.56961,0.0,HoltWinters7,0.153643,fba6c2db59aa27d0,0.091472,0.184729,-0.504832,0.513031,0.0,0.33347,Stable,False,2026-08-27T18:24:04.422843+00:00
P00607,9.270149,1.671042,670,0.0,11.4,3.184709,60,0.0,1.274565,1.905822,0.644914,0.0,HoltWinters7,0.157907,074506064568d743,0.091299,0.191211,-0.522524,0.511734,0.0,0.332627,Stable,False,2026-08-27T18:24:04.422843+00:00
P01894,7.638806,1.36724,670,0.0,9.35,2.660604,60,0.0,1.251569,1.945968,0.665759,0.0,Naive,0.16255,f30a0515410e5dbc,0.060241,0.213704,-0.71811,0.510621,0.0,0.331904,Stable,False,2026-08-27T18:24:04.422843+00:00
P01657,258.262687,52.465175,670,0.0,237.65,34.639952,60,0.0,0.392883,0.660247,0.415142,0.0,HoltWinters7,0.070746,4cc354e204b9034a,0.092826,0.059706,0.554718,0.211828,0.554718,0.33184,Stable,False,2026-08-27T18:24:04.422843+00:00
P00420,405.610448,69.362712,670,0.0,478.816667,55.972903,60,0.0,1.055412,0.80696,0.214482,0.0,HoltWinters7,0.074978,d2ffd437491aa753,0.088952,0.06799,0.308312,0.343859,0.308312,0.331417,Stable,False,2026-08-27T18:24:04.422843+00:00
P01861,42.919403,7.434783,670,0.0,50.666667,6.448405,60,0.0,1.042029,0.867329,0.142337,0.0,HoltWinters7,0.071446,1f235eab888dc737,0.086288,0.064025,0.347714,0.322142,0.347714,0.331092,Stable,False,2026-08-27T18:24:04.422843+00:00
P01296,10.508955,1.928252,670,0.0,12.983333,3.605512,60,0.0,1.283223,1.869834,0.62585,0.0,HoltWinters7,0.156849,4ebd1abcb437037f,0.078022,0.196263,-0.602462,0.509349,0.0,0.331077,Stable,False,2026-08-27T18:24:04.422843+00:00
P00164,107.729851,18.339927,670,0.0,120.483333,14.607279,60,0.0,0.695394,0.796474,0.227561,0.0,HoltWinters7,0.076752,c4b3bce785804d42,0.097981,0.066138,0.481463,0.248124,0.481463,0.329792,Stable,False,2026-08-27T18:24:04.422843+00:00
P00574,121.134328,19.848451,670,0.0,136.633333,18.123836,60,0.0,0.780867,0.913111,0.090898,0.0,HoltWinters7,0.077555,5296266dbc92819f,0.099701,0.066482,0.499684,0.237463,0.499684,0.32924,Stable,False,2026-08-27T18:24:04.422843+00:00
P00957,106.583582,17.232466,670,0.0,119.016667,14.990948,60,0.0,0.721492,0.869925,0.139349,0.0,HoltWinters7,0.071856,e2e5c8cbd446d9b2,0.092584,0.061492,0.505629,0.233247,0.505629,0.328581,Stable,False,2026-08-27T18:24:04.422843+00:00
P01902,6.40597,1.160882,670,0.0,7.833333,2.23354,60,0.0,1.22955,1.924002,0.654408,0.0,HoltWinters7,0.171173,69c7473a7c9a9ab4,0.129753,0.191882,-0.323787,0.501728,0.0,0.326123,Stable,False,2026-08-27T18:24:04.422843+00:00
P00547,10.947761,1.967285,670,0.0,13.25,4.01955,60,0.0,1.170262,2.043196,0.714515,0.0,HoltWinters7,0.154861,93b416ddda576907,0.095738,0.184423,-0.480877,0.500451,0.0,0.325293,Stable,False,2026-08-27T18:24:04.422843+00:00
P01704,33.70597,3.881865,670,0.0,31.833333,2.408788,60,0.0,0.482407,0.620523,0.477192,0.0,HoltWinters7,0.051858,996fa180f6baaa0a,0.065685,0.044944,0.461464,0.25196,0.461464,0.325286,Stable,False,2026-08-27T18:24:04.422843+00:00
P01183,38.443284,7.569246,670,0.0,36.066667,5.361086,60,0.0,0.313983,0.708272,0.344927,0.0,SeasonalNaive7,0.066435,7979799a7b538fed,0.08883,0.055237,0.60816,0.172577,0.60816,0.325031,Stable,False,2026-08-27T18:24:04.422843+00:00
P01097,7.837313,1.433773,670,0.0,9.666667,2.595084,60,0.0,1.275901,1.809968,0.593309,0.0,HoltWinters7,0.157423,c45365103afebe08,0.100036,0.186116,-0.462504,0.4992,0.0,0.32448,Stable,False,2026-08-27T18:24:04.422843+00:00
P00980,63.458209,7.216524,670,0.0,59.9,4.642106,60,0.0,0.493064,0.643261,0.441205,0.0,HoltWinters7,0.039072,8100b7cbbaf3ae8d,0.049659,0.033779,0.470118,0.245894,0.470118,0.324372,Stable,False,2026-08-27T18:24:04.422843+00:00
P01938,247.534328,44.489543,670,0.0,318.666667,56.349595,60,0.0,1.598855,1.266581,0.236321,0.0,HoltWinters7,0.118747,00c1d55cd654f5d4,0.107424,0.124409,-0.136523,0.498765,0.0,0.324198,Stable,False,2026-08-27T18:24:04.422843+00:00
P01896,469.362687,83.006014,670,0.0,534.716667,67.071955,60,0.0,0.78734,0.808037,0.213147,0.0,HoltWinters7,0.082054,e625ba0fb8ee0a06,0.102402,0.071879,0.42464,0.269805,0.42464,0.323997,Stable,False,2026-08-27T18:24:04.422843+00:00
P00572,620.407463,110.293329,670,0.0,708.266667,89.165598,60,0.0,0.796596,0.808441,0.212648,0.0,HoltWinters7,0.071556,3c4342b683db3791,0.089052,0.062808,0.41783,0.272226,0.41783,0.323187,Stable,False,2026-08-27T18:24:04.422843+00:00
P01240,6.453731,1.181614,670,0.0,7.916667,2.203938,60,0.0,1.238082,1.865193,0.623365,0.0,HoltWinters7,0.198472,4af1063352bd28a5,0.189201,0.203107,-0.068469,0.496314,0.0,0.322604,Stable,False,2026-08-27T18:24:04.422843+00:00
P01134,32.116418,5.686756,670,0.0,39.166667,10.515794,60,0.0,1.239766,1.849173,0.614738,0.0,HoltWinters7,0.143112,6ce5e146fb9108bc,0.064781,0.182277,-0.644603,0.49462,0.0,0.321503,Stable,False,2026-08-27T18:24:04.422843+00:00
P00557,6.683582,1.212121,670,0.0,8.116667,2.387053,60,0.0,1.182295,1.96932,0.677688,0.0,HoltWinters7,0.161773,cbd0a5f352fa04c4,0.105555,0.189881,-0.444098,0.494553,0.0,0.32146,Stable,False,2026-08-27T18:24:04.422843+00:00
P01330,143.274627,28.885876,670,0.0,130.416667,18.811547,60,0.0,0.44513,0.651237,0.428882,0.0,HoltWinters7,0.067115,c48acdcdc3aa92a0,0.086012,0.057666,0.491539,0.229631,0.491539,0.321299,Stable,False,2026-08-27T18:24:04.422843+00:00
P01875,277.465672,30.557714,670,0.0,264.5,19.962253,60,0.0,0.424301,0.653264,0.425774,0.0,HoltWinters7,0.05078,54b7ac23dd5c20af,0.065304,0.043517,0.500659,0.223126,0.500659,0.320263,Stable,False,2026-08-27T18:24:04.422843+00:00
P00766,352.877612,58.566839,670,0.0,395.333333,50.988755,60,0.0,0.724911,0.870608,0.138564,0.0,HoltWinters7,0.086952,106edd3dfa4781e9,0.110943,0.074956,0.480116,0.233991,0.480116,0.320135,Stable,False,2026-08-27T18:24:04.422843+00:00
P00507,221.974627,40.724613,670,0.0,282.033333,44.78081,60,0.0,1.474752,1.099601,0.094947,0.0,HoltWinters7,0.121894,329b6752a8a79f98,0.130969,0.117357,0.115989,0.429294,0.115989,0.319637,Stable,False,2026-08-27T18:24:04.422843+00:00
P00643,14.09403,2.56196,670,0.0,17.283333,4.654474,60,0.0,1.244868,1.816762,0.597056,0.0,HoltWinters7,0.154738,24c3cb413ce81711,0.107293,0.178461,-0.398787,0.491603,0.0,0.319542,Stable,False,2026-08-27T18:24:04.422843+00:00
P00720,511.316418,85.025688,670,0.0,594.416667,72.728492,60,0.0,0.977355,0.855371,0.15622,0.0,HoltWinters7,0.071109,1040fa6019ff4ff8,0.085625,0.063851,0.341018,0.307828,0.341018,0.319444,Stable,False,2026-08-27T18:24:04.422843+00:00
P01435,6.550746,1.164866,670,0.0,8.0,2.107292,60,0.0,1.244138,1.809042,0.592797,0.0,HoltWinters7,0.142262,014deb65e5640e98,0.07937,0.173708,-0.543084,0.490337,0.0,0.318719,Stable,False,2026-08-27T18:24:04.422843+00:00
P01133,32.262687,5.641742,670,0.0,38.966667,10.836171,60,0.0,1.188282,1.920714,0.652697,0.0,HoltWinters7,0.15311,bcf68b4433f93faa,0.076816,0.191257,-0.598361,0.489952,0.0,0.318469,Stable,False,2026-08-27T18:24:04.422843+00:00
P01185,16.252239,2.91493,670,0.0,19.8,5.411225,60,0.0,1.2171,1.856382,0.61863,0.0,HoltWinters7,0.15565,1aeb9c86a69f4282,0.090205,0.188372,-0.521132,0.48936,0.0,0.318084,Stable,False,2026-08-27T18:24:04.422843+00:00
P01442,9.704478,1.712299,670,0.0,11.8,3.14508,60,0.0,1.223806,1.836758,0.608002,0.0,HoltWinters7,0.160089,4c38d1f319489ccd,0.141459,0.169403,-0.164956,0.488547,0.0,0.317556,Stable,False,2026-08-27T18:24:04.422843+00:00
P01175,92.435821,15.603301,670,0.0,104.166667,11.345374,60,0.0,0.751818,0.727114,0.318672,0.0,HoltWinters7,0.068992,25cf24694886e9ac,0.084317,0.06133,0.374806,0.286418,0.374806,0.317354,Stable,False,2026-08-27T18:24:04.422843+00:00
P00431,29.650746,5.323085,670,0.0,36.033333,10.021953,60,0.0,1.199039,1.882734,0.632725,0.0,HoltWinters7,0.154969,52f4954b502b9069,0.091711,0.186597,-0.508506,0.487917,0.0,0.317146,Stable,False,2026-08-27T18:24:04.422843+00:00
P01210,185.276119,33.631608,670,0.0,241.233333,37.944816,60,0.0,1.663828,1.128249,0.120667,0.0,HoltWinters7,0.104258,c3ec7cf20d6b51df,0.079854,0.11646,-0.314327,0.487719,0.0,0.317018,Stable,False,2026-08-27T18:24:04.422843+00:00
P00953,27.601493,4.812571,670,0.0,33.5,8.790403,60,0.0,1.225646,1.826551,0.602429,0.0,HoltWinters7,0.130592,c960bf9f0dc90f18,0.064191,0.163792,-0.608096,0.48766,0.0,0.316979,Stable,False,2026-08-27T18:24:04.422843+00:00
P01374,36.483582,6.022295,670,0.0,40.433333,4.526257,60,0.0,0.655855,0.751583,0.285573,0.0,HoltWinters7,0.073593,e2cab09978fce702,0.092336,0.064222,0.437777,0.251753,0.437777,0.316862,Stable,False,2026-08-27T18:24:04.422843+00:00
P00863,111.380597,12.391951,670,0.0,104.95,8.922311,60,0.0,0.518933,0.720009,0.328492,0.0,HoltWinters7,0.046324,f1ed8b5e0ff19d42,0.059279,0.039846,0.48771,0.22483,0.48771,0.316838,Stable,False,2026-08-27T18:24:04.422843+00:00
P01293,337.731343,55.48783,670,0.0,386.033333,47.413066,60,0.0,0.870497,0.854477,0.157266,0.0,HoltWinters7,0.071174,aeb01702898e6ffe,0.087462,0.063031,0.387612,0.278703,0.387612,0.316821,Stable,False,2026-08-27T18:24:04.422843+00:00
P01685,22.031343,3.954967,670,0.0,26.983333,7.002401,60,0.0,1.252094,1.770533,0.571281,0.0,HoltWinters7,0.15348,6bfe3bc0e4a561e4,0.099506,0.180467,-0.448618,0.487146,0.0,0.316645,Stable,False,2026-08-27T18:24:04.422843+00:00
P00058,22.056716,3.82421,670,0.0,26.7,7.057392,60,0.0,1.214181,1.845451,0.612724,0.0,HoltWinters7,0.155045,f64b94dd6997f45a,0.101493,0.181821,-0.441799,0.487081,0.0,0.316602,Stable,False,2026-08-27T18:24:04.422843+00:00
P00511,108.037313,18.039654,670,0.0,122.8,14.504003,60,0.0,0.818346,0.804007,0.218148,0.0,HoltWinters7,0.078762,8b77a333e06468e5,0.096686,0.0698,0.385197,0.279582,0.385197,0.316547,Stable,False,2026-08-27T18:24:04.422843+00:00
P00801,380.879104,66.940453,670,0.0,440.383333,56.29977,60,0.0,0.888913,0.841043,0.173113,0.0,HoltWinters7,0.078974,7d3b8d8c9183fec8,0.096303,0.07031,0.369691,0.287729,0.369691,0.316416,Stable,False,2026-08-27T18:24:04.422843+00:00
P00190,25.870149,4.761534,670,0.0,31.7,8.67746,60,0.0,1.224364,1.822409,0.600159,0.0,HoltWinters7,0.154396,ca1af7343f452d75,0.093876,0.184656,-0.491619,0.48674,0.0,0.316381,Stable,False,2026-08-27T18:24:04.422843+00:00
P01645,32.401493,5.767674,670,0.0,39.35,10.710086,60,0.0,1.204733,1.856916,0.618917,0.0,SES,0.166811,deaf2ff24ec27ad8,0.107289,0.196572,-0.454198,0.486031,0.0,0.31592,Stable,False,2026-08-27T18:24:04.422843+00:00
P00076,300.989552,52.681928,670,0.0,342.683333,39.397364,60,0.0,0.791425,0.747835,0.290574,0.0,HoltWinters7,0.074895,5ae017b90ced4edc,0.091081,0.066802,0.363437,0.290285,0.363437,0.315888,Stable,False,2026-08-27T18:24:04.422843+00:00
P00221,412.698507,45.790174,670,0.0,395.633333,35.064573,60,0.0,0.372682,0.765766,0.266878,0.0,HoltWinters7,0.044393,e1dd9f5e3999d59b,0.058928,0.037126,0.587262,0.169207,0.587262,0.315526,Stable,False,2026-08-27T18:24:04.422843+00:00
P00485,59.380597,11.722881,670,0.0,55.1,7.946218,60,0.0,0.365149,0.677838,0.388847,0.0,HoltWinters7,0.070577,4613e97e69b36123,0.091872,0.05993,0.532976,0.197628,0.532976,0.315,Stable,False,2026-08-27T18:24:04.422843+00:00
P01985,31.007463,5.536529,670,0.0,37.6,10.361598,60,0.0,1.190735,1.871497,0.626739,0.0,HoltWinters7,0.142969,eccd174316462249,0.065043,0.181932,-0.642487,0.484137,0.0,0.314689,Stable,False,2026-08-27T18:24:04.422843+00:00
P01940,18.326866,3.204867,670,0.0,22.0,6.286925,60,0.0,1.146111,1.96168,0.673801,0.0,HoltWinters7,0.14702,376242c8375db82f,0.089012,0.176024,-0.494317,0.483631,0.0,0.31436,Stable,False,2026-08-27T18:24:04.422843+00:00
P00696,236.873134,46.169057,670,0.0,221.55,34.353311,60,0.0,0.331892,0.744077,0.295611,0.0,SeasonalNaive7,0.074962,dcc0f2f4a7dd123b,0.09962,0.062634,0.590513,0.165173,0.590513,0.314042,Stable,False,2026-08-27T18:24:04.422843+00:00
P01530,117.402985,23.857111,670,0.0,106.366667,14.621747,60,0.0,0.462601,0.612888,0.489572,0.0,HoltWinters7,0.059821,a1ed17b6dde6018a,0.074908,0.052277,0.4329,0.249608,0.4329,0.313761,Stable,False,2026-08-27T18:24:04.422843+00:00
P00108,188.244776,31.729044,670,0.0,216.716667,27.726321,60,0.0,0.897345,0.873847,0.13485,0.0,HoltWinters7,0.071603,788ab6e5d7db1e2b,0.08752,0.063644,0.375137,0.280482,0.375137,0.313612,Stable,False,2026-08-27T18:24:04.422843+00:00
P00321,121.195522,24.296296,670,0.0,111.766667,15.606785,60,0.0,0.388078,0.642352,0.442618,0.0,HoltWinters7,0.060492,871362ce3d80f6c6,0.077547,0.051965,0.492302,0.217376,0.492302,0.3136,Stable,False,2026-08-27T18:24:04.422843+00:00
P01761,37.047761,6.038302,670,0.0,40.2,5.30366,60,0.0,0.522041,0.878336,0.129726,0.0,HoltWinters7,0.06612,3038b8436fb16f21,0.0872,0.055581,0.568891,0.175993,0.568891,0.313507,Stable,False,2026-08-27T18:24:04.422843+00:00
P01495,79.580597,13.894389,670,0.0,89.816667,11.71916,60,0.0,0.736705,0.843446,0.17026,0.0,HoltWinters7,0.078619,1ee6f8e28f31f676,0.098698,0.06858,0.439161,0.245159,0.439161,0.31306,Stable,False,2026-08-27T18:24:04.422843+00:00
P00159,15.358209,2.819967,670,0.0,18.85,4.936289,60,0.0,1.238238,1.750478,0.559889,0.0,HoltWinters7,0.140432,e692182efcadd9bc,0.079156,0.17107,-0.537288,0.480488,0.0,0.312317,Stable,False,2026-08-27T18:24:04.422843+00:00
P01232,29.338806,5.288973,670,0.0,35.433333,10.172023,60,0.0,1.152308,1.923251,0.654017,0.0,HoltWinters7,0.141181,1dbff3697ef222b2,0.068867,0.177338,-0.611663,0.480389,0.0,0.312253,Stable,False,2026-08-27T18:24:04.422843+00:00
P00038,12.864179,2.282264,670,0.0,15.6,4.162789,60,0.0,1.198731,1.823973,0.601017,0.0,HoltWinters7,0.143874,1a6631ad81e0a49a,0.083435,0.174093,-0.520744,0.479905,0.0,0.311938,Stable,False,2026-08-27T18:24:04.422843+00:00
P01832,172.09403,27.125382,670,0.0,197.9,25.125246,60,0.0,0.951359,0.926263,0.076597,0.0,HoltWinters7,0.081802,5d4567a788beb975,0.099745,0.07283,0.369551,0.280773,0.369551,0.311845,Stable,False,2026-08-27T18:24:04.422843+00:00
P01162,30.786567,5.327886,670,0.0,36.933333,10.169524,60,0.0,1.153697,1.908735,0.646441,0.0,HoltWinters7,0.144959,bf644884d8011985,0.086537,0.17417,-0.503147,0.478877,0.0,0.31127,Stable,False,2026-08-27T18:24:04.422843+00:00
P00624,144.038806,29.003247,670,0.0,131.2,20.473878,60,0.0,0.442668,0.705917,0.348258,0.0,HoltWinters7,0.062877,c679881eea11159a,0.080863,0.053884,0.50068,0.208798,0.50068,0.310957,Stable,False,2026-08-27T18:24:04.422843+00:00
P00425,21.889552,3.888934,670,0.0,26.4,7.348931,60,0.0,1.159816,1.889703,0.63642,0.0,HoltWinters7,0.154614,b5080d11dd5d6b08,0.081403,0.191219,-0.574297,0.478054,0.0,0.310735,Stable,False,2026-08-27T18:24:04.422843+00:00
P01482,4.716418,0.881736,670,0.0,5.75,1.64291,60,0.0,1.172213,1.863268,0.622332,0.0,HoltWinters7,0.150573,019a17aa61ca2f5d,0.058802,0.196459,-0.700691,0.477941,0.0,0.310662,Stable,False,2026-08-27T18:24:04.422843+00:00
P00133,16.120896,2.954869,670,0.0,19.733333,5.207122,60,0.0,1.222537,1.762218,0.566573,0.0,HoltWinters7,0.150249,6a9139d82b7b016f,0.096747,0.176999,-0.453404,0.477841,0.0,0.310597,Stable,False,2026-08-27T18:24:04.422843+00:00
P01649,102.395522,11.198053,670,0.0,97.616667,8.566968,60,0.0,0.426758,0.765041,0.267826,0.0,HoltWinters7,0.046114,d35cf73e1fb41a2b,0.060281,0.03903,0.544456,0.184315,0.544456,0.310364,Stable,False,2026-08-27T18:24:04.422843+00:00
P00303,275.495522,54.154756,670,0.0,254.366667,37.067948,60,0.0,0.390157,0.684482,0.379093,0.0,HoltWinters7,0.071987,8311e83196075106,0.092954,0.061503,0.511376,0.202066,0.511376,0.310325,Stable,False,2026-08-27T18:24:04.422843+00:00
P01539,34.58209,6.201281,670,0.0,41.85,11.506557,60,0.0,1.172002,1.855513,0.618161,0.0,HoltWinters7,0.16117,9c6a51916c2ee5da,0.091555,0.195977,-0.532825,0.476841,0.0,0.309946,Stable,False,2026-08-27T18:24:04.422843+00:00
P01781,19.595522,3.536989,670,0.0,23.55,6.963403,60,0.0,1.118035,1.968737,0.677392,0.0,HoltWinters7,0.153848,f09eacb4e1af155c,0.068826,0.196359,-0.649486,0.476808,0.0,0.309925,Stable,False,2026-08-27T18:24:04.422843+00:00
P01979,299.544776,53.879705,670,0.0,385.25,62.918464,60,0.0,1.590677,1.167758,0.155086,0.0,HoltWinters7,0.107943,e1cef7b2030bbca0,0.073464,0.125182,-0.413145,0.476208,0.0,0.309535,Stable,False,2026-08-27T18:24:04.422843+00:00
P00170,205.370149,33.752555,670,0.0,227.983333,30.680139,60,0.0,0.66997,0.908972,0.095441,0.0,HoltWinters7,0.077909,c533821b63858f08,0.10006,0.066834,0.497151,0.208102,0.497151,0.309269,Stable,False,2026-08-27T18:24:04.422843+00:00
P00437,20.834328,3.712905,670,0.0,25.233333,6.763227,60,0.0,1.184788,1.821546,0.599686,0.0,HoltWinters7,0.126651,eda4b12efda5ae7e,0.065998,0.156978,-0.579569,0.475738,0.0,0.30923,Stable,False,2026-08-27T18:24:04.422843+00:00
P01797,53.979104,76.496409,670,0.662687,67.95,81.975074,60,0.583333,0.182635,1.07162,0.069171,0.079353,Naive,1.232965,fd3038765c4157b0,1.698895,1.0,0.698895,0.099259,0.698895,0.309131,Stable,False,2026-08-27T18:24:04.422843+00:00
P00717,106.9,18.878349,670,0.0,136.016667,23.135922,60,0.0,1.542331,1.225527,0.203371,0.0,HoltWinters7,0.119873,1e57f0561b843c2a,0.118324,0.120647,-0.019254,0.474984,0.0,0.308739,Stable,False,2026-08-27T18:24:04.422843+00:00
P01542,17.676119,3.101838,670,0.0,21.3,5.735113,60,0.0,1.168301,1.84894,0.614613,0.0,HoltWinters7,0.148692,a4362b6dcd2e370a,0.106031,0.170022,-0.376368,0.474936,0.0,0.308708,Stable,False,2026-08-27T18:24:04.422843+00:00
P01738,29.301493,5.26447,670,0.0,35.433333,9.770878,60,0.0,1.164759,1.856004,0.618426,0.0,HoltWinters7,0.15899,3bdc87dc92d48603,0.080345,0.198312,-0.594856,0.474915,0.0,0.308695,Stable,False,2026-08-27T18:24:04.422843+00:00
P00785,5.28806,0.979158,670,0.0,6.433333,1.807392,60,0.0,1.169651,1.845863,0.612947,0.0,Naive,0.168097,6fd73a8cbe6784df,0.141176,0.181557,-0.222411,0.474891,0.0,0.308679,Stable,False,2026-08-27T18:24:04.422843+00:00
P01136,3.504478,0.66234,670,0.0,4.266667,1.246917,60,0.0,1.150752,1.882593,0.63265,0.0,Naive,0.158664,24471199d12a589a,0.090909,0.192542,-0.527848,0.474619,0.0,0.308503,Stable,False,2026-08-27T18:24:04.422843+00:00
P00182,12.244776,2.239026,670,0.0,14.833333,4.170789,60,0.0,1.156108,1.862769,0.622064,0.0,HoltWinters7,0.138678,35e92ddb9c9b2e04,0.053236,0.1814,-0.706526,0.473446,0.0,0.30774,Stable,False,2026-08-27T18:24:04.422843+00:00
P00855,8.98806,1.605253,670,0.0,10.95,2.776567,60,0.0,1.2222,1.729675,0.547934,0.0,HoltWinters7,0.134378,d1527ab15a5a6ef8,0.069182,0.166976,-0.585678,0.473088,0.0,0.307507,Stable,False,2026-08-27T18:24:04.422843+00:00
P01722,15.173134,2.636389,670,0.0,18.15,5.044967,60,0.0,1.129145,1.91359,0.648981,0.0,HoltWinters7,0.136966,eaaf88bb0b4fa4d0,0.061992,0.174453,-0.644649,0.47276,0.0,0.307294,Stable,False,2026-08-27T18:24:04.422843+00:00
P01755,301.323881,55.910546,670,0.0,389.533333,65.317339,60,0.0,1.577689,1.168247,0.155505,0.0,HoltWinters7,0.115606,c957edc3f2e83e81,0.099225,0.123796,-0.198477,0.472741,0.0,0.307281,Stable,False,2026-08-27T18:24:04.422843+00:00
P01524,11.464179,2.067848,670,0.0,13.816667,3.890413,60,0.0,1.13765,1.881383,0.632007,0.0,HoltWinters7,0.148571,a7dc491ddbc63e37,0.079338,0.183187,-0.566899,0.470856,0.0,0.306056,Stable,False,2026-08-27T18:24:04.422843+00:00
P01577,9.680597,1.722813,670,0.0,11.566667,3.396742,60,0.0,1.094762,1.971626,0.678858,0.0,HoltWinters7,0.151632,d9dbaf4e4c8be2e0,0.096903,0.178997,-0.458636,0.470774,0.0,0.306003,Stable,False,2026-08-27T18:24:04.422843+00:00
P01664,203.313433,23.922776,670,0.0,191.816667,17.318053,60,0.0,0.480578,0.723915,0.323081,0.0,HoltWinters7,0.05412,81d23ddbd52131bd,0.069015,0.046673,0.478682,0.212929,0.478682,0.305943,Stable,False,2026-08-27T18:24:04.422843+00:00
P00153,30.453731,5.290664,670,0.0,36.5,9.852299,60,0.0,1.142818,1.862205,0.621761,0.0,HoltWinters7,0.139511,fc30679fa41b4833,0.080103,0.169215,-0.526618,0.469715,0.0,0.305315,Stable,False,2026-08-27T18:24:04.422843+00:00
P00690,31.297015,5.621852,670,0.0,37.95,9.993939,60,0.0,1.183415,1.777695,0.575318,0.0,HoltWinters7,0.144202,f708f4968e456e4e,0.049634,0.191486,-0.740796,0.469269,0.0,0.305025,Stable,False,2026-08-27T18:24:04.422843+00:00
P01388,24.514925,4.350034,670,0.0,29.65,7.745584,60,0.0,1.180468,1.78058,0.576939,0.0,HoltWinters7,0.134826,cef53f55d0c64f05,0.072149,0.166165,-0.565801,0.468863,0.0,0.304761,Stable,False,2026-08-27T18:24:04.422843+00:00
P00223,4.468657,0.842484,670,0.0,5.366667,1.697123,60,0.0,1.065908,2.014429,0.700336,0.0,HoltWinters7,0.172594,cc021e3412b22765,0.102393,0.207695,-0.507001,0.468209,0.0,0.304336,Stable,False,2026-08-27T18:24:04.422843+00:00
P01003,180.771642,33.432306,670,0.0,230.633333,42.014108,60,0.0,1.491422,1.256692,0.228483,0.0,HoltWinters7,0.134029,edac43d6584e87ac,0.117388,0.142349,-0.17535,0.467262,0.0,0.30372,Stable,False,2026-08-27T18:24:04.422843+00:00
P01276,9.722388,1.700419,670,0.0,11.65,3.166696,60,0.0,1.13361,1.862303,0.621814,0.0,HoltWinters7,0.145233,8c6c252d63b3cacb,0.080235,0.177731,-0.548558,0.467196,0.0,0.303677,Stable,False,2026-08-27T18:24:04.422843+00:00
P01020,9.014925,1.583666,670,0.0,10.766667,3.038547,60,0.0,1.10613,1.918679,0.651637,0.0,HoltWinters7,0.156761,dcebd76ba5048d23,0.079045,0.195619,-0.595921,0.467095,0.0,0.303612,Stable,False,2026-08-27T18:24:04.422843+00:00
P01206,355.186567,63.225102,670,0.0,411.75,49.39211,60,0.0,0.894636,0.78121,0.246911,0.0,HoltWinters7,0.066587,9107c80244f5961e,0.07854,0.06061,0.295833,0.307752,0.295833,0.303581,Stable,False,2026-08-27T18:24:04.422843+00:00
P01857,429.316418,44.977771,670,0.0,409.233333,35.117897,60,0.0,0.446511,0.780783,0.247458,0.0,HoltWinters7,0.050577,a256dbcbc2387bdf,0.065594,0.043068,0.523047,0.184655,0.523047,0.303092,Stable,False,2026-08-27T18:24:04.422843+00:00
P00423,28.277612,4.895067,670,0.0,33.5,9.772844,60,0.0,1.066868,1.996468,0.69138,0.0,HoltWinters7,0.148318,3baa0832bf8e1deb,0.070148,0.187403,-0.625687,0.466233,0.0,0.303052,Stable,False,2026-08-27T18:24:04.422843+00:00
P00371,4.780597,0.894049,670,0.0,5.816667,1.61026,60,0.0,1.158851,1.801087,0.58839,0.0,HoltWinters7,0.151173,7d73348ad6bb13e6,0.076277,0.188621,-0.59561,0.465782,0.0,0.302758,Stable,False,2026-08-27T18:24:04.422843+00:00
P01286,361.525373,61.012889,670,0.0,400.633333,50.229293,60,0.0,0.640979,0.823257,0.194487,0.0,HoltWinters7,0.07787,bc3e6410fa990e7e,0.098065,0.067773,0.446964,0.224891,0.446964,0.302617,Stable,False,2026-08-27T18:24:04.422843+00:00
P01356,96.592537,16.959451,670,0.0,122.116667,20.090551,60,0.0,1.505009,1.184623,0.169424,0.0,HoltWinters7,0.114946,56084e739b0b46a2,0.11623,0.114305,0.016841,0.456234,0.016841,0.302446,Stable,False,2026-08-27T18:24:04.422843+00:00
P01279,33.91791,6.039294,670,0.0,40.883333,10.901861,60,0.0,1.153351,1.805155,0.590646,0.0,HoltWinters7,0.132828,fe728a0fd0a06f4b,0.057275,0.170604,-0.664283,0.464833,0.0,0.302141,Stable,False,2026-08-27T18:24:04.422843+00:00
P01816,50.502985,9.249207,670,0.0,65.016667,10.558139,60,0.0,1.569181,1.141518,0.132359,0.0,HoltWinters7,0.107395,38d58fc55941ecfe,0.078165,0.122011,-0.359365,0.464615,0.0,0.302,Stable,False,2026-08-27T18:24:04.422843+00:00
P01579,319.710448,53.181386,670,0.0,364.766667,46.669181,60,0.0,0.847218,0.877547,0.130624,0.0,HoltWinters7,0.077104,71256b3638eb2191,0.093952,0.06868,0.367964,0.265641,0.367964,0.301454,Stable,False,2026-08-27T18:24:04.422843+00:00
P00450,22.974627,4.04987,670,0.0,27.316667,7.954301,60,0.0,1.072143,1.964088,0.675028,0.0,HoltWinters7,0.16425,09bfb5a3568ea2e2,0.088863,0.201944,-0.559962,0.463596,0.0,0.301338,Stable,False,2026-08-27T18:24:04.422843+00:00
P00810,32.308955,5.823391,670,0.0,38.7,11.114657,60,0.0,1.097478,1.908623,0.646382,0.0,HoltWinters7,0.148689,f9a443c9ff21a05c,0.056699,0.194684,-0.708765,0.463402,0.0,0.301211,Stable,False,2026-08-27T18:24:04.422843+00:00
P01105,143.652239,26.704158,670,0.0,183.483333,33.03439,60,0.0,1.491569,1.23705,0.21273,0.0,HoltWinters7,0.105471,644224406f8d4a24,0.083474,0.11647,-0.283303,0.463364,0.0,0.301187,Stable,False,2026-08-27T18:24:04.422843+00:00
P01834,80.901493,14.148872,670,0.0,93.166667,10.922169,60,0.0,0.866866,0.771946,0.25884,0.0,HoltWinters7,0.071788,6d59487e0a99b1cb,0.084704,0.065329,0.296569,0.303098,0.296569,0.300813,Stable,False,2026-08-27T18:24:04.422843+00:00
P00793,251.046269,49.628539,670,0.0,229.666667,30.857061,60,0.0,0.430792,0.62176,0.4752,0.0,HoltWinters7,0.066526,d6529e571ae14fe6,0.082808,0.058384,0.418333,0.237268,0.418333,0.300641,Stable,False,2026-08-27T18:24:04.422843+00:00
P01651,16.822388,2.940329,670,0.0,19.933333,5.836375,60,0.0,1.058026,1.984939,0.685588,0.0,SES,0.153601,5e6bf08fd3e1da1e,0.086147,0.187328,-0.54013,0.462354,0.0,0.30053,Stable,False,2026-08-27T18:24:04.422843+00:00
P00837,113.129851,20.296888,670,0.0,144.266667,23.792797,60,0.0,1.534068,1.172239,0.158915,0.0,HoltWinters7,0.110658,02a37cc83f246eff,0.094128,0.118924,-0.208502,0.461598,0.0,0.300038,Stable,False,2026-08-27T18:24:04.422843+00:00
P01616,226.240299,38.401239,670,0.0,255.866667,25.510693,60,0.0,0.771495,0.66432,0.408992,0.0,HoltWinters7,0.069597,824d049b55aabebb,0.081203,0.063795,0.272891,0.314409,0.272891,0.299878,Stable,False,2026-08-27T18:24:04.422843+00:00
P01886,157.274627,18.315678,670,0.0,147.216667,12.654592,60,0.0,0.549145,0.690916,0.369737,0.0,HoltWinters7,0.04755,d113c07e0a3ca595,0.058852,0.041899,0.404628,0.243449,0.404628,0.299862,Stable,False,2026-08-27T18:24:04.422843+00:00
P00051,101.073134,18.805567,670,0.0,131.066667,20.562321,60,0.0,1.594928,1.093417,0.089307,0.0,HoltWinters7,0.105918,fc6c7d62ab488126,0.086507,0.115624,-0.251827,0.460932,0.0,0.299606,Stable,False,2026-08-27T18:24:04.422843+00:00
P00240,12.179104,2.257195,670,0.0,14.85,3.878778,60,0.0,1.183281,1.718406,0.541397,0.0,HoltWinters7,0.13955,f5521b900a15f520,0.065261,0.176695,-0.630656,0.460752,0.0,0.299488,Stable,False,2026-08-27T18:24:04.422843+00:00
P00970,35.665672,7.108082,670,0.0,32.166667,5.139302,60,0.0,0.492257,0.723022,0.324315,0.0,HoltWinters7,0.069204,95e25e06d8a8ec7f,0.087382,0.060115,0.453585,0.21645,0.453585,0.299447,Stable,False,2026-08-27T18:24:04.422843+00:00
P01151,88.067164,15.199912,670,0.0,100.133333,12.981691,60,0.0,0.793831,0.854064,0.15775,0.0,HoltWinters7,0.065105,a60bf2b73e0a0b19,0.07961,0.057852,0.376102,0.257741,0.376102,0.299167,Stable,False,2026-08-27T18:24:04.422843+00:00
P01866,30.089552,6.989061,670,0.0,36.983333,10.871346,60,0.0,0.986367,1.55548,0.441784,0.0,Naive,0.20433,fe78a447b168af2a,0.223172,0.194909,0.145006,0.381697,0.145006,0.298855,Stable,False,2026-08-27T18:24:04.422843+00:00
P00929,43.710448,7.447256,670,0.0,49.433333,6.252773,60,0.0,0.768456,0.839608,0.174821,0.0,HoltWinters7,0.083725,2ffbc8379b7e0fc1,0.102544,0.074316,0.379847,0.25503,0.379847,0.298716,Stable,False,2026-08-27T18:24:04.422843+00:00
P01383,163.961194,30.230381,670,0.0,209.733333,35.913676,60,0.0,1.514111,1.187999,0.172271,0.0,HoltWinters7,0.117018,c483e7448deb2186,0.107947,0.121554,-0.111945,0.459448,0.0,0.298641,Stable,False,2026-08-27T18:24:04.422843+00:00
P01821,32.968657,5.987324,670,0.0,39.85,10.598729,60,0.0,1.149319,1.770195,0.57109,0.0,HoltWinters7,0.160387,d9d3ca9fff60db95,0.099015,0.191073,-0.481794,0.458835,0.0,0.298243,Stable,False,2026-08-27T18:24:04.422843+00:00
P01607,15.547761,2.832117,670,0.0,18.766667,5.083595,60,0.0,1.136572,1.794981,0.584994,0.0,HoltWinters7,0.157824,4304963fd938bdef,0.109178,0.182148,-0.400606,0.458806,0.0,0.298224,Stable,False,2026-08-27T18:24:04.422843+00:00
P00063,243.386567,42.65443,670,0.0,311.6,45.965057,60,0.0,1.599211,1.077615,0.07475,0.0,HoltWinters7,0.110455,89ff6c289328924d,0.083949,0.123708,-0.321393,0.458471,0.0,0.298006,Stable,False,2026-08-27T18:24:04.422843+00:00
P00867,18.31194,3.373998,670,0.0,22.05,6.233928,60,0.0,1.107902,1.847638,0.613908,0.0,HoltWinters7,0.145898,c6136839e1de9811,0.062645,0.187524,-0.665938,0.45815,0.0,0.297798,Stable,False,2026-08-27T18:24:04.422843+00:00
P01585,80.780597,14.848248,670,0.0,103.483333,17.24646,60,0.0,1.528984,1.161515,0.149725,0.0,HoltWinters7,0.110501,052d7ba880aac8ca,0.073725,0.128888,-0.42799,0.457902,0.0,0.297636,Stable,False,2026-08-27T18:24:04.422843+00:00
P01275,168.408955,33.842198,670,0.0,153.433333,21.735986,60,0.0,0.442513,0.642275,0.442739,0.0,HoltWinters7,0.075765,a37c99d5e268cdba,0.094326,0.066485,0.418745,0.232376,0.418745,0.297605,Stable,False,2026-08-27T18:24:04.422843+00:00
P01715,28.21194,5.009692,670,0.0,33.783333,9.181949,60,0.0,1.112123,1.832837,0.605865,0.0,HoltWinters7,0.158585,fab0ba4576a7ab69,0.120601,0.177577,-0.320852,0.4573,0.0,0.297245,Stable,False,2026-08-27T18:24:04.422843+00:00
P00982,451.28209,79.120499,670,0.0,523.116667,68.718313,60,0.0,0.907914,0.868527,0.140956,0.0,HoltWinters7,0.085757,c6310c0944449c7e,0.102262,0.077504,0.319444,0.284915,0.319444,0.297,Stable,False,2026-08-27T18:24:04.422843+00:00
P01251,319.219403,34.103394,670,0.0,307.733333,24.942555,60,0.0,0.336801,0.73138,0.312822,0.0,HoltWinters7,0.050509,554bf68dcfc63b07,0.065704,0.042912,0.531138,0.170826,0.531138,0.296935,Stable,False,2026-08-27T18:24:04.422843+00:00
P00663,59.329851,11.782794,670,0.0,54.9,7.714613,60,0.0,0.375959,0.654735,0.423524,0.0,SeasonalNaive7,0.070414,28f3e8f58ed5af4a,0.08912,0.061061,0.459542,0.20927,0.459542,0.296865,Stable,False,2026-08-27T18:24:04.422843+00:00
P00285,204.286567,34.236952,670,0.0,229.65,29.766791,60,0.0,0.74082,0.869435,0.139912,0.0,HoltWinters7,0.07556,766bae20c16e85de,0.093502,0.066588,0.404184,0.238704,0.404184,0.296622,Stable,False,2026-08-27T18:24:04.422843+00:00
P00446,248.664179,45.495502,670,0.0,317.183333,53.67905,60,0.0,1.506064,1.179876,0.165409,0.0,HoltWinters7,0.11391,d1360372d18c6e3c,0.075675,0.133028,-0.431139,0.45552,0.0,0.296088,Stable,False,2026-08-27T18:24:04.422843+00:00
P00300,17.213433,3.0664,670,0.0,20.6,5.624402,60,0.0,1.104411,1.834204,0.60661,0.0,HoltWinters7,0.147007,25569982e83d8ea6,0.086658,0.177182,-0.510911,0.455366,0.0,0.295988,Stable,False,2026-08-27T18:24:04.422843+00:00
P01554,110.634328,20.577587,670,0.0,142.566667,22.92757,60,0.0,1.551802,1.114201,0.108138,0.0,HoltWinters7,0.114634,8039378c3b21fa46,0.083858,0.130022,-0.355047,0.45378,0.0,0.294957,Stable,False,2026-08-27T18:24:04.422843+00:00
P00961,24.837313,4.333839,670,0.0,29.616667,7.891406,60,0.0,1.102799,1.820881,0.599321,0.0,HoltWinters7,0.148184,1dd4b1fcbd750948,0.087743,0.178404,-0.508178,0.4531,0.0,0.294515,Stable,False,2026-08-27T18:24:04.422843+00:00
P00782,271.831343,54.553164,670,0.0,250.0,35.909019,60,0.0,0.400185,0.658239,0.418187,0.0,HoltWinters7,0.06001,c0bdae77815b9e47,0.075444,0.052294,0.442692,0.214598,0.442692,0.294431,Stable,False,2026-08-27T18:24:04.422843+00:00
P01735,19.989552,3.614645,670,0.0,23.983333,6.549658,60,0.0,1.104889,1.811978,0.594419,0.0,HoltWinters7,0.178684,e8c1541d3968ac39,0.138421,0.198816,-0.303777,0.452449,0.0,0.294092,Stable,False,2026-08-27T18:24:04.422843+00:00
P01782,265.086567,46.902994,670,0.0,338.483333,51.205631,60,0.0,1.564863,1.091735,0.087768,0.0,HoltWinters7,0.105492,28893cde15ba4ea5,0.063309,0.126583,-0.499865,0.452279,0.0,0.293982,Stable,False,2026-08-27T18:24:04.422843+00:00
P00707,11.843284,2.71643,670,0.0,10.9,1.714346,60,0.0,0.347251,0.631103,0.460287,0.0,HoltWinters7,0.099178,5b81e7c4d4035ccd,0.124976,0.086279,0.448513,0.210566,0.448513,0.293847,Stable,False,2026-08-27T18:24:04.422843+00:00
P00066,173.307463,19.906383,670,0.0,161.95,12.348643,60,0.0,0.570544,0.620336,0.477494,0.0,HoltWinters7,0.048345,272d8f6ababbbff9,0.057793,0.04362,0.324907,0.276273,0.324907,0.293295,Stable,False,2026-08-27T18:24:04.422843+00:00
P01091,24.577612,4.432767,670,0.0,31.533333,4.795714,60,0.0,1.56916,1.081878,0.078699,0.0,HoltWinters7,0.100757,7178e3efb5d4443d,0.070897,0.115686,-0.387164,0.451194,0.0,0.293276,Stable,False,2026-08-27T18:24:04.422843+00:00
P00815,274.314925,48.556942,670,0.0,346.416667,57.512944,60,0.0,1.48489,1.184443,0.169273,0.0,HoltWinters7,0.10883,ea1ad0e9b64d6e34,0.085471,0.12051,-0.290758,0.450663,0.0,0.292931,Stable,False,2026-08-27T18:24:04.422843+00:00
P01423,13.314925,2.362687,670,0.0,15.833333,4.427061,60,0.0,1.065909,1.87374,0.627937,0.0,HoltWinters7,0.151262,d439b323cec1f304,0.088192,0.182797,-0.517544,0.450109,0.0,0.292571,Stable,False,2026-08-27T18:24:04.422843+00:00
P00642,20.113433,4.605089,670,0.0,18.566667,2.751682,60,0.0,0.335882,0.597531,0.51495,0.0,HoltWinters7,0.084983,58684017f6de2e4c,0.106032,0.074458,0.424049,0.221105,0.424049,0.292135,Stable,False,2026-08-27T18:24:04.422843+00:00
P01259,9.326866,1.698243,670,0.0,11.1,3.240109,60,0.0,1.044099,1.907918,0.646013,0.0,HoltWinters7,0.1582,1092366cd1d1ba0d,0.092066,0.191267,-0.518652,0.44863,0.0,0.29161,Stable,False,2026-08-27T18:24:04.422843+00:00
P01513,107.083582,19.342454,670,0.0,136.183333,22.238683,60,0.0,1.50445,1.149734,0.139531,0.0,HoltWinters7,0.109549,4e11cd204a607940,0.072989,0.127829,-0.429009,0.448606,0.0,0.291594,Stable,False,2026-08-27T18:24:04.422843+00:00
P00513,46.189552,8.272356,670,0.0,58.666667,9.459399,60,0.0,1.50829,1.143495,0.134089,0.0,HoltWinters7,0.104438,ab7e3b690d45e5b8,0.080641,0.116337,-0.306837,0.448302,0.0,0.291396,Stable,False,2026-08-27T18:24:04.422843+00:00
P01181,320.179104,57.970336,670,0.0,413.483333,56.689906,60,0.0,1.609517,0.977912,0.022335,0.0,HoltWinters7,0.102739,c56e64c753c08121,0.075068,0.116575,-0.356055,0.448201,0.0,0.291331,Stable,False,2026-08-27T18:24:04.422843+00:00
P01362,21.735821,3.938283,670,0.0,26.316667,6.575485,60,0.0,1.163158,1.669632,0.512603,0.0,HoltWinters7,0.14681,88ceed686de9baf8,0.085311,0.177559,-0.519538,0.448019,0.0,0.291213,Stable,False,2026-08-27T18:24:04.422843+00:00
P01420,104.670149,18.769234,670,0.0,133.066667,21.321483,60,0.0,1.512929,1.13598,0.127496,0.0,HoltWinters7,0.112934,16098d2da553feac,0.070001,0.134401,-0.479159,0.447929,0.0,0.291154,Stable,False,2026-08-27T18:24:04.422843+00:00
P01930,9.974627,1.785412,670,0.0,11.833333,3.395743,60,0.0,1.041052,1.901938,0.642874,0.0,SES,0.170013,0412f94f59c59313,0.137714,0.186162,-0.260248,0.447008,0.0,0.290555,Stable,False,2026-08-27T18:24:04.422843+00:00
P01687,137.622388,24.795832,670,0.0,177.8,24.909871,60,0.0,1.620337,1.004599,0.004589,0.0,HoltWinters7,0.100989,e32390cb6f5503c1,0.081674,0.110646,-0.261847,0.44674,0.0,0.290381,Stable,False,2026-08-27T18:24:04.422843+00:00
P00078,32.902985,5.91781,670,0.0,39.533333,10.296398,60,0.0,1.120406,1.7399,0.553828,0.0,HoltWinters7,0.145048,11cbfa7ba9455ddb,0.094338,0.170404,-0.446384,0.446569,0.0,0.29027,Stable,False,2026-08-27T18:24:04.422843+00:00
P01455,20.044776,3.573415,670,0.0,23.833333,6.638783,60,0.0,1.060206,1.857826,0.619407,0.0,HoltWinters7,0.140329,86dc54f350ef323a,0.069931,0.175529,-0.601599,0.446409,0.0,0.290166,Stable,False,2026-08-27T18:24:04.422843+00:00
P01860,150.807463,217.529092,670,0.671642,180.333333,224.427684,60,0.6,0.135733,1.031713,0.031221,0.071642,Naive,1.230531,d19b10a0cd6f902e,1.691592,1.0,0.691592,0.073789,0.691592,0.29002,Stable,False,2026-08-27T18:24:04.422843+00:00
P00334,23.10597,4.158568,670,0.0,27.716667,7.300085,60,0.0,1.108722,1.755433,0.562715,0.0,HoltWinters7,0.133812,795632c750e12c82,0.065113,0.168162,-0.612797,0.445577,0.0,0.289625,Stable,False,2026-08-27T18:24:04.422843+00:00
P00942,80.255224,9.049553,670,0.0,75.916667,6.25257,60,0.0,0.479422,0.690926,0.369723,0.0,SeasonalNaive7,0.040227,40abcd1ef01f288d,0.049914,0.035383,0.410675,0.224272,0.410675,0.289513,Stable,False,2026-08-27T18:24:04.422843+00:00
P01048,15.961194,2.819161,670,0.0,18.966667,5.181344,60,0.0,1.066088,1.837903,0.608625,0.0,HoltWinters7,0.189005,faa3b2e14ac667ec,0.152088,0.207463,-0.266913,0.44533,0.0,0.289465,Stable,False,2026-08-27T18:24:04.422843+00:00
P00049,49.289552,9.727515,670,0.0,45.283333,6.48098,60,0.0,0.411844,0.666252,0.406087,0.0,SeasonalNaive7,0.067399,fd791535f42f326f,0.084203,0.058997,0.42725,0.214779,0.42725,0.289144,Stable,False,2026-08-27T18:24:04.422843+00:00
P00515,31.134328,5.436123,670,0.0,37.0,9.815242,60,0.0,1.079017,1.805559,0.59087,0.0,HoltWinters7,0.145688,b2328a2036e18b8e,0.079045,0.179009,-0.558429,0.444447,0.0,0.288891,Stable,False,2026-08-27T18:24:04.422843+00:00
P00558,33.225373,6.09724,670,0.0,39.3,12.044128,60,0.0,0.996291,1.975341,0.680741,0.0,HoltWinters7,0.140703,50393011ecf735ce,0.068704,0.176703,-0.611187,0.444165,0.0,0.288707,Stable,False,2026-08-27T18:24:04.422843+00:00
P00826,258.732836,47.127807,670,0.0,333.433333,48.665014,60,0.0,1.585062,1.032618,0.032097,0.0,HoltWinters7,0.103604,b9aebf9f27b833b6,0.094384,0.108213,-0.127792,0.443916,0.0,0.288546,Stable,False,2026-08-27T18:24:04.422843+00:00
P00184,139.51194,24.967046,670,0.0,173.733333,25.779947,60,0.0,1.370662,1.032559,0.03204,0.0,HoltWinters7,0.123313,f2cf765ab085fb61,0.131979,0.118981,0.109243,0.384942,0.109243,0.288448,Stable,False,2026-08-27T18:24:04.422843+00:00
P00359,218.116418,40.491873,670,0.0,282.4,39.359361,60,0.0,1.587567,0.972031,0.028367,0.0,HoltWinters7,0.114397,2b7bbfc38639f775,0.074208,0.134492,-0.448232,0.443673,0.0,0.288387,Stable,False,2026-08-27T18:24:04.422843+00:00
P00549,313.213433,61.729828,670,0.0,286.266667,46.203627,60,0.0,0.436527,0.748481,0.289709,0.0,HoltWinters7,0.067179,d6501b094bff57d7,0.085243,0.058147,0.46599,0.192472,0.46599,0.288203,Stable,False,2026-08-27T18:24:04.422843+00:00
P00489,64.673134,12.178506,670,0.0,83.65,12.91409,60,0.0,1.558226,1.0604,0.058646,0.0,HoltWinters7,0.113652,e259c2d88953e549,0.098525,0.121215,-0.187188,0.443174,0.0,0.288063,Stable,False,2026-08-27T18:24:04.422843+00:00
P01516,16.385075,2.828599,670,0.0,19.416667,5.11989,60,0.0,1.071764,1.810045,0.593351,0.0,HoltWinters7,0.169135,249bc6d7de7436ac,0.12967,0.188868,-0.313437,0.443073,0.0,0.287998,Stable,False,2026-08-27T18:24:04.422843+00:00
P01340,20.277612,3.632268,670,0.0,24.1,6.71376,60,0.0,1.052342,1.848366,0.614302,0.0,HoltWinters7,0.150374,e4fc517efdb60ba7,0.082064,0.184529,-0.555279,0.44297,0.0,0.28793,Stable,False,2026-08-27T18:24:04.422843+00:00
P00313,32.004478,5.802812,670,0.0,38.166667,10.602473,60,0.0,1.061932,1.827127,0.602745,0.0,HoltWinters7,0.146352,0763bd74ac09a212,0.060747,0.189155,-0.67885,0.442717,0.0,0.287766,Stable,False,2026-08-27T18:24:04.422843+00:00
P01325,61.307463,11.404026,670,0.0,79.2,11.928885,60,0.0,1.568967,1.046024,0.044996,0.0,HoltWinters7,0.097916,a3c72deeff959dac,0.07489,0.109428,-0.315621,0.442715,0.0,0.287765,Stable,False,2026-08-27T18:24:04.422843+00:00
P01317,128.123881,25.459564,670,0.0,118.533333,17.937242,60,0.0,0.376697,0.704538,0.350212,0.0,HoltWinters7,0.073474,b6370804fb86f8c6,0.09326,0.063581,0.466794,0.191145,0.466794,0.287622,Stable,False,2026-08-27T18:24:04.422843+00:00
P00091,10.629851,1.912199,670,0.0,12.683333,3.441973,60,0.0,1.073885,1.800007,0.587791,0.0,HoltWinters7,0.135614,f3bc2d15ee74d0a8,0.058395,0.174223,-0.664827,0.442266,0.0,0.287473,Stable,False,2026-08-27T18:24:04.422843+00:00
P01255,597.131343,101.223121,670,0.0,698.616667,99.209775,60,0.0,1.00259,0.98011,0.020091,0.0,HoltWinters7,0.083556,7f61a1fcd4fb3a95,0.098648,0.076011,0.297816,0.280735,0.297816,0.286713,Stable,False,2026-08-27T18:24:04.422843+00:00
P01339,14.10597,2.550382,670,0.0,16.733333,4.772331,60,0.0,1.030184,1.871222,0.626592,0.0,HoltWinters7,0.142986,576d62d1b2908afe,0.056898,0.18603,-0.694148,0.439949,0.0,0.285967,Stable,False,2026-08-27T18:24:04.422843+00:00
P00180,12.61194,2.341254,670,0.0,15.116667,4.190755,60,0.0,1.069822,1.789962,0.582194,0.0,SES,0.171795,643aa5487fbd67ad,0.119443,0.197972,-0.396668,0.43975,0.0,0.285837,Stable,False,2026-08-27T18:24:04.422843+00:00
P01549,29.246269,5.273728,670,0.0,34.6,10.018965,60,0.0,1.01517,1.899788,0.641742,0.0,HoltWinters7,0.161876,98ff89090cede471,0.077602,0.204013,-0.619621,0.439607,0.0,0.285745,Stable,False,2026-08-27T18:24:04.422843+00:00
P01960,483.786567,53.245244,670,0.0,463.416667,34.901941,60,0.0,0.382568,0.655494,0.422366,0.0,HoltWinters7,0.047012,47c5ac4437f7b511,0.058676,0.041179,0.42488,0.210798,0.42488,0.285726,Stable,False,2026-08-27T18:24:04.422843+00:00
P01665,95.70597,17.624851,670,0.0,121.95,19.831857,60,0.0,1.489036,1.125221,0.11798,0.0,HoltWinters7,0.101445,1076b62796e951ee,0.092761,0.105788,-0.123145,0.43898,0.0,0.285337,Stable,False,2026-08-27T18:24:04.422843+00:00
P01019,271.219403,48.730839,670,0.0,342.233333,56.654877,60,0.0,1.457269,1.162608,0.150666,0.0,HoltWinters7,0.117707,52c2b4b7d340bc2a,0.07671,0.138206,-0.444962,0.438415,0.0,0.28497,Stable,False,2026-08-27T18:24:04.422843+00:00
P01747,15.834328,2.888721,670,0.0,18.966667,5.058863,60,0.0,1.084334,1.751246,0.560328,0.0,HoltWinters7,0.140343,7e3abbfbc52f9cc6,0.080952,0.170038,-0.523918,0.438274,0.0,0.284878,Stable,False,2026-08-27T18:24:04.422843+00:00
P00447,169.559701,31.239111,670,0.0,219.0,31.604012,60,0.0,1.582641,1.011681,0.011613,0.0,HoltWinters7,0.103986,7d4b31129afa892a,0.077718,0.117119,-0.336421,0.43813,0.0,0.284784,Stable,False,2026-08-27T18:24:04.422843+00:00
P01820,28.501493,6.419968,670,0.0,26.083333,3.971473,60,0.0,0.376662,0.618613,0.480276,0.0,HoltWinters7,0.08259,98b38937f2bf86dc,0.101943,0.072914,0.398138,0.223651,0.398138,0.284721,Stable,False,2026-08-27T18:24:04.422843+00:00
P01055,284.732836,53.408446,670,0.0,364.416667,59.664682,60,0.0,1.491971,1.117139,0.110771,0.0,HoltWinters7,0.105983,aa2c61eab86c1702,0.066822,0.125564,-0.467826,0.437985,0.0,0.28469,Stable,False,2026-08-27T18:24:04.422843+00:00
P01548,248.898507,28.916691,670,0.0,237.55,17.751987,60,0.0,0.392455,0.613901,0.487922,0.0,HoltWinters7,0.043983,57b453e51bfd0011,0.054018,0.038966,0.386285,0.229906,0.386285,0.284638,Stable,False,2026-08-27T18:24:04.422843+00:00
P00169,12.420896,2.256798,670,0.0,14.85,3.978012,60,0.0,1.07635,1.76268,0.566835,0.0,HoltWinters7,0.158726,d3f4f7e75a96ad54,0.112058,0.18206,-0.384501,0.437705,0.0,0.284508,Stable,False,2026-08-27T18:24:04.422843+00:00
P00054,19.625373,3.583088,670,0.0,24.783333,4.23501,60,0.0,1.439529,1.181944,0.167161,0.0,HoltWinters7,0.112651,c8c5e64be0e0d3cc,0.077386,0.130284,-0.406018,0.437661,0.0,0.28448,Stable,False,2026-08-27T18:24:04.422843+00:00
P01157,18.379104,3.371761,670,0.0,22.183333,5.610196,60,0.0,1.128262,1.663877,0.50915,0.0,HoltWinters7,0.153571,91e0f5df903b6691,0.107727,0.176493,-0.389624,0.43756,0.0,0.284414,Stable,False,2026-08-27T18:24:04.422843+00:00
P00271,53.201493,9.222527,670,0.0,66.733333,10.547498,60,0.0,1.46726,1.143667,0.13424,0.0,HoltWinters7,0.109458,329605cc10b5a8a7,0.102789,0.112793,-0.088697,0.437056,0.0,0.284087,Stable,False,2026-08-27T18:24:04.422843+00:00
P00951,219.568657,24.703635,670,0.0,209.116667,16.457538,60,0.0,0.423095,0.666199,0.406167,0.0,HoltWinters7,0.045111,419b178fa6bab2c1,0.055865,0.039733,0.405989,0.217893,0.405989,0.283726,Stable,False,2026-08-27T18:24:04.422843+00:00
P00275,51.804478,10.560339,670,0.0,47.95,7.043268,60,0.0,0.364996,0.666955,0.405033,0.0,HoltWinters7,0.069594,ce22093c0223d418,0.087257,0.060762,0.436041,0.201632,0.436041,0.283675,Stable,False,2026-08-27T18:24:04.422843+00:00
P01025,276.370149,49.813437,670,0.0,346.316667,60.893765,60,0.0,1.40417,1.222437,0.200846,0.0,HoltWinters7,0.109063,a35e2065daec2032,0.074741,0.126224,-0.407869,0.436358,0.0,0.283633,Stable,False,2026-08-27T18:24:04.422843+00:00
P00985,99.538806,16.556579,670,0.0,114.05,15.389216,60,0.0,0.876461,0.929492,0.073117,0.0,HoltWinters7,0.076194,7ec65d41a7b793db,0.091235,0.068674,0.328524,0.259306,0.328524,0.283532,Stable,False,2026-08-27T18:24:04.422843+00:00
P01368,178.161194,32.332184,670,0.0,226.983333,35.088987,60,0.0,1.510017,1.085265,0.081824,0.0,Naive,0.111417,95f78bd3f1224b97,0.091963,0.121144,-0.24088,0.435711,0.0,0.283212,Stable,False,2026-08-27T18:24:04.422843+00:00
P01845,214.880597,39.680458,670,0.0,275.266667,42.311944,60,0.0,1.521809,1.066317,0.064211,0.0,HoltWinters7,0.097578,aa9d6d938992d901,0.055525,0.118605,-0.53185,0.43455,0.0,0.282458,Stable,False,2026-08-27T18:24:04.422843+00:00
P00676,39.416418,7.503942,670,0.0,50.616667,8.260775,60,0.0,1.492582,1.100858,0.09609,0.0,Naive,0.114389,d48ad13a84ffd466,0.090663,0.126252,-0.28189,0.434483,0.0,0.282414,Stable,False,2026-08-27T18:24:04.422843+00:00
P00430,26.19403,4.612127,670,0.0,31.05,8.232686,60,0.0,1.05287,1.785009,0.579423,0.0,HoltWinters7,0.128709,12ba4bcf13ef69e0,0.055121,0.165503,-0.66695,0.434395,0.0,0.282357,Stable,False,2026-08-27T18:24:04.422843+00:00
P00464,95.059701,19.073127,670,0.0,88.4,12.815774,60,0.0,0.349167,0.671928,0.397604,0.0,HoltWinters7,0.067253,b289dd74c79a6d97,0.084549,0.058605,0.442706,0.195422,0.442706,0.281971,Stable,False,2026-08-27T18:24:04.422843+00:00
P00056,54.547761,9.866067,670,0.0,69.116667,8.877875,60,0.0,1.476668,0.899839,0.105539,0.0,HoltWinters7,0.096411,9c6e08a77a9c6e15,0.077779,0.105727,-0.264334,0.432468,0.0,0.281105,Stable,False,2026-08-27T18:24:04.422843+00:00
P00628,141.638806,15.337976,670,0.0,134.65,11.247335,60,0.0,0.455654,0.7333,0.310201,0.0,HoltWinters7,0.049078,b69cbfd7be50993d,0.061289,0.042973,0.42621,0.202855,0.42621,0.281029,Stable,False,2026-08-27T18:24:04.422843+00:00
P00012,313.925373,57.324324,670,0.0,402.266667,55.425891,60,0.0,1.541079,0.966883,0.033678,0.0,HoltWinters7,0.094397,eab8850ff01e9313,0.066404,0.108393,-0.387376,0.432216,0.0,0.280941,Stable,False,2026-08-27T18:24:04.422843+00:00
P01709,327.41791,53.94285,670,0.0,362.033333,47.346171,60,0.0,0.641705,0.87771,0.130439,0.0,HoltWinters7,0.0813,26622718a271ce78,0.101035,0.071433,0.414396,0.209079,0.414396,0.28094,Stable,False,2026-08-27T18:24:04.422843+00:00
P01522,62.562687,11.256811,670,0.0,79.25,12.171967,60,0.0,1.482419,1.081298,0.078162,0.0,HoltWinters7,0.121834,a8f07fa33b3e29f3,0.122574,0.121463,0.009148,0.427206,0.009148,0.280886,Stable,False,2026-08-27T18:24:04.422843+00:00
P00860,30.162687,5.470299,670,0.0,36.05,9.424859,60,0.0,1.076233,1.722915,0.544018,0.0,HoltWinters7,0.144808,b723ecf3711159da,0.072568,0.180927,-0.598911,0.431968,0.0,0.280779,Stable,False,2026-08-27T18:24:04.422843+00:00
P00900,27.826866,4.924834,670,0.0,33.2,8.339817,60,0.0,1.091029,1.693421,0.526751,0.0,HoltWinters7,0.140656,9e23da2c6afb24b7,0.089001,0.166483,-0.465409,0.431721,0.0,0.280618,Stable,False,2026-08-27T18:24:04.422843+00:00
P00959,9.131343,1.669404,670,0.0,10.833333,3.054126,60,0.0,1.01952,1.829471,0.604027,0.0,SES,0.180945,89182e71059fcf36,0.131616,0.20561,-0.359879,0.431375,0.0,0.280394,Stable,False,2026-08-27T18:24:04.422843+00:00
P01786,164.058209,29.166927,670,0.0,208.166667,30.964259,60,0.0,1.512276,1.061622,0.059798,0.0,HoltWinters7,0.106401,d4e8f14f8082305b,0.076229,0.121487,-0.372532,0.430826,0.0,0.280037,Stable,False,2026-08-27T18:24:04.422843+00:00
P01988,51.576119,5.769568,670,0.0,48.25,4.217096,60,0.0,0.576494,0.730921,0.313451,0.0,HoltWinters7,0.047904,d26b44378a64d1fe,0.058155,0.042779,0.359423,0.236898,0.359423,0.279782,Stable,False,2026-08-27T18:24:04.422843+00:00
P01197,185.810448,34.047336,670,0.0,234.583333,29.569391,60,0.0,1.432502,0.868479,0.141012,0.0,HoltWinters7,0.092955,6c1ae604ebf56a56,0.07253,0.103168,-0.296975,0.429191,0.0,0.278974,Stable,False,2026-08-27T18:24:04.422843+00:00
P01610,48.491045,7.950468,670,0.0,54.05,6.931688,60,0.0,0.699199,0.871859,0.137127,0.0,HoltWinters7,0.077883,5c267f3f62b50f3f,0.095229,0.069211,0.375922,0.226561,0.375922,0.278837,Stable,False,2026-08-27T18:24:04.422843+00:00
P01302,261.850746,47.47491,670,0.0,333.516667,50.154166,60,0.0,1.509554,1.056435,0.0549,0.0,HoltWinters7,0.105756,86dc2cde0b6f5921,0.090117,0.113575,-0.206546,0.428852,0.0,0.278754,Stable,False,2026-08-27T18:24:04.422843+00:00
P00242,104.729851,19.508923,670,0.0,134.183333,20.604008,60,0.0,1.509744,1.056133,0.054614,0.0,HoltWinters7,0.096392,27f183481f5a724b,0.078746,0.105215,-0.251569,0.428833,0.0,0.278741,Stable,False,2026-08-27T18:24:04.422843+00:00
P01572,4.010448,0.764425,670,0.0,4.8,1.362948,60,0.0,1.032871,1.782972,0.578282,0.0,Naive,0.153759,284fb13d2fb91f08,0.078125,0.191576,-0.592199,0.42861,0.0,0.278597,Stable,False,2026-08-27T18:24:04.422843+00:00
P00600,22.283582,3.998153,670,0.0,26.383333,7.180698,60,0.0,1.025411,1.796004,0.585564,0.0,HoltWinters7,0.152309,fa1d203b3fda1da0,0.094874,0.181027,-0.475915,0.428379,0.0,0.278446,Stable,False,2026-08-27T18:24:04.422843+00:00
P01837,20.78209,3.816843,670,0.0,24.933333,6.401448,60,0.0,1.087612,1.677158,0.517101,0.0,HoltWinters7,0.12922,547b8ab5ce82dd71,0.057783,0.164938,-0.649668,0.428368,0.0,0.278439,Stable,False,2026-08-27T18:24:04.422843+00:00
P00653,160.6,18.716946,670,0.0,150.8,12.976903,60,0.0,0.52359,0.693324,0.366258,0.0,HoltWinters7,0.039026,d7b391a5d1368210,0.047343,0.034868,0.357785,0.235552,0.357785,0.278334,Stable,False,2026-08-27T18:24:04.422843+00:00
P01061,254.740299,45.692918,670,0.0,320.933333,51.477778,60,0.0,1.44865,1.126603,0.119207,0.0,HoltWinters7,0.097317,9b2b4ce324167df7,0.074285,0.108832,-0.317433,0.42818,0.0,0.278317,Stable,False,2026-08-27T18:24:04.422843+00:00
P00365,25.397015,4.714636,670,0.0,32.133333,4.897134,60,0.0,1.42881,1.038709,0.037978,0.0,HoltWinters7,0.094327,26331e6d38024bf7,0.097263,0.092859,0.047421,0.402417,0.047421,0.278169,Stable,False,2026-08-27T18:24:04.422843+00:00
P01460,207.902985,35.292938,670,0.0,233.7,30.111263,60,0.0,0.73094,0.853181,0.158784,0.0,HoltWinters7,0.06844,f04f2b253c23f56b,0.082653,0.061333,0.347618,0.240704,0.347618,0.278124,Stable,False,2026-08-27T18:24:04.422843+00:00
P00808,169.529851,30.903991,670,0.0,214.666667,34.32184,60,0.0,1.46055,1.110596,0.104897,0.0,HoltWinters7,0.101404,8740e41cfb2c24bc,0.071168,0.116523,-0.389237,0.427875,0.0,0.278119,Stable,False,2026-08-27T18:24:04.422843+00:00
P00650,151.791045,30.515128,670,0.0,141.683333,21.299711,60,0.0,0.331236,0.698005,0.359529,0.0,HoltWinters7,0.068829,1c384f1e4769823d,0.087073,0.059707,0.458343,0.180972,0.458343,0.278052,Stable,False,2026-08-27T18:24:04.422843+00:00
P01551,269.350746,48.773302,670,0.0,344.933333,49.020185,60,0.0,1.549671,1.005062,0.005049,0.0,HoltWinters7,0.105797,8d466b6ab8f10a55,0.101621,0.107885,-0.058063,0.427422,0.0,0.277824,Stable,False,2026-08-27T18:24:04.422843+00:00
P01677,14.437313,2.581082,670,0.0,17.05,4.684721,60,0.0,1.012245,1.815022,0.596098,0.0,HoltWinters7,0.145671,4424d6a2b84ea5d7,0.083185,0.176914,-0.529801,0.427392,0.0,0.277805,Stable,False,2026-08-27T18:24:04.422843+00:00
P00555,167.895522,30.256914,670,0.0,211.383333,34.335874,60,0.0,1.437285,1.134811,0.126466,0.0,HoltWinters7,0.103888,6e7eebd6d2948c30,0.081454,0.115104,-0.292344,0.42687,0.0,0.277465,Stable,False,2026-08-27T18:24:04.422843+00:00
P00731,28.002985,5.127084,670,0.0,33.283333,9.107813,60,0.0,1.029893,1.776412,0.574596,0.0,HoltWinters7,0.159487,c95b898459fb4ae9,0.097043,0.190708,-0.491144,0.42687,0.0,0.277465,Stable,False,2026-08-27T18:24:04.422843+00:00
P00465,298.871642,56.025925,670,0.0,379.483333,63.445557,60,0.0,1.438828,1.132432,0.124368,0.0,HoltWinters7,0.119523,29b49018fa23c409,0.103643,0.127463,-0.186874,0.42677,0.0,0.2774,Stable,False,2026-08-27T18:24:04.422843+00:00
P01400,245.335821,26.385365,670,0.0,235.15,19.767998,60,0.0,0.386041,0.749203,0.288745,0.0,HoltWinters7,0.05019,f817343f9b8d9900,0.063568,0.043502,0.46126,0.178347,0.46126,0.277367,Stable,False,2026-08-27T18:24:04.422843+00:00
P00620,311.197015,33.608268,670,0.0,297.166667,24.644707,60,0.0,0.417467,0.733293,0.31021,0.0,HoltWinters7,0.038538,55ace5eea7fc6d14,0.048296,0.03366,0.434827,0.192356,0.434827,0.277221,Stable,False,2026-08-27T18:24:04.422843+00:00
P00372,23.477612,4.234735,670,0.0,27.633333,7.91687,60,0.0,0.981342,1.869508,0.625675,0.0,HoltWinters7,0.132417,3a2ad1edb2f2eea7,0.050667,0.173292,-0.707619,0.426288,0.0,0.277087,Stable,False,2026-08-27T18:24:04.422843+00:00
P00200,435.3,46.811276,670,0.0,417.466667,35.4207,60,0.0,0.380962,0.75667,0.278828,0.0,HoltWinters7,0.037114,71590ae91f3b2a8e,0.04712,0.032111,0.467424,0.174472,0.467424,0.277005,Stable,False,2026-08-27T18:24:04.422843+00:00
P00944,307.51791,56.331701,670,0.0,389.95,61.890944,60,0.0,1.463334,1.098688,0.094116,0.0,HoltWinters7,0.109274,7dc1b64d7a31becc,0.075022,0.1264,-0.406473,0.425946,0.0,0.276865,Stable,False,2026-08-27T18:24:04.422843+00:00
P01143,43.634328,4.772149,670,0.0,41.9,3.516065,60,0.0,0.363427,0.736789,0.305454,0.0,HoltWinters7,0.043956,ab8fdfdc4355d567,0.055714,0.038077,0.4632,0.176306,0.4632,0.276719,Stable,False,2026-08-27T18:24:04.422843+00:00
P00126,31.016418,6.953488,670,0.0,28.733333,3.812854,60,0.0,0.328337,0.548337,0.600866,0.0,HoltWinters7,0.070331,8b88c70940738668,0.084768,0.063112,0.343129,0.240509,0.343129,0.276426,Stable,False,2026-08-27T18:24:04.422843+00:00
P00327,226.210448,45.541376,670,0.0,211.766667,30.394227,60,0.0,0.317157,0.667398,0.404369,0.0,HoltWinters7,0.074885,6f1c4011005bd2bb,0.094037,0.065309,0.439871,0.18831,0.439871,0.276357,Stable,False,2026-08-27T18:24:04.422843+00:00
P01314,15.307463,2.6513,670,0.0,19.266667,2.809588,60,0.0,1.493307,1.059702,0.057988,0.0,HoltWinters7,0.101089,574434be2a0f81c3,0.078443,0.112413,-0.30219,0.425156,0.0,0.276352,Stable,False,2026-08-27T18:24:04.422843+00:00
P00644,30.591045,6.776591,670,0.0,28.0,4.004235,60,0.0,0.382352,0.590892,0.526122,0.0,HoltWinters7,0.082197,714bacc255700be3,0.099373,0.073609,0.350016,0.236677,0.350016,0.276346,Stable,False,2026-08-27T18:24:04.422843+00:00
P00937,20.074627,3.550673,670,0.0,23.5,6.723347,60,0.0,0.964711,1.893542,0.638449,0.0,HoltWinters7,0.160094,24520787a21119f2,0.07801,0.201135,-0.612153,0.424908,0.0,0.27619,Stable,False,2026-08-27T18:24:04.422843+00:00
P00915,73.685075,8.308922,670,0.0,69.383333,5.605964,60,0.0,0.517726,0.674692,0.393499,0.0,HoltWinters7,0.046731,4c92c8757bd8d738,0.056292,0.04195,0.341885,0.240749,0.341885,0.276147,Stable,False,2026-08-27T18:24:04.422843+00:00
P01121,32.804478,6.007642,670,0.0,41.583333,6.580123,60,0.0,1.461282,1.095292,0.091021,0.0,HoltWinters7,0.112578,1bf308efc6c1d1b8,0.096554,0.120591,-0.199328,0.424608,0.0,0.275995,Stable,False,2026-08-27T18:24:04.422843+00:00
P00274,232.477612,42.40003,670,0.0,289.266667,52.945404,60,0.0,1.339364,1.248711,0.222112,0.0,HoltWinters7,0.12419,01a2e846cbe89010,0.116665,0.127952,-0.088217,0.423853,0.0,0.275504,Stable,False,2026-08-27T18:24:04.422843+00:00
P00141,83.10597,15.00391,670,0.0,105.85,14.63896,60,0.0,1.515874,0.975676,0.024624,0.0,HoltWinters7,0.102836,b6b04a8e253909b7,0.07873,0.114889,-0.314727,0.423021,0.0,0.274964,Stable,False,2026-08-27T18:24:04.422843+00:00
P01005,241.104478,42.40471,670,0.0,302.583333,46.552064,60,0.0,1.449812,1.097804,0.093312,0.0,HoltWinters7,0.109389,e5457696888ca087,0.089575,0.119296,-0.249139,0.422026,0.0,0.274317,Stable,False,2026-08-27T18:24:04.422843+00:00
P00539,298.077612,47.834699,670,0.0,325.816667,42.004637,60,0.0,0.579894,0.878121,0.129971,0.0,HoltWinters7,0.091775,ee21125430ffda18,0.114604,0.08036,0.426131,0.191964,0.426131,0.273922,Stable,False,2026-08-27T18:24:04.422843+00:00
P00212,174.71194,29.882265,670,0.0,202.9,25.252421,60,0.0,0.943304,0.845064,0.168343,0.0,HoltWinters7,0.076345,fdc48c2574bf7c17,0.086889,0.071074,0.222524,0.301494,0.222524,0.273855,Stable,False,2026-08-27T18:24:04.422843+00:00
P00363,55.814925,6.500207,670,0.0,52.7,4.495949,60,0.0,0.479204,0.691662,0.368657,0.0,HoltWinters7,0.042515,9833c4a04b91e4dc,0.05176,0.037893,0.365976,0.223945,0.365976,0.273656,Stable,False,2026-08-27T18:24:04.422843+00:00
P01031,13.329851,2.415107,670,0.0,15.7,4.419909,60,0.0,0.981385,1.830109,0.604376,0.0,HoltWinters7,0.146097,e68e23ff590b35bb,0.08195,0.178171,-0.540049,0.420975,0.0,0.273634,Stable,False,2026-08-27T18:24:04.422843+00:00
P00875,10.807463,2.013468,670,0.0,12.883333,3.488925,60,0.0,1.030992,1.732794,0.549735,0.0,HoltWinters7,0.144649,a3dc4441700a9a5a,0.072718,0.180614,-0.597386,0.420957,0.0,0.273622,Stable,False,2026-08-27T18:24:04.422843+00:00
P00162,296.429851,34.696984,670,0.0,281.033333,23.297608,60,0.0,0.443742,0.671459,0.398302,0.0,HoltWinters7,0.057662,2ccab6c23134fbdf,0.070326,0.05133,0.370087,0.221605,0.370087,0.273573,Stable,False,2026-08-27T18:24:04.422843+00:00
P01724,22.850746,4.194643,670,0.0,27.166667,7.272345,60,0.0,1.028912,1.733722,0.550271,0.0,HoltWinters7,0.164603,5d098eb9ce433401,0.105193,0.194309,-0.458629,0.420519,0.0,0.273337,Stable,False,2026-08-27T18:24:04.422843+00:00
P00166,287.080597,50.459527,670,0.0,359.983333,55.261011,60,0.0,1.444776,1.095155,0.090896,0.0,HoltWinters7,0.094186,0680b4da6cc57313,0.063364,0.109597,-0.421846,0.420038,0.0,0.273024,Stable,False,2026-08-27T18:24:04.422843+00:00
P00027,11.81194,2.192631,670,0.0,14.15,3.639822,60,0.0,1.066326,1.660025,0.506833,0.0,HoltWinters7,0.134994,1552913000980934,0.062836,0.171073,-0.632693,0.419948,0.0,0.272966,Stable,False,2026-08-27T18:24:04.422843+00:00
P00241,264.420896,48.234066,670,0.0,337.683333,48.601629,60,0.0,1.518894,1.00762,0.007592,0.0,HoltWinters7,0.096805,57621c83356077f8,0.078535,0.10594,-0.258684,0.419594,0.0,0.272736,Stable,False,2026-08-27T18:24:04.422843+00:00
P01699,168.725373,31.824525,670,0.0,217.166667,31.950261,60,0.0,1.522137,1.003951,0.003943,0.0,HoltWinters7,0.105833,79bdc74577973e84,0.096463,0.110518,-0.127177,0.419574,0.0,0.272723,Stable,False,2026-08-27T18:24:04.422843+00:00
P01757,221.098507,40.5795,670,0.0,279.9,44.150628,60,0.0,1.449044,1.088003,0.084344,0.0,HoltWinters7,0.118614,c3bd72bf4a6a97aa,0.093901,0.130971,-0.283042,0.419573,0.0,0.272723,Stable,False,2026-08-27T18:24:04.422843+00:00
P01663,24.580597,4.477004,670,0.0,31.1,4.831745,60,0.0,1.456198,1.079236,0.076254,0.0,HoltWinters7,0.103078,5856f1ee4eed88b7,0.064241,0.122496,-0.475565,0.419518,0.0,0.272687,Stable,False,2026-08-27T18:24:04.422843+00:00
P01359,28.40597,6.494286,670,0.0,25.45,3.609897,60,0.0,0.455165,0.555857,0.587243,0.0,HoltWinters7,0.088448,afb0be5771266d3e,0.103164,0.08109,0.272223,0.271981,0.272223,0.272066,Stable,False,2026-08-27T18:24:04.422843+00:00
P01859,85.340299,15.318171,670,0.0,107.433333,16.707216,60,0.0,1.442276,1.09068,0.086801,0.0,HoltWinters7,0.10003,c603fb0a08108f5e,0.067341,0.116375,-0.421344,0.418326,0.0,0.271912,Stable,False,2026-08-27T18:24:04.422843+00:00
P01682,28.108955,5.186946,670,0.0,35.5,5.759296,60,0.0,1.424932,1.110344,0.10467,0.0,HoltWinters7,0.110374,92e0eb3b4f9183e3,0.082526,0.124297,-0.33606,0.418024,0.0,0.271716,Stable,False,2026-08-27T18:24:04.422843+00:00
P01180,195.743284,32.241564,670,0.0,218.066667,27.487357,60,0.0,0.692379,0.852544,0.15953,0.0,HoltWinters7,0.08082,71de0575fe79ca9c,0.097638,0.072411,0.348373,0.230287,0.348373,0.271617,Stable,False,2026-08-27T18:24:04.422843+00:00
P00490,297.50597,53.512183,670,0.0,374.966667,57.803573,60,0.0,1.447534,1.080195,0.077141,0.0,HoltWinters7,0.099295,885cce733c5874f7,0.071131,0.113377,-0.372617,0.417357,0.0,0.271282,Stable,False,2026-08-27T18:24:04.422843+00:00
P01203,25.11791,4.494422,670,0.0,29.466667,8.230713,60,0.0,0.96759,1.831317,0.605036,0.0,HoltWinters7,0.153542,e16a80f8c3fc06ea,0.098802,0.180913,-0.453869,0.417346,0.0,0.271275,Stable,False,2026-08-27T18:24:04.422843+00:00
P00127,199.271642,35.944912,670,0.0,251.8,38.175687,60,0.0,1.461357,1.062061,0.060211,0.0,HoltWinters7,0.112718,1bd2ebf882407a0d,0.083834,0.12716,-0.340715,0.416926,0.0,0.271002,Stable,False,2026-08-27T18:24:04.422843+00:00
P00094,109.974627,21.750473,670,0.0,101.833333,14.435322,60,0.0,0.374304,0.663679,0.409957,0.0,HoltWinters7,0.064557,fe53c3f2ae03cb25,0.079502,0.057084,0.392714,0.205423,0.392714,0.270975,Stable,False,2026-08-27T18:24:04.422843+00:00
P01728,126.547761,23.367346,670,0.0,160.116667,25.460565,60,0.0,1.436573,1.089579,0.085791,0.0,HoltWinters7,0.109773,e4a2412a106938d2,0.095562,0.116879,-0.182381,0.416505,0.0,0.270729,Stable,False,2026-08-27T18:24:04.422843+00:00
P01042,300.107463,33.172338,670,0.0,286.0,23.585402,60,0.0,0.425278,0.710996,0.341088,0.0,HoltWinters7,0.051047,937390d0a2c87ec2,0.062977,0.045082,0.396941,0.202224,0.396941,0.270375,Stable,False,2026-08-27T18:24:04.422843+00:00
P01545,240.220896,43.680305,670,0.0,304.566667,45.609383,60,0.0,1.473107,1.044164,0.043216,0.0,HoltWinters7,0.104009,a232ea291fe9c4e5,0.085741,0.113143,-0.242192,0.415909,0.0,0.270341,Stable,False,2026-08-27T18:24:04.422843+00:00
P00861,199.846269,21.489427,670,0.0,190.733333,13.206145,60,0.0,0.424066,0.614542,0.486879,0.0,HoltWinters7,0.048619,755bf84288817791,0.058239,0.043808,0.329401,0.238338,0.329401,0.27021,Stable,False,2026-08-27T18:24:04.422843+00:00
P00652,192.864179,38.320664,670,0.0,177.95,28.090909,60,0.0,0.389194,0.733049,0.310543,0.0,HoltWinters7,0.064465,232a8451e9535b8c,0.080586,0.056405,0.428701,0.184664,0.428701,0.270077,Stable,False,2026-08-27T18:24:04.422843+00:00
P01023,61.580597,11.258025,670,0.0,78.0,10.640505,60,0.0,1.458462,0.945148,0.056413,0.0,HoltWinters7,0.099009,29b8587427bb8522,0.088081,0.104472,-0.156892,0.41518,0.0,0.269867,Stable,False,2026-08-27T18:24:04.422843+00:00
P00044,290.029851,52.203629,670,0.0,364.316667,57.426,60,0.0,1.42302,1.100038,0.095345,0.0,HoltWinters7,0.105146,d3df826ce6f10fa1,0.08338,0.11603,-0.281391,0.415167,0.0,0.269858,Stable,False,2026-08-27T18:24:04.422843+00:00
P01027,313.4,57.673204,670,0.0,398.033333,60.343078,60,0.0,1.467464,1.046293,0.045254,0.0,HoltWinters7,0.111734,bf14ec42db357f0a,0.099559,0.117821,-0.154998,0.414866,0.0,0.269663,Stable,False,2026-08-27T18:24:04.422843+00:00
P01873,140.147761,27.207731,670,0.0,127.683333,19.433059,60,0.0,0.458121,0.714248,0.336525,0.0,HoltWinters7,0.050835,95512d1954f791e4,0.062272,0.045117,0.380235,0.210115,0.380235,0.269657,Stable,False,2026-08-27T18:24:04.422843+00:00
P01970,27.302985,4.977302,670,0.0,32.316667,8.630831,60,0.0,1.007309,1.734038,0.550453,0.0,HoltWinters7,0.142859,38d5d05b784a00bd,0.06931,0.179633,-0.614159,0.414623,0.0,0.269505,Stable,False,2026-08-27T18:24:04.422843+00:00
P00848,77.602985,14.223309,670,0.0,98.35,15.010533,60,0.0,1.458663,1.055347,0.05387,0.0,HoltWinters7,0.109016,de6d196b7c1594ec,0.06891,0.129068,-0.466097,0.4146,0.0,0.26949,Stable,False,2026-08-27T18:24:04.422843+00:00
P00552,215.807463,38.936117,670,0.0,271.2,42.644689,60,0.0,1.422652,1.095248,0.09098,0.0,HoltWinters7,0.093674,c0a74421ce7314d4,0.06898,0.106021,-0.349373,0.413974,0.0,0.269083,Stable,False,2026-08-27T18:24:04.422843+00:00
P00250,292.867164,53.222173,670,0.0,372.7,53.505362,60,0.0,1.499992,1.005321,0.005307,0.0,HoltWinters7,0.107895,8e8489105f55f2ff,0.07454,0.124573,-0.401634,0.413825,0.0,0.268986,Stable,False,2026-08-27T18:24:04.422843+00:00
P01239,177.697015,32.897665,670,0.0,225.766667,31.369513,60,0.0,1.461187,0.953548,0.047565,0.0,HoltWinters7,0.120536,d241d3eab0b5f394,0.086829,0.13739,-0.368009,0.413718,0.0,0.268917,Stable,False,2026-08-27T18:24:04.422843+00:00
P01249,144.083582,26.670085,670,0.0,183.016667,27.967591,60,0.0,1.459804,1.04865,0.047504,0.0,HoltWinters7,0.104305,57f643e46564e126,0.07147,0.120723,-0.40798,0.413322,0.0,0.268659,Stable,False,2026-08-27T18:24:04.422843+00:00
P01712,17.349254,3.095943,670,0.0,20.166667,5.938004,60,0.0,0.910034,1.917995,0.65128,0.0,HoltWinters7,0.1467,0bcaf39848dc6edd,0.067018,0.186541,-0.640731,0.413079,0.0,0.268502,Stable,False,2026-08-27T18:24:04.422843+00:00
P00509,321.10597,59.25781,670,0.0,409.566667,58.765944,60,0.0,1.492811,0.9917,0.008335,0.0,HoltWinters7,0.096108,f35299618f122b79,0.059648,0.114338,-0.478314,0.412607,0.0,0.268194,Stable,False,2026-08-27T18:24:04.422843+00:00
P01469,217.431343,38.687285,670,0.0,273.116667,41.327584,60,0.0,1.43937,1.068247,0.066019,0.0,HoltWinters7,0.111614,ffcee6950ad17030,0.11012,0.112361,-0.019939,0.412332,0.0,0.268016,Stable,False,2026-08-27T18:24:04.422843+00:00
P00531,206.935821,36.318518,670,0.0,258.033333,40.165322,60,0.0,1.406927,1.105919,0.100676,0.0,HoltWinters7,0.108465,17d83bd4bb180e40,0.075147,0.125124,-0.399419,0.412074,0.0,0.267848,Stable,False,2026-08-27T18:24:04.422843+00:00
P01229,304.940299,55.790817,670,0.0,386.7,57.843242,60,0.0,1.465469,1.036788,0.036127,0.0,HoltWinters7,0.103706,83168086cf119bf5,0.076474,0.117322,-0.348163,0.412036,0.0,0.267823,Stable,False,2026-08-27T18:24:04.422843+00:00
P00629,27.907463,4.895051,670,0.0,32.916667,8.232411,60,0.0,1.02332,1.681782,0.519854,0.0,HoltWinters7,0.14691,abde287b836ff3c4,0.099338,0.170697,-0.418046,0.411377,0.0,0.267395,Stable,False,2026-08-27T18:24:04.422843+00:00
P00619,18.655224,3.381422,670,0.0,23.5,3.624306,60,0.0,1.432763,1.071829,0.069366,0.0,HoltWinters7,0.113235,899499c3fbb9aa4b,0.091037,0.124334,-0.267802,0.411351,0.0,0.267378,Stable,False,2026-08-27T18:24:04.422843+00:00
P00074,304.201493,52.933382,670,0.0,376.55,60.795691,60,0.0,1.366784,1.148532,0.138485,0.0,HoltWinters7,0.117295,7f5e1efe88bee7c5,0.085879,0.133004,-0.354312,0.410487,0.0,0.266816,Stable,False,2026-08-27T18:24:04.422843+00:00
P00819,29.389552,5.322952,670,0.0,34.183333,10.205501,60,0.0,0.900587,1.917263,0.650899,0.0,HoltWinters7,0.151351,a92cc80530c7dcc4,0.072103,0.190975,-0.622449,0.410386,0.0,0.266751,Stable,False,2026-08-27T18:24:04.422843+00:00
P01546,268.443284,31.045252,670,0.0,252.7,19.649729,60,0.0,0.507108,0.632938,0.457382,0.0,HoltWinters7,0.050511,6fc1fd05ce05fd74,0.059422,0.046055,0.290229,0.2538,0.290229,0.26655,Stable,False,2026-08-27T18:24:04.422843+00:00
P01289,13.840299,2.490614,670,0.0,16.283333,4.365084,60,0.0,0.980897,1.752614,0.561108,0.0,HoltWinters7,0.152595,de1c6f1d5c75df14,0.081989,0.187898,-0.563651,0.410024,0.0,0.266515,Stable,False,2026-08-27T18:24:04.422843+00:00
P00859,92.153731,15.892914,670,0.0,102.7,12.157581,60,0.0,0.663583,0.764969,0.26792,0.0,HoltWinters7,0.073484,8f6689e6e54d39fb,0.086752,0.06685,0.297716,0.249465,0.297716,0.266353,Stable,False,2026-08-27T18:24:04.422843+00:00
P00333,28.059701,5.054503,670,0.0,33.033333,8.800937,60,0.0,0.984,1.741207,0.554579,0.0,HoltWinters7,0.13556,d3ed285c83bdee70,0.065934,0.170373,-0.613002,0.409245,0.0,0.266009,Stable,False,2026-08-27T18:24:04.422843+00:00
P01698,26.940299,4.864012,670,0.0,31.983333,7.990443,60,0.0,1.036806,1.642768,0.496383,0.0,HoltWinters7,0.14902,a4db75b1db1572de,0.078724,0.184168,-0.57254,0.409217,0.0,0.265991,Stable,False,2026-08-27T18:24:04.422843+00:00
P01656,292.401493,52.160712,670,0.0,368.033333,54.373151,60,0.0,1.449977,1.042416,0.041541,0.0,HoltWinters7,0.092382,cc49da0d1abb1dac,0.066359,0.105394,-0.370373,0.409129,0.0,0.265934,Stable,False,2026-08-27T18:24:04.422843+00:00
P00029,315.734328,54.219461,670,0.0,355.533333,46.387267,60,0.0,0.734035,0.855546,0.156015,0.0,HoltWinters7,0.082587,a63322e9fbaa6686,0.098143,0.074809,0.311924,0.240863,0.311924,0.265735,Stable,False,2026-08-27T18:24:04.422843+00:00
P00013,224.81791,39.796038,670,0.0,282.566667,41.379749,60,0.0,1.451118,1.039796,0.039024,0.0,HoltWinters7,0.095229,ef8d2ffddce5a9bb,0.06821,0.108739,-0.372716,0.408814,0.0,0.265729,Stable,False,2026-08-27T18:24:04.422843+00:00
P00479,42.108955,7.641348,670,0.0,53.233333,7.898437,60,0.0,1.455814,1.033644,0.033091,0.0,HoltWinters7,0.086729,12f8bc12d1b64e57,0.063531,0.098328,-0.353882,0.408621,0.0,0.265604,Stable,False,2026-08-27T18:24:04.422843+00:00
P01854,51.674627,9.197799,670,0.0,64.266667,10.458743,60,0.0,1.369028,1.137092,0.128474,0.0,HoltWinters7,0.112284,0e3b47facf741e71,0.094224,0.121314,-0.223309,0.408601,0.0,0.265591,Stable,False,2026-08-27T18:24:04.422843+00:00
P01742,286.69403,32.172607,670,0.0,275.833333,21.678832,60,0.0,0.337576,0.673829,0.394779,0.0,HoltWinters7,0.051579,0a735b3169d847c6,0.063786,0.045476,0.402623,0.191528,0.402623,0.265411,Stable,False,2026-08-27T18:24:04.422843+00:00
P00379,181.18209,31.959049,670,0.0,227.616667,33.083403,60,0.0,1.45294,1.035181,0.034576,0.0,HoltWinters7,0.09959,69a32b1c27763540,0.09055,0.10411,-0.130252,0.408203,0.0,0.265332,Stable,False,2026-08-27T18:24:04.422843+00:00
P01794,376.225373,64.16306,670,0.0,428.533333,51.663667,60,0.0,0.815235,0.805193,0.216673,0.0,HoltWinters7,0.076148,f259330d44b40913,0.087422,0.070512,0.239825,0.278358,0.239825,0.264871,Stable,False,2026-08-27T18:24:04.422843+00:00
P00553,294.564179,34.858303,670,0.0,277.5,22.708544,60,0.0,0.48953,0.651453,0.42855,0.0,HoltWinters7,0.055485,140c01fafac4a86f,0.065801,0.050326,0.307489,0.241758,0.307489,0.264764,Stable,False,2026-08-27T18:24:04.422843+00:00
P00155,237.61194,43.347022,670,0.0,301.383333,43.62828,60,0.0,1.471183,1.006489,0.006468,0.0,HoltWinters7,0.106873,7d131d5884537695,0.073967,0.123326,-0.400234,0.406192,0.0,0.264025,Stable,False,2026-08-27T18:24:04.422843+00:00
P01810,17.865672,3.23608,670,0.0,21.033333,5.593479,60,0.0,0.978858,1.728474,0.547239,0.0,HoltWinters7,0.141234,7c9dcb55f2b70e5e,0.077722,0.17299,-0.550713,0.405996,0.0,0.263897,Stable,False,2026-08-27T18:24:04.422843+00:00
P01137,240.574627,43.743507,670,0.0,302.016667,47.31198,60,0.0,1.404598,1.081577,0.07842,0.0,HoltWinters7,0.101452,932dfb5f322e608a,0.071964,0.116195,-0.380661,0.40587,0.0,0.263815,Stable,False,2026-08-27T18:24:04.422843+00:00
P01788,361.022388,61.631101,670,0.0,408.35,51.321461,60,0.0,0.767918,0.83272,0.183058,0.0,HoltWinters7,0.076569,ca9ead7c1588c929,0.089484,0.070112,0.276303,0.256942,0.276303,0.263718,Stable,False,2026-08-27T18:24:04.422843+00:00
P01343,239.837313,42.685439,670,0.0,300.8,44.944712,60,0.0,1.428185,1.052928,0.051575,0.0,HoltWinters7,0.104541,86c20733abcc16d7,0.085003,0.114311,-0.256388,0.405645,0.0,0.263669,Stable,False,2026-08-27T18:24:04.422843+00:00
P01675,208.691045,36.14278,670,0.0,244.783333,33.283116,60,0.0,0.998603,0.920879,0.082427,0.0,HoltWinters7,0.081735,340a2d046d931d7a,0.092121,0.076542,0.203543,0.295223,0.203543,0.263135,Stable,False,2026-08-27T18:24:04.422843+00:00
P00807,45.862687,8.335578,670,0.0,57.566667,7.740202,60,0.0,1.404099,0.928574,0.074105,0.0,HoltWinters7,0.088438,95361a284d28911a,0.062665,0.101325,-0.381549,0.404654,0.0,0.263025,Stable,False,2026-08-27T18:24:04.422843+00:00
P01441,216.607463,40.098864,670,0.0,274.766667,40.930436,60,0.0,1.450395,1.020738,0.020526,0.0,HoltWinters7,0.114865,b91a2be3d091d3a3,0.074805,0.134895,-0.445457,0.40399,0.0,0.262594,Stable,False,2026-08-27T18:24:04.422843+00:00
P00409,205.570149,37.448484,670,0.0,259.016667,35.78111,60,0.0,1.427201,0.955476,0.045546,0.0,HoltWinters7,0.090471,eb3c17625315a193,0.067209,0.102102,-0.34175,0.403867,0.0,0.262513,Stable,False,2026-08-27T18:24:04.422843+00:00
P00510,358.631343,38.523573,670,0.0,341.9,27.275556,60,0.0,0.434314,0.708022,0.345279,0.0,HoltWinters7,0.045707,b015054b59477d04,0.055649,0.040736,0.366085,0.205756,0.366085,0.261871,Stable,False,2026-08-27T18:24:04.422843+00:00
P00518,144.498507,26.121525,670,0.0,179.516667,29.856431,60,0.0,1.340586,1.142982,0.133641,0.0,HoltWinters7,0.1029,979f13d0368d19a5,0.07634,0.11618,-0.342914,0.402071,0.0,0.261346,Stable,False,2026-08-27T18:24:04.422843+00:00
P01907,248.195522,45.041077,670,0.0,311.583333,47.663116,60,0.0,1.407333,1.058214,0.056583,0.0,HoltWinters7,0.098875,df5be3da0fb7e4ea,0.075,0.110812,-0.323181,0.401162,0.0,0.260756,Stable,False,2026-08-27T18:24:04.422843+00:00
P00759,147.952239,34.350268,670,0.0,175.033333,41.169746,60,0.0,0.788381,1.198528,0.181094,0.0,Naive,0.182679,a1b4607d93eec97c,0.211598,0.16822,0.257862,0.262078,0.257862,0.260602,Stable,False,2026-08-27T18:24:04.422843+00:00
P01417,10.264179,1.909085,670,0.0,12.066667,3.35406,60,0.0,0.944163,1.756894,0.563548,0.0,HoltWinters7,0.150208,3fdb769f2282aa6b,0.088031,0.181296,-0.514436,0.400532,0.0,0.260346,Stable,False,2026-08-27T18:24:04.422843+00:00
P01080,22.156716,4.199535,670,0.0,28.033333,3.948682,60,0.0,1.39935,0.940267,0.061592,0.0,HoltWinters7,0.112813,0a3c57e02b700296,0.074054,0.132193,-0.439802,0.400219,0.0,0.260142,Stable,False,2026-08-27T18:24:04.422843+00:00
P00475,212.58806,24.724742,670,0.0,199.183333,15.516521,60,0.0,0.542158,0.627571,0.465899,0.0,HoltWinters7,0.044206,3634bdbbd913fb04,0.050994,0.040812,0.249483,0.265568,0.249483,0.259938,Stable,False,2026-08-27T18:24:04.422843+00:00
P00183,316.852239,59.660755,670,0.0,400.733333,56.736341,60,0.0,1.405968,0.950983,0.050259,0.0,HoltWinters7,0.115075,e4b92cfcd3664ed0,0.081187,0.132018,-0.38503,0.399206,0.0,0.259484,Stable,False,2026-08-27T18:24:04.422843+00:00
P01295,35.6,6.569258,670,0.0,44.583333,6.012111,60,0.0,1.367481,0.915189,0.088625,0.0,HoltWinters7,0.089612,ca414a8313904b97,0.081289,0.093774,-0.133139,0.398213,0.0,0.258839,Stable,False,2026-08-27T18:24:04.422843+00:00
P00781,79.256716,109.984765,670,0.653731,64.483333,104.134283,60,0.716667,0.134322,0.946806,0.054661,0.062935,SeasonalNaive7,1.414229,3511fd38899c8ce1,1.883062,1.179813,0.596067,0.075778,0.596067,0.257879,Stable,False,2026-08-27T18:24:04.422843+00:00
P01926,3.958209,0.781733,670,0.0,4.7,1.344165,60,0.0,0.948906,1.719469,0.542016,0.0,HoltWinters7,0.156643,998057e3828ec865,0.090496,0.189717,-0.522995,0.396453,0.0,0.257695,Stable,False,2026-08-27T18:24:04.422843+00:00
P01124,154.613433,27.604913,670,0.0,192.916667,29.291806,60,0.0,1.387551,1.061108,0.059314,0.0,HoltWinters7,0.103455,b69c9852d7a67cf5,0.074035,0.118165,-0.373459,0.396405,0.0,0.257663,Stable,False,2026-08-27T18:24:04.422843+00:00
P01700,111.679104,22.16078,670,0.0,103.316667,14.346194,60,0.0,0.377353,0.647369,0.434839,0.0,HoltWinters7,0.065557,e7001757719a2271,0.078899,0.058886,0.339861,0.212482,0.339861,0.257065,Stable,False,2026-08-27T18:24:04.422843+00:00
P00488,4.871642,1.130473,670,0.0,4.4,0.668923,60,0.0,0.417208,0.591719,0.524723,0.0,SeasonalNaive7,0.085551,cfbc46af8be759a3,0.1,0.078326,0.276719,0.245913,0.276719,0.256695,Stable,False,2026-08-27T18:24:04.422843+00:00
P00486,211.729851,38.370083,670,0.0,266.733333,38.273709,60,0.0,1.433499,0.997488,0.002515,0.0,HoltWinters7,0.097765,40ed26514826c0af,0.073153,0.110071,-0.335397,0.394841,0.0,0.256647,Stable,False,2026-08-27T18:24:04.422843+00:00
P01161,221.310448,40.354287,670,0.0,276.0,44.083511,60,0.0,1.355235,1.092412,0.088388,0.0,HoltWinters7,0.094743,a8797b4e997655c6,0.052194,0.116018,-0.550117,0.394787,0.0,0.256611,Stable,False,2026-08-27T18:24:04.422843+00:00
P01008,257.246269,46.02239,670,0.0,319.966667,49.856393,60,0.0,1.362824,1.083307,0.080019,0.0,HoltWinters7,0.1017,7b9eb6ef4d770305,0.061836,0.121632,-0.491613,0.394781,0.0,0.256608,Stable,False,2026-08-27T18:24:04.422843+00:00
P01756,189.937313,34.007283,670,0.0,238.433333,34.33601,60,0.0,1.426048,1.009666,0.00962,0.0,HoltWinters7,0.099772,8010c549cd29b106,0.078166,0.110575,-0.293093,0.394568,0.0,0.256469,Stable,False,2026-08-27T18:24:04.422843+00:00
P00196,23.429851,5.299717,670,0.0,21.766667,3.456101,60,0.0,0.313825,0.652129,0.427512,0.0,HoltWinters7,0.076181,b9707d25615d5a0f,0.093068,0.067738,0.373955,0.19318,0.373955,0.256451,Stable,False,2026-08-27T18:24:04.422843+00:00
P01801,257.952239,48.248523,670,0.0,324.933333,50.575624,60,0.0,1.388252,1.048232,0.047105,0.0,HoltWinters7,0.11288,b4bcf5992a974c9f,0.070142,0.134249,-0.477525,0.393545,0.0,0.255804,Stable,False,2026-08-27T18:24:04.422843+00:00
P00179,165.632836,31.041553,670,0.0,208.8,32.446462,60,0.0,1.390625,1.045259,0.044265,0.0,Naive,0.110358,8853279db9103772,0.102739,0.114168,-0.100108,0.393488,0.0,0.255767,Stable,False,2026-08-27T18:24:04.422843+00:00
P00383,255.162687,29.62257,670,0.0,241.166667,21.254046,60,0.0,0.472478,0.717495,0.331989,0.0,HoltWinters7,0.04606,24f19433c598e28f,0.055319,0.041431,0.33521,0.212929,0.33521,0.255727,Stable,False,2026-08-27T18:24:04.422843+00:00
P00025,303.080597,61.432424,670,0.0,278.533333,42.107396,60,0.0,0.399582,0.685426,0.377714,0.0,HoltWinters7,0.068518,31e8e825fb6d75a8,0.082876,0.061339,0.351115,0.204314,0.351115,0.255694,Stable,False,2026-08-27T18:24:04.422843+00:00
P00685,88.841791,16.015558,670,0.0,111.316667,16.49601,60,0.0,1.403315,1.029999,0.029558,0.0,HoltWinters7,0.088949,744d8cb7f15a2b4b,0.087402,0.089723,-0.025864,0.393301,0.0,0.255646,Stable,False,2026-08-27T18:24:04.422843+00:00
P00356,156.989552,17.937732,670,0.0,149.9,14.002058,60,0.0,0.395231,0.780592,0.247702,0.0,SeasonalNaive7,0.062458,ce8f4f1f58282dfa,0.07759,0.054892,0.413504,0.170614,0.413504,0.255626,Stable,False,2026-08-27T18:24:04.422843+00:00
P00082,104.107463,20.704132,670,0.0,96.666667,13.345051,60,0.0,0.359387,0.64456,0.439188,0.0,HoltWinters7,0.064474,d9c0dff2d3002770,0.077608,0.057907,0.340218,0.208628,0.340218,0.254685,Stable,False,2026-08-27T18:24:04.422843+00:00
P00171,359.329851,39.015809,670,0.0,345.616667,26.341365,60,0.0,0.351478,0.675146,0.392826,0.0,HoltWinters7,0.044912,22e868974ed32726,0.054665,0.040035,0.365436,0.194863,0.365436,0.254564,Stable,False,2026-08-27T18:24:04.422843+00:00
P01727,309.980597,51.137593,670,0.0,338.95,43.138887,60,0.0,0.566499,0.843585,0.170095,0.0,HoltWinters7,0.077454,b5d338b94b44a20c,0.094001,0.06918,0.358794,0.198311,0.358794,0.25448,Stable,False,2026-08-27T18:24:04.422843+00:00
P00814,135.564179,24.746631,670,0.0,169.833333,23.752371,60,0.0,1.384801,0.959822,0.041007,0.0,HoltWinters7,0.091893,ce33f4d2dc212c30,0.069498,0.103091,-0.325851,0.391072,0.0,0.254197,Stable,False,2026-08-27T18:24:04.422843+00:00
P01478,294.61194,51.141164,670,0.0,341.633333,40.233626,60,0.0,0.919443,0.786717,0.239887,0.0,HoltWinters7,0.073123,ac83271a58408922,0.079875,0.069747,0.145216,0.312819,0.145216,0.254158,Stable,False,2026-08-27T18:24:04.422843+00:00
P01392,6.707463,1.254387,670,0.0,7.866667,2.166515,60,0.0,0.92412,1.72715,0.546473,0.0,HoltWinters7,0.163328,d7ded6b9255fc9a3,0.1257,0.182142,-0.309879,0.390751,0.0,0.253988,Stable,False,2026-08-27T18:24:04.422843+00:00
P01736,147.280597,26.624366,670,0.0,184.983333,26.492398,60,0.0,1.416099,0.995043,0.004969,0.0,HoltWinters7,0.094643,43ef3778c1a576a5,0.066418,0.108756,-0.389299,0.390669,0.0,0.253935,Stable,False,2026-08-27T18:24:04.422843+00:00
P00906,64.834328,11.854159,670,0.0,81.116667,11.261291,60,0.0,1.373555,0.949986,0.051308,0.0,HoltWinters7,0.095378,e79008c971af3927,0.075999,0.105068,-0.276668,0.390554,0.0,0.25386,Stable,False,2026-08-27T18:24:04.422843+00:00
P01874,71.441791,13.043748,670,0.0,88.116667,11.166068,60,0.0,1.278381,0.856048,0.155429,0.0,HoltWinters7,0.104649,879c5ec4cf5f409c,0.075464,0.119241,-0.367134,0.390412,0.0,0.253768,Stable,False,2026-08-27T18:24:04.422843+00:00
P01630,291.98806,34.231034,670,0.0,276.366667,23.99927,60,0.0,0.456352,0.701097,0.355109,0.0,HoltWinters7,0.052682,b0fb7cae4de2e3d5,0.063027,0.04751,0.3266,0.214274,0.3266,0.253588,Stable,False,2026-08-27T18:24:04.422843+00:00
P00272,295.507463,53.719827,670,0.0,370.733333,52.85922,60,0.0,1.400337,0.98398,0.01615,0.0,Naive,0.099598,3f93cad08579a367,0.071799,0.113497,-0.367391,0.38913,0.0,0.252935,Stable,False,2026-08-27T18:24:04.422843+00:00
P01231,216.665672,40.66964,670,0.0,273.15,39.521213,60,0.0,1.388857,0.971762,0.028644,0.0,HoltWinters7,0.097315,4a0854959713ad15,0.076516,0.107715,-0.289646,0.389097,0.0,0.252913,Stable,False,2026-08-27T18:24:04.422843+00:00
P00339,286.547761,57.323199,670,0.0,263.733333,40.916147,60,0.0,0.397996,0.71378,0.337181,0.0,HoltWinters7,0.055529,9ae43a8c3f722c80,0.067501,0.049542,0.362482,0.193744,0.362482,0.252803,Stable,False,2026-08-27T18:24:04.422843+00:00
P00708,14.883582,2.67271,670,0.0,18.516667,2.831372,60,0.0,1.359326,1.059364,0.057669,0.0,HoltWinters7,0.097734,4d96acb539fed528,0.074829,0.109187,-0.31467,0.388232,0.0,0.252351,Stable,False,2026-08-27T18:24:04.422843+00:00
P00498,10.802985,1.990258,670,0.0,12.75,3.202885,60,0.0,0.978273,1.609281,0.475788,0.0,HoltWinters7,0.131497,55115e9cd0de8685,0.079854,0.157318,-0.492405,0.387972,0.0,0.252182,Stable,False,2026-08-27T18:24:04.422843+00:00
P01150,186.516418,34.261356,670,0.0,233.383333,35.894899,60,0.0,1.367924,1.047679,0.046577,0.0,HoltWinters7,0.112862,5e30ff54191cbb74,0.109359,0.114613,-0.045846,0.387823,0.0,0.252085,Stable,False,2026-08-27T18:24:04.422843+00:00
P00852,491.516418,85.741532,670,0.0,570.666667,70.305789,60,0.0,0.923126,0.819974,0.198483,0.0,HoltWinters7,0.088378,e57069236e25fb4f,0.097149,0.083993,0.156635,0.30348,0.156635,0.252085,Stable,False,2026-08-27T18:24:04.422843+00:00
P00121,196.90597,34.757049,670,0.0,243.75,37.209268,60,0.0,1.347756,1.070553,0.068175,0.0,HoltWinters7,0.100712,3cc728ba179a0f34,0.085843,0.108147,-0.20624,0.387677,0.0,0.25199,Stable,False,2026-08-27T18:24:04.422843+00:00
P00736,306.49403,56.819246,670,0.0,384.366667,59.128979,60,0.0,1.370533,1.040651,0.039846,0.0,HoltWinters7,0.105098,53029642d3cff017,0.105172,0.105061,0.001059,0.386858,0.001059,0.251828,Stable,False,2026-08-27T18:24:04.422843+00:00
P00541,215.516418,40.580196,670,0.0,272.4,40.852027,60,0.0,1.401757,1.006699,0.006676,0.0,HoltWinters7,0.109347,0831dbb8d06c0ed8,0.077911,0.125064,-0.377028,0.387152,0.0,0.251649,Stable,False,2026-08-27T18:24:04.422843+00:00
P00757,163.777612,18.624038,670,0.0,154.75,12.755358,60,0.0,0.484729,0.684887,0.378502,0.0,HoltWinters7,0.055074,ab68d55dc11a7b10,0.064952,0.050136,0.295519,0.227926,0.295519,0.251583,Stable,False,2026-08-27T18:24:04.422843+00:00
P01517,312.073134,51.575527,670,0.0,349.083333,44.405791,60,0.0,0.717592,0.860986,0.149677,0.0,HoltWinters7,0.069827,197242be6bea6d5a,0.081856,0.063813,0.282749,0.234757,0.282749,0.251554,Stable,False,2026-08-27T18:24:04.422843+00:00
P00414,144.080597,23.977931,670,0.0,167.333333,23.130189,60,0.0,0.969756,0.964645,0.035995,0.0,HoltWinters7,0.083036,90db98176f40d130,0.093726,0.077691,0.206401,0.275682,0.206401,0.251433,Stable,False,2026-08-27T18:24:04.422843+00:00
P01758,279.826866,33.278458,670,0.0,261.766667,22.575198,60,0.0,0.542699,0.678373,0.388058,0.0,HoltWinters7,0.041947,b94e061aa937a9e3,0.04866,0.038591,0.260916,0.246257,0.260916,0.251388,Stable,False,2026-08-27T18:24:04.422843+00:00
P01912,45.068657,8.367211,670,0.0,56.816667,8.349346,60,0.0,1.404053,0.997865,0.002137,0.0,HoltWinters7,0.115187,1d3bce6f83e98dfd,0.105047,0.120256,-0.126473,0.386649,0.0,0.251322,Stable,False,2026-08-27T18:24:04.422843+00:00
P01280,66.047761,13.309946,670,0.0,60.45,8.591334,60,0.0,0.42057,0.645482,0.437758,0.0,HoltWinters7,0.075392,843770a4a9036a4b,0.0891,0.068538,0.300014,0.225096,0.300014,0.251317,Stable,False,2026-08-27T18:24:04.422843+00:00
P01390,257.644776,41.861246,670,0.0,283.333333,29.371765,60,0.0,0.61366,0.701646,0.354327,0.0,HoltWinters7,0.076546,51737464eab03ca0,0.087888,0.070874,0.24005,0.257338,0.24005,0.251287,Stable,False,2026-08-27T18:24:04.422843+00:00
P00344,22.532836,4.992487,670,0.0,21.3,2.964765,60,0.0,0.246938,0.593845,0.521137,0.0,HoltWinters7,0.074095,2937ee88cc20b349,0.089541,0.066373,0.349063,0.198192,0.349063,0.250997,Stable,False,2026-08-27T18:24:04.422843+00:00
P01477,39.80597,7.136589,670,0.0,49.5,7.473116,60,0.0,1.358356,1.047155,0.046077,0.0,HoltWinters7,0.104439,c50922fb7764c8ae,0.080912,0.116203,-0.303697,0.385067,0.0,0.250294,Stable,False,2026-08-27T18:24:04.422843+00:00
P01584,349.756716,59.39369,670,0.0,384.216667,55.228061,60,0.0,0.580195,0.929864,0.072717,0.0,HoltWinters7,0.083288,5a02f8a8c0878270,0.102218,0.073823,0.38464,0.177733,0.38464,0.25015,Stable,False,2026-08-27T18:24:04.422843+00:00
P00559,492.874627,56.018114,670,0.0,467.666667,42.591344,60,0.0,0.449997,0.760314,0.274024,0.0,HoltWinters7,0.051972,b8c05b95081ab171,0.063026,0.046445,0.357007,0.192255,0.357007,0.249918,Stable,False,2026-08-27T18:24:04.422843+00:00
P01355,232.773134,27.421897,670,0.0,219.666667,18.24194,60,0.0,0.477956,0.665233,0.407619,0.0,HoltWinters7,0.046982,8bd852d84d9a61fd,0.055017,0.042965,0.280503,0.233343,0.280503,0.249849,Stable,False,2026-08-27T18:24:04.422843+00:00
P01917,173.383582,31.521469,670,0.0,216.016667,30.059541,60,0.0,1.352509,0.953621,0.047489,0.0,HoltWinters7,0.103465,ab07fd612b984ee2,0.102335,0.104031,-0.016305,0.383812,0.0,0.249478,Stable,False,2026-08-27T18:24:04.422843+00:00
P01980,292.61791,53.374949,670,0.0,365.283333,55.39323,60,0.0,1.361414,1.037813,0.037116,0.0,HoltWinters7,0.106281,1132e66c867802ce,0.074205,0.122319,-0.393347,0.383668,0.0,0.249384,Stable,False,2026-08-27T18:24:04.422843+00:00
P00338,605.253731,104.306256,670,0.0,691.883333,90.457049,60,0.0,0.830531,0.867226,0.142456,0.0,HoltWinters7,0.076686,66fb6ce2a49dd7be,0.087253,0.071402,0.22199,0.26401,0.22199,0.249303,Stable,False,2026-08-27T18:24:04.422843+00:00
P01574,256.385075,46.178905,670,0.0,319.133333,48.027699,60,0.0,1.358808,1.040035,0.039255,0.0,HoltWinters7,0.103823,41bcfc96df873ecc,0.092128,0.109671,-0.159957,0.383486,0.0,0.249266,Stable,False,2026-08-27T18:24:04.422843+00:00
P01634,237.343284,43.054091,670,0.0,280.733333,34.867238,60,0.0,1.007803,0.809847,0.21091,0.0,HoltWinters7,0.079934,df3a497d31682406,0.085011,0.077395,0.098416,0.329873,0.098416,0.248863,Stable,False,2026-08-27T18:24:04.422843+00:00
P00187,313.90597,55.657868,670,0.0,385.866667,62.049588,60,0.0,1.292911,1.114839,0.10871,0.0,HoltWinters7,0.106699,79acd447f7c13725,0.095364,0.112366,-0.151309,0.382728,0.0,0.248773,Stable,False,2026-08-27T18:24:04.422843+00:00
P01016,184.444776,33.970344,670,0.0,230.75,35.014585,60,0.0,1.363107,1.03074,0.030277,0.0,HoltWinters7,0.093868,22f50af000500887,0.061607,0.109998,-0.439931,0.382424,0.0,0.248575,Stable,False,2026-08-27T18:24:04.422843+00:00
P01118,154.271642,27.767952,670,0.0,190.8,30.132926,60,0.0,1.315486,1.085169,0.081736,0.0,Naive,0.120013,4dc2c867ee4a7213,0.118962,0.120538,-0.013077,0.382193,0.0,0.248425,Stable,False,2026-08-27T18:24:04.422843+00:00
P00979,148.907463,24.526861,670,0.0,166.216667,20.278645,60,0.0,0.705724,0.826793,0.190201,0.0,HoltWinters7,0.075665,d5eac00ead32a873,0.087776,0.069609,0.260983,0.241624,0.260983,0.2484,Stable,False,2026-08-27T18:24:04.422843+00:00
P00222,89.349254,10.474417,670,0.0,84.666667,5.494733,60,0.0,0.44705,0.524586,0.645146,0.0,HoltWinters7,0.054,ffca9290029d9ab0,0.060142,0.05093,0.180878,0.284225,0.180878,0.248054,Stable,False,2026-08-27T18:24:04.422843+00:00
P00795,22.459701,3.962909,670,0.0,25.933333,6.952299,60,0.0,0.876536,1.754342,0.562094,0.0,HoltWinters7,0.161437,bf71ab7bd2087edf,0.12228,0.181015,-0.32448,0.381571,0.0,0.248021,Stable,False,2026-08-27T18:24:04.422843+00:00
P00404,120.038806,20.977709,670,0.0,148.633333,20.473188,60,0.0,1.363091,0.97595,0.024344,0.0,HoltWinters7,0.084632,9a91e2d26bcffac2,0.074186,0.089855,-0.174383,0.380936,0.0,0.247608,Stable,False,2026-08-27T18:24:04.422843+00:00
P00700,100.152239,11.319419,670,0.0,94.4,7.021034,60,0.0,0.508174,0.620264,0.477609,0.0,HoltWinters7,0.04307,13fb0ea81ff1e295,0.049082,0.040064,0.225082,0.25915,0.225082,0.247226,Stable,False,2026-08-27T18:24:04.422843+00:00
P00413,76.910448,14.176267,670,0.0,96.216667,14.509017,60,0.0,1.361869,1.023472,0.023201,0.0,HoltWinters7,0.115079,8a16574cd6a2c676,0.10054,0.122348,-0.178244,0.380314,0.0,0.247204,Stable,False,2026-08-27T18:24:04.422843+00:00
P01006,387.077612,66.64842,670,0.0,435.683333,55.814005,60,0.0,0.729285,0.837439,0.177407,0.0,HoltWinters7,0.076001,4d57924f08de7747,0.087701,0.070151,0.250173,0.244905,0.250173,0.246749,Stable,False,2026-08-27T18:24:04.422843+00:00
P00783,26.432836,6.005538,670,0.0,23.983333,3.698335,60,0.0,0.407874,0.615821,0.484799,0.0,HoltWinters7,0.076671,71c7e7b5d0912410,0.089401,0.070306,0.271588,0.233365,0.271588,0.246743,Stable,False,2026-08-27T18:24:04.422843+00:00
P00962,139.970149,27.100086,670,0.0,130.45,17.882313,60,0.0,0.351296,0.659862,0.415725,0.0,HoltWinters7,0.059884,b52c6c775dc2376b,0.071831,0.05391,0.332414,0.200538,0.332414,0.246694,Stable,False,2026-08-27T18:24:04.422843+00:00
P01004,383.331343,42.592175,670,0.0,365.116667,31.098036,60,0.0,0.427653,0.730135,0.314526,0.0,HoltWinters7,0.040794,6d135436e17aeb93,0.04908,0.036651,0.339118,0.196236,0.339118,0.246245,Stable,False,2026-08-27T18:24:04.422843+00:00
P00220,270.108955,63.292793,670,0.0,319.016667,84.031369,60,0.0,0.772722,1.327661,0.283419,0.0,Naive,0.189773,edb83ade4812e56a,0.210918,0.1792,0.176998,0.283353,0.176998,0.246129,Stable,False,2026-08-27T18:24:04.422843+00:00
P01594,28.129851,4.324592,670,0.0,31.083333,9.274152,60,0.0,0.682951,2.144515,0.762913,0.0,HoltWinters7,0.147131,41c72c10688e47cb,0.075773,0.18281,-0.58551,0.37854,0.0,0.246051,Stable,False,2026-08-27T18:24:04.422843+00:00
P01450,79.050746,13.391667,670,0.0,90.033333,11.869298,60,0.0,0.820106,0.88632,0.120678,0.0,HoltWinters7,0.065711,c279fff4e1d73f63,0.074944,0.061095,0.226677,0.255699,0.226677,0.245541,Stable,False,2026-08-27T18:24:04.422843+00:00
P01194,167.283582,18.814019,670,0.0,158.766667,13.657266,60,0.0,0.45269,0.725909,0.320331,0.0,HoltWinters7,0.048019,53dd23437e9bccc7,0.057319,0.04337,0.32162,0.204572,0.32162,0.245539,Stable,False,2026-08-27T18:24:04.422843+00:00
P00268,225.147761,39.449545,670,0.0,259.0,29.67679,60,0.0,0.858115,0.752272,0.284657,0.0,HoltWinters7,0.077113,b19a2a76b6a4e4d5,0.083557,0.073892,0.130796,0.307146,0.130796,0.245423,Stable,False,2026-08-27T18:24:04.422843+00:00
P01262,69.050746,7.334041,670,0.0,66.6,5.155875,60,0.0,0.33416,0.703006,0.35239,0.0,HoltWinters7,0.039446,5659ac0b5f19c9b2,0.048008,0.035164,0.365248,0.179992,0.365248,0.244831,Stable,False,2026-08-27T18:24:04.422843+00:00
P00542,136.032836,15.894894,670,0.0,128.216667,10.381032,60,0.0,0.491741,0.653105,0.426018,0.0,HoltWinters7,0.04114,053201bd1e2fd346,0.047476,0.037972,0.250283,0.241733,0.250283,0.244726,Stable,False,2026-08-27T18:24:04.422843+00:00
P01498,21.886567,4.35965,670,0.0,19.783333,3.02583,60,0.0,0.482432,0.694054,0.365206,0.0,HoltWinters7,0.069952,cb382cd56dc58820,0.082007,0.063925,0.282868,0.22397,0.282868,0.244584,Stable,False,2026-08-27T18:24:04.422843+00:00
P01512,361.740299,61.844359,670,0.0,411.2,52.344621,60,0.0,0.799745,0.846393,0.166772,0.0,HoltWinters7,0.072818,3fbfabf5342eb060,0.082439,0.068008,0.212192,0.261623,0.212192,0.244322,Stable,False,2026-08-27T18:24:04.422843+00:00
P01472,141.402985,15.037829,670,0.0,135.983333,13.501402,60,0.0,0.360401,0.897829,0.107775,0.0,HoltWinters7,0.045838,9ce871524a86eacc,0.058112,0.039702,0.463719,0.126054,0.463719,0.244237,Stable,False,2026-08-27T18:24:04.422843+00:00
P00911,192.150746,38.52679,670,0.0,178.833333,26.122376,60,0.0,0.345666,0.678031,0.388562,0.0,HoltWinters7,0.072557,5b1b1c303056f5e9,0.087343,0.065164,0.340369,0.192199,0.340369,0.244058,Stable,False,2026-08-27T18:24:04.422843+00:00
P00578,194.155224,36.323901,670,0.0,241.033333,33.472461,60,0.0,1.290558,0.9215,0.081753,0.0,HoltWinters7,0.098565,4bd514142278e883,0.080279,0.107708,-0.254655,0.375342,0.0,0.243972,Stable,False,2026-08-27T18:24:04.422843+00:00
P01563,166.41791,29.120465,670,0.0,194.633333,24.543953,60,0.0,0.968921,0.842842,0.170976,0.0,HoltWinters7,0.067637,27fe2c0059ee14f7,0.072924,0.064993,0.122021,0.309197,0.122021,0.243686,Stable,False,2026-08-27T18:24:04.422843+00:00
P00026,338.116418,59.263755,670,0.0,393.2,48.227498,60,0.0,0.929465,0.813777,0.206069,0.0,HoltWinters7,0.074752,16eea2beec47380a,0.080755,0.07175,0.125503,0.30712,0.125503,0.243554,Stable,False,2026-08-27T18:24:04.422843+00:00
P01087,291.885075,33.815559,670,0.0,274.15,22.794457,60,0.0,0.524465,0.674082,0.394404,0.0,HoltWinters7,0.04419,aa81626d2f8349d4,0.050855,0.040858,0.244688,0.242829,0.244688,0.24348,Stable,False,2026-08-27T18:24:04.422843+00:00
P01903,493.241791,85.18664,670,0.0,577.666667,84.676186,60,0.0,0.991058,0.994008,0.00601,0.0,HoltWinters7,0.088521,81c793dd7e7b4245,0.098812,0.083376,0.185135,0.274043,0.185135,0.242926,Stable,False,2026-08-27T18:24:04.422843+00:00
P00151,56.270149,10.43881,670,0.0,70.0,10.945164,60,0.0,1.31527,1.048507,0.047367,0.0,HoltWinters7,0.100031,2fb28fd35d6e940c,0.091059,0.104517,-0.128756,0.373541,0.0,0.242802,Stable,False,2026-08-27T18:24:04.422843+00:00
P01718,114.780597,168.880782,670,0.679104,139.6,180.183353,60,0.616667,0.146964,1.066926,0.064782,0.062438,SeasonalNaive7,1.180029,f1683b4074e88c84,1.540087,1.0,0.540087,0.081586,0.540087,0.242061,Stable,False,2026-08-27T18:24:04.422843+00:00
P00052,146.053731,25.469055,670,0.0,169.5,20.946664,60,0.0,0.920579,0.822436,0.195485,0.0,HoltWinters7,0.072002,fe9b38012dece4f6,0.077988,0.069009,0.130106,0.30203,0.130106,0.241857,Stable,False,2026-08-27T18:24:04.422843+00:00
P00253,168.307463,37.482565,670,0.0,188.733333,45.720917,60,0.0,0.544943,1.219792,0.19868,0.0,Naive,0.192051,82ec5477800a5892,0.228968,0.173592,0.319001,0.199529,0.319001,0.241345,Stable,False,2026-08-27T18:24:04.422843+00:00
P00147,153.11791,30.020414,670,0.0,142.35,21.611222,60,0.0,0.358686,0.719884,0.328665,0.0,HoltWinters7,0.061332,ab2beb756c31f2b7,0.074205,0.054896,0.351738,0.180805,0.351738,0.240632,Stable,False,2026-08-27T18:24:04.422843+00:00
P00474,277.485075,66.124417,670,0.0,314.25,83.002884,60,0.0,0.555996,1.255253,0.227337,0.0,SES,0.223031,a489afb497e228e2,0.263306,0.202893,0.297757,0.209733,0.297757,0.240542,Stable,False,2026-08-27T18:24:04.422843+00:00
P01996,308.768657,52.244612,670,0.0,357.766667,47.286135,60,0.0,0.937858,0.905091,0.09972,0.0,HoltWinters7,0.073715,231ac94914b06264,0.081249,0.069949,0.161548,0.282841,0.161548,0.240388,Stable,False,2026-08-27T18:24:04.422843+00:00
P00003,270.564179,29.330872,670,0.0,260.35,21.226642,60,0.0,0.34824,0.723696,0.323384,0.0,HoltWinters7,0.048372,3550b3ca4b8371e5,0.058694,0.043211,0.358296,0.176612,0.358296,0.240201,Stable,False,2026-08-27T18:24:04.422843+00:00
P00105,310.264179,57.919462,670,0.0,386.316667,59.709322,60,0.0,1.313073,1.030903,0.030435,0.0,HoltWinters7,0.094924,c43bd06293baab47,0.081976,0.101398,-0.191537,0.368704,0.0,0.239657,Stable,False,2026-08-27T18:24:04.422843+00:00
P01237,171.243284,31.137079,670,0.0,211.616667,32.637761,60,0.0,1.296634,1.048196,0.047071,0.0,HoltWinters7,0.105442,0c533fe59c4804b7,0.086322,0.115002,-0.249383,0.368342,0.0,0.239422,Stable,False,2026-08-27T18:24:04.422843+00:00
P00213,132.414925,14.490379,670,0.0,125.016667,9.697967,60,0.0,0.510564,0.669269,0.401569,0.0,HoltWinters7,0.043548,b1819238f8370413,0.049899,0.040372,0.235989,0.240797,0.235989,0.239114,Stable,False,2026-08-27T18:24:04.422843+00:00
P00504,315.062687,56.605252,670,0.0,387.433333,60.395411,60,0.0,1.278515,1.066958,0.064811,0.0,HoltWinters7,0.108666,4f65cdae7d5f1dde,0.067994,0.129003,-0.472928,0.367794,0.0,0.239066,Stable,False,2026-08-27T18:24:04.422843+00:00
P00709,21.426866,4.926654,670,0.0,19.816667,2.948666,60,0.0,0.326834,0.598513,0.513307,0.0,HoltWinters7,0.078322,25c95b3559cd3359,0.091577,0.071694,0.27733,0.218206,0.27733,0.2389,Stable,False,2026-08-27T18:24:04.422843+00:00
P01407,289.095522,52.186968,670,0.0,356.15,55.225524,60,0.0,1.284889,1.058224,0.056592,0.0,HoltWinters7,0.091467,17a96009e01ba7c6,0.064771,0.104815,-0.382041,0.367493,0.0,0.23887,Stable,False,2026-08-27T18:24:04.422843+00:00
P01281,101.774627,17.118551,670,0.0,114.116667,13.704004,60,0.0,0.720975,0.800535,0.222475,0.0,HoltWinters7,0.068824,cf8878bc697155bb,0.077853,0.06431,0.210593,0.253887,0.210593,0.238734,Stable,False,2026-08-27T18:24:04.422843+00:00
P01485,19.304478,4.320474,670,0.0,17.616667,2.649539,60,0.0,0.390654,0.613252,0.48898,0.0,HoltWinters7,0.072198,d0ca76bea2920513,0.083486,0.066554,0.254405,0.229675,0.254405,0.23833,Stable,False,2026-08-27T18:24:04.422843+00:00
P01707,59.264179,6.821692,670,0.0,55.633333,4.325591,60,0.0,0.53225,0.634093,0.455559,0.0,HoltWinters7,0.046034,cdca151e9cfa248a,0.051705,0.043199,0.196895,0.260258,0.196895,0.238081,Stable,False,2026-08-27T18:24:04.422843+00:00
P01583,357.477612,58.107127,670,0.0,394.95,53.05655,60,0.0,0.644885,0.913082,0.09093,0.0,HoltWinters7,0.077521,5127870c3d325e2d,0.091958,0.070303,0.308032,0.200076,0.308032,0.237861,Stable,False,2026-08-27T18:24:04.422843+00:00
P00111,23.101493,5.37462,670,0.0,21.133333,3.186128,60,0.0,0.366195,0.59281,0.522882,0.0,HoltWinters7,0.097623,aff0897cdd3ea1c6,0.112618,0.090125,0.249578,0.231424,0.249578,0.237778,Stable,False,2026-08-27T18:24:04.422843+00:00
P00317,5.383582,1.227743,670,0.0,4.966667,0.758381,60,0.0,0.339579,0.617703,0.481748,0.0,HoltWinters7,0.087625,8f910a9821d512ba,0.102688,0.080094,0.282095,0.213821,0.282095,0.237717,Stable,False,2026-08-27T18:24:04.422843+00:00
P01014,2.835821,0.60385,670,0.0,3.366667,0.990919,60,0.0,0.879103,1.641004,0.495308,0.0,HoltWinters7,0.202927,2a5c246a2b45c74f,0.143529,0.232626,-0.383007,0.36558,0.0,0.237627,Stable,False,2026-08-27T18:24:04.422843+00:00
P01900,91.149254,9.778647,670,0.0,87.15,6.706498,60,0.0,0.408978,0.685831,0.377124,0.0,HoltWinters7,0.058137,b861178bc8812fac,0.06851,0.05295,0.293853,0.20675,0.293853,0.237236,Stable,False,2026-08-27T18:24:04.422843+00:00
P00117,64.520896,11.707267,670,0.0,79.5,11.148459,60,0.0,1.279471,0.952268,0.048908,0.0,HoltWinters7,0.111946,c4088535972cafe0,0.09787,0.118983,-0.177445,0.364082,0.0,0.236653,Stable,False,2026-08-27T18:24:04.422843+00:00
P01660,14.365672,3.222541,670,0.0,13.566667,1.942972,60,0.0,0.247943,0.602932,0.505951,0.0,SeasonalNaive7,0.084266,d3c3f98164814bfb,0.100244,0.076277,0.314214,0.194672,0.314214,0.236512,Stable,False,2026-08-27T18:24:04.422843+00:00
P01819,333.698507,55.330169,670,0.0,372.3,47.153302,60,0.0,0.697657,0.852217,0.159914,0.0,HoltWinters7,0.077059,3420435926135f86,0.088643,0.071266,0.243829,0.231834,0.243829,0.236032,Stable,False,2026-08-27T18:24:04.422843+00:00
P00680,193.656716,34.887199,670,0.0,238.483333,36.269468,60,0.0,1.284902,1.039621,0.038856,0.0,HoltWinters7,0.097606,4f5374a814fd9626,0.073312,0.109752,-0.332017,0.363062,0.0,0.23599,Stable,False,2026-08-27T18:24:04.422843+00:00
P00081,100.035821,17.933824,670,0.0,123.483333,18.157962,60,0.0,1.307446,1.012498,0.012421,0.0,HoltWinters7,0.104728,8ac665d71b9fe98c,0.092585,0.1108,-0.164399,0.362653,0.0,0.235724,Stable,False,2026-08-27T18:24:04.422843+00:00
P01415,105.628358,17.833328,670,0.0,116.233333,14.811089,60,0.0,0.594672,0.830529,0.185693,0.0,HoltWinters7,0.077872,2d7753d2a67a6413,0.091307,0.071154,0.283226,0.209958,0.283226,0.235602,Stable,False,2026-08-27T18:24:04.422843+00:00
P01751,344.01194,58.511173,670,0.0,387.433333,49.96384,60,0.0,0.742104,0.85392,0.157918,0.0,HoltWinters7,0.075331,36091db5966e36f4,0.085625,0.070184,0.220016,0.243558,0.220016,0.235319,Stable,False,2026-08-27T18:24:04.422843+00:00
P01241,195.673134,35.293716,670,0.0,241.25,34.401234,60,0.0,1.291359,0.974713,0.025612,0.0,HoltWinters7,0.1123,9000ab9a93416f0f,0.103875,0.116513,-0.108466,0.361527,0.0,0.234992,Stable,False,2026-08-27T18:24:04.422843+00:00
P00924,258.089552,44.164061,670,0.0,299.75,33.180873,60,0.0,0.943311,0.751309,0.285938,0.0,HoltWinters7,0.064364,aedcc055907fe8c3,0.066717,0.063188,0.055858,0.330895,0.055858,0.234632,Stable,False,2026-08-27T18:24:04.422843+00:00
P01714,26.292537,4.33201,670,0.0,28.816667,3.441973,60,0.0,0.582669,0.794544,0.229987,0.0,HoltWinters7,0.06285,b53db5e981292021,0.073088,0.057731,0.265996,0.217731,0.265996,0.234624,Stable,False,2026-08-27T18:24:04.422843+00:00
P01212,303.1,34.15629,670,0.0,285.166667,21.885036,60,0.0,0.525038,0.640732,0.445144,0.0,HoltWinters7,0.050094,a345c762f05bc188,0.056202,0.04704,0.194785,0.255671,0.194785,0.234361,Stable,False,2026-08-27T18:24:04.422843+00:00
P00154,186.085075,21.247286,670,0.0,172.383333,13.271726,60,0.0,0.64487,0.624632,0.470593,0.0,HoltWinters7,0.04397,fb2e6cabf2209064,0.047383,0.042263,0.121159,0.294988,0.121159,0.234148,Stable,False,2026-08-27T18:24:04.422843+00:00
P01595,563.426866,96.310285,670,0.0,637.15,79.237644,60,0.0,0.765475,0.822733,0.195124,0.0,HoltWinters7,0.079472,0bbb7c95a3a82749,0.088795,0.07481,0.186943,0.259287,0.186943,0.233966,Stable,False,2026-08-27T18:24:04.422843+00:00
P01646,478.00597,52.209649,670,0.0,456.883333,39.68097,60,0.0,0.404573,0.760031,0.274396,0.0,HoltWinters7,0.041847,59bd1037382e7075,0.050237,0.037652,0.334263,0.179857,0.334263,0.233899,Stable,False,2026-08-27T18:24:04.422843+00:00
P01931,163.262687,32.528377,670,0.0,152.833333,21.07868,60,0.0,0.320623,0.648009,0.433851,0.0,HoltWinters7,0.079545,e8be3523fc79b40d,0.094118,0.072258,0.302533,0.196634,0.302533,0.233699,Stable,False,2026-08-27T18:24:04.422843+00:00
P01059,231.529851,46.318242,670,0.0,215.033333,33.734239,60,0.0,0.356156,0.728314,0.317023,0.0,HoltWinters7,0.07725,c30703ac98691964,0.092835,0.069458,0.336548,0.177199,0.336548,0.232971,Stable,False,2026-08-27T18:24:04.422843+00:00
P00337,212.464179,38.668316,670,0.0,259.45,42.509989,60,0.0,1.215099,1.099349,0.094719,0.0,HoltWinters7,0.103889,87628e8ec7b218f8,0.067016,0.122325,-0.452153,0.357832,0.0,0.232591,Stable,False,2026-08-27T18:24:04.422843+00:00
P00672,300.043284,54.862782,670,0.0,369.416667,57.112821,60,0.0,1.264489,1.041012,0.040193,0.0,HoltWinters7,0.102066,c22bda1ec0f4c2ee,0.085748,0.110225,-0.222058,0.357783,0.0,0.232559,Stable,False,2026-08-27T18:24:04.422843+00:00
P00566,54.61194,9.056962,670,0.0,61.766667,7.124478,60,0.0,0.78997,0.78663,0.239997,0.0,HoltWinters7,0.06577,343b0ef5b7025a97,0.071961,0.062675,0.148164,0.277241,0.148164,0.232064,Stable,False,2026-08-27T18:24:04.422843+00:00
P00649,506.377612,90.786,670,0.0,596.116667,69.877397,60,0.0,0.988468,0.769694,0.261763,0.0,HoltWinters7,0.074344,0adb76f2c9882d3c,0.075987,0.073523,0.033502,0.337269,0.033502,0.230951,Stable,False,2026-08-27T18:24:04.422843+00:00
P01566,25.465672,5.662494,670,0.0,24.066667,3.209449,60,0.0,0.247065,0.566791,0.567765,0.0,HoltWinters7,0.086399,b1792a9d429588bd,0.100629,0.079283,0.269226,0.209884,0.269226,0.230654,Stable,False,2026-08-27T18:24:04.422843+00:00
P01839,165.741791,36.245103,670,0.0,199.683333,53.495601,60,0.0,0.936445,1.47594,0.389295,0.0,Naive,0.199646,3623d79f92f0854b,0.171947,0.213495,-0.194612,0.354846,0.0,0.23065,Stable,False,2026-08-27T18:24:04.422843+00:00
P01842,24.40597,5.426996,670,0.0,22.9,3.292004,60,0.0,0.277496,0.606598,0.499889,0.0,HoltWinters7,0.075798,7eec4fcd8ba9e132,0.088933,0.069231,0.284583,0.201284,0.284583,0.230438,Stable,False,2026-08-27T18:24:04.422843+00:00
P01283,253.362687,49.792917,670,0.0,234.433333,34.953415,60,0.0,0.380162,0.701976,0.353857,0.0,HoltWinters7,0.068066,6e6d3c3cbc8dc34b,0.080345,0.061927,0.297424,0.193009,0.297424,0.229554,Stable,False,2026-08-27T18:24:04.422843+00:00
P00898,301.653731,53.92612,670,0.0,369.533333,55.4117,60,0.0,1.258752,1.027548,0.027176,0.0,HoltWinters7,0.103121,588b00d151ad3388,0.067205,0.121079,-0.444949,0.352951,0.0,0.229418,Stable,False,2026-08-27T18:24:04.422843+00:00
P00138,236.11194,39.929621,670,0.0,269.4,35.398075,60,0.0,0.833668,0.886512,0.120461,0.0,HoltWinters7,0.075833,7c4e5414a656b44e,0.084025,0.071737,0.171287,0.259374,0.171287,0.228544,Stable,False,2026-08-27T18:24:04.422843+00:00
P01670,160.613433,29.39217,670,0.0,197.9,29.192349,60,0.0,1.268588,0.993202,0.006822,0.0,HoltWinters7,0.09869,6c53109a6524fa66,0.0701,0.112985,-0.379564,0.350567,0.0,0.227869,Stable,False,2026-08-27T18:24:04.422843+00:00
P01427,12.697015,2.315056,670,0.0,14.583333,3.836893,60,0.0,0.814805,1.657366,0.505229,0.0,HoltWinters7,0.163137,4dace68a4b0edfa8,0.120564,0.184424,-0.346266,0.350379,0.0,0.227746,Stable,False,2026-08-27T18:24:04.422843+00:00
P01160,29.456716,5.450174,670,0.0,34.066667,8.700023,60,0.0,0.845835,1.596283,0.467678,0.0,HoltWinters7,0.137835,d1824d402b705ae4,0.068452,0.172527,-0.603241,0.349524,0.0,0.227191,Stable,False,2026-08-27T18:24:04.422843+00:00
P01010,53.077612,8.369991,670,0.0,58.466667,6.823356,60,0.0,0.643854,0.815217,0.204301,0.0,HoltWinters7,0.085474,5869758db7cbdcfc,0.097391,0.079516,0.224797,0.228135,0.224797,0.226967,Stable,False,2026-08-27T18:24:04.422843+00:00
P00230,127.871642,25.168519,670,0.0,118.666667,19.365063,60,0.0,0.365734,0.769416,0.262123,0.0,HoltWinters7,0.067195,195a9719a7d70f54,0.080864,0.06036,0.339683,0.166108,0.339683,0.226859,Stable,False,2026-08-27T18:24:04.422843+00:00
P00351,111.631343,22.031569,670,0.0,101.116667,13.695343,60,0.0,0.477255,0.621624,0.475421,0.0,HoltWinters7,0.063338,7102d6bed54641eb,0.070643,0.059685,0.183587,0.2501,0.183587,0.226821,Stable,False,2026-08-27T18:24:04.422843+00:00
P00534,268.728358,45.356462,670,0.0,298.466667,39.593471,60,0.0,0.655658,0.87294,0.135888,0.0,HoltWinters7,0.074681,74a8920ccc47b473,0.086144,0.068949,0.249381,0.214278,0.249381,0.226564,Stable,False,2026-08-27T18:24:04.422843+00:00
P00037,6.786567,1.580183,670,0.0,6.2,0.898209,60,0.0,0.371202,0.568421,0.564893,0.0,HoltWinters7,0.085443,76a3facb2eb32efa,0.095829,0.080251,0.194125,0.243304,0.194125,0.226091,Stable,False,2026-08-27T18:24:04.422843+00:00
P01895,159.070149,18.171731,670,0.0,150.35,11.613588,60,0.0,0.479874,0.639102,0.447691,0.0,HoltWinters7,0.04778,db6a2a1489b4f1af,0.053552,0.044894,0.192846,0.243888,0.192846,0.226023,Stable,False,2026-08-27T18:24:04.422843+00:00
P01108,499.31194,55.176328,670,0.0,478.533333,38.720847,60,0.0,0.376586,0.701766,0.354156,0.0,HoltWinters7,0.050639,8ae3c63787dd7f95,0.059535,0.046191,0.288905,0.1921,0.288905,0.225982,Stable,False,2026-08-27T18:24:04.422843+00:00
P00613,272.98209,54.392415,670,0.0,253.75,36.967977,60,0.0,0.35358,0.679653,0.386173,0.0,HoltWinters7,0.078846,4f6f70165e668068,0.092504,0.072017,0.284473,0.193778,0.284473,0.225521,Stable,False,2026-08-27T18:24:04.422843+00:00
P00786,84.235821,18.463665,670,0.0,101.55,26.322269,60,0.0,0.937743,1.425625,0.354611,0.0,SES,0.221396,5c752a34ce0b1417,0.191356,0.236416,-0.190598,0.346532,0.0,0.225246,Stable,False,2026-08-27T18:24:04.422843+00:00
P01982,86.934328,15.524758,670,0.0,106.45,15.473789,60,0.0,1.257068,0.996717,0.003288,0.0,HoltWinters7,0.093666,e90f1376a94b64ea,0.077276,0.101861,-0.241357,0.346516,0.0,0.225235,Stable,False,2026-08-27T18:24:04.422843+00:00
P01331,180.450746,20.98401,670,0.0,169.9,14.417151,60,0.0,0.502799,0.687054,0.375342,0.0,HoltWinters7,0.049527,68d0f333c8c7d272,0.056071,0.046255,0.212212,0.232105,0.212212,0.225143,Stable,False,2026-08-27T18:24:04.422843+00:00
P00935,16.552239,2.529252,670,0.0,18.066667,5.216878,60,0.0,0.598765,2.062617,0.723975,0.0,SeasonalNaive7,0.13846,cee2eb177aa34a3e,0.053533,0.180924,-0.704112,0.345654,0.0,0.224675,Stable,False,2026-08-27T18:24:04.422843+00:00
P00698,96.90597,16.395754,670,0.0,108.616667,13.41526,60,0.0,0.714252,0.818216,0.200629,0.0,HoltWinters7,0.077899,5cac4f1253538a04,0.086848,0.073425,0.182808,0.246577,0.182808,0.224257,Stable,False,2026-08-27T18:24:04.422843+00:00
P00862,226.285075,27.212076,670,0.0,211.183333,18.142087,60,0.0,0.554965,0.666692,0.405426,0.0,HoltWinters7,0.048484,38f1c08b7481821b,0.053653,0.0459,0.168898,0.253972,0.168898,0.224196,Stable,False,2026-08-27T18:24:04.422843+00:00
P00971,323.40597,53.322405,670,0.0,368.083333,45.409359,60,0.0,0.837872,0.8516,0.160638,0.0,HoltWinters7,0.073644,c3293ca44cac7075,0.080119,0.070406,0.137952,0.270574,0.137952,0.224157,Stable,False,2026-08-27T18:24:04.422843+00:00
P00309,188.689552,32.387218,670,0.0,225.133333,28.115661,60,0.0,1.125252,0.86811,0.141437,0.0,HoltWinters7,0.075659,f0f2dbf3eab1ad11,0.073939,0.07652,-0.033729,0.344804,0.0,0.224122,Stable,False,2026-08-27T18:24:04.422843+00:00
P00967,54.868657,75.148587,670,0.646269,55.9,77.269658,60,0.65,0.013724,1.028225,0.027834,0.003731,Naive,1.205697,9d195341ecc71a9b,1.617092,1.0,0.617092,0.012225,0.617092,0.223929,Stable,False,2026-08-27T18:24:04.422843+00:00
P01476,276.998507,47.192399,670,0.0,316.833333,41.733686,60,0.0,0.844094,0.884331,0.122924,0.0,HoltWinters7,0.078733,3fb5783b203ac4c2,0.086255,0.074971,0.150511,0.262857,0.150511,0.223536,Stable,False,2026-08-27T18:24:04.422843+00:00
P01688,240.941791,40.90378,670,0.0,267.416667,27.344191,60,0.0,0.647248,0.6685,0.402718,0.0,HoltWinters7,0.069819,38661aec51002f90,0.07523,0.067114,0.120923,0.278673,0.120923,0.22346,Stable,False,2026-08-27T18:24:04.422843+00:00
P00751,2.728358,0.592127,670,0.0,3.3,0.808849,60,0.0,0.965404,1.366006,0.311891,0.0,Naive,0.143805,b6e8430effb7a475,0.033708,0.198853,-0.830489,0.343459,0.0,0.223248,Stable,False,2026-08-27T18:24:04.422843+00:00
P01307,361.474627,62.510903,670,0.0,414.383333,50.071844,60,0.0,0.846392,0.80101,0.221882,0.0,HoltWinters7,0.074079,701a78cb75fed4cb,0.078905,0.071666,0.101006,0.288228,0.101006,0.2227,Stable,False,2026-08-27T18:24:04.422843+00:00
P00264,164.714925,32.812931,670,0.0,151.216667,23.087961,60,0.0,0.41137,0.703624,0.351511,0.0,HoltWinters7,0.07477,900cb8f0fe0aac45,0.086819,0.068745,0.26291,0.201005,0.26291,0.222672,Stable,False,2026-08-27T18:24:04.422843+00:00
P01606,77.876119,15.721641,670,0.0,70.866667,10.279924,60,0.0,0.445847,0.653871,0.424845,0.0,HoltWinters7,0.050587,a60a9fc07ec35688,0.057232,0.047265,0.210872,0.228819,0.210872,0.222538,Stable,False,2026-08-27T18:24:04.422843+00:00
P01412,26.468657,4.145133,670,0.0,29.016667,8.280039,60,0.0,0.614699,1.997533,0.691913,0.0,HoltWinters7,0.13822,f9953c6f0cbeef1a,0.049474,0.182593,-0.729046,0.34202,0.0,0.222313,Stable,False,2026-08-27T18:24:04.422843+00:00
P00743,600.349254,104.705911,670,0.0,702.466667,78.074599,60,0.0,0.975278,0.745656,0.293491,0.0,HoltWinters7,0.07408,580bf9db433eeda2,0.065402,0.078419,-0.165994,0.341574,0.0,0.222023,Stable,False,2026-08-27T18:24:04.422843+00:00
P01883,179.89403,35.762701,670,0.0,169.133333,24.743064,60,0.0,0.300892,0.691868,0.36836,0.0,HoltWinters7,0.063906,99ad0f1ebc217d83,0.075835,0.057942,0.308816,0.174835,0.308816,0.221729,Stable,False,2026-08-27T18:24:04.422843+00:00
P01959,347.480597,59.871677,670,0.0,394.733333,48.019723,60,0.0,0.789234,0.802044,0.220592,0.0,HoltWinters7,0.077258,3ff56dc3ff9de897,0.083572,0.074101,0.12781,0.272187,0.12781,0.221655,Stable,False,2026-08-27T18:24:04.422843+00:00
P00483,290.050746,46.312293,670,0.0,318.666667,39.792541,60,0.0,0.61789,0.859222,0.151728,0.0,HoltWinters7,0.07065,99bf194947d573b7,0.081395,0.065278,0.246904,0.207852,0.246904,0.22152,Stable,False,2026-08-27T18:24:04.422843+00:00
P01373,79.350746,17.977921,670,0.0,93.85,22.396901,60,0.0,0.806503,1.2458,0.219778,0.0,Naive,0.196331,b8879bfff3daadfc,0.211246,0.188873,0.118455,0.276733,0.118455,0.221336,Stable,False,2026-08-27T18:24:04.422843+00:00
P01559,42.752239,7.823814,670,0.0,52.383333,7.88066,60,0.0,1.230997,1.007266,0.00724,0.0,HoltWinters7,0.111833,1d90c9fead81f84d,0.085042,0.125229,-0.320907,0.340334,0.0,0.221217,Stable,False,2026-08-27T18:24:04.422843+00:00
P01320,29.065672,4.443485,670,0.0,31.716667,8.987923,60,0.0,0.596603,2.022719,0.704443,0.0,SES,0.136648,cd086f2a75b84a7c,0.064296,0.172823,-0.627964,0.340176,0.0,0.221115,Stable,False,2026-08-27T18:24:04.422843+00:00
P00197,159.444776,26.653158,670,0.0,187.166667,21.493528,60,0.0,1.040098,0.806416,0.215156,0.0,HoltWinters7,0.081501,7564436f25fd0e97,0.073301,0.085601,-0.143685,0.339816,0.0,0.22088,Stable,False,2026-08-27T18:24:04.422843+00:00
P01354,438.364179,47.417132,670,0.0,417.916667,29.569964,60,0.0,0.431226,0.623614,0.472224,0.0,HoltWinters7,0.036427,f09c9f2115ba2475,0.0408,0.03424,0.191583,0.236643,0.191583,0.220872,Stable,False,2026-08-27T18:24:04.422843+00:00
P00535,54.074627,9.767114,670,0.0,62.116667,7.618202,60,0.0,0.823379,0.779985,0.248481,0.0,HoltWinters7,0.070729,bbfb5e13923989b7,0.075065,0.068562,0.094849,0.288549,0.094849,0.220754,Stable,False,2026-08-27T18:24:04.422843+00:00
P01011,15.31194,2.344667,670,0.0,16.733333,4.675456,60,0.0,0.606224,1.994081,0.690183,0.0,SES,0.137153,65fcbdcbf2aebf95,0.069444,0.171008,-0.59391,0.339257,0.0,0.220517,Stable,False,2026-08-27T18:24:04.422843+00:00
P01798,14.71791,2.268813,670,0.0,16.116667,4.472483,60,0.0,0.616515,1.971288,0.678687,0.0,SeasonalNaive7,0.144224,6bec51c2a46a0936,0.060096,0.186288,-0.677402,0.339213,0.0,0.220489,Stable,False,2026-08-27T18:24:04.422843+00:00
P01613,331.404478,54.601305,670,0.0,364.7,49.333627,60,0.0,0.609794,0.903525,0.101452,0.0,HoltWinters7,0.089907,9e47de99971c0044,0.104826,0.082447,0.271427,0.193056,0.271427,0.220486,Stable,False,2026-08-27T18:24:04.422843+00:00
P00562,4.859701,0.766266,670,0.0,5.333333,1.503292,60,0.0,0.618104,1.961842,0.673884,0.0,Naive,0.154288,94aa7e4b1e5e12fa,0.079137,0.191863,-0.587536,0.33845,0.0,0.219992,Stable,False,2026-08-27T18:24:04.422843+00:00
P01225,25.691045,5.651441,670,0.0,23.95,3.222932,60,0.0,0.308071,0.570285,0.561619,0.0,HoltWinters7,0.080857,b9a624ad6b1baeb5,0.091416,0.075578,0.209566,0.225124,0.209566,0.219679,Stable,False,2026-08-27T18:24:04.422843+00:00
P01298,27.283582,4.177332,670,0.0,29.966667,7.959573,60,0.0,0.642296,1.90542,0.644703,0.0,HoltWinters7,0.131078,53503c05cbf3c48f,0.04892,0.172157,-0.715839,0.337807,0.0,0.219575,Stable,False,2026-08-27T18:24:04.422843+00:00
P00158,249.643284,27.509687,670,0.0,239.15,16.059028,60,0.0,0.38144,0.583759,0.538267,0.0,HoltWinters7,0.038763,688fffe35c72e2b9,0.043177,0.036556,0.181107,0.239463,0.181107,0.219038,Stable,False,2026-08-27T18:24:04.422843+00:00
P00481,50.173134,5.77142,670,0.0,47.183333,4.098332,60,0.0,0.518036,0.710108,0.342338,0.0,HoltWinters7,0.051529,17b391feb029ba36,0.058023,0.048282,0.201761,0.228044,0.201761,0.218845,Stable,False,2026-08-27T18:24:04.422843+00:00
P00625,232.743284,45.859339,670,0.0,218.966667,30.348242,60,0.0,0.30041,0.661768,0.41284,0.0,HoltWinters7,0.061601,9d4b42e0fe416704,0.072116,0.056344,0.279929,0.185823,0.279929,0.21876,Stable,False,2026-08-27T18:24:04.422843+00:00
P01422,146.070149,16.657802,670,0.0,137.75,11.356511,60,0.0,0.499475,0.681753,0.383087,0.0,HoltWinters7,0.054062,654773e752651754,0.060565,0.050811,0.191972,0.233127,0.191972,0.218723,Stable,False,2026-08-27T18:24:04.422843+00:00
P01375,4.944776,0.787569,670,0.0,5.433333,1.522338,60,0.0,0.620336,1.93296,0.659052,0.0,HoltWinters7,0.150614,8bbd5b450dc9af27,0.066599,0.192621,-0.654248,0.335356,0.0,0.217981,Stable,False,2026-08-27T18:24:04.422843+00:00
P01365,281.453731,31.094246,670,0.0,268.583333,19.323553,60,0.0,0.413916,0.621451,0.475698,0.0,HoltWinters7,0.040914,2a64346dc028d540,0.045786,0.038479,0.189893,0.232751,0.189893,0.217751,Stable,False,2026-08-27T18:24:04.422843+00:00
P00048,41.210448,6.807554,670,0.0,45.4,5.399937,60,0.0,0.615427,0.793227,0.231646,0.0,HoltWinters7,0.07267,4adab3b5c8e15f31,0.081747,0.068132,0.199838,0.227154,0.199838,0.217593,Stable,False,2026-08-27T18:24:04.422843+00:00
P00886,24.450746,3.694596,670,0.0,26.616667,7.39008,60,0.0,0.58624,2.00024,0.693267,0.0,HoltWinters7,0.153487,a8813b83db1ea239,0.089093,0.185683,-0.52019,0.334533,0.0,0.217446,Stable,False,2026-08-27T18:24:04.422843+00:00
P00033,10.474627,1.607656,670,0.0,11.4,3.25316,60,0.0,0.575604,2.023543,0.70485,0.0,SeasonalNaive7,0.141961,19520dfdf16b6e52,0.051195,0.187345,-0.726736,0.334504,0.0,0.217427,Stable,False,2026-08-27T18:24:04.422843+00:00
P01683,80.356716,9.484764,670,0.0,75.966667,5.842471,60,0.0,0.462853,0.615985,0.484533,0.0,HoltWinters7,0.045441,bf683d87f79ce2ba,0.050025,0.043149,0.159367,0.248418,0.159367,0.21725,Stable,False,2026-08-27T18:24:04.422843+00:00
P00355,12.28209,1.908084,670,0.0,13.383333,3.849242,60,0.0,0.577146,2.017334,0.701777,0.0,HoltWinters7,0.139649,08f3d4f5f861ed67,0.058002,0.180473,-0.678612,0.334159,0.0,0.217204,Stable,False,2026-08-27T18:24:04.422843+00:00
P00579,284.592537,32.613187,670,0.0,269.366667,20.871655,60,0.0,0.466862,0.639976,0.446325,0.0,HoltWinters7,0.046291,e08fb66e2b7e4291,0.051372,0.04375,0.174222,0.239968,0.174222,0.216957,Stable,False,2026-08-27T18:24:04.422843+00:00
P01399,44.674627,5.198751,670,0.0,42.566667,3.470782,60,0.0,0.405474,0.667618,0.404038,0.0,HoltWinters7,0.050913,538f06e739ad3435,0.058002,0.047369,0.224481,0.212515,0.224481,0.216703,Stable,False,2026-08-27T18:24:04.422843+00:00
P01932,273.438806,31.422693,670,0.0,259.666667,22.677299,60,0.0,0.438286,0.721685,0.326166,0.0,HoltWinters7,0.050425,414696c1c6ac2cb7,0.058005,0.046635,0.243815,0.20207,0.243815,0.216681,Stable,False,2026-08-27T18:24:04.422843+00:00
P00744,39.258209,6.558046,670,0.0,43.166667,5.162336,60,0.0,0.595979,0.787176,0.239303,0.0,HoltWinters7,0.079092,714652496aa94912,0.089142,0.074067,0.203536,0.22372,0.203536,0.216655,Stable,False,2026-08-27T18:24:04.422843+00:00
P00233,38.979104,7.803233,670,0.0,36.633333,5.316959,60,0.0,0.300615,0.681379,0.383637,0.0,HoltWinters7,0.075878,5301a840319cd060,0.089115,0.06926,0.286683,0.178578,0.286683,0.216415,Stable,False,2026-08-27T18:24:04.422843+00:00
P00438,57.385075,13.067529,670,0.0,69.533333,17.797797,60,0.0,0.929652,1.361986,0.308944,0.0,SES,0.211636,ef4a2de0a0a33d58,0.181353,0.226778,-0.200305,0.33289,0.0,0.216379,Stable,False,2026-08-27T18:24:04.422843+00:00
P01662,91.252239,14.635602,670,0.0,102.05,11.607165,60,0.0,0.737774,0.793077,0.231835,0.0,HoltWinters7,0.079967,1a82f63e1ab76000,0.086758,0.076571,0.133047,0.260846,0.133047,0.216117,Stable,False,2026-08-27T18:24:04.422843+00:00
P00834,15.110448,2.375708,670,0.0,16.566667,4.567263,60,0.0,0.612962,1.922485,0.653619,0.0,SES,0.135859,1f150d17ea59962d,0.06283,0.172373,-0.635499,0.331969,0.0,0.21578,Stable,False,2026-08-27T18:24:04.422843+00:00
P00433,210.338806,41.391349,670,0.0,197.533333,28.327065,60,0.0,0.309376,0.684372,0.379254,0.0,HoltWinters7,0.060996,add579a5842dc4f1,0.07144,0.055774,0.280875,0.179892,0.280875,0.215236,Stable,False,2026-08-27T18:24:04.422843+00:00
P01792,202.686567,34.757975,670,0.0,235.083333,25.807167,60,0.0,0.932067,0.742482,0.297757,0.0,HoltWinters7,0.07591,920e3ce02c5de008,0.063625,0.082052,-0.224575,0.330758,0.0,0.214992,Stable,False,2026-08-27T18:24:04.422843+00:00
P01131,348.295522,38.155208,670,0.0,331.35,29.150588,60,0.0,0.444121,0.764,0.269187,0.0,HoltWinters7,0.04592,d508147b5166d136,0.053281,0.042239,0.261407,0.18943,0.261407,0.214622,Stable,False,2026-08-27T18:24:04.422843+00:00
P01457,346.914925,37.735611,670,0.0,332.95,26.57731,60,0.0,0.370073,0.704303,0.350546,0.0,HoltWinters7,0.045263,ea98633598364044,0.052499,0.041645,0.260636,0.189407,0.260636,0.214337,Stable,False,2026-08-27T18:24:04.422843+00:00
P01036,417.213433,70.842743,670,0.0,475.0,53.159498,60,0.0,0.815702,0.750387,0.287166,0.0,HoltWinters7,0.070266,4f284b3f39ec0085,0.073131,0.068833,0.062438,0.296109,0.062438,0.214325,Stable,False,2026-08-27T18:24:04.422843+00:00
P01833,204.78806,40.311046,670,0.0,191.1,28.053641,60,0.0,0.339561,0.695929,0.362507,0.0,HoltWinters7,0.071061,098788342d0eb229,0.082799,0.065193,0.270071,0.184006,0.270071,0.214129,Stable,False,2026-08-27T18:24:04.422843+00:00
P01002,56.497015,8.958924,670,0.0,62.65,7.922987,60,0.0,0.6868,0.884368,0.122882,0.0,HoltWinters7,0.077137,201851b38b2ab85f,0.086947,0.072232,0.203723,0.21959,0.203723,0.214037,Stable,False,2026-08-27T18:24:04.422843+00:00
P01484,14.155224,2.224963,670,0.0,15.416667,4.450449,60,0.0,0.56695,2.000235,0.693265,0.0,HoltWinters7,0.133754,69a51b5a380b5ed2,0.047988,0.176637,-0.728321,0.329228,0.0,0.213998,Stable,False,2026-08-27T18:24:04.422843+00:00
P00208,394.595522,69.544422,670,0.0,445.083333,55.374623,60,0.0,0.725979,0.796248,0.227844,0.0,HoltWinters7,0.070696,9ee86d51ede9c755,0.076758,0.067665,0.134385,0.256605,0.134385,0.213828,Stable,False,2026-08-27T18:24:04.422843+00:00
P00773,29.810448,4.672044,670,0.0,32.466667,9.316409,60,0.0,0.568535,1.994076,0.690181,0.0,HoltWinters7,0.134496,ccf7e391245aac7f,0.037239,0.183124,-0.796644,0.328892,0.0,0.21378,Stable,False,2026-08-27T18:24:04.422843+00:00
P00057,15.319403,2.361768,670,0.0,16.65,4.707819,60,0.0,0.56339,1.993345,0.689814,0.0,HoltWinters7,0.136212,8f6b5040ed801a2d,0.052076,0.17828,-0.7079,0.327386,0.0,0.212801,Stable,False,2026-08-27T18:24:04.422843+00:00
P01692,48.031343,9.665894,670,0.0,43.983333,6.567748,60,0.0,0.418793,0.679476,0.386433,0.0,HoltWinters7,0.055254,d7bd8da53d627f2a,0.06258,0.051591,0.213014,0.211776,0.213014,0.212209,Stable,False,2026-08-27T18:24:04.422843+00:00
P01720,29.392537,4.474435,670,0.0,31.833333,9.06131,60,0.0,0.545498,2.025129,0.705634,0.0,HoltWinters7,0.137123,d60944c79a22a3f7,0.043623,0.183874,-0.762757,0.32642,0.0,0.212173,Stable,False,2026-08-27T18:24:04.422843+00:00
P00741,240.971642,40.83765,670,0.0,264.05,31.068227,60,0.0,0.565125,0.760774,0.273419,0.0,HoltWinters7,0.086339,9dd02a5c5766d79e,0.096599,0.081209,0.18951,0.223764,0.18951,0.211775,Stable,False,2026-08-27T18:24:04.422843+00:00
P01364,251.562687,28.747519,670,0.0,236.766667,19.568538,60,0.0,0.514689,0.680704,0.384628,0.0,HoltWinters7,0.040836,a263d733acc78b84,0.04505,0.03873,0.163205,0.237696,0.163205,0.211624,Stable,False,2026-08-27T18:24:04.422843+00:00
P00093,88.434328,15.300117,670,0.0,103.45,12.245269,60,0.0,0.981409,0.800338,0.222721,0.0,HoltWinters7,0.083411,81a0e688bce9be5a,0.076402,0.086916,-0.120962,0.325568,0.0,0.211619,Stable,False,2026-08-27T18:24:04.422843+00:00
P01743,586.377612,99.893362,670,0.0,685.016667,83.740416,60,0.0,0.987444,0.838298,0.176382,0.0,HoltWinters7,0.089253,486abc2000c8af17,0.09026,0.08875,0.017013,0.315642,0.017013,0.211122,Stable,False,2026-08-27T18:24:04.422843+00:00
P00478,127.767164,21.474206,670,0.0,143.083333,18.415443,60,0.0,0.713236,0.857561,0.153663,0.0,HoltWinters7,0.07992,6579a03bcbbde9bb,0.088363,0.075699,0.167295,0.234556,0.167295,0.211014,Stable,False,2026-08-27T18:24:04.422843+00:00
P01725,210.128358,36.745824,670,0.0,240.783333,25.10864,60,0.0,0.834244,0.683306,0.380813,0.0,HoltWinters7,0.067726,906ebb0c49266ad1,0.065672,0.068754,-0.044815,0.32462,0.0,0.211003,Stable,False,2026-08-27T18:24:04.422843+00:00
P01311,11.471642,1.783901,670,0.0,12.416667,3.637338,60,0.0,0.529752,2.038979,0.712449,0.0,HoltWinters7,0.142911,e61a14f24df17609,0.049942,0.189396,-0.736309,0.323794,0.0,0.210466,Stable,False,2026-08-27T18:24:04.422843+00:00
P00279,84.925373,9.301162,670,0.0,80.766667,6.494761,60,0.0,0.447117,0.698274,0.359143,0.0,HoltWinters7,0.046249,9eb9513640b4cb35,0.052198,0.043275,0.206202,0.212743,0.206202,0.210454,Stable,False,2026-08-27T18:24:04.422843+00:00
P00095,492.823881,54.022489,670,0.0,471.883333,39.445346,60,0.0,0.387626,0.730165,0.314484,0.0,HoltWinters7,0.048265,3c30812f0bebc26a,0.055884,0.044456,0.257081,0.185218,0.257081,0.21037,Stable,False,2026-08-27T18:24:04.422843+00:00
P01948,12.841791,1.986212,670,0.0,13.95,3.920502,60,0.0,0.557951,1.973859,0.679991,0.0,SeasonalNaive7,0.150479,3e75026130bf68a6,0.076712,0.187363,-0.590568,0.323434,0.0,0.210232,Stable,False,2026-08-27T18:24:04.422843+00:00
P00168,14.644776,2.233545,670,0.0,15.833333,4.532993,60,0.0,0.532139,2.029506,0.707792,0.0,SeasonalNaive7,0.144532,ede03150ccf10afa,0.050971,0.191312,-0.733572,0.323286,0.0,0.210136,Stable,False,2026-08-27T18:24:04.422843+00:00
P01432,256.80597,51.31355,670,0.0,237.433333,33.601537,60,0.0,0.377535,0.654828,0.423383,0.0,HoltWinters7,0.061436,bee9e7690f699ea8,0.069498,0.057404,0.210671,0.209668,0.210671,0.210019,Stable,False,2026-08-27T18:24:04.422843+00:00
P00645,15.634328,2.366751,670,0.0,16.95,4.673854,60,0.0,0.555898,1.974798,0.680466,0.0,HoltWinters7,0.132038,254a166f47dcc815,0.035463,0.180325,-0.803337,0.322988,0.0,0.209942,Stable,False,2026-08-27T18:24:04.422843+00:00
P00156,12.671642,1.971304,670,0.0,13.8,3.817,60,0.0,0.572392,1.936282,0.660769,0.0,HoltWinters7,0.136835,11a951b45dd1c839,0.041922,0.184292,-0.772524,0.3226,0.0,0.20969,Stable,False,2026-08-27T18:24:04.422843+00:00
P00940,114.928358,22.471725,670,0.0,107.15,15.934001,60,0.0,0.34614,0.709069,0.343803,0.0,HoltWinters7,0.068638,7f674deea7740668,0.079645,0.063134,0.26152,0.181139,0.26152,0.209272,Stable,False,2026-08-27T18:24:04.422843+00:00
P00366,19.144776,2.909948,670,0.0,18.6,1.915149,60,0.0,0.187212,0.658139,0.41834,0.0,HoltWinters7,0.075736,442e34af4e23cff1,0.089835,0.068687,0.307899,0.156068,0.307899,0.209209,Stable,False,2026-08-27T18:24:04.422843+00:00
P00896,4.953731,0.788146,670,0.0,5.4,1.531588,60,0.0,0.566226,1.943279,0.664377,0.0,SES,0.151559,16edf14a434d73ee,0.117913,0.168383,-0.299734,0.321806,0.0,0.209174,Stable,False,2026-08-27T18:24:04.422843+00:00
P01581,15.79403,2.410607,670,0.0,17.133333,4.738829,60,0.0,0.555588,1.965824,0.675911,0.0,HoltWinters7,0.141633,8a4ef5b595276478,0.047963,0.188468,-0.74551,0.321764,0.0,0.209147,Stable,False,2026-08-27T18:24:04.422843+00:00
P01829,128.095522,21.99388,670,0.0,149.683333,17.881428,60,0.0,0.981537,0.813018,0.207002,0.0,HoltWinters7,0.071663,ea24935d12419891,0.059664,0.077663,-0.231762,0.321673,0.0,0.209088,Stable,False,2026-08-27T18:24:04.422843+00:00
P01324,18.443284,2.781356,670,0.0,20.05,5.331152,60,0.0,0.577674,1.916746,0.650629,0.0,SES,0.135987,ab82c5f10fe2c4e5,0.075057,0.166452,-0.549077,0.321517,0.0,0.208986,Stable,False,2026-08-27T18:24:04.422843+00:00
P01710,48.274627,8.229833,670,0.0,53.816667,6.424243,60,0.0,0.673409,0.780604,0.247687,0.0,HoltWinters7,0.071126,68c0b4048e9799ee,0.077383,0.067998,0.138025,0.247109,0.138025,0.20893,Stable,False,2026-08-27T18:24:04.422843+00:00
P01957,69.829851,11.452939,670,0.0,79.233333,9.770878,60,0.0,0.821054,0.853133,0.15884,0.0,HoltWinters7,0.075265,2c5a50ad02fde922,0.080273,0.072761,0.103248,0.2655,0.103248,0.208712,Stable,False,2026-08-27T18:24:04.422843+00:00
P00996,25.891045,3.96416,670,0.0,28.1,7.756244,60,0.0,0.557232,1.956592,0.671204,0.0,SeasonalNaive7,0.143708,ef4653d274d5bd71,0.078804,0.176159,-0.552653,0.32104,0.0,0.208676,Stable,False,2026-08-27T18:24:04.422843+00:00
P01188,23.719403,3.544137,670,0.0,25.533333,7.28236,60,0.0,0.511812,2.054762,0.72016,0.0,SES,0.131842,5669d0a170b86238,0.056352,0.169587,-0.667713,0.320788,0.0,0.208512,Stable,False,2026-08-27T18:24:04.422843+00:00
P01493,28.646269,4.447529,670,0.0,31.233333,8.429904,60,0.0,0.581686,1.895413,0.639437,0.0,HoltWinters7,0.134362,0d441ac4a8da0245,0.052774,0.175156,-0.698705,0.319823,0.0,0.207885,Stable,False,2026-08-27T18:24:04.422843+00:00
P01643,133.441791,22.36159,670,0.0,147.066667,16.396431,60,0.0,0.609298,0.733241,0.310281,0.0,HoltWinters7,0.077694,080abf291b66256b,0.08456,0.07426,0.138689,0.245127,0.138689,0.207874,Stable,False,2026-08-27T18:24:04.422843+00:00
P01491,15.107463,2.360697,670,0.0,16.483333,4.462619,60,0.0,0.582824,1.890382,0.636779,0.0,SES,0.13217,66559ad52d573d02,0.065421,0.165545,-0.604818,0.319471,0.0,0.207656,Stable,False,2026-08-27T18:24:04.422843+00:00
P00733,413.486567,45.565167,670,0.0,392.566667,30.500551,60,0.0,0.45912,0.669383,0.401399,0.0,HoltWinters7,0.046333,41347b0980c9c834,0.051348,0.043825,0.171644,0.226608,0.171644,0.207371,Stable,False,2026-08-27T18:24:04.422843+00:00
P01217,19.395522,2.987314,670,0.0,21.066667,5.760375,60,0.0,0.559414,1.928279,0.656628,0.0,SES,0.132639,afb0200bc161b225,0.061285,0.168316,-0.635893,0.317996,0.0,0.206697,Stable,False,2026-08-27T18:24:04.422843+00:00
P01405,191.022388,32.682388,670,0.0,217.366667,25.171255,60,0.0,0.80607,0.770178,0.261134,0.0,HoltWinters7,0.081022,f62c7d7fcbe8994b,0.084072,0.079496,0.057559,0.286953,0.057559,0.206665,Stable,False,2026-08-27T18:24:04.422843+00:00
P01391,13.835821,2.171958,670,0.0,15.066667,4.153278,60,0.0,0.566699,1.912228,0.648269,0.0,HoltWinters7,0.130449,e92e67e68a3b30d6,0.043779,0.173784,-0.748085,0.317909,0.0,0.206641,Stable,False,2026-08-27T18:24:04.422843+00:00
P01247,29.052239,4.526483,670,0.0,31.55,8.792186,60,0.0,0.551811,1.942388,0.663918,0.0,SES,0.14447,4b12ff0496d68d62,0.071218,0.181096,-0.606739,0.317727,0.0,0.206523,Stable,False,2026-08-27T18:24:04.422843+00:00
P00435,29.261194,4.509629,670,0.0,31.7,8.85342,60,0.0,0.5408,1.963226,0.674589,0.0,HoltWinters7,0.144535,b12654a7bfc86233,0.064061,0.184772,-0.653298,0.317367,0.0,0.206289,Stable,False,2026-08-27T18:24:04.422843+00:00
P00936,17.201493,3.961285,670,0.0,15.733333,2.231262,60,0.0,0.370627,0.563267,0.574001,0.0,HoltWinters7,0.087554,5285edf992f7d904,0.094949,0.083857,0.132261,0.245423,0.132261,0.205816,Stable,False,2026-08-27T18:24:04.422843+00:00
P01929,99.043284,19.572858,670,0.0,93.35,12.658252,60,0.0,0.290876,0.646725,0.435834,0.0,HoltWinters7,0.067566,b1a79a4d93e4ab88,0.077443,0.062628,0.236569,0.18895,0.236569,0.205616,Stable,False,2026-08-27T18:24:04.422843+00:00
P01578,286.477612,32.208429,670,0.0,272.783333,23.761592,60,0.0,0.425177,0.737745,0.304158,0.0,HoltWinters7,0.051983,0767ed5e0beece39,0.059357,0.048296,0.229034,0.192963,0.229034,0.205588,Stable,False,2026-08-27T18:24:04.422843+00:00
P00320,20.285075,4.579239,670,0.0,18.483333,2.948666,60,0.0,0.393459,0.643921,0.44018,0.0,HoltWinters7,0.074267,666a907eebf32470,0.082758,0.070021,0.181893,0.218246,0.181893,0.205522,Stable,False,2026-08-27T18:24:04.422843+00:00
P00621,15.043284,2.333145,670,0.0,16.266667,4.635408,60,0.0,0.524349,1.986764,0.686507,0.0,HoltWinters7,0.139847,bec3f62db32c7beb,0.046765,0.186389,-0.749101,0.315823,0.0,0.205285,Stable,False,2026-08-27T18:24:04.422843+00:00
P01389,167.704478,39.020509,670,0.0,206.116667,46.60039,60,0.0,0.98441,1.194254,0.177522,0.0,SES,0.185747,7006cc7865834fdb,0.166426,0.195407,-0.148307,0.315093,0.0,0.204811,Stable,False,2026-08-27T18:24:04.422843+00:00
P01568,14.162687,2.141227,670,0.0,15.25,4.304609,60,0.0,0.507799,2.010347,0.698307,0.0,SES,0.144576,d67047d2f10b27f9,0.084777,0.174475,-0.514101,0.314222,0.0,0.204244,Stable,False,2026-08-27T18:24:04.422843+00:00
P00866,84.946269,13.816655,670,0.0,95.283333,12.623749,60,0.0,0.74816,0.913662,0.090295,0.0,HoltWinters7,0.073933,056e61bc66a93056,0.081395,0.070202,0.15945,0.228318,0.15945,0.204214,Stable,False,2026-08-27T18:24:04.422843+00:00
P01440,341.143284,56.798706,670,0.0,395.0,50.606156,60,0.0,0.948203,0.890974,0.11544,0.0,HoltWinters7,0.077052,8c19faa246efac1a,0.079351,0.075902,0.045433,0.289616,0.045433,0.204152,Stable,False,2026-08-27T18:24:04.422843+00:00
P01243,402.819403,68.813423,670,0.0,466.633333,59.925085,60,0.0,0.927347,0.870834,0.138304,0.0,HoltWinters7,0.085241,1b586d0eb15a06f7,0.087761,0.083982,0.045001,0.289596,0.045001,0.203988,Stable,False,2026-08-27T18:24:04.422843+00:00
P01697,10.976119,1.705359,670,0.0,11.883333,3.329843,60,0.0,0.531978,1.952576,0.66915,0.0,HoltWinters7,0.142735,9e01c5f86983bb76,0.063763,0.182221,-0.650077,0.313581,0.0,0.203828,Stable,False,2026-08-27T18:24:04.422843+00:00
P01870,280.341791,50.746015,670,0.0,327.783333,40.490255,60,0.0,0.934882,0.7979,0.225772,0.0,HoltWinters7,0.082982,2bfd085b354557aa,0.073687,0.08763,-0.159107,0.313536,0.0,0.203798,Stable,False,2026-08-27T18:24:04.422843+00:00
P01650,89.08806,130.164182,670,0.676119,82.45,122.799606,60,0.683333,0.050998,0.943421,0.058243,0.007214,Croston,1.38893,40bb1d7825326244,1.801621,1.182584,0.523461,0.031471,0.523461,0.203667,Stable,False,2026-08-27T18:24:04.422843+00:00
P01878,38.943284,4.589884,670,0.0,37.15,3.292647,60,0.0,0.390703,0.71737,0.332163,0.0,HoltWinters7,0.045455,f8b235688c3f7969,0.051875,0.042245,0.227949,0.190484,0.227949,0.203597,Stable,False,2026-08-27T18:24:04.422843+00:00
P01906,22.513433,3.442324,670,0.0,24.366667,6.663756,60,0.0,0.538367,1.935831,0.660537,0.0,SES,0.140377,34b229fe7fb2d2f8,0.067869,0.176631,-0.61576,0.313185,0.0,0.20357,Stable,False,2026-08-27T18:24:04.422843+00:00
P01823,221.562687,44.066991,670,0.0,208.433333,32.596333,60,0.0,0.297941,0.7397,0.301511,0.0,HoltWinters7,0.075967,3413cce4288c7dcc,0.089333,0.069284,0.28938,0.157312,0.28938,0.203535,Stable,False,2026-08-27T18:24:04.422843+00:00
P00879,9.514925,1.522797,670,0.0,10.333333,2.94392,60,0.0,0.537437,1.933233,0.659194,0.0,HoltWinters7,0.137965,96a8693d703e4eed,0.061125,0.176385,-0.653459,0.312594,0.0,0.203186,Stable,False,2026-08-27T18:24:04.422843+00:00
P00050,22.440299,3.400324,670,0.0,24.216667,6.681854,60,0.0,0.522412,1.965064,0.675525,0.0,HoltWinters7,0.131332,c4bfa09fc74bc4fd,0.040741,0.176628,-0.76934,0.312544,0.0,0.203154,Stable,False,2026-08-27T18:24:04.422843+00:00
P01840,23.097015,3.550762,670,0.0,25.133333,6.59344,60,0.0,0.573488,1.856908,0.618913,0.0,HoltWinters7,0.134873,0357cfbb623b5f1b,0.061446,0.171587,-0.641899,0.312437,0.0,0.203084,Stable,False,2026-08-27T18:24:04.422843+00:00
P00454,175.150746,39.213413,670,0.0,205.2,58.852818,60,0.0,0.7663,1.500834,0.406021,0.0,SES,0.203868,71898b98250795a3,0.19745,0.207078,-0.046491,0.312238,0.0,0.202955,Stable,False,2026-08-27T18:24:04.422843+00:00
P01987,537.108955,91.92067,670,0.0,608.333333,61.850741,60,0.0,0.774846,0.672871,0.396202,0.0,HoltWinters7,0.069157,b659f061fcc2feb0,0.067766,0.069853,-0.029869,0.312133,0.0,0.202887,Stable,False,2026-08-27T18:24:04.422843+00:00
P01169,16.513433,2.531529,670,0.0,17.8,5.041523,60,0.0,0.508217,1.991493,0.688885,0.0,HoltWinters7,0.143684,323398425239778d,0.060537,0.185258,-0.67323,0.311981,0.0,0.202788,Stable,False,2026-08-27T18:24:04.422843+00:00
P01213,14.258209,2.178276,670,0.0,15.45,4.155556,60,0.0,0.547126,1.907727,0.645912,0.0,SES,0.136096,2ccb5c657c136307,0.070413,0.168938,-0.5832,0.311938,0.0,0.202759,Stable,False,2026-08-27T18:24:04.422843+00:00
P00631,130.683582,14.530671,670,0.0,125.65,9.511501,60,0.0,0.346411,0.654581,0.42376,0.0,HoltWinters7,0.054591,4ed40314b3e08ebb,0.061564,0.051105,0.204654,0.201203,0.204654,0.202411,Stable,False,2026-08-27T18:24:04.422843+00:00
P00711,100.550746,10.931761,670,0.0,96.0,7.809165,60,0.0,0.416287,0.714356,0.336374,0.0,HoltWinters7,0.04851,54fd5b38c71606f3,0.054838,0.045347,0.209316,0.198572,0.209316,0.202333,Stable,False,2026-08-27T18:24:04.422843+00:00
P01336,367.413433,40.423625,670,0.0,350.266667,25.323578,60,0.0,0.424177,0.626455,0.467678,0.0,HoltWinters7,0.044075,eac00a6ebe7045f9,0.048112,0.042056,0.143995,0.233568,0.143995,0.202218,Stable,False,2026-08-27T18:24:04.422843+00:00
P00451,173.985075,30.454452,670,0.0,204.85,26.752998,60,0.0,1.013478,0.878459,0.129586,0.0,HoltWinters7,0.081925,51603a910e501ce7,0.074847,0.085464,-0.124235,0.311103,0.0,0.202217,Stable,False,2026-08-27T18:24:04.422843+00:00
P00265,96.756716,21.821718,670,0.0,113.616667,32.360308,60,0.0,0.772623,1.48294,0.394027,0.0,SES,0.191334,9111ae9c1da43391,0.143866,0.215068,-0.331064,0.310978,0.0,0.202136,Stable,False,2026-08-27T18:24:04.422843+00:00
P01109,382.056716,65.155464,670,0.0,441.6,51.345688,60,0.0,0.913865,0.788049,0.238195,0.0,HoltWinters7,0.074511,48d34e91dfd3f8d9,0.074195,0.074669,-0.006352,0.310862,0.0,0.20206,Stable,False,2026-08-27T18:24:04.422843+00:00
P01825,60.065672,11.789199,670,0.0,56.783333,8.723807,60,0.0,0.278419,0.739983,0.301128,0.0,HoltWinters7,0.074059,50b06fcc59449eac,0.087326,0.067425,0.295163,0.151847,0.295163,0.202008,Stable,False,2026-08-27T18:24:04.422843+00:00
P00495,213.068657,24.409586,670,0.0,199.083333,13.225927,60,0.0,0.572944,0.541833,0.612797,0.0,HoltWinters7,0.045285,9b91f68e3fec30e8,0.03515,0.050353,-0.301922,0.310759,0.0,0.201993,Stable,False,2026-08-27T18:24:04.422843+00:00
P01541,242.597015,41.075911,670,0.0,278.2,39.025329,60,0.0,0.866761,0.950078,0.051211,0.0,HoltWinters7,0.086,26df93e4767fb117,0.092093,0.082954,0.110171,0.251162,0.110171,0.201815,Stable,False,2026-08-27T18:24:04.422843+00:00
P00288,44.722388,8.936444,670,0.0,42.033333,5.977264,60,0.0,0.300909,0.668864,0.402175,0.0,HoltWinters7,0.065926,03d0bf8bf6643801,0.075546,0.061116,0.236114,0.183294,0.236114,0.201781,Stable,False,2026-08-27T18:24:04.422843+00:00
P00077,201.044776,34.569456,670,0.0,237.15,31.578165,60,0.0,1.044426,0.91347,0.090505,0.0,HoltWinters7,0.069527,e0b63b2d40d3fc4b,0.058575,0.075002,-0.219027,0.309843,0.0,0.201398,Stable,False,2026-08-27T18:24:04.422843+00:00
P01396,103.164179,21.809268,670,0.0,117.9,26.782678,60,0.0,0.675668,1.228041,0.20542,0.0,SES,0.172811,53c64b53a7c2fb8d,0.187681,0.165376,0.134875,0.237164,0.134875,0.201363,Stable,False,2026-08-27T18:24:04.422843+00:00
P01321,8.892537,1.476403,670,0.0,9.766667,2.657683,60,0.0,0.592067,1.800107,0.587846,0.0,HoltWinters7,0.150297,81316947531d016f,0.088098,0.181397,-0.514333,0.30978,0.0,0.201357,Stable,False,2026-08-27T18:24:04.422843+00:00
P00843,12.828358,1.947464,670,0.0,13.816667,3.842191,60,0.0,0.507485,1.97292,0.679514,0.0,HoltWinters7,0.138245,c290005c6814384b,0.060031,0.177352,-0.661514,0.309437,0.0,0.201134,Stable,False,2026-08-27T18:24:04.422843+00:00
P01753,8.804478,1.350074,670,0.0,9.5,2.639337,60,0.0,0.515173,1.954957,0.670368,0.0,SeasonalNaive7,0.138466,c5b8777554ffbb17,0.040323,0.187538,-0.78499,0.309265,0.0,0.201022,Stable,False,2026-08-27T18:24:04.422843+00:00
P00399,47.419403,8.306817,670,0.0,54.9,6.493021,60,0.0,0.900537,0.78165,0.246349,0.0,HoltWinters7,0.078087,df166558d4911eb2,0.071328,0.081467,-0.124458,0.309235,0.0,0.201003,Stable,False,2026-08-27T18:24:04.422843+00:00
P00323,156.216418,16.973893,670,0.0,147.65,11.329914,60,0.0,0.504682,0.667491,0.40423,0.0,HoltWinters7,0.047991,9b688f0d76d5c15c,0.051941,0.046016,0.128756,0.239845,0.128756,0.200964,Stable,False,2026-08-27T18:24:04.422843+00:00
P00832,106.70597,12.374638,670,0.0,99.75,8.045685,60,0.0,0.562115,0.650175,0.430513,0.0,HoltWinters7,0.045474,7bd6405d1cd8e3bc,0.04804,0.044191,0.087089,0.26221,0.087089,0.200917,Stable,False,2026-08-27T18:24:04.422843+00:00
P01261,7.770149,1.802922,670,0.0,7.116667,1.151148,60,0.0,0.362457,0.63849,0.448649,0.0,HoltWinters7,0.078125,fe92f37db49fa75e,0.086965,0.073705,0.179904,0.211838,0.179904,0.200661,Stable,False,2026-08-27T18:24:04.422843+00:00
P00115,179.691045,35.795947,670,0.0,167.133333,23.914017,60,0.0,0.350814,0.668065,0.40337,0.0,HoltWinters7,0.070486,4befad70087a29c6,0.079556,0.06595,0.2063,0.197316,0.2063,0.20046,Stable,False,2026-08-27T18:24:04.422843+00:00
P01800,20.759701,3.171791,670,0.0,22.4,6.164964,60,0.0,0.517152,1.943686,0.664586,0.0,HoltWinters7,0.126292,72b35b88b16df9d7,0.042689,0.168094,-0.746041,0.308363,0.0,0.200436,Stable,False,2026-08-27T18:24:04.422843+00:00
P00730,25.444776,3.888094,670,0.0,27.483333,7.464019,60,0.0,0.524308,1.919712,0.652175,0.0,SES,0.147214,cdeeebf1d9b4d85b,0.095963,0.172839,-0.444784,0.307228,0.0,0.199698,Stable,False,2026-08-27T18:24:04.422843+00:00
P01889,226.567164,39.978927,670,0.0,262.566667,31.502686,60,0.0,0.900462,0.787982,0.23828,0.0,HoltWinters7,0.07664,15c5504edee6ef30,0.061873,0.084024,-0.263626,0.307197,0.0,0.199678,Stable,False,2026-08-27T18:24:04.422843+00:00
P01564,15.089552,3.865571,670,0.0,14.183333,2.843319,60,0.0,0.234433,0.73555,0.307137,0.0,SES,0.150109,b70064b7e6228aef,0.178058,0.136135,0.307957,0.141254,0.307957,0.1996,Stable,False,2026-08-27T18:24:04.422843+00:00
P00214,13.759701,2.072062,670,0.0,14.783333,4.104944,60,0.0,0.494016,1.981091,0.683648,0.0,HoltWinters7,0.132144,b759a259719612b3,0.050228,0.173102,-0.709835,0.306766,0.0,0.199398,Stable,False,2026-08-27T18:24:04.422843+00:00
P01264,23.174627,2.78759,670,0.0,21.883333,1.747557,60,0.0,0.463229,0.626906,0.466959,0.0,HoltWinters7,0.043346,41f2a7985f7a6f78,0.04657,0.041734,0.115879,0.244128,0.115879,0.199241,Stable,False,2026-08-27T18:24:04.422843+00:00
P00278,286.965672,47.406303,670,0.0,328.466667,36.485645,60,0.0,0.875432,0.769637,0.261836,0.0,HoltWinters7,0.074565,209c1833dfde4738,0.070676,0.07651,-0.076244,0.306203,0.0,0.199032,Stable,False,2026-08-27T18:24:04.422843+00:00
P00877,419.985075,72.132164,670,0.0,489.1,60.822247,60,0.0,0.958171,0.843206,0.170544,0.0,HoltWinters7,0.07228,1691ad2031252112,0.059023,0.078909,-0.252006,0.306133,0.0,0.198986,Stable,False,2026-08-27T18:24:04.422843+00:00
P00439,370.668657,39.657058,670,0.0,355.466667,26.798347,60,0.0,0.383336,0.675752,0.391929,0.0,HoltWinters7,0.043406,d90c82620724f7e6,0.048595,0.040812,0.190709,0.2034,0.190709,0.198958,Stable,False,2026-08-27T18:24:04.422843+00:00
P00901,15.346269,2.381941,670,0.0,16.583333,4.574401,60,0.0,0.519352,1.920451,0.65256,0.0,HoltWinters7,0.152523,7480393636e7b334,0.086076,0.185747,-0.536592,0.305962,0.0,0.198875,Stable,False,2026-08-27T18:24:04.422843+00:00
P00884,30.395522,4.600999,670,0.0,32.733333,8.934539,60,0.0,0.508109,1.94187,0.663651,0.0,HoltWinters7,0.147719,820c52cd643ae297,0.076292,0.183432,-0.584088,0.305643,0.0,0.198668,Stable,False,2026-08-27T18:24:04.422843+00:00
P00842,595.961194,102.893148,670,0.0,686.016667,79.418329,60,0.0,0.875233,0.771852,0.258962,0.0,HoltWinters7,0.077262,ba209c9f4c762f47,0.074536,0.078625,-0.052005,0.30543,0.0,0.198529,Stable,False,2026-08-27T18:24:04.422843+00:00
P00998,20.540299,3.241734,670,0.0,22.183333,6.28825,60,0.0,0.506838,1.93978,0.662575,0.0,HoltWinters7,0.143136,5b632cd74ef05d5c,0.062939,0.183234,-0.656509,0.305024,0.0,0.198266,Stable,False,2026-08-27T18:24:04.422843+00:00
P00231,444.041791,76.94543,670,0.0,507.9,63.492079,60,0.0,0.829916,0.825157,0.192181,0.0,HoltWinters7,0.074953,fc189b10c57f2f2d,0.077573,0.073643,0.053371,0.276272,0.053371,0.198257,Stable,False,2026-08-27T18:24:04.422843+00:00
P00226,16.474627,2.641813,670,0.0,17.983333,4.77455,60,0.0,0.571088,1.807301,0.591834,0.0,SeasonalNaive7,0.147007,2a2616ec467a3827,0.065957,0.187532,-0.648287,0.305008,0.0,0.198255,Stable,False,2026-08-27T18:24:04.422843+00:00
P00382,566.598507,100.146238,670,0.0,653.316667,76.676183,60,0.0,0.865915,0.765642,0.26704,0.0,HoltWinters7,0.077414,83d5f79769db92c0,0.068818,0.081712,-0.157801,0.304887,0.0,0.198176,Stable,False,2026-08-27T18:24:04.422843+00:00
P01732,232.056716,39.757709,670,0.0,259.183333,31.013661,60,0.0,0.682298,0.780067,0.248376,0.0,HoltWinters7,0.073867,e270d138193365e5,0.078723,0.071439,0.101961,0.249726,0.101961,0.198008,Stable,False,2026-08-27T18:24:04.422843+00:00
P01679,19.535821,3.023238,670,0.0,21.15,5.683234,60,0.0,0.533924,1.87985,0.631192,0.0,HoltWinters7,0.132721,5ec02dbefb024bdc,0.058535,0.169814,-0.655296,0.304627,0.0,0.198008,Stable,False,2026-08-27T18:24:04.422843+00:00
P00072,19.501493,2.999128,670,0.0,21.116667,5.608987,60,0.0,0.538548,1.870206,0.626049,0.0,HoltWinters7,0.133101,a24aa736681cf6d9,0.041969,0.178666,-0.765097,0.304613,0.0,0.197998,Stable,False,2026-08-27T18:24:04.422843+00:00
P00385,53.928358,6.009529,670,0.0,51.633333,3.922843,60,0.0,0.381898,0.652771,0.42653,0.0,HoltWinters7,0.046002,75a9bd738c6bbea5,0.050971,0.043517,0.171295,0.211654,0.171295,0.197529,Stable,False,2026-08-27T18:24:04.422843+00:00
P00308,3.456716,0.635573,670,0.0,3.25,0.436667,60,0.0,0.325244,0.687044,0.375357,0.0,Naive,0.054882,45c69242af34cf81,0.0625,0.051073,0.22375,0.183281,0.22375,0.197445,Stable,False,2026-08-27T18:24:04.422843+00:00
P00152,18.302985,2.783545,670,0.0,19.816667,5.153546,60,0.0,0.543796,1.851433,0.61596,0.0,HoltWinters7,0.129701,3072fd1e6916edd3,0.052924,0.168089,-0.685142,0.303534,0.0,0.197297,Stable,False,2026-08-27T18:24:04.422843+00:00
P00350,244.779104,41.727232,670,0.0,275.6,33.250054,60,0.0,0.738628,0.796843,0.227098,0.0,HoltWinters7,0.0729,95af2dea774b6763,0.076713,0.070993,0.080568,0.259897,0.080568,0.197132,Stable,False,2026-08-27T18:24:04.422843+00:00
P01318,55.865672,6.248457,670,0.0,53.233333,4.596855,60,0.0,0.421278,0.735678,0.306962,0.0,HoltWinters7,0.045305,07fdf02512e0ce72,0.051108,0.042404,0.205248,0.192592,0.205248,0.197022,Stable,False,2026-08-27T18:24:04.422843+00:00
P01191,22.531343,3.523749,670,0.0,24.233333,6.960827,60,0.0,0.483006,1.975404,0.680773,0.0,SES,0.14074,a3a5b84f41c80809,0.068305,0.176957,-0.614004,0.30302,0.0,0.196963,Stable,False,2026-08-27T18:24:04.422843+00:00
P00516,12.870149,1.984884,670,0.0,13.916667,3.733911,60,0.0,0.527244,1.881173,0.631896,0.0,SeasonalNaive7,0.143147,19b148ff4aa7c92e,0.07438,0.17753,-0.581027,0.302966,0.0,0.196928,Stable,False,2026-08-27T18:24:04.422843+00:00
P00889,6.358209,1.041752,670,0.0,6.866667,2.045803,60,0.0,0.48808,1.963811,0.674887,0.0,HoltWinters7,0.156286,2df3a22e54583c21,0.070296,0.199281,-0.647252,0.302944,0.0,0.196913,Stable,False,2026-08-27T18:24:04.422843+00:00
P01488,88.653731,15.32311,670,0.0,102.933333,13.85869,60,0.0,0.9319,0.904431,0.10045,0.0,HoltWinters7,0.084952,9bd2c2caef27b4a5,0.087187,0.083834,0.039995,0.281385,0.039995,0.196898,Stable,False,2026-08-27T18:24:04.422843+00:00
P00616,224.577612,52.660907,670,0.0,259.9,65.965759,60,0.0,0.670752,1.252651,0.225262,0.0,SES,0.191339,d77ad5b5f2e6ec2b,0.205405,0.184307,0.114473,0.240772,0.114473,0.196568,Stable,False,2026-08-27T18:24:04.422843+00:00
P01323,62.347761,14.437224,670,0.0,74.066667,19.811713,60,0.0,0.811715,1.372266,0.316463,0.0,SES,0.224661,1158d3a6ef816634,0.220855,0.226564,-0.0252,0.302337,0.0,0.196519,Stable,False,2026-08-27T18:24:04.422843+00:00
P01401,23.538806,3.731755,670,0.0,25.516667,6.978154,60,0.0,0.530008,1.869939,0.625906,0.0,HoltWinters7,0.127967,e2f5acc4c0c8607e,0.035737,0.174081,-0.79471,0.302229,0.0,0.196449,Stable,False,2026-08-27T18:24:04.422843+00:00
P01147,368.667164,65.234598,670,0.0,432.116667,56.833713,60,0.0,0.972636,0.87122,0.13786,0.0,HoltWinters7,0.080475,7980fc42860e58dd,0.075017,0.083204,-0.098388,0.30194,0.0,0.196261,Stable,False,2026-08-27T18:24:04.422843+00:00
P00791,19.767164,3.124635,670,0.0,21.366667,5.94884,60,0.0,0.511901,1.903851,0.643879,0.0,SeasonalNaive7,0.138757,24cdc8916dbe2653,0.064865,0.175703,-0.630826,0.301742,0.0,0.196133,Stable,False,2026-08-27T18:24:04.422843+00:00
P01944,484.977612,81.678035,670,0.0,554.816667,68.483201,60,0.0,0.855053,0.838453,0.176197,0.0,HoltWinters7,0.073059,ef6697043a4858cf,0.075017,0.072081,0.040734,0.279189,0.040734,0.19573,Stable,False,2026-08-27T18:24:04.422843+00:00
P00452,65.064179,7.601259,670,0.0,60.85,4.494158,60,0.0,0.554405,0.591239,0.525535,0.0,HoltWinters7,0.04178,f4d327e83c72fc5a,0.042663,0.041338,0.032046,0.283845,0.032046,0.195715,Stable,False,2026-08-27T18:24:04.422843+00:00
P00284,15.041791,2.30189,670,0.0,16.283333,4.222987,60,0.0,0.539358,1.834573,0.606812,0.0,HoltWinters7,0.131144,1c77ac773c764084,0.052054,0.170689,-0.695037,0.300026,0.0,0.195017,Stable,False,2026-08-27T18:24:04.422843+00:00
P00571,67.738806,7.789005,670,0.0,63.683333,5.2254,60,0.0,0.520666,0.670869,0.399182,0.0,HoltWinters7,0.044058,263656b86feeef71,0.047064,0.042555,0.105943,0.242979,0.105943,0.195016,Stable,False,2026-08-27T18:24:04.422843+00:00
P00067,15.586567,2.357597,670,0.0,16.783333,4.476271,60,0.0,0.507621,1.898658,0.641147,0.0,SES,0.137291,b79e9688d512dd3c,0.067071,0.172401,-0.610959,0.299883,0.0,0.194924,Stable,False,2026-08-27T18:24:04.422843+00:00
P00130,68.865672,7.914331,670,0.0,65.183333,5.679257,60,0.0,0.465275,0.717591,0.331855,0.0,HoltWinters7,0.051185,3d59c25a7ca1cd33,0.056513,0.048521,0.164728,0.210914,0.164728,0.194749,Stable,False,2026-08-27T18:24:04.422843+00:00
P01073,21.059701,3.326213,670,0.0,22.65,6.511593,60,0.0,0.478111,1.95766,0.67175,0.0,HoltWinters7,0.133002,272e786d1cd8e736,0.043133,0.177936,-0.757593,0.299418,0.0,0.194622,Stable,False,2026-08-27T18:24:04.422843+00:00
P00656,9.058209,1.401862,670,0.0,9.716667,2.768415,60,0.0,0.469702,1.974813,0.680474,0.0,HoltWinters7,0.151541,a0797a6e533bd460,0.06803,0.193297,-0.648055,0.299287,0.0,0.194536,Stable,False,2026-08-27T18:24:04.422843+00:00
P00847,23.592537,3.652663,670,0.0,25.383333,7.049682,60,0.0,0.490271,1.930012,0.657526,0.0,HoltWinters7,0.13837,8b74ecb447ce1e00,0.043061,0.186024,-0.768516,0.299206,0.0,0.194484,Stable,False,2026-08-27T18:24:04.422843+00:00
P01569,119.49403,23.166631,670,0.0,112.166667,15.496491,60,0.0,0.31629,0.668914,0.402099,0.0,HoltWinters7,0.067478,e3530d1e46797402,0.0762,0.063116,0.207298,0.187504,0.207298,0.194432,Stable,False,2026-08-27T18:24:04.422843+00:00
P00007,24.650746,3.910867,670,0.0,26.566667,7.54729,60,0.0,0.489897,1.929825,0.657429,0.0,HoltWinters7,0.139715,ccb7b96e39441b85,0.043989,0.187579,-0.765493,0.299079,0.0,0.194401,Stable,False,2026-08-27T18:24:04.422843+00:00
P00633,236.68806,38.472901,670,0.0,262.9,39.034405,60,0.0,0.681309,1.014595,0.014489,0.0,HoltWinters7,0.082247,791e651117c9eab9,0.092538,0.077101,0.200217,0.190982,0.200217,0.194214,Stable,False,2026-08-27T18:24:04.422843+00:00
P01404,162.643284,225.198274,670,0.652239,145.933333,226.769118,60,0.7,0.074201,1.006975,0.006951,0.047761,Naive,1.159159,8ed197e0eeec9530,1.477477,1.0,0.477477,0.041248,0.477477,0.193928,Stable,False,2026-08-27T18:24:04.422843+00:00
P01171,34.077612,3.880495,670,0.0,32.316667,2.587399,60,0.0,0.453794,0.66677,0.40531,0.0,SeasonalNaive7,0.05174,09beee2845efba20,0.056169,0.049526,0.134119,0.226121,0.134119,0.19392,Stable,False,2026-08-27T18:24:04.422843+00:00
P01721,17.132836,2.7006,670,0.0,18.55,4.999746,60,0.0,0.524759,1.851346,0.615913,0.0,HoltWinters7,0.134816,0110ba573f1d50c7,0.068071,0.168189,-0.59527,0.298287,0.0,0.193887,Stable,False,2026-08-27T18:24:04.422843+00:00
P00950,74.055224,12.584243,670,0.0,85.083333,10.012351,60,0.0,0.876343,0.795626,0.228626,0.0,HoltWinters7,0.081391,de5c2f03c96daeb5,0.078249,0.082962,-0.056804,0.298151,0.0,0.193798,Stable,False,2026-08-27T18:24:04.422843+00:00
P01466,25.237313,3.853689,670,0.0,27.166667,7.321125,60,0.0,0.500651,1.89977,0.641733,0.0,HoltWinters7,0.133756,e60c81843204f8bb,0.048936,0.176167,-0.722217,0.298112,0.0,0.193773,Stable,False,2026-08-27T18:24:04.422843+00:00
P01067,12.786567,2.022474,670,0.0,13.866667,3.702801,60,0.0,0.534049,1.830827,0.604768,0.0,SES,0.139801,0b618829b77648bc,0.057562,0.180921,-0.681841,0.298055,0.0,0.193736,Stable,False,2026-08-27T18:24:04.422843+00:00
P01009,22.59403,3.464442,670,0.0,24.3,6.639124,60,0.0,0.492423,1.916362,0.650429,0.0,HoltWinters7,0.146096,94c7a1a34e41ad58,0.079854,0.179217,-0.55443,0.298023,0.0,0.193715,Stable,False,2026-08-27T18:24:04.422843+00:00
P00587,20.095522,3.099228,670,0.0,21.55,6.088124,60,0.0,0.469303,1.9644,0.675187,0.0,HoltWinters7,0.134811,d8de9f3a3b04dfb6,0.046199,0.179118,-0.742072,0.297855,0.0,0.193606,Stable,False,2026-08-27T18:24:04.422843+00:00
P01026,165.707463,33.819371,670,0.0,152.816667,23.939537,60,0.0,0.381166,0.707865,0.345502,0.0,HoltWinters7,0.069559,d89b0b0db4e83bd1,0.078169,0.065254,0.197922,0.191196,0.197922,0.19355,Stable,False,2026-08-27T18:24:04.422843+00:00
P01586,25.128358,3.904878,670,0.0,27.0,7.575608,60,0.0,0.479309,1.940037,0.662707,0.0,HoltWinters7,0.142333,34835b1402478726,0.068934,0.179032,-0.614963,0.297487,0.0,0.193366,Stable,False,2026-08-27T18:24:04.422843+00:00
P01494,11.756716,1.810675,670,0.0,12.65,3.458348,60,0.0,0.493343,1.909978,0.647092,0.0,HoltWinters7,0.130335,d1f5da462313761d,0.035751,0.177628,-0.79873,0.297442,0.0,0.193337,Stable,False,2026-08-27T18:24:04.422843+00:00
P00178,11.231343,2.50415,670,0.0,10.45,1.477802,60,0.0,0.312019,0.590141,0.527393,0.0,HoltWinters7,0.085211,72648fcac0018058,0.093199,0.081217,0.147528,0.217654,0.147528,0.19311,Stable,False,2026-08-27T18:24:04.422843+00:00
P00858,269.485075,53.893397,670,0.0,243.55,37.441219,60,0.0,0.481229,0.694727,0.364236,0.0,HoltWinters7,0.070899,576508ec601847ab,0.077064,0.067816,0.136364,0.223397,0.136364,0.192936,Stable,False,2026-08-27T18:24:04.422843+00:00
P00622,16.78209,2.580305,670,0.0,18.116667,4.787313,60,0.0,0.517217,1.855328,0.618062,0.0,SeasonalNaive7,0.136494,c0568b0d82939846,0.057082,0.176199,-0.676034,0.29675,0.0,0.192887,Stable,False,2026-08-27T18:24:04.422843+00:00
P00851,13.861194,2.169944,670,0.0,14.95,4.093919,60,0.0,0.501767,1.886647,0.634801,0.0,HoltWinters7,0.148445,6647483dd36bacef,0.062518,0.191409,-0.673378,0.296686,0.0,0.192846,Stable,False,2026-08-27T18:24:04.422843+00:00
P00346,43.437313,7.151872,670,0.0,49.183333,6.690473,60,0.0,0.803429,0.935486,0.06669,0.0,HoltWinters7,0.073964,e44e34650762ec4d,0.07918,0.071356,0.109648,0.237615,0.109648,0.192827,Stable,False,2026-08-27T18:24:04.422843+00:00
P00876,21.997015,3.50144,670,0.0,23.816667,6.471559,60,0.0,0.519687,1.848256,0.614243,0.0,SES,0.138807,b368a1eb20f7418c,0.065621,0.175399,-0.625878,0.296475,0.0,0.192708,Stable,False,2026-08-27T18:24:04.422843+00:00
P01994,17.489552,2.780303,670,0.0,18.95,5.093782,60,0.0,0.525284,1.832096,0.605461,0.0,HoltWinters7,0.143797,d925e4a497d4b785,0.080887,0.175252,-0.538456,0.295818,0.0,0.192282,Stable,False,2026-08-27T18:24:04.422843+00:00
P00991,380.480597,66.282555,670,0.0,443.066667,57.374141,60,0.0,0.944231,0.865599,0.144333,0.0,HoltWinters7,0.079633,fada2f87ad2a3cff,0.079193,0.079854,-0.00827,0.295747,0.0,0.192235,Stable,False,2026-08-27T18:24:04.422843+00:00
P01092,271.659701,45.8347,670,0.0,312.15,37.180196,60,0.0,0.883398,0.81118,0.209265,0.0,HoltWinters7,0.071097,9790cd7b95da0219,0.057844,0.077723,-0.255774,0.295251,0.0,0.191913,Stable,False,2026-08-27T18:24:04.422843+00:00
P00521,238.168657,27.087467,670,0.0,222.133333,15.949567,60,0.0,0.591983,0.588817,0.529639,0.0,HoltWinters7,0.039221,b931801355b3c595,0.038288,0.039687,-0.035237,0.295205,0.0,0.191883,Stable,False,2026-08-27T18:24:04.422843+00:00
P01661,89.038806,17.904872,670,0.0,82.216667,12.47926,60,0.0,0.381021,0.696976,0.361005,0.0,HoltWinters7,0.076143,ab10ae02ff75d803,0.08503,0.0717,0.185901,0.195032,0.185901,0.191836,Stable,False,2026-08-27T18:24:04.422843+00:00
P01174,13.308955,2.048386,670,0.0,12.833333,1.122447,60,0.0,0.232194,0.547967,0.601541,0.0,HoltWinters7,0.064911,762970e07370814d,0.071089,0.061822,0.149906,0.214238,0.149906,0.191722,Stable,False,2026-08-27T18:24:04.422843+00:00
P01971,14.968657,2.339733,670,0.0,16.066667,4.543077,60,0.0,0.469288,1.941707,0.663568,0.0,HoltWinters7,0.151891,3300de6d5b9cd938,0.088739,0.183467,-0.516325,0.294946,0.0,0.191715,Stable,False,2026-08-27T18:24:04.422843+00:00
P01371,259.09403,60.549441,670,0.0,310.716667,77.117144,60,0.0,0.85257,1.273623,0.241865,0.0,SES,0.185338,d30ae932f47c10d0,0.157544,0.199235,-0.209254,0.294923,0.0,0.1917,Stable,False,2026-08-27T18:24:04.422843+00:00
P00550,160.919403,27.715338,670,0.0,187.916667,24.876844,60,0.0,0.974091,0.897584,0.108049,0.0,HoltWinters7,0.090481,28b72697ecdf97b4,0.078848,0.096298,-0.181206,0.294887,0.0,0.191677,Stable,False,2026-08-27T18:24:04.422843+00:00
P01369,28.813433,4.511351,670,0.0,31.033333,8.538977,60,0.0,0.49207,1.892776,0.638045,0.0,HoltWinters7,0.137255,f4ed52ec6ce78d89,0.048345,0.181711,-0.733948,0.29483,0.0,0.19164,Stable,False,2026-08-27T18:24:04.422843+00:00
P00373,25.356716,3.87737,670,0.0,27.266667,7.334309,60,0.0,0.492589,1.891568,0.637406,0.0,HoltWinters7,0.132676,7c8287d33ccde1e0,0.058101,0.169963,-0.658153,0.294814,0.0,0.191629,Stable,False,2026-08-27T18:24:04.422843+00:00
P01726,5.59403,0.874464,670,0.0,5.983333,1.741728,60,0.0,0.445191,1.991766,0.689021,0.0,SES,0.14547,d71f9e55377aa9e0,0.065093,0.185658,-0.649391,0.294683,0.0,0.191544,Stable,False,2026-08-27T18:24:04.422843+00:00
P01961,12.5,1.91739,670,0.0,13.433333,3.646994,60,0.0,0.486773,1.902062,0.642939,0.0,HoltWinters7,0.134943,633333bbe43265e5,0.04779,0.178519,-0.732298,0.294597,0.0,0.191488,Stable,False,2026-08-27T18:24:04.422843+00:00
P01102,191.68806,43.778792,670,0.0,225.9,60.187194,60,0.0,0.781473,1.374803,0.31831,0.0,Naive,0.188618,02a83aa587419302,0.151633,0.207111,-0.267867,0.294483,0.0,0.191414,Stable,False,2026-08-27T18:24:04.422843+00:00
P00544,81.765672,9.203578,670,0.0,77.633333,6.183539,60,0.0,0.448993,0.671863,0.397701,0.0,HoltWinters7,0.045373,a74aa3bede80e79f,0.049164,0.043478,0.130792,0.222898,0.130792,0.190661,Stable,False,2026-08-27T18:24:04.422843+00:00
P00369,14.822388,2.298978,670,0.0,15.966667,4.298075,60,0.0,0.497734,1.869559,0.625703,0.0,SES,0.140204,8517c351b37847a8,0.072712,0.17395,-0.581999,0.293302,0.0,0.190647,Stable,False,2026-08-27T18:24:04.422843+00:00
P00601,13.949254,2.155493,670,0.0,14.95,4.179956,60,0.0,0.464277,1.939211,0.662281,0.0,HoltWinters7,0.134478,b051c4f9c571cb63,0.045863,0.178785,-0.743472,0.293247,0.0,0.19061,Stable,False,2026-08-27T18:24:04.422843+00:00
P00529,9.598507,1.465599,670,0.0,10.3,2.794061,60,0.0,0.478639,1.90643,0.645232,0.0,HoltWinters7,0.134871,941697d80e51675e,0.057282,0.173665,-0.670159,0.292934,0.0,0.190407,Stable,False,2026-08-27T18:24:04.422843+00:00
P00494,17.383582,2.745405,670,0.0,18.8,5.021311,60,0.0,0.515923,1.828987,0.603762,0.0,HoltWinters7,0.138774,6cb73078266b44ab,0.048765,0.183778,-0.734652,0.292819,0.0,0.190333,Stable,False,2026-08-27T18:24:04.422843+00:00
P01694,5.691045,0.920653,670,0.0,6.116667,1.785931,60,0.0,0.462304,1.939851,0.662611,0.0,SeasonalNaive7,0.14472,ccd2564c14a6ec5c,0.1,0.16708,-0.401484,0.292786,0.0,0.190311,Stable,False,2026-08-27T18:24:04.422843+00:00
P00506,21.777612,3.351341,670,0.0,23.383333,6.378172,60,0.0,0.479128,1.90317,0.643521,0.0,SeasonalNaive7,0.134425,1090df87c56a2f08,0.049423,0.176926,-0.720655,0.29264,0.0,0.190216,Stable,False,2026-08-27T18:24:04.422843+00:00
P01814,15.750746,2.492252,670,0.0,16.9,4.831745,60,0.0,0.461131,1.938706,0.662021,0.0,SeasonalNaive7,0.135114,6fbbbddc6cdf3c2c,0.052632,0.176356,-0.70156,0.292316,0.0,0.190005,Stable,False,2026-08-27T18:24:04.422843+00:00
P01812,347.570149,61.200914,670,0.0,408.75,57.16987,60,0.0,0.999656,0.934134,0.068135,0.0,HoltWinters7,0.076992,af45de266c3a7ceb,0.061234,0.084871,-0.278508,0.291939,0.0,0.18976,Stable,False,2026-08-27T18:24:04.422843+00:00
P01215,562.547761,94.943489,670,0.0,643.116667,76.309382,60,0.0,0.848599,0.803735,0.218486,0.0,HoltWinters7,0.084056,589eafc8ddc8f810,0.084464,0.083852,0.007309,0.287986,0.007309,0.189749,Stable,False,2026-08-27T18:24:04.422843+00:00
P01934,243.179104,48.698986,670,0.0,224.0,32.942168,60,0.0,0.39383,0.676445,0.390905,0.0,HoltWinters7,0.071209,858628df02b92ccf,0.078398,0.067614,0.159482,0.206029,0.159482,0.189738,Stable,False,2026-08-27T18:24:04.422843+00:00
P01796,25.750746,4.025215,670,0.0,27.583333,7.83147,60,0.0,0.455277,1.945603,0.665572,0.0,SES,0.13673,18b7d17204a13b6d,0.059819,0.175186,-0.658541,0.291594,0.0,0.189536,Stable,False,2026-08-27T18:24:04.422843+00:00
P00755,4.09403,0.681899,670,0.0,4.466667,1.199812,60,0.0,0.546469,1.759514,0.565038,0.0,Naive,0.136048,d724c7f01ad86efc,0.034483,0.18683,-0.815433,0.291538,0.0,0.1895,Stable,False,2026-08-27T18:24:04.422843+00:00
P00954,273.270149,63.320667,670,0.0,317.716667,93.713066,60,0.0,0.701927,1.479976,0.392026,0.0,SES,0.207426,1efad04eb0915bfa,0.197623,0.212327,-0.069254,0.291037,0.0,0.189174,Stable,False,2026-08-27T18:24:04.422843+00:00
P00456,108.176119,12.243739,670,0.0,101.783333,8.570924,60,0.0,0.522127,0.700025,0.356639,0.0,HoltWinters7,0.046012,2a40cb2efff9d58b,0.049207,0.044415,0.107885,0.232745,0.107885,0.189044,Stable,False,2026-08-27T18:24:04.422843+00:00
P01869,27.076119,4.169631,670,0.0,29.05,7.926409,60,0.0,0.473394,1.900986,0.642372,0.0,HoltWinters7,0.137409,9c61d5ee4962f2bf,0.068366,0.171931,-0.602361,0.290777,0.0,0.189005,Stable,False,2026-08-27T18:24:04.422843+00:00
P00370,15.019403,2.40103,670,0.0,16.166667,4.540465,60,0.0,0.477821,1.891049,0.637132,0.0,HoltWinters7,0.135533,3fd85f7d468dd4d3,0.05527,0.175664,-0.685367,0.290684,0.0,0.188944,Stable,False,2026-08-27T18:24:04.422843+00:00
P00654,150.134328,25.698142,670,0.0,173.116667,21.50293,60,0.0,0.894319,0.83675,0.178229,0.0,HoltWinters7,0.079538,5eb8b1ddbcb40fbe,0.061519,0.088548,-0.305245,0.290495,0.0,0.188822,Stable,False,2026-08-27T18:24:04.422843+00:00
P00374,179.634328,30.536836,670,0.0,206.35,26.928546,60,0.0,0.874867,0.881838,0.125747,0.0,HoltWinters7,0.071078,c5cb85c521fcdef3,0.072684,0.070274,0.034291,0.272025,0.034291,0.188818,Stable,False,2026-08-27T18:24:04.422843+00:00
P00009,181.108955,30.740951,670,0.0,200.733333,24.17231,60,0.0,0.638379,0.786323,0.240388,0.0,HoltWinters7,0.074623,7fb3f895c7dc1c5b,0.079499,0.072185,0.101317,0.235651,0.101317,0.188634,Stable,False,2026-08-27T18:24:04.422843+00:00
P00678,21.519403,4.830652,670,0.0,19.9,2.909365,60,0.0,0.335235,0.602272,0.507046,0.0,HoltWinters7,0.077959,93955d9b90af4e17,0.084536,0.07467,0.132131,0.218951,0.132131,0.188564,Stable,False,2026-08-27T18:24:04.422843+00:00
P01817,24.9,3.710829,670,0.0,24.016667,2.243572,60,0.0,0.238042,0.604601,0.503186,0.0,HoltWinters7,0.073885,ce188eaf03dd5ba0,0.082364,0.069646,0.182611,0.191258,0.182611,0.188232,Stable,False,2026-08-27T18:24:04.422843+00:00
P00517,20.480597,4.722374,670,0.0,18.966667,2.524233,60,0.0,0.320587,0.534526,0.626375,0.0,HoltWinters7,0.07812,69e0e30edff5e938,0.082336,0.076012,0.083197,0.244755,0.083197,0.18821,Stable,False,2026-08-27T18:24:04.422843+00:00
P00101,24.89403,3.828045,670,0.0,26.583333,7.49529,60,0.0,0.441297,1.957995,0.671921,0.0,SES,0.134661,e97ec8a2e158e075,0.065995,0.168994,-0.60948,0.289337,0.0,0.188069,Stable,False,2026-08-27T18:24:04.422843+00:00
P00259,182.743284,21.108087,670,0.0,173.833333,13.232173,60,0.0,0.422111,0.626877,0.467005,0.0,HoltWinters7,0.047578,c5203743ed1831f0,0.050788,0.045973,0.10473,0.232832,0.10473,0.187996,Stable,False,2026-08-27T18:24:04.422843+00:00
P01881,464.165672,51.739092,670,0.0,442.483333,37.751413,60,0.0,0.419071,0.72965,0.315191,0.0,HoltWinters7,0.048269,215b8a09808cb0af,0.053637,0.045585,0.176656,0.194042,0.176656,0.187957,Stable,False,2026-08-27T18:24:04.422843+00:00
P01567,383.220896,42.372138,670,0.0,366.616667,29.331589,60,0.0,0.391867,0.692238,0.367826,0.0,HoltWinters7,0.048017,f131e7b40110fbd9,0.053046,0.045503,0.165774,0.19972,0.165774,0.187839,Stable,False,2026-08-27T18:24:04.422843+00:00
P01953,197.702985,32.440492,670,0.0,218.766667,20.902004,60,0.0,0.649302,0.644318,0.439562,0.0,HoltWinters7,0.077985,0d45244ed34f2b0c,0.07329,0.080333,-0.087675,0.288449,0.0,0.187492,Stable,False,2026-08-27T18:24:04.422843+00:00
P01117,17.434328,2.688794,670,0.0,18.7,5.07336,60,0.0,0.470721,1.886854,0.634911,0.0,HoltWinters7,0.131392,e1cb359904e922ac,0.057926,0.168125,-0.655457,0.288176,0.0,0.187314,Stable,False,2026-08-27T18:24:04.422843+00:00
P01248,12.879104,2.023482,670,0.0,13.8,3.883036,60,0.0,0.455104,1.918987,0.651797,0.0,HoltWinters7,0.142108,ee4e76f7096df923,0.071078,0.177623,-0.599839,0.288103,0.0,0.187267,Stable,False,2026-08-27T18:24:04.422843+00:00
P01807,458.567164,78.635224,670,0.0,517.733333,66.978587,60,0.0,0.752413,0.851763,0.160447,0.0,HoltWinters7,0.069839,fe8a933518609ff0,0.073303,0.068107,0.076282,0.247025,0.076282,0.187265,Stable,False,2026-08-27T18:24:04.422843+00:00
P00312,12.974627,2.032828,670,0.0,13.933333,3.830593,60,0.0,0.471612,1.884367,0.633592,0.0,SeasonalNaive7,0.143245,a2b41b65193c0274,0.06044,0.184648,-0.672676,0.288091,0.0,0.187259,Stable,False,2026-08-27T18:24:04.422843+00:00
P00638,21.197015,3.281054,670,0.0,22.75,6.16888,60,0.0,0.473319,1.880152,0.631353,0.0,HoltWinters7,0.131695,5a4c885832db705b,0.052801,0.171142,-0.691477,0.288001,0.0,0.187201,Stable,False,2026-08-27T18:24:04.422843+00:00
P01411,4.58209,0.758593,670,0.0,4.95,1.407305,60,0.0,0.484991,1.855152,0.617967,0.0,SES,0.131866,8e7b0917654f56da,0.077246,0.159176,-0.514711,0.287864,0.0,0.187112,Stable,False,2026-08-27T18:24:04.422843+00:00
P01974,165.408955,18.619868,670,0.0,154.883333,12.084577,60,0.0,0.56529,0.649015,0.432299,0.0,HoltWinters7,0.047979,c2ce43571d272854,0.049391,0.047273,0.044799,0.263529,0.044799,0.186974,Stable,False,2026-08-27T18:24:04.422843+00:00
P00990,117.031343,26.164717,670,0.0,134.816667,39.118027,60,0.0,0.679745,1.495068,0.402172,0.0,SES,0.212015,25e6a93c97df78fe,0.200751,0.217647,-0.07763,0.287473,0.0,0.186857,Stable,False,2026-08-27T18:24:04.422843+00:00
P01394,174.950746,35.240226,670,0.0,161.733333,23.429567,60,0.0,0.375066,0.664853,0.408189,0.0,HoltWinters7,0.067287,0d1ca8c29478aab2,0.073793,0.064034,0.152404,0.205191,0.152404,0.186715,Stable,False,2026-08-27T18:24:04.422843+00:00
P00849,227.732836,45.288433,670,0.0,205.833333,28.681871,60,0.0,0.483556,0.633316,0.456786,0.0,HoltWinters7,0.061161,4983b0010e60ea93,0.06412,0.059681,0.074391,0.247175,0.074391,0.1867,Stable,False,2026-08-27T18:24:04.422843+00:00
P00813,17.292537,2.774177,670,0.0,18.65,5.108401,60,0.0,0.489321,1.841411,0.610532,0.0,HoltWinters7,0.128191,33e13ef3aabddbf5,0.038457,0.173058,-0.777778,0.287196,0.0,0.186678,Stable,False,2026-08-27T18:24:04.422843+00:00
P00822,11.416418,1.767003,670,0.0,12.25,3.31215,60,0.0,0.471749,1.874445,0.628312,0.0,SeasonalNaive7,0.133373,9bc3d2484ca01d1a,0.062696,0.168712,-0.628385,0.286809,0.0,0.186426,Stable,False,2026-08-27T18:24:04.422843+00:00
P01847,20.620896,3.269579,670,0.0,22.133333,6.187649,60,0.0,0.462579,1.892491,0.637894,0.0,HoltWinters7,0.137194,a242d8128c538079,0.05539,0.178097,-0.68899,0.286683,0.0,0.186344,Stable,False,2026-08-27T18:24:04.422843+00:00
P01459,25.071642,3.925038,670,0.0,27.033333,7.128284,60,0.0,0.499789,1.816106,0.596695,0.0,HoltWinters7,0.135159,0daae6a2d1696e14,0.051043,0.177218,-0.711976,0.286616,0.0,0.1863,Stable,False,2026-08-27T18:24:04.422843+00:00
P01877,257.170149,50.701456,670,0.0,241.7,35.663351,60,0.0,0.305122,0.703399,0.351831,0.0,SeasonalNaive7,0.066131,93358aab8204863e,0.074875,0.061759,0.212387,0.171866,0.212387,0.186049,Stable,False,2026-08-27T18:24:04.422843+00:00
P01711,23.461194,3.666291,670,0.0,25.3,6.618669,60,0.0,0.501544,1.805276,0.590714,0.0,HoltWinters7,0.127561,d90f6bda40bb6cc1,0.038343,0.17217,-0.777294,0.285603,0.0,0.185642,Stable,False,2026-08-27T18:24:04.422843+00:00
P00041,30.144776,4.757648,670,0.0,32.516667,8.615106,60,0.0,0.498543,1.810791,0.593764,0.0,SES,0.138453,ca0ac53bac9dd65c,0.072886,0.171237,-0.574355,0.28554,0.0,0.185601,Stable,False,2026-08-27T18:24:04.422843+00:00
P01245,151.38806,25.903555,670,0.0,173.7,21.335337,60,0.0,0.861347,0.823645,0.194016,0.0,HoltWinters7,0.074047,dff6160a8adf4df4,0.07356,0.07429,-0.009825,0.285374,0.0,0.185493,Stable,False,2026-08-27T18:24:04.422843+00:00
P01858,38.78806,6.391079,670,0.0,41.883333,4.998616,60,0.0,0.484312,0.782124,0.245742,0.0,HoltWinters7,0.081851,dc3c39bc9d471b69,0.090557,0.077497,0.16852,0.194621,0.16852,0.185486,Stable,False,2026-08-27T18:24:04.422843+00:00
P00974,12.083582,1.875545,670,0.0,12.966667,3.493173,60,0.0,0.470842,1.862485,0.621912,0.0,SES,0.156217,6110ffadd99f307b,0.102672,0.18299,-0.438923,0.284959,0.0,0.185224,Stable,False,2026-08-27T18:24:04.422843+00:00
P01464,211.508955,36.338498,670,0.0,241.683333,28.983626,60,0.0,0.830369,0.797601,0.226147,0.0,HoltWinters7,0.078981,47f19a09bdef8705,0.074689,0.081127,-0.079359,0.284888,0.0,0.185177,Stable,False,2026-08-27T18:24:04.422843+00:00
P00902,12.31194,1.984169,670,0.0,13.233333,3.72061,60,0.0,0.464372,1.875147,0.628687,0.0,SES,0.153554,9e83129c5af86f83,0.081717,0.189473,-0.568715,0.284874,0.0,0.185168,Stable,False,2026-08-27T18:24:04.422843+00:00
P00120,192.492537,31.570678,670,0.0,213.85,25.658002,60,0.0,0.676497,0.812716,0.207373,0.0,HoltWinters7,0.069594,659b0ded9a7bb45e,0.073484,0.067649,0.086249,0.23788,0.086249,0.184809,Stable,False,2026-08-27T18:24:04.422843+00:00
P00887,330.201493,54.415302,670,0.0,373.316667,46.01639,60,0.0,0.792335,0.845652,0.167648,0.0,HoltWinters7,0.072702,6cb356038e6826cf,0.074848,0.071629,0.044946,0.259804,0.044946,0.184604,Stable,False,2026-08-27T18:24:04.422843+00:00
P01214,226.81791,40.012849,670,0.0,260.366667,32.352909,60,0.0,0.83845,0.808563,0.212497,0.0,HoltWinters7,0.070249,5ff03f6cd1fb90be,0.056928,0.076909,-0.2598,0.283698,0.0,0.184404,Stable,False,2026-08-27T18:24:04.422843+00:00
P01993,40.216418,6.666699,670,0.0,45.666667,5.267961,60,0.0,0.817533,0.79019,0.235481,0.0,HoltWinters7,0.071903,85e63bf1a7501205,0.066061,0.074824,-0.117113,0.283692,0.0,0.1844,Stable,False,2026-08-27T18:24:04.422843+00:00
P00186,369.101493,62.916951,670,0.0,423.766667,52.718751,60,0.0,0.868847,0.83791,0.176844,0.0,HoltWinters7,0.078114,ed882bdf6494ea23,0.076437,0.078953,-0.031871,0.283144,0.0,0.184044,Stable,False,2026-08-27T18:24:04.422843+00:00
P01784,295.595522,50.361405,670,0.0,336.8,39.915929,60,0.0,0.818176,0.79259,0.23245,0.0,HoltWinters7,0.075638,cd400f4d7dd29557,0.066868,0.080023,-0.164392,0.283111,0.0,0.184022,Stable,False,2026-08-27T18:24:04.422843+00:00
P01638,7.48209,1.197459,670,0.0,8.083333,2.133603,60,0.0,0.5021,1.781774,0.57761,0.0,HoltWinters7,0.142673,bfe5cec3a3673898,0.047838,0.190091,-0.748344,0.28248,0.0,0.183612,Stable,False,2026-08-27T18:24:04.422843+00:00
P00177,198.883582,21.587411,670,0.0,190.466667,15.909135,60,0.0,0.389899,0.736964,0.305217,0.0,HoltWinters7,0.049471,2af20f21f9292413,0.055181,0.046615,0.183752,0.183527,0.183752,0.183605,Stable,False,2026-08-27T18:24:04.422843+00:00
P00673,22.149254,3.420477,670,0.0,23.733333,6.356277,60,0.0,0.463117,1.858301,0.619663,0.0,SES,0.15295,d58803a70a90361c,0.093902,0.182474,-0.485397,0.282273,0.0,0.183477,Stable,False,2026-08-27T18:24:04.422843+00:00
P01768,20.780597,4.180306,670,0.0,18.866667,2.807174,60,0.0,0.457845,0.671524,0.398206,0.0,HoltWinters7,0.057359,20cbef933f31aed6,0.061242,0.055418,0.105095,0.225459,0.105095,0.183332,Stable,False,2026-08-27T18:24:04.422843+00:00
P01897,267.631343,30.791258,670,0.0,254.333333,22.606184,60,0.0,0.431876,0.734175,0.309007,0.0,HoltWinters7,0.044834,ca707430172d4c6f,0.049334,0.042584,0.158525,0.196018,0.158525,0.182895,Stable,False,2026-08-27T18:24:04.422843+00:00
P01826,227.861194,37.43906,670,0.0,260.666667,31.962725,60,0.0,0.876237,0.853727,0.158144,0.0,HoltWinters7,0.075295,1468b4b289749ce3,0.059008,0.083438,-0.292794,0.280501,0.0,0.182326,Stable,False,2026-08-27T18:24:04.422843+00:00
P00939,7.635821,1.181029,670,0.0,8.133333,2.280846,60,0.0,0.421254,1.931237,0.658161,0.0,Naive,0.142971,9c3a3dbc17f9313c,0.056604,0.186154,-0.695931,0.280385,0.0,0.18225,Stable,False,2026-08-27T18:24:04.422843+00:00
P01658,2.2,0.57241,670,0.0,1.933333,0.311729,60,0.0,0.465867,0.544591,0.60772,0.0,SeasonalNaive28,0.059146,da758e0b9496996b,0.033898,0.07177,-0.527684,0.280043,0.0,0.182028,Stable,False,2026-08-27T18:24:04.422843+00:00
P01130,25.458209,6.333333,670,0.0,22.85,5.01464,60,0.0,0.411822,0.791785,0.233465,0.0,RollingMean28,0.182714,674f6836654e17dc,0.205654,0.171245,0.200937,0.171617,0.200937,0.181879,Stable,False,2026-08-27T18:24:04.422843+00:00
P00668,24.149254,3.689981,670,0.0,25.966667,6.566393,60,0.0,0.492526,1.77952,0.576343,0.0,HoltWinters7,0.141814,df1868405dcd7c0e,0.08006,0.172692,-0.536402,0.279531,0.0,0.181695,Stable,False,2026-08-27T18:24:04.422843+00:00
P00582,139.080597,32.315005,670,0.0,161.95,44.835074,60,0.0,0.707702,1.387438,0.327459,0.0,SES,0.207362,6703abfc569ed4e0,0.207969,0.207058,0.004397,0.276483,0.004397,0.181253,Stable,False,2026-08-27T18:24:04.422843+00:00
P01822,16.837313,2.6077,670,0.0,18.116667,4.632573,60,0.0,0.490606,1.776498,0.574644,0.0,HoltWinters7,0.133677,e124b3bf0335a8c9,0.04891,0.176061,-0.7222,0.278578,0.0,0.181075,Stable,False,2026-08-27T18:24:04.422843+00:00
P00462,126.370149,24.326633,670,0.0,118.466667,17.379578,60,0.0,0.32489,0.714426,0.336276,0.0,HoltWinters7,0.062872,35b4cbbedcbd698e,0.070554,0.05903,0.19522,0.173414,0.19522,0.181046,Stable,False,2026-08-27T18:24:04.422843+00:00
P01489,29.958209,6.634695,670,0.0,28.183333,4.159904,60,0.0,0.267514,0.626993,0.466821,0.0,HoltWinters7,0.072221,ced751a678367e4a,0.079701,0.068481,0.163837,0.190272,0.163837,0.18102,Stable,False,2026-08-27T18:24:04.422843+00:00
P00347,142.574627,16.168848,670,0.0,134.9,8.951281,60,0.0,0.474655,0.553613,0.59129,0.0,HoltWinters7,0.051676,7c8738e2d384be01,0.035476,0.059775,-0.406512,0.278353,0.0,0.180929,Stable,False,2026-08-27T18:24:04.422843+00:00
P01284,7.283582,1.150888,670,0.0,7.816667,2.103199,60,0.0,0.463194,1.827458,0.602926,0.0,HoltWinters7,0.131544,0dcab63e6dffe8db,0.027728,0.183453,-0.848856,0.27811,0.0,0.180771,Stable,False,2026-08-27T18:24:04.422843+00:00
P00551,95.643284,10.82527,670,0.0,90.133333,6.539234,60,0.0,0.50899,0.604071,0.504063,0.0,HoltWinters7,0.044902,202d635e19db5db7,0.045566,0.044569,0.022358,0.265988,0.022358,0.180718,Stable,False,2026-08-27T18:24:04.422843+00:00
P01313,186.976119,21.508702,670,0.0,176.7,11.966479,60,0.0,0.477766,0.556355,0.586348,0.0,HoltWinters7,0.043439,22d0ebfa0ca76f12,0.041933,0.044192,-0.051107,0.277973,0.0,0.180682,Stable,False,2026-08-27T18:24:04.422843+00:00
P00238,21.697015,3.303188,670,0.0,23.216667,6.045286,60,0.0,0.460056,1.830137,0.604391,0.0,SES,0.137996,57d7f0c5a49521a2,0.075477,0.169256,-0.554064,0.277613,0.0,0.180448,Stable,False,2026-08-27T18:24:04.422843+00:00
P00802,5.664179,0.909541,670,0.0,6.033333,1.765648,60,0.0,0.405869,1.941252,0.663333,0.0,SES,0.144611,76b86969380ab394,0.057629,0.188102,-0.693627,0.277447,0.0,0.180341,Stable,False,2026-08-27T18:24:04.422843+00:00
P00497,239.259701,39.296177,670,0.0,273.816667,34.079415,60,0.0,0.879398,0.867245,0.142434,0.0,HoltWinters7,0.081507,c12eecc2e08f3f20,0.077251,0.083635,-0.07633,0.277443,0.0,0.180338,Stable,False,2026-08-27T18:24:04.422843+00:00
P00104,78.291045,13.163468,670,0.0,88.566667,10.250038,60,0.0,0.780617,0.778673,0.250164,0.0,HoltWinters7,0.07705,d77e115f45c5a54a,0.077067,0.077041,0.000332,0.277211,0.000332,0.180303,Stable,False,2026-08-27T18:24:04.422843+00:00
P01831,114.98806,27.542545,670,0.0,136.85,34.885685,60,0.0,0.793752,1.266611,0.236345,0.0,SES,0.184954,d82c445207484f4d,0.127162,0.21385,-0.405369,0.277368,0.0,0.180289,Stable,False,2026-08-27T18:24:04.422843+00:00
P01612,573.01791,96.087978,670,0.0,644.333333,71.748068,60,0.0,0.742189,0.746691,0.292103,0.0,HoltWinters7,0.067967,a3c5b366ca604ede,0.062846,0.070527,-0.108904,0.277128,0.0,0.180133,Stable,False,2026-08-27T18:24:04.422843+00:00
P00610,271.701493,29.651143,670,0.0,258.283333,24.587507,60,0.0,0.452534,0.829226,0.187262,0.0,SeasonalNaive7,0.053009,e94ea1b63cd3ea50,0.059524,0.049751,0.196435,0.171262,0.196435,0.180073,Stable,False,2026-08-27T18:24:04.422843+00:00
P01946,289.862687,59.411581,670,0.0,268.033333,38.926252,60,0.0,0.367426,0.655196,0.42282,0.0,HoltWinters7,0.068516,55692ca6427f215f,0.074229,0.065659,0.130516,0.206747,0.130516,0.180066,Stable,False,2026-08-27T18:24:04.422843+00:00
P01265,4.426866,0.725282,670,0.0,4.783333,1.276803,60,0.0,0.491489,1.760424,0.565555,0.0,SES,0.125967,d79d1f31609b719a,0.062318,0.157791,-0.605058,0.276548,0.0,0.179756,Stable,False,2026-08-27T18:24:04.422843+00:00
P01173,318.423881,53.800907,670,0.0,365.8,46.933707,60,0.0,0.880582,0.872359,0.136554,0.0,HoltWinters7,0.079857,491d414e28b2a71c,0.071576,0.083997,-0.147879,0.276299,0.0,0.179594,Stable,False,2026-08-27T18:24:04.422843+00:00
P01910,19.637313,3.067469,670,0.0,21.083333,5.496661,60,0.0,0.471405,1.79192,0.583288,0.0,HoltWinters7,0.125132,bed9f3b40ad59274,0.042226,0.166585,-0.746522,0.275458,0.0,0.179048,Stable,False,2026-08-27T18:24:04.422843+00:00
P01216,7.491045,1.162086,670,0.0,8.033333,2.090873,60,0.0,0.466651,1.799242,0.587366,0.0,SeasonalNaive7,0.135352,6d04680241f54b06,0.056604,0.174725,-0.676042,0.27517,0.0,0.178861,Stable,False,2026-08-27T18:24:04.422843+00:00
P00061,25.034328,6.412829,670,0.0,24.1,5.200065,60,0.0,0.145697,0.810885,0.209629,0.0,SES,0.183358,46d364798f1eb969,0.220609,0.164732,0.339202,0.092474,0.339202,0.178829,Stable,False,2026-08-27T18:24:04.422843+00:00
P00756,357.867164,37.750562,670,0.0,344.933333,27.01341,60,0.0,0.342613,0.715576,0.334667,0.0,HoltWinters7,0.042609,ae18fa2c154db0e2,0.047433,0.040198,0.179979,0.177885,0.179979,0.178618,Stable,False,2026-08-27T18:24:04.422843+00:00
P00577,5.452239,0.886682,670,0.0,5.833333,1.658738,60,0.0,0.429798,1.870724,0.626326,0.0,HoltWinters7,0.153639,d49978ee6145b92c,0.09671,0.182104,-0.468931,0.274776,0.0,0.178604,Stable,False,2026-08-27T18:24:04.422843+00:00
P01363,150.564179,24.755025,670,0.0,169.133333,18.823414,60,0.0,0.750117,0.760388,0.273927,0.0,HoltWinters7,0.071428,b47ef8db6e92cdbf,0.065318,0.074483,-0.123049,0.274764,0.0,0.178596,Stable,False,2026-08-27T18:24:04.422843+00:00
P01012,60.552239,14.611034,670,0.0,71.716667,18.920074,60,0.0,0.764109,1.294917,0.258446,0.0,SES,0.18336,5380330b6bf6e1ba,0.153736,0.198171,-0.224226,0.274742,0.0,0.178582,Stable,False,2026-08-27T18:24:04.422843+00:00
P00641,7.792537,1.252897,670,0.0,8.366667,2.269672,60,0.0,0.458242,1.81154,0.594177,0.0,SeasonalNaive7,0.147604,600647da044f2c9f,0.081818,0.180496,-0.546705,0.274561,0.0,0.178465,Stable,False,2026-08-27T18:24:04.422843+00:00
P01132,116.410448,13.005813,670,0.0,108.883333,8.207255,60,0.0,0.57875,0.631045,0.460378,0.0,HoltWinters7,0.054046,d09880e5415cd51d,0.051932,0.055102,-0.057539,0.274251,0.0,0.178263,Stable,False,2026-08-27T18:24:04.422843+00:00
P01287,2.738806,0.545797,670,0.0,3.05,0.871877,60,0.0,0.570165,1.597439,0.468402,0.0,SeasonalNaive7,0.192052,8de64e71b70e09ce,0.102564,0.236797,-0.566868,0.273896,0.0,0.178032,Stable,False,2026-08-27T18:24:04.422843+00:00
P00637,266.779104,31.141879,670,0.0,251.116667,18.125824,60,0.0,0.502938,0.58204,0.541216,0.0,HoltWinters7,0.046823,a0c2148b74964928,0.039085,0.050691,-0.228961,0.273612,0.0,0.177848,Stable,False,2026-08-27T18:24:04.422843+00:00
P01179,482.159701,82.410362,670,0.0,553.783333,71.775566,60,0.0,0.86911,0.870953,0.138167,0.0,HoltWinters7,0.077645,c462237d57bb5e2d,0.070317,0.081309,-0.135186,0.273547,0.0,0.177805,Stable,False,2026-08-27T18:24:04.422843+00:00
P01438,185.28806,32.391279,670,0.0,211.7,27.021837,60,0.0,0.815403,0.834232,0.181244,0.0,HoltWinters7,0.066709,39d6631bdb216896,0.067032,0.066548,0.007273,0.269547,0.007273,0.177751,Stable,False,2026-08-27T18:24:04.422843+00:00
P01935,92.898507,15.523024,670,0.0,105.25,12.500339,60,0.0,0.795689,0.805277,0.216569,0.0,HoltWinters7,0.069251,52fa23c31c2e959b,0.061892,0.072931,-0.151371,0.272956,0.0,0.177422,Stable,False,2026-08-27T18:24:04.422843+00:00
P00683,6.959701,1.120479,670,0.0,7.483333,1.995687,60,0.0,0.467328,1.781102,0.577232,0.0,SeasonalNaive7,0.157429,8c080bf23194da6e,0.10101,0.185638,-0.455876,0.272823,0.0,0.177335,Stable,False,2026-08-27T18:24:04.422843+00:00
P00211,122.974627,20.199401,670,0.0,138.266667,15.6095,60,0.0,0.757054,0.77277,0.257773,0.0,HoltWinters7,0.064015,b575943ed759a325,0.055297,0.068374,-0.191254,0.272633,0.0,0.177212,Stable,False,2026-08-27T18:24:04.422843+00:00
P00148,295.423881,34.433177,670,0.0,277.35,20.665065,60,0.0,0.524897,0.60015,0.510576,0.0,HoltWinters7,0.041712,2f617718f957e427,0.039437,0.04285,-0.079652,0.271991,0.0,0.176794,Stable,False,2026-08-27T18:24:04.422843+00:00
P00753,182.940299,31.718012,670,0.0,207.233333,24.816866,60,0.0,0.765907,0.782422,0.245361,0.0,HoltWinters7,0.068845,d21a8101240c2f00,0.061234,0.072651,-0.157156,0.271965,0.0,0.176777,Stable,False,2026-08-27T18:24:04.422843+00:00
P00036,73.025373,17.334508,670,0.0,84.483333,18.031509,60,0.0,0.660991,1.040209,0.039422,0.0,Naive,0.169578,4e41e4d58260d142,0.185619,0.161558,0.148932,0.191628,0.148932,0.176684,Stable,False,2026-08-27T18:24:04.422843+00:00
P01430,47.758209,11.074745,670,0.0,55.75,14.852524,60,0.0,0.721623,1.341117,0.293503,0.0,SES,0.203798,da7dd33a460c3e25,0.178026,0.216684,-0.17841,0.271822,0.0,0.176684,Stable,False,2026-08-27T18:24:04.422843+00:00
P00143,112.129851,18.673327,670,0.0,124.883333,13.365896,60,0.0,0.682979,0.715775,0.33439,0.0,HoltWinters7,0.070668,478957973ac091f7,0.05144,0.080282,-0.359263,0.271417,0.0,0.176421,Stable,False,2026-08-27T18:24:04.422843+00:00
P00062,2.352239,0.607467,670,0.0,2.083333,0.334039,60,0.0,0.442667,0.549888,0.59804,0.0,SeasonalNaive7,0.0495,cd66bf478b9926bc,0.047619,0.05044,-0.055925,0.271244,0.0,0.176308,Stable,False,2026-08-27T18:24:04.422843+00:00
P00440,7.019403,1.15906,670,0.0,7.566667,2.036669,60,0.0,0.472162,1.757174,0.563707,0.0,SES,0.133074,309e95b59389f3bc,0.08083,0.159196,-0.492263,0.270771,0.0,0.176001,Stable,False,2026-08-27T18:24:04.422843+00:00
P00904,324.519403,54.465898,670,0.0,367.783333,44.215609,60,0.0,0.794331,0.811804,0.208497,0.0,HoltWinters7,0.068231,1262d45f86ed8ddb,0.066981,0.068855,-0.027219,0.270565,0.0,0.175867,Stable,False,2026-08-27T18:24:04.422843+00:00
P01667,8.644776,1.330035,670,0.0,9.25,2.376616,60,0.0,0.455044,1.786882,0.580472,0.0,HoltWinters7,0.136062,e3ec90eabea05758,0.054423,0.176882,-0.692322,0.270255,0.0,0.175666,Stable,False,2026-08-27T18:24:04.422843+00:00
P01360,222.344776,38.541639,670,0.0,250.316667,33.290958,60,0.0,0.725758,0.863766,0.146453,0.0,HoltWinters7,0.076145,47015b17bbb3c7bc,0.079259,0.074589,0.062616,0.236197,0.062616,0.175443,Stable,False,2026-08-27T18:24:04.422843+00:00
P01690,335.604478,36.250997,670,0.0,323.183333,28.398789,60,0.0,0.342643,0.783393,0.24412,0.0,HoltWinters7,0.044326,bdae6da98d57dc20,0.050199,0.041389,0.212852,0.155257,0.212852,0.175415,Stable,False,2026-08-27T18:24:04.422843+00:00
P01760,203.285075,40.494118,670,0.0,188.333333,29.082388,60,0.0,0.369232,0.718188,0.331024,0.0,HoltWinters7,0.076657,e0245c992a891295,0.08437,0.0728,0.158923,0.184295,0.158923,0.175415,Stable,False,2026-08-27T18:24:04.422843+00:00
P00712,65.855224,7.495984,670,0.0,62.3,4.291497,60,0.0,0.474284,0.572506,0.557732,0.0,HoltWinters7,0.051273,deeb4a12abaf4fba,0.04727,0.053274,-0.112691,0.269861,0.0,0.17541,Stable,False,2026-08-27T18:24:04.422843+00:00
P01937,30.4,6.941438,670,0.0,27.733333,3.830593,60,0.0,0.384166,0.551844,0.594489,0.0,HoltWinters7,0.072051,df7fffbd3fb989f1,0.073382,0.071386,0.027954,0.254268,0.027954,0.175058,Stable,False,2026-08-27T18:24:04.422843+00:00
P00232,112.135821,22.407246,670,0.0,103.433333,14.068075,60,0.0,0.388378,0.627836,0.465476,0.0,HoltWinters7,0.066323,3e0c307e3a3fd648,0.069989,0.064491,0.085248,0.223173,0.085248,0.174899,Stable,False,2026-08-27T18:24:04.422843+00:00
P01641,245.998507,48.888803,670,0.0,229.6,35.361666,60,0.0,0.335425,0.723308,0.32392,0.0,HoltWinters7,0.066432,748236a969c51f1d,0.073851,0.062722,0.177424,0.173222,0.177424,0.174692,Stable,False,2026-08-27T18:24:04.422843+00:00
P01787,31.762687,3.613888,670,0.0,30.233333,2.410195,60,0.0,0.423188,0.666926,0.405077,0.0,HoltWinters7,0.042668,81df4a4832350d8d,0.045275,0.041365,0.094515,0.217646,0.094515,0.17455,Stable,False,2026-08-27T18:24:04.422843+00:00
P01187,588.928358,101.310815,670,0.0,664.716667,78.855605,60,0.0,0.748077,0.778353,0.250575,0.0,HoltWinters7,0.067811,c1b960c722af57bc,0.06346,0.069986,-0.093243,0.268365,0.0,0.174437,Stable,False,2026-08-27T18:24:04.422843+00:00
P01316,223.635821,25.635864,670,0.0,211.733333,17.957451,60,0.0,0.46429,0.700482,0.355987,0.0,HoltWinters7,0.044706,447abedbf2a4859f,0.047451,0.043333,0.095015,0.216677,0.095015,0.174095,Stable,False,2026-08-27T18:24:04.422843+00:00
P01680,277.028358,46.846128,670,0.0,313.516667,37.818698,60,0.0,0.778897,0.807296,0.214065,0.0,HoltWinters7,0.071598,75a690f37858eb1e,0.065311,0.074742,-0.126185,0.267713,0.0,0.174013,Stable,False,2026-08-27T18:24:04.422843+00:00
P01966,86.971642,14.615575,670,0.0,98.65,12.613989,60,0.0,0.799035,0.863051,0.147281,0.0,HoltWinters7,0.080529,e0a254389ccb8256,0.081603,0.079991,0.020149,0.256555,0.020149,0.173813,Stable,False,2026-08-27T18:24:04.422843+00:00
P01148,144.304478,189.205498,670,0.626866,129.45,187.287726,60,0.666667,0.07851,0.989864,0.010188,0.039801,SeasonalNaive7,1.133446,914f9b626f379f39,1.412668,0.993835,0.421432,0.040057,0.421432,0.173538,Stable,False,2026-08-27T18:24:04.422843+00:00
P01928,150.707463,17.815474,670,0.0,140.833333,11.740364,60,0.0,0.554245,0.658998,0.417035,0.0,HoltWinters7,0.057592,a689dacdb3bf3e09,0.05832,0.057228,0.019077,0.256676,0.019077,0.173516,Stable,False,2026-08-27T18:24:04.422843+00:00
P00426,241.943284,27.149914,670,0.0,229.366667,19.023595,60,0.0,0.463229,0.700687,0.355694,0.0,HoltWinters7,0.049851,52017c6bf5a6e8bd,0.05287,0.048342,0.093678,0.216311,0.093678,0.17339,Stable,False,2026-08-27T18:24:04.422843+00:00
P01032,295.297015,58.646134,670,0.0,277.666667,41.557257,60,0.0,0.300623,0.70861,0.344449,0.0,HoltWinters7,0.062195,112944fbf41e934d,0.069294,0.058646,0.181572,0.168784,0.181572,0.17326,Stable,False,2026-08-27T18:24:04.422843+00:00
P00721,123.889552,27.332362,670,0.0,143.4,36.187928,60,0.0,0.713822,1.323996,0.280654,0.0,SES,0.179894,a770744e51ae491c,0.170765,0.184458,-0.074236,0.266465,0.0,0.173202,Stable,False,2026-08-27T18:24:04.422843+00:00
P00913,34.807463,3.913902,670,0.0,32.75,2.404974,60,0.0,0.525681,0.61447,0.486996,0.0,HoltWinters7,0.044334,b762aa2282747b0f,0.042686,0.045159,-0.054755,0.266311,0.0,0.173102,Stable,False,2026-08-27T18:24:04.422843+00:00
P01304,99.516418,19.659482,670,0.0,90.95,12.657717,60,0.0,0.43574,0.643848,0.440293,0.0,HoltWinters7,0.070146,73131174b0ab88b0,0.073237,0.0686,0.067594,0.229902,0.067594,0.173094,Stable,False,2026-08-27T18:24:04.422843+00:00
P00969,163.046269,26.292922,670,0.0,182.483333,22.786029,60,0.0,0.739251,0.866622,0.143152,0.0,HoltWinters7,0.08139,5699e861c3991d3a,0.083989,0.08009,0.048678,0.239082,0.048678,0.172441,Stable,False,2026-08-27T18:24:04.422843+00:00
P01165,3.735821,0.660932,670,0.0,4.033333,1.16396,60,0.0,0.450141,1.761088,0.565932,0.0,SeasonalNaive7,0.159674,82213bd3a31e78f1,0.084906,0.197059,-0.569135,0.265272,0.0,0.172427,Stable,False,2026-08-27T18:24:04.422843+00:00
P00816,160.426866,18.133944,670,0.0,150.75,11.28915,60,0.0,0.533633,0.622542,0.473943,0.0,HoltWinters7,0.04715,76b5a9933d0f05cb,0.047097,0.047176,-0.001676,0.265235,0.0,0.172403,Stable,False,2026-08-27T18:24:04.422843+00:00
P01381,5.277612,0.857887,670,0.0,5.666667,1.503292,60,0.0,0.453503,1.752319,0.56094,0.0,Naive,0.134414,669af6a60b250530,0.033557,0.184843,-0.818456,0.264948,0.0,0.172216,Stable,False,2026-08-27T18:24:04.422843+00:00
P00670,6.722388,1.050563,670,0.0,6.5,0.770208,60,0.0,0.211685,0.733138,0.310421,0.0,Naive,0.08665,76184af0d2a0ca0f,0.099476,0.080236,0.239793,0.135819,0.239793,0.17221,Stable,False,2026-08-27T18:24:04.422843+00:00
P00804,66.101493,7.518696,670,0.0,62.65,4.325036,60,0.0,0.459055,0.575237,0.552972,0.0,HoltWinters7,0.046439,5116b8842d01c63d,0.039721,0.049798,-0.202353,0.264483,0.0,0.171914,Stable,False,2026-08-27T18:24:04.422843+00:00
P00659,352.698507,59.154722,670,0.0,400.4,49.884341,60,0.0,0.806385,0.843286,0.170449,0.0,HoltWinters7,0.072417,eafa4b07f334d552,0.068128,0.074561,-0.086278,0.264368,0.0,0.171839,Stable,False,2026-08-27T18:24:04.422843+00:00
P00034,233.138806,56.125901,670,0.0,272.516667,74.668418,60,0.0,0.701599,1.330374,0.28546,0.0,SES,0.163984,2c1075c5f116eb19,0.113137,0.189407,-0.40268,0.264305,0.0,0.171798,Stable,False,2026-08-27T18:24:04.422843+00:00
P00205,41.155224,4.626863,670,0.0,38.433333,3.071833,60,0.0,0.58828,0.663913,0.409605,0.0,HoltWinters7,0.045288,19498f7a5e53afe2,0.045095,0.045384,-0.006372,0.264178,0.0,0.171716,Stable,False,2026-08-27T18:24:04.422843+00:00
P00325,270.498507,63.843576,670,0.0,322.566667,74.829833,60,0.0,0.815558,1.172081,0.158781,0.0,Naive,0.18074,6854d463f9f414d6,0.158111,0.192055,-0.176743,0.263974,0.0,0.171583,Stable,False,2026-08-27T18:24:04.422843+00:00
P00778,292.204478,31.401517,670,0.0,280.316667,19.619682,60,0.0,0.378574,0.6248,0.470323,0.0,HoltWinters7,0.049754,2cde6340ba070c91,0.052283,0.04849,0.078222,0.221689,0.078222,0.171475,Stable,False,2026-08-27T18:24:04.422843+00:00
P00256,114.865672,13.36908,670,0.0,108.95,9.82978,60,0.0,0.442489,0.735262,0.307528,0.0,HoltWinters7,0.052725,103f375d9b83294a,0.056817,0.050679,0.121108,0.198566,0.121108,0.171456,Stable,False,2026-08-27T18:24:04.422843+00:00
P00526,229.450746,25.954424,670,0.0,213.616667,18.665741,60,0.0,0.610072,0.719174,0.329652,0.0,HoltWinters7,0.048308,6410d19a362ec13f,0.049115,0.047905,0.025246,0.250183,0.025246,0.171455,Stable,False,2026-08-27T18:24:04.422843+00:00
P01733,37.729851,4.398346,670,0.0,35.333333,2.790217,60,0.0,0.544868,0.634379,0.455109,0.0,HoltWinters7,0.044987,39a885f4fd6b8804,0.042379,0.046291,-0.084507,0.263616,0.0,0.17135,Stable,False,2026-08-27T18:24:04.422843+00:00
P02000,14.432836,3.65649,670,0.0,13.283333,3.075831,60,0.0,0.314373,0.841198,0.172929,0.0,SES,0.176394,7c218dfe4b20308c,0.203385,0.162899,0.248531,0.129685,0.248531,0.171281,Stable,False,2026-08-27T18:24:04.422843+00:00
P00912,17.598507,4.025145,670,0.0,15.8,2.29812,60,0.0,0.446818,0.570941,0.560469,0.0,SeasonalNaive7,0.088466,303e435d53063da8,0.080338,0.09253,-0.131761,0.262992,0.0,0.170945,Stable,False,2026-08-27T18:24:04.422843+00:00
P00302,244.510448,41.253408,670,0.0,274.1,33.326683,60,0.0,0.717263,0.807853,0.213375,0.0,HoltWinters7,0.079747,4c05fc84ec357752,0.080838,0.079201,0.020664,0.250591,0.020664,0.170117,Stable,False,2026-08-27T18:24:04.422843+00:00
P01587,151.337313,26.124222,670,0.0,171.066667,21.100941,60,0.0,0.755213,0.807716,0.213545,0.0,HoltWinters7,0.072318,6d3adbd0e2667649,0.059095,0.078929,-0.251295,0.26107,0.0,0.169695,Stable,False,2026-08-27T18:24:04.422843+00:00
P00657,28.235821,6.733751,670,0.0,26.55,6.552073,60,0.0,0.250354,0.97302,0.027351,0.0,SES,0.190429,edc2571a01919063,0.229629,0.170829,0.344202,0.075685,0.344202,0.169666,Stable,False,2026-08-27T18:24:04.422843+00:00
P00626,14.871642,3.418704,670,0.0,14.033333,2.049941,60,0.0,0.245212,0.599625,0.51145,0.0,HoltWinters7,0.088811,456c189ea8a4dc37,0.095748,0.085342,0.121936,0.195296,0.121936,0.16962,Stable,False,2026-08-27T18:24:04.422843+00:00
P01104,241.847761,53.344475,670,0.0,279.883333,69.13487,60,0.0,0.713018,1.296008,0.259289,0.0,SES,0.202058,5175f8f7e09b81bf,0.159073,0.223551,-0.288427,0.260902,0.0,0.169586,Stable,False,2026-08-27T18:24:04.422843+00:00
P01730,186.726866,31.235424,670,0.0,208.35,24.277928,60,0.0,0.692263,0.777256,0.251985,0.0,HoltWinters7,0.077439,0224a7446f9804ce,0.078136,0.07709,0.013563,0.253369,0.013563,0.169437,Stable,False,2026-08-27T18:24:04.422843+00:00
P00123,17.701493,3.982454,670,0.0,16.216667,2.116054,60,0.0,0.372842,0.531344,0.632345,0.0,HoltWinters7,0.079733,af0e0213ea495b42,0.065114,0.087043,-0.251936,0.260618,0.0,0.169402,Stable,False,2026-08-27T18:24:04.422843+00:00
P00150,26.740299,6.295039,670,0.0,24.283333,3.410312,60,0.0,0.390302,0.541746,0.612958,0.0,HoltWinters7,0.077423,87d137aacdf62704,0.054681,0.088795,-0.384192,0.260573,0.0,0.169372,Stable,False,2026-08-27T18:24:04.422843+00:00
P00484,73.58806,12.303602,670,0.0,82.0,9.207587,60,0.0,0.683697,0.748365,0.289864,0.0,HoltWinters7,0.082551,96b2fcf5143f4f49,0.067935,0.089859,-0.243979,0.260483,0.0,0.169314,Stable,False,2026-08-27T18:24:04.422843+00:00
P00502,217.473134,36.418244,670,0.0,242.016667,29.115487,60,0.0,0.673935,0.799475,0.2238,0.0,HoltWinters7,0.072797,0fd7b96caa7ae079,0.074474,0.071958,0.034958,0.241282,0.034958,0.169069,Stable,False,2026-08-27T18:24:04.422843+00:00
P01051,50.926866,11.405124,670,0.0,55.933333,11.625318,60,0.0,0.438967,1.019307,0.019123,0.0,SES,0.158342,ad93bb6aa0080df3,0.182676,0.146176,0.249706,0.125496,0.249706,0.16897,Stable,False,2026-08-27T18:24:04.422843+00:00
P00651,22.440299,3.516587,670,0.0,23.866667,6.365869,60,0.0,0.405611,1.810241,0.59346,0.0,HoltWinters7,0.135969,008a13f8c09abaac,0.056479,0.175714,-0.678574,0.259908,0.0,0.16894,Stable,False,2026-08-27T18:24:04.422843+00:00
P00482,283.977612,48.284915,670,0.0,325.533333,44.008653,60,0.0,0.860636,0.911437,0.092733,0.0,HoltWinters7,0.075739,3d26bb54ede29077,0.068785,0.079216,-0.13168,0.259858,0.0,0.168908,Stable,False,2026-08-27T18:24:04.422843+00:00
P01094,195.88806,32.157093,670,0.0,213.133333,28.187307,60,0.0,0.536282,0.87655,0.131761,0.0,HoltWinters7,0.067794,3ad8df8df3692107,0.074142,0.06462,0.147346,0.180418,0.147346,0.168843,Stable,False,2026-08-27T18:24:04.422843+00:00
P00124,21.010448,5.180296,670,0.0,22.733333,10.154513,60,0.0,0.332584,1.960219,0.673056,0.0,SES,0.265855,4e7c4e6f805243d8,0.239621,0.278972,-0.14106,0.259725,0.0,0.168821,Stable,False,2026-08-27T18:24:04.422843+00:00
P00554,335.802985,55.980938,670,0.0,380.533333,47.776835,60,0.0,0.799028,0.853448,0.15847,0.0,HoltWinters7,0.077464,5adc555e548c8506,0.062502,0.084945,-0.264201,0.25935,0.0,0.168578,Stable,False,2026-08-27T18:24:04.422843+00:00
P01552,107.067164,12.234015,670,0.0,100.366667,8.711898,60,0.0,0.547694,0.712105,0.33953,0.0,HoltWinters7,0.050825,9c0ab12e5b2bc252,0.05227,0.050102,0.043288,0.235498,0.043288,0.168225,Stable,False,2026-08-27T18:24:04.422843+00:00
P01570,112.580597,22.625275,670,0.0,101.316667,15.61235,60,0.0,0.497847,0.69004,0.371005,0.0,HoltWinters7,0.066375,472ab46fb6477393,0.068705,0.06521,0.053591,0.229659,0.053591,0.168035,Stable,False,2026-08-27T18:24:04.422843+00:00
P01138,254.319403,29.712213,670,0.0,239.983333,17.963703,60,0.0,0.482498,0.60459,0.503205,0.0,HoltWinters7,0.043859,dc7a40787c347a33,0.036856,0.047361,-0.221809,0.258488,0.0,0.168017,Stable,False,2026-08-27T18:24:04.422843+00:00
P01540,36.91194,7.344991,670,0.0,34.183333,4.663205,60,0.0,0.371492,0.634882,0.454316,0.0,HoltWinters7,0.074836,6b08fd11f5116cf8,0.078649,0.07293,0.078429,0.215739,0.078429,0.167681,Stable,False,2026-08-27T18:24:04.422843+00:00
P01851,4.604478,0.747878,670,0.0,4.533333,0.535729,60,0.0,0.095128,0.716332,0.333612,0.0,Naive,0.083701,7fddb973051493a5,0.097744,0.076679,0.274727,0.109563,0.274727,0.167371,Stable,False,2026-08-27T18:24:04.422843+00:00
P01973,9.686567,2.218343,670,0.0,8.866667,1.294927,60,0.0,0.3696,0.583736,0.538306,0.0,HoltWinters7,0.094202,17f75db0d6c29fef,0.096635,0.092986,0.039249,0.236217,0.039249,0.167278,Stable,False,2026-08-27T18:24:04.422843+00:00
P00396,27.276119,6.197294,670,0.0,32.583333,6.758025,60,0.0,0.856376,1.09048,0.086618,0.0,SES,0.199542,ae3fd96a680073d3,0.145877,0.226375,-0.355593,0.257158,0.0,0.167153,Stable,False,2026-08-27T18:24:04.422843+00:00
P01885,13.310448,3.537843,670,0.0,14.283333,5.220857,60,0.0,0.274994,1.475717,0.389144,0.0,SES,0.260882,21390fd4eb7395bf,0.286701,0.247972,0.156182,0.172909,0.156182,0.167055,Stable,False,2026-08-27T18:24:04.422843+00:00
P01039,25.959701,3.969599,670,0.0,27.733333,6.786993,60,0.0,0.446804,1.709743,0.536343,0.0,HoltWinters7,0.132774,af1b14fbab4d41ba,0.058278,0.170022,-0.657236,0.256957,0.0,0.167022,Stable,False,2026-08-27T18:24:04.422843+00:00
P01207,599.447761,103.234677,670,0.0,682.383333,89.461874,60,0.0,0.803369,0.866587,0.143192,0.0,HoltWinters7,0.075755,f7ecd41fc82ea3cd,0.074583,0.07634,-0.023019,0.256725,0.0,0.166871,Stable,False,2026-08-27T18:24:04.422843+00:00
P01514,4.476119,0.748809,670,0.0,4.8,1.299283,60,0.0,0.432528,1.735133,0.551084,0.0,Naive,0.125301,93087933cfa47a66,0.04,0.167951,-0.761836,0.256716,0.0,0.166866,Stable,False,2026-08-27T18:24:04.422843+00:00
P00046,368.234328,40.172204,670,0.0,347.983333,31.02896,60,0.0,0.504105,0.772399,0.258254,0.0,HoltWinters7,0.049743,7e90061cbacb0d43,0.052932,0.048149,0.099349,0.203192,0.099349,0.166847,Stable,False,2026-08-27T18:24:04.422843+00:00
P01775,271.867164,28.821267,670,0.0,259.733333,21.085674,60,0.0,0.421003,0.731601,0.31252,0.0,HoltWinters7,0.041309,af753d2b7b3030ae,0.0444,0.039764,0.11659,0.193906,0.11659,0.166845,Stable,False,2026-08-27T18:24:04.422843+00:00
P01451,251.231343,50.088698,670,0.0,230.916667,30.839273,60,0.0,0.405574,0.615693,0.485006,0.0,HoltWinters7,0.063885,f142587a1526fed5,0.065717,0.062969,0.043645,0.232784,0.043645,0.166586,Stable,False,2026-08-27T18:24:04.422843+00:00
P00688,21.386567,4.86021,670,0.0,19.383333,2.743817,60,0.0,0.41217,0.564547,0.571732,0.0,HoltWinters7,0.086078,73d44c8409dbedec,0.068472,0.094881,-0.278341,0.25628,0.0,0.166582,Stable,False,2026-08-27T18:24:04.422843+00:00
P01492,8.589552,1.931614,670,0.0,7.816667,1.127344,60,0.0,0.400124,0.583628,0.538492,0.0,SeasonalNaive7,0.087733,56e585789ecde613,0.088983,0.087107,0.021533,0.244657,0.021533,0.166564,Stable,False,2026-08-27T18:24:04.422843+00:00
P00360,267.552239,43.507188,670,0.0,301.816667,39.711883,60,0.0,0.787558,0.912766,0.091276,0.0,HoltWinters7,0.067977,41a8f592ea010064,0.069378,0.067276,0.031233,0.239397,0.031233,0.16654,Stable,False,2026-08-27T18:24:04.422843+00:00
P00358,256.502985,42.079601,670,0.0,286.833333,36.60192,60,0.0,0.720785,0.869826,0.139462,0.0,HoltWinters7,0.076626,a05f549d22481901,0.078761,0.075559,0.042382,0.233081,0.042382,0.166337,Stable,False,2026-08-27T18:24:04.422843+00:00
P01269,273.213433,54.284702,670,0.0,256.616667,37.640625,60,0.0,0.305736,0.693393,0.366159,0.0,HoltWinters7,0.065375,49f19c296aa92f80,0.07154,0.062293,0.148443,0.175617,0.148443,0.166106,Stable,False,2026-08-27T18:24:04.422843+00:00
P01155,365.671642,61.402757,670,0.0,410.366667,49.204853,60,0.0,0.727899,0.801346,0.221462,0.0,HoltWinters7,0.07779,48837a648fbaa045,0.064983,0.084194,-0.228173,0.255538,0.0,0.1661,Stable,False,2026-08-27T18:24:04.422843+00:00
P00710,515.422388,85.84506,670,0.0,581.85,72.388506,60,0.0,0.773808,0.843246,0.170497,0.0,HoltWinters7,0.068691,4196b5a783c4de66,0.065156,0.070458,-0.075249,0.255421,0.0,0.166024,Stable,False,2026-08-27T18:24:04.422843+00:00
P01431,139.861194,22.924262,670,0.0,155.25,17.270161,60,0.0,0.671289,0.753357,0.283216,0.0,HoltWinters7,0.072075,7513218f42c458a0,0.055206,0.080509,-0.31429,0.255408,0.0,0.166015,Stable,False,2026-08-27T18:24:04.422843+00:00
P01628,73.638806,14.741651,670,0.0,68.116667,9.749562,60,0.0,0.374594,0.661362,0.413455,0.0,HoltWinters7,0.069932,65c6ec45a9a3f5d3,0.074015,0.06789,0.09021,0.206377,0.09021,0.165719,Stable,False,2026-08-27T18:24:04.422843+00:00
P01205,194.867164,39.783442,670,0.0,176.7,24.171211,60,0.0,0.456651,0.60757,0.498288,0.0,HoltWinters7,0.069988,93724a76280cc6a7,0.070347,0.069809,0.007701,0.250151,0.007701,0.165294,Stable,False,2026-08-27T18:24:04.422843+00:00
P00597,550.667164,94.22727,670,0.0,619.366667,76.064417,60,0.0,0.729083,0.807244,0.214129,0.0,HoltWinters7,0.072412,35d387af0d6ac40a,0.06778,0.074729,-0.092985,0.25403,0.0,0.16512,Stable,False,2026-08-27T18:24:04.422843+00:00
P01060,113.932836,22.716751,670,0.0,107.333333,16.526985,60,0.0,0.290513,0.727524,0.318108,0.0,HoltWinters7,0.068649,689b57e38d506d78,0.076239,0.064855,0.175528,0.159418,0.175528,0.165057,Stable,False,2026-08-27T18:24:04.422843+00:00
P01684,164.00597,36.687546,670,0.0,189.25,47.341036,60,0.0,0.688082,1.290384,0.25494,0.0,SES,0.176153,c72b0aeea2283a60,0.163731,0.182365,-0.102179,0.252958,0.0,0.164422,Stable,False,2026-08-27T18:24:04.422843+00:00
P01270,21.670149,5.017474,670,0.0,19.783333,2.762286,60,0.0,0.376049,0.550533,0.596868,0.0,HoltWinters7,0.072139,e44ec077d50e512e,0.070246,0.073085,-0.038851,0.25263,0.0,0.16421,Stable,False,2026-08-27T18:24:04.422843+00:00
P00687,250.407463,50.501221,670,0.0,230.85,32.74132,60,0.0,0.387267,0.648327,0.43336,0.0,HoltWinters7,0.068192,14a383b8f4b3a9bc,0.07129,0.066644,0.06971,0.214838,0.06971,0.164044,Stable,False,2026-08-27T18:24:04.422843+00:00
P00713,244.028358,28.784921,670,0.0,229.783333,18.090256,60,0.0,0.494878,0.628463,0.464478,0.0,HoltWinters7,0.043294,0f179dc42344cdbc,0.039175,0.045353,-0.136205,0.252211,0.0,0.163937,Stable,False,2026-08-27T18:24:04.422843+00:00
P01192,298.813433,59.908322,670,0.0,279.166667,43.839912,60,0.0,0.327947,0.731783,0.312271,0.0,HoltWinters7,0.075023,c55db492f47e1c89,0.082432,0.071318,0.155841,0.168253,0.155841,0.163909,Stable,False,2026-08-27T18:24:04.422843+00:00
P00955,22.31194,4.977048,670,0.0,20.683333,2.937148,60,0.0,0.327223,0.590138,0.527398,0.0,HoltWinters7,0.075291,d7fa2914e9b3d3f3,0.078054,0.073909,0.056084,0.221836,0.056084,0.163823,Stable,False,2026-08-27T18:24:04.422843+00:00
P01308,146.91194,33.383441,670,0.0,163.45,38.811332,60,0.0,0.495397,1.162592,0.150652,0.0,SES,0.186277,be5ce7485c224e7b,0.203421,0.177704,0.144717,0.173897,0.144717,0.163684,Stable,False,2026-08-27T18:24:04.422843+00:00
P01041,256.861194,29.267849,670,0.0,239.466667,20.560342,60,0.0,0.594322,0.702489,0.353126,0.0,HoltWinters7,0.053514,bc2840ed8f742ca8,0.052294,0.054124,-0.033815,0.25172,0.0,0.163618,Stable,False,2026-08-27T18:24:04.422843+00:00
P00173,229.319403,26.404286,670,0.0,216.616667,16.378046,60,0.0,0.481086,0.62028,0.477585,0.0,HoltWinters7,0.041066,d4a04c20a7d4785c,0.036042,0.043578,-0.172942,0.251695,0.0,0.163602,Stable,False,2026-08-27T18:24:04.422843+00:00
P01380,227.4,26.69164,670,0.0,214.633333,16.530369,60,0.0,0.478302,0.619309,0.479151,0.0,HoltWinters7,0.048978,3727c77dc9b0b01f,0.046686,0.050124,-0.068595,0.251321,0.0,0.163359,Stable,False,2026-08-27T18:24:04.422843+00:00
P01100,10.343284,2.356508,670,0.0,9.383333,1.354111,60,0.0,0.407361,0.574626,0.554036,0.0,SeasonalNaive7,0.078785,6796abed027ca296,0.057143,0.089606,-0.36229,0.250533,0.0,0.162847,Stable,False,2026-08-27T18:24:04.422843+00:00
P01421,18.547761,4.170143,670,0.0,16.833333,2.408788,60,0.0,0.41112,0.577627,0.548827,0.0,HoltWinters7,0.08319,6ca9bd9e2030f63e,0.077992,0.085789,-0.090887,0.250265,0.0,0.162672,Stable,False,2026-08-27T18:24:04.422843+00:00
P00185,14.762687,3.342722,670,0.0,13.366667,1.948199,60,0.0,0.41763,0.582818,0.53988,0.0,HoltWinters7,0.082214,d8fd2e89b0513706,0.075249,0.085696,-0.121901,0.249818,0.0,0.162382,Stable,False,2026-08-27T18:24:04.422843+00:00
P01580,222.501493,25.184921,670,0.0,210.933333,15.378685,60,0.0,0.459329,0.610631,0.493263,0.0,HoltWinters7,0.052781,5a4d7a259dd5dba9,0.049108,0.054617,-0.100871,0.249631,0.0,0.16226,Stable,False,2026-08-27T18:24:04.422843+00:00
P00806,393.716418,43.28596,670,0.0,378.133333,31.26945,60,0.0,0.360003,0.722392,0.325187,0.0,HoltWinters7,0.048945,63e0a0405cb3a935,0.052945,0.046945,0.127816,0.180298,0.127816,0.161929,Stable,False,2026-08-27T18:24:04.422843+00:00
P01550,214.473134,36.349224,670,0.0,237.8,27.26443,60,0.0,0.641743,0.750069,0.28759,0.0,HoltWinters7,0.079743,42b9f842fc9fd439,0.078352,0.080438,-0.025935,0.248377,0.0,0.161445,Stable,False,2026-08-27T18:24:04.422843+00:00
P01716,114.592537,26.0557,670,0.0,132.283333,33.343153,60,0.0,0.678961,1.279687,0.246616,0.0,SES,0.183824,6ede9aaa9d368960,0.145694,0.202889,-0.281904,0.248368,0.0,0.161439,Stable,False,2026-08-27T18:24:04.422843+00:00
P00803,142.452239,15.993832,670,0.0,132.566667,11.694366,60,0.0,0.618087,0.73118,0.313096,0.0,HoltWinters7,0.040774,c869a2a2c4b13fd5,0.036996,0.042663,-0.132824,0.248248,0.0,0.161361,Stable,False,2026-08-27T18:24:04.422843+00:00
P00824,18.423881,2.783041,670,0.0,17.766667,1.871885,60,0.0,0.23615,0.672604,0.396598,0.0,HoltWinters7,0.079458,cb71254daeacd848,0.087301,0.075537,0.155748,0.164091,0.155748,0.161171,Stable,False,2026-08-27T18:24:04.422843+00:00
P01544,11.046269,2.488108,670,0.0,10.016667,1.455459,60,0.0,0.413809,0.584966,0.536201,0.0,HoltWinters7,0.081028,ca0c58a4b502f270,0.073652,0.084716,-0.130604,0.247848,0.0,0.161101,Stable,False,2026-08-27T18:24:04.422843+00:00
P00163,305.597015,60.865325,670,0.0,284.366667,46.595616,60,0.0,0.348809,0.765553,0.267157,0.0,HoltWinters7,0.072725,9ffd9d1bf83dc07b,0.079992,0.069092,0.157761,0.162712,0.157761,0.160979,Stable,False,2026-08-27T18:24:04.422843+00:00
P00995,13.029851,3.002591,670,0.0,11.966667,1.646431,60,0.0,0.354089,0.548337,0.600866,0.0,HoltWinters7,0.075635,ee9d7d2e37147890,0.060903,0.083001,-0.266237,0.247591,0.0,0.160934,Stable,False,2026-08-27T18:24:04.422843+00:00
P00297,100.250746,10.868962,670,0.0,96.45,7.605584,60,0.0,0.349688,0.699753,0.357028,0.0,HoltWinters7,0.05554,b8437235a78c0ecc,0.05965,0.053485,0.115266,0.185421,0.115266,0.160867,Stable,False,2026-08-27T18:24:04.422843+00:00
P01350,24.471642,3.851302,670,0.0,25.916667,6.847718,60,0.0,0.375204,1.778027,0.575504,0.0,SES,0.135778,fab25883e6e73c2d,0.070207,0.168563,-0.583498,0.247057,0.0,0.160587,Stable,False,2026-08-27T18:24:04.422843+00:00
P00789,224.756716,25.815701,670,0.0,210.883333,17.356767,60,0.0,0.537401,0.672334,0.397,0.0,HoltWinters7,0.054852,eddb1af47c8a2663,0.048336,0.05811,-0.168192,0.247035,0.0,0.160573,Stable,False,2026-08-27T18:24:04.422843+00:00
P00331,30.422388,7.019667,670,0.0,27.883333,3.893026,60,0.0,0.361706,0.554588,0.589529,0.0,SeasonalNaive7,0.09216,2a92ad9ddd8d42a0,0.083628,0.096425,-0.13272,0.246851,0.0,0.160453,Stable,False,2026-08-27T18:24:04.422843+00:00
P00055,241.470149,27.755954,670,0.0,230.883333,21.160478,60,0.0,0.381425,0.762376,0.271315,0.0,HoltWinters7,0.05817,0d6d64efd3d1778d,0.063269,0.055621,0.137513,0.172721,0.137513,0.160398,Stable,False,2026-08-27T18:24:04.422843+00:00
P00839,214.377612,36.400148,670,0.0,237.816667,27.547489,60,0.0,0.643927,0.756796,0.278661,0.0,HoltWinters7,0.069463,15cdda59e638e119,0.055336,0.076526,-0.276893,0.246745,0.0,0.160385,Stable,False,2026-08-27T18:24:04.422843+00:00
P01779,12.214925,2.847665,670,0.0,11.033333,1.67703,60,0.0,0.414934,0.588914,0.529475,0.0,HoltWinters7,0.089049,5d56793de2466e33,0.080588,0.09328,-0.13607,0.246475,0.0,0.160209,Stable,False,2026-08-27T18:24:04.422843+00:00
P00137,219.177612,36.241464,670,0.0,240.85,26.145502,60,0.0,0.598,0.721425,0.326527,0.0,HoltWinters7,0.076107,7555b3d576101e23,0.075707,0.076307,-0.007864,0.246082,0.0,0.159953,Stable,False,2026-08-27T18:24:04.422843+00:00
P00322,175.007463,246.400663,670,0.659701,208.4,250.15942,60,0.583333,0.135521,1.015255,0.015139,0.076368,Naive,1.108009,ca40fead7c45d81e,1.324027,1.0,0.324027,0.0716,0.324027,0.15995,Stable,False,2026-08-27T18:24:04.422843+00:00
P00583,226.622388,45.974281,670,0.0,210.15,25.510267,60,0.0,0.358296,0.554881,0.589001,0.0,HoltWinters7,0.073424,f2c30d4eabc306ee,0.066805,0.076734,-0.129397,0.245782,0.0,0.159758,Stable,False,2026-08-27T18:24:04.422843+00:00
P00466,9.625373,1.483828,670,0.0,9.35,0.971195,60,0.0,0.185583,0.65452,0.423853,0.0,HoltWinters7,0.081172,9f211b9c085531e5,0.089625,0.076946,0.164783,0.156999,0.164783,0.159723,Stable,False,2026-08-27T18:24:04.422843+00:00
P00098,18.416418,2.790337,670,0.0,17.883333,1.657972,60,0.0,0.191047,0.594183,0.520567,0.0,HoltWinters7,0.066546,9ed1136c439a69ca,0.071542,0.064048,0.117004,0.18268,0.117004,0.159693,Stable,False,2026-08-27T18:24:04.422843+00:00
P01413,11.21194,2.548749,670,0.0,10.083333,1.554563,60,0.0,0.442808,0.609932,0.494408,0.0,HoltWinters7,0.074111,2c6a7f541f898a2b,0.058581,0.081876,-0.284514,0.245374,0.0,0.159493,Stable,False,2026-08-27T18:24:04.422843+00:00
P01561,3.692537,0.9023,670,0.0,3.5,0.596601,60,0.0,0.213385,0.6612,0.413699,0.0,SeasonalNaive7,0.101229,15872f7c86aef64d,0.111111,0.096289,0.153939,0.162106,0.153939,0.159247,Stable,False,2026-08-27T18:24:04.422843+00:00
P00639,14.846269,3.364095,670,0.0,13.5,1.961494,60,0.0,0.400187,0.583067,0.539453,0.0,HoltWinters7,0.081175,f61c102dd093ea89,0.069344,0.087091,-0.203779,0.244915,0.0,0.159195,Stable,False,2026-08-27T18:24:04.422843+00:00
P01509,304.237313,34.401552,670,0.0,285.683333,23.407584,60,0.0,0.539336,0.680422,0.385042,0.0,HoltWinters7,0.049449,ef5a52aed839493d,0.046143,0.051102,-0.097028,0.244578,0.0,0.158975,Stable,False,2026-08-27T18:24:04.422843+00:00
P00501,454.452239,49.839593,670,0.0,440.883333,32.979239,60,0.0,0.272252,0.661708,0.412931,0.0,HoltWinters7,0.042467,deb825eb9feba5e5,0.045789,0.040806,0.122127,0.178102,0.122127,0.158511,Stable,False,2026-08-27T18:24:04.422843+00:00
P01560,156.907463,36.890017,670,0.0,184.033333,43.45969,60,0.0,0.735317,1.178088,0.163893,0.0,SES,0.183359,16a4f2bfca514ace,0.179868,0.185105,-0.028293,0.243185,0.0,0.158071,Stable,False,2026-08-27T18:24:04.422843+00:00
P01689,263.952239,44.182399,670,0.0,295.45,40.336897,60,0.0,0.712903,0.912963,0.09106,0.0,HoltWinters7,0.07515,afb328ea8f9c7caf,0.077383,0.074033,0.045252,0.218813,0.045252,0.158067,Stable,False,2026-08-27T18:24:04.422843+00:00
P00693,107.898507,17.775594,670,0.0,119.566667,13.84829,60,0.0,0.656415,0.779062,0.249665,0.0,HoltWinters7,0.077725,67746c53b47e70b5,0.073125,0.080025,-0.086231,0.24293,0.0,0.157905,Stable,False,2026-08-27T18:24:04.422843+00:00
P00116,122.659701,28.02253,670,0.0,141.766667,32.997363,60,0.0,0.681843,1.17753,0.163419,0.0,Naive,0.207142,ab5bc1ab1ab457ce,0.210783,0.205322,0.0266,0.228362,0.0266,0.157745,Stable,False,2026-08-27T18:24:04.422843+00:00
P01596,77.365672,12.74854,670,0.0,86.966667,11.060644,60,0.0,0.753105,0.867601,0.142024,0.0,HoltWinters7,0.074888,a4ca0587d00cccbd,0.061976,0.081344,-0.238099,0.24261,0.0,0.157696,Stable,False,2026-08-27T18:24:04.422843+00:00
P01933,128.008955,14.71066,670,0.0,120.35,9.894057,60,0.0,0.52064,0.672577,0.396638,0.0,HoltWinters7,0.041851,6271085940c85959,0.0405,0.042526,-0.047624,0.242335,0.0,0.157518,Stable,False,2026-08-27T18:24:04.422843+00:00
P01731,7.743284,1.769128,670,0.0,7.083333,1.013329,60,0.0,0.373037,0.572785,0.557245,0.0,HoltWinters7,0.074664,c29c6e2bbebc2146,0.069974,0.07701,-0.091367,0.241897,0.0,0.157233,Stable,False,2026-08-27T18:24:04.422843+00:00
P00746,15.485075,3.441015,670,0.0,17.866667,4.228502,60,0.0,0.692119,1.228853,0.206081,0.0,SES,0.190257,3a282d2320dc7f26,0.154416,0.208178,-0.258253,0.241853,0.0,0.157204,Stable,False,2026-08-27T18:24:04.422843+00:00
P00145,20.728358,4.752556,670,0.0,19.05,2.664423,60,0.0,0.353149,0.56063,0.578695,0.0,HoltWinters7,0.071659,c87664ff2a47bf7d,0.068313,0.073332,-0.068451,0.24179,0.0,0.157163,Stable,False,2026-08-27T18:24:04.422843+00:00
P01532,268.350746,30.677077,670,0.0,254.45,19.208424,60,0.0,0.453131,0.626149,0.468167,0.0,HoltWinters7,0.054177,7dc1d87a7d58dccc,0.049022,0.056754,-0.13625,0.241653,0.0,0.157074,Stable,False,2026-08-27T18:24:04.422843+00:00
P01876,278.028358,31.6996,670,0.0,263.1,20.24402,60,0.0,0.470932,0.638621,0.448445,0.0,HoltWinters7,0.050906,71e58a182b4b69bf,0.04981,0.051454,-0.031944,0.241617,0.0,0.157051,Stable,False,2026-08-27T18:24:04.422843+00:00
P00225,9.702985,2.232353,670,0.0,8.916667,1.252681,60,0.0,0.352238,0.561148,0.57777,0.0,HoltWinters7,0.073636,46be733db4b6412d,0.065944,0.077482,-0.148915,0.241308,0.0,0.15685,Stable,False,2026-08-27T18:24:04.422843+00:00
P01309,6.216418,1.433957,670,0.0,5.616667,0.865373,60,0.0,0.418249,0.603486,0.505033,0.0,SeasonalNaive7,0.073554,880a5f56fe36d8eb,0.065868,0.077397,-0.148959,0.241277,0.0,0.15683,Stable,False,2026-08-27T18:24:04.422843+00:00
P00840,122.131343,14.188273,670,0.0,115.216667,9.251828,60,0.0,0.487352,0.652076,0.427595,0.0,HoltWinters7,0.050374,403a8715f8458e7b,0.041416,0.054854,-0.244976,0.24092,0.0,0.156598,Stable,False,2026-08-27T18:24:04.422843+00:00
P00993,17.852239,4.101546,670,0.0,16.233333,2.417217,60,0.0,0.394706,0.589343,0.528747,0.0,HoltWinters7,0.073335,0c98fcab8c41e998,0.045715,0.087144,-0.47541,0.240731,0.0,0.156475,Stable,False,2026-08-27T18:24:04.422843+00:00
P00392,19.053731,4.257424,670,0.0,17.6,2.366432,60,0.0,0.341458,0.555837,0.587281,0.0,HoltWinters7,0.074068,f7b721874d3c127f,0.0678,0.077202,-0.121783,0.240721,0.0,0.156469,Stable,False,2026-08-27T18:24:04.422843+00:00
P01326,12.338806,2.841106,670,0.0,11.266667,1.645401,60,0.0,0.377367,0.579141,0.546209,0.0,SeasonalNaive7,0.100318,1782b6bf27c8709f,0.1,0.100477,-0.004747,0.240328,0.0,0.156213,Stable,False,2026-08-27T18:24:04.422843+00:00
P01119,29.050746,6.487458,670,0.0,26.4,3.893497,60,0.0,0.408596,0.600158,0.510563,0.0,HoltWinters7,0.086294,164fa14219cb5ca4,0.074139,0.092372,-0.197385,0.240004,0.0,0.156003,Stable,False,2026-08-27T18:24:04.422843+00:00
P00276,241.11791,28.105175,670,0.0,228.5,17.642879,60,0.0,0.448953,0.627745,0.465621,0.0,HoltWinters7,0.049132,bb9fc82369fae213,0.041797,0.052799,-0.208362,0.239868,0.0,0.155914,Stable,False,2026-08-27T18:24:04.422843+00:00
P00966,29.438806,6.698391,670,0.0,27.0,3.831183,60,0.0,0.364088,0.571956,0.558694,0.0,HoltWinters7,0.069658,774c0355c631c40d,0.055397,0.076789,-0.278581,0.239798,0.0,0.155869,Stable,False,2026-08-27T18:24:04.422843+00:00
P01377,7.791045,1.198371,670,0.0,7.5,0.701089,60,0.0,0.242867,0.585035,0.536084,0.0,Naive,0.068233,16b6c604ea59d902,0.071429,0.066636,0.071924,0.200809,0.071924,0.1557,Stable,False,2026-08-27T18:24:04.422843+00:00
P00175,34.544776,4.004884,670,0.0,32.866667,2.438857,60,0.0,0.419016,0.608971,0.495985,0.0,HoltWinters7,0.046671,e7e8880fac78953c,0.043616,0.048199,-0.095088,0.239226,0.0,0.155497,Stable,False,2026-08-27T18:24:04.422843+00:00
P00070,265.607463,59.205146,670,0.0,301.783333,72.769683,60,0.0,0.611026,1.229111,0.206291,0.0,RollingMean28,0.195474,caf63f01c710d0be,0.200075,0.193174,0.035721,0.219605,0.035721,0.155246,Stable,False,2026-08-27T18:24:04.422843+00:00
P01543,163.68806,19.074937,670,0.0,155.816667,15.185287,60,0.0,0.412656,0.796086,0.228048,0.0,HoltWinters7,0.062348,55dbedc8c8a67ead,0.067382,0.059831,0.126194,0.170493,0.126194,0.154988,Stable,False,2026-08-27T18:24:04.422843+00:00
P00429,3.613433,0.629232,670,0.0,3.516667,0.503939,60,0.0,0.153785,0.80088,0.222044,0.0,SeasonalNaive7,0.089457,1110bb7a413a2bcf,0.103774,0.082298,0.260947,0.097802,0.260947,0.154903,Stable,False,2026-08-27T18:24:04.422843+00:00
P01075,91.658209,20.839938,670,0.0,107.366667,23.588252,60,0.0,0.753767,1.131877,0.123878,0.0,SES,0.179306,6c8fb961ec6fe7cd,0.169866,0.184026,-0.076945,0.238255,0.0,0.154866,Stable,False,2026-08-27T18:24:04.422843+00:00
P00835,107.776119,12.374719,670,0.0,102.766667,8.931693,60,0.0,0.404813,0.721769,0.32605,0.0,HoltWinters7,0.050121,f5f2c8a533d24327,0.052837,0.048762,0.083557,0.192836,0.083557,0.154589,Stable,False,2026-08-27T18:24:04.422843+00:00
P01352,127.071642,20.379309,670,0.0,141.983333,17.617876,60,0.0,0.731707,0.864498,0.145606,0.0,HoltWinters7,0.062399,aa8adb50e9a85e7a,0.057786,0.064705,-0.106936,0.237621,0.0,0.154454,Stable,False,2026-08-27T18:24:04.422843+00:00
P01089,143.931343,34.138092,670,0.0,170.683333,37.2902,60,0.0,0.78364,1.092334,0.088317,0.0,SES,0.196233,c6ef0aec131675ab,0.170569,0.209064,-0.18413,0.23758,0.0,0.154427,Stable,False,2026-08-27T18:24:04.422843+00:00
P01282,131.734328,14.393816,670,0.0,126.2,8.494864,60,0.0,0.384493,0.590175,0.527337,0.0,HoltWinters7,0.04419,d08a24b5d999fd65,0.04281,0.04488,-0.046131,0.23757,0.0,0.15442,Stable,False,2026-08-27T18:24:04.422843+00:00
P00364,207.165672,23.954448,670,0.0,196.083333,15.424273,60,0.0,0.462642,0.6439,0.440212,0.0,HoltWinters7,0.042625,f0698e941a8b5b9e,0.042385,0.042745,-0.008428,0.23728,0.0,0.154232,Stable,False,2026-08-27T18:24:04.422843+00:00
P01644,153.704478,17.67416,670,0.0,144.783333,12.176793,60,0.0,0.504756,0.68896,0.372572,0.0,HoltWinters7,0.041489,a2d26c95d76b986e,0.041751,0.041358,0.009512,0.231951,0.009512,0.154097,Stable,False,2026-08-27T18:24:04.422843+00:00
P00188,89.1,10.2657,670,0.0,84.316667,6.654912,60,0.0,0.465953,0.648267,0.433453,0.0,HoltWinters7,0.048554,3eb686c50f0028ce,0.046523,0.04957,-0.061473,0.2365,0.0,0.153725,Stable,False,2026-08-27T18:24:04.422843+00:00
P00595,232.68806,52.232489,670,0.0,261.683333,73.034585,60,0.0,0.55512,1.39826,0.335228,0.0,SES,0.189537,d6564bd39e652f7d,0.153603,0.207504,-0.259758,0.236465,0.0,0.153702,Stable,False,2026-08-27T18:24:04.422843+00:00
P00569,187.171642,44.764377,670,0.0,213.95,59.675514,60,0.0,0.598207,1.333103,0.287509,0.0,SES,0.194095,91f564ee33588785,0.179878,0.201204,-0.105992,0.236384,0.0,0.15365,Stable,False,2026-08-27T18:24:04.422843+00:00
P01557,305.844776,60.516485,670,0.0,289.1,40.28193,60,0.0,0.276698,0.665636,0.407013,0.0,HoltWinters7,0.075843,2cb4fd83a8a1b775,0.081147,0.073191,0.108696,0.177845,0.108696,0.153643,Stable,False,2026-08-27T18:24:04.422843+00:00
P01497,288.68209,33.228414,670,0.0,274.8,23.918506,60,0.0,0.417778,0.719821,0.328753,0.0,HoltWinters7,0.046173,200225b70f24f8c8,0.048342,0.045089,0.07216,0.197077,0.07216,0.153356,Stable,False,2026-08-27T18:24:04.422843+00:00
P01077,23.101493,5.251393,670,0.0,21.216667,3.037013,60,0.0,0.358919,0.578325,0.547619,0.0,SeasonalNaive7,0.073316,9d01c5c149faf8b6,0.069876,0.075036,-0.068767,0.235608,0.0,0.153145,Stable,False,2026-08-27T18:24:04.422843+00:00
P00102,352.085075,60.260498,670,0.0,399.116667,55.775607,60,0.0,0.780471,0.925575,0.07734,0.0,HoltWinters7,0.077604,140d3f9df519ef18,0.070395,0.081208,-0.133149,0.233965,0.0,0.152077,Stable,False,2026-08-27T18:24:04.422843+00:00
P00246,286.347761,65.657739,670,0.0,335.416667,73.546086,60,0.0,0.747344,1.120143,0.113457,0.0,Naive,0.176721,70215502615ef680,0.162575,0.183794,-0.115449,0.233884,0.0,0.152024,Stable,False,2026-08-27T18:24:04.422843+00:00
P00235,2.247761,0.462126,670,0.0,2.416667,0.787437,60,0.0,0.365497,1.703945,0.532946,0.0,SeasonalNaive7,0.103504,00b81cc61b10106a,0.0,0.155256,-1.0,0.233748,0.0,0.151936,Stable,False,2026-08-27T18:24:04.422843+00:00
P00001,30.462687,6.906223,670,0.0,28.116667,3.940626,60,0.0,0.339697,0.570591,0.561083,0.0,HoltWinters7,0.074584,a58372ac2ca6ad29,0.055499,0.084127,-0.340292,0.233687,0.0,0.151897,Stable,False,2026-08-27T18:24:04.422843+00:00
P01764,282.874627,46.212537,670,0.0,311.75,36.762465,60,0.0,0.624839,0.795508,0.228774,0.0,HoltWinters7,0.07333,71ac4606e072ea0b,0.073749,0.073121,0.008577,0.229024,0.008577,0.151868,Stable,False,2026-08-27T18:24:04.422843+00:00
P01189,9.71194,2.264764,670,0.0,8.983333,1.268813,60,0.0,0.321714,0.560241,0.579388,0.0,SeasonalNaive7,0.081741,6db77e099b4c89fa,0.064151,0.090535,-0.291426,0.233319,0.0,0.151657,Stable,False,2026-08-27T18:24:04.422843+00:00
P01571,240.901493,27.356952,670,0.0,229.033333,17.348831,60,0.0,0.433826,0.634165,0.455446,0.0,HoltWinters7,0.045081,d384dc1b2650b1cd,0.04077,0.047236,-0.13688,0.233164,0.0,0.151556,Stable,False,2026-08-27T18:24:04.422843+00:00
P01803,20.753731,4.691111,670,0.0,19.183333,2.6712,60,0.0,0.33476,0.569417,0.563142,0.0,HoltWinters7,0.068452,c09bfe9cf07acfc5,0.051911,0.076722,-0.323395,0.232844,0.0,0.151349,Stable,False,2026-08-27T18:24:04.422843+00:00
P01342,338.668657,55.673703,670,0.0,373.716667,43.846841,60,0.0,0.629525,0.787568,0.238805,0.0,HoltWinters7,0.069455,33311f92a3269517,0.065036,0.071664,-0.092486,0.232821,0.0,0.151334,Stable,False,2026-08-27T18:24:04.422843+00:00
P00304,256.692537,29.063732,670,0.0,243.716667,20.486533,60,0.0,0.446463,0.704883,0.349723,0.0,HoltWinters7,0.042734,d8b488a4423693fe,0.043913,0.042145,0.041945,0.210208,0.041945,0.151316,Stable,False,2026-08-27T18:24:04.422843+00:00
P00287,201.655224,22.760906,670,0.0,190.666667,15.28006,60,0.0,0.482782,0.671329,0.398496,0.0,HoltWinters7,0.043602,1e3352f90279d635,0.030622,0.050092,-0.388679,0.232389,0.0,0.151053,Stable,False,2026-08-27T18:24:04.422843+00:00
P01029,10.8,2.442523,670,0.0,9.816667,1.501318,60,0.0,0.402589,0.614659,0.486688,0.0,HoltWinters7,0.076767,fd272162105c8ee3,0.074211,0.078045,-0.049122,0.232384,0.0,0.15105,Stable,False,2026-08-27T18:24:04.422843+00:00
P01723,29.432836,6.705025,670,0.0,27.133333,3.859686,60,0.0,0.342952,0.575641,0.552272,0.0,HoltWinters7,0.070872,35076c842cac7967,0.04814,0.082237,-0.414619,0.23238,0.0,0.151047,Stable,False,2026-08-27T18:24:04.422843+00:00
P01093,209.152239,35.53891,670,0.0,231.85,28.323689,60,0.0,0.638674,0.796977,0.22693,0.0,HoltWinters7,0.084453,6250d92172cfe25e,0.083202,0.085078,-0.022046,0.232368,0.0,0.151039,Stable,False,2026-08-27T18:24:04.422843+00:00
P01702,27.434328,6.100627,670,0.0,25.483333,3.427168,60,0.0,0.319802,0.561773,0.576657,0.0,HoltWinters7,0.078319,3e0b2a617efb6c33,0.074314,0.080322,-0.074806,0.23211,0.0,0.150871,Stable,False,2026-08-27T18:24:04.422843+00:00
P01250,270.083582,45.850757,670,0.0,300.116667,37.299108,60,0.0,0.655018,0.813489,0.206422,0.0,HoltWinters7,0.07005,9f8b15bb48c883e4,0.069832,0.070159,-0.004661,0.231736,0.0,0.150628,Stable,False,2026-08-27T18:24:04.422843+00:00
P01291,18.147761,4.092059,670,0.0,16.933333,2.246403,60,0.0,0.296777,0.548966,0.599718,0.0,HoltWinters7,0.062643,01790ba065a677a9,0.045001,0.071464,-0.370295,0.231543,0.0,0.150503,Stable,False,2026-08-27T18:24:04.422843+00:00
P01811,449.483582,50.176986,670,0.0,423.4,35.231534,60,0.0,0.519832,0.702145,0.353615,0.0,HoltWinters7,0.043792,18a9abdabf0d2418,0.043424,0.043975,-0.01253,0.231357,0.0,0.150382,Stable,False,2026-08-27T18:24:04.422843+00:00
P01969,13.11791,2.967105,670,0.0,12.016667,1.770681,60,0.0,0.371151,0.59677,0.516223,0.0,HoltWinters7,0.078651,0729172e0c3792c9,0.074056,0.080949,-0.085149,0.231122,0.0,0.150229,Stable,False,2026-08-27T18:24:04.422843+00:00
P00934,266.229851,52.3922,670,0.0,244.833333,32.585828,60,0.0,0.408391,0.62196,0.47488,0.0,HoltWinters7,0.05768,f3c60b97769e93b6,0.047728,0.062656,-0.238251,0.231028,0.0,0.150168,Stable,False,2026-08-27T18:24:04.422843+00:00
P00045,15.143284,3.415923,670,0.0,13.833333,2.068051,60,0.0,0.383484,0.605415,0.501841,0.0,HoltWinters7,0.084268,037040d1f3276ed3,0.062323,0.09524,-0.345621,0.230918,0.0,0.150097,Stable,False,2026-08-27T18:24:04.422843+00:00
P01776,26.986567,6.083239,670,0.0,24.666667,3.676156,60,0.0,0.381359,0.604309,0.50367,0.0,HoltWinters7,0.072287,786a765c624c19e6,0.057458,0.079701,-0.279088,0.230791,0.0,0.150014,Stable,False,2026-08-27T18:24:04.422843+00:00
P01258,28.29403,5.661223,670,0.0,26.033333,3.649781,60,0.0,0.39933,0.644698,0.438973,0.0,HoltWinters7,0.07973,b948ef6fe76adbfd,0.080795,0.079198,0.020163,0.219559,0.020163,0.14977,Stable,False,2026-08-27T18:24:04.422843+00:00
P01294,34.919403,3.792378,670,0.0,33.133333,2.534285,60,0.0,0.470963,0.668257,0.403082,0.0,HoltWinters7,0.043197,e1bab706221e07a7,0.035484,0.047053,-0.245879,0.230285,0.0,0.149685,Stable,False,2026-08-27T18:24:04.422843+00:00
P00809,251.132836,28.921345,670,0.0,238.1,18.90897,60,0.0,0.45063,0.653807,0.424943,0.0,HoltWinters7,0.044723,2c90c1cf03b22f0d,0.037294,0.048437,-0.230053,0.230159,0.0,0.149603,Stable,False,2026-08-27T18:24:04.422843+00:00
P01462,386.201493,41.816379,670,0.0,366.883333,29.400848,60,0.0,0.461976,0.703094,0.352265,0.0,HoltWinters7,0.051921,7deabf8e89ec4f1e,0.052874,0.051444,0.027801,0.21511,0.027801,0.149552,Stable,False,2026-08-27T18:24:04.422843+00:00
P00427,22.697015,5.125844,670,0.0,21.1,2.880089,60,0.0,0.311561,0.561876,0.576474,0.0,HoltWinters7,0.071663,75c86e0d601ef90b,0.051808,0.08159,-0.365018,0.229798,0.0,0.149369,Stable,False,2026-08-27T18:24:04.422843+00:00
P01652,27.891045,6.348504,670,0.0,25.566667,3.954687,60,0.0,0.36613,0.622932,0.473318,0.0,HoltWinters7,0.08497,578c6fb10e3e62d6,0.08605,0.084429,0.019197,0.219015,0.019197,0.149079,Stable,False,2026-08-27T18:24:04.422843+00:00
P01252,107.929851,21.589931,670,0.0,98.916667,13.677015,60,0.0,0.417472,0.63349,0.45651,0.0,HoltWinters7,0.062354,b8e7cb5db44d6482,0.062152,0.062455,-0.004857,0.228932,0.0,0.148806,Stable,False,2026-08-27T18:24:04.422843+00:00
P00243,137.344776,30.604458,670,0.0,151.566667,40.407403,60,0.0,0.4647,1.320311,0.277867,0.0,SES,0.179395,a4febaf64746e883,0.186198,0.175993,0.057983,0.197259,0.057983,0.148513,Stable,False,2026-08-27T18:24:04.422843+00:00
P00314,185.883582,41.446256,670,0.0,209.95,54.561247,60,0.0,0.580666,1.316434,0.274926,0.0,SES,0.178434,3b5e1b17291f165b,0.137943,0.198679,-0.305702,0.228415,0.0,0.14847,Stable,False,2026-08-27T18:24:04.422843+00:00
P00380,7.550746,1.725469,670,0.0,6.883333,1.059128,60,0.0,0.386801,0.61382,0.488053,0.0,SeasonalNaive7,0.10046,dd14ebff95a619ec,0.091346,0.105017,-0.130181,0.228384,0.0,0.148449,Stable,False,2026-08-27T18:24:04.422843+00:00
P01052,135.038806,27.409397,670,0.0,124.933333,19.193808,60,0.0,0.368686,0.700264,0.356298,0.0,HoltWinters7,0.071077,2d933726cc35a374,0.074337,0.069447,0.070412,0.190463,0.070412,0.148445,Stable,False,2026-08-27T18:24:04.422843+00:00
P01804,6.361194,1.034958,670,0.0,6.0,0.61064,60,0.0,0.348994,0.590015,0.527608,0.0,SeasonalNaive7,0.049901,8b7257bd38e56f5e,0.022989,0.063357,-0.63716,0.227875,0.0,0.148119,Stable,False,2026-08-27T18:24:04.422843+00:00
P00919,95.749254,10.619234,670,0.0,91.266667,6.804452,60,0.0,0.42212,0.640767,0.44509,0.0,HoltWinters7,0.044977,d2324c5c54284572,0.034856,0.050038,-0.30342,0.227355,0.0,0.147781,Stable,False,2026-08-27T18:24:04.422843+00:00
P00341,37.501493,6.236675,670,0.0,41.516667,5.196125,60,0.0,0.6438,0.833156,0.182534,0.0,HoltWinters7,0.08081,b47edea916a6895d,0.081221,0.080605,0.007651,0.222679,0.007651,0.147419,Stable,False,2026-08-27T18:24:04.422843+00:00
P01923,199.910448,23.13755,670,0.0,189.666667,15.216702,60,0.0,0.442734,0.657663,0.419063,0.0,HoltWinters7,0.042751,a43ed74ed9c384f9,0.038686,0.044783,-0.136146,0.226518,0.0,0.147236,Stable,False,2026-08-27T18:24:04.422843+00:00
P01114,217.055224,36.345193,670,0.0,239.183333,30.30718,60,0.0,0.608832,0.83387,0.181677,0.0,HoltWinters7,0.073002,f8e3a3bc6db2010e,0.074177,0.072414,0.024348,0.212848,0.024348,0.146873,Stable,False,2026-08-27T18:24:04.422843+00:00
P01334,256.807463,57.593573,670,0.0,297.966667,64.788565,60,0.0,0.714649,1.124927,0.117718,0.0,SES,0.192522,e4e648201c0640b8,0.173498,0.202034,-0.141244,0.225958,0.0,0.146873,Stable,False,2026-08-27T18:24:04.422843+00:00
P00283,20.758209,4.569809,670,0.0,19.183333,2.709004,60,0.0,0.344626,0.592805,0.522891,0.0,HoltWinters7,0.062521,2ad05d17d5789d9a,0.061193,0.063185,-0.031529,0.225495,0.0,0.146572,Stable,False,2026-08-27T18:24:04.422843+00:00
P01500,271.467164,62.970665,670,0.0,309.6,79.663742,60,0.0,0.605565,1.265093,0.235146,0.0,SES,0.195968,2507a9840aa7fda4,0.161943,0.21298,-0.239633,0.225317,0.0,0.146456,Stable,False,2026-08-27T18:24:04.422843+00:00
P00660,178.138806,35.322983,670,0.0,163.466667,22.654716,60,0.0,0.415371,0.641359,0.444166,0.0,HoltWinters7,0.059588,ea37025936a0b8be,0.049631,0.064566,-0.231315,0.225268,0.0,0.146424,Stable,False,2026-08-27T18:24:04.422843+00:00
P01499,8.931343,2.012978,670,0.0,8.233333,1.198398,60,0.0,0.346755,0.595336,0.518629,0.0,HoltWinters7,0.09355,a5d45d58ba9ce487,0.092382,0.094134,-0.01862,0.225015,0.0,0.14626,Stable,False,2026-08-27T18:24:04.422843+00:00
P01236,28.808955,6.480688,670,0.0,26.766667,3.72971,60,0.0,0.315135,0.575511,0.552496,0.0,HoltWinters7,0.08571,64bc827c241e7876,0.068717,0.094206,-0.270571,0.224786,0.0,0.146111,Stable,False,2026-08-27T18:24:04.422843+00:00
P01176,141.086567,15.740467,670,0.0,133.683333,10.745897,60,0.0,0.470331,0.682692,0.381711,0.0,HoltWinters7,0.049505,63b113e41e919426,0.041106,0.053704,-0.234594,0.224769,0.0,0.1461,Stable,False,2026-08-27T18:24:04.422843+00:00
P01238,54.877612,11.006722,670,0.0,50.15,7.191862,60,0.0,0.42952,0.653406,0.425556,0.0,HoltWinters7,0.055151,b877d5543ffbcbc4,0.048412,0.05852,-0.172739,0.224507,0.0,0.14593,Stable,False,2026-08-27T18:24:04.422843+00:00
P00750,264.365672,51.524841,670,0.0,251.166667,35.771955,60,0.0,0.256168,0.694266,0.3649,0.0,HoltWinters7,0.073911,2ea5f4ad59a64cb3,0.079437,0.071149,0.116487,0.161671,0.116487,0.145857,Stable,False,2026-08-27T18:24:04.422843+00:00
P01139,294.056716,32.789491,670,0.0,278.85,22.260267,60,0.0,0.463768,0.678884,0.387305,0.0,HoltWinters7,0.048125,ba2045e1b2236392,0.043776,0.050299,-0.129683,0.224362,0.0,0.145836,Stable,False,2026-08-27T18:24:04.422843+00:00
P01838,20.444776,4.630028,670,0.0,18.85,2.76065,60,0.0,0.344442,0.596249,0.517097,0.0,HoltWinters7,0.065477,44078191170ed10d,0.053573,0.071429,-0.249975,0.223996,0.0,0.145597,Stable,False,2026-08-27T18:24:04.422843+00:00
P00315,240.371642,56.480144,670,0.0,276.15,68.922168,60,0.0,0.633468,1.22029,0.199089,0.0,RollingMean28,0.200598,f880f7aee28e88b3,0.187373,0.207211,-0.095736,0.223976,0.0,0.145584,Stable,False,2026-08-27T18:24:04.422843+00:00
P00524,59.150746,13.738742,670,0.0,68.133333,16.384642,60,0.0,0.653814,1.192587,0.176125,0.0,SES,0.19352,df360456dcadf1bc,0.168621,0.205969,-0.181326,0.22383,0.0,0.14549,Stable,False,2026-08-27T18:24:04.422843+00:00
P00017,4.013433,0.652555,670,0.0,3.9,0.543061,60,0.0,0.173829,0.832207,0.183674,0.0,HoltWinters7,0.114811,7501dd7f23ab9d5f,0.131918,0.106257,0.241502,0.093721,0.241502,0.145445,Stable,False,2026-08-27T18:24:04.422843+00:00
P00522,29.140299,6.364233,670,0.0,26.833333,3.8759,60,0.0,0.362489,0.609013,0.495916,0.0,HoltWinters7,0.06444,b71abedb652daac1,0.057638,0.06784,-0.150384,0.223663,0.0,0.145381,Stable,False,2026-08-27T18:24:04.422843+00:00
P00792,121.286567,14.258817,670,0.0,115.7,8.96944,60,0.0,0.391797,0.629045,0.463552,0.0,HoltWinters7,0.049432,617592515844bacb,0.046231,0.051032,-0.094071,0.223632,0.0,0.145361,Stable,False,2026-08-27T18:24:04.422843+00:00
P00634,264.222388,52.986896,670,0.0,243.916667,34.127523,60,0.0,0.383222,0.644075,0.43994,0.0,HoltWinters7,0.071724,43c13095e7fe3324,0.07245,0.071361,0.015257,0.215371,0.015257,0.145331,Stable,False,2026-08-27T18:24:04.422843+00:00
P01445,204.632836,46.436315,670,0.0,232.45,55.463356,60,0.0,0.599039,1.194396,0.177641,0.0,SES,0.174668,5d9688787f1a8f15,0.177755,0.173124,0.02675,0.209146,0.02675,0.145307,Stable,False,2026-08-27T18:24:04.422843+00:00
P00458,138.322388,27.720427,670,0.0,127.3,17.556012,60,0.0,0.397627,0.633324,0.456773,0.0,HoltWinters7,0.061865,00351b6cf12b7c84,0.043943,0.070826,-0.37957,0.223541,0.0,0.145301,Stable,False,2026-08-27T18:24:04.422843+00:00
P01419,69.291045,10.986215,670,0.0,76.316667,9.082469,60,0.0,0.639494,0.826715,0.190295,0.0,HoltWinters7,0.064772,7f7640ad74188cd8,0.064022,0.065148,-0.017275,0.223435,0.0,0.145233,Stable,False,2026-08-27T18:24:04.422843+00:00
P01945,139.795522,15.151403,670,0.0,133.133333,10.068354,60,0.0,0.439708,0.664516,0.408696,0.0,HoltWinters7,0.045734,36d04f3a941ef458,0.043044,0.047079,-0.085713,0.223094,0.0,0.145011,Stable,False,2026-08-27T18:24:04.422843+00:00
P01600,282.622388,65.923104,670,0.0,321.85,71.476161,60,0.0,0.595051,1.084235,0.080875,0.0,SES,0.191201,a74c3b742bb468ad,0.200259,0.186671,0.072792,0.183858,0.072792,0.144985,Stable,False,2026-08-27T18:24:04.422843+00:00
P00917,23.001493,5.712991,670,0.0,21.683333,5.074,60,0.0,0.23073,0.888151,0.118613,0.0,SES,0.17144,a5b37653efd31bbf,0.196923,0.158698,0.240865,0.093104,0.240865,0.144821,Stable,False,2026-08-27T18:24:04.422843+00:00
P01347,15.574627,3.58242,670,0.0,14.516667,2.037709,60,0.0,0.29532,0.568808,0.564212,0.0,HoltWinters7,0.096449,fe0e276c532275e5,0.071049,0.109149,-0.349067,0.222266,0.0,0.144473,Stable,False,2026-08-27T18:24:04.422843+00:00
P00769,20.149254,4.64254,670,0.0,18.716667,2.687647,60,0.0,0.308578,0.578917,0.546596,0.0,HoltWinters7,0.088833,7a2305b0f79c8a32,0.075858,0.095321,-0.204177,0.221508,0.0,0.14398,Stable,False,2026-08-27T18:24:04.422843+00:00
P00445,50.892537,11.79523,670,0.0,57.9,14.802313,60,0.0,0.594093,1.254941,0.227088,0.0,SES,0.200924,9b17c761f8770711,0.201152,0.20081,0.0017,0.220148,0.0017,0.143691,Stable,False,2026-08-27T18:24:04.422843+00:00
P00701,141.925373,27.913658,670,0.0,130.766667,17.903098,60,0.0,0.399758,0.641374,0.444142,0.0,HoltWinters7,0.055646,b8422cf1dc9bf478,0.054911,0.056013,-0.019671,0.220969,0.0,0.14363,Stable,False,2026-08-27T18:24:04.422843+00:00
P01676,7.002985,1.132476,670,0.0,6.65,0.659353,60,0.0,0.311693,0.582222,0.540903,0.0,SeasonalNaive7,0.071122,f6f11b3041a7ba25,0.046154,0.083606,-0.447958,0.220941,0.0,0.143612,Stable,False,2026-08-27T18:24:04.422843+00:00
P00142,16.404478,2.580074,670,0.0,15.65,1.470904,60,0.0,0.292425,0.570102,0.561941,0.0,HoltWinters7,0.066166,61bb88d0422d122b,0.061494,0.068502,-0.102302,0.220902,0.0,0.143586,Stable,False,2026-08-27T18:24:04.422843+00:00
P00467,27.614925,6.158671,670,0.0,25.633333,3.626488,60,0.0,0.321756,0.588843,0.529596,0.0,HoltWinters7,0.069401,52d4b1ab2c2f198e,0.044351,0.081926,-0.458647,0.220882,0.0,0.143573,Stable,False,2026-08-27T18:24:04.422843+00:00
P01805,29.034328,6.391115,670,0.0,26.866667,3.837666,60,0.0,0.339168,0.600469,0.510044,0.0,HoltWinters7,0.063967,b7aaf378a1744413,0.062254,0.064824,-0.03965,0.220782,0.0,0.143508,Stable,False,2026-08-27T18:24:04.422843+00:00
P01142,17.414925,3.792576,670,0.0,16.0,2.364999,60,0.0,0.373078,0.623586,0.472268,0.0,HoltWinters7,0.074036,48e18a2484dcc563,0.064209,0.078949,-0.186706,0.220663,0.0,0.143431,Stable,False,2026-08-27T18:24:04.422843+00:00
P01853,201.028358,47.369591,670,0.0,223.266667,55.766118,60,0.0,0.469464,1.177256,0.163186,0.0,RollingMean28,0.177597,9dc2a71ae902474f,0.188412,0.17219,0.094214,0.169899,0.094214,0.143409,Stable,False,2026-08-27T18:24:04.422843+00:00
P00850,26.295522,3.014535,670,0.0,24.85,2.113917,60,0.0,0.479517,0.701241,0.354903,0.0,HoltWinters7,0.043574,ef33540a0fefc091,0.04218,0.044272,-0.047252,0.220593,0.0,0.143386,Stable,False,2026-08-27T18:24:04.422843+00:00
P01990,233.186567,25.612079,670,0.0,221.616667,17.507472,60,0.0,0.451736,0.683563,0.380436,0.0,HoltWinters7,0.041547,c52c01f781446227,0.041594,0.041523,0.001714,0.219337,0.001714,0.143169,Stable,False,2026-08-27T18:24:04.422843+00:00
P00684,338.51791,36.73338,670,0.0,325.1,24.924768,60,0.0,0.365278,0.678532,0.387824,0.0,HoltWinters7,0.047934,cbb14e02ad2c6344,0.049267,0.047268,0.042289,0.197408,0.042289,0.143116,Stable,False,2026-08-27T18:24:04.422843+00:00
P01793,222.707463,36.204631,670,0.0,246.6,31.017873,60,0.0,0.65993,0.856738,0.154623,0.0,HoltWinters7,0.071603,79443de21dbbaa68,0.05855,0.07813,-0.250614,0.220137,0.0,0.143089,Stable,False,2026-08-27T18:24:04.422843+00:00
P00418,26.779104,6.022294,670,0.0,24.916667,3.509269,60,0.0,0.309257,0.582713,0.54006,0.0,HoltWinters7,0.068019,509ddb089d23caef,0.059333,0.072362,-0.180042,0.220061,0.0,0.14304,Stable,False,2026-08-27T18:24:04.422843+00:00
P01227,17.69403,3.996313,670,0.0,16.35,2.399329,60,0.0,0.336317,0.600386,0.510183,0.0,HoltWinters7,0.073444,72d18c2d2e47d366,0.055749,0.082292,-0.322551,0.220033,0.0,0.143021,Stable,False,2026-08-27T18:24:04.422843+00:00
P01621,48.165672,8.044589,670,0.0,53.216667,6.967459,60,0.0,0.627875,0.866105,0.143749,0.0,HoltWinters7,0.081545,a4179a9991d6864d,0.082685,0.080975,0.021129,0.208603,0.021129,0.142987,Stable,False,2026-08-27T18:24:04.422843+00:00
P00160,154.635821,215.820841,670,0.655224,137.35,204.503684,60,0.683333,0.080093,0.947562,0.053863,0.028109,RollingMean28,1.357038,ba512f5c2c29de6f,1.619908,1.225602,0.321724,0.046735,0.321724,0.142981,Stable,False,2026-08-27T18:24:04.422843+00:00
P00844,84.273134,19.351713,670,0.0,94.466667,23.422043,60,0.0,0.526751,1.210334,0.190897,0.0,RollingMean28,0.193039,9515bfe8c1d56a95,0.199427,0.189845,0.050475,0.192581,0.050475,0.142844,Stable,False,2026-08-27T18:24:04.422843+00:00
P00448,465.758209,50.592525,670,0.0,450.95,39.766874,60,0.0,0.292696,0.786023,0.24077,0.0,HoltWinters7,0.049629,df8aa8b970af9b70,0.054231,0.047328,0.145873,0.140684,0.145873,0.1425,Stable,False,2026-08-27T18:24:04.422843+00:00
P00718,113.955224,27.036173,670,0.0,131.016667,32.451524,60,0.0,0.63106,1.2003,0.182572,0.0,RollingMean28,0.194268,36e4fdb2c987f0d7,0.185609,0.198597,-0.0654,0.219184,0.0,0.14247,Stable,False,2026-08-27T18:24:04.422843+00:00
P00079,6.089552,0.973971,670,0.0,5.966667,0.712281,60,0.0,0.12617,0.731316,0.312909,0.0,Naive,0.066937,9b5680030b623100,0.075145,0.062834,0.19593,0.112924,0.19593,0.141976,Stable,False,2026-08-27T18:24:04.422843+00:00
P00734,311.074627,50.761441,670,0.0,342.616667,42.068585,60,0.0,0.621378,0.828751,0.187836,0.0,HoltWinters7,0.069867,95c63dd903b8e4c4,0.062859,0.073371,-0.143268,0.217838,0.0,0.141595,Stable,False,2026-08-27T18:24:04.422843+00:00
P00537,184.056716,44.704107,670,0.0,209.8,56.692091,60,0.0,0.575859,1.268163,0.237569,0.0,Naive,0.200586,8be6950d723ddbd2,0.167678,0.21704,-0.227431,0.217754,0.0,0.14154,Stable,False,2026-08-27T18:24:04.422843+00:00
P01653,28.513433,4.315886,670,0.0,27.45,2.683439,60,0.0,0.2464,0.621759,0.475203,0.0,HoltWinters7,0.063763,01b1d0e725c43b85,0.06615,0.062569,0.057241,0.186561,0.057241,0.141299,Stable,False,2026-08-27T18:24:04.422843+00:00
P00198,244.753731,57.270141,670,0.0,277.616667,72.529151,60,0.0,0.573823,1.266439,0.236209,0.0,Naive,0.199233,e957c9bcd603c277,0.190482,0.203608,-0.064464,0.216854,0.0,0.140955,Stable,False,2026-08-27T18:24:04.422843+00:00
P01602,6.871642,1.593598,670,0.0,6.316667,0.982761,60,0.0,0.348253,0.616693,0.483383,0.0,SeasonalNaive7,0.090912,23cd568d913f4743,0.084211,0.094263,-0.106639,0.216615,0.0,0.1408,Stable,False,2026-08-27T18:24:04.422843+00:00
P01678,28.497015,6.339368,670,0.0,26.766667,3.60022,60,0.0,0.272953,0.567915,0.565784,0.0,HoltWinters7,0.061459,9037e1083b1109b4,0.05588,0.064248,-0.130243,0.216508,0.0,0.14073,Stable,False,2026-08-27T18:24:04.422843+00:00
P01790,63.431343,7.309549,670,0.0,60.4,4.857983,60,0.0,0.41471,0.664608,0.408558,0.0,HoltWinters7,0.051692,c37e900b054dfe87,0.0433,0.055888,-0.225242,0.216185,0.0,0.14052,Stable,False,2026-08-27T18:24:04.422843+00:00
P00384,222.547761,51.672852,670,0.0,241.783333,58.894359,60,0.0,0.372257,1.139754,0.130813,0.0,SES,0.190529,4f96e8b4db367fa2,0.20872,0.181434,0.150389,0.135074,0.150389,0.140434,Stable,False,2026-08-27T18:24:04.422843+00:00
P01348,3.485075,0.810387,670,0.0,3.166667,0.526152,60,0.0,0.392908,0.64926,0.431922,0.0,SeasonalNaive7,0.063842,3af9f397b29d7acd,0.06383,0.063848,-0.000286,0.21603,0.0,0.14042,Stable,False,2026-08-27T18:24:04.422843+00:00
P00716,185.349254,42.669871,670,0.0,215.65,46.355964,60,0.0,0.71012,1.086386,0.082857,0.0,RollingMean28,0.188531,18bc5427a8eead8b,0.152316,0.206638,-0.262886,0.215997,0.0,0.140398,Stable,False,2026-08-27T18:24:04.422843+00:00
P00422,81.177612,8.817521,670,0.0,77.2,6.105846,60,0.0,0.451103,0.692467,0.367494,0.0,HoltWinters7,0.042962,22a62eb0c4fefed7,0.040243,0.044322,-0.092038,0.215927,0.0,0.140352,Stable,False,2026-08-27T18:24:04.422843+00:00
P01830,7.264179,1.666625,670,0.0,6.65,1.054852,60,0.0,0.368517,0.632927,0.457401,0.0,HoltWinters7,0.07972,c4aa252f54506707,0.063074,0.088043,-0.283604,0.215692,0.0,0.1402,Stable,False,2026-08-27T18:24:04.422843+00:00
P01168,112.374627,22.095558,670,0.0,103.35,14.630853,60,0.0,0.408436,0.662163,0.412244,0.0,HoltWinters7,0.076152,80042e076363ccb1,0.073185,0.077636,-0.057332,0.215381,0.0,0.139998,Stable,False,2026-08-27T18:24:04.422843+00:00
P00088,67.089552,13.459935,670,0.0,62.666667,8.504568,60,0.0,0.328596,0.631843,0.459114,0.0,HoltWinters7,0.061293,d9c68a6dbaba8aa9,0.062032,0.060924,0.018193,0.205142,0.018193,0.13971,Stable,False,2026-08-27T18:24:04.422843+00:00
P01901,289.685075,32.669257,670,0.0,274.55,25.432146,60,0.0,0.463282,0.778473,0.250421,0.0,HoltWinters7,0.052735,a30f5f3886135a1b,0.054324,0.051941,0.045869,0.190008,0.045869,0.139559,Stable,False,2026-08-27T18:24:04.422843+00:00
P00768,31.765672,7.192652,670,0.0,34.716667,8.387019,60,0.0,0.410279,1.166054,0.153625,0.0,SES,0.156706,7d515d7a41d216ba,0.168495,0.150812,0.11725,0.151233,0.11725,0.139339,Stable,False,2026-08-27T18:24:04.422843+00:00
P01918,183.155224,31.211795,670,0.0,203.383333,27.021706,60,0.0,0.648092,0.865753,0.144156,0.0,HoltWinters7,0.072692,40d0e0b50b16499c,0.069414,0.074332,-0.066168,0.214264,0.0,0.139272,Stable,False,2026-08-27T18:24:04.422843+00:00
P01332,33.295522,3.719517,670,0.0,32.3,2.423753,60,0.0,0.267648,0.651631,0.428277,0.0,HoltWinters7,0.049876,3a82c5c8e6b38d74,0.0519,0.048864,0.062145,0.180673,0.062145,0.139188,Stable,False,2026-08-27T18:24:04.422843+00:00
P01843,14.773134,3.320345,670,0.0,13.733333,1.990372,60,0.0,0.313161,0.599448,0.511747,0.0,HoltWinters7,0.092923,b8f227c4c262dae1,0.080454,0.099158,-0.188627,0.214056,0.0,0.139136,Stable,False,2026-08-27T18:24:04.422843+00:00
P01619,287.008955,57.480899,670,0.0,264.266667,37.736763,60,0.0,0.395649,0.65651,0.420818,0.0,SeasonalNaive7,0.068203,f607ff23d4236f6c,0.055812,0.074399,-0.249826,0.214008,0.0,0.139105,Stable,False,2026-08-27T18:24:04.422843+00:00
P01433,90.202985,10.489542,670,0.0,85.316667,7.452657,60,0.0,0.465828,0.710484,0.341808,0.0,HoltWinters7,0.043928,2fd52a265a4fdb8c,0.037388,0.047198,-0.207856,0.213555,0.0,0.138811,Stable,False,2026-08-27T18:24:04.422843+00:00
P00679,92.970149,21.706543,670,0.0,105.483333,27.011919,60,0.0,0.576471,1.244414,0.218665,0.0,SES,0.196929,0ba8459c2d539d35,0.180899,0.204944,-0.117324,0.213196,0.0,0.138577,Stable,False,2026-08-27T18:24:04.422843+00:00
P01086,76.91791,15.513362,670,0.0,71.216667,9.913339,60,0.0,0.367505,0.639019,0.44782,0.0,HoltWinters7,0.060511,d012ec488a5c5d9c,0.049111,0.06621,-0.258251,0.213019,0.0,0.138462,Stable,False,2026-08-27T18:24:04.422843+00:00
P00491,253.0,28.971508,670,0.0,239.516667,20.640171,60,0.0,0.4654,0.71243,0.339074,0.0,HoltWinters7,0.04853,e618f48e954acf3d,0.046727,0.049432,-0.054706,0.212753,0.0,0.13829,Stable,False,2026-08-27T18:24:04.422843+00:00
P00811,157.459701,36.554695,670,0.0,177.6,46.683282,60,0.0,0.550963,1.27708,0.244576,0.0,SES,0.194992,6a599d96ba0da303,0.188511,0.198232,-0.049042,0.212659,0.0,0.138228,Stable,False,2026-08-27T18:24:04.422843+00:00
P00749,194.362687,43.971163,670,0.0,224.35,48.478486,60,0.0,0.681977,1.102506,0.097586,0.0,Naive,0.174427,d1561e4fd2dfa51d,0.144383,0.189449,-0.237878,0.21194,0.0,0.137761,Stable,False,2026-08-27T18:24:04.422843+00:00
P00161,9.113433,2.087538,670,0.0,8.433333,1.280448,60,0.0,0.32579,0.613377,0.488775,0.0,HoltWinters7,0.104049,20c5092ede4b18b7,0.100246,0.10595,-0.053839,0.211786,0.0,0.137661,Stable,False,2026-08-27T18:24:04.422843+00:00
P01397,28.097015,4.33167,670,0.0,27.116667,2.623826,60,0.0,0.226321,0.605731,0.50132,0.0,SeasonalNaive7,0.073424,a497c7443d81ba1c,0.075589,0.072341,0.044886,0.187568,0.044886,0.13763,Stable,False,2026-08-27T18:24:04.422843+00:00
P00343,24.765672,6.462287,670,0.0,26.883333,10.510836,60,0.0,0.327695,1.626489,0.486424,0.0,SES,0.236696,f44605c2d7030542,0.155644,0.277222,-0.438558,0.211722,0.0,0.137619,Stable,False,2026-08-27T18:24:04.422843+00:00
P00830,89.602985,17.763199,670,0.0,81.983333,12.231512,60,0.0,0.428957,0.688587,0.373113,0.0,HoltWinters7,0.070704,70d5ed2357b1d955,0.067793,0.07216,-0.060513,0.211242,0.0,0.137307,Stable,False,2026-08-27T18:24:04.422843+00:00
P00686,268.41194,44.272196,670,0.0,296.4,38.129218,60,0.0,0.632181,0.861245,0.149376,0.0,HoltWinters7,0.075505,0d85d8dbbd6c3831,0.06762,0.079448,-0.148882,0.211194,0.0,0.137276,Stable,False,2026-08-27T18:24:04.422843+00:00
P00658,11.773134,2.671198,670,0.0,11.016667,1.567592,60,0.0,0.283194,0.58685,0.532987,0.0,HoltWinters7,0.102857,bed393d1c8f0f31b,0.100002,0.104284,-0.041057,0.211125,0.0,0.137231,Stable,False,2026-08-27T18:24:04.422843+00:00
P00097,118.974627,24.017201,670,0.0,109.533333,15.913396,60,0.0,0.393105,0.662583,0.411609,0.0,HoltWinters7,0.064522,8dc6cadb61f93f8f,0.054595,0.069485,-0.214289,0.211006,0.0,0.137154,Stable,False,2026-08-27T18:24:04.422843+00:00
P01588,8.319403,1.850806,670,0.0,7.666667,1.174109,60,0.0,0.352677,0.634377,0.455112,0.0,SeasonalNaive7,0.092044,e99e8fa889b574c8,0.085837,0.095148,-0.097854,0.210764,0.0,0.136997,Stable,False,2026-08-27T18:24:04.422843+00:00
P01154,360.983582,38.818978,670,0.0,347.6,24.420886,60,0.0,0.344769,0.629097,0.463471,0.0,HoltWinters7,0.042552,4288250756c23328,0.0335,0.047078,-0.288407,0.210679,0.0,0.136941,Stable,False,2026-08-27T18:24:04.422843+00:00
P00398,26.580597,6.038633,670,0.0,25.0,3.468991,60,0.0,0.261747,0.574466,0.554314,0.0,HoltWinters7,0.088309,770edd9f4ebb2156,0.059561,0.102683,-0.419956,0.210559,0.0,0.136863,Stable,False,2026-08-27T18:24:04.422843+00:00
P00113,91.856716,21.068195,670,0.0,107.45,21.659479,60,0.0,0.740134,1.028065,0.027679,0.0,RollingMean28,0.167404,9b646d8ffe087adf,0.149637,0.176287,-0.151174,0.210456,0.0,0.136797,Stable,False,2026-08-27T18:24:04.422843+00:00
P01341,27.161194,4.075262,670,0.0,26.116667,2.329557,60,0.0,0.256309,0.571634,0.559257,0.0,HoltWinters7,0.058578,7cd72a4b52538441,0.030857,0.072439,-0.574025,0.210299,0.0,0.136695,Stable,False,2026-08-27T18:24:04.422843+00:00
P00878,501.60597,55.92171,670,0.0,481.566667,37.482817,60,0.0,0.358346,0.670273,0.40007,0.0,HoltWinters7,0.044451,b5bf20a21ef30d3b,0.045082,0.044136,0.021433,0.198563,0.021433,0.136567,Stable,False,2026-08-27T18:24:04.422843+00:00
P01335,33.358209,7.657273,670,0.0,38.666667,8.276302,60,0.0,0.693257,1.080842,0.07774,0.0,SES,0.195464,4a518a2294519285,0.177656,0.204368,-0.130707,0.210081,0.0,0.136552,Stable,False,2026-08-27T18:24:04.422843+00:00
P01242,261.822388,28.622899,670,0.0,251.7,21.409882,60,0.0,0.353646,0.747998,0.290354,0.0,HoltWinters7,0.046246,8a1f51750a44af63,0.048468,0.045136,0.07382,0.169841,0.07382,0.136234,Stable,False,2026-08-27T18:24:04.422843+00:00
P00023,18.102985,4.213278,670,0.0,16.783333,2.571629,60,0.0,0.313213,0.610363,0.493701,0.0,HoltWinters7,0.09176,2b7202d80c8f0055,0.071894,0.101693,-0.293027,0.209559,0.0,0.136213,Stable,False,2026-08-27T18:24:04.422843+00:00
P00674,165.858209,27.432524,670,0.0,181.283333,22.065459,60,0.0,0.562293,0.804354,0.217716,0.0,HoltWinters7,0.077708,72ada64ea1b8639e,0.072101,0.080512,-0.104465,0.20906,0.0,0.135889,Stable,False,2026-08-27T18:24:04.422843+00:00
P01115,282.737313,31.815325,670,0.0,267.583333,23.329106,60,0.0,0.476311,0.733266,0.310246,0.0,HoltWinters7,0.049594,12962a2a3c75c89c,0.039819,0.054481,-0.269131,0.208547,0.0,0.135556,Stable,False,2026-08-27T18:24:04.422843+00:00
P00818,16.314925,3.661408,670,0.0,15.066667,2.313312,60,0.0,0.340923,0.631809,0.459167,0.0,HoltWinters7,0.080729,acef7827923418ea,0.078222,0.081983,-0.045876,0.208546,0.0,0.135555,Stable,False,2026-08-27T18:24:04.422843+00:00
P00561,173.273134,19.210229,670,0.0,164.3,13.948209,60,0.0,0.467102,0.726082,0.320092,0.0,HoltWinters7,0.049709,54ee301d90e96537,0.046984,0.051071,-0.08004,0.208476,0.0,0.135509,Stable,False,2026-08-27T18:24:04.422843+00:00
P01976,182.541791,42.083878,670,0.0,208.633333,48.964521,60,0.0,0.619989,1.163498,0.151431,0.0,SES,0.177012,44d2c193a77cfb64,0.13401,0.198513,-0.32493,0.208355,0.0,0.135431,Stable,False,2026-08-27T18:24:04.422843+00:00
P01045,70.210448,15.570531,670,0.0,77.966667,20.374433,60,0.0,0.498135,1.308525,0.268901,0.0,SES,0.194311,e37923bfb666e48f,0.195287,0.193823,0.007553,0.204212,0.007553,0.135382,Stable,False,2026-08-27T18:24:04.422843+00:00
P00254,9.928358,2.304399,670,0.0,9.25,1.385457,60,0.0,0.294375,0.601223,0.50879,0.0,SeasonalNaive7,0.094195,2c4407172eb809c5,0.085714,0.098436,-0.129239,0.208151,0.0,0.135298,Stable,False,2026-08-27T18:24:04.422843+00:00
P01263,15.641791,3.580805,670,0.0,14.583333,2.157303,60,0.0,0.295592,0.602463,0.506729,0.0,SeasonalNaive7,0.104523,9cb581d2eeb40659,0.103837,0.104865,-0.009803,0.20797,0.0,0.135181,Stable,False,2026-08-27T18:24:04.422843+00:00
P00018,210.392537,34.113014,670,0.0,235.283333,33.160673,60,0.0,0.729657,0.972083,0.028314,0.0,HoltWinters7,0.081233,0978bfc84b8bc35a,0.072337,0.085681,-0.155741,0.207734,0.0,0.135027,Stable,False,2026-08-27T18:24:04.422843+00:00
P00432,167.322388,17.93054,670,0.0,160.4,11.945072,60,0.0,0.386067,0.666186,0.406187,0.0,HoltWinters7,0.040546,9204899407455b7a,0.028803,0.046418,-0.379486,0.207715,0.0,0.135015,Stable,False,2026-08-27T18:24:04.422843+00:00
P00415,58.562687,11.630643,670,0.0,54.383333,7.897847,60,0.0,0.35934,0.679055,0.387053,0.0,HoltWinters7,0.064546,a12a085b8ab663da,0.06547,0.064084,0.021624,0.195582,0.021624,0.134697,Stable,False,2026-08-27T18:24:04.422843+00:00
P00267,102.80597,136.081752,670,0.631343,94.933333,131.549548,60,0.65,0.057852,0.966695,0.033872,0.018657,SeasonalNaive7,1.192732,cfae2eed840a8dd9,1.426153,1.076021,0.325396,0.03184,0.325396,0.134585,Stable,False,2026-08-27T18:24:04.422843+00:00
P00986,203.937313,40.675819,670,0.0,187.533333,27.718602,60,0.0,0.403286,0.681452,0.38353,0.0,HoltWinters7,0.060486,6844ed2cf7432362,0.041967,0.069745,-0.398284,0.206786,0.0,0.134411,Stable,False,2026-08-27T18:24:04.422843+00:00
P01746,108.989552,21.633754,670,0.0,99.716667,15.161382,60,0.0,0.42863,0.700821,0.355503,0.0,HoltWinters7,0.05994,851aaab7adcbbd04,0.054801,0.062509,-0.123306,0.206749,0.0,0.134387,Stable,False,2026-08-27T18:24:04.422843+00:00
P01140,328.576119,54.392633,670,0.0,364.816667,49.51305,60,0.0,0.666277,0.91029,0.093992,0.0,HoltWinters7,0.075893,77500345c110217e,0.071755,0.077961,-0.079607,0.206724,0.0,0.134371,Stable,False,2026-08-27T18:24:04.422843+00:00
P00189,254.686567,41.224751,670,0.0,280.533333,35.957351,60,0.0,0.626972,0.872227,0.136705,0.0,HoltWinters7,0.084052,b4f33f33aec59bfc,0.080279,0.085939,-0.065853,0.206594,0.0,0.134286,Stable,False,2026-08-27T18:24:04.422843+00:00
P01429,66.444776,13.013587,670,0.0,62.466667,9.082422,60,0.0,0.305689,0.697918,0.359653,0.0,HoltWinters7,0.066929,1a4fc981f94a779f,0.069572,0.065608,0.060413,0.173978,0.060413,0.13423,Stable,False,2026-08-27T18:24:04.422843+00:00
P01909,14.792537,3.382042,670,0.0,13.9,1.980413,60,0.0,0.263905,0.585567,0.535175,0.0,HoltWinters7,0.083685,f4b74349ca8afb8b,0.08111,0.084972,-0.045448,0.206367,0.0,0.134139,Stable,False,2026-08-27T18:24:04.422843+00:00
P01705,18.638806,4.226154,670,0.0,17.333333,2.601607,60,0.0,0.308903,0.615597,0.485163,0.0,HoltWinters7,0.086795,d1fdbbc81e570e7f,0.056547,0.101919,-0.445182,0.206239,0.0,0.134055,Stable,False,2026-08-27T18:24:04.422843+00:00
P00387,14.597015,3.307191,670,0.0,13.55,2.053727,60,0.0,0.316587,0.620989,0.476443,0.0,HoltWinters7,0.068323,e24cdb4fba6d07da,0.065186,0.069892,-0.067334,0.206172,0.0,0.134012,Stable,False,2026-08-27T18:24:04.422843+00:00
P00874,17.965672,4.055705,670,0.0,16.85,2.406383,60,0.0,0.275087,0.593333,0.522,0.0,SeasonalNaive7,0.092451,400be333757bc461,0.077821,0.099765,-0.219959,0.206149,0.0,0.133997,Stable,False,2026-08-27T18:24:04.422843+00:00
P00277,147.586567,205.974248,670,0.655224,157.55,203.599509,60,0.616667,0.048372,0.988471,0.011596,0.038557,RollingMean28,1.360371,55d5795f6546383e,1.625353,1.227879,0.323708,0.031624,0.323708,0.133853,Stable,False,2026-08-27T18:24:04.422843+00:00
P01740,3.232836,0.757304,670,0.0,2.95,0.501692,60,0.0,0.373477,0.662471,0.411778,0.0,SeasonalNaive7,0.069373,45875bb147eb0898,0.011494,0.098312,-0.883084,0.205651,0.0,0.133673,Stable,False,2026-08-27T18:24:04.422843+00:00
P01346,14.029851,3.13603,670,0.0,13.266667,1.802697,60,0.0,0.24336,0.574834,0.553674,0.0,HoltWinters7,0.06254,8c42e8e17abe10f9,0.057391,0.065114,-0.118612,0.205342,0.0,0.133473,Stable,False,2026-08-27T18:24:04.422843+00:00
P01372,23.449254,5.921986,670,0.0,24.8,10.47321,60,0.0,0.22809,1.76853,0.570149,0.0,SES,0.233589,31af2e56ce9c2a96,0.222274,0.239246,-0.070941,0.205262,0.0,0.13342,Stable,False,2026-08-27T18:24:04.422843+00:00
P01058,4.420896,0.718439,670,0.0,4.2,0.443407,60,0.0,0.307466,0.617182,0.482592,0.0,Naive,0.045117,5c78d66fc62de012,0.032787,0.051282,-0.360656,0.205201,0.0,0.133381,Stable,False,2026-08-27T18:24:04.422843+00:00
P01964,5.326866,1.200035,670,0.0,5.0,0.713074,60,0.0,0.27238,0.594211,0.520521,0.0,SeasonalNaive7,0.099919,4f43aad4b3e0df53,0.07947,0.110143,-0.278481,0.205035,0.0,0.133273,Stable,False,2026-08-27T18:24:04.422843+00:00
P00805,22.441791,4.973356,670,0.0,21.0,3.014091,60,0.0,0.289903,0.606048,0.500797,0.0,HoltWinters7,0.06776,fbf966df5d12df5e,0.06576,0.06876,-0.043626,0.204922,0.0,0.1332,Stable,False,2026-08-27T18:24:04.422843+00:00
P00897,13.764179,3.632757,670,0.0,13.15,3.630497,60,0.0,0.169067,0.999378,0.000622,0.0,Naive,0.18758,93651666d4a318c8,0.221053,0.170844,0.293883,0.046649,0.293883,0.133181,Stable,False,2026-08-27T18:24:04.422843+00:00
P01836,117.459701,12.904294,670,0.0,112.6,8.604689,60,0.0,0.376596,0.666808,0.405253,0.0,HoltWinters7,0.042899,de2d37e8a7b1234c,0.040166,0.044266,-0.092621,0.204877,0.0,0.13317,Stable,False,2026-08-27T18:24:04.422843+00:00
P00748,340.643284,57.399678,670,0.0,371.966667,46.169168,60,0.0,0.545707,0.804345,0.217726,0.0,HoltWinters7,0.071265,9cee704895427148,0.062422,0.075686,-0.175249,0.204501,0.0,0.132926,Stable,False,2026-08-27T18:24:04.422843+00:00
P00754,16.370149,2.611977,670,0.0,15.516667,1.651827,60,0.0,0.326757,0.632405,0.458226,0.0,HoltWinters7,0.0662,233d3cf1bf5f88b6,0.043265,0.077668,-0.442941,0.204415,0.0,0.13287,Stable,False,2026-08-27T18:24:04.422843+00:00
P00581,308.343284,51.092475,670,0.0,342.6,47.165486,60,0.0,0.670485,0.92314,0.079975,0.0,HoltWinters7,0.083835,6a68247854d36060,0.081359,0.085073,-0.043664,0.204377,0.0,0.132845,Stable,False,2026-08-27T18:24:04.422843+00:00
P01071,12.49403,3.183824,670,0.0,11.483333,2.61347,60,0.0,0.317447,0.820859,0.197404,0.0,RollingMean28,0.179206,ab480cc5a0c1fd2f,0.193555,0.172032,0.125112,0.136649,0.125112,0.132611,Stable,False,2026-08-27T18:24:04.422843+00:00
P00528,3.965672,0.967491,670,0.0,3.666667,0.601317,60,0.0,0.309052,0.621522,0.475585,0.0,SeasonalNaive28,0.118593,1ee254680e828502,0.099099,0.12834,-0.227837,0.203885,0.0,0.132526,Stable,False,2026-08-27T18:24:04.422843+00:00
P01328,298.302985,31.969424,670,0.0,285.883333,21.690498,60,0.0,0.388485,0.678476,0.387906,0.0,HoltWinters7,0.049438,b3f8a0e38d6495e4,0.03746,0.055428,-0.32417,0.20381,0.0,0.132476,Stable,False,2026-08-27T18:24:04.422843+00:00
P01378,129.286567,25.716721,670,0.0,118.683333,17.915519,60,0.0,0.412309,0.696649,0.361474,0.0,HoltWinters7,0.053561,f834c175ab7f91db,0.053126,0.053779,-0.012142,0.203753,0.0,0.13244,Stable,False,2026-08-27T18:24:04.422843+00:00
P00747,18.267164,2.82292,670,0.0,17.816667,1.489985,60,0.0,0.159586,0.527817,0.639005,0.0,HoltWinters7,0.057846,e5fe43b02ad74970,0.041643,0.065948,-0.368554,0.203637,0.0,0.132364,Stable,False,2026-08-27T18:24:04.422843+00:00
P00606,89.253731,18.042172,670,0.0,81.833333,12.568681,60,0.0,0.411281,0.696628,0.361504,0.0,HoltWinters7,0.057527,6d66eccbef7bef03,0.055106,0.058738,-0.061845,0.203478,0.0,0.132261,Stable,False,2026-08-27T18:24:04.422843+00:00
P01510,74.028358,108.234524,670,0.676119,93.966667,113.171232,60,0.583333,0.184214,1.045611,0.044602,0.092786,Naive,1.064623,a30de50477af609d,1.193869,1.0,0.193869,0.098924,0.193869,0.132154,Stable,False,2026-08-27T18:24:04.422843+00:00
P01978,22.867164,5.12609,670,0.0,21.466667,3.072385,60,0.0,0.27321,0.599362,0.511889,0.0,HoltWinters7,0.075047,9b511421a992b68e,0.067885,0.078629,-0.136635,0.203105,0.0,0.132018,Stable,False,2026-08-27T18:24:04.422843+00:00
P01487,11.707463,1.812868,670,0.0,11.283333,1.043002,60,0.0,0.233955,0.575332,0.552807,0.0,HoltWinters7,0.064021,eda198475ef609b0,0.057454,0.067305,-0.146353,0.202539,0.0,0.131651,Stable,False,2026-08-27T18:24:04.422843+00:00
P01719,209.729851,48.678226,670,0.0,238.816667,56.688411,60,0.0,0.597532,1.164554,0.152338,0.0,SES,0.189535,28df3bac2420222b,0.180116,0.194244,-0.072733,0.202406,0.0,0.131564,Stable,False,2026-08-27T18:24:04.422843+00:00
P01201,159.132836,16.750396,670,0.0,153.033333,12.299878,60,0.0,0.364141,0.734304,0.308833,0.0,HoltWinters7,0.046092,9a9acf087dce1cbc,0.047497,0.04539,0.046426,0.177347,0.046426,0.131524,Stable,False,2026-08-27T18:24:04.422843+00:00
P00019,14.264179,3.164225,670,0.0,13.383333,1.91419,60,0.0,0.278377,0.604948,0.502613,0.0,HoltWinters7,0.078421,ed6bee10473c04a4,0.057675,0.088794,-0.350467,0.202207,0.0,0.131434,Stable,False,2026-08-27T18:24:04.422843+00:00
P00443,28.501493,6.44692,670,0.0,26.383333,4.121427,60,0.0,0.328554,0.639286,0.447403,0.0,HoltWinters7,0.063693,116dbb10329007bc,0.06365,0.063714,-0.001003,0.202203,0.0,0.131432,Stable,False,2026-08-27T18:24:04.422843+00:00
P00932,182.91194,43.932136,670,0.0,208.733333,51.598143,60,0.0,0.587756,1.174497,0.16084,0.0,Naive,0.187531,4ee36243187b816c,0.136564,0.213015,-0.358901,0.201843,0.0,0.131198,Stable,False,2026-08-27T18:24:04.422843+00:00
P01507,221.131343,43.475651,670,0.0,203.0,31.365532,60,0.0,0.417046,0.721451,0.326491,0.0,SeasonalNaive7,0.072047,120172557a90495a,0.072518,0.071812,0.009843,0.19631,0.009843,0.131047,Stable,False,2026-08-27T18:24:04.422843+00:00
P01949,16.374627,2.51779,670,0.0,15.7,1.639553,60,0.0,0.267944,0.651188,0.428958,0.0,SeasonalNaive7,0.064788,4fe59ddad360faa9,0.066381,0.063991,0.037348,0.180924,0.037348,0.130672,Stable,False,2026-08-27T18:24:04.422843+00:00
P01444,11.197015,2.549948,670,0.0,10.466667,1.567322,60,0.0,0.286417,0.614649,0.486705,0.0,HoltWinters7,0.095283,587c6d6bf5c4bef1,0.078577,0.103636,-0.241795,0.200441,0.0,0.130287,Stable,False,2026-08-27T18:24:04.422843+00:00
P00237,11.386567,2.78499,670,0.0,10.95,2.788749,60,0.0,0.156757,1.001349,0.001348,0.0,Naive,0.186083,9da93d54115d3206,0.219048,0.169601,0.291548,0.043445,0.291548,0.130281,Stable,False,2026-08-27T18:24:04.422843+00:00
P01379,16.835821,4.801274,670,0.0,15.733333,3.219994,60,0.0,0.229624,0.670654,0.399502,0.0,RollingMean28,0.161755,86645160b35be29a,0.169023,0.158121,0.068947,0.163022,0.068947,0.130096,Stable,False,2026-08-27T18:24:04.422843+00:00
P01534,6.753731,1.56683,670,0.0,6.25,1.002116,60,0.0,0.321497,0.639582,0.44694,0.0,HoltWinters7,0.092204,27151a52e2129fe5,0.090021,0.093295,-0.0351,0.200147,0.0,0.130095,Stable,False,2026-08-27T18:24:04.422843+00:00
P01582,17.153731,3.751067,670,0.0,16.083333,2.309095,60,0.0,0.285358,0.615584,0.485184,0.0,HoltWinters7,0.060617,9aad2bb238c021dc,0.046857,0.067497,-0.305795,0.19977,0.0,0.12985,Stable,False,2026-08-27T18:24:04.422843+00:00
P00131,13.243284,3.003572,670,0.0,12.25,1.945224,60,0.0,0.330701,0.647637,0.434425,0.0,HoltWinters7,0.078644,cca20c06fb04dddb,0.072216,0.081857,-0.11778,0.199549,0.0,0.129707,Stable,False,2026-08-27T18:24:04.422843+00:00
P00952,337.355224,36.603753,670,0.0,323.4,26.380655,60,0.0,0.381251,0.720709,0.32752,0.0,HoltWinters7,0.045541,8ca87cb6fc4bdbb3,0.046247,0.045188,0.023438,0.186724,0.023438,0.129574,Stable,False,2026-08-27T18:24:04.422843+00:00
P01386,6.941791,1.062142,670,0.0,6.75,0.704104,60,0.0,0.18057,0.662909,0.411117,0.0,SeasonalNaive7,0.080465,f0b637c6a31d793e,0.085,0.078197,0.086998,0.152436,0.086998,0.129533,Stable,False,2026-08-27T18:24:04.422843+00:00
P01508,42.628358,8.641373,670,0.0,39.7,5.654757,60,0.0,0.338876,0.654382,0.424064,0.0,HoltWinters7,0.069119,16feac8c4bd3796e,0.049837,0.078759,-0.367222,0.199207,0.0,0.129485,Stable,False,2026-08-27T18:24:04.422843+00:00
P01623,302.098507,59.461101,670,0.0,282.916667,41.672367,60,0.0,0.322595,0.700834,0.355484,0.0,SeasonalNaive7,0.062202,7185fb38e92f79e3,0.063804,0.0614,0.039141,0.177585,0.039141,0.129129,Stable,False,2026-08-27T18:24:04.422843+00:00
P00086,18.623881,2.891464,670,0.0,18.116667,1.584797,60,0.0,0.175418,0.548095,0.601307,0.0,HoltWinters7,0.05988,8797c0f9ee06110b,0.048991,0.065325,-0.250039,0.198567,0.0,0.129068,Stable,False,2026-08-27T18:24:04.422843+00:00
P01601,27.285075,6.951309,670,0.0,29.4,11.0057,60,0.0,0.304248,1.583256,0.459483,0.0,SES,0.25382,3a42d6b3dcfe849b,0.187018,0.287221,-0.34887,0.198539,0.0,0.12905,Stable,False,2026-08-27T18:24:04.422843+00:00
P01745,26.158209,4.021844,670,0.0,25.35,2.268614,60,0.0,0.200955,0.564073,0.572571,0.0,HoltWinters7,0.067375,71f5ccbaf9badedb,0.058806,0.07166,-0.179382,0.198405,0.0,0.128964,Stable,False,2026-08-27T18:24:04.422843+00:00
P00770,81.307463,21.232455,670,0.0,95.05,23.02425,60,0.0,0.647242,1.084389,0.081017,0.0,SES,0.20675,0289c9c1342157ac,0.171754,0.224248,-0.234087,0.198246,0.0,0.12886,Stable,False,2026-08-27T18:24:04.422843+00:00
P00767,278.726866,29.778229,670,0.0,266.533333,21.142348,60,0.0,0.409478,0.709993,0.3425,0.0,HoltWinters7,0.050185,ad42fb1ba3cb919b,0.04905,0.050753,-0.033546,0.198231,0.0,0.12885,Stable,False,2026-08-27T18:24:04.422843+00:00
P01043,23.88806,6.121418,670,0.0,22.466667,4.774461,60,0.0,0.2322,0.77996,0.248513,0.0,RollingMean28,0.185122,19eb3090911feba0,0.200947,0.177209,0.133952,0.125983,0.133952,0.128772,Stable,False,2026-08-27T18:24:04.422843+00:00
P00677,29.147761,7.74137,670,0.0,31.6,12.049615,60,0.0,0.316771,1.556522,0.442454,0.0,SES,0.215045,4f43838a181218cc,0.175009,0.235063,-0.255482,0.197725,0.0,0.128522,Stable,False,2026-08-27T18:24:04.422843+00:00
P01505,15.662687,2.376318,670,0.0,15.05,1.43119,60,0.0,0.25783,0.602272,0.507046,0.0,HoltWinters7,0.06232,d9697c7d0c0199ef,0.038112,0.074423,-0.487906,0.197665,0.0,0.128482,Stable,False,2026-08-27T18:24:04.422843+00:00
P01950,19.701493,4.35775,670,0.0,18.566667,2.632049,60,0.0,0.260416,0.603993,0.504193,0.0,HoltWinters7,0.082758,24243a833205964f,0.063237,0.092518,-0.316485,0.197663,0.0,0.128481,Stable,False,2026-08-27T18:24:04.422843+00:00
P00635,13.310448,3.080249,670,0.0,13.65,6.007975,60,0.0,0.110235,1.950484,0.668077,0.0,SES,0.283011,d232303535d06c13,0.187889,0.330572,-0.431624,0.197334,0.0,0.128267,Stable,False,2026-08-27T18:24:04.422843+00:00
P01659,11.371642,2.535978,670,0.0,10.716667,1.530389,60,0.0,0.258273,0.603471,0.505057,0.0,HoltWinters7,0.104785,e137f5c4bc3c737a,0.102164,0.106095,-0.037055,0.197289,0.0,0.128238,Stable,False,2026-08-27T18:24:04.422843+00:00
P01856,18.90597,2.848196,670,0.0,18.033333,1.81301,60,0.0,0.306382,0.636547,0.451697,0.0,HoltWinters7,0.057596,8b189b021d9a69d7,0.048117,0.062335,-0.228092,0.197179,0.0,0.128167,Stable,False,2026-08-27T18:24:04.422843+00:00
P01408,253.125373,57.184848,670,0.0,282.2,70.628366,60,0.0,0.508432,1.235089,0.211143,0.0,Naive,0.192915,684ef7fd8cdde633,0.193939,0.192403,0.007987,0.192605,0.007987,0.127988,Stable,False,2026-08-27T18:24:04.422843+00:00
P00290,107.365672,21.206135,670,0.0,99.666667,14.386513,60,0.0,0.363056,0.678413,0.387999,0.0,HoltWinters7,0.063628,3552aa2f52bc2846,0.054237,0.068323,-0.206173,0.19684,0.0,0.127946,Stable,False,2026-08-27T18:24:04.422843+00:00
P00342,145.616418,23.64468,670,0.0,161.25,22.291311,60,0.0,0.661188,0.942762,0.058941,0.0,HoltWinters7,0.075418,29edd58a546ac205,0.067427,0.079414,-0.150943,0.196562,0.0,0.127765,Stable,False,2026-08-27T18:24:04.422843+00:00
P01997,183.470149,43.709616,670,0.0,208.483333,51.065094,60,0.0,0.572258,1.168281,0.155533,0.0,SES,0.202956,e2453a30f8faa901,0.200468,0.2042,-0.018273,0.196254,0.0,0.127565,Stable,False,2026-08-27T18:24:04.422843+00:00
P00570,13.923881,2.083861,670,0.0,13.366667,1.352545,60,0.0,0.267395,0.649057,0.432234,0.0,SeasonalNaive7,0.067509,1802958d4bf52a4f,0.068702,0.066912,0.026748,0.181592,0.026748,0.127397,Stable,False,2026-08-27T18:24:04.422843+00:00
P00655,15.625373,3.508045,670,0.0,14.716667,2.132013,60,0.0,0.259035,0.60775,0.497992,0.0,HoltWinters7,0.075801,14eb2602af046c09,0.050838,0.088282,-0.424144,0.195733,0.0,0.127226,Stable,False,2026-08-27T18:24:04.422843+00:00
P00412,201.477612,48.208428,670,0.0,227.433333,51.037496,60,0.0,0.538406,1.058684,0.057027,0.0,SES,0.166357,9766404fbe15181c,0.173097,0.162987,0.062033,0.162318,0.062033,0.127219,Stable,False,2026-08-27T18:24:04.422843+00:00
P00596,193.568657,38.163098,670,0.0,177.983333,27.336876,60,0.0,0.408387,0.716317,0.333632,0.0,HoltWinters7,0.079575,b76bf1445b882644,0.07443,0.082147,-0.09394,0.195715,0.0,0.127214,Stable,False,2026-08-27T18:24:04.422843+00:00
P01376,212.201493,50.967234,670,0.0,243.333333,56.904519,60,0.0,0.610821,1.116492,0.110192,0.0,SES,0.20439,8a0f9b11aeca239d,0.203184,0.204993,-0.008825,0.195524,0.0,0.12709,Stable,False,2026-08-27T18:24:04.422843+00:00
P01409,223.608955,44.311669,670,0.0,209.633333,28.678798,60,0.0,0.315394,0.647206,0.43509,0.0,HoltWinters7,0.069145,7cedcd55a5395945,0.064599,0.071418,-0.095483,0.195506,0.0,0.127079,Stable,False,2026-08-27T18:24:04.422843+00:00
P01145,15.064179,2.292589,670,0.0,14.566667,1.332344,60,0.0,0.217009,0.581153,0.542742,0.0,HoltWinters7,0.082861,d99f1a90127c8566,0.059671,0.094456,-0.368262,0.195363,0.0,0.126986,Stable,False,2026-08-27T18:24:04.422843+00:00
P00725,163.649254,32.18915,670,0.0,151.866667,22.040384,60,0.0,0.366042,0.684715,0.378753,0.0,HoltWinters7,0.065941,0a276962689cc5a7,0.057679,0.070072,-0.176865,0.19535,0.0,0.126977,Stable,False,2026-08-27T18:24:04.422843+00:00
P01063,262.847761,28.882124,670,0.0,252.366667,19.715748,60,0.0,0.362892,0.682628,0.381805,0.0,HoltWinters7,0.051536,9c90270d08f87c5a,0.050546,0.052031,-0.028533,0.195247,0.0,0.12691,Stable,False,2026-08-27T18:24:04.422843+00:00
P01511,90.947761,20.929491,670,0.0,103.25,23.938923,60,0.0,0.587794,1.143789,0.134346,0.0,SES,0.192344,8af55b6fd8668ff1,0.179194,0.198918,-0.099157,0.19523,0.0,0.1269,Stable,False,2026-08-27T18:24:04.422843+00:00
P00424,189.016418,37.171377,670,0.0,173.033333,27.323527,60,0.0,0.429984,0.735069,0.307791,0.0,HoltWinters7,0.077733,04be2bee45b2b1b2,0.074442,0.079379,-0.062196,0.195193,0.0,0.126876,Stable,False,2026-08-27T18:24:04.422843+00:00
P00195,19.044776,2.805253,670,0.0,18.366667,1.67703,60,0.0,0.241728,0.597818,0.514469,0.0,HoltWinters7,0.068042,24a4298a3cb7e820,0.045192,0.079467,-0.431319,0.195093,0.0,0.12681,Stable,False,2026-08-27T18:24:04.422843+00:00
P00988,30.259701,4.517498,670,0.0,29.116667,2.737633,60,0.0,0.253024,0.606006,0.500865,0.0,HoltWinters7,0.052783,0932c6f8ae37e0f3,0.041952,0.058198,-0.279143,0.194798,0.0,0.126619,Stable,False,2026-08-27T18:24:04.422843+00:00
P01703,21.189552,3.288547,670,0.0,20.533333,1.881819,60,0.0,0.199547,0.572234,0.558207,0.0,HoltWinters7,0.065089,a97838ed986f9c4f,0.050106,0.072581,-0.309662,0.194427,0.0,0.126378,Stable,False,2026-08-27T18:24:04.422843+00:00
P01880,183.044776,21.251032,670,0.0,174.733333,15.019611,60,0.0,0.391108,0.706771,0.347049,0.0,HoltWinters7,0.04561,86bb67d0a54085e2,0.043103,0.046864,-0.080271,0.194317,0.0,0.126306,Stable,False,2026-08-27T18:24:04.422843+00:00
P01260,251.138806,49.664677,670,0.0,233.333333,33.873477,60,0.0,0.358514,0.682044,0.382662,0.0,SeasonalNaive7,0.073846,bfc22a7ad9922d62,0.057467,0.082035,-0.299487,0.194257,0.0,0.126267,Stable,False,2026-08-27T18:24:04.422843+00:00
P01824,403.476119,43.598061,670,0.0,388.133333,29.682767,60,0.0,0.351914,0.680828,0.384446,0.0,HoltWinters7,0.045834,8afb5c7d946ab4c3,0.045892,0.045805,0.001895,0.192888,0.001895,0.12604,Stable,False,2026-08-27T18:24:04.422843+00:00
P00992,165.641791,228.546378,670,0.650746,93.166667,189.595928,60,0.8,0.317113,0.829573,0.186844,0.149254,RollingMean28,1.809598,f6a8d43284a2a9cc,1.244143,2.092325,-0.405378,0.193619,0.0,0.125852,Stable,False,2026-08-27T18:24:04.422843+00:00
P00492,125.791045,24.747356,670,0.0,117.016667,16.852794,60,0.0,0.354558,0.680994,0.384202,0.0,HoltWinters7,0.083733,c71d23c2d6db6f9c,0.080154,0.085523,-0.062779,0.193554,0.0,0.12581,Stable,False,2026-08-27T18:24:04.422843+00:00
P01470,463.764179,50.647596,670,0.0,441.483333,37.891232,60,0.0,0.439919,0.748135,0.290172,0.0,HoltWinters7,0.054252,554581c2155a15eb,0.052759,0.054998,-0.04072,0.193521,0.0,0.125788,Stable,False,2026-08-27T18:24:04.422843+00:00
P01529,248.737313,59.160567,670,0.0,284.15,66.377407,60,0.0,0.598586,1.121987,0.115102,0.0,SES,0.209649,364262c50d5f6494,0.154711,0.237118,-0.347534,0.193387,0.0,0.125701,Stable,False,2026-08-27T18:24:04.422843+00:00
P01070,24.997015,3.765153,670,0.0,23.983333,2.346954,60,0.0,0.269227,0.623336,0.47267,0.0,HoltWinters7,0.067375,8b07201869581407,0.058846,0.071639,-0.178568,0.192205,0.0,0.124933,Stable,False,2026-08-27T18:24:04.422843+00:00
P00636,9.655224,2.162099,670,0.0,9.1,1.336578,60,0.0,0.256799,0.618185,0.480967,0.0,HoltWinters7,0.0817,9d331deca46e480c,0.081818,0.081641,0.002172,0.190861,0.002172,0.12482,Stable,False,2026-08-27T18:24:04.422843+00:00
P01984,125.819403,21.271367,670,0.0,137.833333,18.372941,60,0.0,0.564794,0.86374,0.146483,0.0,HoltWinters7,0.07243,b05d706f36aa4530,0.064048,0.076621,-0.164097,0.191939,0.0,0.12476,Stable,False,2026-08-27T18:24:04.422843+00:00
P00914,3.91194,0.945293,670,0.0,3.7,0.561475,60,0.0,0.224206,0.593969,0.520928,0.0,SeasonalNaive7,0.102601,915d1e920ff7e666,0.095652,0.106075,-0.098257,0.191889,0.0,0.124728,Stable,False,2026-08-27T18:24:04.422843+00:00
P01085,35.002985,8.25889,670,0.0,39.166667,10.208283,60,0.0,0.504145,1.236036,0.211909,0.0,SES,0.177567,0c8dcb36219dada7,0.175038,0.178832,-0.021215,0.191617,0.0,0.124551,Stable,False,2026-08-27T18:24:04.422843+00:00
P00194,38.586567,4.418077,670,0.0,36.983333,3.06147,60,0.0,0.36288,0.692942,0.366809,0.0,HoltWinters7,0.045049,ad3be0e187993378,0.042156,0.046496,-0.093335,0.191494,0.0,0.124471,Stable,False,2026-08-27T18:24:04.422843+00:00
P00612,490.758209,54.986298,670,0.0,471.116667,37.894184,60,0.0,0.357208,0.689157,0.372286,0.0,HoltWinters7,0.049802,bb553d4aabf9fc79,0.046447,0.051479,-0.097762,0.191304,0.0,0.124347,Stable,False,2026-08-27T18:24:04.422843+00:00
P01535,14.852239,3.648693,670,0.0,14.566667,3.441357,60,0.0,0.078267,0.943175,0.058503,0.0,RollingMean28,0.185191,4109c659dd0e5960,0.217585,0.168995,0.287525,0.036149,0.287525,0.124131,Stable,False,2026-08-27T18:24:04.422843+00:00
P01428,221.628358,52.55292,670,0.0,249.916667,61.969181,60,0.0,0.538282,1.179177,0.164817,0.0,SES,0.192972,696be6aeb97cb4b5,0.193242,0.192836,0.002106,0.189232,0.002106,0.123738,Stable,False,2026-08-27T18:24:04.422843+00:00
P00864,28.544776,6.177997,670,0.0,27.116667,3.723911,60,0.0,0.231161,0.60277,0.50622,0.0,HoltWinters7,0.077399,d1fa2f6c1042dcd8,0.053546,0.089325,-0.400547,0.190124,0.0,0.123581,Stable,False,2026-08-27T18:24:04.422843+00:00
P01899,21.189552,3.236315,670,0.0,20.416667,1.968323,60,0.0,0.238817,0.608199,0.497254,0.0,HoltWinters7,0.061708,399bac83b2582987,0.055723,0.0647,-0.138756,0.189988,0.0,0.123492,Stable,False,2026-08-27T18:24:04.422843+00:00
P00584,23.067164,5.186792,670,0.0,21.433333,3.436428,60,0.0,0.314998,0.662534,0.411683,0.0,HoltWinters7,0.093374,8667347e4aad5a4d,0.075898,0.102112,-0.25672,0.189545,0.0,0.123204,Stable,False,2026-08-27T18:24:04.422843+00:00
P01361,162.150746,37.83632,670,0.0,180.783333,46.952227,60,0.0,0.492452,1.24093,0.215861,0.0,SES,0.185006,a9a39ba0b321a2c5,0.163579,0.19572,-0.164217,0.18939,0.0,0.123103,Stable,False,2026-08-27T18:24:04.422843+00:00
P00930,5.947761,1.551879,670,0.0,5.65,1.447675,60,0.0,0.191871,0.932853,0.069508,0.0,Naive,0.182733,d840c6c52b2eb15a,0.207792,0.170204,0.220845,0.070142,0.220845,0.122888,Stable,False,2026-08-27T18:24:04.422843+00:00
P01186,56.341791,13.01722,670,0.0,63.35,13.819447,60,0.0,0.53838,1.061628,0.059804,0.0,SES,0.168766,ecc8eeff820bcf91,0.174096,0.166101,0.048136,0.163005,0.048136,0.122801,Stable,False,2026-08-27T18:24:04.422843+00:00
P00519,134.785075,30.820592,670,0.0,155.566667,30.395342,60,0.0,0.674276,0.986202,0.013894,0.0,SES,0.15663,66b8c751f36bb285,0.133274,0.168308,-0.208155,0.188899,0.0,0.122785,Stable,False,2026-08-27T18:24:04.422843+00:00
P00888,10.516418,2.641318,670,0.0,11.25,4.140028,60,0.0,0.277733,1.56741,0.449424,0.0,SES,0.241719,560e271ab92f5449,0.207712,0.258723,-0.197165,0.188733,0.0,0.122676,Stable,False,2026-08-27T18:24:04.422843+00:00
P00229,244.353731,56.452676,670,0.0,282.4,57.216864,60,0.0,0.67395,1.013537,0.013446,0.0,SES,0.179138,ff5f4f27b3dceece,0.16136,0.188027,-0.141829,0.188698,0.0,0.122653,Stable,False,2026-08-27T18:24:04.422843+00:00
P00977,66.262687,13.04481,670,0.0,62.333333,8.550283,60,0.0,0.30122,0.655455,0.422426,0.0,HoltWinters7,0.058262,edd4ee9e0020826b,0.05232,0.061233,-0.145551,0.188442,0.0,0.122487,Stable,False,2026-08-27T18:24:04.422843+00:00
P00675,17.050746,4.305292,670,0.0,17.0,3.640637,60,0.0,0.011787,0.845619,0.167686,0.0,Naive,0.158642,3fb5c738661ac0d3,0.184426,0.14575,0.265358,0.045163,0.265358,0.122231,Stable,False,2026-08-27T18:24:04.422843+00:00
P01246,166.414925,33.509043,670,0.0,156.416667,21.936188,60,0.0,0.298375,0.654635,0.423678,0.0,HoltWinters7,0.074399,bc752ffbcded0b9e,0.067827,0.077684,-0.126886,0.187973,0.0,0.122182,Stable,False,2026-08-27T18:24:04.422843+00:00
P01527,29.749254,4.511383,670,0.0,28.75,2.716085,60,0.0,0.221496,0.602052,0.507412,0.0,Naive,0.068033,a36aa3fc64985483,0.045131,0.079484,-0.432207,0.187764,0.0,0.122047,Stable,False,2026-08-27T18:24:04.422843+00:00
P01285,3.968657,0.934588,670,0.0,3.75,0.571202,60,0.0,0.23396,0.61118,0.492364,0.0,HoltWinters7,0.087611,0f646c258d5638e5,0.077692,0.09257,-0.160723,0.18743,0.0,0.12183,Stable,False,2026-08-27T18:24:04.422843+00:00
P00085,3.640299,0.945694,670,0.0,3.25,0.704104,60,0.0,0.412711,0.744537,0.294993,0.0,SES,0.18116,6e5fbe26303c58be,0.15765,0.192915,-0.182799,0.187244,0.0,0.121708,Stable,False,2026-08-27T18:24:04.422843+00:00
P00870,280.38806,68.527968,670,0.0,317.283333,80.149668,60,0.0,0.538397,1.169591,0.156654,0.0,SES,0.186924,960bfd770c0f4e77,0.181775,0.189499,-0.040757,0.187223,0.0,0.121695,Stable,False,2026-08-27T18:24:04.422843+00:00
P00594,14.362687,2.203702,670,0.0,13.9,1.480953,60,0.0,0.209959,0.672029,0.397453,0.0,HoltWinters7,0.070186,f8abbbf6f70d78cd,0.072752,0.068902,0.055874,0.157102,0.055874,0.121672,Stable,False,2026-08-27T18:24:04.422843+00:00
P01208,16.265672,3.626161,670,0.0,15.483333,2.174519,60,0.0,0.215748,0.599675,0.511367,0.0,HoltWinters7,0.077401,32e58de8b5865dc1,0.065023,0.08359,-0.222115,0.187173,0.0,0.121662,Stable,False,2026-08-27T18:24:04.422843+00:00
P00499,22.725373,5.326341,670,0.0,25.316667,5.318633,60,0.0,0.486505,0.998553,0.001448,0.0,SES,0.183312,a97a3a2a0337477c,0.194945,0.177495,0.098318,0.134151,0.098318,0.121609,Stable,False,2026-08-27T18:24:04.422843+00:00
P00270,15.3,2.420855,670,0.0,14.833333,1.41621,60,0.0,0.192769,0.585004,0.536137,0.0,HoltWinters7,0.06734,013fdfc2f8af346e,0.045328,0.078347,-0.421451,0.187046,0.0,0.12158,Stable,False,2026-08-27T18:24:04.422843+00:00
P01437,20.147761,3.135784,670,0.0,19.383333,1.940572,60,0.0,0.243776,0.618847,0.479897,0.0,SeasonalNaive7,0.081727,1fd7eaf7f3ceff3b,0.079723,0.082729,-0.03634,0.187012,0.0,0.121558,Stable,False,2026-08-27T18:24:04.422843+00:00
P00872,12.655224,3.300894,670,0.0,11.933333,2.283817,60,0.0,0.218695,0.691878,0.368345,0.0,Naive,0.14578,22321867c6d5f00d,0.151862,0.142739,0.063915,0.152228,0.063915,0.121318,Stable,False,2026-08-27T18:24:04.422843+00:00
P00470,266.046269,59.771258,670,0.0,301.15,65.918497,60,0.0,0.587301,1.102846,0.097894,0.0,SES,0.172348,2807b8835bb8c5ff,0.13621,0.190417,-0.284677,0.185981,0.0,0.120888,Stable,False,2026-08-27T18:24:04.422843+00:00
P00905,24.423881,3.70908,670,0.0,23.6,2.256441,60,0.0,0.222125,0.608356,0.496995,0.0,HoltWinters7,0.071158,5066c6e3557ce26f,0.057621,0.077927,-0.260579,0.185333,0.0,0.120467,Stable,False,2026-08-27T18:24:04.422843+00:00
P01640,86.808955,20.383305,670,0.0,99.633333,21.392987,60,0.0,0.629161,1.049535,0.048347,0.0,SES,0.176724,39e3875be197b020,0.152903,0.188635,-0.18942,0.185106,0.0,0.120319,Stable,False,2026-08-27T18:24:04.422843+00:00
P01958,24.001493,3.622096,670,0.0,22.916667,2.402623,60,0.0,0.299502,0.663324,0.410492,0.0,HoltWinters7,0.062223,1d2488104f28eac6,0.045603,0.070533,-0.353449,0.184986,0.0,0.120241,Stable,False,2026-08-27T18:24:04.422843+00:00
P01865,85.956716,20.120777,670,0.0,97.683333,22.185269,60,0.0,0.582811,1.102605,0.097676,0.0,SES,0.169692,b0ef7d09f197d6ed,0.123091,0.192993,-0.362199,0.184692,0.0,0.12005,Stable,False,2026-08-27T18:24:04.422843+00:00
P01449,163.489552,38.249973,670,0.0,182.966667,45.690917,60,0.0,0.509206,1.194535,0.177757,0.0,SES,0.199561,2d520b8e367b7926,0.176399,0.211142,-0.164548,0.184471,0.0,0.119906,Stable,False,2026-08-27T18:24:04.422843+00:00
P00987,88.78806,9.678842,670,0.0,84.866667,7.226286,60,0.0,0.405151,0.746606,0.292217,0.0,HoltWinters7,0.052539,4776447715d8a133,0.051274,0.053172,-0.035677,0.184471,0.0,0.119906,Stable,False,2026-08-27T18:24:04.422843+00:00
P00909,19.791045,3.002925,670,0.0,19.133333,1.826979,60,0.0,0.219024,0.6084,0.496923,0.0,HoltWinters7,0.061309,93e1fd0035e24f54,0.03601,0.073958,-0.513101,0.184462,0.0,0.1199,Stable,False,2026-08-27T18:24:04.422843+00:00
P01468,17.61791,2.673064,670,0.0,17.033333,1.625711,60,0.0,0.218692,0.608183,0.49728,0.0,HoltWinters7,0.055833,70d682ec3c053359,0.049251,0.059124,-0.166996,0.18446,0.0,0.119899,Stable,False,2026-08-27T18:24:04.422843+00:00
P00031,77.976119,15.07964,670,0.0,73.85,9.759524,60,0.0,0.273622,0.647199,0.435102,0.0,HoltWinters7,0.063412,44c3d540fa42b50c,0.063277,0.06348,-0.00319,0.184021,0.0,0.119614,Stable,False,2026-08-27T18:24:04.422843+00:00
P01538,246.867164,26.824547,670,0.0,235.583333,20.450263,60,0.0,0.420653,0.762371,0.271322,0.0,HoltWinters7,0.041177,ebb24415f4cdccd8,0.036511,0.04351,-0.160859,0.18351,0.0,0.119282,Stable,False,2026-08-27T18:24:04.422843+00:00
P00021,81.526866,15.949801,670,0.0,76.166667,11.115978,60,0.0,0.336067,0.696935,0.361063,0.0,HoltWinters7,0.067213,769b605bd78e48b0,0.046312,0.077663,-0.403678,0.182684,0.0,0.118745,Stable,False,2026-08-27T18:24:04.422843+00:00
P00224,11.149254,2.694476,670,0.0,10.4,1.967533,60,0.0,0.27807,0.73021,0.314423,0.0,RollingMean28,0.150037,71a40a124de3f195,0.154956,0.147577,0.05,0.155075,0.05,0.118299,Stable,False,2026-08-27T18:24:04.422843+00:00
P01818,149.043284,16.126172,670,0.0,143.883333,11.079209,60,0.0,0.319974,0.687033,0.375373,0.0,HoltWinters7,0.057624,6f2ed2fe465a099d,0.053856,0.059508,-0.094978,0.181836,0.0,0.118193,Stable,False,2026-08-27T18:24:04.422843+00:00
P01223,29.240299,4.407548,670,0.0,27.983333,2.919784,60,0.0,0.285185,0.662451,0.411809,0.0,HoltWinters7,0.070937,3fbb39229e459d61,0.049143,0.081833,-0.399475,0.181378,0.0,0.117896,Stable,False,2026-08-27T18:24:04.422843+00:00
P01526,27.746269,4.159896,670,0.0,26.733333,2.635267,60,0.0,0.2435,0.633494,0.456505,0.0,HoltWinters7,0.054072,7101042e77f781e2,0.034262,0.063977,-0.464462,0.181089,0.0,0.117708,Stable,False,2026-08-27T18:24:04.422843+00:00
P01496,298.562687,33.228674,670,0.0,287.216667,23.456481,60,0.0,0.341453,0.705911,0.348266,0.0,HoltWinters7,0.048462,c3ca482ded2f92c7,0.040948,0.052218,-0.215839,0.180966,0.0,0.117628,Stable,False,2026-08-27T18:24:04.422843+00:00
P01353,13.298507,2.938406,670,0.0,12.533333,1.899747,60,0.0,0.260405,0.646523,0.436146,0.0,HoltWinters7,0.067905,f426788a5abe7f67,0.055708,0.074003,-0.247224,0.180648,0.0,0.117421,Stable,False,2026-08-27T18:24:04.422843+00:00
P01908,8.408955,1.926119,670,0.0,7.8,1.325116,60,0.0,0.316157,0.687972,0.374007,0.0,HoltWinters7,0.084236,aac06e3a690cb725,0.082783,0.084963,-0.025664,0.180445,0.0,0.117289,Stable,False,2026-08-27T18:24:04.422843+00:00
P01671,14.180597,3.785573,670,0.0,13.4,2.478381,60,0.0,0.206203,0.654691,0.423592,0.0,SES,0.154248,dec1b4d4739b5e79,0.15761,0.152567,0.033058,0.162604,0.033058,0.117263,Stable,False,2026-08-27T18:24:04.422843+00:00
P01681,28.731343,4.348709,670,0.0,27.75,2.709838,60,0.0,0.225663,0.623136,0.47299,0.0,HoltWinters7,0.062227,3bd344a8d3c27e68,0.048219,0.06923,-0.303499,0.180305,0.0,0.117198,Stable,False,2026-08-27T18:24:04.422843+00:00
P01159,133.770149,31.334079,670,0.0,149.933333,36.52019,60,0.0,0.515834,1.16551,0.153159,0.0,SES,0.187419,d9cde5d78e4254c9,0.134845,0.213706,-0.369017,0.180144,0.0,0.117094,Stable,False,2026-08-27T18:24:04.422843+00:00
P01483,263.898507,52.315918,670,0.0,245.783333,37.294563,60,0.0,0.346265,0.712872,0.338453,0.0,HoltWinters7,0.062388,d205d461c9155867,0.05331,0.066927,-0.203456,0.179836,0.0,0.116894,Stable,False,2026-08-27T18:24:04.422843+00:00
P00715,3.353731,0.824844,670,0.0,3.3,0.743332,60,0.0,0.065141,0.901179,0.104051,0.0,SES,0.167931,1b879a3f8988b158,0.193941,0.154927,0.251823,0.043927,0.251823,0.11669,Stable,False,2026-08-27T18:24:04.422843+00:00
P00890,10.104478,2.485439,670,0.0,10.833333,3.687665,60,0.0,0.29325,1.483707,0.394544,0.0,SES,0.229389,f938326726f1db54,0.201815,0.243176,-0.170086,0.17928,0.0,0.116532,Stable,False,2026-08-27T18:24:04.422843+00:00
P00252,23.525373,3.575174,670,0.0,22.666667,2.274894,60,0.0,0.240186,0.636303,0.45208,0.0,HoltWinters7,0.070452,d4277012b9883a3a,0.058181,0.076588,-0.240333,0.179071,0.0,0.116396,Stable,False,2026-08-27T18:24:04.422843+00:00
P01605,26.471642,7.173377,670,0.0,28.266667,11.13837,60,0.0,0.250234,1.552737,0.440019,0.0,SES,0.263196,a516525a4cc74a34,0.253021,0.268283,-0.05689,0.178819,0.0,0.116233,Stable,False,2026-08-27T18:24:04.422843+00:00
P01939,82.550746,16.807348,670,0.0,76.65,12.09682,60,0.0,0.351081,0.719734,0.328874,0.0,HoltWinters7,0.066033,0b440ab74a045d84,0.058903,0.069598,-0.153669,0.178766,0.0,0.116198,Stable,False,2026-08-27T18:24:04.422843+00:00
P00536,117.395522,26.614453,670,0.0,134.033333,27.325388,60,0.0,0.625142,1.026712,0.026362,0.0,RollingMean28,0.166097,7aa35d9802f4c64d,0.127008,0.185641,-0.315843,0.178504,0.0,0.116028,Stable,False,2026-08-27T18:24:04.422843+00:00
P00480,62.983582,12.50894,670,0.0,57.75,9.70868,60,0.0,0.418387,0.776139,0.253423,0.0,HoltWinters7,0.068012,aeb0363a5b4df0ef,0.064003,0.070016,-0.085887,0.178412,0.0,0.115968,Stable,False,2026-08-27T18:24:04.422843+00:00
P00395,7.265672,1.117004,670,0.0,7.016667,0.700887,60,0.0,0.222922,0.62747,0.466059,0.0,HoltWinters7,0.062178,61a2fe81aa36bec4,0.041534,0.0725,-0.427112,0.177818,0.0,0.115582,Stable,False,2026-08-27T18:24:04.422843+00:00
P00774,16.426866,2.545818,670,0.0,15.9,1.569843,60,0.0,0.206953,0.616636,0.483477,0.0,HoltWinters7,0.069869,5753b933758c1594,0.0614,0.074103,-0.171423,0.177781,0.0,0.115558,Stable,False,2026-08-27T18:24:04.422843+00:00
P00925,9.353731,1.396753,670,0.0,9.066667,0.860955,60,0.0,0.205523,0.616397,0.483864,0.0,SeasonalNaive7,0.062911,ed687d4c99e461d2,0.037594,0.075569,-0.502522,0.177485,0.0,0.115365,Stable,False,2026-08-27T18:24:04.422843+00:00
P01597,12.585075,3.338557,670,0.0,11.816667,2.925584,60,0.0,0.230162,0.876302,0.132045,0.0,RollingMean28,0.198479,48f3c4ee46a97ae3,0.217465,0.188986,0.150692,0.096306,0.150692,0.115341,Stable,False,2026-08-27T18:24:04.422843+00:00
P01537,22.773134,5.981975,670,0.0,24.233333,9.298016,60,0.0,0.2441,1.554339,0.44105,0.0,SES,0.23567,27c5b995a3bb96ea,0.176661,0.265174,-0.333792,0.17739,0.0,0.115303,Stable,False,2026-08-27T18:24:04.422843+00:00
P01783,346.604478,58.830279,670,0.0,373.15,47.536543,60,0.0,0.451222,0.808029,0.213158,0.0,HoltWinters7,0.074544,d6f86a74a792173e,0.073165,0.075233,-0.027487,0.177376,0.0,0.115294,Stable,False,2026-08-27T18:24:04.422843+00:00
P00697,21.544776,3.29745,670,0.0,20.6,2.226192,60,0.0,0.286517,0.675125,0.392857,0.0,HoltWinters7,0.054916,c2ef6b7431d45e60,0.035656,0.064546,-0.447583,0.177006,0.0,0.115054,Stable,False,2026-08-27T18:24:04.422843+00:00
P00968,11.646269,3.179053,670,0.0,10.883333,2.042694,60,0.0,0.239988,0.642548,0.442314,0.0,SES,0.157998,8376390052572617,0.132958,0.170518,-0.22027,0.176575,0.0,0.114774,Stable,False,2026-08-27T18:24:04.422843+00:00
P00261,174.685075,35.160927,670,0.0,163.533333,24.624273,60,0.0,0.317163,0.700331,0.356203,0.0,HoltWinters7,0.062749,a36dbcebdb8d0651,0.058341,0.064953,-0.1018,0.17627,0.0,0.114576,Stable,False,2026-08-27T18:24:04.422843+00:00
P00472,285.292537,69.63201,670,0.0,317.583333,84.40385,60,0.0,0.463735,1.212142,0.192389,0.0,SES,0.212545,203796b773896b9b,0.205051,0.216292,-0.051972,0.175624,0.0,0.114156,Stable,False,2026-08-27T18:24:04.422843+00:00
P00244,22.820896,3.42603,670,0.0,22.05,2.173999,60,0.0,0.225011,0.634553,0.454834,0.0,SeasonalNaive7,0.076164,f38f2fb25dcce76e,0.064715,0.081888,-0.209716,0.175587,0.0,0.114131,Stable,False,2026-08-27T18:24:04.422843+00:00
P01968,13.683582,2.084507,670,0.0,13.266667,1.28705,60,0.0,0.200007,0.617436,0.48218,0.0,HoltWinters7,0.064831,ab4c2c67cd3ed89b,0.039419,0.077537,-0.491615,0.175547,0.0,0.114105,Stable,False,2026-08-27T18:24:04.422843+00:00
P00739,17.831343,4.000736,670,0.0,16.833333,2.617844,60,0.0,0.249457,0.654341,0.424127,0.0,HoltWinters7,0.093387,440cf035bd1259c7,0.093478,0.093342,0.001456,0.174632,0.001456,0.114021,Stable,False,2026-08-27T18:24:04.422843+00:00
P01956,163.69403,39.526387,670,0.0,182.133333,47.723592,60,0.0,0.466506,1.207386,0.188457,0.0,SES,0.185032,2ed4bcaf8a06948d,0.152968,0.201064,-0.239206,0.175404,0.0,0.114012,Stable,False,2026-08-27T18:24:04.422843+00:00
P01211,26.632836,6.019361,670,0.0,25.216667,3.866815,60,0.0,0.235269,0.642396,0.44255,0.0,HoltWinters7,0.065175,7b6ce0941dda21a8,0.053222,0.071151,-0.251985,0.175336,0.0,0.113969,Stable,False,2026-08-27T18:24:04.422843+00:00
P01523,6.71791,1.059998,670,0.0,6.416667,0.719973,60,0.0,0.284193,0.679222,0.386808,0.0,SeasonalNaive7,0.064706,29d275aaca044399,0.058824,0.067648,-0.130446,0.174855,0.0,0.113656,Stable,False,2026-08-27T18:24:04.422843+00:00
P00908,16.073134,4.177922,670,0.0,15.483333,3.647575,60,0.0,0.141171,0.87306,0.135751,0.0,SES,0.190657,6b9257725aae3691,0.213261,0.179355,0.189042,0.07276,0.189042,0.113459,Stable,False,2026-08-27T18:24:04.422843+00:00
P00682,29.507463,4.467699,670,0.0,28.466667,2.872822,60,0.0,0.23296,0.643021,0.441579,0.0,HoltWinters7,0.061565,84d4a5b614b0e065,0.051209,0.066744,-0.232754,0.174459,0.0,0.113398,Stable,False,2026-08-27T18:24:04.422843+00:00
P01713,244.470149,26.158963,670,0.0,236.866667,17.928735,60,0.0,0.290665,0.685376,0.377787,0.0,HoltWinters7,0.048731,26c2df926bd421b1,0.04477,0.050712,-0.117169,0.17438,0.0,0.113347,Stable,False,2026-08-27T18:24:04.422843+00:00
P00609,114.059701,22.739495,670,0.0,105.916667,16.787093,60,0.0,0.358101,0.738235,0.303493,0.0,HoltWinters7,0.066,20148db37fa7ea0e,0.058707,0.069647,-0.15707,0.174351,0.0,0.113328,Stable,False,2026-08-27T18:24:04.422843+00:00
P00576,27.832836,6.410856,670,0.0,31.15,7.280866,60,0.0,0.517429,1.135709,0.127257,0.0,SES,0.19329,d43b2c2e3d161e92,0.190797,0.194537,-0.019225,0.174107,0.0,0.11317,Stable,False,2026-08-27T18:24:04.422843+00:00
P01844,164.976119,32.287794,670,0.0,154.1,23.376578,60,0.0,0.336849,0.724007,0.322955,0.0,HoltWinters7,0.061104,fda16b882bf776b9,0.058612,0.06235,-0.059947,0.173372,0.0,0.112692,Stable,False,2026-08-27T18:24:04.422843+00:00
P01384,17.568657,4.453772,670,0.0,16.066667,3.892046,60,0.0,0.33724,0.873876,0.134816,0.0,SES,0.186687,e92313741fa377ae,0.197149,0.181456,0.086487,0.126445,0.086487,0.11246,Stable,False,2026-08-27T18:24:04.422843+00:00
P01589,21.446269,3.238309,670,0.0,20.6,2.164427,60,0.0,0.26133,0.668382,0.402895,0.0,HoltWinters7,0.080508,27a482936fa3590a,0.05209,0.094717,-0.450041,0.17259,0.0,0.112183,Stable,False,2026-08-27T18:24:04.422843+00:00
P01769,8.946269,1.386496,670,0.0,8.65,0.879619,60,0.0,0.213682,0.634419,0.455046,0.0,HoltWinters7,0.069373,90a74668fa6c583d,0.055438,0.076341,-0.273808,0.172524,0.0,0.112141,Stable,False,2026-08-27T18:24:04.422843+00:00
P01116,296.880597,34.126128,670,0.0,284.466667,25.586322,60,0.0,0.363766,0.749758,0.288005,0.0,HoltWinters7,0.048824,d120b73fbfd958ae,0.045526,0.050472,-0.097998,0.172037,0.0,0.111824,Stable,False,2026-08-27T18:24:04.422843+00:00
P01915,9.970149,2.193687,670,0.0,9.483333,1.408108,60,0.0,0.221917,0.641891,0.443337,0.0,HoltWinters7,0.100963,670a5ee82614aa89,0.099303,0.101793,-0.02446,0.171861,0.0,0.11171,Stable,False,2026-08-27T18:24:04.422843+00:00
P00964,20.653731,3.155574,670,0.0,20.066667,1.947329,60,0.0,0.186041,0.617108,0.482712,0.0,HoltWinters7,0.059589,0a433e9e30e24fa1,0.037948,0.070409,-0.461041,0.171839,0.0,0.111695,Stable,False,2026-08-27T18:24:04.422843+00:00
P01046,189.238806,37.388515,670,0.0,178.533333,25.786257,60,0.0,0.286331,0.689684,0.371522,0.0,HoltWinters7,0.073502,43bac9c7c3c87ea9,0.062116,0.079196,-0.21566,0.171621,0.0,0.111554,Stable,False,2026-08-27T18:24:04.422843+00:00
P01975,6.220896,1.58341,670,0.0,5.816667,1.359108,60,0.0,0.25529,0.858343,0.152752,0.0,SES,0.179708,3d7ef936e9112d49,0.193242,0.172941,0.117387,0.108393,0.117387,0.111541,Stable,False,2026-08-27T18:24:04.422843+00:00
P00692,11.558209,1.761246,670,0.0,11.133333,1.156656,60,0.0,0.241236,0.656726,0.420488,0.0,Naive,0.06522,07c2dcf8195d9eaa,0.051672,0.071994,-0.282274,0.171462,0.0,0.11145,Stable,False,2026-08-27T18:24:04.422843+00:00
P00136,24.662687,3.746801,670,0.0,24.1,2.229996,60,0.0,0.150178,0.595173,0.518903,0.0,HoltWinters7,0.04928,756a2213fad6aae0,0.035811,0.056014,-0.360673,0.171025,0.0,0.111166,Stable,False,2026-08-27T18:24:04.422843+00:00
P00664,12.459701,3.185921,670,0.0,13.266667,4.772331,60,0.0,0.253291,1.497944,0.404093,0.0,SES,0.202746,ec6e6c86faf92298,0.137439,0.235399,-0.416145,0.170678,0.0,0.110941,Stable,False,2026-08-27T18:24:04.422843+00:00
P01813,28.514925,4.336957,670,0.0,27.633333,2.743045,60,0.0,0.203274,0.632481,0.458104,0.0,HoltWinters7,0.060317,0baab31aa881db71,0.05303,0.063961,-0.170908,0.170427,0.0,0.110777,Stable,False,2026-08-27T18:24:04.422843+00:00
P00376,26.453731,6.737893,670,0.0,24.333333,4.817576,60,0.0,0.314697,0.714997,0.335476,0.0,SES,0.157255,4289554abc61c9e2,0.142451,0.164657,-0.134866,0.170411,0.0,0.110767,Stable,False,2026-08-27T18:24:04.422843+00:00
P01064,24.732836,5.554887,670,0.0,23.65,3.482766,60,0.0,0.194934,0.626973,0.466851,0.0,HoltWinters7,0.082612,fa7da6073c296c0e,0.059698,0.094069,-0.365384,0.17032,0.0,0.110708,Stable,False,2026-08-27T18:24:04.422843+00:00
P00868,4.292537,1.180726,670,0.0,4.566667,1.807392,60,0.0,0.23217,1.530746,0.425755,0.0,Naive,0.243941,dd9cf328392107a8,0.224138,0.253843,-0.11702,0.170286,0.0,0.110686,Stable,False,2026-08-27T18:24:04.422843+00:00
P01770,7.989552,1.246176,670,0.0,7.716667,0.804472,60,0.0,0.218978,0.645552,0.437649,0.0,HoltWinters7,0.073916,aca9f45c3ab1921d,0.058718,0.081516,-0.279679,0.169631,0.0,0.11026,Stable,False,2026-08-27T18:24:04.422843+00:00
P01748,15.331343,2.338487,670,0.0,14.816667,1.512565,60,0.0,0.22009,0.646813,0.435697,0.0,RollingMean28,0.085277,22df3ad01713d3f3,0.066362,0.094735,-0.299504,0.169449,0.0,0.110142,Stable,False,2026-08-27T18:24:04.422843+00:00
P01224,86.589552,20.045394,670,0.0,96.65,22.705054,60,0.0,0.501883,1.132682,0.124588,0.0,SES,0.197124,41b39f21d2df064c,0.159883,0.215744,-0.258923,0.169165,0.0,0.109957,Stable,False,2026-08-27T18:24:04.422843+00:00
P01841,11.679104,2.851063,670,0.0,11.083333,2.458411,60,0.0,0.208965,0.862279,0.148177,0.0,SES,0.167088,e2a2da63b198754e,0.181794,0.159735,0.138096,0.094509,0.138096,0.109765,Stable,False,2026-08-27T18:24:04.422843+00:00
P01382,13.616418,2.105023,670,0.0,13.3,1.26625,60,0.0,0.150316,0.601538,0.508266,0.0,HoltWinters7,0.064662,f0e7525c5d61eb37,0.042765,0.07561,-0.4344,0.168403,0.0,0.109462,Stable,False,2026-08-27T18:24:04.422843+00:00
P00828,11.635821,1.838445,670,0.0,11.383333,1.090664,60,0.0,0.137338,0.593253,0.522134,0.0,Naive,0.07122,8f490f8996360b4c,0.062687,0.075486,-0.169564,0.168301,0.0,0.109396,Stable,False,2026-08-27T18:24:04.422843+00:00
P00857,3.3,0.961672,670,0.0,3.533333,1.443474,60,0.0,0.242633,1.501004,0.406134,0.0,Naive,0.231648,6b43d090b3a8402e,0.126437,0.284253,-0.555197,0.168258,0.0,0.109367,Stable,False,2026-08-27T18:24:04.422843+00:00
P00393,7.361194,1.184473,670,0.0,7.133333,0.747123,60,0.0,0.192373,0.630764,0.460824,0.0,HoltWinters7,0.074544,bca98a237aff35e4,0.051089,0.086271,-0.407814,0.168109,0.0,0.109271,Stable,False,2026-08-27T18:24:04.422843+00:00
P01773,89.2,21.837256,670,0.0,100.616667,24.029707,60,0.0,0.522807,1.1004,0.095673,0.0,SES,0.188905,75617065302e1dfe,0.164073,0.201321,-0.185017,0.16769,0.0,0.108999,Stable,False,2026-08-27T18:24:04.422843+00:00
P00892,220.601493,49.042896,670,0.0,244.85,55.643181,60,0.0,0.494435,1.134582,0.126264,0.0,SES,0.182874,cbde34d94274acf9,0.171199,0.188711,-0.092797,0.167536,0.0,0.108898,Stable,False,2026-08-27T18:24:04.422843+00:00
P00247,8.501493,1.291283,670,0.0,8.233333,0.8309,60,0.0,0.207669,0.643469,0.440882,0.0,HoltWinters7,0.06853,6c80a71c847aecad,0.06255,0.071521,-0.12543,0.167329,0.0,0.108764,Stable,False,2026-08-27T18:24:04.422843+00:00
P00361,9.965672,2.468398,670,0.0,9.483333,2.029375,60,0.0,0.195405,0.822142,0.195842,0.0,RollingMean28,0.169283,b435f6beb4712d80,0.182292,0.162778,0.119879,0.102697,0.119879,0.108711,Stable,False,2026-08-27T18:24:04.422843+00:00
P00738,52.265672,12.022569,670,0.0,57.733333,14.218473,60,0.0,0.454783,1.182648,0.167756,0.0,SES,0.189543,0f5a42473c4d9457,0.170276,0.199177,-0.145099,0.167004,0.0,0.108553,Stable,False,2026-08-27T18:24:04.422843+00:00
P00324,9.958209,1.477702,670,0.0,9.566667,1.014583,60,0.0,0.264967,0.686595,0.37601,0.0,HoltWinters7,0.072088,52de2a6df887fdcb,0.070144,0.073059,-0.0399,0.166869,0.0,0.108465,Stable,False,2026-08-27T18:24:04.422843+00:00
P01920,18.691045,2.816523,670,0.0,18.283333,1.698371,60,0.0,0.144757,0.603003,0.505834,0.0,HoltWinters7,0.058871,0798ea20273f4262,0.045214,0.065699,-0.311806,0.166267,0.0,0.108073,Stable,False,2026-08-27T18:24:04.422843+00:00
P01040,7.589552,1.206687,670,0.0,7.3,0.808849,60,0.0,0.239956,0.670306,0.400021,0.0,HoltWinters7,0.074955,df595443f2e30869,0.059862,0.082502,-0.274422,0.165993,0.0,0.107896,Stable,False,2026-08-27T18:24:04.422843+00:00
P00295,6.423881,1.627316,670,0.0,6.716667,2.591326,60,0.0,0.17992,1.592392,0.465238,0.0,SES,0.232679,046b4bdc9c3a1d0d,0.182967,0.257534,-0.289544,0.165787,0.0,0.107762,Stable,False,2026-08-27T18:24:04.422843+00:00
P01475,26.435821,4.051009,670,0.0,25.983333,2.361353,60,0.0,0.111697,0.582905,0.539731,0.0,HoltWinters7,0.061178,fe6d0e1766292ea6,0.055011,0.064261,-0.14394,0.16565,0.0,0.107672,Stable,False,2026-08-27T18:24:04.422843+00:00
P00388,11.568657,2.861095,670,0.0,11.916667,4.854813,60,0.0,0.121635,1.696838,0.528766,0.0,SES,0.244343,68ff2545abe26f12,0.192235,0.270397,-0.289063,0.165641,0.0,0.107667,Stable,False,2026-08-27T18:24:04.422843+00:00
P01924,21.970149,3.417926,670,0.0,21.25,2.22181,60,0.0,0.210698,0.650046,0.430712,0.0,HoltWinters7,0.068543,c7f557c046e88628,0.029249,0.088189,-0.668339,0.16562,0.0,0.107653,Stable,False,2026-08-27T18:24:04.422843+00:00
P00780,47.88209,9.176698,670,0.0,45.15,6.895897,60,0.0,0.29772,0.751457,0.285741,0.0,HoltWinters7,0.05996,3f1b84283e875c87,0.060863,0.059508,0.022763,0.153308,0.022763,0.107617,Stable,False,2026-08-27T18:24:04.422843+00:00
P01193,27.168657,4.191233,670,0.0,26.333333,2.691271,60,0.0,0.199303,0.642119,0.442981,0.0,HoltWinters7,0.059804,f429c2a9a9180228,0.03773,0.070841,-0.467396,0.165554,0.0,0.10761,Stable,False,2026-08-27T18:24:04.422843+00:00
P00411,23.18806,3.572504,670,0.0,22.55,2.243068,60,0.0,0.178603,0.62787,0.465422,0.0,HoltWinters7,0.053313,6adc7d52a6eedf3a,0.038334,0.060802,-0.369529,0.165471,0.0,0.107556,Stable,False,2026-08-27T18:24:04.422843+00:00
P01257,12.502985,3.21606,670,0.0,13.35,4.664416,60,0.0,0.26337,1.450351,0.371806,0.0,SES,0.217945,8a37edbee6a259ee,0.147379,0.253229,-0.418001,0.165378,0.0,0.107496,Stable,False,2026-08-27T18:24:04.422843+00:00
P00134,24.361194,3.728168,670,0.0,23.583333,2.423694,60,0.0,0.208644,0.650103,0.430624,0.0,HoltWinters7,0.052369,e12cccb10a9ca2c7,0.032743,0.062182,-0.473432,0.165033,0.0,0.107272,Stable,False,2026-08-27T18:24:04.422843+00:00
P00328,235.062687,45.953303,670,0.0,219.2,34.753271,60,0.0,0.345191,0.756274,0.279352,0.0,HoltWinters7,0.062802,d1c4328c54a92d70,0.060866,0.06377,-0.045543,0.164766,0.0,0.107098,Stable,False,2026-08-27T18:24:04.422843+00:00
P00144,2.213433,0.438231,670,0.0,2.1,0.302532,60,0.0,0.258843,0.690347,0.37056,0.0,Naive,0.030303,85c4768afc115a40,0.0,0.045455,-1.0,0.163822,0.0,0.106484,Stable,False,2026-08-27T18:24:04.422843+00:00
P00573,25.479104,3.790715,670,0.0,24.85,2.363745,60,0.0,0.165959,0.623562,0.472308,0.0,HoltWinters7,0.069263,fc4dcf432a9066da,0.055157,0.076317,-0.277267,0.163716,0.0,0.106415,Stable,False,2026-08-27T18:24:04.422843+00:00
P00417,21.255224,3.346764,670,0.0,20.583333,2.172959,60,0.0,0.200758,0.649272,0.431904,0.0,HoltWinters7,0.060527,ffc72fec2ebb1a36,0.044737,0.068422,-0.346155,0.163185,0.0,0.10607,Stable,False,2026-08-27T18:24:04.422843+00:00
P01828,153.71791,38.555062,670,0.0,174.9,40.455332,60,0.0,0.549398,1.049287,0.048111,0.0,SES,0.188535,8b7034e8518ab3b6,0.172127,0.196739,-0.1251,0.163112,0.0,0.106023,Stable,False,2026-08-27T18:24:04.422843+00:00
P00362,114.704478,22.77194,670,0.0,108.0,16.40277,60,0.0,0.294418,0.720306,0.328079,0.0,HoltWinters7,0.088033,1c9bfb41407e1265,0.083374,0.090363,-0.077349,0.162985,0.0,0.10594,Stable,False,2026-08-27T18:24:04.422843+00:00
P00386,237.855224,54.174812,670,0.0,263.85,61.283676,60,0.0,0.479831,1.131221,0.123297,0.0,SES,0.181893,82963d13397a275f,0.157254,0.194213,-0.190298,0.162778,0.0,0.105806,Stable,False,2026-08-27T18:24:04.422843+00:00
P01000,28.616418,6.974266,670,0.0,27.566667,6.455497,60,0.0,0.150518,0.925617,0.077295,0.0,RollingMean28,0.166945,d0f65a4d0c20c6a4,0.18676,0.157038,0.189271,0.060716,0.189271,0.10571,Stable,False,2026-08-27T18:24:04.422843+00:00
P01416,127.250746,29.043853,670,0.0,142.233333,31.548922,60,0.0,0.515861,1.086251,0.082733,0.0,RollingMean28,0.180571,65f53b6a1e241714,0.177785,0.181964,-0.022965,0.162545,0.0,0.105654,Stable,False,2026-08-27T18:24:04.422843+00:00
P00618,2.210448,0.439675,670,0.0,2.1,0.302532,60,0.0,0.251203,0.688081,0.373849,0.0,Naive,0.031106,ece35ac05712eb06,0.016393,0.038462,-0.57377,0.162543,0.0,0.105653,Stable,False,2026-08-27T18:24:04.422843+00:00
P00745,6.098507,1.573082,670,0.0,6.55,2.197263,60,0.0,0.287011,1.396789,0.334176,0.0,SES,0.264347,facb4571f430a02b,0.197674,0.297683,-0.335957,0.162472,0.0,0.105607,Stable,False,2026-08-27T18:24:04.422843+00:00
P00742,2.537313,0.698672,670,0.0,2.3,0.53043,60,0.0,0.339664,0.759198,0.275493,0.0,Naive,0.177773,250cef9a59d7ba44,0.121212,0.206053,-0.411743,0.162281,0.0,0.105483,Stable,False,2026-08-27T18:24:04.422843+00:00
P00345,15.143284,2.276232,670,0.0,14.766667,1.430499,60,0.0,0.165456,0.62845,0.464498,0.0,HoltWinters7,0.061552,1983725c2f0bc47b,0.04835,0.068152,-0.290556,0.161625,0.0,0.105056,Stable,False,2026-08-27T18:24:04.422843+00:00
P01358,9.280597,1.427494,670,0.0,8.966667,0.956098,60,0.0,0.219917,0.669774,0.400815,0.0,HoltWinters7,0.066662,5932f6ab745e9f31,0.05362,0.073183,-0.267314,0.160681,0.0,0.104443,Stable,False,2026-08-27T18:24:04.422843+00:00
P01674,69.585075,16.40658,670,0.0,76.983333,18.998208,60,0.0,0.450932,1.157963,0.146662,0.0,SES,0.226961,96efa07f8489b77f,0.192495,0.244195,-0.211715,0.160672,0.0,0.104437,Stable,False,2026-08-27T18:24:04.422843+00:00
P01103,192.283582,43.934795,670,0.0,217.783333,43.777593,60,0.0,0.5804,0.996422,0.003584,0.0,Naive,0.177321,1b32f3cdbdca5ef3,0.151401,0.190281,-0.204332,0.160506,0.0,0.104329,Stable,False,2026-08-27T18:24:04.422843+00:00
P00560,69.59403,13.613146,670,0.0,65.566667,9.922354,60,0.0,0.295844,0.72888,0.316246,0.0,HoltWinters7,0.071515,715afa63bcc0c491,0.06849,0.073028,-0.062135,0.160418,0.0,0.104272,Stable,False,2026-08-27T18:24:04.422843+00:00
P01357,44.279104,10.245332,670,0.0,49.15,11.500663,60,0.0,0.475426,1.122527,0.115583,0.0,RollingMean28,0.183167,22a621c13d161da2,0.174298,0.187602,-0.070917,0.159638,0.0,0.103765,Stable,False,2026-08-27T18:24:04.422843+00:00
P00703,2.614925,0.746342,670,0.0,2.383333,0.555151,60,0.0,0.310303,0.743828,0.295945,0.0,Naive,0.142877,bec96f8c2a7b764d,0.142857,0.142887,-0.000211,0.159319,0.0,0.103558,Stable,False,2026-08-27T18:24:04.422843+00:00
P00825,90.870149,18.427481,670,0.0,84.716667,14.085804,60,0.0,0.33393,0.764391,0.268676,0.0,HoltWinters7,0.068893,355152584a7d9943,0.064231,0.071224,-0.098173,0.159,0.0,0.10335,Stable,False,2026-08-27T18:24:04.422843+00:00
P00282,18.531343,2.782296,670,0.0,18.033333,1.794215,60,0.0,0.178992,0.644869,0.438708,0.0,HoltWinters7,0.066335,fc01e3eea0394089,0.059183,0.069911,-0.15345,0.1589,0.0,0.103285,Stable,False,2026-08-27T18:24:04.422843+00:00
P01936,142.138806,33.130897,670,0.0,157.933333,37.010702,60,0.0,0.476731,1.117105,0.110741,0.0,RollingMean28,0.181884,a4fabd68b31fbce0,0.157149,0.194251,-0.191001,0.158786,0.0,0.103211,Stable,False,2026-08-27T18:24:04.422843+00:00
P00640,15.919403,2.436533,670,0.0,15.65,1.459336,60,0.0,0.110568,0.598939,0.512595,0.0,HoltWinters7,0.066569,9e1e49770ab4ad22,0.057819,0.070944,-0.185011,0.158555,0.0,0.103061,Stable,False,2026-08-27T18:24:04.422843+00:00
P00671,13.337313,3.45368,670,0.0,13.866667,5.4972,60,0.0,0.153272,1.591694,0.464799,0.0,SES,0.237407,cca9f5f893189f30,0.171673,0.270274,-0.364819,0.15835,0.0,0.102927,Stable,False,2026-08-27T18:24:04.422843+00:00
P00938,58.997015,13.766144,670,0.0,66.266667,14.499406,60,0.0,0.528082,1.053266,0.051895,0.0,SES,0.175691,3a8291c0fa8b9e28,0.129039,0.199017,-0.351621,0.158196,0.0,0.102828,Stable,False,2026-08-27T18:24:04.422843+00:00
P01480,10.368657,1.625627,670,0.0,10.016667,1.096863,60,0.0,0.216526,0.674732,0.39344,0.0,HoltWinters7,0.066979,8d6eff9cd6b26eb9,0.055655,0.07264,-0.233827,0.157905,0.0,0.102638,Stable,False,2026-08-27T18:24:04.422843+00:00
P00997,189.691045,45.649196,670,0.0,214.483333,47.217668,60,0.0,0.543105,1.034359,0.033782,0.0,RollingMean28,0.182225,3a223c2c6ae99c6c,0.174733,0.185971,-0.060432,0.157799,0.0,0.10257,Stable,False,2026-08-27T18:24:04.422843+00:00
P00760,35.452239,49.7282,670,0.658209,43.633333,52.539885,60,0.583333,0.164516,1.056541,0.055,0.074876,SeasonalNaive7,1.046303,724091642a0f3f4e,1.131621,1.003644,0.127512,0.088942,0.127512,0.102442,Stable,False,2026-08-27T18:24:04.422843+00:00
P00647,187.971642,37.020991,670,0.0,178.283333,26.284681,60,0.0,0.261698,0.709994,0.342499,0.0,HoltWinters7,0.066401,0b76751de1d89543,0.055435,0.071885,-0.228836,0.157592,0.0,0.102435,Stable,False,2026-08-27T18:24:04.422843+00:00
P01626,175.156716,19.247757,670,0.0,167.816667,15.618863,60,0.0,0.381346,0.811464,0.208915,0.0,HoltWinters7,0.054431,914b32b3f4936150,0.054313,0.054489,-0.003241,0.157099,0.0,0.102114,Stable,False,2026-08-27T18:24:04.422843+00:00
P01604,4.519403,1.019428,670,0.0,4.25,0.727778,60,0.0,0.264269,0.713908,0.337001,0.0,SeasonalNaive7,0.105877,052b2b2285efc2d2,0.086614,0.115508,-0.250147,0.156924,0.0,0.102001,Stable,False,2026-08-27T18:24:04.422843+00:00
P01947,19.092537,2.91285,670,0.0,18.7,1.806767,60,0.0,0.134761,0.620275,0.477593,0.0,HoltWinters7,0.060645,304fa0283565dd48,0.037463,0.072236,-0.481372,0.156457,0.0,0.101697,Stable,False,2026-08-27T18:24:04.422843+00:00
P00444,8.095522,1.297282,670,0.0,7.833333,0.86684,60,0.0,0.202107,0.668198,0.403171,0.0,HoltWinters7,0.073412,8d5a7b8bc782d55d,0.065621,0.077307,-0.151156,0.156372,0.0,0.101642,Stable,False,2026-08-27T18:24:04.422843+00:00
P00496,21.867164,5.324616,670,0.0,20.033333,4.161839,60,0.0,0.344406,0.781622,0.246384,0.0,RollingMean28,0.156608,b998d45bca08ee03,0.155323,0.157251,-0.012262,0.156308,0.0,0.1016,Stable,False,2026-08-27T18:24:04.422843+00:00
P00833,6.577612,1.794971,670,0.0,7.083333,2.458411,60,0.0,0.281744,1.369611,0.314527,0.0,Naive,0.210052,d468d4d7fe7adabe,0.175141,0.227507,-0.230171,0.156111,0.0,0.101472,Stable,False,2026-08-27T18:24:04.422843+00:00
P00493,20.737313,5.265417,670,0.0,19.55,3.619275,60,0.0,0.225493,0.687367,0.374887,0.0,RollingMean28,0.151074,b3ad6d93705b675a,0.147255,0.152984,-0.037449,0.155732,0.0,0.101226,Stable,False,2026-08-27T18:24:04.422843+00:00
P01299,157.101493,30.956093,670,0.0,149.0,22.167314,60,0.0,0.261709,0.716089,0.333951,0.0,HoltWinters7,0.066147,edbf3a1580953fc4,0.054383,0.072029,-0.24499,0.155458,0.0,0.101048,Stable,False,2026-08-27T18:24:04.422843+00:00
P01069,17.450746,4.442941,670,0.0,17.233333,4.001553,60,0.0,0.048934,0.900654,0.104634,0.0,RollingMean28,0.198734,4d8eac50850f9fca,0.225319,0.185441,0.215048,0.039615,0.215048,0.101017,Stable,False,2026-08-27T18:24:04.422843+00:00
P00532,218.11194,50.852267,670,0.0,241.8,56.707636,60,0.0,0.465821,1.115145,0.108984,0.0,SES,0.186279,c58178b2026f20cc,0.151937,0.20345,-0.253195,0.155347,0.0,0.100975,Stable,False,2026-08-27T18:24:04.422843+00:00
P01490,25.201493,3.726806,670,0.0,24.45,2.500339,60,0.0,0.201645,0.670907,0.399125,0.0,HoltWinters7,0.076827,4b4a5dffee1807d8,0.074682,0.0779,-0.041318,0.155234,0.0,0.100902,Stable,False,2026-08-27T18:24:04.422843+00:00
P01198,44.50597,10.418699,670,0.0,50.266667,10.290471,60,0.0,0.552919,0.987692,0.012384,0.0,SES,0.198062,4ea57f35af7943c2,0.160978,0.216604,-0.256811,0.155149,0.0,0.100847,Stable,False,2026-08-27T18:24:04.422843+00:00
P00823,16.138806,4.039064,670,0.0,15.633333,3.853093,60,0.0,0.125146,0.953957,0.047137,0.0,SES,0.187102,a80c1967583bab31,0.210741,0.175283,0.202291,0.046199,0.202291,0.100831,Stable,False,2026-08-27T18:24:04.422843+00:00
P01942,13.732836,2.101027,670,0.0,13.3,1.417804,60,0.0,0.206012,0.674815,0.393317,0.0,HoltWinters7,0.069475,8cae8c7ac645ebb5,0.048345,0.08004,-0.395994,0.154982,0.0,0.100739,Stable,False,2026-08-27T18:24:04.422843+00:00
P01528,8.641791,1.341546,670,0.0,8.35,0.917347,60,0.0,0.217504,0.683798,0.380092,0.0,Naive,0.07639,f4653cfb9aa55905,0.060729,0.084221,-0.278934,0.154837,0.0,0.100644,Stable,False,2026-08-27T18:24:04.422843+00:00
P01729,192.337313,44.417131,670,0.0,209.9,53.25624,60,0.0,0.395403,1.199002,0.18149,0.0,SES,0.199684,53106c4665d10fa9,0.149473,0.22479,-0.335052,0.154108,0.0,0.10017,Stable,False,2026-08-27T18:24:04.422843+00:00
P01233,20.231343,5.201348,670,0.0,21.633333,7.15676,60,0.0,0.269544,1.375943,0.319139,0.0,SES,0.222839,047331940bd4a2bc,0.185153,0.241683,-0.233902,0.153909,0.0,0.100041,Stable,False,2026-08-27T18:24:04.422843+00:00
P01754,4.346269,1.155778,670,0.0,4.6,1.679386,60,0.0,0.219533,1.453035,0.373655,0.0,SES,0.208466,6b7f5d55d8423017,0.142568,0.241415,-0.409447,0.153785,0.0,0.09996,Stable,False,2026-08-27T18:24:04.422843+00:00
P01706,22.628358,5.727032,670,0.0,23.85,8.354082,60,0.0,0.213312,1.45871,0.377553,0.0,SES,0.22499,970dd664ddd00907,0.189411,0.242779,-0.219821,0.153049,0.0,0.099482,Stable,False,2026-08-27T18:24:04.422843+00:00
P00289,14.447761,2.179423,670,0.0,14.033333,1.46098,60,0.0,0.190155,0.670352,0.399952,0.0,HoltWinters7,0.05758,23d88534a8ecfab6,0.044382,0.064179,-0.308465,0.152281,0.0,0.098982,Stable,False,2026-08-27T18:24:04.422843+00:00
P01849,97.377612,21.88786,670,0.0,107.283333,21.244414,60,0.0,0.452567,0.970603,0.029838,0.0,SES,0.157816,2c0d46e3064ee63a,0.161705,0.155871,0.037425,0.131915,0.037425,0.098844,Stable,False,2026-08-27T18:24:04.422843+00:00
P01504,26.641791,4.063404,670,0.0,25.7,2.854078,60,0.0,0.231774,0.702386,0.353272,0.0,HoltWinters7,0.075512,b6f9ac9f033c7f62,0.042376,0.09208,-0.539794,0.152056,0.0,0.098836,Stable,False,2026-08-27T18:24:04.422843+00:00
P01163,7.819403,1.214725,670,0.0,7.6,0.806751,60,0.0,0.180619,0.664143,0.409258,0.0,SeasonalNaive7,0.071178,fa87b07d28452760,0.071111,0.071212,-0.001418,0.151985,0.0,0.09879,Stable,False,2026-08-27T18:24:04.422843+00:00
P00217,12.492537,1.889892,670,0.0,12.216667,1.208608,60,0.0,0.145972,0.639512,0.44705,0.0,HoltWinters7,0.065751,283095bdca6c086d,0.051049,0.073102,-0.301671,0.151905,0.0,0.098738,Stable,False,2026-08-27T18:24:04.422843+00:00
P01446,2.470149,0.556122,670,0.0,2.55,0.871877,60,0.0,0.143585,1.567779,0.44966,0.0,SeasonalNaive7,0.137166,c6fb2d435c20f83c,0.076923,0.167288,-0.540175,0.151901,0.0,0.098736,Stable,False,2026-08-27T18:24:04.422843+00:00
P00119,221.638806,26.774053,670,0.0,230.483333,34.174275,60,0.0,0.33034,1.276395,0.24404,0.0,HoltWinters7,0.08145,f39d9f95752270c6,0.058534,0.092908,-0.36998,0.151853,0.0,0.098705,Stable,False,2026-08-27T18:24:04.422843+00:00
P00585,72.504478,14.481341,670,0.0,69.533333,9.893444,60,0.0,0.205171,0.683186,0.380989,0.0,HoltWinters7,0.062628,ba569ea757b5fd63,0.044418,0.071733,-0.380792,0.151669,0.0,0.098585,Stable,False,2026-08-27T18:24:04.422843+00:00
P01766,12.752239,1.96413,670,0.0,12.433333,1.280448,60,0.0,0.162365,0.651916,0.427839,0.0,HoltWinters7,0.073564,eb4536f064336cb7,0.073239,0.073726,-0.0066,0.15161,0.0,0.098547,Stable,False,2026-08-27T18:24:04.422843+00:00
P00083,13.604478,2.142246,670,0.0,13.216667,1.427237,60,0.0,0.18103,0.666234,0.406114,0.0,SeasonalNaive7,0.086281,f55623c92a17a93e,0.076923,0.09096,-0.154323,0.151312,0.0,0.098353,Stable,False,2026-08-27T18:24:04.422843+00:00
P00390,36.120896,8.102409,670,0.0,39.133333,9.855682,60,0.0,0.371795,1.216389,0.195887,0.0,SES,0.182928,fd3b4aba841f4b94,0.160791,0.193997,-0.171168,0.151215,0.0,0.09829,Stable,False,2026-08-27T18:24:04.422843+00:00
P00740,18.48209,2.803288,670,0.0,17.9,1.928379,60,0.0,0.207645,0.687899,0.374113,0.0,HoltWinters7,0.062204,d69cdad303b5f1fc,0.049374,0.068619,-0.280454,0.150631,0.0,0.09791,Stable,False,2026-08-27T18:24:04.422843+00:00
P01737,23.947761,6.098,670,0.0,23.416667,4.02236,60,0.0,0.087093,0.659619,0.416092,0.0,RollingMean28,0.149831,9ec95ecbd8530162,0.153932,0.14778,0.041631,0.127974,0.041631,0.097754,Stable,False,2026-08-27T18:24:04.422843+00:00
P01916,168.18806,214.006113,670,0.61194,141.483333,203.545064,60,0.666667,0.124785,0.951118,0.050117,0.054726,Croston,1.279796,f9437cd8b5b5f40c,1.40226,1.218563,0.150749,0.068736,0.150749,0.09744,Stable,False,2026-08-27T18:24:04.422843+00:00
P01637,7.565672,1.210696,670,0.0,7.316667,0.833446,60,0.0,0.205671,0.688402,0.373382,0.0,Naive,0.0774,d553e28944678e59,0.064815,0.083692,-0.225555,0.149905,0.0,0.097438,Stable,False,2026-08-27T18:24:04.422843+00:00
P00820,26.161194,6.519442,670,0.0,24.166667,5.015794,60,0.0,0.305935,0.769359,0.262197,0.0,SES,0.166771,26077593eb7bac24,0.148997,0.175657,-0.151774,0.149681,0.0,0.097293,Stable,False,2026-08-27T18:24:04.422843+00:00
P01913,250.810448,30.866483,670,0.0,260.816667,39.297428,60,0.0,0.324177,1.273142,0.241488,0.0,HoltWinters7,0.080009,0b4e653dfdab94a1,0.047851,0.096088,-0.502011,0.149521,0.0,0.097189,Stable,False,2026-08-27T18:24:04.422843+00:00
P01739,24.101493,3.660294,670,0.0,23.483333,2.432071,60,0.0,0.168882,0.664447,0.4088,0.0,HoltWinters7,0.074468,5896d3a972edfe42,0.048303,0.08755,-0.448288,0.148643,0.0,0.096618,Stable,False,2026-08-27T18:24:04.422843+00:00
P00580,16.170149,4.214468,670,0.0,14.733333,3.438894,60,0.0,0.340925,0.815973,0.203374,0.0,SES,0.175787,27670a2718f5642f,0.176638,0.175362,0.00728,0.144598,0.00728,0.096536,Stable,False,2026-08-27T18:24:04.422843+00:00
P00020,27.068657,4.066128,670,0.0,26.45,2.670777,60,0.0,0.152149,0.656836,0.420322,0.0,HoltWinters7,0.067336,25cf49b6c3f61060,0.062327,0.069841,-0.107591,0.146921,0.0,0.095499,Stable,False,2026-08-27T18:24:04.422843+00:00
P01083,17.641791,2.727272,670,0.0,17.3,1.739862,60,0.0,0.125323,0.637949,0.449496,0.0,HoltWinters7,0.063982,7da2bc4ab26d37c1,0.036478,0.077733,-0.530732,0.146838,0.0,0.095445,Stable,False,2026-08-27T18:24:04.422843+00:00
P00199,19.947761,4.35069,670,0.0,21.366667,4.112678,60,0.0,0.326133,0.945293,0.05626,0.0,SES,0.155237,f62da7a0aac26887,0.163252,0.15123,0.079499,0.103752,0.079499,0.095263,Stable,False,2026-08-27T18:24:04.422843+00:00
P00941,18.716418,4.613317,670,0.0,17.0,3.866413,60,0.0,0.372057,0.838098,0.17662,0.0,RollingMean28,0.179024,0b4cc9b170b3f397,0.178571,0.179251,-0.00379,0.146471,0.0,0.095206,Stable,False,2026-08-27T18:24:04.422843+00:00
P00181,7.540299,1.136704,670,0.0,7.333333,0.773867,60,0.0,0.182075,0.680799,0.384488,0.0,Naive,0.064892,8d2017951283050e,0.064815,0.064931,-0.00179,0.146193,0.0,0.095025,Stable,False,2026-08-27T18:24:04.422843+00:00
P00838,17.816418,4.240248,670,0.0,17.766667,3.8724,60,0.0,0.011733,0.913248,0.090747,0.0,RollingMean28,0.164847,435dd4ac2bfa42b6,0.187686,0.153428,0.22328,0.025913,0.22328,0.094992,Stable,False,2026-08-27T18:24:04.422843+00:00
P00530,262.065672,61.11905,670,0.0,288.75,67.69839,60,0.0,0.436596,1.107648,0.102239,0.0,Naive,0.190711,d083d5bf12903361,0.180112,0.19601,-0.081109,0.145624,0.0,0.094655,Stable,False,2026-08-27T18:24:04.422843+00:00
P01815,15.397015,3.92729,670,0.0,15.966667,5.991425,60,0.0,0.14505,1.525588,0.42238,0.0,Naive,0.218888,a71e7dbfb815d47c,0.190361,0.233151,-0.183528,0.145484,0.0,0.094564,Stable,False,2026-08-27T18:24:04.422843+00:00
P01967,9.035821,2.279807,670,0.0,9.483333,3.285777,60,0.0,0.196294,1.441252,0.365512,0.0,SES,0.217137,f2cc15f32b2fd5a8,0.198391,0.226511,-0.12414,0.145359,0.0,0.094483,Stable,False,2026-08-27T18:24:04.422843+00:00
P01170,28.78806,4.337741,670,0.0,28.083333,2.901149,60,0.0,0.162464,0.668816,0.402247,0.0,HoltWinters7,0.068421,09d071ddfc59757c,0.061021,0.072121,-0.153904,0.145239,0.0,0.094406,Stable,False,2026-08-27T18:24:04.422843+00:00
P00762,7.001493,1.786429,670,0.0,6.533333,1.333616,60,0.0,0.262064,0.746526,0.292325,0.0,RollingMean28,0.166367,a8181c0306d418ad,0.162536,0.168283,-0.034147,0.145149,0.0,0.094347,Stable,False,2026-08-27T18:24:04.422843+00:00
P01622,26.468657,6.686537,670,0.0,27.75,9.675454,60,0.0,0.19163,1.447005,0.369496,0.0,SES,0.229992,9e99e23d1a891056,0.195567,0.247204,-0.208885,0.145072,0.0,0.094297,Stable,False,2026-08-27T18:24:04.422843+00:00
P00723,12.88209,3.184812,670,0.0,12.75,5.43256,60,0.0,0.041475,1.705771,0.534017,0.0,SES,0.247946,70bedd84cb4cbf26,0.209367,0.267235,-0.216545,0.14491,0.0,0.094191,Stable,False,2026-08-27T18:24:04.422843+00:00
P00391,198.70597,24.724221,670,0.0,207.033333,30.438583,60,0.0,0.33681,1.231124,0.207928,0.0,HoltWinters7,0.090188,7aed72e45d3318b5,0.067978,0.101293,-0.328894,0.144605,0.0,0.093993,Stable,False,2026-08-27T18:24:04.422843+00:00
P01553,120.150746,26.969056,670,0.0,130.7,31.23248,60,0.0,0.391161,1.158086,0.146768,0.0,SES,0.210355,ceabbc386ef540e8,0.175386,0.22784,-0.230224,0.144261,0.0,0.09377,Stable,False,2026-08-27T18:24:04.422843+00:00
P00827,15.931343,2.463134,670,0.0,15.666667,1.558646,60,0.0,0.107455,0.63279,0.457617,0.0,HoltWinters7,0.060656,d53952cb9a998000,0.054665,0.063651,-0.141183,0.143954,0.0,0.09357,Stable,False,2026-08-27T18:24:04.422843+00:00
P01030,186.073134,44.688214,670,0.0,208.116667,43.286625,60,0.0,0.493274,0.968636,0.031866,0.0,SES,0.200856,f7a44ecd53afd9cc,0.169543,0.216512,-0.216935,0.143617,0.0,0.093351,Stable,False,2026-08-27T18:24:04.422843+00:00
P00311,9.491045,1.414978,670,0.0,9.3,0.926082,60,0.0,0.135016,0.654485,0.423907,0.0,HoltWinters7,0.067553,2c9fab232e2e63a2,0.052748,0.074956,-0.296275,0.143106,0.0,0.093019,Stable,False,2026-08-27T18:24:04.422843+00:00
P00357,11.379104,2.946891,670,0.0,11.616667,4.776679,60,0.0,0.080615,1.620922,0.482995,0.0,SES,0.232409,5a76d5fa3275564e,0.163197,0.267016,-0.388813,0.142918,0.0,0.092897,Stable,False,2026-08-27T18:24:04.422843+00:00
P00602,6.153731,0.989606,670,0.0,6.0,0.663836,60,0.0,0.155346,0.670808,0.399272,0.0,SeasonalNaive7,0.073129,563951cca2a2aa36,0.051724,0.083831,-0.382996,0.142538,0.0,0.09265,Stable,False,2026-08-27T18:24:04.422843+00:00
P01107,9.865672,1.520124,670,0.0,9.55,1.080254,60,0.0,0.207662,0.710635,0.341596,0.0,SeasonalNaive7,0.071168,94b5b2c4036d0cd9,0.046263,0.08362,-0.446742,0.142506,0.0,0.092629,Stable,False,2026-08-27T18:24:04.422843+00:00
P00540,8.513433,2.216051,670,0.0,8.016667,3.06147,60,0.0,0.224167,1.381498,0.323169,0.0,SES,0.22487,e594f8802e5e2291,0.173123,0.250744,-0.309563,0.142438,0.0,0.092585,Stable,False,2026-08-27T18:24:04.422843+00:00
P00349,28.908955,7.047505,670,0.0,28.316667,6.102213,60,0.0,0.084042,0.865869,0.144022,0.0,RollingMean28,0.175847,cb2b343d230704a3,0.192995,0.167274,0.153763,0.059117,0.153763,0.092243,Stable,False,2026-08-27T18:24:04.422843+00:00
P01635,223.541791,27.195861,670,0.0,232.616667,33.223992,60,0.0,0.333686,1.221656,0.200207,0.0,HoltWinters7,0.077515,531ec57c37ee70b0,0.053144,0.0897,-0.407532,0.141815,0.0,0.09218,Stable,False,2026-08-27T18:24:04.422843+00:00
P00630,18.78209,2.847962,670,0.0,18.066667,2.130224,60,0.0,0.251205,0.747982,0.290377,0.0,HoltWinters7,0.072155,bce398c17f6851c0,0.050561,0.082951,-0.390476,0.141676,0.0,0.092089,Stable,False,2026-08-27T18:24:04.422843+00:00
P01461,18.41194,2.755699,670,0.0,18.016667,1.836464,60,0.0,0.143439,0.666424,0.405829,0.0,HoltWinters7,0.06561,8b071f4bc19eb769,0.052109,0.07236,-0.27987,0.140903,0.0,0.091587,Stable,False,2026-08-27T18:24:04.422843+00:00
P01995,66.098507,93.721924,670,0.662687,60.3,90.148145,60,0.683333,0.061869,0.961868,0.038878,0.020647,SeasonalNaive7,1.306434,e02c98bf9b1bba4d,1.466314,1.226494,0.195534,0.034992,0.195534,0.091182,Stable,False,2026-08-27T18:24:04.422843+00:00
P00661,20.546269,5.386145,670,0.0,20.2,4.711328,60,0.0,0.064289,0.874712,0.13386,0.0,SES,0.183703,1c000e80d23cf179,0.202885,0.174112,0.165252,0.051144,0.165252,0.091082,Stable,False,2026-08-27T18:24:04.422843+00:00
P00854,150.237313,18.630033,670,0.0,155.566667,23.815937,60,0.0,0.286062,1.278363,0.24558,0.0,HoltWinters7,0.092754,8dd42f33546bdaf5,0.05981,0.109225,-0.452413,0.140062,0.0,0.09104,Stable,False,2026-08-27T18:24:04.422843+00:00
P01872,27.910448,7.113497,670,0.0,29.066667,10.410013,60,0.0,0.162539,1.463417,0.380774,0.0,SES,0.253486,fa8e75abdc670048,0.20395,0.278253,-0.267034,0.139892,0.0,0.09093,Stable,False,2026-08-27T18:24:04.422843+00:00
P01112,16.779104,4.277956,670,0.0,17.666667,5.936576,60,0.0,0.207473,1.387713,0.327657,0.0,SES,0.239518,44a3a382a98d1a06,0.164759,0.276897,-0.404979,0.13897,0.0,0.09033,Stable,False,2026-08-27T18:24:04.422843+00:00
P01555,15.270149,4.164786,670,0.0,16.366667,5.433626,60,0.0,0.263283,1.304659,0.265942,0.0,SES,0.236275,9c124f975c288614,0.205189,0.251819,-0.185171,0.138888,0.0,0.090277,Stable,False,2026-08-27T18:24:04.422843+00:00
P01592,32.655224,4.033743,670,0.0,33.8,5.131491,60,0.0,0.2838,1.272141,0.240701,0.0,HoltWinters7,0.089752,830a695e1234b9cb,0.068529,0.100363,-0.317189,0.13822,0.0,0.089843,Stable,False,2026-08-27T18:24:04.422843+00:00
P00999,226.050746,28.553107,670,0.0,236.316667,33.393134,60,0.0,0.359538,1.16951,0.156585,0.0,HoltWinters7,0.087877,9cff49f2b0174232,0.053265,0.105183,-0.493597,0.138019,0.0,0.089712,Stable,False,2026-08-27T18:24:04.422843+00:00
P00975,22.789552,5.969946,670,0.0,22.15,9.155576,60,0.0,0.107129,1.533611,0.427625,0.0,SES,0.272678,dc0b3291d5622530,0.158884,0.329575,-0.517912,0.136367,0.0,0.088638,Stable,False,2026-08-27T18:24:04.422843+00:00
P01474,25.531343,3.950902,670,0.0,25.1,2.582208,60,0.0,0.109176,0.653574,0.425299,0.0,HoltWinters7,0.062225,ed5e378d5c4d79af,0.044257,0.071209,-0.378486,0.136348,0.0,0.088626,Stable,False,2026-08-27T18:24:04.422843+00:00
P01235,139.479104,182.300329,670,0.625373,97.033333,162.885211,60,0.733333,0.232834,0.893499,0.11261,0.10796,Naive,1.112591,858174af39c905c0,1.0,1.168886,-0.144485,0.135366,0.0,0.087988,Stable,False,2026-08-27T18:24:04.422843+00:00
P01954,36.58209,55.048871,670,0.689552,50.216667,59.036068,60,0.566667,0.247681,1.07243,0.069927,0.122886,Naive,1.0,024ae572b8cd8cba,1.0,1.0,0.0,0.134748,0.0,0.087586,Stable,False,2026-08-27T18:24:04.422843+00:00
P00453,21.61791,3.151905,670,0.0,21.166667,2.15632,60,0.0,0.143165,0.684132,0.379604,0.0,RollingMean28,0.082305,b0a5b38ecf460be2,0.067675,0.089619,-0.244859,0.134271,0.0,0.087276,Stable,False,2026-08-27T18:24:04.422843+00:00
P01672,281.28209,65.627404,670,0.0,302.9,63.15429,60,0.0,0.329404,0.962316,0.038413,0.0,SES,0.168306,16fda956507da1a8,0.175151,0.164884,0.062268,0.100189,0.062268,0.086917,Stable,False,2026-08-27T18:24:04.422843+00:00
P00796,68.568657,8.413309,670,0.0,71.066667,10.359417,60,0.0,0.296912,1.231313,0.208081,0.0,HoltWinters7,0.092315,60ba851cd76eb31d,0.064383,0.106282,-0.394219,0.133671,0.0,0.086886,Stable,False,2026-08-27T18:24:04.422843+00:00
P01848,19.277612,4.949425,670,0.0,20.283333,6.734912,60,0.0,0.2032,1.360746,0.308033,0.0,SES,0.212738,3e2dc7155da6661f,0.150988,0.243613,-0.380213,0.132888,0.0,0.086377,Stable,False,2026-08-27T18:24:04.422843+00:00
P00960,24.552239,32.007232,670,0.625373,17.15,28.955738,60,0.733333,0.231268,0.904662,0.100193,0.10796,RollingMean28,1.529765,7f7fb623bf545b71,1.154197,1.717549,-0.327998,0.131831,0.0,0.08569,Stable,False,2026-08-27T18:24:04.422843+00:00
P01919,11.020896,1.732356,670,0.0,10.833333,1.152252,60,0.0,0.10827,0.665136,0.407764,0.0,HoltWinters7,0.081596,56d33e4b81370e5a,0.046887,0.09895,-0.526151,0.131715,0.0,0.085615,Stable,False,2026-08-27T18:24:04.422843+00:00
P00894,4.283582,0.708816,670,0.0,4.15,0.515028,60,0.0,0.188458,0.726603,0.319374,0.0,Naive,0.059196,ceac2b41e69e49c4,0.033333,0.072127,-0.53785,0.13167,0.0,0.085585,Stable,False,2026-08-27T18:24:04.422843+00:00
P00681,37.291045,4.603282,670,0.0,38.8,5.433106,60,0.0,0.3278,1.180268,0.165742,0.0,HoltWinters7,0.083916,d446b5b05865ef3b,0.05038,0.100684,-0.499627,0.13158,0.0,0.085527,Stable,False,2026-08-27T18:24:04.422843+00:00
P01879,21.731343,3.262241,670,0.0,21.233333,2.280103,60,0.0,0.152659,0.698938,0.358194,0.0,HoltWinters7,0.062804,ae0d19ce31e4f391,0.037404,0.075504,-0.504608,0.13153,0.0,0.085494,Stable,False,2026-08-27T18:24:04.422843+00:00
P00035,145.350746,33.872278,670,0.0,157.783333,38.236149,60,0.0,0.367043,1.128833,0.121184,0.0,Naive,0.178821,5c0dbbd00cb944b4,0.159142,0.188661,-0.156464,0.131233,0.0,0.085301,Stable,False,2026-08-27T18:24:04.422843+00:00
P01079,20.174627,5.389822,670,0.0,21.45,7.016748,60,0.0,0.236626,1.301852,0.263788,0.0,SES,0.22244,edd87ac5a79a809b,0.178074,0.244624,-0.27205,0.131019,0.0,0.085162,Stable,False,2026-08-27T18:24:04.422843+00:00
P01686,20.180597,2.539714,670,0.0,21.033333,2.962859,60,0.0,0.335761,1.166611,0.154103,0.0,HoltWinters7,0.07863,9a019a2a4f4bc36a,0.053176,0.091357,-0.417936,0.13086,0.0,0.085059,Stable,False,2026-08-27T18:24:04.422843+00:00
P01647,7.713433,2.02192,670,0.0,7.95,2.999576,60,0.0,0.117001,1.483529,0.394424,0.0,SES,0.234352,79b2ca09bdbc002e,0.146419,0.278318,-0.473916,0.130781,0.0,0.085008,Stable,False,2026-08-27T18:24:04.422843+00:00
P00726,233.032836,28.865009,670,0.0,240.433333,36.698666,60,0.0,0.256383,1.271389,0.24011,0.0,HoltWinters7,0.076753,d4d3984f9634ea99,0.035045,0.097607,-0.640958,0.130533,0.0,0.084846,Stable,False,2026-08-27T18:24:04.422843+00:00
P01322,10.952239,2.77628,670,0.0,11.216667,4.202871,60,0.0,0.095245,1.51385,0.414656,0.0,SES,0.218335,50e8990c7d051c14,0.172887,0.241058,-0.2828,0.129856,0.0,0.084407,Stable,False,2026-08-27T18:24:04.422843+00:00
P01099,105.628358,128.027641,670,0.589552,75.966667,117.702291,60,0.7,0.231682,0.919351,0.084088,0.110448,RollingMean28,1.404511,531cdf6c0e1c1621,1.290632,1.461451,-0.116883,0.128914,0.0,0.083794,Stable,False,2026-08-27T18:24:04.422843+00:00
P01654,13.216418,3.286886,670,0.0,12.616667,2.591326,60,0.0,0.182468,0.788383,0.237771,0.0,SES,0.167759,e16cbab2a8fca013,0.171561,0.165858,0.034384,0.109621,0.034384,0.083288,Stable,False,2026-08-27T18:24:04.422843+00:00
P00871,30.149254,7.681153,670,0.0,28.6,5.755469,60,0.0,0.201695,0.749298,0.288619,0.0,RollingMean28,0.173111,3e3ef60aa4254b75,0.158199,0.180567,-0.123877,0.127621,0.0,0.082954,Stable,False,2026-08-27T18:24:04.422843+00:00
P01955,213.213433,26.143975,670,0.0,220.983333,31.377144,60,0.0,0.297197,1.200167,0.182461,0.0,HoltWinters7,0.085087,0d0ce1d70280bee1,0.060289,0.097486,-0.381561,0.127344,0.0,0.082774,Stable,False,2026-08-27T18:24:04.422843+00:00
P01536,9.937313,2.508392,670,0.0,10.15,3.794845,60,0.0,0.08479,1.51286,0.414002,0.0,SES,0.242296,0b4f714df619324b,0.219,0.253943,-0.137603,0.126818,0.0,0.082432,Stable,False,2026-08-27T18:24:04.422843+00:00
P01065,13.264179,3.385152,670,0.0,12.7,2.451565,60,0.0,0.166663,0.724211,0.322672,0.0,RollingMean28,0.16134,bdcc6435ea201974,0.115789,0.184116,-0.371105,0.1265,0.0,0.082225,Stable,False,2026-08-27T18:24:04.422843+00:00
P00784,4.908955,1.241682,670,0.0,4.583333,1.046247,60,0.0,0.262243,0.842605,0.171257,0.0,SES,0.192092,5dd5dad867f83d1b,0.194813,0.190732,0.021397,0.114931,0.021397,0.082194,Stable,False,2026-08-27T18:24:04.422843+00:00
P00132,11.81194,3.001321,670,0.0,12.166667,4.36149,60,0.0,0.11819,1.45319,0.373761,0.0,SES,0.216029,00c5efc3622c6cf6,0.159236,0.244425,-0.34853,0.125943,0.0,0.081863,Stable,False,2026-08-27T18:24:04.422843+00:00
P01035,18.076119,4.718237,670,0.0,18.566667,6.963261,60,0.0,0.103968,1.475818,0.389213,0.0,SES,0.23304,8d0b48b42fc228dc,0.157299,0.27091,-0.41937,0.125894,0.0,0.081831,Stable,False,2026-08-27T18:24:04.422843+00:00
P01425,232.871642,29.236548,670,0.0,242.983333,33.063109,60,0.0,0.345858,1.130883,0.122999,0.0,HoltWinters7,0.078938,0710d2cc107089c4,0.04007,0.098372,-0.592666,0.125861,0.0,0.081809,Stable,False,2026-08-27T18:24:04.422843+00:00
P00032,5.485075,1.37202,670,0.0,5.683333,1.935324,60,0.0,0.144501,1.410566,0.343991,0.0,SES,0.256775,2c249ef348ed2b9c,0.2236,0.273362,-0.182039,0.125736,0.0,0.081728,Stable,False,2026-08-27T18:24:04.422843+00:00
P00114,143.728358,17.92196,670,0.0,148.766667,21.689931,60,0.0,0.281125,1.210243,0.190821,0.0,HoltWinters7,0.082668,86644fb6672466fe,0.04841,0.099797,-0.514921,0.125015,0.0,0.08126,Stable,False,2026-08-27T18:24:04.422843+00:00
P00989,24.052239,6.66149,670,0.0,25.5,8.644583,60,0.0,0.217333,1.297695,0.26059,0.0,SES,0.234235,53450d3196bb35e3,0.170268,0.266218,-0.36042,0.124914,0.0,0.081194,Stable,False,2026-08-27T18:24:04.422843+00:00
P01244,12.798507,1.60334,670,0.0,13.25,1.936492,60,0.0,0.281595,1.207786,0.188789,0.0,HoltWinters7,0.082623,fe5782dda37ca845,0.039154,0.104357,-0.624812,0.124636,0.0,0.081013,Stable,False,2026-08-27T18:24:04.422843+00:00
P00135,130.602985,16.331414,670,0.0,135.416667,19.432012,60,0.0,0.29475,1.189855,0.173831,0.0,HoltWinters7,0.077548,8eb63f6479bd3e6f,0.04102,0.095812,-0.571866,0.124514,0.0,0.080934,Stable,False,2026-08-27T18:24:04.422843+00:00
P00588,3.98209,0.980974,670,0.0,3.983333,1.112208,60,0.0,0.001268,1.133779,0.125556,0.0,Naive,0.170217,63e076cd0031f90c,0.188679,0.160986,0.172024,0.031738,0.172024,0.080838,Stable,False,2026-08-27T18:24:04.422843+00:00
P01101,8.674627,2.285677,670,0.0,8.3,3.136985,60,0.0,0.163902,1.372454,0.3166,0.0,SES,0.238729,c7155b2e3c824305,0.17325,0.271468,-0.361805,0.124223,0.0,0.080745,Stable,False,2026-08-27T18:24:04.422843+00:00
P01627,13.028358,3.443427,670,0.0,13.783333,4.442063,60,0.0,0.219251,1.290012,0.254652,0.0,SES,0.215742,929ebbd882611e52,0.192783,0.227222,-0.151566,0.123957,0.0,0.080572,Stable,False,2026-08-27T18:24:04.422843+00:00
P01558,11.00597,1.686124,670,0.0,10.833333,1.152252,60,0.0,0.102387,0.683373,0.380714,0.0,HoltWinters7,0.082116,6414e0fa22f85258,0.080783,0.082783,-0.024155,0.123335,0.0,0.080168,Stable,False,2026-08-27T18:24:04.422843+00:00
P00455,22.685075,5.807133,670,0.0,23.116667,8.756773,60,0.0,0.074321,1.507934,0.41074,0.0,Naive,0.219204,1f58223652a46bd0,0.1843,0.236656,-0.221233,0.123123,0.0,0.08003,Stable,False,2026-08-27T18:24:04.422843+00:00
P00735,10.552239,2.850975,670,0.0,9.766667,2.360456,60,0.0,0.275545,0.827947,0.188806,0.0,RollingMean28,0.174881,1065a239914a5908,0.169424,0.17761,-0.046091,0.122976,0.0,0.079935,Stable,False,2026-08-27T18:24:04.422843+00:00
P01633,113.364179,160.153491,670,0.661194,150.833333,169.307279,60,0.55,0.233958,1.057156,0.055583,0.111194,SeasonalNaive7,1.205178,8a0808a04d04e541,1.125467,1.245034,-0.096035,0.122712,0.0,0.079763,Stable,False,2026-08-27T18:24:04.422843+00:00
P01153,139.523881,192.243793,670,0.649254,185.4,195.296055,60,0.516667,0.238635,1.015877,0.015752,0.132587,SeasonalNaive7,1.140664,0cfcb725ff2db595,0.918522,1.251735,-0.266201,0.122598,0.0,0.079688,Stable,False,2026-08-27T18:24:04.422843+00:00
P01209,3.802985,1.008183,670,0.0,3.583333,0.787437,60,0.0,0.217869,0.781045,0.247122,0.0,RollingMean28,0.174934,dc797b58672d5670,0.15903,0.182886,-0.130442,0.121695,0.0,0.079101,Stable,False,2026-08-27T18:24:04.422843+00:00
P00546,28.262687,7.155727,670,0.0,26.983333,5.3599,60,0.0,0.178787,0.749036,0.288968,0.0,SES,0.166923,c974b2c9b1f8b35f,0.1556,0.172585,-0.098416,0.121408,0.0,0.078915,Stable,False,2026-08-27T18:24:04.422843+00:00
P01228,4.016418,1.091357,670,0.0,3.8,0.839693,60,0.0,0.198302,0.769403,0.262141,0.0,SES,0.223777,33ac6ddeaa44d9af,0.202962,0.234185,-0.133328,0.120068,0.0,0.078044,Stable,False,2026-08-27T18:24:04.422843+00:00
P01701,212.791045,26.530878,670,0.0,219.483333,29.11083,60,0.0,0.252245,1.097243,0.092801,0.0,HoltWinters7,0.093624,93cce4f2ab2e3797,0.096746,0.092062,0.050873,0.092568,0.050873,0.077975,Stable,False,2026-08-27T18:24:04.422843+00:00
P00972,41.176119,5.059174,670,0.0,42.466667,6.173938,60,0.0,0.25509,1.220345,0.199134,0.0,HoltWinters7,0.086257,fe8ea38f4efb4010,0.049694,0.104539,-0.524631,0.119933,0.0,0.077957,Stable,False,2026-08-27T18:24:04.422843+00:00
P00236,76.398507,109.024281,670,0.665672,59.7,100.658729,60,0.733333,0.153163,0.923269,0.079835,0.067662,Naive,0.964531,12290641ce81df39,1.0,0.946796,0.056193,0.089143,0.056193,0.077611,Stable,False,2026-08-27T18:24:04.422843+00:00
P00512,24.816418,3.722918,670,0.0,24.55,2.500339,60,0.0,0.071562,0.671607,0.398081,0.0,HoltWinters7,0.059856,78db11cb2ec2a9d4,0.041514,0.069027,-0.398588,0.1192,0.0,0.07748,Stable,False,2026-08-27T18:24:04.422843+00:00
P01128,6.725373,1.045646,670,0.0,6.6,0.741048,60,0.0,0.1199,0.708699,0.344325,0.0,SeasonalNaive7,0.067755,86f3051d74fbdadd,0.061856,0.070705,-0.125163,0.119054,0.0,0.077385,Stable,False,2026-08-27T18:24:04.422843+00:00
P01617,166.802985,20.996334,670,0.0,172.333333,25.287946,60,0.0,0.263396,1.204398,0.18598,0.0,HoltWinters7,0.085541,ca1af7c035ce18ab,0.064197,0.096213,-0.332766,0.118929,0.0,0.077304,Stable,False,2026-08-27T18:24:04.422843+00:00
P01463,12.395522,3.348736,670,0.0,12.883333,4.588459,60,0.0,0.14567,1.370206,0.314961,0.0,Naive,0.220876,1f1d7158e3164e4e,0.17757,0.24253,-0.267842,0.1188,0.0,0.07722,Stable,False,2026-08-27T18:24:04.422843+00:00
P00615,111.285075,13.608368,670,0.0,114.183333,17.298468,60,0.0,0.212976,1.271164,0.239933,0.0,HoltWinters7,0.087884,2da6fd81172c6315,0.040057,0.111797,-0.641704,0.118552,0.0,0.077059,Stable,False,2026-08-27T18:24:04.422843+00:00
P00008,224.540299,27.911787,670,0.0,232.683333,32.524563,60,0.0,0.291742,1.165263,0.152946,0.0,HoltWinters7,0.084549,a353eb8d1ed29d5c,0.041599,0.106024,-0.607645,0.118466,0.0,0.077003,Stable,False,2026-08-27T18:24:04.422843+00:00
P01898,19.698507,5.470276,670,0.0,20.583333,7.344528,60,0.0,0.161752,1.342625,0.294627,0.0,SES,0.217944,aaeac6efb7901043,0.174623,0.239605,-0.271207,0.118138,0.0,0.07679,Stable,False,2026-08-27T18:24:04.422843+00:00
P00103,4.71194,1.221019,670,0.0,4.366667,1.040969,60,0.0,0.282775,0.852541,0.159534,0.0,RollingMean28,0.182873,eff4ea50ed317a26,0.173016,0.187801,-0.078729,0.117647,0.0,0.07647,Stable,False,2026-08-27T18:24:04.422843+00:00
P01467,242.301493,30.083568,670,0.0,250.416667,35.704195,60,0.0,0.269754,1.186834,0.171289,0.0,RollingMean28,0.10257,0208a9ad7736ecdc,0.0778,0.114955,-0.323213,0.117005,0.0,0.076053,Stable,False,2026-08-27T18:24:04.422843+00:00
P01614,24.501493,5.881172,670,0.0,23.083333,4.802159,60,0.0,0.241135,0.816531,0.20269,0.0,RollingMean28,0.167085,dd3d600386391b9a,0.125311,0.187972,-0.33335,0.116985,0.0,0.07604,Stable,False,2026-08-27T18:24:04.422843+00:00
P01846,2.562687,0.715896,670,0.0,2.683333,0.947641,60,0.0,0.168526,1.323713,0.28044,0.0,SeasonalNaive7,0.251643,6108551d1842dfe7,0.15493,0.3,-0.483568,0.116455,0.0,0.075696,Stable,False,2026-08-27T18:24:04.422843+00:00
P00729,28.335821,7.148378,670,0.0,28.933333,10.35287,60,0.0,0.083587,1.448282,0.370378,0.0,SES,0.221023,7e0d7aead60b50a3,0.141259,0.260904,-0.458581,0.115581,0.0,0.075128,Stable,False,2026-08-27T18:24:04.422843+00:00
P01531,5.247761,1.29092,670,0.0,4.916667,1.07816,60,0.0,0.256479,0.835187,0.180099,0.0,Naive,0.185151,44238f80363f873b,0.163399,0.196027,-0.166448,0.115557,0.0,0.075112,Stable,False,2026-08-27T18:24:04.422843+00:00
P01152,112.622388,14.310535,670,0.0,115.783333,17.816477,60,0.0,0.220882,1.24499,0.219128,0.0,HoltWinters7,0.077364,f464ca5003a31ad5,0.043444,0.094324,-0.539413,0.115525,0.0,0.075091,Stable,False,2026-08-27T18:24:04.422843+00:00
P00260,19.437313,5.06119,670,0.0,18.816667,7.019324,60,0.0,0.122629,1.386892,0.327065,0.0,SES,0.248813,9466bb351991e2d2,0.189959,0.27824,-0.317282,0.115489,0.0,0.075068,Stable,False,2026-08-27T18:24:04.422843+00:00
P01518,152.797015,19.32742,670,0.0,157.916667,22.916423,60,0.0,0.264891,1.185695,0.170329,0.0,HoltWinters7,0.096017,20369c45b104a74e,0.046505,0.120773,-0.614942,0.115427,0.0,0.075028,Stable,False,2026-08-27T18:24:04.422843+00:00
P01486,4.589552,0.725499,670,0.0,4.45,0.565236,60,0.0,0.192354,0.7791,0.249616,0.0,SeasonalNaive7,0.085283,2ff65d790a0bbf15,0.069231,0.093309,-0.258048,0.115301,0.0,0.074946,Stable,False,2026-08-27T18:24:04.422843+00:00
P00926,15.207463,3.786168,670,0.0,15.4,5.6754,60,0.0,0.050853,1.498983,0.404787,0.0,SES,0.224742,0c57179b9223c7e9,0.14905,0.262588,-0.432383,0.115181,0.0,0.074868,Stable,False,2026-08-27T18:24:04.422843+00:00
P01037,9.408955,2.344713,670,0.0,8.95,1.835848,60,0.0,0.19574,0.782974,0.244656,0.0,RollingMean28,0.158662,a645169778e89257,0.149422,0.163282,-0.084881,0.114993,0.0,0.074745,Stable,False,2026-08-27T18:24:04.422843+00:00
P01591,156.919403,228.243123,670,0.674627,165.616667,238.209713,60,0.666667,0.038105,1.043667,0.04274,0.00796,Croston,1.450015,52b96be89234a8fc,1.603986,1.37303,0.168209,0.024348,0.168209,0.074699,Stable,False,2026-08-27T18:24:04.422843+00:00
P00377,227.813433,29.124743,670,0.0,235.3,34.748637,60,0.0,0.257052,1.193097,0.176552,0.0,HoltWinters7,0.084086,6135a799f30ba5e0,0.044902,0.103678,-0.566912,0.114827,0.0,0.074638,Stable,False,2026-08-27T18:24:04.422843+00:00
P01734,13.8,3.455288,670,0.0,14.75,4.040578,60,0.0,0.274941,1.16939,0.156482,0.0,SES,0.207242,33f11ffada36d931,0.199666,0.21103,-0.053852,0.114729,0.0,0.074574,Stable,False,2026-08-27T18:24:04.422843+00:00
P00218,77.314925,106.060144,670,0.647761,91.733333,110.471849,60,0.583333,0.135946,1.041596,0.040754,0.064428,Naive,0.952433,0394eb781d2dfbdf,1.0,0.92865,0.076832,0.073345,0.076832,0.074565,Stable,False,2026-08-27T18:24:04.422843+00:00
P00251,6.498507,1.736575,670,0.0,6.166667,1.474836,60,0.0,0.191089,0.849279,0.163368,0.0,SES,0.194058,eed5befb34f73ef5,0.199113,0.19153,0.039589,0.093392,0.039589,0.074561,Stable,False,2026-08-27T18:24:04.422843+00:00
P00227,204.326866,25.18118,670,0.0,211.416667,29.197917,60,0.0,0.281552,1.159513,0.148001,0.0,HoltWinters7,0.081035,2f281297b2264f24,0.05309,0.095008,-0.4412,0.114427,0.0,0.074377,Stable,False,2026-08-27T18:24:04.422843+00:00
P01778,4.434328,1.128918,670,0.0,4.383333,0.884742,60,0.0,0.045172,0.783708,0.243719,0.0,SES,0.164944,97002e1f5b32534a,0.17305,0.16089,0.075578,0.073352,0.075578,0.074131,Stable,False,2026-08-27T18:24:04.422843+00:00
P00790,35.455224,4.484512,670,0.0,36.716667,5.191557,60,0.0,0.281289,1.157664,0.146404,0.0,HoltWinters7,0.093092,5a0267a460dd50ff,0.082895,0.09819,-0.155773,0.113955,0.0,0.074071,Stable,False,2026-08-27T18:24:04.422843+00:00
P00434,10.632836,2.720041,670,0.0,10.8,4.003388,60,0.0,0.061456,1.471812,0.386494,0.0,SES,0.230417,1cca1bff8b440419,0.191341,0.249954,-0.234494,0.113524,0.0,0.073791,Stable,False,2026-08-27T18:24:04.422843+00:00
P00375,13.350746,3.594668,670,0.0,13.55,5.321606,60,0.0,0.05543,1.480417,0.392324,0.0,SES,0.217379,351e07846a07a9d0,0.166849,0.242645,-0.312375,0.113324,0.0,0.073661,Stable,False,2026-08-27T18:24:04.422843+00:00
P01631,96.4,132.049787,670,0.647761,112.883333,136.637227,60,0.583333,0.124827,1.03474,0.03415,0.064428,RollingMean28,1.265941,1bc76c6713e76faf,1.332873,1.232476,0.08146,0.068636,0.08146,0.073124,Stable,False,2026-08-27T18:24:04.422843+00:00
P00812,245.267164,30.546815,670,0.0,253.316667,35.818512,60,0.0,0.263514,1.172578,0.159204,0.0,HoltWinters7,0.080555,d4bf74dd6bceb343,0.042665,0.0995,-0.571203,0.112267,0.0,0.072974,Stable,False,2026-08-27T18:24:04.422843+00:00
P01603,5.471642,1.361965,670,0.0,5.716667,1.747557,60,0.0,0.179905,1.283114,0.24929,0.0,SES,0.214777,16efd9ff02013ea2,0.169427,0.237451,-0.286478,0.111796,0.0,0.072668,Stable,False,2026-08-27T18:24:04.422843+00:00
P00367,226.416418,28.030221,670,0.0,233.9,32.675446,60,0.0,0.266983,1.165722,0.153341,0.0,HoltWinters7,0.082347,c55f0f5de5545fe1,0.061246,0.092897,-0.340706,0.111755,0.0,0.072641,Stable,False,2026-08-27T18:24:04.422843+00:00
P00981,25.031343,6.4586,670,0.0,24.4,4.599926,60,0.0,0.097752,0.712217,0.339372,0.0,RollingMean28,0.169564,be8131070f3d1de0,0.161347,0.173672,-0.070969,0.111725,0.0,0.072621,Stable,False,2026-08-27T18:24:04.422843+00:00
P00719,23.286567,5.65249,670,0.0,23.666667,8.206378,60,0.0,0.067245,1.451816,0.372815,0.0,SES,0.243812,2a0e42b055560d4a,0.241224,0.245106,-0.015837,0.111696,0.0,0.072602,Stable,False,2026-08-27T18:24:04.422843+00:00
P00149,17.495522,4.4864,670,0.0,17.433333,6.902141,60,0.0,0.013862,1.538459,0.430781,0.0,SES,0.241623,80610cc14c8b6812,0.188873,0.267998,-0.295244,0.111507,0.0,0.07248,Stable,False,2026-08-27T18:24:04.422843+00:00
P00106,17.261194,4.332119,670,0.0,18.266667,5.236335,60,0.0,0.232097,1.208724,0.189565,0.0,RollingMean28,0.208406,2b1e565057094aaa,0.183206,0.221005,-0.171033,0.111218,0.0,0.072292,Stable,False,2026-08-27T18:24:04.422843+00:00
P00228,27.201493,6.811337,670,0.0,26.8,6.299852,60,0.0,0.058945,0.924907,0.078062,0.0,RollingMean28,0.169635,eae33a6168e9afd9,0.184777,0.162064,0.140147,0.035725,0.140147,0.072273,Stable,False,2026-08-27T18:24:04.422843+00:00
P00508,276.997015,63.287845,670,0.0,294.666667,72.532089,60,0.0,0.279195,1.146067,0.136336,0.0,SES,0.189607,8476823dfb8a9a19,0.189229,0.189795,-0.002984,0.110863,0.0,0.072061,Stable,False,2026-08-27T18:24:04.422843+00:00
P00043,6.758209,1.830986,670,0.0,6.85,2.692268,60,0.0,0.050132,1.470392,0.385529,0.0,SES,0.234551,3c511448e09bf5cf,0.212566,0.245544,-0.134305,0.110169,0.0,0.07161,Stable,False,2026-08-27T18:24:04.422843+00:00
P00856,22.553731,5.699968,670,0.0,23.35,7.590862,60,0.0,0.139697,1.331738,0.286485,0.0,SES,0.217981,e9fd989a561c7d02,0.170045,0.241949,-0.297184,0.110038,0.0,0.071525,Stable,False,2026-08-27T18:24:04.422843+00:00
P01204,2.968657,0.474053,670,0.0,2.883333,0.372425,60,0.0,0.179987,0.78562,0.241283,0.0,Naive,0.071698,8d0a0c5e69dc1d40,0.046512,0.084291,-0.448203,0.109817,0.0,0.071381,Stable,False,2026-08-27T18:24:04.422843+00:00
P00586,12.376119,2.784545,670,0.0,12.833333,3.603984,60,0.0,0.164197,1.294281,0.257956,0.0,HoltWinters7,0.152128,aac49fc1c206fb81,0.088965,0.18371,-0.515733,0.109643,0.0,0.071268,Stable,False,2026-08-27T18:24:04.422843+00:00
P00368,230.759701,29.082695,670,0.0,237.983333,34.288651,60,0.0,0.248382,1.179005,0.164671,0.0,HoltWinters7,0.084462,5dfdee12165ece56,0.044807,0.10429,-0.570363,0.109473,0.0,0.071157,Stable,False,2026-08-27T18:24:04.422843+00:00
P01072,17.258209,4.639521,670,0.0,17.95,6.09925,60,0.0,0.149108,1.314629,0.273555,0.0,SES,0.238453,8d8cd346a07fbad9,0.197238,0.259061,-0.23864,0.109393,0.0,0.071106,Stable,False,2026-08-27T18:24:04.422843+00:00
P01611,66.476119,8.2445,670,0.0,68.9,9.240112,60,0.0,0.294,1.120761,0.114008,0.0,HoltWinters7,0.07279,521102ce3655dd6d,0.033974,0.092198,-0.631511,0.109352,0.0,0.071079,Stable,False,2026-08-27T18:24:04.422843+00:00
P01448,97.544776,12.350763,670,0.0,100.766667,14.335409,60,0.0,0.260866,1.16069,0.149015,0.0,HoltWinters7,0.088217,897dbd0f51fc3bd8,0.074549,0.095051,-0.215701,0.108992,0.0,0.070845,Stable,False,2026-08-27T18:24:04.422843+00:00
P00410,17.70597,4.351018,670,0.0,17.55,6.458275,60,0.0,0.035847,1.484314,0.394953,0.0,SES,0.223776,d7983c33e1ceb661,0.158411,0.256459,-0.382313,0.108596,0.0,0.070587,Stable,False,2026-08-27T18:24:04.422843+00:00
P00011,12.240299,3.033523,670,0.0,12.083333,4.42371,60,0.0,0.051744,1.458275,0.377254,0.0,SES,0.226204,9679f929f04fb4d8,0.167097,0.255757,-0.346659,0.108543,0.0,0.070553,Stable,False,2026-08-27T18:24:04.422843+00:00
P00865,5.676119,0.900687,670,0.0,5.5,0.724861,60,0.0,0.195539,0.804787,0.217178,0.0,HoltWinters7,0.084474,ba99019a3073d83c,0.079901,0.08676,-0.079063,0.108068,0.0,0.070244,Stable,False,2026-08-27T18:24:04.422843+00:00
P00014,4.355224,1.221051,670,0.0,4.55,1.577651,60,0.0,0.159515,1.292043,0.256225,0.0,Naive,0.225531,cd8348b9384b525f,0.155172,0.260711,-0.404811,0.107923,0.0,0.07015,Stable,False,2026-08-27T18:24:04.422843+00:00
P00724,147.702985,198.200393,670,0.637313,110.883333,179.272361,60,0.716667,0.18577,0.904501,0.100372,0.079353,RollingMean28,1.447925,ed92419d9cf1707f,1.23941,1.552182,-0.201505,0.107921,0.0,0.070149,Stable,False,2026-08-27T18:24:04.422843+00:00
P00273,250.28806,58.316714,670,0.0,272.883333,58.031579,60,0.0,0.387458,0.995111,0.004901,0.0,SES,0.178885,3d05c8e04f2ecb04,0.157419,0.189618,-0.169809,0.107776,0.0,0.070055,Stable,False,2026-08-27T18:24:04.422843+00:00
P01767,101.844776,139.277325,670,0.646269,115.1,143.245161,60,0.6,0.095171,1.028489,0.02809,0.046269,SeasonalNaive7,1.149891,60ed0d626129dab2,1.226728,1.111472,0.103696,0.051702,0.103696,0.0699,Stable,False,2026-08-27T18:24:04.422843+00:00
P01054,67.692537,91.094283,670,0.638806,69.683333,89.789866,60,0.616667,0.021854,0.985681,0.014423,0.022139,Naive,1.054985,315c67760beea744,1.164956,1.0,0.164956,0.018471,0.164956,0.069741,Stable,False,2026-08-27T18:24:04.422843+00:00
P01424,22.904478,6.041695,670,0.0,23.533333,8.275892,60,0.0,0.104086,1.369797,0.314662,0.0,Naive,0.233908,82130bbede903c53,0.186555,0.257585,-0.275755,0.107289,0.0,0.069738,Stable,False,2026-08-27T18:24:04.422843+00:00
P00112,30.085075,6.648572,670,0.0,30.9,8.919033,60,0.0,0.122571,1.341496,0.293785,0.0,HoltWinters7,0.14121,7e6894ce1f7ceb37,0.062964,0.180333,-0.650843,0.107154,0.0,0.06965,Stable,False,2026-08-27T18:24:04.422843+00:00
P00476,85.740299,10.656956,670,0.0,89.116667,11.536371,60,0.0,0.316823,1.08252,0.079292,0.0,HoltWinters7,0.07487,4edb5484509b941e,0.039838,0.092387,-0.568795,0.106949,0.0,0.069517,Stable,False,2026-08-27T18:24:04.422843+00:00
P01088,13.51194,3.646036,670,0.0,13.35,5.32288,60,0.0,0.044415,1.459909,0.378374,0.0,SES,0.218156,c623f82863dc79f0,0.151663,0.251403,-0.396735,0.106808,0.0,0.069425,Stable,False,2026-08-27T18:24:04.422843+00:00
P00575,27.719403,3.472559,670,0.0,28.466667,4.196313,60,0.0,0.215191,1.208421,0.189314,0.0,HoltWinters7,0.081033,0f8fa83d97cd2826,0.04688,0.09811,-0.522173,0.106506,0.0,0.069229,Stable,False,2026-08-27T18:24:04.422843+00:00
P01636,14.485075,3.262174,670,0.0,14.95,4.268231,60,0.0,0.14252,1.308401,0.268806,0.0,SeasonalNaive7,0.165829,6b1436da219bbed7,0.112219,0.192634,-0.417446,0.106394,0.0,0.069156,Stable,False,2026-08-27T18:24:04.422843+00:00
P01503,17.216418,4.577781,670,0.0,17.383333,6.724838,60,0.0,0.036462,1.469017,0.384593,0.0,SES,0.255956,278952f08e90300c,0.180994,0.293437,-0.383193,0.106175,0.0,0.069014,Stable,False,2026-08-27T18:24:04.422843+00:00
P01049,250.183582,30.83013,670,0.0,258.3,35.211853,60,0.0,0.263263,1.142125,0.13289,0.0,HoltWinters7,0.087905,770c08166abe81ab,0.045876,0.10892,-0.57881,0.10562,0.0,0.068653,Stable,False,2026-08-27T18:24:04.422843+00:00
P00468,35.950746,4.368212,670,0.0,36.883333,5.269328,60,0.0,0.213494,1.206289,0.187549,0.0,HoltWinters7,0.074904,1670c804652101a7,0.034794,0.094959,-0.633595,0.105598,0.0,0.068639,Stable,False,2026-08-27T18:24:04.422843+00:00
P00352,156.81791,36.867998,670,0.0,167.216667,32.980267,60,0.0,0.282054,0.89455,0.111435,0.0,SES,0.156777,2925ce75f1467f92,0.149115,0.160608,-0.071562,0.105423,0.0,0.068525,Stable,False,2026-08-27T18:24:04.422843+00:00
P01122,126.004478,15.813231,670,0.0,130.116667,18.096813,60,0.0,0.260047,1.14441,0.134889,0.0,HoltWinters7,0.073041,34f75f60dfebeb5e,0.037974,0.090575,-0.58075,0.105235,0.0,0.068403,Stable,False,2026-08-27T18:24:04.422843+00:00
P00662,146.007463,18.312964,670,0.0,150.383333,21.446102,60,0.0,0.238949,1.171089,0.157934,0.0,SES,0.091763,b6d40869b61bd084,0.062268,0.10651,-0.415376,0.105194,0.0,0.068376,Stable,False,2026-08-27T18:24:04.422843+00:00
P01111,12.152239,1.545751,670,0.0,12.466667,1.881819,60,0.0,0.203414,1.217414,0.196729,0.0,Naive,0.093337,76771a9b4bdeb919,0.08169,0.09916,-0.176178,0.105121,0.0,0.068329,Stable,False,2026-08-27T18:24:04.422843+00:00
P00204,247.146269,30.8742,670,0.0,254.016667,36.792359,60,0.0,0.222529,1.191686,0.175369,0.0,HoltWinters7,0.082686,8faaa900b7e9dd19,0.049528,0.099265,-0.501057,0.105038,0.0,0.068275,Stable,False,2026-08-27T18:24:04.422843+00:00
P01943,147.853731,199.914457,670,0.641791,187.216667,211.126526,60,0.55,0.196899,1.056084,0.054568,0.091791,Naive,1.0,94ec1be396d45e6a,1.0,1.0,0.0,0.104506,0.0,0.067929,Stable,False,2026-08-27T18:24:04.422843+00:00
P00442,133.534328,16.874225,670,0.0,137.2,20.163568,60,0.0,0.217235,1.194933,0.17809,0.0,HoltWinters7,0.083965,69c9ad668f5b04c8,0.042319,0.104787,-0.596142,0.104262,0.0,0.06777,Stable,False,2026-08-27T18:24:04.422843+00:00
P00139,25.562687,6.539162,670,0.0,23.95,5.658127,60,0.0,0.24662,0.865268,0.144716,0.0,SES,0.177682,15f8f47a4f779bbd,0.150725,0.191161,-0.211532,0.103999,0.0,0.0676,Stable,False,2026-08-27T18:24:04.422843+00:00
P00441,8.555224,2.308578,670,0.0,8.75,3.18697,60,0.0,0.084371,1.380491,0.322439,0.0,SES,0.24251,2c1ea44dc8c508b2,0.228612,0.249459,-0.083569,0.103812,0.0,0.067478,Stable,False,2026-08-27T18:24:04.422843+00:00
P01278,191.91194,23.717628,670,0.0,197.166667,28.110657,60,0.0,0.221554,1.185222,0.16993,0.0,HoltWinters7,0.090551,b0c090afbbee67fd,0.06662,0.102517,-0.350153,0.10341,0.0,0.067216,Stable,False,2026-08-27T18:24:04.422843+00:00
P01327,21.438806,5.158908,670,0.0,21.383333,7.697879,60,0.0,0.010753,1.492153,0.40022,0.0,SES,0.222006,cde84e690da71da6,0.16686,0.24958,-0.331438,0.103012,0.0,0.066958,Stable,False,2026-08-27T18:24:04.422843+00:00
P00002,115.264179,14.409775,670,0.0,118.566667,16.90288,60,0.0,0.229184,1.173015,0.159577,0.0,HoltWinters7,0.078932,b395fb96d05c269f,0.047015,0.094891,-0.504533,0.10292,0.0,0.066898,Stable,False,2026-08-27T18:24:04.422843+00:00
P01172,98.019403,12.320141,670,0.0,100.883333,14.39879,60,0.0,0.232459,1.16872,0.155909,0.0,HoltWinters7,0.083524,662aa5675a633d0b,0.046077,0.102248,-0.549363,0.102903,0.0,0.066887,Stable,False,2026-08-27T18:24:04.422843+00:00
P00945,2.647761,0.748563,670,0.0,2.783333,0.922261,60,0.0,0.18111,1.232042,0.208673,0.0,Naive,0.20726,b2850ef225dc96aa,0.194444,0.213668,-0.089971,0.101973,0.0,0.066283,Stable,False,2026-08-27T18:24:04.422843+00:00
P00400,20.591045,27.204698,670,0.629851,25.9,28.259512,60,0.533333,0.195148,1.038773,0.03804,0.096517,Naive,1.0,d8b993c67a4b6c56,1.0,1.0,0.0,0.101783,0.0,0.066159,Stable,False,2026-08-27T18:24:04.422843+00:00
P00761,19.459701,4.894463,670,0.0,19.883333,6.68439,60,0.0,0.086553,1.365704,0.31167,0.0,SES,0.228421,a31c48f6d90599b4,0.202816,0.241224,-0.159222,0.10172,0.0,0.066118,Stable,False,2026-08-27T18:24:04.422843+00:00
P01888,10.01194,2.288564,670,0.0,10.316667,2.96586,60,0.0,0.133152,1.295948,0.259243,0.0,HoltWinters7,0.155631,a6ea7aae84911597,0.10286,0.182017,-0.434885,0.101427,0.0,0.065928,Stable,False,2026-08-27T18:24:04.422843+00:00
P00389,112.516418,147.981664,670,0.628358,85.766667,138.765424,60,0.716667,0.180764,0.93772,0.064303,0.088308,RollingMean28,1.42251,39cffe94eb0da6c9,1.276383,1.495573,-0.14656,0.101109,0.0,0.065721,Stable,False,2026-08-27T18:24:04.422843+00:00
P01991,12.622388,17.19359,670,0.644776,15.933333,17.890312,60,0.55,0.192569,1.040522,0.039723,0.094776,Naive,1.0,4f1203a5f281a3f8,1.0,1.0,0.0,0.100797,0.0,0.065518,Stable,False,2026-08-27T18:24:04.422843+00:00
P01668,209.880597,25.602412,670,0.0,217.833333,27.22173,60,0.0,0.310625,1.063249,0.061329,0.0,HoltWinters7,0.084661,8ae59a4f9718075b,0.058204,0.097889,-0.405411,0.100754,0.0,0.06549,Stable,False,2026-08-27T18:24:04.422843+00:00
P00667,14.789552,3.315797,670,0.0,15.25,4.257098,60,0.0,0.138865,1.283884,0.24989,0.0,HoltWinters7,0.139072,e1b47fe0eb3051e0,0.060189,0.178513,-0.662829,0.10066,0.0,0.065429,Stable,False,2026-08-27T18:24:04.422843+00:00
P01762,56.486567,7.123025,670,0.0,58.316667,8.028533,60,0.0,0.256927,1.127124,0.119669,0.0,HoltWinters7,0.084631,3c7a2ad53a561626,0.051844,0.101025,-0.486817,0.100572,0.0,0.065372,Stable,False,2026-08-27T18:24:04.422843+00:00
P00648,151.919403,223.317036,670,0.679104,194.016667,232.65567,60,0.583333,0.188509,1.041818,0.040967,0.095771,Naive,1.0,26109c17bb7c0dd3,1.0,1.0,0.0,0.10039,0.0,0.065254,Stable,False,2026-08-27T18:24:04.422843+00:00
P01673,60.140299,7.379,670,0.0,61.733333,8.682471,60,0.0,0.215888,1.176646,0.162668,0.0,HoltWinters7,0.094762,9fe7c513c3451c42,0.079087,0.102599,-0.229167,0.100036,0.0,0.065023,Stable,False,2026-08-27T18:24:04.422843+00:00
P01763,24.802985,6.41793,670,0.0,24.35,8.852511,60,0.0,0.070581,1.37934,0.321605,0.0,SES,0.235106,994f7bb0e7713ddf,0.161184,0.272067,-0.407557,0.099811,0.0,0.064877,Stable,False,2026-08-27T18:24:04.422843+00:00
P01977,18.222388,4.750559,670,0.0,17.35,3.900565,60,0.0,0.183639,0.821075,0.197141,0.0,RollingMean28,0.170829,6bfe21f8fd11cea2,0.141783,0.185353,-0.235064,0.099786,0.0,0.064861,Stable,False,2026-08-27T18:24:04.422843+00:00
P00047,29.850746,7.260174,670,0.0,29.083333,6.4553,60,0.0,0.105702,0.889139,0.117502,0.0,SES,0.168141,0fd2212db15c3301,0.176519,0.163952,0.076653,0.058444,0.076653,0.064817,Stable,False,2026-08-27T18:24:04.422843+00:00
P01149,79.856716,10.211826,670,0.0,82.116667,11.913661,60,0.0,0.221307,1.166653,0.154139,0.0,HoltWinters7,0.091954,1efae66e0ce54072,0.049566,0.113147,-0.561934,0.099394,0.0,0.064606,Stable,False,2026-08-27T18:24:04.422843+00:00
P00416,5.919403,1.487189,670,0.0,5.733333,1.162503,60,0.0,0.125115,0.781678,0.246312,0.0,Naive,0.171743,ad1088240788be97,0.172414,0.171407,0.005872,0.095985,0.005872,0.064445,Stable,False,2026-08-27T18:24:04.422843+00:00
P00306,29.119403,3.673614,670,0.0,30.416667,3.702,60,0.0,0.35313,1.007727,0.007697,0.0,HoltWinters7,0.07225,e094665feb6ef330,0.040721,0.088015,-0.537344,0.099035,0.0,0.064373,Stable,False,2026-08-27T18:24:04.422843+00:00
P01414,6.71194,1.72877,670,0.0,6.8,2.427246,60,0.0,0.050938,1.404031,0.339347,0.0,SES,0.245531,1cbe72a5dfe9b407,0.180426,0.278084,-0.351182,0.098845,0.0,0.064249,Stable,False,2026-08-27T18:24:04.422843+00:00
P01184,75.559701,9.113068,670,0.0,77.9,10.194216,60,0.0,0.256807,1.118637,0.112111,0.0,HoltWinters7,0.077006,ad0f59a1e2940d57,0.050194,0.090413,-0.444841,0.09865,0.0,0.064122,Stable,False,2026-08-27T18:24:04.422843+00:00
P01306,31.638806,4.03249,670,0.0,32.75,4.41732,60,0.0,0.27556,1.095432,0.091149,0.0,HoltWinters7,0.082973,8a9ed7a85cf3c647,0.050333,0.099293,-0.493088,0.098566,0.0,0.064068,Stable,False,2026-08-27T18:24:04.422843+00:00
P00514,204.489552,25.252786,670,0.0,208.766667,31.087284,60,0.0,0.169372,1.231044,0.207862,0.0,HoltWinters7,0.081932,a3ea1463bd715888,0.059576,0.093109,-0.360145,0.098543,0.0,0.064053,Stable,False,2026-08-27T18:24:04.422843+00:00
P00869,58.865672,7.305823,670,0.0,60.9,7.971772,60,0.0,0.278453,1.091153,0.087235,0.0,HoltWinters7,0.091677,7098f9749c3710a0,0.068406,0.103312,-0.337873,0.098383,0.0,0.063949,Stable,False,2026-08-27T18:24:04.422843+00:00
P00428,216.607463,26.563283,670,0.0,223.3,29.842127,60,0.0,0.251947,1.123435,0.116391,0.0,HoltWinters7,0.082722,cadb6664211dab5d,0.043766,0.1022,-0.571766,0.098383,0.0,0.063949,Stable,False,2026-08-27T18:24:04.422843+00:00
P01434,20.41791,29.132987,670,0.665672,25.85,29.923532,60,0.566667,0.186458,1.027136,0.026774,0.099005,RollingMean28,1.243667,64eb6c6eadd8758a,1.141573,1.294714,-0.118281,0.097572,0.0,0.063422,Stable,False,2026-08-27T18:24:04.422843+00:00
P00129,22.640299,6.242282,670,0.0,21.433333,7.452372,60,0.0,0.193353,1.193854,0.177187,0.0,SES,0.202695,7ab7d91387d6c0e8,0.169429,0.219328,-0.22751,0.097469,0.0,0.063355,Stable,False,2026-08-27T18:24:04.422843+00:00
P01855,99.137313,12.523781,670,0.0,102.733333,13.476743,60,0.0,0.287135,1.076092,0.073336,0.0,HoltWinters7,0.084503,2ca1e8c8ee7ec7c6,0.072437,0.090536,-0.199905,0.097296,0.0,0.063243,Stable,False,2026-08-27T18:24:04.422843+00:00
P00397,155.9,19.331515,670,0.0,159.033333,23.852631,60,0.0,0.162084,1.233873,0.210158,0.0,HoltWinters7,0.104517,c16254678025b859,0.096042,0.108754,-0.116892,0.097113,0.0,0.063123,Stable,False,2026-08-27T18:24:04.422843+00:00
P00402,213.855224,27.354806,670,0.0,219.666667,31.932485,60,0.0,0.212447,1.167345,0.154732,0.0,HoltWinters7,0.08647,3772879686d45584,0.050015,0.104697,-0.522284,0.097106,0.0,0.063119,Stable,False,2026-08-27T18:24:04.422843+00:00
P00281,217.441791,26.644794,670,0.0,222.366667,32.030688,60,0.0,0.184834,1.202137,0.184101,0.0,HoltWinters7,0.082353,4e10e02d05272355,0.05317,0.096944,-0.451539,0.096855,0.0,0.062956,Stable,False,2026-08-27T18:24:04.422843+00:00
P00706,95.273134,12.105726,670,0.0,98.783333,12.917065,60,0.0,0.289962,1.067021,0.064871,0.0,HoltWinters7,0.073153,6bf5d28cf51a9e83,0.03878,0.09034,-0.570729,0.095957,0.0,0.062372,Stable,False,2026-08-27T18:24:04.422843+00:00
P00525,227.432836,28.346154,670,0.0,231.933333,34.911931,60,0.0,0.158769,1.231628,0.208337,0.0,Naive,0.101842,571d85e6d6e80bf2,0.081769,0.111878,-0.269126,0.095746,0.0,0.062235,Stable,False,2026-08-27T18:24:04.422843+00:00
P00174,3.479104,0.892761,670,0.0,3.55,1.199223,60,0.0,0.079412,1.343275,0.295111,0.0,SES,0.230821,39d76b3bd48c369b,0.19758,0.247442,-0.201509,0.095616,0.0,0.06215,Stable,False,2026-08-27T18:24:04.422843+00:00
P00140,69.58209,8.628955,670,0.0,71.65,9.71252,60,0.0,0.239648,1.125573,0.118292,0.0,HoltWinters7,0.075381,5045bb25888ed181,0.039386,0.093378,-0.578204,0.095476,0.0,0.06206,Stable,False,2026-08-27T18:24:04.422843+00:00
P00752,145.029851,18.155342,670,0.0,149.65,20.092013,60,0.0,0.254479,1.106672,0.101358,0.0,HoltWinters7,0.084849,d5e107e7dfc2abcd,0.049349,0.102598,-0.519008,0.095321,0.0,0.061959,Stable,False,2026-08-27T18:24:04.422843+00:00
P01053,246.835821,31.259317,670,0.0,254.366667,35.106601,60,0.0,0.240915,1.123076,0.116072,0.0,HoltWinters7,0.080829,a1f01ed2d66d84cd,0.058536,0.091975,-0.363572,0.09527,0.0,0.061925,Stable,False,2026-08-27T18:24:04.422843+00:00
P01780,195.977612,24.070855,670,0.0,201.133333,27.836366,60,0.0,0.214189,1.156434,0.145342,0.0,HoltWinters7,0.088929,d9d95f7f19de6e98,0.049032,0.108878,-0.549664,0.095237,0.0,0.061904,Stable,False,2026-08-27T18:24:04.422843+00:00
P01426,198.88209,25.226913,670,0.0,203.983333,29.559186,60,0.0,0.202214,1.171732,0.158483,0.0,HoltWinters7,0.089873,37a8fffa27c9420b,0.045389,0.112114,-0.595149,0.09523,0.0,0.061899,Stable,False,2026-08-27T18:24:04.422843+00:00
P01178,26.844776,6.679046,670,0.0,27.35,8.994961,60,0.0,0.075643,1.346743,0.297689,0.0,SES,0.210845,4b757491f7300f29,0.202317,0.21511,-0.059471,0.095224,0.0,0.061896,Stable,False,2026-08-27T18:24:04.422843+00:00
P01272,205.322388,25.941188,670,0.0,210.85,29.984643,60,0.0,0.213082,1.15587,0.144853,0.0,HoltWinters7,0.077739,8b50572be92fcff6,0.05666,0.088278,-0.358157,0.094811,0.0,0.061627,Stable,False,2026-08-27T18:24:04.422843+00:00
P00318,22.298507,5.526441,670,0.0,23.016667,6.997558,60,0.0,0.12995,1.266196,0.236017,0.0,SES,0.209137,41bb57ac282f6802,0.131749,0.247831,-0.468392,0.09474,0.0,0.061581,Stable,False,2026-08-27T18:24:04.422843+00:00
P01922,12.883582,3.378672,670,0.0,12.616667,4.52148,60,0.0,0.079,1.338242,0.291357,0.0,SES,0.23152,87b91348333f3ec7,0.176726,0.258917,-0.317441,0.094564,0.0,0.061467,Stable,False,2026-08-27T18:24:04.422843+00:00
P00797,188.038806,23.342994,670,0.0,191.716667,28.635104,60,0.0,0.157557,1.226711,0.204337,0.0,HoltWinters7,0.084711,b493887fb13a0243,0.042455,0.105839,-0.598875,0.094412,0.0,0.061368,Stable,False,2026-08-27T18:24:04.422843+00:00
P01015,80.685075,108.492748,670,0.638806,62.6,101.308758,60,0.716667,0.166694,0.933784,0.06851,0.077861,Naive,1.0,b90491ce6a858c9f,1.0,1.0,0.0,0.094113,0.0,0.061173,Stable,False,2026-08-27T18:24:04.422843+00:00
P00073,26.922388,7.349889,670,0.0,27.55,9.732742,60,0.0,0.085391,1.324203,0.28081,0.0,SES,0.226831,3863bc9ac148f420,0.193274,0.24361,-0.206627,0.093685,0.0,0.060895,Stable,False,2026-08-27T18:24:04.422843+00:00
P00122,66.910448,8.279373,670,0.0,68.783333,9.38461,60,0.0,0.226211,1.133493,0.125304,0.0,HoltWinters7,0.085733,6aba4b543d6985d8,0.060667,0.098266,-0.382625,0.093534,0.0,0.060797,Stable,False,2026-08-27T18:24:04.422843+00:00
P01084,99.39403,12.438787,670,0.0,102.1,14.201575,60,0.0,0.217543,1.141717,0.132533,0.0,HoltWinters7,0.071044,17018c70a8e4558d,0.042398,0.085368,-0.503342,0.092958,0.0,0.060422,Stable,False,2026-08-27T18:24:04.422843+00:00
P01648,99.262687,12.21407,670,0.0,101.666667,14.265838,60,0.0,0.196821,1.167984,0.155279,0.0,HoltWinters7,0.082768,956b1870a76f56d8,0.056668,0.095819,-0.40859,0.092945,0.0,0.060415,Stable,False,2026-08-27T18:24:04.422843+00:00
P01351,123.007463,15.165306,670,0.0,125.166667,18.78258,60,0.0,0.142378,1.238523,0.21392,0.0,HoltWinters7,0.088624,0a9c3ab36cca7880,0.057188,0.104342,-0.451912,0.092634,0.0,0.060212,Stable,False,2026-08-27T18:24:04.422843+00:00
P00533,74.585075,9.286396,670,0.0,77.633333,9.369924,60,0.0,0.32825,1.008995,0.008955,0.0,HoltWinters7,0.072274,87eb61bc4613676a,0.034412,0.091205,-0.6227,0.092507,0.0,0.06013,Stable,False,2026-08-27T18:24:04.422843+00:00
P01911,23.919403,6.262762,670,0.0,23.033333,5.055511,60,0.0,0.141482,0.807233,0.214142,0.0,SES,0.166939,f0c9ecbb539527e0,0.15727,0.171773,-0.084432,0.092443,0.0,0.060088,Stable,False,2026-08-27T18:24:04.422843+00:00
P01989,29.602985,6.908585,670,0.0,27.866667,6.293571,60,0.0,0.251328,0.910978,0.093236,0.0,SES,0.17855,83638eee192ab14f,0.147523,0.194063,-0.239817,0.092424,0.0,0.060076,Stable,False,2026-08-27T18:24:04.422843+00:00
P01338,48.897015,73.65406,670,0.689552,61.05,79.101613,60,0.616667,0.165001,1.073961,0.071354,0.072886,Naive,1.0,1146253ae9c09d22,1.0,1.0,0.0,0.092368,0.0,0.060039,Stable,False,2026-08-27T18:24:04.422843+00:00
P00538,6.220896,1.362155,670,0.0,6.35,1.773869,60,0.0,0.09478,1.302251,0.264095,0.0,SeasonalNaive7,0.166583,9ae6c653e89fbee8,0.100592,0.199579,-0.495981,0.092088,0.0,0.059857,Stable,False,2026-08-27T18:24:04.422843+00:00
P00614,25.425373,7.050296,670,0.0,25.633333,9.863418,60,0.0,0.029497,1.399007,0.335763,0.0,SES,0.283403,1a7f031bfd58eef3,0.208352,0.320929,-0.350784,0.092052,0.0,0.059834,Stable,False,2026-08-27T18:24:04.422843+00:00
P00469,20.679104,5.220119,670,0.0,21.1,6.895589,60,0.0,0.080629,1.320964,0.278362,0.0,SES,0.210803,7a1cde808558a052,0.158274,0.237067,-0.332366,0.091764,0.0,0.059646,Stable,False,2026-08-27T18:24:04.422843+00:00
P00632,69.286567,8.717196,670,0.0,71.15,9.940203,60,0.0,0.213765,1.140298,0.13129,0.0,HoltWinters7,0.084599,bc859a015f060c0b,0.054348,0.099724,-0.455009,0.091608,0.0,0.059545,Stable,False,2026-08-27T18:24:04.422843+00:00
P00983,7.162687,1.818879,670,0.0,6.933333,2.283817,60,0.0,0.126096,1.255618,0.227628,0.0,Naive,0.210998,caa2f764e28a8084,0.142857,0.245068,-0.417072,0.091583,0.0,0.059529,Stable,False,2026-08-27T18:24:04.422843+00:00
P01717,16.458209,4.240232,670,0.0,15.966667,5.383486,60,0.0,0.115923,1.269621,0.238718,0.0,Naive,0.221792,2d1164f2aba12e67,0.166667,0.249354,-0.331607,0.091558,0.0,0.059513,Stable,False,2026-08-27T18:24:04.422843+00:00
P01453,178.114925,22.2132,670,0.0,183.85,24.10417,60,0.0,0.258183,1.085128,0.081698,0.0,HoltWinters7,0.080717,108778241f644513,0.06313,0.08951,-0.294718,0.091425,0.0,0.059426,Stable,False,2026-08-27T18:24:04.422843+00:00
P00215,134.826866,182.061653,670,0.640299,131.616667,175.616888,60,0.633333,0.017632,0.964601,0.036041,0.006965,RollingMean28,1.473765,0f814e04c4784e9c,1.603581,1.408857,0.138214,0.016645,0.138214,0.059194,Stable,False,2026-08-27T18:24:04.422843+00:00
P00206,7.241791,1.855316,670,0.0,7.3,2.579581,60,0.0,0.031374,1.390373,0.329572,0.0,SES,0.225923,b5494fd2f53971ca,0.201897,0.237936,-0.151463,0.091021,0.0,0.059164,Stable,False,2026-08-27T18:24:04.422843+00:00
P00167,29.534328,6.966148,670,0.0,28.166667,6.520286,60,0.0,0.19633,0.935996,0.066144,0.0,RollingMean28,0.171597,1261b79ec68448b8,0.175799,0.169496,0.037187,0.070527,0.037187,0.058858,Stable,False,2026-08-27T18:24:04.422843+00:00
P00461,9.967164,2.689535,670,0.0,10.066667,3.709204,60,0.0,0.036996,1.379125,0.321449,0.0,SES,0.25559,fb91231a71077fb3,0.210087,0.278341,-0.245219,0.090536,0.0,0.058849,Stable,False,2026-08-27T18:24:04.422843+00:00
P00918,189.81791,23.758872,670,0.0,195.3,26.475636,60,0.0,0.230739,1.114347,0.108269,0.0,HoltWinters7,0.076232,0442e3c02f8fbbc8,0.04091,0.093894,-0.56429,0.09052,0.0,0.058838,Stable,False,2026-08-27T18:24:04.422843+00:00
P00728,25.785075,35.257987,670,0.646269,20.066667,33.743231,60,0.733333,0.162188,0.957038,0.043912,0.087065,Naive,1.368488,547c62ddbf2f1f5d,1.0,1.552732,-0.355974,0.090406,0.0,0.058764,Stable,False,2026-08-27T18:24:04.422843+00:00
P00846,15.780597,4.021011,670,0.0,15.166667,3.314921,60,0.0,0.152681,0.8244,0.1931,0.0,SES,0.156722,a6aca2d21b44461c,0.146067,0.162049,-0.098624,0.090262,0.0,0.05867,Stable,False,2026-08-27T18:24:04.422843+00:00
P00691,4.314925,1.197001,670,0.0,4.15,0.971195,60,0.0,0.137782,0.811357,0.209047,0.0,SES,0.183193,30f9605519c12001,0.15771,0.195934,-0.195088,0.090152,0.0,0.058599,Stable,False,2026-08-27T18:24:04.422843+00:00
P01221,76.519403,9.434793,670,0.0,78.333333,10.921394,60,0.0,0.19226,1.157566,0.146319,0.0,HoltWinters7,0.075052,af284b8ff3ee7940,0.038035,0.093561,-0.593469,0.089451,0.0,0.058143,Stable,False,2026-08-27T18:24:04.422843+00:00
P01741,58.455224,7.160153,670,0.0,59.95,8.137432,60,0.0,0.208763,1.136488,0.127943,0.0,HoltWinters7,0.081566,92af3d2af340f49e,0.04371,0.100494,-0.565048,0.089396,0.0,0.058107,Stable,False,2026-08-27T18:24:04.422843+00:00
P01106,4.055224,0.961872,670,0.0,4.166667,1.20966,60,0.0,0.11586,1.257611,0.229214,0.0,Naive,0.172223,3f8d8f7aa07f189f,0.113043,0.201812,-0.439859,0.089165,0.0,0.057957,Stable,False,2026-08-27T18:24:04.422843+00:00
P01608,121.667164,15.284682,670,0.0,124.766667,17.463149,60,0.0,0.202785,1.142526,0.133242,0.0,HoltWinters7,0.100454,0269e88cbe01b352,0.097664,0.101849,-0.041085,0.089076,0.0,0.0579,Stable,False,2026-08-27T18:24:04.422843+00:00
P01695,29.489552,7.740506,670,0.0,29.05,5.770836,60,0.0,0.056786,0.745537,0.29365,0.0,RollingMean28,0.156739,174550615ae25f5f,0.142693,0.163762,-0.128656,0.089029,0.0,0.057869,Stable,False,2026-08-27T18:24:04.422843+00:00
P01202,2.514925,0.710114,670,0.0,2.483333,0.965361,60,0.0,0.044489,1.359445,0.307077,0.0,SES,0.243715,c07bdb28917f6c9b,0.210022,0.260561,-0.193961,0.089004,0.0,0.057852,Stable,False,2026-08-27T18:24:04.422843+00:00
P00704,26.740299,6.049227,670,0.0,27.333333,7.751799,60,0.0,0.098035,1.281453,0.247995,0.0,HoltWinters7,0.146251,c8a9aee2556e6779,0.057989,0.190383,-0.69541,0.088958,0.0,0.057823,Stable,False,2026-08-27T18:24:04.422843+00:00
P00128,102.256716,12.938503,670,0.0,104.283333,15.536825,60,0.0,0.156635,1.200821,0.183005,0.0,HoltWinters7,0.103049,0e631fb818dd911f,0.10202,0.103564,-0.014908,0.088826,0.0,0.057737,Stable,False,2026-08-27T18:24:04.422843+00:00
P01167,91.686567,11.142385,670,0.0,93.733333,12.984824,60,0.0,0.183692,1.165354,0.153025,0.0,HoltWinters7,0.089514,e7f0b35190ff3bb0,0.060138,0.104202,-0.42287,0.088772,0.0,0.057701,Stable,False,2026-08-27T18:24:04.422843+00:00
P01890,246.359701,30.942502,670,0.0,253.683333,34.012705,60,0.0,0.236685,1.099223,0.094603,0.0,HoltWinters7,0.08073,6e9c1b5f2884c3bf,0.039874,0.101159,-0.60583,0.088739,0.0,0.057681,Stable,False,2026-08-27T18:24:04.422843+00:00
P01345,121.467164,170.989081,670,0.659701,150.016667,174.755082,60,0.566667,0.166967,1.022025,0.021786,0.093035,Naive,1.0,a05dd8b49effd12c,1.0,1.0,0.0,0.088576,0.0,0.057575,Stable,False,2026-08-27T18:24:04.422843+00:00
P00800,226.325373,28.479376,670,0.0,232.816667,31.556509,60,0.0,0.22793,1.108048,0.1026,0.0,HoltWinters7,0.076369,a90cbf46cc36ac3e,0.038371,0.095369,-0.597659,0.088331,0.0,0.057415,Stable,False,2026-08-27T18:24:04.422843+00:00
P00406,78.510448,9.690072,670,0.0,79.95,11.71617,60,0.0,0.148559,1.20909,0.189868,0.0,HoltWinters7,0.077332,23b0341fccc3b56e,0.04583,0.093083,-0.507648,0.088321,0.0,0.057409,Stable,False,2026-08-27T18:24:04.422843+00:00
P00087,25.186567,34.402951,670,0.646269,19.866667,32.111282,60,0.716667,0.154635,0.933387,0.068935,0.070398,Naive,1.201127,e414c820796d5812,1.0,1.301691,-0.231768,0.087918,0.0,0.057146,Stable,False,2026-08-27T18:24:04.422843+00:00
P01952,15.892537,3.580437,670,0.0,16.266667,4.535609,60,0.0,0.104493,1.266776,0.236475,0.0,HoltWinters7,0.138456,d72ea2a185406869,0.061393,0.176987,-0.653125,0.087854,0.0,0.057105,Stable,False,2026-08-27T18:24:04.422843+00:00
P00060,2.834328,0.754271,670,0.0,2.7,0.645716,60,0.0,0.17809,0.85608,0.155392,0.0,RollingMean28,0.215726,3b4ebb5578f10d82,0.215146,0.216015,-0.004023,0.087823,0.0,0.057085,Stable,False,2026-08-27T18:24:04.422843+00:00
P00623,2.302985,0.660088,670,0.0,2.183333,0.567231,60,0.0,0.181266,0.859327,0.151606,0.0,SES,0.167711,59c42b0e8a5c94c5,0.144781,0.179175,-0.191957,0.08775,0.0,0.057037,Stable,False,2026-08-27T18:24:04.422843+00:00
P01852,238.570149,30.116024,670,0.0,246.333333,32.191517,60,0.0,0.257776,1.068917,0.066646,0.0,HoltWinters7,0.081118,b553b93c34d4e696,0.052407,0.095474,-0.451092,0.08755,0.0,0.056907,Stable,False,2026-08-27T18:24:04.422843+00:00
P01158,92.202985,11.371456,670,0.0,94.233333,13.260578,60,0.0,0.178548,1.166128,0.153689,0.0,HoltWinters7,0.082896,c7759521ed96621a,0.050419,0.099134,-0.491403,0.087523,0.0,0.05689,Stable,False,2026-08-27T18:24:04.422843+00:00
P01028,34.564179,4.344772,670,0.0,35.35,5.041607,60,0.0,0.180866,1.160385,0.148752,0.0,HoltWinters7,0.089923,ebaa779a7de1a8c0,0.061171,0.104299,-0.413499,0.086926,0.0,0.056502,Stable,False,2026-08-27T18:24:04.422843+00:00
P00118,29.764179,6.678921,670,0.0,30.35,8.584229,60,0.0,0.087712,1.285272,0.25097,0.0,HoltWinters7,0.147137,03e73fcfcfcd1a90,0.059644,0.190884,-0.68754,0.086863,0.0,0.056461,Stable,False,2026-08-27T18:24:04.422843+00:00
P00880,21.216418,4.795305,670,0.0,21.766667,5.975562,60,0.0,0.114747,1.246128,0.220041,0.0,HoltWinters7,0.145107,f4bccaa855569f67,0.084169,0.175576,-0.52061,0.086566,0.0,0.056268,Stable,False,2026-08-27T18:24:04.422843+00:00
P00923,72.208955,8.741149,670,0.0,73.9,9.987619,60,0.0,0.193458,1.142598,0.133305,0.0,HoltWinters7,0.073604,8847b16ef9417ef7,0.036782,0.092014,-0.600256,0.086527,0.0,0.056243,Stable,False,2026-08-27T18:24:04.422843+00:00
P01992,14.514925,3.265838,670,0.0,14.783333,4.206902,60,0.0,0.082187,1.288154,0.25321,0.0,SeasonalNaive7,0.161537,219e0c447e89ec8a,0.081425,0.201593,-0.596093,0.085904,0.0,0.055837,Stable,False,2026-08-27T18:24:04.422843+00:00
P00248,174.950746,21.47684,670,0.0,179.2,24.353192,60,0.0,0.197853,1.133928,0.125688,0.0,HoltWinters7,0.086804,0eb9c791ee0bbb18,0.066808,0.096802,-0.309851,0.085831,0.0,0.05579,Stable,False,2026-08-27T18:24:04.422843+00:00
P00907,137.08806,16.959541,670,0.0,140.616667,19.012121,60,0.0,0.20806,1.121028,0.114246,0.0,HoltWinters7,0.076989,3ef813f524bd1369,0.045373,0.092797,-0.511046,0.085778,0.0,0.055756,Stable,False,2026-08-27T18:24:04.422843+00:00
P00330,29.971642,6.742151,670,0.0,30.666667,8.464616,60,0.0,0.103087,1.255477,0.227516,0.0,HoltWinters7,0.142808,c1b172133a850785,0.07246,0.177982,-0.59288,0.085228,0.0,0.055398,Stable,False,2026-08-27T18:24:04.422843+00:00
P00298,26.970149,6.066818,670,0.0,27.666667,7.489352,60,0.0,0.114808,1.234478,0.210648,0.0,HoltWinters7,0.12799,a6f4d14151395fe0,0.047471,0.16825,-0.717858,0.084234,0.0,0.054752,Stable,False,2026-08-27T18:24:04.422843+00:00
P01981,28.862687,6.549041,670,0.0,29.366667,8.425077,60,0.0,0.076955,1.28646,0.251894,0.0,HoltWinters7,0.149112,b6b050089a37ede2,0.092131,0.177602,-0.481247,0.084136,0.0,0.054688,Stable,False,2026-08-27T18:24:04.422843+00:00
P00089,119.625373,14.581505,670,0.0,121.933333,17.144319,60,0.0,0.15828,1.175758,0.161913,0.0,HoltWinters7,0.097373,1b116207a0ac4061,0.062571,0.114774,-0.454835,0.084005,0.0,0.054603,Stable,False,2026-08-27T18:24:04.422843+00:00
P00714,20.219403,4.92678,670,0.0,19.866667,3.811075,60,0.0,0.071596,0.773543,0.256774,0.0,RollingMean28,0.156324,565aca18a9b6c9bc,0.149808,0.159582,-0.061244,0.083882,0.0,0.054524,Stable,False,2026-08-27T18:24:04.422843+00:00
P00487,7.253731,1.967169,670,0.0,7.5,2.397032,60,0.0,0.125189,1.218519,0.197636,0.0,SES,0.20968,7fce27c1ea4aee1f,0.175629,0.226705,-0.225298,0.083836,0.0,0.054493,Stable,False,2026-08-27T18:24:04.422843+00:00
P01456,194.891045,23.740974,670,0.0,199.65,26.593503,60,0.0,0.200453,1.120152,0.113465,0.0,HoltWinters7,0.076926,2d2e572fc6b818ac,0.042454,0.094163,-0.549144,0.083491,0.0,0.054269,Stable,False,2026-08-27T18:24:04.422843+00:00
P00015,26.076119,6.563148,670,0.0,26.583333,8.411638,60,0.0,0.077282,1.281647,0.248146,0.0,SES,0.191646,3ad902af039e2d0c,0.123555,0.225691,-0.452549,0.083289,0.0,0.054138,Stable,False,2026-08-27T18:24:04.422843+00:00
P01750,2.874627,0.726879,670,0.0,2.966667,0.882344,60,0.0,0.126623,1.21388,0.193821,0.0,SeasonalNaive7,0.17608,1bffd04490628375,0.111111,0.208565,-0.467258,0.083277,0.0,0.05413,Stable,False,2026-08-27T18:24:04.422843+00:00
P01290,24.913433,6.656754,670,0.0,25.683333,8.170828,60,0.0,0.115657,1.227449,0.204938,0.0,SES,0.217364,c70d24f64bb12c09,0.175961,0.238066,-0.260874,0.08304,0.0,0.053976,Stable,False,2026-08-27T18:24:04.422843+00:00
P01624,29.661194,3.698279,670,0.0,30.266667,4.305561,60,0.0,0.163717,1.164207,0.15204,0.0,HoltWinters7,0.078337,68696475087a61e4,0.047068,0.093972,-0.499129,0.083032,0.0,0.053971,Stable,False,2026-08-27T18:24:04.422843+00:00
P01050,14.373134,3.81146,670,0.0,14.55,5.033532,60,0.0,0.046404,1.320631,0.278109,0.0,SES,0.245969,26e3d908c5fc19a0,0.144757,0.296575,-0.511904,0.082288,0.0,0.053487,Stable,False,2026-08-27T18:24:04.422843+00:00
P00946,23.762687,6.201556,670,0.0,22.6,7.008953,60,0.0,0.187483,1.130193,0.122388,0.0,SES,0.215767,817a59c7f4facaba,0.190191,0.228554,-0.167852,0.082155,0.0,0.053401,Stable,False,2026-08-27T18:24:04.422843+00:00
P00459,28.51194,7.224295,670,0.0,27.833333,9.048207,60,0.0,0.093934,1.252469,0.225117,0.0,SES,0.223777,1ceeae4bcb739b0e,0.156593,0.257369,-0.391561,0.082111,0.0,0.053372,Stable,False,2026-08-27T18:24:04.422843+00:00
P01774,58.20597,7.111915,670,0.0,59.466667,8.120839,60,0.0,0.177265,1.141864,0.132662,0.0,HoltWinters7,0.070886,758c7457ac710169,0.033517,0.08957,-0.625796,0.081913,0.0,0.053244,Stable,False,2026-08-27T18:24:04.422843+00:00
P01220,11.971642,2.939973,670,0.0,11.433333,2.593124,60,0.0,0.1831,0.882023,0.125537,0.0,SES,0.17286,65e2ff6fb1cfdedb,0.142001,0.188289,-0.245833,0.081737,0.0,0.053129,Stable,False,2026-08-27T18:24:04.422843+00:00
P00192,32.28209,4.090838,670,0.0,33.133333,4.51163,60,0.0,0.208085,1.102862,0.097909,0.0,HoltWinters7,0.088569,d05779ebd8235fbb,0.056665,0.104522,-0.457869,0.081701,0.0,0.053105,Stable,False,2026-08-27T18:24:04.422843+00:00
P01024,253.150746,31.264334,670,0.0,259.8,34.279905,60,0.0,0.212679,1.096454,0.092081,0.0,HoltWinters7,0.073302,5109947630cacbc5,0.045885,0.08701,-0.472641,0.081507,0.0,0.05298,Stable,False,2026-08-27T18:24:04.422843+00:00
P00080,18.085075,4.801306,670,0.0,18.733333,5.727918,60,0.0,0.135017,1.192991,0.176464,0.0,SES,0.219028,1399d5939436dbd7,0.163385,0.24685,-0.338122,0.081246,0.0,0.05281,Stable,False,2026-08-27T18:24:04.422843+00:00
P00407,2.841791,0.505914,670,0.0,2.783333,0.41545,60,0.0,0.115549,0.821187,0.197004,0.0,SeasonalNaive7,0.095906,e1190cafd0e4b60b,0.085366,0.101176,-0.156268,0.081027,0.0,0.052667,Stable,False,2026-08-27T18:24:04.422843+00:00
P00669,8.153731,2.018289,670,0.0,8.133333,2.758449,60,0.0,0.010107,1.366726,0.312418,0.0,SES,0.217032,baf1ac0384e3f6b4,0.130124,0.260486,-0.500458,0.080884,0.0,0.052575,Stable,False,2026-08-27T18:24:04.422843+00:00
P01863,29.153731,6.643513,670,0.0,29.683333,8.40801,60,0.0,0.079717,1.265597,0.235544,0.0,HoltWinters7,0.148221,104afbb2ab5a363f,0.061552,0.191556,-0.678673,0.080808,0.0,0.052525,Stable,False,2026-08-27T18:24:04.422843+00:00
P01166,230.365672,27.843021,670,0.0,234.933333,32.095127,60,0.0,0.164051,1.152717,0.142122,0.0,HoltWinters7,0.08044,c8feb2657abfc160,0.05188,0.094719,-0.452272,0.080644,0.0,0.052419,Stable,False,2026-08-27T18:24:04.422843+00:00
P01547,242.886567,30.123696,670,0.0,247.216667,35.505116,60,0.0,0.143744,1.178644,0.164365,0.0,HoltWinters7,0.084408,d20c8d167c995b65,0.044061,0.104581,-0.578685,0.080621,0.0,0.052403,Stable,False,2026-08-27T18:24:04.422843+00:00
P01195,22.840299,5.951211,670,0.0,22.716667,8.027689,60,0.0,0.020774,1.348917,0.299302,0.0,Naive,0.229728,bc3555babe337d6f,0.21466,0.237262,-0.095264,0.080538,0.0,0.05235,Stable,False,2026-08-27T18:24:04.422843+00:00
P00202,7.964179,2.035977,670,0.0,7.85,2.641424,60,0.0,0.056081,1.297374,0.260342,0.0,SES,0.248236,c6673d35dadaac85,0.232703,0.256003,-0.091014,0.080508,0.0,0.05233,Stable,False,2026-08-27T18:24:04.422843+00:00
P00064,28.01791,6.928612,670,0.0,27.1,5.81261,60,0.0,0.132481,0.838929,0.17563,0.0,Naive,0.178472,c4c5870959372b83,0.17037,0.182523,-0.06658,0.08034,0.0,0.052221,Stable,False,2026-08-27T18:24:04.422843+00:00
P01288,26.276119,6.470806,670,0.0,25.966667,5.825038,60,0.0,0.047823,0.900203,0.105135,0.0,Naive,0.169919,90bf2f0ffc634825,0.178255,0.165751,0.075439,0.039435,0.075439,0.052036,Stable,False,2026-08-27T18:24:04.422843+00:00
P01884,149.51194,219.15339,670,0.677612,119.983333,202.16527,60,0.733333,0.134739,0.922483,0.080686,0.055721,SeasonalNaive7,1.33518,6c4ac8bb36ae89dd,1.297697,1.353921,-0.041526,0.079513,0.0,0.051684,Stable,False,2026-08-27T18:24:04.422843+00:00
P01113,3.079104,0.840677,670,0.0,3.0,1.041511,60,0.0,0.094096,1.238896,0.214221,0.0,SeasonalNaive7,0.246154,b414519e159e5fc9,0.205128,0.266667,-0.230769,0.079432,0.0,0.051631,Stable,False,2026-08-27T18:24:04.422843+00:00
P01691,11.104478,2.489646,670,0.0,11.266667,3.182935,60,0.0,0.065145,1.278469,0.245663,0.0,HoltWinters7,0.150924,bdc9e54c9408ae9a,0.09563,0.17857,-0.464469,0.079331,0.0,0.051565,Stable,False,2026-08-27T18:24:04.422843+00:00
P00109,14.856716,3.313298,670,0.0,15.216667,4.034141,60,0.0,0.108638,1.217561,0.196849,0.0,HoltWinters7,0.1347,b6b53779fbeffe4e,0.081526,0.161288,-0.494534,0.079088,0.0,0.051407,Stable,False,2026-08-27T18:24:04.422843+00:00
P01047,26.719403,5.994672,670,0.0,27.383333,7.267508,60,0.0,0.110753,1.212328,0.192542,0.0,SeasonalNaive7,0.156816,6b9fc89f7d0f2fcc,0.102288,0.18408,-0.444328,0.078593,0.0,0.051085,Stable,False,2026-08-27T18:24:04.422843+00:00
P01473,186.341791,23.772235,670,0.0,191.95,25.105489,60,0.0,0.235914,1.056084,0.054568,0.0,HoltWinters7,0.082053,3d7220ad9de836c4,0.05334,0.096409,-0.446733,0.078518,0.0,0.051037,Stable,False,2026-08-27T18:24:04.422843+00:00
P01333,4.295522,0.988337,670,0.0,4.366667,1.248276,60,0.0,0.071984,1.263005,0.233494,0.0,SeasonalNaive7,0.145913,e9fa40b1e93ada2a,0.06087,0.188435,-0.676974,0.078169,0.0,0.05081,Stable,False,2026-08-27T18:24:04.422843+00:00
P00604,2.456716,0.626095,670,0.0,2.516667,0.770025,60,0.0,0.095753,1.229884,0.20692,0.0,SeasonalNaive7,0.151313,ede9f8c9b38f9586,0.117647,0.168146,-0.300329,0.078062,0.0,0.05074,Stable,False,2026-08-27T18:24:04.422843+00:00
P01056,27.604478,7.099779,670,0.0,26.783333,5.900565,60,0.0,0.115658,0.831091,0.185015,0.0,Naive,0.179254,30d78341f92e15c3,0.16442,0.186671,-0.119196,0.07806,0.0,0.050739,Stable,False,2026-08-27T18:24:04.422843+00:00
P01696,14.653731,3.707881,670,0.0,14.516667,4.862488,60,0.0,0.036966,1.311393,0.27109,0.0,SES,0.234227,cca5b551586d835b,0.172259,0.265211,-0.350484,0.077938,0.0,0.05066,Stable,False,2026-08-27T18:24:04.422843+00:00
P00006,17.889552,4.669628,670,0.0,17.816667,6.263945,60,0.0,0.015608,1.341423,0.293731,0.0,SES,0.233514,cd7086fe3729cc78,0.161528,0.269506,-0.400652,0.077725,0.0,0.050521,Stable,False,2026-08-27T18:24:04.422843+00:00
P00471,6.635821,1.544139,670,0.0,6.516667,1.935324,60,0.0,0.077165,1.253336,0.225808,0.0,HoltWinters7,0.143107,0ec37281e6a9bb39,0.065857,0.181731,-0.637613,0.077673,0.0,0.050487,Stable,False,2026-08-27T18:24:04.422843+00:00
P01556,10.080597,2.627225,670,0.0,10.483333,3.02807,60,0.0,0.153293,1.152573,0.141997,0.0,SES,0.246127,a499f2fa0be55236,0.192299,0.27304,-0.295712,0.077655,0.0,0.050476,Stable,False,2026-08-27T18:24:04.422843+00:00
P00100,2.176119,0.572433,670,0.0,2.183333,0.770025,60,0.0,0.012602,1.345178,0.296526,0.0,SES,0.2065,ec6266679e8caa8c,0.141469,0.239015,-0.408115,0.077597,0.0,0.050438,Stable,False,2026-08-27T18:24:04.422843+00:00
P01146,165.965672,20.763607,670,0.0,170.35,22.434708,60,0.0,0.211154,1.080482,0.077407,0.0,HoltWinters7,0.08423,5c30430c4c571924,0.063975,0.094358,-0.321994,0.077419,0.0,0.050323,Stable,False,2026-08-27T18:24:04.422843+00:00
P00024,3.58209,0.629358,670,0.0,3.533333,0.503098,60,0.0,0.07747,0.799383,0.223916,0.0,SeasonalNaive7,0.085603,674225e0213a2776,0.07619,0.090309,-0.156334,0.077283,0.0,0.050234,Stable,False,2026-08-27T18:24:04.422843+00:00
P00836,3.047761,0.49583,670,0.0,3.016667,0.390205,60,0.0,0.062712,0.786974,0.23956,0.0,Naive,0.060778,14cb9317d9b972b0,0.022727,0.079803,-0.715208,0.077136,0.0,0.050138,Stable,False,2026-08-27T18:24:04.422843+00:00
P01370,10.819403,2.461405,670,0.0,11.1,2.955604,60,0.0,0.113999,1.200779,0.18297,0.0,HoltWinters7,0.146289,7499d2ea2256fae5,0.057313,0.190777,-0.69958,0.077092,0.0,0.05011,Stable,False,2026-08-27T18:24:04.422843+00:00
P00286,2.864179,0.836964,670,0.0,2.85,1.117276,60,0.0,0.016941,1.334915,0.288868,0.0,SES,0.276953,172248436b1d0700,0.238857,0.296001,-0.193056,0.076876,0.0,0.049969,Stable,False,2026-08-27T18:24:04.422843+00:00
P01871,188.685075,23.532713,670,0.0,193.116667,25.983757,60,0.0,0.188316,1.104155,0.09908,0.0,HoltWinters7,0.080494,81ebcc8f3a9de5bc,0.060536,0.090473,-0.330889,0.076557,0.0,0.049762,Stable,False,2026-08-27T18:24:04.422843+00:00
P00107,2.51791,0.688671,670,0.0,2.416667,0.618683,60,0.0,0.147013,0.898372,0.107171,0.0,SES,0.201509,21bc7f47de3d7137,0.203703,0.200411,0.016424,0.067221,0.016424,0.049442,Stable,False,2026-08-27T18:24:04.422843+00:00
P01410,223.064179,27.75459,670,0.0,227.9,31.01924,60,0.0,0.174235,1.117626,0.111206,0.0,HoltWinters7,0.078812,e313c5f7830c495a,0.048981,0.093728,-0.477408,0.075716,0.0,0.049216,Stable,False,2026-08-27T18:24:04.422843+00:00
P00523,245.546269,30.894779,670,0.0,249.75,35.990406,60,0.0,0.136066,1.164935,0.152665,0.0,HoltWinters7,0.08275,90d71f2a7b9d91ab,0.041411,0.103419,-0.599578,0.075584,0.0,0.04913,Stable,False,2026-08-27T18:24:04.422843+00:00
P00520,10.785075,2.460161,670,0.0,10.933333,3.11294,60,0.0,0.060264,1.26534,0.235341,0.0,HoltWinters7,0.137819,d108d2e1481e832e,0.038852,0.187303,-0.792572,0.075408,0.0,0.049015,Stable,False,2026-08-27T18:24:04.422843+00:00
P00065,14.332836,3.762528,670,0.0,13.733333,3.318498,60,0.0,0.159335,0.881986,0.125579,0.0,SES,0.20074,ed958e9291b5a311,0.193342,0.204439,-0.054278,0.075212,0.0,0.048888,Stable,False,2026-08-27T18:24:04.422843+00:00
P01904,9.026866,2.402514,670,0.0,8.466667,2.50739,60,0.0,0.233172,1.043653,0.042727,0.0,SES,0.18689,fb7a30096353d6bf,0.144726,0.207971,-0.304105,0.074804,0.0,0.048623,Stable,False,2026-08-27T18:24:04.422843+00:00
P00772,213.513433,26.138397,670,0.0,217.366667,29.93777,60,0.0,0.147417,1.145356,0.135715,0.0,HoltWinters7,0.083749,1d18f8024336edc6,0.053931,0.098658,-0.453352,0.074468,0.0,0.048404,Stable,False,2026-08-27T18:24:04.422843+00:00
P01200,16.846269,3.871471,670,0.0,17.066667,4.891593,60,0.0,0.056929,1.263497,0.233883,0.0,Naive,0.161003,114c6972cb95ab43,0.124444,0.179282,-0.305872,0.074126,0.0,0.048182,Stable,False,2026-08-27T18:24:04.422843+00:00
P01565,117.661194,14.965735,670,0.0,119.966667,16.956541,60,0.0,0.15405,1.133024,0.12489,0.0,HoltWinters7,0.091004,879f92a6efd021ff,0.057243,0.107884,-0.469402,0.073586,0.0,0.047831,Stable,False,2026-08-27T18:24:04.422843+00:00
P00249,162.00597,19.98886,670,0.0,164.65,23.189583,60,0.0,0.132275,1.160125,0.148528,0.0,SeasonalNaive7,0.087353,94f9f729993cd466,0.046362,0.107848,-0.570118,0.073508,0.0,0.04778,Stable,False,2026-08-27T18:24:04.422843+00:00
P00845,8.897015,2.008909,670,0.0,9.066667,2.455479,60,0.0,0.08445,1.222295,0.20073,0.0,HoltWinters7,0.142541,dbcc9af4371711f0,0.099453,0.164086,-0.393894,0.073406,0.0,0.047714,Stable,False,2026-08-27T18:24:04.422843+00:00
P01196,150.186567,18.798661,670,0.0,153.766667,20.448668,60,0.0,0.190444,1.087773,0.084132,0.0,HoltWinters7,0.087136,b64f7d19047781ca,0.06213,0.099638,-0.376448,0.073405,0.0,0.047713,Stable,False,2026-08-27T18:24:04.422843+00:00
P00567,11.967164,3.050957,670,0.0,11.816667,2.44597,60,0.0,0.049328,0.801706,0.221014,0.0,RollingMean28,0.159106,78f40f0fc3c2f509,0.16,0.158659,0.008451,0.068819,0.008451,0.04769,Stable,False,2026-08-27T18:24:04.422843+00:00
P01312,139.69403,17.097464,670,0.0,143.116667,18.383939,60,0.0,0.200184,1.075244,0.072547,0.0,HoltWinters7,0.077429,3dbffeff05ec4e2f,0.035849,0.098219,-0.635008,0.073187,0.0,0.047572,Stable,False,2026-08-27T18:24:04.422843+00:00
P00381,4.855224,1.135747,670,0.0,4.833333,1.486284,60,0.0,0.019274,1.30864,0.268989,0.0,SeasonalNaive7,0.161208,6cff13f277164604,0.11811,0.182758,-0.353733,0.072548,0.0,0.047156,Stable,False,2026-08-27T18:24:04.422843+00:00
P01033,3.897015,0.976475,670,0.0,4.033333,1.119423,60,0.0,0.139603,1.146391,0.136619,0.0,Naive,0.207821,2e50761b1d16e4a1,0.203704,0.209879,-0.029424,0.072545,0.0,0.047155,Stable,False,2026-08-27T18:24:04.422843+00:00
P01868,8.907463,2.442236,670,0.0,9.05,3.061101,60,0.0,0.058363,1.253401,0.22586,0.0,SES,0.218812,8fb389d5f7d3aaec,0.144068,0.256184,-0.437639,0.072515,0.0,0.047135,Stable,False,2026-08-27T18:24:04.422843+00:00
P00068,106.683582,13.555672,670,0.0,108.7,15.372549,60,0.0,0.148751,1.134031,0.125778,0.0,HoltWinters7,0.08177,adc1b933ea7dc931,0.052205,0.096553,-0.459308,0.072351,0.0,0.047028,Stable,False,2026-08-27T18:24:04.422843+00:00
P01068,12.255224,2.76627,670,0.0,12.383333,3.508303,60,0.0,0.046311,1.268243,0.237633,0.0,HoltWinters7,0.149511,6f3c1c5cdb9f1502,0.064565,0.191985,-0.663697,0.072144,0.0,0.046893,Stable,False,2026-08-27T18:24:04.422843+00:00
P00666,19.420896,5.088354,670,0.0,19.75,6.32355,60,0.0,0.064678,1.24275,0.217326,0.0,Naive,0.214093,d40be365e21e9568,0.180952,0.230664,-0.215515,0.072118,0.0,0.046877,Stable,False,2026-08-27T18:24:04.422843+00:00
P01098,7.389552,1.682286,670,0.0,7.5,2.087087,60,0.0,0.065653,1.240626,0.215616,0.0,HoltWinters7,0.139146,03a6d3e46a7a16cb,0.078979,0.16923,-0.533302,0.071959,0.0,0.046773,Stable,False,2026-08-27T18:24:04.422843+00:00
P00916,3.064179,0.773477,670,0.0,2.983333,0.650728,60,0.0,0.104523,0.841302,0.172805,0.0,Naive,0.17662,37e35d5d68f63c84,0.149425,0.190217,-0.21445,0.071945,0.0,0.046764,Stable,False,2026-08-27T18:24:04.422843+00:00
P01629,18.165672,4.127021,670,0.0,18.183333,5.475652,60,0.0,0.00428,1.326781,0.282756,0.0,HoltWinters7,0.151641,f3fdc88260bb6982,0.068873,0.193025,-0.643191,0.071866,0.0,0.046713,Stable,False,2026-08-27T18:24:04.422843+00:00
P01310,119.737313,14.861884,670,0.0,121.8,16.999302,60,0.0,0.13879,1.143819,0.134372,0.0,HoltWinters7,0.076481,42cd72705e555742,0.038213,0.095616,-0.600347,0.07176,0.0,0.046644,Stable,False,2026-08-27T18:24:04.422843+00:00
P00903,5.067164,1.304229,670,0.0,5.05,1.711625,60,0.0,0.01316,1.312366,0.271831,0.0,SES,0.251909,296273cfe8eab55e,0.209671,0.273028,-0.232051,0.071577,0.0,0.046525,Stable,False,2026-08-27T18:24:04.422843+00:00
P00336,5.547761,1.33257,670,0.0,5.483333,1.682328,60,0.0,0.048349,1.262469,0.233069,0.0,SeasonalNaive7,0.135129,919fdf6ce8af9ac2,0.020979,0.192204,-0.89085,0.071563,0.0,0.046516,Stable,False,2026-08-27T18:24:04.422843+00:00
P00599,19.143284,4.281612,670,0.0,19.4,5.333616,60,0.0,0.059958,1.245703,0.2197,0.0,SeasonalNaive7,0.171045,129a3d8ac773c4a5,0.108779,0.202178,-0.461966,0.071413,0.0,0.046419,Stable,False,2026-08-27T18:24:04.422843+00:00
P00883,2.025373,0.621691,670,0.0,1.95,0.723105,60,0.0,0.121239,1.163126,0.151111,0.0,Naive,0.244103,9b7e2d0785a5d4c5,0.230769,0.250769,-0.079755,0.071118,0.0,0.046227,Stable,False,2026-08-27T18:24:04.422843+00:00
P00695,12.867164,2.914111,670,0.0,13.1,3.54487,60,0.0,0.079899,1.21645,0.195937,0.0,HoltWinters7,0.13574,28a4728eaf1304d7,0.068074,0.169572,-0.598555,0.070956,0.0,0.046122,Stable,False,2026-08-27T18:24:04.422843+00:00
P00881,3.502985,0.812362,670,0.0,3.483333,1.049482,60,0.0,0.024191,1.29189,0.256106,0.0,SeasonalNaive7,0.154639,d7add7c3babfac7c,0.108696,0.177611,-0.388013,0.070679,0.0,0.045941,Stable,False,2026-08-27T18:24:04.422843+00:00
P00209,17.08209,3.991861,670,0.0,16.75,4.831482,60,0.0,0.083192,1.210333,0.190896,0.0,HoltWinters7,0.145886,ce16a2aaa19c06b4,0.057372,0.190143,-0.69827,0.070602,0.0,0.045891,Stable,False,2026-08-27T18:24:04.422843+00:00
P01344,25.497015,35.426538,670,0.653731,30.15,36.286443,60,0.583333,0.131342,1.024273,0.023983,0.070398,Naive,1.0,3e1b40c4e61820d0,1.0,1.0,0.0,0.070274,0.0,0.045678,Stable,False,2026-08-27T18:24:04.422843+00:00
P00258,163.562687,222.236865,670,0.644776,135.916667,210.258057,60,0.7,0.124399,0.946099,0.055408,0.055224,Naive,1.0,6cd422861ec6562d,1.0,1.0,0.0,0.070151,0.0,0.045598,Stable,False,2026-08-27T18:24:04.422843+00:00
P01599,6.447761,1.496219,670,0.0,6.383333,1.88744,60,0.0,0.04306,1.261473,0.23228,0.0,SeasonalNaive7,0.158778,a97b39c8bf776852,0.122093,0.177121,-0.310679,0.069912,0.0,0.045443,Stable,False,2026-08-27T18:24:04.422843+00:00
P00477,7.247761,1.676743,670,0.0,7.366667,2.049941,60,0.0,0.070915,1.222573,0.200958,0.0,SeasonalNaive7,0.160375,3aaa94d2e4a21278,0.090909,0.195109,-0.534059,0.069741,0.0,0.045332,Stable,False,2026-08-27T18:24:04.422843+00:00
P01765,11.938806,2.727946,670,0.0,12.116667,3.355197,60,0.0,0.065199,1.229935,0.206961,0.0,SeasonalNaive7,0.173303,556814e51e3d704a,0.10061,0.209649,-0.520104,0.06967,0.0,0.045286,Stable,False,2026-08-27T18:24:04.422843+00:00
P00646,130.858209,16.179557,670,0.0,134.033333,17.203633,60,0.0,0.196243,1.063294,0.061372,0.0,HoltWinters7,0.081262,8b1f4c4af2f9355d,0.043265,0.100261,-0.568479,0.06931,0.0,0.045051,Stable,False,2026-08-27T18:24:04.422843+00:00
P00263,8.525373,2.212571,670,0.0,8.583333,2.836157,60,0.0,0.026196,1.281838,0.248295,0.0,SES,0.223646,94dbf4195d3f1acc,0.166934,0.252002,-0.33757,0.069278,0.0,0.04503,Stable,False,2026-08-27T18:24:04.422843+00:00
P00053,20.240299,2.601113,670,0.0,20.666667,2.862183,60,0.0,0.163918,1.100369,0.095645,0.0,HoltWinters7,0.080907,1bb798ee3fbbe63e,0.048119,0.0973,-0.505455,0.068989,0.0,0.044843,Stable,False,2026-08-27T18:24:04.422843+00:00
P01655,15.738806,3.548783,670,0.0,15.466667,4.296103,60,0.0,0.076685,1.210585,0.191104,0.0,HoltWinters7,0.14296,581c66e3b24df0d2,0.058501,0.185189,-0.684099,0.068864,0.0,0.044762,Stable,False,2026-08-27T18:24:04.422843+00:00
P00354,29.516418,6.700659,670,0.0,29.95,8.201746,60,0.0,0.064707,1.224021,0.202141,0.0,SeasonalNaive7,0.158548,6e58b85805e3335a,0.072682,0.201481,-0.639262,0.06833,0.0,0.044414,Stable,False,2026-08-27T18:24:04.422843+00:00
P00821,121.046269,26.925118,670,0.0,127.083333,26.221541,60,0.0,0.224217,0.973869,0.026478,0.0,SES,0.156906,dbecc10849449739,0.12201,0.174353,-0.300211,0.068279,0.0,0.044381,Stable,False,2026-08-27T18:24:04.422843+00:00
P00598,13.476119,3.560101,670,0.0,13.383333,4.543916,60,0.0,0.026063,1.276345,0.244,0.0,SES,0.234415,6ed84a40d961f1c2,0.162011,0.270617,-0.401328,0.068167,0.0,0.044309,Stable,False,2026-08-27T18:24:04.422843+00:00
P01393,20.835821,4.733865,670,0.0,21.133333,5.79733,60,0.0,0.062848,1.224651,0.202656,0.0,HoltWinters7,0.137443,d75df8f21aee67d8,0.059213,0.176558,-0.664628,0.067947,0.0,0.044166,Stable,False,2026-08-27T18:24:04.422843+00:00
P00933,24.025373,2.99041,670,0.0,24.516667,3.275444,60,0.0,0.16429,1.095316,0.091043,0.0,HoltWinters7,0.078243,eed0cdced1db1b3f,0.05422,0.090254,-0.399248,0.06794,0.0,0.044161,Stable,False,2026-08-27T18:24:04.422843+00:00
P01882,40.789552,5.09188,670,0.0,41.616667,5.58476,60,0.0,0.162438,1.096797,0.092394,0.0,Naive,0.086783,b9bdade173523c8e,0.073542,0.093403,-0.21264,0.067769,0.0,0.04405,Stable,False,2026-08-27T18:24:04.422843+00:00
P01481,202.052239,25.089233,670,0.0,206.2,27.403328,60,0.0,0.16532,1.092235,0.088226,0.0,HoltWinters7,0.087415,cf19c9fbaac77583,0.062546,0.09985,-0.373595,0.06752,0.0,0.043888,Stable,False,2026-08-27T18:24:04.422843+00:00
P00777,5.853731,1.329028,670,0.0,5.866667,1.721909,60,0.0,0.009733,1.295615,0.258986,0.0,HoltWinters7,0.152793,91c6301f1806e824,0.103557,0.177412,-0.416293,0.067423,0.0,0.043825,Stable,False,2026-08-27T18:24:04.422843+00:00
P00408,22.455224,5.344927,670,0.0,22.066667,6.451558,60,0.0,0.072696,1.207043,0.188174,0.0,HoltWinters7,0.152893,f86ab70cfc916651,0.059856,0.199412,-0.699836,0.067035,0.0,0.043573,Stable,False,2026-08-27T18:24:04.422843+00:00
P00022,25.38209,5.832514,670,0.0,25.383333,7.622651,60,0.0,0.000213,1.306924,0.267676,0.0,HoltWinters7,0.139869,1b16d4b43d0ffa0b,0.055337,0.182135,-0.696178,0.066978,0.0,0.043535,Stable,False,2026-08-27T18:24:04.422843+00:00
P00702,8.510448,2.009479,670,0.0,8.333333,2.384034,60,0.0,0.088139,1.186394,0.170918,0.0,HoltWinters7,0.151021,f51db996a59c0f05,0.079981,0.186541,-0.57124,0.066968,0.0,0.043529,Stable,False,2026-08-27T18:24:04.422843+00:00
P01297,21.002985,4.809059,670,0.0,21.183333,6.02394,60,0.0,0.037502,1.252623,0.22524,0.0,HoltWinters7,0.176418,10078c2db2a7ea04,0.143473,0.192891,-0.256196,0.066623,0.0,0.043305,Stable,False,2026-08-27T18:24:04.422843+00:00
P00591,29.998507,6.964033,670,0.0,30.433333,8.478021,60,0.0,0.062439,1.217401,0.196718,0.0,HoltWinters7,0.144369,e05c25982340e00e,0.059362,0.186872,-0.68234,0.06635,0.0,0.043128,Stable,False,2026-08-27T18:24:04.422843+00:00
P01835,134.68209,17.314435,670,0.0,138.0,18.284012,60,0.0,0.191627,1.055998,0.054486,0.0,HoltWinters7,0.087672,7d594d939e4e47c2,0.081744,0.090635,-0.098095,0.066319,0.0,0.043107,Stable,False,2026-08-27T18:24:04.422843+00:00
P00605,26.165672,7.350565,670,0.0,25.45,8.609071,60,0.0,0.097363,1.171212,0.158039,0.0,Naive,0.193951,52e9989b9f7ad695,0.146417,0.217718,-0.32749,0.066285,0.0,0.043085,Stable,False,2026-08-27T18:24:04.422843+00:00
P01986,29.19403,6.662791,670,0.0,28.916667,8.261185,60,0.0,0.041629,1.239898,0.215029,0.0,HoltWinters7,0.150528,be0fefff525ec61b,0.066384,0.1926,-0.655325,0.065205,0.0,0.042383,Stable,False,2026-08-27T18:24:04.422843+00:00
P01337,28.261194,6.348769,670,0.0,28.383333,8.065603,60,0.0,0.019238,1.27042,0.239348,0.0,HoltWinters7,0.162244,fbf4c6775ba29071,0.106219,0.190256,-0.441706,0.065127,0.0,0.042333,Stable,False,2026-08-27T18:24:04.422843+00:00
P00617,5.914925,1.564818,670,0.0,5.916667,2.027704,60,0.0,0.001113,1.295808,0.259134,0.0,SES,0.239648,28fa466fd461ef24,0.203361,0.257791,-0.211137,0.06509,0.0,0.042308,Stable,False,2026-08-27T18:24:04.422843+00:00
P01639,202.685075,24.921298,670,0.0,206.416667,27.406724,60,0.0,0.149735,1.099731,0.095066,0.0,HoltWinters7,0.080438,073cb8e3e088eaa9,0.062585,0.089364,-0.299665,0.064944,0.0,0.042213,Stable,False,2026-08-27T18:24:04.422843+00:00
P01759,11.71791,2.671805,670,0.0,11.816667,3.321689,60,0.0,0.036962,1.243238,0.217719,0.0,HoltWinters7,0.153161,65d645e73fa0455a,0.092432,0.183525,-0.496354,0.064594,0.0,0.041986,Stable,False,2026-08-27T18:24:04.422843+00:00
P00245,21.250746,5.007897,670,0.0,20.933333,6.047458,60,0.0,0.063382,1.207584,0.188622,0.0,HoltWinters7,0.153573,ea1cb64c8a89f8d0,0.078581,0.191069,-0.588727,0.064586,0.0,0.041981,Stable,False,2026-08-27T18:24:04.422843+00:00
P00262,23.155224,2.913259,670,0.0,23.766667,2.99359,60,0.0,0.209883,1.027574,0.027201,0.0,HoltWinters7,0.06859,5697f2ec8ae26c72,0.046955,0.079407,-0.408677,0.064518,0.0,0.041937,Stable,False,2026-08-27T18:24:04.422843+00:00
P00737,3.561194,0.935108,670,0.0,3.533333,0.747123,60,0.0,0.029794,0.79897,0.224432,0.0,RollingMean28,0.194489,a2ef7419928bf392,0.190027,0.196721,-0.034026,0.064301,0.0,0.041796,Stable,False,2026-08-27T18:24:04.422843+00:00
P00965,4.625373,1.208446,670,0.0,4.533333,1.016252,60,0.0,0.076164,0.840958,0.173214,0.0,SES,0.199931,a3e0023b6dfc59c1,0.182482,0.208656,-0.125443,0.064248,0.0,0.041762,Stable,False,2026-08-27T18:24:04.422843+00:00
P00172,9.538806,2.203575,670,0.0,9.483333,2.770863,60,0.0,0.025174,1.25744,0.229078,0.0,SeasonalNaive7,0.158979,46f3412c5b5b0342,0.083665,0.196636,-0.574517,0.064192,0.0,0.041725,Stable,False,2026-08-27T18:24:04.422843+00:00
P01642,61.532836,7.852791,670,0.0,62.55,8.80182,60,0.0,0.129529,1.120852,0.114089,0.0,Naive,0.08952,667a5cb02e5722ca,0.052573,0.107994,-0.513187,0.064143,0.0,0.041693,Stable,False,2026-08-27T18:24:04.422843+00:00
P00841,13.947761,3.56305,670,0.0,13.533333,4.048296,60,0.0,0.116313,1.136188,0.127679,0.0,Naive,0.201829,a235e2f23bd537f9,0.160221,0.222633,-0.280336,0.063906,0.0,0.041539,Stable,False,2026-08-27T18:24:04.422843+00:00
P00293,182.485075,22.773249,670,0.0,185.916667,24.897956,60,0.0,0.150685,1.093298,0.089199,0.0,HoltWinters7,0.076797,b78f78f19417602a,0.047931,0.09123,-0.47461,0.063738,0.0,0.04143,Stable,False,2026-08-27T18:24:04.422843+00:00
P00449,6.319403,1.64105,670,0.0,6.366667,1.314414,60,0.0,0.028801,0.800959,0.221946,0.0,Naive,0.149078,a98d73ca81345144,0.106145,0.170544,-0.377609,0.063407,0.0,0.041214,Stable,False,2026-08-27T18:24:04.422843+00:00
P00099,27.219403,6.33527,670,0.0,26.616667,7.348681,60,0.0,0.09514,1.159963,0.148388,0.0,HoltWinters7,0.158487,2559e3ad63934ba2,0.095488,0.189987,-0.497395,0.063261,0.0,0.041119,Stable,False,2026-08-27T18:24:04.422843+00:00
P01972,59.198507,13.729318,670,0.0,61.783333,13.133076,60,0.0,0.188271,0.956572,0.0444,0.0,SES,0.172625,34f237db60abbb13,0.164902,0.176486,-0.065635,0.062874,0.0,0.040868,Stable,False,2026-08-27T18:24:04.422843+00:00
P01266,24.058209,6.109212,670,0.0,23.683333,7.340373,60,0.0,0.061362,1.201525,0.183592,0.0,SES,0.232807,4284921e4d07880e,0.185481,0.25647,-0.276794,0.062773,0.0,0.040802,Stable,False,2026-08-27T18:24:04.422843+00:00
P01891,9.937313,2.266071,670,0.0,9.916667,2.883569,60,0.0,0.009111,1.272497,0.240981,0.0,SeasonalNaive7,0.159823,9086f53c2fd0f5f7,0.105263,0.187103,-0.437404,0.062751,0.0,0.040788,Stable,False,2026-08-27T18:24:04.422843+00:00
P01941,8.232836,2.227588,670,0.0,8.0,2.551171,60,0.0,0.104524,1.145262,0.135633,0.0,SES,0.231747,f831acc75aa12f60,0.216131,0.239556,-0.097786,0.062652,0.0,0.040724,Stable,False,2026-08-27T18:24:04.422843+00:00
P00853,11.662687,2.643707,670,0.0,11.916667,3.054819,60,0.0,0.09607,1.155506,0.144538,0.0,HoltWinters7,0.131579,de0b445866099a34,0.06101,0.166863,-0.634371,0.062554,0.0,0.04066,Stable,False,2026-08-27T18:24:04.422843+00:00
P00593,24.771642,6.247997,670,0.0,24.5,7.643542,60,0.0,0.043477,1.223359,0.2016,0.0,SES,0.212427,2154320bddb0c4cb,0.173858,0.231712,-0.249682,0.062356,0.0,0.040531,Stable,False,2026-08-27T18:24:04.422843+00:00
P01141,159.01791,19.766643,670,0.0,161.416667,22.191991,60,0.0,0.121354,1.122699,0.115736,0.0,HoltWinters7,0.079302,98b1a7abf8b0f561,0.042803,0.097552,-0.561225,0.062306,0.0,0.040499,Stable,False,2026-08-27T18:24:04.422843+00:00
P00457,14.20597,3.838593,670,0.0,13.6,4.138288,60,0.0,0.157863,1.078074,0.075176,0.0,SES,0.217715,f56d7e9ed152d6ab,0.205142,0.224001,-0.084192,0.062206,0.0,0.040434,Stable,False,2026-08-27T18:24:04.422843+00:00
P01593,16.407463,3.778185,670,0.0,16.283333,4.669017,60,0.0,0.032854,1.235783,0.211705,0.0,SeasonalNaive7,0.155287,dc7e0ca5e5126498,0.092379,0.186741,-0.505312,0.061961,0.0,0.040275,Stable,False,2026-08-27T18:24:04.422843+00:00
P00210,5.580597,1.292237,670,0.0,5.65,1.560367,60,0.0,0.053708,1.207493,0.188546,0.0,HoltWinters7,0.154367,e471534b8c6e315b,0.099189,0.181957,-0.454879,0.061906,0.0,0.040239,Stable,False,2026-08-27T18:24:04.422843+00:00
P00948,84.037313,10.557131,670,0.0,85.883333,11.153918,60,0.0,0.17486,1.056529,0.054989,0.0,HoltWinters7,0.081804,936f625ede94fde8,0.048346,0.098532,-0.509336,0.061834,0.0,0.040192,Stable,False,2026-08-27T18:24:04.422843+00:00
P00193,178.798507,23.393425,670,0.0,181.833333,25.96423,60,0.0,0.12973,1.109894,0.104265,0.0,HoltWinters7,0.086502,8d14494234ff5398,0.045946,0.10678,-0.56971,0.061742,0.0,0.040132,Stable,False,2026-08-27T18:24:04.422843+00:00
P01808,2.568657,0.647338,670,0.0,2.6,0.785461,60,0.0,0.048419,1.213372,0.193403,0.0,SeasonalNaive7,0.16009,bcfabf65c2458a82,0.142857,0.168707,-0.153222,0.061666,0.0,0.040083,Stable,False,2026-08-27T18:24:04.422843+00:00
P00899,19.734328,4.631844,670,0.0,19.083333,5.076672,60,0.0,0.140548,1.096037,0.091701,0.0,HoltWinters7,0.139382,78724d4e329c2e5e,0.06194,0.178103,-0.652227,0.061576,0.0,0.040024,Stable,False,2026-08-27T18:24:04.422843+00:00
P00665,4.792537,1.113957,670,0.0,4.833333,1.3675,60,0.0,0.036623,1.227605,0.205066,0.0,SeasonalNaive7,0.130037,4b9b198d4e349301,0.061538,0.164286,-0.625418,0.061338,0.0,0.039869,Stable,False,2026-08-27T18:24:04.422843+00:00
P01319,23.264179,5.473436,670,0.0,22.716667,6.265568,60,0.0,0.100031,1.144723,0.135163,0.0,HoltWinters7,0.157341,1fe3f58ee9dbfeff,0.106542,0.182741,-0.416975,0.061299,0.0,0.039844,Stable,False,2026-08-27T18:24:04.422843+00:00
P00611,6.471642,1.480799,670,0.0,6.416667,1.816046,60,0.0,0.037125,1.226396,0.204079,0.0,SeasonalNaive7,0.145282,2768daca2145d031,0.059524,0.188162,-0.683656,0.061229,0.0,0.039799,Stable,False,2026-08-27T18:24:04.422843+00:00
P00548,152.21791,206.67072,670,0.643284,130.216667,194.003677,60,0.683333,0.106456,0.938709,0.06325,0.04005,Naive,1.0,0e89a74594008049,1.0,1.0,0.0,0.061108,0.0,0.03972,Stable,False,2026-08-27T18:24:04.422843+00:00
P00310,5.89403,1.488107,670,0.0,5.75,1.296998,60,0.0,0.096787,0.871575,0.137453,0.0,RollingMean28,0.195543,e243b49d802ca99e,0.174892,0.205869,-0.15047,0.06098,0.0,0.039637,Stable,False,2026-08-27T18:24:04.422843+00:00
P00319,9.804478,2.257486,670,0.0,9.85,2.815363,60,0.0,0.020165,1.247123,0.22084,0.0,HoltWinters7,0.151221,3c753641e495fc34,0.076434,0.188615,-0.594765,0.060755,0.0,0.039491,Stable,False,2026-08-27T18:24:04.422843+00:00
P01436,25.838806,5.984358,670,0.0,25.416667,7.057372,60,0.0,0.07054,1.179303,0.164924,0.0,HoltWinters7,0.129638,bf54cea26f29258b,0.050306,0.169304,-0.702867,0.06063,0.0,0.039409,Stable,False,2026-08-27T18:24:04.422843+00:00
P00564,24.528358,5.63023,670,0.0,24.083333,6.569812,60,0.0,0.079042,1.166882,0.154335,0.0,HoltWinters7,0.14578,7fe437347f13bd10,0.057254,0.190043,-0.69873,0.06032,0.0,0.039208,Stable,False,2026-08-27T18:24:04.422843+00:00
P00727,27.649254,6.373593,670,0.0,28.0,7.633557,60,0.0,0.055031,1.197685,0.180391,0.0,HoltWinters7,0.162967,b2e2045a596330fb,0.105588,0.191657,-0.449079,0.060231,0.0,0.03915,Stable,False,2026-08-27T18:24:04.422843+00:00
P01403,15.762687,3.624214,670,0.0,15.85,4.486609,60,0.0,0.024092,1.237954,0.21346,0.0,HoltWinters7,0.136317,ce3f3d414ee739cb,0.06123,0.173861,-0.647824,0.05999,0.0,0.038994,Stable,False,2026-08-27T18:24:04.422843+00:00
P01095,9.004478,2.078068,670,0.0,9.15,2.441346,60,0.0,0.070028,1.174815,0.161111,0.0,HoltWinters7,0.138644,2670c3ac37c58585,0.092141,0.161895,-0.43086,0.059535,0.0,0.038698,Stable,False,2026-08-27T18:24:04.422843+00:00
P00921,48.804478,6.145153,670,0.0,49.816667,6.502911,60,0.0,0.164713,1.058218,0.056586,0.0,HoltWinters7,0.073489,a79e756151db666a,0.044692,0.087888,-0.491492,0.059443,0.0,0.038638,Stable,False,2026-08-27T18:24:04.422843+00:00
P00291,16.620896,4.349408,670,0.0,16.566667,5.437991,60,0.0,0.012468,1.250283,0.22337,0.0,SES,0.233998,2fa7ca558151364b,0.173456,0.264269,-0.343641,0.059271,0.0,0.038526,Stable,False,2026-08-27T18:24:04.422843+00:00
P01892,15.604478,4.022022,670,0.0,15.416667,3.341022,60,0.0,0.046696,0.830682,0.185508,0.0,RollingMean28,0.183977,8257d399491c608d,0.162647,0.194642,-0.16438,0.059218,0.0,0.038492,Stable,False,2026-08-27T18:24:04.422843+00:00
P00694,30.198507,6.801982,670,0.0,30.65,8.012332,60,0.0,0.066377,1.177941,0.163768,0.0,HoltWinters7,0.133454,ee75daadf7d002d9,0.052517,0.173922,-0.698041,0.059195,0.0,0.038477,Stable,False,2026-08-27T18:24:04.422843+00:00
P01576,5.597015,1.587128,670,0.0,5.616667,1.983762,60,0.0,0.012382,1.249907,0.223069,0.0,SES,0.208588,8b13e94f6098230a,0.12467,0.250547,-0.50241,0.059172,0.0,0.038462,Stable,False,2026-08-27T18:24:04.422843+00:00
P00176,12.929851,2.910653,670,0.0,12.95,3.656547,60,0.0,0.006923,1.256263,0.228142,0.0,HoltWinters7,0.136197,cf669fe5c0cf84fc,0.041346,0.183622,-0.774831,0.058939,0.0,0.03831,Stable,False,2026-08-27T18:24:04.422843+00:00
P00005,22.292537,5.114922,670,0.0,22.35,6.393389,60,0.0,0.011234,1.249949,0.223102,0.0,HoltWinters7,0.155184,5357d95a9f1f16e0,0.103923,0.180815,-0.425252,0.058865,0.0,0.038262,Stable,False,2026-08-27T18:24:04.422843+00:00
P00603,4.697015,1.086329,670,0.0,4.7,1.369152,60,0.0,0.002748,1.260347,0.231387,0.0,SeasonalNaive7,0.141219,55db535c4775c9ae,0.056,0.183829,-0.695369,0.058602,0.0,0.038092,Stable,False,2026-08-27T18:24:04.422843+00:00
P01521,9.770149,2.260535,670,0.0,9.85,2.748343,60,0.0,0.035324,1.215793,0.195397,0.0,HoltWinters7,0.16246,c3a59cbe0dd4401b,0.128873,0.179254,-0.281063,0.058563,0.0,0.038066,Stable,False,2026-08-27T18:24:04.422843+00:00
P00732,60.104478,7.801986,670,0.0,61.25,8.386076,60,0.0,0.146824,1.074864,0.072194,0.0,HoltWinters7,0.08347,e21e46e5edfa263c,0.053798,0.098306,-0.452748,0.058425,0.0,0.037976,Stable,False,2026-08-27T18:24:04.422843+00:00
P01096,23.123881,5.34836,670,0.0,23.2,6.650602,60,0.0,0.014232,1.243484,0.217917,0.0,HoltWinters7,0.13912,208fe0ab4339a221,0.060726,0.178317,-0.659451,0.058393,0.0,0.037956,Stable,False,2026-08-27T18:24:04.422843+00:00
P00257,154.423881,18.787125,670,0.0,157.433333,19.89069,60,0.0,0.160187,1.05874,0.05708,0.0,HoltWinters7,0.081328,0a0d607f8fb4e82a,0.057768,0.093107,-0.37956,0.058321,0.0,0.037909,Stable,False,2026-08-27T18:24:04.422843+00:00
P00335,19.965672,4.72664,670,0.0,19.516667,5.375688,60,0.0,0.094995,1.137317,0.128672,0.0,HoltWinters7,0.144881,3eb0a8da637addf8,0.081598,0.176522,-0.537744,0.058292,0.0,0.037889,Stable,False,2026-08-27T18:24:04.422843+00:00
P00563,9.689552,2.192332,670,0.0,9.683333,2.758602,60,0.0,0.002837,1.258296,0.229758,0.0,SeasonalNaive7,0.158093,3931d6a8c4dc22aa,0.089147,0.192566,-0.537055,0.05822,0.0,0.037843,Stable,False,2026-08-27T18:24:04.422843+00:00
P01925,136.079104,185.014833,670,0.643284,116.3,180.53539,60,0.7,0.106906,0.975789,0.024509,0.056716,RollingMean28,1.361184,c1c228c286742600,1.301806,1.390873,-0.064037,0.058213,0.0,0.037838,Stable,False,2026-08-27T18:24:04.422843+00:00
P00565,13.014925,3.31366,670,0.0,12.516667,3.099982,60,0.0,0.150365,0.935516,0.066657,0.0,SES,0.19102,e2ef89ae787637f1,0.166484,0.203288,-0.181042,0.058015,0.0,0.03771,Stable,False,2026-08-27T18:24:04.422843+00:00
P00463,110.886567,147.639328,670,0.634328,95.216667,142.384427,60,0.683333,0.106136,0.964407,0.036242,0.049005,Naive,1.113421,cdee04a72415a199,1.0,1.170131,-0.145395,0.05785,0.0,0.037602,Stable,False,2026-08-27T18:24:04.422843+00:00
P00984,12.235821,2.784953,670,0.0,12.116667,3.345078,60,0.0,0.042785,1.201125,0.183259,0.0,HoltWinters7,0.159162,0cbf3ed7f5a13d65,0.102629,0.187428,-0.452434,0.057581,0.0,0.037427,Stable,False,2026-08-27T18:24:04.422843+00:00
P01349,58.226866,7.237743,670,0.0,59.566667,7.431875,60,0.0,0.185113,1.026822,0.026469,0.0,HoltWinters7,0.08816,024b2598a747ff76,0.077465,0.093507,-0.171554,0.057523,0.0,0.03739,Stable,False,2026-08-27T18:24:04.422843+00:00
P00473,14.510448,3.367706,670,0.0,14.433333,4.130772,60,0.0,0.022898,1.226583,0.204232,0.0,HoltWinters7,0.144521,235c58d69869ee59,0.066158,0.183703,-0.639861,0.057355,0.0,0.037281,Stable,False,2026-08-27T18:24:04.422843+00:00
P01620,114.395522,163.11366,670,0.665672,98.283333,152.911528,60,0.7,0.098779,0.937454,0.064588,0.034328,RollingMean28,1.437113,09d96a70d014067c,1.197227,1.557056,-0.231096,0.057042,0.0,0.037078,Stable,False,2026-08-27T18:24:04.422843+00:00
P01256,5.9,1.541794,670,0.0,5.65,1.470904,60,0.0,0.162149,0.954021,0.04707,0.0,SES,0.208503,2c124007e2b6ad79,0.202065,0.211721,-0.045608,0.056358,0.0,0.036633,Stable,False,2026-08-27T18:24:04.422843+00:00
P00947,24.191045,5.560584,670,0.0,24.2,6.949698,60,0.0,0.00161,1.249814,0.222995,0.0,HoltWinters7,0.144068,890f3c918808beee,0.057502,0.187351,-0.693081,0.056192,0.0,0.036525,Stable,False,2026-08-27T18:24:04.422843+00:00
P01074,9.155224,2.355497,670,0.0,8.983333,2.721488,60,0.0,0.072974,1.155377,0.144427,0.0,SES,0.205996,dc74b4ae1b265245,0.141153,0.238417,-0.407959,0.056175,0.0,0.036514,Stable,False,2026-08-27T18:24:04.422843+00:00
P01301,7.025373,1.990474,670,0.0,6.65,2.023799,60,0.0,0.188585,1.016742,0.016604,0.0,SES,0.207378,4bfebedf682fc5a1,0.152809,0.234663,-0.348814,0.056012,0.0,0.036408,Stable,False,2026-08-27T18:24:04.422843+00:00
P01395,20.574627,4.744247,670,0.0,19.75,4.901141,60,0.0,0.173816,1.033071,0.032535,0.0,Naive,0.171837,03ce05720f88b484,0.156089,0.17971,-0.13144,0.055933,0.0,0.036357,Stable,False,2026-08-27T18:24:04.422843+00:00
P00075,97.49403,133.551194,670,0.647761,83.716667,130.154288,60,0.7,0.103162,0.974565,0.025764,0.052239,Croston,1.861674,c5630f397db597e6,1.627453,1.978784,-0.177549,0.055706,0.0,0.036209,Stable,False,2026-08-27T18:24:04.422843+00:00
P00378,8.737313,2.045728,670,0.0,8.6,2.373583,60,0.0,0.067122,1.160263,0.148647,0.0,SeasonalNaive7,0.143858,dd318d0da6d2139b,0.043478,0.194047,-0.77594,0.05562,0.0,0.036153,Stable,False,2026-08-27T18:24:04.422843+00:00
P01076,29.343284,6.935647,670,0.0,28.7,6.148722,60,0.0,0.09275,0.886539,0.12043,0.0,SES,0.180462,e8a6fc1522c2fedb,0.127962,0.206712,-0.380965,0.055614,0.0,0.036149,Stable,False,2026-08-27T18:24:04.422843+00:00
P01506,31.052239,7.79168,670,0.0,30.7,6.567253,60,0.0,0.045207,0.842855,0.170961,0.0,RollingMean28,0.167948,325ec2a4e17d10b6,0.139593,0.182126,-0.233536,0.055172,0.0,0.035862,Stable,False,2026-08-27T18:24:04.422843+00:00
P01789,12.697015,2.907517,670,0.0,12.533333,3.407204,60,0.0,0.056296,1.171861,0.158593,0.0,Naive,0.1566,455bf7194d8ad5df,0.107143,0.181328,-0.409122,0.05513,0.0,0.035834,Stable,False,2026-08-27T18:24:04.422843+00:00
P01418,10.989552,2.452212,670,0.0,11.0,3.042078,60,0.0,0.004261,1.240544,0.21555,0.0,HoltWinters7,0.151537,1c17098a1ea7b48d,0.096736,0.178938,-0.459387,0.055059,0.0,0.035788,Stable,False,2026-08-27T18:24:04.422843+00:00
P01827,2.901493,0.835944,670,0.0,2.85,0.971195,60,0.0,0.061598,1.161795,0.149966,0.0,RollingMean28,0.266152,f966194ceb974b5a,0.241758,0.278349,-0.131458,0.054431,0.0,0.03538,Stable,False,2026-08-27T18:24:04.422843+00:00
P01021,31.31791,42.896219,670,0.647761,35.216667,42.335661,60,0.583333,0.090888,0.986932,0.013154,0.064428,Naive,1.0,11e895656b04a69d,1.0,1.0,0.0,0.054054,0.0,0.035135,Stable,False,2026-08-27T18:24:04.422843+00:00
P01110,21.50597,5.359076,670,0.0,21.333333,6.416786,60,0.0,0.032214,1.197368,0.180126,0.0,Naive,0.220779,4ca0fad93d24a168,0.164021,0.249158,-0.341698,0.05389,0.0,0.035029,Stable,False,2026-08-27T18:24:04.422843+00:00
P00882,28.404478,40.690699,670,0.667164,24.666667,38.265649,60,0.7,0.091859,0.940403,0.061447,0.032836,Naive,1.087432,6791d812df24a02a,1.0,1.131148,-0.115942,0.053757,0.0,0.034942,Stable,False,2026-08-27T18:24:04.422843+00:00
P00301,4.967164,1.181115,670,0.0,4.9,1.374094,60,0.0,0.056865,1.163387,0.151336,0.0,SeasonalNaive7,0.153282,1e4ea5238c8781e5,0.068702,0.195572,-0.648711,0.053472,0.0,0.034757,Stable,False,2026-08-27T18:24:04.422843+00:00
P00771,24.591045,5.650766,670,0.0,24.766667,6.758213,60,0.0,0.031079,1.195982,0.178967,0.0,HoltWinters7,0.146502,9b0b4ee92f1e7a19,0.095582,0.171961,-0.444164,0.053289,0.0,0.034638,Stable,False,2026-08-27T18:24:04.422843+00:00
P01129,16.737313,3.990229,670,0.0,16.483333,3.461614,60,0.0,0.063651,0.867523,0.142114,0.0,Naive,0.170757,77d81a149b9b424c,0.161157,0.175557,-0.082026,0.053032,0.0,0.034471,Stable,False,2026-08-27T18:24:04.422843+00:00
P01465,125.014925,15.788392,670,0.0,127.033333,16.95854,60,0.0,0.127841,1.074114,0.071497,0.0,HoltWinters7,0.093329,23db688b77dced4c,0.062752,0.108617,-0.422264,0.05303,0.0,0.03447,Stable,False,2026-08-27T18:24:04.422843+00:00
P00958,25.402985,5.967925,670,0.0,24.916667,6.74296,60,0.0,0.081489,1.129867,0.1221,0.0,HoltWinters7,0.139859,efc10a3ccfc60305,0.05643,0.181573,-0.689216,0.052934,0.0,0.034407,Stable,False,2026-08-27T18:24:04.422843+00:00
P01292,27.280597,6.196972,670,0.0,27.366667,7.541898,60,0.0,0.013889,1.21703,0.196413,0.0,SeasonalNaive7,0.150702,aed06507dbea05ff,0.076712,0.187697,-0.591298,0.052923,0.0,0.0344,Stable,False,2026-08-27T18:24:04.422843+00:00
P01998,26.243284,6.037172,670,0.0,26.033333,7.166227,60,0.0,0.034776,1.187017,0.171443,0.0,HoltWinters7,0.135021,ec241be35faf503f,0.058848,0.173108,-0.660053,0.052424,0.0,0.034076,Stable,False,2026-08-27T18:24:04.422843+00:00
P01057,62.449254,93.925898,670,0.68806,53.816667,90.597918,60,0.733333,0.091908,0.964568,0.036075,0.045274,Naive,1.0,39ad7a666637bd5c,1.0,1.0,0.0,0.052403,0.0,0.034062,Stable,False,2026-08-27T18:24:04.422843+00:00
P00092,61.892537,87.224401,670,0.661194,69.966667,90.455714,60,0.616667,0.092567,1.037046,0.036376,0.044527,Naive,1.0,05de23c1cde4912f,1.0,1.0,0.0,0.052361,0.0,0.034035,Stable,False,2026-08-27T18:24:04.422843+00:00
P01190,118.507463,156.651095,670,0.631343,103.366667,149.568642,60,0.666667,0.096653,0.954788,0.046266,0.035323,Naive,1.0,4656ab24ed476ae4,1.0,1.0,0.0,0.052275,0.0,0.033979,Stable,False,2026-08-27T18:24:04.422843+00:00
P01962,5.98806,1.575174,670,0.0,6.0,1.288804,60,0.0,0.00758,0.818198,0.200651,0.0,RollingMean28,0.156567,cffeece2499e50e0,0.13328,0.16821,-0.207659,0.052247,0.0,0.033961,Stable,False,2026-08-27T18:24:04.422843+00:00
P00705,28.932836,6.589839,670,0.0,28.95,8.097761,60,0.0,0.002605,1.228825,0.206059,0.0,HoltWinters7,0.13453,97bf986e96f63dcf,0.062332,0.170628,-0.634694,0.052231,0.0,0.03395,Stable,False,2026-08-27T18:24:04.422843+00:00
P00294,25.244776,6.342239,670,0.0,24.95,5.425692,60,0.0,0.046478,0.855485,0.156086,0.0,SES,0.163832,6fc8790c8f66e984,0.149457,0.17102,-0.126085,0.051803,0.0,0.033672,Stable,False,2026-08-27T18:24:04.422843+00:00
P00776,23.273134,5.309412,670,0.0,23.316667,6.471559,60,0.0,0.008199,1.218884,0.197936,0.0,HoltWinters7,0.139776,ee88919db8edc761,0.070304,0.174512,-0.597137,0.051739,0.0,0.03363,Stable,False,2026-08-27T18:24:04.422843+00:00
P01274,23.701493,6.139911,670,0.0,23.016667,6.670176,60,0.0,0.111537,1.086364,0.082836,0.0,SES,0.224569,376d7c1f4a3f0959,0.196881,0.238414,-0.174206,0.051382,0.0,0.033398,Stable,False,2026-08-27T18:24:04.422843+00:00
P01867,2.702985,0.812729,670,0.0,2.6,0.867492,60,0.0,0.126715,1.067381,0.065208,0.0,SeasonalNaive7,0.206589,487da4636024a05d,0.132353,0.243706,-0.456916,0.051149,0.0,0.033247,Stable,False,2026-08-27T18:24:04.422843+00:00
P01120,20.986567,4.749774,670,0.0,21.15,5.608181,60,0.0,0.034409,1.180726,0.166129,0.0,HoltWinters7,0.143316,19d2cbf5fd6b4044,0.113203,0.158373,-0.285212,0.050995,0.0,0.033147,Stable,False,2026-08-27T18:24:04.422843+00:00
P01082,15.938806,4.172386,670,0.0,15.933333,5.108539,60,0.0,0.001312,1.224369,0.202425,0.0,SES,0.196777,9252261e2d71ad2d,0.147436,0.221448,-0.334219,0.050967,0.0,0.033129,Stable,False,2026-08-27T18:24:04.422843+00:00
P00348,15.040299,3.458036,670,0.0,14.966667,4.141426,60,0.0,0.021293,1.197624,0.180339,0.0,HoltWinters7,0.139368,871be5a7dd17052b,0.059255,0.179425,-0.669752,0.05094,0.0,0.033111,Stable,False,2026-08-27T18:24:04.422843+00:00
P01744,24.997015,5.816578,670,0.0,24.783333,6.834835,60,0.0,0.036737,1.175061,0.16132,0.0,HoltWinters7,0.149373,4661a2ba380e3a73,0.09972,0.174199,-0.42755,0.050433,0.0,0.032781,Stable,False,2026-08-27T18:24:04.422843+00:00
P01809,7.862687,1.813159,670,0.0,7.866667,2.212956,60,0.0,0.002195,1.220498,0.199259,0.0,HoltWinters7,0.15457,73e62027786771b4,0.090446,0.186632,-0.515376,0.050418,0.0,0.032772,Stable,False,2026-08-27T18:24:04.422843+00:00
P00927,13.676119,3.426948,670,0.0,13.416667,3.470416,60,0.0,0.07571,1.012684,0.012604,0.0,SES,0.192339,a846271de149ace0,0.198411,0.189303,0.048117,0.023971,0.048117,0.032422,Stable,False,2026-08-27T18:24:04.422843+00:00
P00030,10.216418,2.783579,670,0.0,10.483333,3.055929,60,0.0,0.095889,1.097842,0.093346,0.0,SES,0.203802,0035bcd50012d4ad,0.160839,0.225284,-0.28606,0.049706,0.0,0.032309,Stable,False,2026-08-27T18:24:04.422843+00:00
P01625,17.11791,3.900037,670,0.0,17.233333,4.604223,60,0.0,0.029595,1.180559,0.165988,0.0,SeasonalNaive7,0.144624,8dc47f0a7d4984d3,0.0671,0.183386,-0.634106,0.049636,0.0,0.032263,Stable,False,2026-08-27T18:24:04.422843+00:00
P00269,9.350746,2.350643,670,0.0,9.233333,2.036669,60,0.0,0.049949,0.866431,0.143373,0.0,SES,0.169237,d5a8f9dfef4b2342,0.164043,0.171834,-0.045335,0.049579,0.0,0.032227,Stable,False,2026-08-27T18:24:04.422843+00:00
P00340,14.313433,3.296095,670,0.0,14.05,3.679651,60,0.0,0.079923,1.116367,0.110079,0.0,HoltWinters7,0.136573,14ea55d5f3676758,0.070365,0.169677,-0.585299,0.049499,0.0,0.032174,Stable,False,2026-08-27T18:24:04.422843+00:00
P01999,20.453731,4.76567,670,0.0,20.383333,5.710804,60,0.0,0.014772,1.198321,0.180922,0.0,HoltWinters7,0.125109,cc226043d54e7a11,0.045039,0.165144,-0.727272,0.049293,0.0,0.03204,Stable,False,2026-08-27T18:24:04.422843+00:00
P01439,17.889552,4.147473,670,0.0,17.95,4.962316,60,0.0,0.014575,1.196467,0.179373,0.0,HoltWinters7,0.143549,d4fa6fee21a47f92,0.076376,0.177136,-0.568829,0.048851,0.0,0.031753,Stable,False,2026-08-27T18:24:04.422843+00:00
P01951,17.631343,4.040516,670,0.0,17.7,4.805717,60,0.0,0.016992,1.189382,0.173434,0.0,HoltWinters7,0.146194,fa6d9bbeebb69ee6,0.087022,0.175779,-0.504934,0.048031,0.0,0.03122,Stable,False,2026-08-27T18:24:04.422843+00:00
P01303,28.967164,6.680547,670,0.0,28.916667,8.021775,60,0.0,0.007559,1.200766,0.18296,0.0,HoltWinters7,0.147562,d929a3700650ea4b,0.085527,0.17858,-0.521074,0.047819,0.0,0.031082,Stable,False,2026-08-27T18:24:04.422843+00:00
P00146,16.171642,3.739911,670,0.0,16.166667,4.514259,60,0.0,0.00133,1.20705,0.188179,0.0,HoltWinters7,0.160294,8627d4966babbcd9,0.075768,0.202556,-0.625938,0.047411,0.0,0.030817,Stable,False,2026-08-27T18:24:04.422843+00:00
P01062,120.897015,15.118065,670,0.0,123.5,15.117057,60,0.0,0.172177,0.999933,6.7e-05,0.0,HoltWinters7,0.076899,967f5d8ea7c048c3,0.050399,0.090149,-0.440939,0.047365,0.0,0.030787,Stable,False,2026-08-27T18:24:04.422843+00:00
P00069,26.783582,6.117634,670,0.0,26.8,7.364137,60,0.0,0.002684,1.203756,0.185446,0.0,HoltWinters7,0.146996,fee6c72b449c135f,0.087186,0.176901,-0.507149,0.0471,0.0,0.030615,Stable,False,2026-08-27T18:24:04.422843+00:00
P00589,12.238806,2.815129,670,0.0,12.15,3.282336,60,0.0,0.031546,1.165963,0.153547,0.0,HoltWinters7,0.127167,79a7b8726dff566b,0.051192,0.165154,-0.690034,0.047062,0.0,0.03059,Stable,False,2026-08-27T18:24:04.422843+00:00
P01533,120.544776,164.300475,670,0.644776,134.55,168.083053,60,0.6,0.085242,1.023022,0.022761,0.044776,Naive,1.0,8a50ad5398e3fcc1,1.0,1.0,0.0,0.047042,0.0,0.030577,Stable,False,2026-08-27T18:24:04.422843+00:00
P01253,13.538806,3.150555,670,0.0,13.5,3.748446,60,0.0,0.012317,1.189773,0.173763,0.0,HoltWinters7,0.153382,7a6418e88d9d5688,0.087212,0.186466,-0.532289,0.046828,0.0,0.030438,Stable,False,2026-08-27T18:24:04.422843+00:00
P00956,6.689552,1.722717,670,0.0,6.583333,1.532602,60,0.0,0.061658,0.889643,0.116935,0.0,SES,0.169821,15a634f0980a0693,0.147353,0.181055,-0.186141,0.04619,0.0,0.030023,Stable,False,2026-08-27T18:24:04.422843+00:00
P01693,14.443284,3.643153,670,0.0,14.416667,3.054819,60,0.0,0.007306,0.83851,0.176129,0.0,RollingMean28,0.167727,e6abe21aa31722dc,0.160271,0.171455,-0.065231,0.046041,0.0,0.029927,Stable,False,2026-08-27T18:24:04.422843+00:00
P00207,11.756716,2.725439,670,0.0,11.683333,3.175604,60,0.0,0.026925,1.165172,0.152868,0.0,HoltWinters7,0.144416,ae16978d558c0d18,0.074133,0.179557,-0.587137,0.045622,0.0,0.029654,Stable,False,2026-08-27T18:24:04.422843+00:00
P01017,19.562687,4.500933,670,0.0,19.55,5.38178,60,0.0,0.002819,1.195703,0.178735,0.0,HoltWinters7,0.132277,b80e4860b03c403f,0.051993,0.17242,-0.698453,0.045459,0.0,0.029548,Stable,False,2026-08-27T18:24:04.422843+00:00
P00292,5.677612,1.313586,670,0.0,5.65,1.538489,60,0.0,0.02102,1.171214,0.15804,0.0,SeasonalNaive7,0.150809,18a4eaff9d9a9584,0.059603,0.196412,-0.696542,0.045291,0.0,0.029439,Stable,False,2026-08-27T18:24:04.422843+00:00
P00059,13.946269,3.257294,670,0.0,13.816667,3.725731,60,0.0,0.039788,1.143812,0.134366,0.0,SeasonalNaive7,0.152632,4870048b73bf3c5a,0.072386,0.192755,-0.624465,0.044533,0.0,0.028947,Stable,False,2026-08-27T18:24:04.422843+00:00
P01862,43.408955,60.901572,670,0.658209,48.3,62.260878,60,0.616667,0.080311,1.02232,0.022074,0.041542,Naive,1.0,329c8db9ffd3ae87,1.0,1.0,0.0,0.044221,0.0,0.028744,Stable,False,2026-08-27T18:24:04.422843+00:00
P00978,12.202985,2.871538,670,0.0,12.066667,3.251423,60,0.0,0.047472,1.132293,0.124245,0.0,HoltWinters7,0.145199,9d08614742ab1ba9,0.093903,0.170847,-0.450367,0.044116,0.0,0.028675,Stable,False,2026-08-27T18:24:04.422843+00:00
P00931,3.508955,0.817819,670,0.0,3.516667,0.965361,60,0.0,0.009429,1.180408,0.16586,0.0,SeasonalNaive7,0.153347,c5104a599577d29c,0.083333,0.188354,-0.557571,0.044058,0.0,0.028638,Stable,False,2026-08-27T18:24:04.422843+00:00
P01234,28.865672,6.647871,670,0.0,28.783333,7.820208,60,0.0,0.012386,1.176348,0.162415,0.0,HoltWinters7,0.156804,ab11286c2ff521be,0.098505,0.185954,-0.470272,0.04401,0.0,0.028606,Stable,False,2026-08-27T18:24:04.422843+00:00
P01013,94.270149,12.018801,670,0.0,95.683333,12.593369,60,0.0,0.117581,1.047806,0.046698,0.0,HoltWinters7,0.079293,15191c8e60bb0986,0.043027,0.097426,-0.558366,0.044009,0.0,0.028606,Stable,False,2026-08-27T18:24:04.422843+00:00
P00165,11.707463,2.703777,670,0.0,11.633333,3.124353,60,0.0,0.027417,1.155551,0.144578,0.0,SeasonalNaive7,0.141968,6731b4397bdbaa85,0.079365,0.173269,-0.541954,0.043684,0.0,0.028395,Stable,False,2026-08-27T18:24:04.422843+00:00
P00910,29.29403,7.474428,670,0.0,29.433333,6.828074,60,0.0,0.018637,0.913525,0.090445,0.0,RollingMean28,0.158922,3a11d9408a5df2a5,0.161767,0.157499,0.027099,0.027737,0.027099,0.027513,Stable,False,2026-08-27T18:24:04.422843+00:00
P01887,3.898507,0.974333,670,0.0,3.866667,1.111827,60,0.0,0.03268,1.141115,0.132006,0.0,SeasonalNaive7,0.157839,c21f72316f25478a,0.127451,0.173033,-0.263428,0.041988,0.0,0.027292,Stable,False,2026-08-27T18:24:04.422843+00:00
P01963,138.964179,16.931284,670,0.0,139.8,18.959189,60,0.0,0.049365,1.119773,0.113126,0.0,HoltWinters7,0.076467,ae1382298758fbc3,0.043633,0.092885,-0.530248,0.041857,0.0,0.027207,Stable,False,2026-08-27T18:24:04.422843+00:00
P00110,21.089552,5.712157,670,0.0,20.75,6.315504,60,0.0,0.059444,1.105625,0.100411,0.0,SES,0.210957,589be6ce07d1cb90,0.151758,0.240557,-0.369138,0.04145,0.0,0.026942,Stable,False,2026-08-27T18:24:04.422843+00:00
P01777,51.816418,71.295407,670,0.649254,56.983333,70.820492,60,0.6,0.072472,0.993339,0.006684,0.049254,SeasonalNaive7,0.985726,39bae7b412c0b3fc,0.825924,1.065627,-0.224941,0.041302,0.0,0.026846,Stable,False,2026-08-27T18:24:04.422843+00:00
P01799,16.431343,4.172359,670,0.0,16.166667,4.585041,60,0.0,0.063436,1.098908,0.094317,0.0,SES,0.204575,8d80180ce8262e73,0.130857,0.241435,-0.458004,0.041024,0.0,0.026666,Stable,False,2026-08-27T18:24:04.422843+00:00
P01791,20.856716,4.863802,670,0.0,20.9,5.673907,60,0.0,0.008899,1.166558,0.154058,0.0,HoltWinters7,0.147956,f144b665372535d8,0.08204,0.180913,-0.546522,0.040962,0.0,0.026625,Stable,False,2026-08-27T18:24:04.422843+00:00
P00084,29.908955,6.963652,670,0.0,29.4,7.567101,60,0.0,0.073087,1.086657,0.083106,0.0,HoltWinters7,0.135711,70e05b2ca00752e4,0.061322,0.172905,-0.645345,0.040876,0.0,0.026569,Stable,False,2026-08-27T18:24:04.422843+00:00
P00329,26.159701,6.431415,670,0.0,26.533333,5.823583,60,0.0,0.058095,0.90549,0.099279,0.0,Naive,0.172533,58a23fa5c0a76df9,0.136951,0.190323,-0.280431,0.040796,0.0,0.026517,Stable,False,2026-08-27T18:24:04.422843+00:00
P01127,11.98806,2.760468,670,0.0,11.9,3.133742,60,0.0,0.0319,1.135221,0.126827,0.0,HoltWinters7,0.146007,3eabf1558e425e4d,0.085654,0.176183,-0.513837,0.040479,0.0,0.026312,Stable,False,2026-08-27T18:24:04.422843+00:00
P01267,24.467164,6.208242,670,0.0,23.816667,5.927505,60,0.0,0.10478,0.95478,0.046274,0.0,RollingMean28,0.169371,08d9ed5a35ffb16d,0.140744,0.183685,-0.233775,0.040383,0.0,0.026249,Stable,False,2026-08-27T18:24:04.422843+00:00
P01573,12.813433,17.791505,670,0.653731,14.1,18.190797,60,0.616667,0.072314,1.022443,0.022195,0.037065,Naive,1.166292,060a377c40fa8c98,1.0,1.249438,-0.19964,0.040261,0.0,0.02617,Stable,False,2026-08-27T18:24:04.422843+00:00
P01443,150.962687,213.854609,670,0.662687,136.183333,203.094158,60,0.683333,0.069109,0.949683,0.051627,0.020647,Naive,1.0,0ba8169872e28a66,1.0,1.0,0.0,0.04017,0.0,0.026111,Stable,False,2026-08-27T18:24:04.422843+00:00
P00191,19.01194,4.4898,670,0.0,18.8,5.001017,60,0.0,0.047205,1.113862,0.107833,0.0,HoltWinters7,0.156455,9a2dc58eb45ae326,0.097104,0.18613,-0.478303,0.03994,0.0,0.025961,Stable,False,2026-08-27T18:24:04.422843+00:00
P00568,30.835821,7.075077,670,0.0,30.733333,6.128197,60,0.0,0.014486,0.866167,0.143678,0.0,SES,0.174995,8d4be62765d7ffee,0.168465,0.17826,-0.054947,0.039903,0.0,0.025937,Stable,False,2026-08-27T18:24:04.422843+00:00
P00949,43.929851,5.397461,670,0.0,44.45,5.688004,60,0.0,0.096369,1.053829,0.052431,0.0,HoltWinters7,0.075321,c470424dfb100504,0.052171,0.086896,-0.399611,0.039609,0.0,0.025746,Stable,False,2026-08-27T18:24:04.422843+00:00
P01366,5.277612,1.270785,670,0.0,5.266667,1.471384,60,0.0,0.008613,1.157855,0.146569,0.0,HoltWinters7,0.152006,511ea2ddcce393f9,0.084896,0.185562,-0.542492,0.039011,0.0,0.025357,Stable,False,2026-08-27T18:24:04.422843+00:00
P01273,155.267164,214.340708,670,0.650746,140.116667,209.096449,60,0.683333,0.070684,0.975533,0.024771,0.032587,RollingMean28,1.490876,5004b57b6bd12017,1.433696,1.519466,-0.056448,0.038666,0.0,0.025133,Stable,False,2026-08-27T18:24:04.422843+00:00
P00590,17.11791,3.807727,670,0.0,17.083333,4.396808,60,0.0,0.009081,1.154707,0.143847,0.0,HoltWinters7,0.135613,5aaf690411fa0eb3,0.070656,0.168091,-0.579657,0.038459,0.0,0.024998,Stable,False,2026-08-27T18:24:04.422843+00:00
P01921,135.879104,185.140916,670,0.644776,145.6,180.695005,60,0.6,0.052505,0.975986,0.024307,0.044776,Naive,1.0,4b35e451ac9163bd,1.0,1.0,0.0,0.038426,0.0,0.024977,Stable,False,2026-08-27T18:24:04.422843+00:00
P01001,28.059701,6.380746,670,0.0,27.966667,7.313713,60,0.0,0.014581,1.146216,0.136466,0.0,SeasonalNaive7,0.164592,41e816b04076ae89,0.102767,0.195505,-0.474352,0.038126,0.0,0.024782,Stable,False,2026-08-27T18:24:04.422843+00:00
P01590,85.771642,112.303188,670,0.626866,78.0,108.024479,60,0.65,0.069202,0.9619,0.038844,0.023134,Naive,1.0,a66c56785c9f048a,1.0,1.0,0.0,0.037995,0.0,0.024697,Stable,False,2026-08-27T18:24:04.422843+00:00
P01893,176.313433,21.863627,670,0.0,177.716667,23.709464,60,0.0,0.064181,1.084425,0.08105,0.0,HoltWinters7,0.090363,3484551e96593b8d,0.051717,0.109686,-0.528498,0.037912,0.0,0.024643,Stable,False,2026-08-27T18:24:04.422843+00:00
P00556,25.452239,6.397866,670,0.0,24.85,6.105915,60,0.0,0.094131,0.954367,0.046706,0.0,SES,0.204228,9a89a08831175091,0.170018,0.221332,-0.23184,0.037563,0.0,0.024416,Stable,False,2026-08-27T18:24:04.422843+00:00
P01402,24.458209,5.682734,670,0.0,24.45,6.593333,60,0.0,0.001445,1.160239,0.148626,0.0,HoltWinters7,0.13391,e8fab5595eab02d9,0.066292,0.167719,-0.604743,0.037554,0.0,0.02441,Stable,False,2026-08-27T18:24:04.422843+00:00
P00280,111.807463,163.309962,670,0.676119,122.45,164.642028,60,0.633333,0.065168,1.008157,0.008124,0.042786,Naive,1.0,6ece5843f040865c,1.0,1.0,0.0,0.037066,0.0,0.024093,Stable,False,2026-08-27T18:24:04.422843+00:00
P01034,17.438806,3.982584,670,0.0,17.416667,4.585503,60,0.0,0.005559,1.151389,0.140969,0.0,HoltWinters7,0.144572,ee2982b1bb70208f,0.064291,0.184712,-0.651941,0.036771,0.0,0.023901,Stable,False,2026-08-27T18:24:04.422843+00:00
P01905,176.302985,234.320062,670,0.632836,190.916667,246.085922,60,0.616667,0.062366,1.050213,0.048993,0.016169,SeasonalNaive7,1.262998,82bb55be57aeda25,1.235817,1.276588,-0.031938,0.035867,0.0,0.023313,Stable,False,2026-08-27T18:24:04.422843+00:00
P00943,30.601493,41.867015,670,0.646269,27.716667,41.56681,60,0.683333,0.068905,0.99283,0.007196,0.037065,SeasonalNaive7,1.240368,f9b18cb469527b8f,0.918691,1.401207,-0.344358,0.035574,0.0,0.023123,Stable,False,2026-08-27T18:24:04.422843+00:00
P00699,8.78806,2.031848,670,0.0,8.816667,2.295845,60,0.0,0.014079,1.129929,0.122155,0.0,Naive,0.14768,8bdf296a05696880,0.087866,0.177586,-0.50522,0.034411,0.0,0.022367,Stable,False,2026-08-27T18:24:04.422843+00:00
P01305,93.950746,131.559403,670,0.656716,100.1,128.700638,60,0.616667,0.046741,0.97827,0.021969,0.04005,RollingMean28,1.247225,303075c7718a076a,1.197818,1.271928,-0.058266,0.034366,0.0,0.022338,Stable,False,2026-08-27T18:24:04.422843+00:00
P01632,4.49403,1.125513,670,0.0,4.4,1.076718,60,0.0,0.083544,0.956646,0.044322,0.0,SES,0.171503,f4fa31b6b49f79e2,0.146991,0.183759,-0.200088,0.034055,0.0,0.022136,Stable,False,2026-08-27T18:24:04.422843+00:00
P01123,69.998507,8.781435,670,0.0,70.45,9.478656,60,0.0,0.051414,1.079397,0.076403,0.0,HoltWinters7,0.078128,023133b4ca9d76bd,0.043643,0.095371,-0.542388,0.03324,0.0,0.021606,Stable,False,2026-08-27T18:24:04.422843+00:00
P00788,5.847761,1.45612,670,0.0,5.916667,1.34406,60,0.0,0.047321,0.923042,0.080081,0.0,SES,0.164969,f041231b0d6d3131,0.152485,0.171211,-0.109374,0.033034,0.0,0.021472,Stable,False,2026-08-27T18:24:04.422843+00:00
P01479,48.61194,68.454573,670,0.659701,44.666667,66.510778,60,0.683333,0.057633,0.971605,0.028806,0.023632,Naive,1.0,04b7ca998d3cfad4,1.0,1.0,0.0,0.032504,0.0,0.021127,Stable,False,2026-08-27T18:24:04.422843+00:00
P00765,6.335821,1.4911,670,0.0,6.333333,1.68409,60,0.0,0.001668,1.129428,0.121711,0.0,SeasonalNaive7,0.156497,b3ca307cce36b578,0.098837,0.185327,-0.466687,0.030887,0.0,0.020076,Stable,False,2026-08-27T18:24:04.422843+00:00
P00891,75.544776,103.247306,670,0.646269,81.283333,104.746521,60,0.616667,0.055581,1.014521,0.014416,0.029602,SeasonalNaive7,1.157828,28072b428b6872d3,1.118058,1.177713,-0.050653,0.03073,0.0,0.019974,Stable,False,2026-08-27T18:24:04.422843+00:00
P00764,110.949254,157.888734,670,0.664179,103.6,148.743688,60,0.666667,0.046547,0.942079,0.059666,0.002488,Naive,1.0,37f429b9048b457d,1.0,1.0,0.0,0.028712,0.0,0.018663,Stable,False,2026-08-27T18:24:04.422843+00:00
P01520,81.792537,10.220306,670,0.0,82.7,10.396055,60,0.0,0.08879,1.017196,0.01705,0.0,SES,0.085226,73dbc5ea8d01a7c4,0.058322,0.098678,-0.408965,0.02868,0.0,0.018642,Stable,False,2026-08-27T18:24:04.422843+00:00
P00040,12.359701,3.090637,670,0.0,12.2,3.271863,60,0.0,0.051673,1.058637,0.056982,0.0,SES,0.189593,1f95b2836e398bea,0.155314,0.206733,-0.248722,0.028456,0.0,0.018496,Stable,False,2026-08-27T18:24:04.422843+00:00
P01164,142.016418,212.401694,670,0.686567,130.916667,210.908872,60,0.716667,0.052258,0.992972,0.007053,0.0301,Naive,1.0,9832c3590ab52186,1.0,1.0,0.0,0.028174,0.0,0.018313,Stable,False,2026-08-27T18:24:04.422843+00:00
P01447,73.20597,101.424382,670,0.652239,67.5,101.456595,60,0.683333,0.056258,1.000318,0.000318,0.031095,SeasonalNaive7,1.255296,19a3b3ec0ecd8563,1.014551,1.375669,-0.262504,0.027988,0.0,0.018192,Stable,False,2026-08-27T18:24:04.422843+00:00
P01669,25.841791,5.967429,670,0.0,25.75,6.511073,60,0.0,0.015382,1.091102,0.087188,0.0,SeasonalNaive7,0.146249,f7af2c7275cc4c7d,0.074499,0.182124,-0.590946,0.026027,0.0,0.016918,Stable,False,2026-08-27T18:24:04.422843+00:00
P01806,77.474627,104.492703,670,0.640299,71.833333,104.305153,60,0.666667,0.053987,0.998205,0.001796,0.026368,SeasonalNaive7,1.146766,61f3204f3df124dc,0.922517,1.25889,-0.267198,0.025843,0.0,0.016798,Stable,False,2026-08-27T18:24:04.422843+00:00
P01367,29.210448,43.975012,670,0.689552,31.2,44.715598,60,0.666667,0.045243,1.016841,0.016701,0.022886,Naive,1.0,c1be8940e9594236,1.0,1.0,0.0,0.025771,0.0,0.016751,Stable,False,2026-08-27T18:24:04.422843+00:00
P01022,25.8,6.345461,670,0.0,25.8,5.72476,60,0.0,0.0,0.902182,0.102939,0.0,SES,0.167327,e4cf3b31e1f27799,0.143941,0.17902,-0.195953,0.025735,0.0,0.016728,Stable,False,2026-08-27T18:24:04.422843+00:00
P01081,118.531343,162.340656,670,0.646269,121.066667,156.598576,60,0.616667,0.015617,0.964629,0.036011,0.029602,Naive,1.167678,ede34b26ee0f720e,1.0,1.251517,-0.20097,0.025138,0.0,0.01634,Stable,False,2026-08-27T18:24:04.422843+00:00
P00976,24.650746,6.049407,670,0.0,24.7,5.524368,60,0.0,0.008142,0.913208,0.090791,0.0,SES,0.179706,019575c0fe13bc8c,0.146831,0.196143,-0.25141,0.024937,0.0,0.016209,Stable,False,2026-08-27T18:24:04.422843+00:00
P00203,5.816418,1.341763,670,0.0,5.816667,1.478566,60,0.0,0.000185,1.101958,0.097088,0.0,SeasonalNaive7,0.160879,d1ea7ee50f798a5c,0.063291,0.209672,-0.698143,0.024323,0.0,0.01581,Stable,False,2026-08-27T18:24:04.422843+00:00
P00527,9.473134,2.270568,670,0.0,9.55,2.142587,60,0.0,0.033853,0.943635,0.058016,0.0,RollingMean28,0.185451,ec9b7ae42d5aac37,0.166327,0.195014,-0.147104,0.023814,0.0,0.015479,Stable,False,2026-08-27T18:24:04.422843+00:00
P00332,23.225373,30.852437,670,0.632836,22.75,29.32554,60,0.616667,0.015408,0.95051,0.050757,0.016169,Naive,1.248771,adf06e1d329b5d0c,1.0,1.373156,-0.271751,0.023394,0.0,0.015206,Stable,False,2026-08-27T18:24:04.422843+00:00
P01254,7.879104,2.086044,670,0.0,7.85,2.253622,60,0.0,0.013952,1.080333,0.077269,0.0,Naive,0.192936,1808bd33cd0d4d23,0.141463,0.218672,-0.353078,0.023154,0.0,0.01505,Stable,False,2026-08-27T18:24:04.422843+00:00
P00353,22.78209,30.547475,670,0.637313,21.483333,29.810982,60,0.65,0.042516,0.97589,0.024405,0.012687,SeasonalNaive7,1.083525,c776e0a0538f3635,0.803877,1.223348,-0.342888,0.022868,0.0,0.014864,Stable,False,2026-08-27T18:24:04.422843+00:00
P00893,144.18806,17.911437,670,0.0,145.3,17.550219,60,0.0,0.06208,0.979833,0.020373,0.0,HoltWinters7,0.085245,2940514d3743a967,0.055085,0.100325,-0.450931,0.022165,0.0,0.014407,Stable,False,2026-08-27T18:24:04.422843+00:00
P00421,45.808955,60.012773,670,0.625373,45.8,59.285234,60,0.616667,0.000149,0.987877,0.012197,0.008706,RollingMean28,1.257014,af362a5eb92543b3,1.280725,1.245159,0.028563,0.006573,0.028563,0.014269,Stable,False,2026-08-27T18:24:04.422843+00:00
P01177,79.374627,107.165846,670,0.640299,80.75,103.735751,60,0.616667,0.012834,0.967993,0.032531,0.023632,Naive,1.0,20ec50ccc812f078,1.0,1.0,0.0,0.021115,0.0,0.013725,Stable,False,2026-08-27T18:24:04.422843+00:00
P00763,27.038806,6.239729,670,0.0,27.15,6.653214,60,0.0,0.01782,1.066266,0.064163,0.0,HoltWinters7,0.135262,53b71d8681621644,0.063617,0.171085,-0.628154,0.020941,0.0,0.013612,Stable,False,2026-08-27T18:24:04.422843+00:00
P01458,74.886567,97.897657,670,0.625373,71.466667,95.381743,60,0.633333,0.034933,0.974301,0.026035,0.00796,SeasonalNaive7,1.148781,e94b5cda76e518d2,1.032772,1.206786,-0.144197,0.0193,0.0,0.012545,Stable,False,2026-08-27T18:24:04.422843+00:00
P00326,15.1,20.695468,670,0.647761,14.416667,19.955282,60,0.65,0.033019,0.964234,0.036421,0.002239,Naive,1.0,ec68e2391ad15c26,1.0,1.0,0.0,0.019081,0.0,0.012403,Stable,False,2026-08-27T18:24:04.422843+00:00
P00799,29.610448,42.94261,670,0.673134,31.066667,42.961104,60,0.65,0.033911,1.000431,0.000431,0.023134,Naive,1.247703,f4ec1e3fe87a220f,1.0,1.371555,-0.2709,0.018687,0.0,0.012146,Stable,False,2026-08-27T18:24:04.422843+00:00
P00895,13.176119,18.549784,670,0.659701,12.833333,17.843165,60,0.65,0.018479,0.961907,0.038838,0.009701,RollingMean28,1.420974,66c6dd6de6dcfb78,1.372972,1.444975,-0.04983,0.018672,0.0,0.012137,Stable,False,2026-08-27T18:24:04.422843+00:00
P00608,23.432836,5.966834,670,0.0,23.25,6.204495,60,0.0,0.030642,1.03983,0.039058,0.0,SES,0.190303,b86a2e027dc96445,0.179448,0.195731,-0.083193,0.018191,0.0,0.011824,Stable,False,2026-08-27T18:24:04.422843+00:00
P01219,18.746269,24.808229,670,0.631343,17.966667,23.957566,60,0.633333,0.031425,0.96571,0.034891,0.00199,Naive,1.0,832ac9e5391cc852,1.0,1.0,0.0,0.018161,0.0,0.011804,Stable,False,2026-08-27T18:24:04.422843+00:00
P00071,68.134328,93.872205,670,0.650746,65.333333,94.106083,60,0.666667,0.029838,1.002491,0.002488,0.01592,Naive,1.0,bb0a0ca5e56a8386,1.0,1.0,0.0,0.015196,0.0,0.009877,Stable,False,2026-08-27T18:24:04.422843+00:00
P00305,117.097015,161.863183,670,0.650746,112.316667,162.001725,60,0.666667,0.029533,1.000856,0.000856,0.01592,Naive,1.0,1a2869c8cc4c7154,1.0,1.0,0.0,0.014704,0.0,0.009557,Stable,False,2026-08-27T18:24:04.422843+00:00
P01078,111.270149,148.464226,670,0.635821,107.966667,144.083423,60,0.633333,0.022251,0.970493,0.029952,0.002488,RollingMean28,1.326934,c8ae1d1f7749f15e,1.037097,1.471853,-0.29538,0.014602,0.0,0.009491,Stable,False,2026-08-27T18:24:04.422843+00:00
P01387,146.30597,203.134217,670,0.653731,146.466667,210.605219,60,0.666667,0.000791,1.036779,0.036118,0.012935,Naive,1.0,8a30e407126aaf7e,1.0,1.0,0.0,0.014421,0.0,0.009374,Stable,False,2026-08-27T18:24:04.422843+00:00
P00039,161.938806,229.555821,670,0.662687,167.583333,231.764294,60,0.65,0.024589,1.009621,0.009575,0.012687,Naive,1.17037,6266524bd00d5054,1.0,1.255556,-0.20354,0.01423,0.0,0.00925,Stable,False,2026-08-27T18:24:04.422843+00:00
P00010,82.759701,123.082727,670,0.683582,85.9,123.058302,60,0.666667,0.025514,0.999802,0.000198,0.016915,Croston,1.253496,1dc4900fd90b9a20,1.244645,1.257921,-0.010555,0.013832,0.0,0.008991,Stable,False,2026-08-27T18:24:04.422843+00:00
P01802,68.837313,104.123513,670,0.691045,71.066667,106.075104,60,0.683333,0.021411,1.018743,0.01857,0.007711,Naive,1.0,b27963461895de7d,1.0,1.0,0.0,0.013615,0.0,0.00885,Stable,False,2026-08-27T18:24:04.422843+00:00
P01038,71.853731,99.623249,670,0.652239,70.1,100.80535,60,0.666667,0.017604,1.011866,0.011796,0.014428,Croston,1.30327,5a0b6b199c713d8f,1.247819,1.330996,-0.062493,0.013561,0.0,0.008815,Stable,False,2026-08-27T18:24:04.422843+00:00
P01156,56.204478,79.891958,670,0.664179,55.833333,77.910676,60,0.65,0.004646,0.9752,0.025112,0.014179,RollingMean28,2.104035,dd0e89698052e102,1.333491,2.489307,-0.464312,0.013227,0.0,0.008598,Stable,False,2026-08-27T18:24:04.422843+00:00
P01199,31.444776,44.395785,670,0.661194,30.383333,43.657407,60,0.666667,0.023909,0.983368,0.016772,0.005473,Naive,1.0,60b416f20949bee8,1.0,1.0,0.0,0.012957,0.0,0.008422,Stable,False,2026-08-27T18:24:04.422843+00:00
P00973,81.480597,110.73144,670,0.643284,83.566667,112.319062,60,0.633333,0.018839,1.014338,0.014236,0.00995,Naive,1.0,df9eafe2d620e19f,1.0,1.0,0.0,0.01272,0.0,0.008268,Stable,False,2026-08-27T18:24:04.422843+00:00
P01007,35.307463,52.325797,670,0.68209,36.316667,52.172625,60,0.666667,0.019287,0.997073,0.002932,0.015423,Naive,1.0,ea23565696986a5b,1.0,1.0,0.0,0.012206,0.0,0.007934,Stable,False,2026-08-27T18:24:04.422843+00:00
P00266,40.825373,57.837132,670,0.661194,40.633333,56.721731,60,0.65,0.00332,0.980715,0.019474,0.011194,RollingMean28,1.316143,35c0646e4af1357e,1.161562,1.393433,-0.166403,0.010259,0.0,0.006668,Stable,False,2026-08-27T18:24:04.422843+00:00
P01271,18.78209,26.67689,670,0.664179,18.866667,26.29137,60,0.65,0.00317,0.985549,0.014557,0.014179,Naive,1.0,e3448b027fd51490,1.0,1.0,0.0,0.010183,0.0,0.006619,Stable,False,2026-08-27T18:24:04.422843+00:00
P00775,91.88806,124.103847,670,0.640299,91.466667,126.546898,60,0.65,0.003395,1.019686,0.019494,0.009701,Naive,1.0,cd3eb68d79feea4b,1.0,1.0,0.0,0.009688,0.0,0.006297,Stable,False,2026-08-27T18:24:04.422843+00:00
P01795,13.810448,3.707732,670,0.0,13.85,3.754432,60,0.0,0.010668,1.012595,0.012517,0.0,SES,0.221616,60072e44a5c70383,0.156589,0.25413,-0.383822,0.006063,0.0,0.003941,Stable,False,2026-08-27T18:24:04.422843+00:00
P00505,34.652239,51.455903,670,0.683582,34.366667,51.647097,60,0.683333,0.00555,1.003716,0.003709,0.000249,Naive,1.157044,b7c66b1d8fa28001,1.0,1.235566,-0.190654,0.002553,0.0,0.001659,Stable,False,2026-08-27T18:24:04.422843+00:00
