product_id,model_version,demand_class,selected_model,simulations,optimized_reorder_point,mean_simulated_lead_time,mean_lead_time_demand,p50_lead_time_demand,p90_lead_time_demand,p95_lead_time_demand,p99_lead_time_demand,stockout_probability,expected_shortage_units,shortage_units_p95,policy_robustness,simulated_at_utc
P01404,8ed197e0eeec9530,Intermittent,Naive,5000,5142.0,18.4416,10691.928684,10630.335676,14240.25941,15033.0978,16302.858746,0.9962,5551.279621,9891.0978,Fragile,2026-08-28T10:58:41.807024+00:00
P01338,1146253ae9c09d22,Intermittent,Naive,5000,1755.0,18.4508,3575.353099,3560.217718,4738.786567,4989.948727,5403.610243,0.996,1820.74531,3234.948727,Fragile,2026-08-28T10:58:41.807024+00:00
P01057,39ad7a666637bd5c,Intermittent,Naive,5000,2024.0,18.5176,4150.404901,4122.485055,5532.968461,5872.708234,6336.011195,0.9952,2127.262591,3848.708234,Fragile,2026-08-28T10:58:41.807024+00:00
P00039,6266524bd00d5054,Intermittent,Naive,5000,5199.0,18.5362,9820.709865,9762.791823,13141.834035,13948.201529,15259.47553,0.9872,4627.434913,8749.201529,Fragile,2026-08-28T10:58:41.807024+00:00
P00400,d8b993c67a4b6c56,Intermittent,Naive,5000,655.0,18.459,1219.335163,1210.655481,1630.583412,1743.654374,1903.913305,0.9828,565.420271,1088.654374,Fragile,2026-08-28T10:58:41.807024+00:00
P01007,ea23565696986a5b,Intermittent,Naive,5000,1150.0,18.4998,2139.048376,2123.379731,2864.214621,3039.812791,3319.56247,0.9816,991.265208,1889.812791,Fragile,2026-08-28T10:58:41.807024+00:00
P00087,e414c820796d5812,Intermittent,Naive,5000,787.0,18.4324,1305.6957,1291.612599,1754.140803,1856.277206,2002.463961,0.959,521.931865,1069.277206,Fragile,2026-08-28T10:58:41.807024+00:00
P00882,6791d812df24a02a,Intermittent,Naive,5000,905.0,18.518,1500.845878,1496.158756,2003.969321,2108.453475,2333.81324,0.9516,600.055251,1203.453475,Fragile,2026-08-28T10:58:41.807024+00:00
P00218,0394eb781d2dfbdf,Intermittent,Naive,5000,2479.0,18.5298,4106.270226,4080.052865,5590.149273,5939.157558,6444.572592,0.9436,1642.235711,3460.157558,Fragile,2026-08-28T10:58:41.807024+00:00
P01943,94ec1be396d45e6a,Intermittent,Naive,5000,5108.0,18.4056,8263.679246,8152.945226,11212.173844,11805.028822,12935.660515,0.941,3189.116107,6697.028822,Fragile,2026-08-28T10:58:41.807024+00:00
P01991,4f1203a5f281a3f8,Intermittent,Naive,5000,406.0,18.4186,644.038755,637.24297,871.894643,928.336496,1031.882329,0.9278,241.975111,522.336496,Fragile,2026-08-28T10:58:41.807024+00:00
P00759,a1b4607d93eec97c,Volatile,Naive,5000,2766.0,15.0368,4014.045913,4023.846441,5194.19474,5336.974249,5552.246204,0.9194,1258.225664,2570.974249,Fragile,2026-08-28T10:58:41.807024+00:00
P01860,d19b10a0cd6f902e,Intermittent,Naive,5000,5306.0,18.5244,8114.621248,8046.829956,11050.721484,11838.469519,13168.771341,0.8974,2880.6805,6532.469519,Fragile,2026-08-28T10:58:41.807024+00:00
P01271,e3448b027fd51490,Intermittent,Naive,5000,602.0,18.5202,905.674391,894.490324,1233.400015,1313.134406,1445.560436,0.8922,312.505823,711.134406,Fragile,2026-08-28T10:58:41.807024+00:00
P01177,20ec50ccc812f078,Intermittent,Naive,5000,2504.0,18.4974,3709.367414,3657.169946,5033.595103,5347.399822,5933.920604,0.8864,1243.172689,2843.399822,Fragile,2026-08-28T10:58:41.807024+00:00
P01424,82130bbede903c53,Volatile,Naive,5000,424.0,15.0568,572.710846,574.314247,737.475404,762.983915,799.51841,0.8556,153.690081,338.983915,Fragile,2026-08-28T10:58:41.807024+00:00
P00648,26109c17bb7c0dd3,Intermittent,Naive,5000,5408.0,18.5012,7576.29894,7492.72648,10228.984852,10992.442503,12171.513656,0.848,2282.586794,5584.442503,Fragile,2026-08-28T10:58:41.807024+00:00
P01862,329c8db9ffd3ae87,Intermittent,Naive,5000,1396.0,18.4058,1786.341407,1756.529474,2479.961629,2661.276562,3028.886118,0.7628,451.607541,1265.276562,Fragile,2026-08-28T10:58:41.807024+00:00
P00857,6b43d090b3a8402e,Volatile,Naive,5000,62.0,14.9294,74.673705,74.312559,97.045608,100.780949,106.366169,0.7254,14.734724,38.780949,Fragile,2026-08-28T10:58:41.807024+00:00
P00676,d48ad13a84ffd466,Trending,Naive,5000,438.0,8.5534,487.919555,490.998027,666.89452,692.492658,718.15674,0.6172,84.994701,254.492658,Fragile,2026-08-28T10:58:41.807024+00:00
P00365,26331e6d38024bf7,Trending,HoltWinters7,5000,282.0,8.5478,309.194208,309.607764,425.307862,438.578271,454.798815,0.5968,51.031124,156.578271,Fragile,2026-08-28T10:58:41.807024+00:00
P00489,e259c2d88953e549,Trending,HoltWinters7,5000,720.0,8.5298,762.303639,765.833913,1044.567161,1085.20442,1132.22758,0.566,112.5805,365.20442,Fragile,2026-08-28T10:58:41.807024+00:00
P00035,5c0dbbd00cb944b4,Volatile,Naive,5000,2695.0,14.9354,2836.316937,2819.766286,3672.445145,3807.288599,3989.519617,0.564,338.915473,1112.288599,Fragile,2026-08-28T10:58:41.807024+00:00
P01368,95f78bd3f1224b97,Trending,Naive,5000,1977.0,8.5484,2086.023952,2102.753803,2855.178241,2956.737689,3086.757429,0.5588,302.641987,979.737689,Fragile,2026-08-28T10:58:41.807024+00:00
P00689,4480dfcda7dbb630,Trending,HoltWinters7,5000,4388.0,8.491,4630.630939,4641.826119,6387.358217,6581.715243,6778.693694,0.5536,666.037461,2193.715243,Fragile,2026-08-28T10:58:41.807024+00:00
P00413,8a16574cd6a2c676,Trending,HoltWinters7,5000,852.0,8.5134,897.497957,893.989855,1233.991893,1278.964606,1336.880153,0.553,129.527901,426.964606,Fragile,2026-08-28T10:58:41.807024+00:00
P01121,1bf308efc6c1d1b8,Trending,HoltWinters7,5000,364.0,8.4894,382.374789,379.618192,525.967915,544.201761,565.07223,0.55,54.296558,180.201761,Fragile,2026-08-28T10:58:41.807024+00:00
P01025,a35e2065daec2032,Trending,HoltWinters7,5000,3062.0,8.4744,3218.739258,3206.252977,4440.716241,4601.821564,4781.039609,0.5472,463.154754,1539.821564,Fragile,2026-08-28T10:58:41.807024+00:00
P01699,79bdc74577973e84,Trending,HoltWinters7,5000,1876.0,8.5168,1958.615465,1964.102088,2694.82454,2789.317206,2897.08306,0.5452,272.905165,913.317206,Fragile,2026-08-28T10:58:41.807024+00:00
P01903,81c793dd7e7b4245,Trending,HoltWinters7,5000,5421.0,8.5414,5683.726962,5739.625064,7853.602134,8048.652272,8260.147628,0.543,811.915912,2627.652272,Fragile,2026-08-28T10:58:41.807024+00:00
P00837,02a37cc83f246eff,Trending,HoltWinters7,5000,1256.0,8.439,1316.91954,1303.881541,1817.44952,1888.325154,1983.695871,0.5422,189.541239,632.325154,Fragile,2026-08-28T10:58:41.807024+00:00
P01016,22f50af000500887,Trending,HoltWinters7,5000,2043.0,8.6096,2100.021333,2125.962765,2857.204544,2959.56519,3079.012106,0.5374,273.87325,916.56519,Fragile,2026-08-28T10:58:41.807024+00:00
P01137,932dfb5f322e608a,Trending,HoltWinters7,5000,2666.0,8.5204,2761.674708,2770.52965,3808.958181,3935.728434,4081.01616,0.537,380.579758,1269.728434,Fragile,2026-08-28T10:58:41.807024+00:00
P00500,72239d27a771f615,Trending,HoltWinters7,5000,1734.0,8.467,1808.211737,1799.589525,2500.683328,2586.114091,2685.105486,0.537,254.048223,852.114091,Fragile,2026-08-28T10:58:41.807024+00:00
P00274,01a2e846cbe89010,Trending,HoltWinters7,5000,2575.0,8.4558,2677.091716,2661.432084,3697.274469,3830.324805,4004.443635,0.536,372.188759,1255.324805,Fragile,2026-08-28T10:58:41.807024+00:00
P01129,77d81a149b9b424c,Volatile,Naive,5000,308.0,14.994,314.477317,315.290172,406.665112,420.034776,438.831533,0.5336,32.605847,112.034776,Fragile,2026-08-28T10:58:41.807024+00:00
P01554,8039378c3b21fa46,Trending,HoltWinters7,5000,1231.0,8.484,1279.176851,1271.897803,1763.783202,1827.579548,1914.625432,0.532,176.417069,596.579548,Fragile,2026-08-28T10:58:41.807024+00:00
P00241,57621c83356077f8,Trending,HoltWinters7,5000,2936.0,8.4734,3046.219158,3022.06301,4203.265004,4350.826032,4509.386707,0.5304,416.82935,1414.826032,Fragile,2026-08-28T10:58:41.807024+00:00
P00409,eb3c17625315a193,Trending,HoltWinters7,5000,2279.0,8.5134,2344.35416,2344.488636,3222.621824,3331.815546,3457.01144,0.5252,308.193176,1052.815546,Fragile,2026-08-28T10:58:41.807024+00:00
P00708,4d96acb539fed528,Trending,HoltWinters7,5000,165.0,8.5248,169.042116,170.305444,231.894347,239.625521,249.567515,0.5244,22.03544,74.625521,Fragile,2026-08-28T10:58:41.807024+00:00
P01441,b91a2be3d091d3a3,Trending,HoltWinters7,5000,2404.0,8.496,2462.625838,2463.783763,3395.73611,3515.345734,3657.684881,0.5232,321.086232,1111.345734,Fragile,2026-08-28T10:58:41.807024+00:00
P00906,e79008c971af3927,Trending,HoltWinters7,5000,718.0,8.515,733.923468,736.236179,1007.674715,1045.581637,1083.551581,0.5228,94.304421,327.581637,Fragile,2026-08-28T10:58:41.807024+00:00
P00479,12f8bc12d1b64e57,Trending,HoltWinters7,5000,467.0,8.516,479.15941,480.937,661.14871,682.48483,703.340185,0.5216,62.850405,215.48483,Fragile,2026-08-28T10:58:41.807024+00:00
P00309,f0f2dbf3eab1ad11,Trending,HoltWinters7,5000,2077.0,8.5486,2126.818391,2161.53151,2928.014497,3000.057233,3076.737523,0.521,269.820543,923.057233,Fragile,2026-08-28T10:58:41.807024+00:00
P01488,9bd2c2caef27b4a5,Trending,HoltWinters7,5000,974.0,8.5424,999.619069,1002.810483,1373.957593,1410.712134,1454.403042,0.5208,130.046887,436.712134,Fragile,2026-08-28T10:58:41.807024+00:00
P01870,2bfd085b354557aa,Trending,HoltWinters7,5000,3082.0,8.5632,3120.809353,3172.517435,4295.516465,4412.932829,4531.681851,0.518,389.757615,1330.932829,Fragile,2026-08-28T10:58:41.807024+00:00
P01979,e1cef7b2030bbca0,Trending,HoltWinters7,5000,3329.0,8.4868,3401.465405,3388.196199,4685.653665,4850.258607,5052.243487,0.5168,437.304064,1521.258607,Fragile,2026-08-28T10:58:41.807024+00:00
P00447,7d4b31129afa892a,Trending,HoltWinters7,5000,1886.0,8.4636,1924.275568,1914.277957,2638.892287,2754.007826,2860.222284,0.5162,244.811547,868.007826,Fragile,2026-08-28T10:58:41.807024+00:00
P01125,2e5deb52de031e3c,Trending,HoltWinters7,5000,3289.0,8.4818,3345.868866,3350.211205,4611.938457,4759.421897,4903.1076,0.514,420.441222,1470.421897,Fragile,2026-08-28T10:58:41.807024+00:00
P01027,bf14ec42db357f0a,Trending,HoltWinters7,5000,3478.0,8.5312,3510.488964,3523.026318,4819.932427,4983.18355,5194.224773,0.51,436.287694,1505.18355,Fragile,2026-08-28T10:58:41.807024+00:00
P01874,879c5ec4cf5f409c,Trending,HoltWinters7,5000,790.0,8.5358,797.03122,799.968097,1092.919595,1132.642479,1172.44234,0.51,96.252722,342.642479,Fragile,2026-08-28T10:58:41.807024+00:00
P00271,329605cc10b5a8a7,Trending,HoltWinters7,5000,589.0,8.4952,600.737091,595.583978,832.035081,861.352194,895.760204,0.5078,77.572353,272.352194,Fragile,2026-08-28T10:58:41.807024+00:00
P00743,580bf9db433eeda2,Trending,HoltWinters7,5000,6596.0,8.5554,6624.037022,6676.603126,9129.743904,9338.423152,9605.122844,0.507,792.121036,2742.423152,Fragile,2026-08-28T10:58:41.807024+00:00
P00155,7d131d5884537695,Trending,HoltWinters7,5000,2636.0,8.5564,2643.856958,2652.04917,3621.981466,3753.560521,3909.746524,0.507,316.760958,1117.560521,Fragile,2026-08-28T10:58:41.807024+00:00
P00720,1040fa6019ff4ff8,Trending,HoltWinters7,5000,5611.0,8.4878,5639.025856,5708.178228,7793.184023,8027.297948,8258.014034,0.506,683.092469,2416.297948,Fragile,2026-08-28T10:58:41.807024+00:00
P01675,340a2d046d931d7a,Trending,HoltWinters7,5000,2294.0,8.4704,2342.448481,2306.858557,3259.930812,3338.94064,3419.554895,0.505,301.737465,1044.94064,Fragile,2026-08-28T10:58:41.807024+00:00
P01665,1076b62796e951ee,Trending,HoltWinters7,5000,1063.0,8.4726,1064.691545,1066.518635,1469.243054,1519.843103,1586.517193,0.5042,126.907907,456.843103,Fragile,2026-08-28T10:58:41.807024+00:00
P01896,e625ba0fb8ee0a06,Trending,HoltWinters7,5000,5145.0,8.5224,5142.592966,5191.493652,7094.106183,7307.223662,7514.865017,0.504,599.941758,2162.223662,Fragile,2026-08-28T10:58:41.807024+00:00
P00420,d2ffd437491aa753,Trending,HoltWinters7,5000,4460.0,8.5218,4508.906241,4514.758368,6256.71452,6398.027808,6552.693153,0.504,559.056696,1938.027808,Fragile,2026-08-28T10:58:41.807024+00:00
P01786,d4e8f14f8082305b,Trending,HoltWinters7,5000,1819.0,8.5634,1829.57315,1827.398086,2507.57779,2594.49434,2694.167087,0.504,217.468716,775.49434,Fragile,2026-08-28T10:58:41.807024+00:00
P00779,8e871ee04b01f65d,Trending,HoltWinters7,5000,3898.0,8.537,3948.9625,3930.354757,5449.530325,5582.402632,5736.806478,0.5034,488.19887,1684.402632,Fragile,2026-08-28T10:58:41.807024+00:00
P01329,717a0c08ad99f4ed,Trending,HoltWinters7,5000,2863.0,8.5064,2893.962515,2891.062591,4010.109309,4100.845605,4201.726031,0.503,359.455302,1237.845605,Fragile,2026-08-28T10:58:41.807024+00:00
P00138,7c4e5414a656b44e,Trending,HoltWinters7,5000,2587.0,8.555,2575.964136,2602.095045,3529.271214,3632.928313,3738.285192,0.5028,295.487258,1045.928313,Fragile,2026-08-28T10:58:41.807024+00:00
P01420,16098d2da553feac,Trending,HoltWinters7,5000,1162.0,8.5288,1151.780157,1165.754571,1573.947427,1630.525105,1706.693161,0.5026,129.330879,468.525105,Fragile,2026-08-28T10:58:41.807024+00:00
P00807,95361a284d28911a,Trending,HoltWinters7,5000,508.0,8.5062,509.519094,509.859419,703.013624,724.053795,750.534135,0.5026,60.972509,216.053795,Fragile,2026-08-28T10:58:41.807024+00:00
P00077,e0b63b2d40d3fc4b,Trending,HoltWinters7,5000,2211.0,8.4906,2230.852147,2217.147922,3086.692066,3169.683151,3253.77263,0.502,272.340144,958.683151,Fragile,2026-08-28T10:58:41.807024+00:00
P01383,c483e7448deb2186,Trending,HoltWinters7,5000,1822.0,8.5224,1830.073851,1824.404437,2523.165271,2609.702407,2718.189893,0.5012,222.380852,787.702407,Fragile,2026-08-28T10:58:41.807024+00:00
P01450,c279fff4e1d73f63,Trending,HoltWinters7,5000,866.0,8.5226,874.306538,867.773023,1212.82072,1240.978197,1271.293851,0.5006,107.596895,374.978197,Fragile,2026-08-28T10:58:41.807024+00:00
P01006,4d57924f08de7747,Trending,HoltWinters7,5000,4236.0,8.492,4251.186605,4238.941794,5885.708443,6050.023404,6205.79981,0.5,508.097058,1814.023404,Fragile,2026-08-28T10:58:41.807024+00:00
P01239,d241d3eab0b5f394,Trending,HoltWinters7,5000,1972.0,8.483,1984.439012,1971.900431,2744.432295,2839.732062,2962.327323,0.5,242.332309,867.732062,Fragile,2026-08-28T10:58:41.807024+00:00
P00924,aedcc055907fe8c3,Trending,HoltWinters7,5000,2833.0,8.5404,2781.388656,2826.308275,3850.883429,3935.169967,4022.673747,0.4994,301.847462,1102.169967,Fragile,2026-08-28T10:58:41.807024+00:00
P00127,1bd2ebf882407a0d,Trending,HoltWinters7,5000,2210.0,8.4978,2218.071591,2209.235437,3070.509009,3178.41669,3307.200033,0.4994,268.633205,968.41669,Fragile,2026-08-28T10:58:41.807024+00:00
P00482,3d26bb54ede29077,Trending,HoltWinters7,5000,3113.0,8.5038,3110.698355,3109.723464,4307.356878,4416.041072,4523.286039,0.4992,366.516153,1303.041072,Fragile,2026-08-28T10:58:41.807024+00:00
P01243,1b586d0eb15a06f7,Trending,HoltWinters7,5000,4421.0,8.5238,4432.254894,4406.422669,6101.049138,6281.946959,6475.222632,0.499,527.654822,1860.946959,Fragile,2026-08-28T10:58:41.807024+00:00
P01812,af45de266c3a7ceb,Trending,HoltWinters7,5000,3822.0,8.477,3843.769014,3807.386329,5336.622082,5484.399671,5627.847512,0.4986,465.556458,1662.399671,Fragile,2026-08-28T10:58:41.807024+00:00
P00826,b9aebf9f27b833b6,Trending,HoltWinters7,5000,2875.0,8.5274,2877.255011,2868.831936,3953.682563,4094.097731,4246.77358,0.498,339.65719,1219.097731,Fragile,2026-08-28T10:58:41.807024+00:00
P00399,df166558d4911eb2,Trending,HoltWinters7,5000,520.0,8.5228,511.716081,517.794902,702.825067,723.551587,746.352439,0.4976,55.266289,203.551587,Fragile,2026-08-28T10:58:41.807024+00:00
P00316,7fcee1b22e534a79,Trending,HoltWinters7,5000,4934.0,8.5294,4874.466574,4891.552584,6703.560937,6887.610135,7070.658955,0.4974,539.544284,1953.610135,Fragile,2026-08-28T10:58:41.807024+00:00
P01109,48d34e91dfd3f8d9,Trending,HoltWinters7,5000,4191.0,8.5018,4154.663935,4161.632262,5755.778568,5905.706266,6055.472353,0.4974,481.233764,1714.706266,Fragile,2026-08-28T10:58:41.807024+00:00
P00141,b6b04a8e253909b7,Trending,HoltWinters7,5000,922.0,8.5444,918.49443,918.061186,1263.962854,1300.669985,1350.660354,0.4974,107.111533,378.669985,Fragile,2026-08-28T10:58:41.807024+00:00
P01105,644224406f8d4a24,Trending,HoltWinters7,5000,1596.0,8.4816,1583.689491,1592.587122,2176.101197,2260.920499,2358.693766,0.4972,182.856629,664.920499,Fragile,2026-08-28T10:58:41.807024+00:00
P00518,979f13d0368d19a5,Trending,HoltWinters7,5000,1600.0,8.5122,1595.256646,1594.105438,2197.930859,2274.383146,2361.911557,0.4966,185.09632,674.383146,Fragile,2026-08-28T10:58:41.807024+00:00
P01743,486abc2000c8af17,Trending,HoltWinters7,5000,6440.0,8.4606,6428.165096,6395.695533,8881.149931,9179.312508,9462.821638,0.4958,745.47618,2739.312508,Fragile,2026-08-28T10:58:41.807024+00:00
P01197,6c1ae604ebf56a56,Trending,HoltWinters7,5000,2060.0,8.466,2062.079115,2051.092618,2845.666254,2948.546676,3058.040189,0.4954,246.155,888.546676,Fragile,2026-08-28T10:58:41.807024+00:00
P00338,66fb6ce2a49dd7be,Trending,HoltWinters7,5000,6634.0,8.5402,6534.15634,6569.538682,9018.356796,9245.105104,9518.552522,0.4952,722.826775,2611.105104,Fragile,2026-08-28T10:58:41.807024+00:00
P00649,0adb76f2c9882d3c,Trending,HoltWinters7,5000,5570.0,8.4614,5496.940445,5497.940827,7618.545171,7842.610404,8044.67509,0.495,617.402892,2272.610404,Fragile,2026-08-28T10:58:41.807024+00:00
P00808,8740e41cfb2c24bc,Trending,HoltWinters7,5000,1881.0,8.5374,1861.898076,1872.340104,2547.914563,2644.784932,2756.157955,0.495,209.373588,763.784932,Fragile,2026-08-28T10:58:41.807024+00:00
P01861,1f235eab888dc737,Trending,HoltWinters7,5000,472.0,8.477,469.233211,466.94153,651.362414,668.246441,686.793098,0.4944,53.727163,196.246441,Fragile,2026-08-28T10:58:41.807024+00:00
P01545,a232ea291fe9c4e5,Trending,HoltWinters7,5000,2665.0,8.462,2670.793735,2646.656226,3685.779072,3821.308682,3963.736941,0.4942,321.886085,1156.308682,Fragile,2026-08-28T10:58:41.807024+00:00
P01912,1d3bce6f83e98dfd,Trending,HoltWinters7,5000,500.0,8.4688,498.97533,497.130886,686.911658,713.385406,744.237143,0.494,58.280909,213.385406,Fragile,2026-08-28T10:58:41.807024+00:00
P01772,c688cbfaf9e94d5c,Trending,HoltWinters7,5000,5620.0,8.5282,5565.843202,5563.864813,7730.196756,7917.035273,8122.208263,0.4938,641.878936,2297.035273,Fragile,2026-08-28T10:58:41.807024+00:00
P01440,8c19faa246efac1a,Trending,HoltWinters7,5000,3742.0,8.5002,3701.636158,3707.37727,5139.272232,5265.973123,5403.909588,0.4938,423.855104,1523.973123,Fragile,2026-08-28T10:58:41.807024+00:00
P01585,052d7ba880aac8ca,Trending,HoltWinters7,5000,897.0,8.4828,893.708052,891.893272,1233.17842,1279.492129,1329.269022,0.4934,103.501694,382.492129,Fragile,2026-08-28T10:58:41.807024+00:00
P00541,0831dbb8d06c0ed8,Trending,HoltWinters7,5000,2392.0,8.512,2375.276596,2375.962745,3262.543291,3378.326811,3517.645166,0.4926,268.579661,986.326811,Fragile,2026-08-28T10:58:41.807024+00:00
P01147,7980fc42860e58dd,Trending,HoltWinters7,5000,4053.0,8.4692,4032.049709,3998.015561,5601.734031,5751.493451,5919.06626,0.4924,472.376626,1698.493451,Fragile,2026-08-28T10:58:41.807024+00:00
P00852,e57069236e25fb4f,Trending,HoltWinters7,5000,5397.0,8.4866,5390.320665,5328.114749,7456.793962,7683.543295,7912.454126,0.492,630.541692,2286.543295,Fragile,2026-08-28T10:58:41.807024+00:00
P00877,1691ad2031252112,Trending,HoltWinters7,5000,4612.0,8.501,4557.852164,4510.288886,6315.810799,6478.411522,6640.648712,0.4918,509.604578,1866.411522,Fragile,2026-08-28T10:58:41.807024+00:00
P00212,fdc48c2574bf7c17,Trending,HoltWinters7,5000,1918.0,8.4492,1896.511056,1886.762078,2630.969552,2708.39217,2783.058185,0.4918,216.329938,790.39217,Fragile,2026-08-28T10:58:41.807024+00:00
P00654,5eb8b1ddbcb40fbe,Trending,HoltWinters7,5000,1647.0,8.55,1616.216846,1626.623075,2231.231255,2288.019639,2354.422782,0.4914,172.681079,641.019639,Fragile,2026-08-28T10:58:41.807024+00:00
P01832,5d4567a788beb975,Trending,HoltWinters7,5000,1885.0,8.5436,1855.703276,1867.744562,2548.929194,2623.62282,2703.811939,0.4912,202.609573,738.62282,Fragile,2026-08-28T10:58:41.807024+00:00
P00105,c43bd06293baab47,Trending,HoltWinters7,5000,3436.0,8.5072,3382.306321,3394.775245,4651.464066,4821.44537,5009.509909,0.491,377.878213,1385.44537,Fragile,2026-08-28T10:58:41.807024+00:00
P01206,9107c80244f5961e,Trending,HoltWinters7,5000,3901.0,8.468,3860.395404,3793.348848,5391.371613,5505.140087,5639.900785,0.4908,436.673813,1604.140087,Fragile,2026-08-28T10:58:41.807024+00:00
P00063,89ff6c289328924d,Trending,HoltWinters7,5000,2701.0,8.5156,2672.279421,2681.081387,3663.611768,3808.545996,3965.185983,0.4908,302.087865,1107.545996,Fragile,2026-08-28T10:58:41.807024+00:00
P01245,dff6160a8adf4df4,Trending,HoltWinters7,5000,1659.0,8.506,1620.220863,1634.774733,2237.340565,2294.865515,2359.094928,0.4908,169.977014,635.865515,Fragile,2026-08-28T10:58:41.807024+00:00
P00592,89589e56a3d0b95b,Trending,HoltWinters7,5000,2054.0,8.5136,2003.703778,2029.736362,2754.876247,2833.392829,2914.690877,0.4904,207.159534,779.392829,Fragile,2026-08-28T10:58:41.807024+00:00
P00051,fc6c7d62ab488126,Trending,HoltWinters7,5000,1125.0,8.4956,1120.88039,1116.772454,1542.083992,1602.029061,1662.963054,0.4904,129.887095,477.029061,Fragile,2026-08-28T10:58:41.807024+00:00
P00052,fe9b38012dece4f6,Trending,HoltWinters7,5000,1604.0,8.509,1577.937161,1571.103522,2178.178345,2233.570026,2294.625781,0.4902,171.399125,629.570026,Fragile,2026-08-28T10:58:41.807024+00:00
P01080,0a3c57e02b700296,Trending,HoltWinters7,5000,245.0,8.5348,243.012598,242.738492,333.987996,344.988587,361.681613,0.4902,27.437263,99.988587,Fragile,2026-08-28T10:58:41.807024+00:00
P00183,e4b92cfcd3664ed0,Trending,HoltWinters7,5000,3516.0,8.4934,3503.522516,3482.666672,4819.506031,4994.959921,5202.777455,0.49,407.534876,1478.959921,Fragile,2026-08-28T10:58:41.807024+00:00
P00436,3803b8d048450f04,Trending,HoltWinters7,5000,619.0,8.4966,608.292186,610.487429,839.460794,864.274541,890.142177,0.4898,66.725368,245.274541,Fragile,2026-08-28T10:58:41.807024+00:00
P01385,f496e89f8feae200,Trending,HoltWinters7,5000,5580.0,8.471,5431.432234,5488.508395,7505.15731,7720.140416,7943.737805,0.489,565.779959,2140.140416,Fragile,2026-08-28T10:58:41.807024+00:00
P00991,fada2f87ad2a3cff,Trending,HoltWinters7,5000,4179.0,8.5094,4126.475254,4103.460388,5693.940099,5864.947511,6046.978481,0.489,460.05106,1685.947511,Fragile,2026-08-28T10:58:41.807024+00:00
P01757,c3bd72bf4a6a97aa,Trending,HoltWinters7,5000,2453.0,8.5364,2419.745393,2424.191912,3305.362786,3434.880639,3595.93894,0.4888,267.685317,981.880639,Fragile,2026-08-28T10:58:41.807024+00:00
P00394,da8ff81de73ceebd,Trending,HoltWinters7,5000,1632.0,8.4436,1601.871199,1596.893373,2210.722357,2286.551094,2361.166381,0.4884,172.949076,654.551094,Fragile,2026-08-28T10:58:41.807024+00:00
P00451,51603a910e501ce7,Trending,HoltWinters7,5000,1913.0,8.507,1871.836551,1882.381326,2582.611753,2659.526779,2734.853079,0.488,199.296336,746.526779,Fragile,2026-08-28T10:58:41.807024+00:00
P01464,47f19a09bdef8705,Trending,HoltWinters7,5000,2318.0,8.466,2297.502751,2253.403998,3179.911507,3273.417798,3372.559166,0.4872,255.899028,955.417798,Fragile,2026-08-28T10:58:41.807024+00:00
P00717,1e57f0561b843c2a,Trending,HoltWinters7,5000,1186.0,8.4332,1171.582218,1170.570875,1617.591935,1681.90605,1773.439959,0.487,131.844612,495.90605,Fragile,2026-08-28T10:58:41.807024+00:00
P01019,52c2b4b7d340bc2a,Trending,HoltWinters7,5000,3007.0,8.5006,2978.191575,2966.891088,4086.371045,4239.06264,4435.915186,0.4868,333.980242,1232.06264,Fragile,2026-08-28T10:58:41.807024+00:00
P01666,0a64a2f394ea89ab,Trending,HoltWinters7,5000,319.0,8.5112,315.482689,314.685575,434.458435,449.726041,472.174437,0.4868,35.428806,130.726041,Fragile,2026-08-28T10:58:41.807024+00:00
P00801,7d3b8d8c9183fec8,Trending,HoltWinters7,5000,4181.0,8.5244,4087.969028,4128.074351,5637.39672,5798.390625,5964.427442,0.4866,434.576678,1617.390625,Fragile,2026-08-28T10:58:41.807024+00:00
P00944,7dc1b64d7a31becc,Trending,HoltWinters7,5000,3412.0,8.5354,3369.425638,3365.741486,4602.599025,4774.808718,4991.439019,0.4866,374.128404,1362.808718,Fragile,2026-08-28T10:58:41.807024+00:00
P01215,589eafc8ddc8f810,Trending,HoltWinters7,5000,6164.0,8.4802,6056.96022,6033.835561,8376.308107,8626.82208,8849.39616,0.4862,663.294085,2462.82208,Fragile,2026-08-28T10:58:41.807024+00:00
P01917,ab07fd612b984ee2,Trending,HoltWinters7,5000,1920.0,8.437,1904.38897,1891.368794,2633.292872,2729.296516,2834.52201,0.4862,219.385879,809.296516,Fragile,2026-08-28T10:58:41.807024+00:00
P00414,90db98176f40d130,Trending,HoltWinters7,5000,1581.0,8.4752,1560.860601,1544.883738,2162.252977,2227.226164,2290.562066,0.486,175.934156,646.226164,Fragile,2026-08-28T10:58:41.807024+00:00
P01907,df5be3da0fb7e4ea,Trending,HoltWinters7,5000,2750.0,8.499,2714.417273,2711.946388,3730.694237,3873.917725,4023.880384,0.4858,303.24118,1123.917725,Fragile,2026-08-28T10:58:41.807024+00:00
P00197,7564436f25fd0e97,Trending,HoltWinters7,5000,1752.0,8.485,1714.296428,1707.995961,2376.700837,2439.355835,2511.454344,0.4848,185.835907,687.355835,Fragile,2026-08-28T10:58:41.807024+00:00
P01794,f259330d44b40913,Trending,HoltWinters7,5000,4121.0,8.49,4034.733098,4020.855471,5570.861602,5744.934398,5889.404115,0.4846,429.929038,1623.934398,Fragile,2026-08-28T10:58:41.807024+00:00
P01036,4f284b3f39ec0085,Trending,HoltWinters7,5000,4570.0,8.4586,4456.487505,4394.489205,6195.461313,6359.707355,6516.87983,0.484,473.965186,1789.707355,Fragile,2026-08-28T10:58:41.807024+00:00
P01730,0224a7446f9804ce,Trending,HoltWinters7,5000,2041.0,8.4742,1992.757466,1971.070618,2764.923911,2841.626192,2921.281339,0.4836,210.940317,800.626192,Fragile,2026-08-28T10:58:41.807024+00:00
P00374,c5cb85c521fcdef3,Trending,HoltWinters7,5000,1970.0,8.5332,1929.171707,1913.725745,2667.922048,2735.354848,2809.288215,0.4836,204.041629,765.354848,Fragile,2026-08-28T10:58:41.807024+00:00
P01055,aa2c61eab86c1702,Trending,HoltWinters7,5000,3164.0,8.5158,3097.356357,3104.140786,4237.470443,4397.065438,4599.510829,0.483,332.956263,1233.065438,Fragile,2026-08-28T10:58:41.807024+00:00
P01859,c603fb0a08108f5e,Trending,HoltWinters7,5000,946.0,8.545,926.272179,929.877699,1273.655726,1316.866542,1375.20005,0.483,100.11997,370.866542,Fragile,2026-08-28T10:58:41.807024+00:00
P00814,ce33f4d2dc212c30,Trending,HoltWinters7,5000,1502.0,8.5546,1462.516091,1473.673753,2005.537502,2074.965201,2146.42231,0.4824,151.360076,572.965201,Fragile,2026-08-28T10:58:41.807024+00:00
P00186,ed882bdf6494ea23,Trending,HoltWinters7,5000,4047.0,8.4388,4003.66271,3926.551663,5597.194563,5719.465876,5883.792651,0.4822,454.484492,1672.465876,Fragile,2026-08-28T10:58:41.807024+00:00
P00465,29b49018fa23c409,Trending,HoltWinters7,5000,3319.0,8.5396,3251.493823,3255.513436,4455.88847,4624.405406,4817.442721,0.4822,347.92594,1305.405406,Fragile,2026-08-28T10:58:41.807024+00:00
P00950,de5c2f03c96daeb5,Trending,HoltWinters7,5000,812.0,8.5026,793.555709,786.964745,1097.906637,1127.227738,1158.682208,0.482,85.403618,315.227738,Fragile,2026-08-28T10:58:41.807024+00:00
P01845,aa9d6d938992d901,Trending,HoltWinters7,5000,2388.0,8.4524,2359.314204,2339.099879,3255.096243,3375.043931,3515.427309,0.4816,261.837156,987.043931,Fragile,2026-08-28T10:58:41.807024+00:00
P01595,0bbb7c95a3a82749,Trending,HoltWinters7,5000,6169.0,8.5168,5985.602494,6023.93298,8264.530271,8504.556033,8747.017077,0.4812,621.124962,2335.556033,Fragile,2026-08-28T10:58:41.807024+00:00
P00231,fc189b10c57f2f2d,Trending,HoltWinters7,5000,4868.0,8.4672,4783.977358,4682.472632,6621.315079,6809.821441,7005.887424,0.4806,517.802322,1941.821441,Fragile,2026-08-28T10:58:41.807024+00:00
P01091,7178e3efb5d4443d,Trending,HoltWinters7,5000,273.0,8.4364,269.760415,267.092662,372.399378,386.910671,401.618761,0.4806,30.500963,113.910671,Fragile,2026-08-28T10:58:41.807024+00:00
P01782,28893cde15ba4ea5,Trending,HoltWinters7,5000,2943.0,8.5092,2889.317882,2879.38713,3976.256063,4110.231,4281.647741,0.4804,317.213896,1167.231,Fragile,2026-08-28T10:58:41.807024+00:00
P01634,df3a497d31682406,Trending,HoltWinters7,5000,2613.0,8.4332,2570.864477,2526.930194,3570.695887,3675.728474,3785.423009,0.4804,283.805413,1062.728474,Fragile,2026-08-28T10:58:41.807024+00:00
P00404,9a91e2d26bcffac2,Trending,HoltWinters7,5000,1327.0,8.5366,1292.296069,1291.719759,1778.981557,1832.643433,1898.768787,0.4804,134.837363,505.643433,Fragile,2026-08-28T10:58:41.807024+00:00
P01179,c462237d57bb5e2d,Trending,HoltWinters7,5000,5287.0,8.4782,5196.061397,5104.252488,7211.645071,7414.238414,7605.062449,0.48,565.294627,2127.238414,Fragile,2026-08-28T10:58:41.807024+00:00
P00985,7ec65d41a7b793db,Trending,HoltWinters7,5000,1091.0,8.4788,1064.425297,1050.425173,1473.778477,1517.330674,1558.286826,0.4796,112.34084,426.330674,Fragile,2026-08-28T10:58:41.807024+00:00
P01476,3fb5783b203ac4c2,Trending,HoltWinters7,5000,3036.0,8.5612,2952.103279,2977.026055,4069.491557,4170.339396,4301.875816,0.4792,307.861874,1134.339396,Fragile,2026-08-28T10:58:41.807024+00:00
P00736,53029642d3cff017,Trending,HoltWinters7,5000,3398.0,8.48,3336.274309,3313.685909,4622.430764,4764.444487,4960.981225,0.479,368.857202,1366.444487,Fragile,2026-08-28T10:58:41.807024+00:00
P00382,83d5f79769db92c0,Trending,HoltWinters7,5000,6218.0,8.5064,6034.480269,6034.34541,8349.122031,8587.865155,8771.639635,0.4778,619.396089,2369.865155,Fragile,2026-08-28T10:58:41.807024+00:00
P00208,9ee86d51ede9c755,Trending,HoltWinters7,5000,4321.0,8.5346,4178.800429,4178.937034,5790.999769,5926.135588,6100.432377,0.4778,424.379192,1605.135588,Fragile,2026-08-28T10:58:41.807024+00:00
P00550,28b72697ecdf97b4,Trending,HoltWinters7,5000,1768.0,8.4612,1717.876718,1718.211405,2362.520675,2446.393976,2523.032783,0.4776,176.922629,678.393976,Fragile,2026-08-28T10:58:41.807024+00:00
P00873,d646df718820bbc7,Trending,HoltWinters7,5000,3740.0,8.486,3611.567881,3582.214403,4977.477843,5126.592054,5265.155603,0.4768,361.287993,1386.592054,Fragile,2026-08-28T10:58:41.807024+00:00
P01889,15c5504edee6ef30,Trending,HoltWinters7,5000,2488.0,8.4712,2414.962774,2376.221535,3366.655546,3447.125382,3529.756956,0.476,259.26456,959.125382,Fragile,2026-08-28T10:58:41.807024+00:00
P01008,7b9eb6ef4d770305,Trending,HoltWinters7,5000,2847.0,8.4282,2767.22115,2762.209733,3843.256408,3973.461348,4135.039605,0.4752,296.45378,1126.461348,Fragile,2026-08-28T10:58:41.807024+00:00
P00685,744d8cb7f15a2b4b,Trending,HoltWinters7,5000,984.0,8.5244,956.302717,955.548046,1312.847935,1355.3293,1411.346296,0.475,97.641507,371.3293,Fragile,2026-08-28T10:58:41.807024+00:00
P01150,5e30ff54191cbb74,Trending,HoltWinters7,5000,2066.0,8.5466,2021.420821,2026.212738,2775.445819,2873.53651,3007.111705,0.4746,215.138169,807.53651,Fragile,2026-08-28T10:58:41.807024+00:00
P01302,86dc2cde0b6f5921,Trending,HoltWinters7,5000,2907.0,8.5304,2835.952225,2822.844239,3895.608398,4033.442222,4188.975621,0.4744,296.386252,1126.442222,Fragile,2026-08-28T10:58:41.807024+00:00
P00012,eab8850ff01e9313,Trending,HoltWinters7,5000,3487.0,8.4556,3407.84012,3385.345927,4716.108501,4874.15791,5055.817378,0.4738,365.83747,1387.15791,Fragile,2026-08-28T10:58:41.807024+00:00
P00157,ea525665c7ec2813,Trending,HoltWinters7,5000,989.0,8.499,958.400588,951.338465,1322.612459,1361.230359,1400.793349,0.4738,97.805018,372.230359,Fragile,2026-08-28T10:58:41.807024+00:00
P01469,ffcee6950ad17030,Trending,HoltWinters7,5000,2409.0,8.5208,2352.464049,2356.191951,3227.501074,3345.747841,3495.88191,0.4736,248.882471,936.747841,Fragile,2026-08-28T10:58:41.807024+00:00
P01471,41e0636af1b0aa0e,Trending,HoltWinters7,5000,633.0,8.5192,612.247014,614.350587,844.752836,868.748363,896.776458,0.4732,61.622055,235.748363,Fragile,2026-08-28T10:58:41.807024+00:00
P01373,b8879bfff3daadfc,Volatile,Naive,5000,1482.0,15.003,1454.006047,1456.942226,1882.438622,1960.717984,2059.491846,0.4728,121.360485,478.717984,Fragile,2026-08-28T10:58:41.807024+00:00
P01944,ef6697043a4858cf,Trending,HoltWinters7,5000,5314.0,8.5162,5116.159071,5129.218121,7078.727729,7258.085218,7442.137484,0.4726,508.064808,1944.085218,Fragile,2026-08-28T10:58:41.807024+00:00
P01231,4a0854959713ad15,Trending,HoltWinters7,5000,2403.0,8.4764,2344.210152,2338.345314,3217.940337,3335.661696,3479.639519,0.4726,246.846617,932.661696,Fragile,2026-08-28T10:58:41.807024+00:00
P01325,a3c72deeff959dac,Trending,HoltWinters7,5000,682.0,8.5104,663.681762,661.774097,907.757551,943.988754,984.716628,0.4726,68.766018,261.988754,Fragile,2026-08-28T10:58:41.807024+00:00
P00419,a34d894569f2c57e,Trending,HoltWinters7,5000,6502.0,8.5488,6283.006096,6316.491128,8644.471513,8888.569053,9200.351206,0.4724,634.038908,2386.569053,Fragile,2026-08-28T10:58:41.807024+00:00
P01181,c56e64c753c08121,Trending,HoltWinters7,5000,3559.0,8.4624,3457.287785,3471.379963,4755.958419,4941.08915,5127.9275,0.4722,357.707499,1382.08915,Fragile,2026-08-28T10:58:41.807024+00:00
P01656,cc49da0d1abb1dac,Trending,HoltWinters7,5000,3240.0,8.5148,3149.888341,3137.541074,4349.071596,4491.533174,4655.276611,0.4722,332.497036,1251.533174,Fragile,2026-08-28T10:58:41.807024+00:00
P01255,7f61a1fcd4fb3a95,Trending,HoltWinters7,5000,6560.0,8.4686,6387.27552,6331.975101,8822.964685,9124.179155,9434.24891,0.4718,668.133258,2564.179155,Fragile,2026-08-28T10:58:41.807024+00:00
P00093,81a0e688bce9be5a,Trending,HoltWinters7,5000,971.0,8.4942,941.822692,938.671438,1302.024807,1340.495722,1382.122242,0.4714,96.577978,369.495722,Fragile,2026-08-28T10:58:41.807024+00:00
P01980,1132e66c867802ce,Trending,HoltWinters7,5000,3241.0,8.5366,3163.972177,3145.05595,4346.596219,4513.533818,4686.900339,0.4706,333.658469,1272.533818,Fragile,2026-08-28T10:58:41.807024+00:00
P00842,ba209c9f4c762f47,Trending,HoltWinters7,5000,6537.0,8.507,6346.881672,6264.62212,8796.254358,9045.27019,9275.845528,0.4704,653.069998,2508.27019,Fragile,2026-08-28T10:58:41.807024+00:00
P01207,f7ecd41fc82ea3cd,Trending,HoltWinters7,5000,6568.0,8.5834,6343.974277,6401.238142,8722.615555,8936.643292,9175.444474,0.4704,619.572554,2368.643292,Fragile,2026-08-28T10:58:41.807024+00:00
P00102,140d3f9df519ef18,Trending,HoltWinters7,5000,3856.0,8.5372,3709.633141,3738.410294,5089.678662,5236.176119,5382.305053,0.4702,359.482612,1380.176119,Fragile,2026-08-28T10:58:41.807024+00:00
P01210,c3ec7cf20d6b51df,Trending,HoltWinters7,5000,2062.0,8.519,2001.873156,2002.208936,2751.018105,2843.616964,2957.268452,0.47,208.08446,781.616964,Fragile,2026-08-28T10:58:41.807024+00:00
P01749,0a72c6aeb0fb73e5,Trending,HoltWinters7,5000,1428.0,8.4308,1386.229477,1370.894596,1922.713091,1984.487282,2051.783624,0.47,144.096597,556.487282,Fragile,2026-08-28T10:58:41.807024+00:00
P00486,40ed26514826c0af,Trending,HoltWinters7,5000,2347.0,8.5034,2276.594755,2272.94738,3126.381855,3238.207358,3358.744827,0.4694,233.097318,891.207358,Fragile,2026-08-28T10:58:41.807024+00:00
P01732,e270d138193365e5,Trending,HoltWinters7,5000,2537.0,8.5184,2444.481335,2449.642607,3370.257723,3475.33454,3572.385448,0.469,243.901825,938.33454,Fragile,2026-08-28T10:58:41.807024+00:00
P01725,906ebb0c49266ad1,Trending,HoltWinters7,5000,2304.0,8.5172,2218.103523,2185.78673,3075.136173,3143.091474,3216.398968,0.469,220.501651,839.091474,Fragile,2026-08-28T10:58:41.807024+00:00
P01563,27fe2c0059ee14f7,Trending,HoltWinters7,5000,1828.0,8.4898,1755.118311,1764.206553,2432.127961,2496.029454,2563.673576,0.4688,169.509939,668.029454,Fragile,2026-08-28T10:58:41.807024+00:00
P01784,cd400f4d7dd29557,Trending,HoltWinters7,5000,3238.0,8.5642,3118.08241,3145.27005,4281.762367,4402.01251,4525.18402,0.4674,305.731768,1164.01251,Fragile,2026-08-28T10:58:41.807024+00:00
P01560,16a4f2bfca514ace,Volatile,SES,5000,2931.0,14.9616,2874.018179,2868.073097,3723.103212,3861.389609,4060.51377,0.4674,240.858243,930.389609,Fragile,2026-08-28T10:58:41.807024+00:00
P00982,c6310c0944449c7e,Trending,HoltWinters7,5000,4955.0,8.4966,4785.85092,4723.38256,6622.636033,6794.218008,7000.320473,0.467,489.684294,1839.218008,Fragile,2026-08-28T10:58:41.807024+00:00
P01405,f62c7d7fcbe8994b,Trending,HoltWinters7,5000,2092.0,8.486,2011.552486,1994.929387,2793.838166,2865.147131,2962.650651,0.467,200.455779,773.147131,Fragile,2026-08-28T10:58:41.807024+00:00
P00164,c4b3bce785804d42,Trending,HoltWinters7,5000,1178.0,8.5684,1134.761597,1143.70017,1561.592232,1604.249304,1650.764337,0.467,112.486841,426.249304,Fragile,2026-08-28T10:58:41.807024+00:00
P00056,9c6e08a77a9c6e15,Trending,HoltWinters7,5000,605.0,8.5032,584.324958,585.744472,798.991986,831.05975,865.280126,0.4658,58.099817,226.05975,Fragile,2026-08-28T10:58:41.807024+00:00
P00535,bbfb5e13923989b7,Trending,HoltWinters7,5000,593.0,8.5074,568.367623,567.842743,783.630945,805.055163,828.468565,0.4656,55.038875,212.055163,Fragile,2026-08-28T10:58:41.807024+00:00
P01300,407a0a812a7a20a8,Trending,HoltWinters7,5000,4261.0,8.5174,4112.397308,4074.26204,5678.876563,5854.090191,6010.506708,0.465,407.751954,1593.090191,Fragile,2026-08-28T10:58:41.807024+00:00
P00187,79acd447f7c13725,Trending,HoltWinters7,5000,3469.0,8.5488,3331.611084,3347.005864,4569.856544,4731.818154,4924.517431,0.4646,324.445771,1262.818154,Fragile,2026-08-28T10:58:41.807024+00:00
P01788,ca9ead7c1588c929,Trending,HoltWinters7,5000,3953.0,8.5276,3789.684101,3829.780679,5235.350709,5361.788455,5495.585514,0.4642,372.759817,1408.788455,Fragile,2026-08-28T10:58:41.807024+00:00
P00766,106edd3dfa4781e9,Trending,HoltWinters7,5000,3858.0,8.5066,3698.088191,3706.002364,5105.148783,5262.594354,5428.963358,0.464,363.308836,1404.594354,Fragile,2026-08-28T10:58:41.807024+00:00
P00250,8e8489105f55f2ff,Trending,HoltWinters7,5000,3250.0,8.5134,3123.469067,3126.991662,4270.825165,4432.052674,4627.918855,0.4636,303.595833,1182.052674,Fragile,2026-08-28T10:58:41.807024+00:00
P01710,68c0b4048e9799ee,Trending,HoltWinters7,5000,528.0,8.5344,506.757356,511.746004,701.437566,717.580622,736.281918,0.4636,49.420738,189.580622,Fragile,2026-08-28T10:58:41.807024+00:00
P00815,ea1ad0e9b64d6e34,Trending,HoltWinters7,5000,3041.0,8.5028,2958.567619,2922.170545,4086.328067,4222.951604,4411.030437,0.463,310.876081,1181.951604,Fragile,2026-08-28T10:58:41.807024+00:00
P01834,6d59487e0a99b1cb,Trending,HoltWinters7,5000,887.0,8.452,852.686245,836.849989,1184.788736,1217.112962,1249.952171,0.4624,84.641962,330.112962,Fragile,2026-08-28T10:58:41.807024+00:00
P00969,5699e861c3991d3a,Trending,HoltWinters7,5000,1781.0,8.5246,1714.310363,1693.909634,2363.540462,2431.027503,2503.068195,0.462,169.838978,650.027503,Fragile,2026-08-28T10:58:41.807024+00:00
P01214,5ff03f6cd1fb90be,Trending,HoltWinters7,5000,2488.0,8.4916,2382.211116,2361.200242,3309.147186,3384.85603,3468.155399,0.4616,229.336795,896.85603,Fragile,2026-08-28T10:58:41.807024+00:00
P01495,1ee6f8e28f31f676,Trending,HoltWinters7,5000,872.0,8.4982,834.931338,835.688233,1154.923414,1186.573216,1218.878576,0.4614,79.782406,314.573216,Fragile,2026-08-28T10:58:41.807024+00:00
P01478,ac83271a58408922,Trending,HoltWinters7,5000,3234.0,8.4992,3096.914391,3082.750228,4293.484122,4399.171515,4523.310541,0.4604,297.776188,1165.171515,Fragile,2026-08-28T10:58:41.807024+00:00
P01755,c957edc3f2e83e81,Trending,HoltWinters7,5000,3352.0,8.5198,3249.451592,3223.140489,4474.587189,4641.165874,4863.235893,0.4602,333.753058,1289.165874,Fragile,2026-08-28T10:58:41.807024+00:00
P01003,edac43d6584e87ac,Trending,HoltWinters7,5000,2008.0,8.502,1928.342351,1925.832536,2647.584848,2746.57599,2888.541082,0.46,191.765136,738.57599,Fragile,2026-08-28T10:58:41.807024+00:00
P00478,6579a03bcbbde9bb,Trending,HoltWinters7,5000,1397.0,8.4528,1340.955681,1328.469747,1862.50657,1915.729974,1969.586305,0.4598,130.226611,518.729974,Fragile,2026-08-28T10:58:41.807024+00:00
P01513,4e11cd204a607940,Trending,HoltWinters7,5000,1189.0,8.502,1147.077946,1139.282673,1580.16068,1633.578987,1707.030248,0.4598,115.514532,444.578987,Fragile,2026-08-28T10:58:41.807024+00:00
P00554,5adc555e548c8506,Trending,HoltWinters7,5000,3676.0,8.5444,3535.026862,3517.547189,4893.186445,5003.244864,5140.760299,0.4596,348.333214,1327.244864,Fragile,2026-08-28T10:58:41.807024+00:00
P01996,231ac94914b06264,Trending,HoltWinters7,5000,3388.0,8.5458,3261.812976,3259.734178,4481.926185,4604.739556,4740.906588,0.4596,315.33424,1216.739556,Fragile,2026-08-28T10:58:41.807024+00:00
P01687,e32390cb6f5503c1,Trending,HoltWinters7,5000,1530.0,8.5194,1466.515538,1476.358192,2009.421944,2086.614036,2167.67631,0.4596,138.209366,556.614036,Fragile,2026-08-28T10:58:41.807024+00:00
P01187,c1b960c722af57bc,Trending,HoltWinters7,5000,6447.0,8.5328,6145.240928,6233.40507,8493.286725,8710.193963,8930.078526,0.4592,574.808873,2263.193963,Fragile,2026-08-28T10:58:41.807024+00:00
P01307,701a78cb75fed4cb,Trending,HoltWinters7,5000,3963.0,8.5654,3787.533073,3853.759319,5230.769819,5351.136275,5495.245409,0.4592,356.67732,1388.136275,Fragile,2026-08-28T10:58:41.807024+00:00
P00633,791e651117c9eab9,Trending,HoltWinters7,5000,2585.0,8.4922,2480.829959,2469.911667,3431.806171,3529.694141,3646.330367,0.4586,244.431748,944.694141,Fragile,2026-08-28T10:58:41.807024+00:00
P00184,f2cf765ab085fb61,Trending,HoltWinters7,5000,1544.0,8.5032,1487.09293,1483.253818,2054.493194,2123.743306,2222.740244,0.4586,150.072596,579.743306,Fragile,2026-08-28T10:58:41.807024+00:00
P00446,d1360372d18c6e3c,Trending,HoltWinters7,5000,2762.0,8.5128,2652.688782,2666.433531,3626.638506,3760.80043,3941.198155,0.4584,256.92069,998.80043,Fragile,2026-08-28T10:58:41.807024+00:00
P01314,574434be2a0f81c3,Trending,HoltWinters7,5000,170.0,8.469,164.375976,162.914235,227.121653,234.886288,244.539663,0.457,16.657764,64.886288,Fragile,2026-08-28T10:58:41.807024+00:00
P01522,a8f07fa33b3e29f3,Trending,HoltWinters7,5000,693.0,8.485,664.107914,663.275559,919.983085,953.249813,995.744212,0.4566,65.391518,260.249813,Fragile,2026-08-28T10:58:41.807024+00:00
P00379,69a32b1c27763540,Trending,HoltWinters7,5000,2006.0,8.5406,1924.958954,1923.225984,2642.409819,2729.937289,2846.378868,0.456,189.144539,723.937289,Fragile,2026-08-28T10:58:41.807024+00:00
P01854,0e3b47facf741e71,Trending,HoltWinters7,5000,572.0,8.5494,549.431764,550.879063,753.811177,779.064443,815.049173,0.456,53.170211,207.064443,Fragile,2026-08-28T10:58:41.807024+00:00
P00219,fa843819d2a60515,Trending,HoltWinters7,5000,3954.0,8.472,3785.064055,3749.122416,5226.969106,5387.666648,5552.025592,0.4558,364.550899,1433.666648,Fragile,2026-08-28T10:58:41.807024+00:00
P00513,ab7e3b690d45e5b8,Trending,HoltWinters7,5000,512.0,8.5338,493.097458,491.494265,677.784192,701.753249,728.408617,0.4558,49.242186,189.753249,Fragile,2026-08-28T10:58:41.807024+00:00
P00504,4f65cdae7d5f1dde,Trending,HoltWinters7,5000,3483.0,8.4946,3354.110268,3319.839337,4619.821179,4794.652803,4986.109536,0.4556,332.996076,1311.652803,Fragile,2026-08-28T10:58:41.807024+00:00
P01323,1158d3a6ef816634,Volatile,SES,5000,1167.0,14.9874,1132.91463,1131.406483,1468.135442,1533.550865,1636.264556,0.4554,89.530979,366.550865,Fragile,2026-08-28T10:58:41.807024+00:00
P00627,013401cfa47710db,Trending,HoltWinters7,5000,2938.0,8.4658,2800.773249,2789.539657,3880.195895,3995.646712,4113.656773,0.4548,263.20564,1057.646712,Fragile,2026-08-28T10:58:41.807024+00:00
P01288,90bf2f0ffc634825,Volatile,Naive,5000,484.0,15.087,468.255545,469.244265,604.576119,625.147406,651.796379,0.4548,36.304282,141.147406,Fragile,2026-08-28T10:58:41.807024+00:00
P00787,c56fcc7810b9802f,Trending,HoltWinters7,5000,3521.0,8.5506,3343.736662,3403.616306,4616.105523,4731.156012,4858.928724,0.4546,307.467719,1210.156012,Fragile,2026-08-28T10:58:41.807024+00:00
P01343,86c20733abcc16d7,Trending,HoltWinters7,5000,2656.0,8.4768,2543.591085,2528.932562,3501.297011,3627.444517,3780.26529,0.4544,247.524991,971.444517,Fragile,2026-08-28T10:58:41.807024+00:00
P00170,c533821b63858f08,Trending,HoltWinters7,5000,2243.0,8.4186,2138.321292,2117.52569,2961.046538,3058.676981,3151.068429,0.4544,202.295617,815.676981,Fragile,2026-08-28T10:58:41.807024+00:00
P00029,a63322e9fbaa6686,Trending,HoltWinters7,5000,3456.0,8.4744,3304.042854,3274.890049,4573.437907,4701.236834,4850.233511,0.4536,313.249217,1245.236834,Fragile,2026-08-28T10:58:41.807024+00:00
P00166,0680b4da6cc57313,Trending,HoltWinters7,5000,3179.0,8.5018,3039.606927,3034.923714,4183.882277,4329.905715,4475.326767,0.4534,292.173625,1150.905715,Fragile,2026-08-28T10:58:41.807024+00:00
P00359,2b7bbfc38639f775,Trending,HoltWinters7,5000,2426.0,8.5332,2333.663399,2335.117401,3210.721818,3329.565083,3470.152471,0.4534,230.599288,903.565083,Fragile,2026-08-28T10:58:41.807024+00:00
P01173,491d414e28b2a71c,Trending,HoltWinters7,5000,3491.0,8.5242,3319.709848,3349.725595,4568.880177,4699.942131,4831.051675,0.4532,306.651303,1208.942131,Fragile,2026-08-28T10:58:41.807024+00:00
P01616,824d049b55aabebb,Trending,HoltWinters7,5000,2477.0,8.5212,2361.568697,2367.746134,3263.537697,3338.482092,3432.135964,0.4528,219.632501,861.482092,Fragile,2026-08-28T10:58:41.807024+00:00
P01512,3fbfabf5342eb060,Trending,HoltWinters7,5000,3962.0,8.5198,3770.242072,3800.596097,5214.862281,5345.816738,5483.497629,0.4518,349.924376,1383.816738,Fragile,2026-08-28T10:58:41.807024+00:00
P00438,ef4a2de0a0a33d58,Volatile,SES,5000,1075.0,15.0804,1030.591478,1036.766431,1328.793491,1386.508434,1466.572337,0.4518,75.416889,311.508434,Fragile,2026-08-28T10:58:41.807024+00:00
P01612,a3c5b366ca604ede,Trending,HoltWinters7,5000,6267.0,8.5054,5961.98104,6000.415734,8235.052827,8463.218055,8670.192587,0.4512,542.82071,2196.218055,Fragile,2026-08-28T10:58:41.807024+00:00
P00680,4f5374a814fd9626,Trending,HoltWinters7,5000,2141.0,8.4712,2049.313814,2035.556363,2828.210992,2926.038497,3033.516909,0.4512,197.574712,785.038497,Fragile,2026-08-28T10:58:41.807024+00:00
P01579,71256b3638eb2191,Trending,HoltWinters7,5000,3502.0,8.4512,3341.444538,3293.653465,4644.706736,4776.33388,4905.061,0.4508,314.884475,1274.33388,Fragile,2026-08-28T10:58:41.807024+00:00
P01682,92e0eb3b4f9183e3,Trending,HoltWinters7,5000,312.0,8.4292,298.70146,296.647261,412.126688,428.424892,447.697478,0.4494,29.138608,116.424892,Fragile,2026-08-28T10:58:41.807024+00:00
P00507,329b6752a8a79f98,Trending,HoltWinters7,5000,2464.0,8.4916,2359.851013,2353.647129,3257.633546,3377.15266,3536.33974,0.449,229.207358,913.15266,Fragile,2026-08-28T10:58:41.807024+00:00
P01124,b69c9852d7a67cf5,Trending,HoltWinters7,5000,1712.0,8.4452,1626.604124,1630.362824,2237.873508,2325.236272,2432.04034,0.4488,150.85039,613.236272,Fragile,2026-08-28T10:58:41.807024+00:00
P00698,5cac4f1253538a04,Trending,HoltWinters7,5000,1060.0,8.5406,1004.82649,1022.915853,1385.118695,1421.470126,1459.693153,0.4488,91.588558,361.470126,Fragile,2026-08-28T10:58:41.807024+00:00
P00509,f35299618f122b79,Trending,HoltWinters7,5000,3565.0,8.5036,3404.310045,3386.774754,4670.891479,4839.289062,5043.51805,0.4486,321.436951,1274.289062,Fragile,2026-08-28T10:58:41.807024+00:00
P00054,c8c5e64be0e0d3cc,Trending,HoltWinters7,5000,217.0,8.4518,208.020928,207.010295,286.703975,298.600692,311.902887,0.448,20.184092,81.600692,Fragile,2026-08-28T10:58:41.807024+00:00
P00574,5296266dbc92819f,Trending,HoltWinters7,5000,1325.0,8.5142,1257.258514,1259.064264,1734.567009,1783.877442,1835.748902,0.4478,115.546263,458.877442,Fragile,2026-08-28T10:58:41.807024+00:00
P00074,7f5e1efe88bee7c5,Trending,HoltWinters7,5000,3364.0,8.4876,3195.455713,3189.46618,4398.862768,4555.798213,4775.625764,0.4476,302.397963,1191.798213,Fragile,2026-08-28T10:58:41.807024+00:00
P00983,caa2f764e28a8084,Volatile,Naive,5000,139.0,14.9544,134.528779,133.948129,174.19318,181.269821,190.049375,0.4474,10.306695,42.269821,Fragile,2026-08-28T10:58:41.807024+00:00
P00268,b19a2a76b6a4e4d5,Trending,HoltWinters7,5000,2469.0,8.512,2351.024223,2332.190848,3244.73336,3338.111997,3433.402366,0.4472,219.199589,869.111997,Fragile,2026-08-28T10:58:41.807024+00:00
P00121,3cc728ba179a0f34,Trending,HoltWinters7,5000,2177.0,8.5082,2066.600906,2076.582676,2845.326836,2939.292732,3069.482366,0.4464,192.028261,762.292732,Fragile,2026-08-28T10:58:41.807024+00:00
P00848,de6d196b7c1594ec,Trending,HoltWinters7,5000,861.0,8.5336,818.008978,815.975417,1125.958993,1167.321689,1215.372104,0.4464,76.467693,306.321689,Fragile,2026-08-28T10:58:41.807024+00:00
P01615,358b034ce2340f8d,Seasonal,Naive,5000,33.0,10.5876,31.77106,31.776939,41.335856,42.658559,44.331001,0.4464,2.431463,9.658559,Fragile,2026-08-28T10:58:41.807024+00:00
P00108,788ab6e5d7db1e2b,Trending,HoltWinters7,5000,2064.0,8.5332,1966.235886,1970.876559,2715.545922,2783.791336,2854.502032,0.446,184.364091,719.791336,Fragile,2026-08-28T10:58:41.807024+00:00
P01584,5a02f8a8c0878270,Trending,HoltWinters7,5000,3819.0,8.5004,3630.95971,3632.287179,5008.593322,5160.002972,5333.955773,0.4454,335.487058,1341.002972,Fragile,2026-08-28T10:58:41.807024+00:00
P01756,8010c549cd29b106,Trending,HoltWinters7,5000,2104.0,8.4336,2003.860506,1984.763458,2774.281604,2880.060896,2992.544056,0.445,191.390829,776.060896,Fragile,2026-08-28T10:58:41.807024+00:00
P00572,3c4342b683db3791,Trending,HoltWinters7,5000,6803.0,8.517,6463.690625,6504.388357,8970.586866,9197.710637,9412.964577,0.4444,600.029291,2394.710637,Fragile,2026-08-28T10:58:41.807024+00:00
P01987,b659f061fcc2feb0,Trending,HoltWinters7,5000,5880.0,8.4498,5563.151182,5471.818023,7734.85795,7931.339952,8149.487828,0.4436,504.40454,2051.339952,Fragile,2026-08-28T10:58:41.807024+00:00
P00531,17d83bd4bb180e40,Trending,HoltWinters7,5000,2291.0,8.4812,2171.604812,2186.269409,2992.800271,3098.526022,3245.541995,0.4432,201.080428,807.526022,Fragile,2026-08-28T10:58:41.807024+00:00
P00566,343b0ef5b7025a97,Trending,HoltWinters7,5000,597.0,8.5458,567.256119,574.936108,781.596361,799.925554,820.188986,0.4428,50.503293,202.925554,Fragile,2026-08-28T10:58:41.807024+00:00
P00929,2ffbc8379b7e0fc1,Trending,HoltWinters7,5000,479.0,8.5056,455.004985,453.751042,628.80375,647.309611,666.652195,0.442,42.257352,168.309611,Fragile,2026-08-28T10:58:41.807024+00:00
P01709,26622718a271ce78,Trending,HoltWinters7,5000,3575.0,8.452,3381.190052,3329.566952,4688.103242,4822.397668,4968.323612,0.4418,311.253605,1247.397668,Fragile,2026-08-28T10:58:41.807024+00:00
P00659,eafa4b07f334d552,Trending,HoltWinters7,5000,3861.0,8.486,3664.165447,3631.303172,5076.176073,5200.515224,5349.917556,0.4416,336.920138,1339.515224,Fragile,2026-08-28T10:58:41.807024+00:00
P00490,885cce733c5874f7,Trending,HoltWinters7,5000,3298.0,8.5142,3135.218349,3134.78805,4303.034594,4446.822258,4625.689851,0.4414,289.37975,1148.822258,Fragile,2026-08-28T10:58:41.807024+00:00
P01551,8d466b6ab8f10a55,Trending,HoltWinters7,5000,2991.0,8.4918,2837.682024,2830.080087,3913.451302,4044.574212,4214.336995,0.4412,264.479311,1053.574212,Fragile,2026-08-28T10:58:41.807024+00:00
P01792,920e3ce02c5de008,Trending,HoltWinters7,5000,2224.0,8.532,2106.26309,2099.148241,2903.202461,2987.419513,3073.364671,0.4412,190.438162,763.419513,Fragile,2026-08-28T10:58:41.807024+00:00
P01249,57f643e46564e126,Trending,HoltWinters7,5000,1599.0,8.492,1514.144796,1501.896354,2083.656463,2157.898093,2251.349711,0.4412,140.784205,558.898093,Fragile,2026-08-28T10:58:41.807024+00:00
P01829,ea24935d12419891,Trending,HoltWinters7,5000,1407.0,8.5152,1333.994181,1338.239834,1851.937971,1897.842062,1942.851888,0.4412,122.587948,490.842062,Fragile,2026-08-28T10:58:41.807024+00:00
P01959,3ff56dc3ff9de897,Trending,HoltWinters7,5000,3807.0,8.57,3594.43338,3645.181437,4935.542129,5075.053799,5211.98411,0.4406,316.801944,1268.053799,Fragile,2026-08-28T10:58:41.807024+00:00
P01126,c978b4c4aaeea7f2,Trending,HoltWinters7,5000,2424.0,8.499,2297.172342,2277.289108,3180.459486,3260.370648,3357.731225,0.4406,207.540426,836.370648,Fragile,2026-08-28T10:58:41.807024+00:00
P01801,b4bcf5992a974c9f,Trending,HoltWinters7,5000,2861.0,8.563,2714.351268,2711.478509,3734.302006,3857.602222,4033.542698,0.4402,253.612704,996.602222,Fragile,2026-08-28T10:58:41.807024+00:00
P01161,a8797b4e997655c6,Trending,HoltWinters7,5000,2451.0,8.509,2321.140703,2326.552213,3189.206881,3301.362846,3435.240524,0.4394,212.601162,850.362846,Fragile,2026-08-28T10:58:41.807024+00:00
P01374,e2cab09978fce702,Trending,HoltWinters7,5000,399.0,8.5132,375.671351,377.887856,519.760718,533.613035,546.00036,0.4386,33.153012,134.613035,Fragile,2026-08-28T10:58:41.807024+00:00
P01517,197242be6bea6d5a,Trending,HoltWinters7,5000,3411.0,8.5094,3217.807672,3204.88958,4455.401662,4565.011928,4671.195285,0.4384,287.710721,1154.011928,Fragile,2026-08-28T10:58:41.807024+00:00
P01229,83168086cf119bf5,Trending,HoltWinters7,5000,3383.0,8.5308,3193.510687,3209.032066,4404.055044,4547.770489,4725.174079,0.4382,290.942805,1164.770489,Fragile,2026-08-28T10:58:41.807024+00:00
P00497,c12eecc2e08f3f20,Trending,HoltWinters7,5000,2621.0,8.4808,2473.022827,2448.557725,3430.499235,3522.525916,3634.933164,0.4378,222.616063,901.525916,Fragile,2026-08-28T10:58:41.807024+00:00
P00534,74a8920ccc47b473,Trending,HoltWinters7,5000,2937.0,8.4908,2764.179613,2793.059818,3823.508063,3935.000203,4047.310355,0.437,245.122896,998.000203,Fragile,2026-08-28T10:58:41.807024+00:00
P01286,bc3e6410fa990e7e,Trending,HoltWinters7,5000,3949.0,8.4698,3723.988978,3706.526324,5168.478772,5305.95106,5458.864632,0.4364,338.370629,1356.95106,Fragile,2026-08-28T10:58:41.807024+00:00
P01613,9e47de99971c0044,Trending,HoltWinters7,5000,3617.0,8.5216,3425.451078,3428.398462,4708.209601,4844.57362,5024.819095,0.4364,305.474654,1227.57362,Fragile,2026-08-28T10:58:41.807024+00:00
P01061,9b2b4ce324167df7,Trending,HoltWinters7,5000,2824.0,8.4766,2664.074101,2664.360437,3667.410174,3792.304518,3954.522022,0.4364,236.696003,968.304518,Fragile,2026-08-28T10:58:41.807024+00:00
P01447,19a3b3ec0ecd8563,Intermittent,SeasonalNaive7,5000,2318.0,18.5712,2235.345347,2198.42853,3265.083528,3593.698241,4164.855259,0.4362,276.132843,1275.698241,Fragile,2026-08-28T10:58:41.807024+00:00
P00511,8b77a333e06468e5,Trending,HoltWinters7,5000,1183.0,8.585,1117.266554,1131.560584,1532.995524,1573.860852,1621.868664,0.4354,99.398607,390.860852,Fragile,2026-08-28T10:58:41.807024+00:00
P01574,41bcfc96df873ecc,Trending,HoltWinters7,5000,2838.0,8.4406,2683.252363,2662.115783,3705.072055,3836.782228,4016.639801,0.434,246.298937,998.782228,Fragile,2026-08-28T10:58:41.807024+00:00
P01295,ca414a8313904b97,Trending,HoltWinters7,5000,395.0,8.5156,371.623809,370.731257,511.1357,529.102946,548.230454,0.4332,32.370904,134.102946,Fragile,2026-08-28T10:58:41.807024+00:00
P00104,d77e115f45c5a54a,Trending,HoltWinters7,5000,857.0,8.5018,807.561518,814.312557,1112.533894,1142.325379,1176.537413,0.4328,70.794331,285.325379,Fragile,2026-08-28T10:58:41.807024+00:00
P01728,e4a2412a106938d2,Trending,HoltWinters7,5000,1404.0,8.5022,1327.160031,1319.926189,1819.122359,1893.960597,1978.177116,0.4326,120.495098,489.960597,Fragile,2026-08-28T10:58:41.807024+00:00
P00076,5ae017b90ced4edc,Trending,HoltWinters7,5000,3299.0,8.4708,3102.575161,3085.103666,4297.436086,4416.96618,4535.12897,0.4324,270.953215,1117.96618,Fragile,2026-08-28T10:58:41.807024+00:00
P01094,3ad8df8df3692107,Trending,HoltWinters7,5000,2136.0,8.5336,2015.497643,2025.702981,2795.709535,2861.995294,2936.31425,0.4322,180.558881,725.995294,Fragile,2026-08-28T10:58:41.807024+00:00
P01816,38d58fc55941ecfe,Trending,HoltWinters7,5000,561.0,8.4936,525.993606,524.474782,724.957649,751.588307,785.196299,0.4318,46.209374,190.588307,Fragile,2026-08-28T10:58:41.807024+00:00
P00643,24c3cb413ce81711,Trending,HoltWinters7,5000,156.0,8.47,147.643359,146.240781,204.35002,213.342128,226.561937,0.4314,13.967668,57.342128,Fragile,2026-08-28T10:58:41.807024+00:00
P00898,588b00d151ad3388,Trending,HoltWinters7,5000,3332.0,8.467,3135.669596,3123.046959,4326.144172,4491.163258,4663.665706,0.431,280.273287,1159.163258,Fragile,2026-08-28T10:58:41.807024+00:00
P01764,71ac4606e072ea0b,Trending,HoltWinters7,5000,3088.0,8.5334,2898.336447,2949.53176,3988.932213,4094.434812,4207.967657,0.4308,250.410829,1006.434812,Fragile,2026-08-28T10:58:41.807024+00:00
P01587,6d3adbd0e2667649,Trending,HoltWinters7,5000,1657.0,8.4428,1559.187773,1542.394494,2155.436852,2223.577039,2291.697223,0.4308,136.431881,566.577039,Fragile,2026-08-28T10:58:41.807024+00:00
P00113,9b646d8ffe087adf,Volatile,RollingMean28,5000,1714.0,15.02,1634.682905,1632.436583,2122.367546,2195.383224,2295.68119,0.4308,115.110598,481.383224,Fragile,2026-08-28T10:58:41.807024+00:00
P01715,fab0ba4576a7ab69,Trending,HoltWinters7,5000,312.0,8.4166,294.814599,294.047867,408.144552,427.582821,451.189424,0.4308,27.422777,115.582821,Fragile,2026-08-28T10:58:41.807024+00:00
P00358,a05f549d22481901,Trending,HoltWinters7,5000,2803.0,8.502,2632.796865,2658.18079,3626.367884,3736.162477,3848.390919,0.4298,225.537503,933.162477,Fragile,2026-08-28T10:58:41.807024+00:00
P01680,75a690f37858eb1e,Trending,HoltWinters7,5000,3032.0,8.4992,2851.093192,2876.156464,3941.669201,4054.425428,4177.341483,0.429,250.770148,1022.425428,Fragile,2026-08-28T10:58:41.807024+00:00
P00943,f9b18cb469527b8f,Intermittent,SeasonalNaive7,5000,964.0,18.4412,926.028053,906.364374,1329.976957,1448.718573,1642.21944,0.429,104.422609,484.718573,Fragile,2026-08-28T10:58:41.807024+00:00
P00619,899499c3fbb9aa4b,Trending,HoltWinters7,5000,207.0,8.521,194.176448,193.913775,266.898621,276.911222,289.281199,0.429,16.76327,69.911222,Fragile,2026-08-28T10:58:41.807024+00:00
P01477,c50922fb7764c8ae,Trending,HoltWinters7,5000,467.0,8.518,438.356033,437.878298,602.436678,622.846171,648.045871,0.4282,38.011215,155.846171,Fragile,2026-08-28T10:58:41.807024+00:00
P01993,85e63bf1a7501205,Trending,HoltWinters7,5000,441.0,8.5304,414.696324,414.07764,574.077409,587.394526,604.225421,0.4282,35.827854,146.394526,Fragile,2026-08-28T10:58:41.807024+00:00
P01363,b47ef8db6e92cdbf,Trending,HoltWinters7,5000,1646.0,8.4878,1541.711258,1543.136827,2137.173022,2188.232644,2247.803248,0.4262,132.957775,542.232644,Fragile,2026-08-28T10:58:41.807024+00:00
P00979,d5eac00ead32a873,Trending,HoltWinters7,5000,1628.0,8.4866,1530.843378,1519.00461,2112.412938,2181.626313,2240.282867,0.426,134.410963,553.626313,Fragile,2026-08-28T10:58:41.807024+00:00
P00957,e2e5c8cbd446d9b2,Trending,HoltWinters7,5000,1165.0,8.5168,1092.766406,1089.564742,1514.382699,1551.148233,1585.05813,0.4242,95.350746,386.148233,Fragile,2026-08-28T10:58:41.807024+00:00
P01356,56084e739b0b46a2,Trending,HoltWinters7,5000,1071.0,8.5104,1003.251405,1004.630341,1376.243994,1434.189944,1499.76063,0.4242,86.388324,363.189944,Fragile,2026-08-28T10:58:41.807024+00:00
P01559,1d90c9fead81f84d,Trending,HoltWinters7,5000,472.0,8.433,442.798474,441.289141,612.109649,634.365169,663.254213,0.424,38.649666,162.365169,Fragile,2026-08-28T10:58:41.807024+00:00
P01515,effa81f37e986df2,Trending,Naive,5000,27.0,8.4786,25.424715,25.296323,35.261894,37.04417,39.845584,0.424,2.348146,10.04417,Fragile,2026-08-28T10:58:41.807024+00:00
P00346,e44e34650762ec4d,Trending,HoltWinters7,5000,475.0,8.5182,445.52044,442.036675,615.893323,632.292691,650.067646,0.4234,38.79802,157.292691,Fragile,2026-08-28T10:58:41.807024+00:00
P00753,d21a8101240c2f00,Trending,HoltWinters7,5000,2004.0,8.4824,1877.233301,1865.003677,2603.901475,2673.508634,2736.495792,0.4224,159.979155,669.508634,Fragile,2026-08-28T10:58:41.807024+00:00
P00971,c3293ca44cac7075,Trending,HoltWinters7,5000,3541.0,8.4816,3316.841862,3295.136236,4575.04663,4716.490831,4842.358346,0.4218,282.88488,1175.490831,Fragile,2026-08-28T10:58:41.807024+00:00
P01541,26df93e4767fb117,Trending,HoltWinters7,5000,2660.0,8.4852,2489.264973,2477.469591,3431.708416,3537.524328,3642.724142,0.4218,211.57017,877.524328,Fragile,2026-08-28T10:58:41.807024+00:00
P01010,5869758db7cbdcfc,Trending,HoltWinters7,5000,579.0,8.5274,539.381766,550.279714,741.829835,763.225854,786.505314,0.4218,44.583695,184.225854,Fragile,2026-08-28T10:58:41.807024+00:00
P01689,afb328ea8f9c7caf,Trending,HoltWinters7,5000,2887.0,8.4372,2703.510011,2651.90697,3762.483828,3861.132418,3962.117196,0.4214,237.381043,974.132418,Fragile,2026-08-28T10:58:41.807024+00:00
P00117,c4088535972cafe0,Trending,HoltWinters7,5000,714.0,8.4618,665.246565,661.005222,920.62543,953.157832,993.632013,0.4204,57.013077,239.157832,Fragile,2026-08-28T10:58:41.807024+00:00
P00672,c22bda1ec0f4c2ee,Trending,HoltWinters7,5000,3318.0,8.4746,3091.147311,3096.272172,4272.580447,4424.237779,4608.357737,0.42,264.895272,1106.237779,Fragile,2026-08-28T10:58:41.807024+00:00
P00341,b47edea916a6895d,Trending,HoltWinters7,5000,410.0,8.5116,383.04772,388.293975,524.706727,541.774357,557.504474,0.42,32.071829,131.774357,Fragile,2026-08-28T10:58:41.807024+00:00
P00044,d3df826ce6f10fa1,Trending,HoltWinters7,5000,3214.0,8.5114,2975.602265,2999.028256,4080.296886,4234.272957,4456.788379,0.4198,242.616231,1020.272957,Fragile,2026-08-28T10:58:41.807024+00:00
P01670,6c53109a6524fa66,Trending,HoltWinters7,5000,1776.0,8.4578,1666.150877,1644.938806,2303.645798,2377.026846,2480.102883,0.4196,148.056946,601.026846,Fragile,2026-08-28T10:58:41.807024+00:00
P00484,96b2fcf5143f4f49,Trending,HoltWinters7,5000,804.0,8.4882,752.072042,745.479864,1040.351957,1070.420804,1099.559133,0.4196,64.754564,266.420804,Fragile,2026-08-28T10:58:41.807024+00:00
P01155,48837a648fbaa045,Trending,HoltWinters7,5000,3999.0,8.5258,3747.961289,3779.372802,5147.477167,5299.485159,5461.165715,0.418,316.563188,1300.485159,Fragile,2026-08-28T10:58:41.807024+00:00
P00081,8ac665d71b9fe98c,Trending,HoltWinters7,5000,1107.0,8.5462,1025.480165,1029.886101,1410.257133,1459.011449,1518.66343,0.4176,82.660221,352.011449,Fragile,2026-08-28T10:58:41.807024+00:00
P01685,6bfe3bc0e4a561e4,Trending,HoltWinters7,5000,244.0,8.498,226.759503,225.632763,311.385477,325.895094,343.348343,0.4172,19.10631,81.895094,Fragile,2026-08-28T10:58:41.807024+00:00
P01023,29b8587427bb8522,Trending,HoltWinters7,5000,683.0,8.458,636.856642,630.919478,879.343133,910.81443,948.697613,0.417,53.868695,227.81443,Fragile,2026-08-28T10:58:41.807024+00:00
P00285,766bae20c16e85de,Trending,HoltWinters7,5000,2235.0,8.5426,2083.757649,2120.503325,2874.174942,2950.250274,3033.067812,0.4168,172.399164,715.250274,Fragile,2026-08-28T10:58:41.807024+00:00
P01793,79443de21dbbaa68,Trending,HoltWinters7,5000,2432.0,8.482,2270.451881,2252.957823,3153.707898,3234.356419,3311.341966,0.4166,192.688917,802.356419,Fragile,2026-08-28T10:58:41.807024+00:00
P00758,4f2157bcf16995c9,Trending,HoltWinters7,5000,3089.0,8.4994,2883.463,2867.382078,3998.249003,4096.013207,4192.511078,0.4162,245.524706,1007.013207,Fragile,2026-08-28T10:58:41.807024+00:00
P00211,b575943ed759a325,Trending,HoltWinters7,5000,1345.0,8.4874,1261.194184,1238.804171,1750.845025,1795.892419,1840.725047,0.4162,107.821583,450.892419,Fragile,2026-08-28T10:58:41.807024+00:00
P01751,36091db5966e36f4,Trending,HoltWinters7,5000,3764.0,8.4988,3511.216506,3502.753944,4837.291495,4975.354721,5132.428807,0.4158,288.731115,1211.354721,Fragile,2026-08-28T10:58:41.807024+00:00
P00693,67746c53b47e70b5,Trending,HoltWinters7,5000,1178.0,8.4456,1100.815474,1081.221697,1525.040296,1574.149882,1620.825172,0.4152,94.010599,396.149882,Fragile,2026-08-28T10:58:41.807024+00:00
P01157,91e0f5df903b6691,Trending,HoltWinters7,5000,203.0,8.5224,188.334281,186.895759,258.867851,269.681208,285.222031,0.4152,15.672246,66.681208,Fragile,2026-08-28T10:58:41.807024+00:00
P01610,5c267f3f62b50f3f,Trending,HoltWinters7,5000,530.0,8.5028,493.647066,488.48943,683.791219,701.569777,722.628176,0.415,41.016787,171.569777,Fragile,2026-08-28T10:58:41.807024+00:00
P00302,4c05fc84ec357752,Trending,HoltWinters7,5000,2674.0,8.5302,2489.998212,2505.693468,3435.448812,3519.943702,3624.94652,0.4146,208.512834,845.943702,Fragile,2026-08-28T10:58:41.807024+00:00
P01976,44d2c193a77cfb64,Volatile,SES,5000,3399.0,14.994,3211.019651,3201.153893,4171.285525,4314.689917,4512.936568,0.4144,213.944816,915.689917,Fragile,2026-08-28T10:58:41.807024+00:00
P01747,7e3abbfbc52f9cc6,Trending,HoltWinters7,5000,175.0,8.514,161.311781,161.508692,221.492835,230.780411,244.597375,0.4144,12.957005,55.780411,Fragile,2026-08-28T10:58:41.807024+00:00
P00716,18bc5427a8eead8b,Volatile,RollingMean28,5000,3458.0,14.9874,3264.410238,3267.098131,4237.554931,4408.635773,4628.676914,0.4142,216.556311,950.635773,Fragile,2026-08-28T10:58:41.807024+00:00
P01918,40d0e0b50b16499c,Trending,HoltWinters7,5000,2002.0,8.533,1863.16233,1857.537301,2577.419632,2639.745148,2708.288441,0.4142,156.654056,637.745148,Fragile,2026-08-28T10:58:41.807024+00:00
P01736,43ef3778c1a576a5,Trending,HoltWinters7,5000,1632.0,8.4772,1512.431703,1497.890548,2094.323821,2167.382989,2247.400668,0.414,127.758281,535.382989,Fragile,2026-08-28T10:58:41.807024+00:00
P01118,4dc2c867ee4a7213,Trending,Naive,5000,1707.0,8.5102,1581.077767,1579.022541,2181.123402,2258.361337,2360.789079,0.4136,128.294192,551.361337,Fragile,2026-08-28T10:58:41.807024+00:00
P00026,16eea2beec47380a,Trending,HoltWinters7,5000,3940.0,8.4648,3672.495032,3634.626317,5108.609433,5242.595569,5387.620146,0.413,307.038721,1302.595569,Fragile,2026-08-28T10:58:41.807024+00:00
P00928,da3c88dd259c72e3,Trending,HoltWinters7,5000,3913.0,8.5036,3633.413198,3589.614046,5029.108485,5175.793833,5359.245859,0.4126,303.23865,1262.793833,Fragile,2026-08-28T10:58:41.807024+00:00
P00242,27f183481f5a724b,Trending,HoltWinters7,5000,1164.0,8.5008,1070.611715,1071.955901,1477.345785,1526.498158,1590.075102,0.4114,84.993914,362.498158,Fragile,2026-08-28T10:58:41.807024+00:00
P00272,3f93cad08579a367,Trending,Naive,5000,3274.0,8.4808,3012.667811,3006.237327,4160.852731,4313.259901,4478.899137,0.4112,247.311038,1039.259901,Fragile,2026-08-28T10:58:41.807024+00:00
P00360,41a8f592ea010064,Trending,HoltWinters7,5000,2926.0,8.4786,2728.152362,2716.485505,3781.831233,3876.66829,3981.459959,0.4112,228.818374,950.66829,Fragile,2026-08-28T10:58:41.807024+00:00
P00350,95af2dea774b6763,Trending,HoltWinters7,5000,2678.0,8.5016,2486.967757,2499.340299,3438.604086,3533.260727,3638.697757,0.4104,205.424052,855.260727,Fragile,2026-08-28T10:58:41.807024+00:00
P01819,3420435926135f86,Trending,HoltWinters7,5000,3647.0,8.5168,3377.532167,3380.268651,4660.797374,4792.108223,4944.789,0.4102,275.403953,1145.108223,Fragile,2026-08-28T10:58:41.807024+00:00
P01092,9790cd7b95da0219,Trending,HoltWinters7,5000,2978.0,8.4934,2764.682697,2713.382008,3838.020139,3933.328393,4046.666973,0.4092,231.336474,955.328393,Fragile,2026-08-28T10:58:41.807024+00:00
P00018,0978bfc84b8bc35a,Trending,HoltWinters7,5000,2300.0,8.462,2135.079915,2107.853422,2951.737996,3041.732824,3133.65276,0.408,172.657639,741.732824,Fragile,2026-08-28T10:58:41.807024+00:00
P00048,4adab3b5c8e15f31,Trending,HoltWinters7,5000,450.0,8.5728,416.874151,420.895618,573.947006,587.751956,603.410413,0.4076,33.812336,137.751956,Fragile,2026-08-28T10:58:41.807024+00:00
P00718,36e4fdb2c987f0d7,Volatile,RollingMean28,5000,2125.0,15.0638,1985.546523,1987.234593,2570.208786,2663.282472,2814.569802,0.4074,123.386331,538.282472,Fragile,2026-08-28T10:58:41.807024+00:00
P00887,6cb356038e6826cf,Trending,HoltWinters7,5000,3613.0,8.47,3354.24351,3349.93659,4652.130357,4784.772258,4909.140648,0.406,273.345034,1171.772258,Fragile,2026-08-28T10:58:41.807024+00:00
P01938,00c1d55cd654f5d4,Trending,HoltWinters7,5000,2752.0,8.4638,2526.785439,2498.50185,3482.43426,3620.497073,3835.669071,0.405,203.157296,868.497073,Fragile,2026-08-28T10:58:41.807024+00:00
P00866,056e61bc66a93056,Trending,HoltWinters7,5000,928.0,8.4912,854.338564,856.304331,1184.722009,1216.186676,1252.930352,0.4038,68.018051,288.186676,Fragile,2026-08-28T10:58:41.807024+00:00
P01237,0c533fe59c4804b7,Trending,HoltWinters7,5000,1895.0,8.4826,1733.231742,1718.713357,2397.137857,2485.750582,2595.249671,0.4036,136.414256,590.750582,Fragile,2026-08-28T10:58:41.807024+00:00
P00990,25e6a93c97df78fe,Volatile,SES,5000,2181.0,14.957,2031.929547,2026.949468,2650.258321,2747.01178,2924.555403,0.4036,127.613377,566.01178,Fragile,2026-08-28T10:58:41.807024+00:00
P01807,fe8a933518609ff0,Trending,HoltWinters7,5000,5020.0,8.4754,4652.256448,4621.507398,6469.36913,6630.620223,6802.935978,0.4032,384.448203,1610.620223,Fragile,2026-08-28T10:58:41.807024+00:00
P01408,684ef7fd8cdde633,Volatile,Naive,5000,4702.0,14.9806,4387.21024,4377.687726,5693.470797,5912.571075,6218.532253,0.403,270.009269,1210.571075,Fragile,2026-08-28T10:58:41.807024+00:00
P01005,e5457696888ca087,Trending,HoltWinters7,5000,2670.0,8.4612,2454.593506,2450.551957,3386.383097,3525.365066,3682.297643,0.403,195.548285,855.365066,Fragile,2026-08-28T10:58:41.807024+00:00
P00741,9dd02a5c5766d79e,Trending,HoltWinters7,5000,2629.0,8.4814,2422.155787,2426.323617,3328.835568,3443.33334,3554.065193,0.4028,186.897163,814.33334,Fragile,2026-08-28T10:58:41.807024+00:00
P00502,0fd7b96caa7ae079,Trending,HoltWinters7,5000,2377.0,8.4586,2200.045554,2169.462865,3060.492515,3139.10058,3214.342592,0.4024,181.669925,762.10058,Fragile,2026-08-28T10:58:41.807024+00:00
P01293,aeb01702898e6ffe,Trending,HoltWinters7,5000,3699.0,8.46,3427.410534,3374.816796,4769.6603,4896.18776,5024.480008,0.4022,282.999278,1197.18776,Fragile,2026-08-28T10:58:41.807024+00:00
P01044,6fe4aa845a44b41a,Trending,HoltWinters7,5000,2951.0,8.5172,2727.902821,2768.390838,3784.447391,3866.194312,3969.320143,0.4022,219.315493,915.194312,Fragile,2026-08-28T10:58:41.807024+00:00
P00013,ef8d2ffddce5a9bb,Trending,HoltWinters7,5000,2490.0,8.4846,2285.987494,2293.12047,3159.550303,3271.696599,3413.193573,0.4022,183.127515,781.696599,Fragile,2026-08-28T10:58:41.807024+00:00
P00151,2fb28fd35d6e940c,Trending,HoltWinters7,5000,623.0,8.4644,571.591714,569.666065,790.239581,816.899149,850.94837,0.4018,44.306543,193.899149,Fragile,2026-08-28T10:58:41.807024+00:00
P01151,a60bf2b73e0a0b19,Trending,HoltWinters7,5000,965.0,8.4932,894.961227,883.72185,1243.926434,1273.796828,1304.008141,0.4016,73.111541,308.796828,Fragile,2026-08-28T10:58:41.807024+00:00
P00581,6a68247854d36060,Trending,HoltWinters7,5000,3369.0,8.4778,3111.395088,3103.981405,4308.55216,4428.945735,4553.439387,0.4014,249.770974,1059.945735,Fragile,2026-08-28T10:58:41.807024+00:00
P01389,7006cc7865834fdb,Volatile,SES,5000,3147.0,15.0248,2931.128893,2942.101072,3796.798655,3950.386646,4163.97448,0.4014,177.51318,803.386646,Fragile,2026-08-28T10:58:41.807024+00:00
P00552,c0a74421ce7314d4,Trending,HoltWinters7,5000,2392.0,8.5234,2188.536805,2183.928857,3002.716486,3107.750789,3238.205334,0.4006,165.755562,715.750789,Fragile,2026-08-28T10:58:41.807024+00:00
P00120,659b0ded9a7bb45e,Trending,HoltWinters7,5000,2102.0,8.5136,1943.031632,1937.687672,2688.248892,2757.274478,2832.358758,0.4004,155.59516,655.274478,Fragile,2026-08-28T10:58:41.807024+00:00
P01460,f04f2b253c23f56b,Trending,HoltWinters7,5000,2274.0,8.5026,2103.517061,2077.221713,2902.724312,2982.099616,3062.645997,0.4002,167.716929,708.099616,Fragile,2026-08-28T10:58:41.807024+00:00
P01175,25cf24694886e9ac,Trending,HoltWinters7,5000,1011.0,8.4934,930.563982,923.529978,1286.378064,1320.369627,1355.695668,0.3996,72.25739,309.369627,Fragile,2026-08-28T10:58:41.807024+00:00
P01966,e0a254389ccb8256,Trending,HoltWinters7,5000,952.0,8.4708,874.214521,864.301349,1210.969702,1246.564114,1286.678578,0.3996,68.850219,294.564114,Fragile,2026-08-28T10:58:41.807024+00:00
P00515,b2328a2036e18b8e,Trending,HoltWinters7,5000,344.0,8.4922,316.33375,317.305282,436.101022,454.518364,478.065885,0.3988,24.953503,110.518364,Fragile,2026-08-28T10:58:41.807024+00:00
P01982,e90f1376a94b64ea,Trending,HoltWinters7,5000,961.0,8.4614,881.007902,883.35012,1216.725869,1258.149404,1302.615406,0.3986,67.555581,297.149404,Fragile,2026-08-28T10:58:41.807024+00:00
P00904,1262d45f86ed8ddb,Trending,HoltWinters7,5000,3553.0,8.5006,3294.731467,3290.341943,4578.059791,4684.93994,4794.378068,0.398,263.071393,1131.93994,Fragile,2026-08-28T10:58:41.807024+00:00
P01180,71de0575fe79ca9c,Trending,HoltWinters7,5000,2138.0,8.4874,1962.177688,1961.283221,2705.868902,2791.093385,2875.072255,0.3976,151.038847,653.093385,Fragile,2026-08-28T10:58:41.807024+00:00
P01407,17a96009e01ba7c6,Trending,HoltWinters7,5000,3197.0,8.5244,2908.01041,2902.064535,4004.882084,4127.904425,4276.00754,0.3972,215.152607,930.904425,Fragile,2026-08-28T10:58:41.807024+00:00
P01826,1468b4b289749ce3,Trending,HoltWinters7,5000,2496.0,8.464,2302.365928,2284.752467,3176.923277,3282.67982,3372.092931,0.3972,180.919567,786.67982,Fragile,2026-08-28T10:58:41.807024+00:00
P01360,47015b17bbb3c7bc,Trending,HoltWinters7,5000,2433.0,8.5458,2224.590612,2241.085831,3060.557296,3148.38977,3241.648871,0.3958,163.99605,715.38977,Fragile,2026-08-28T10:58:41.807024+00:00
P00189,b4f33f33aec59bfc,Trending,HoltWinters7,5000,2779.0,8.4632,2557.875676,2538.363539,3543.511521,3648.545049,3756.300972,0.3956,200.473648,869.545049,Fragile,2026-08-28T10:58:41.807024+00:00
P00014,cd8348b9384b525f,Volatile,Naive,5000,81.0,15.0348,75.188386,75.182311,97.426933,101.412882,107.166197,0.3956,4.500875,20.412882,Fragile,2026-08-28T10:58:41.807024+00:00
P00179,8853279db9103772,Trending,Naive,5000,1837.0,8.5316,1677.516757,1677.741891,2308.887109,2390.229234,2491.204057,0.3954,126.53564,553.229234,Fragile,2026-08-28T10:58:41.807024+00:00
P01075,6c8fb961ec6fe7cd,Volatile,SES,5000,1710.0,14.9638,1586.263056,1586.174804,2062.609506,2137.281244,2246.57442,0.3952,94.460908,427.281244,Fragile,2026-08-28T10:58:41.807024+00:00
P01250,9f8b15bb48c883e4,Trending,HoltWinters7,5000,2952.0,8.5094,2711.651958,2677.287882,3738.594069,3836.639407,3954.880946,0.3948,209.40175,884.639407,Fragile,2026-08-28T10:58:41.807024+00:00
P01415,2d7753d2a67a6413,Trending,HoltWinters7,5000,1153.0,8.4824,1065.107477,1045.968101,1478.328449,1515.171069,1557.582314,0.3942,85.388649,362.171069,Fragile,2026-08-28T10:58:41.807024+00:00
P01621,a4179a9991d6864d,Trending,HoltWinters7,5000,526.0,8.4966,479.343901,479.345209,662.691408,681.749185,704.005936,0.394,35.831464,155.749185,Fragile,2026-08-28T10:58:41.807024+00:00
P00597,35d387af0d6ac40a,Trending,HoltWinters7,5000,6026.0,8.5316,5571.735529,5631.767182,7666.526114,7886.621228,8096.435518,0.3926,436.165934,1860.621228,Fragile,2026-08-28T10:58:41.807024+00:00
P01090,fba6c2db59aa27d0,Trending,HoltWinters7,5000,45.0,8.484,40.82758,40.737631,56.261229,58.70877,62.702575,0.3922,3.047875,13.70877,Fragile,2026-08-28T10:58:41.807024+00:00
P01452,7c2514a10dff0974,Trending,HoltWinters7,5000,1083.0,8.5054,990.348549,989.460748,1365.409073,1407.414854,1451.408931,0.3914,74.90016,324.414854,Fragile,2026-08-28T10:58:41.807024+00:00
P00133,6a9139d82b7b016f,Trending,HoltWinters7,5000,179.0,8.496,161.480488,162.342283,221.49055,231.912324,244.990596,0.3906,11.660189,52.912324,Fragile,2026-08-28T10:58:41.807024+00:00
P00342,29edd58a546ac205,Trending,HoltWinters7,5000,1590.0,8.4718,1458.820589,1462.914158,2023.362243,2085.350369,2143.026786,0.3898,111.250041,495.350369,Fragile,2026-08-28T10:58:41.807024+00:00
P00337,87628e8ec7b218f8,Trending,HoltWinters7,5000,2348.0,8.4672,2133.471595,2132.771438,2945.131513,3062.919678,3205.949196,0.3892,158.838031,714.919678,Fragile,2026-08-28T10:58:41.807024+00:00
P01390,51737464eab03ca0,Trending,HoltWinters7,5000,2811.0,8.559,2544.514203,2576.441022,3496.127125,3590.95028,3694.984786,0.389,176.60715,779.95028,Fragile,2026-08-28T10:58:41.807024+00:00
P01342,33311f92a3269517,Trending,HoltWinters7,5000,3697.0,8.4926,3391.331251,3339.828356,4693.138222,4815.710009,4944.411586,0.3888,262.211785,1118.710009,Fragile,2026-08-28T10:58:41.807024+00:00
P01376,8a0f9b11aeca239d,Volatile,SES,5000,3956.0,15.0414,3674.087134,3667.118208,4756.429477,4954.548542,5218.626355,0.3886,218.625834,998.548542,Fragile,2026-08-28T10:58:41.807024+00:00
P00137,7555b3d576101e23,Trending,HoltWinters7,5000,2391.0,8.5452,2174.632892,2192.501587,3009.248832,3075.309342,3161.182269,0.3886,159.501438,684.309342,Fragile,2026-08-28T10:58:41.807024+00:00
P01002,201851b38b2ab85f,Trending,HoltWinters7,5000,617.0,8.4804,562.478114,552.390993,777.238645,799.678552,824.810411,0.3874,41.48769,182.678552,Fragile,2026-08-28T10:58:41.807024+00:00
P00839,15cdda59e638e119,Trending,HoltWinters7,5000,2343.0,8.5498,2116.354659,2129.980068,2916.396564,2994.429105,3070.554717,0.387,146.82648,651.429105,Fragile,2026-08-28T10:58:41.807024+00:00
P01935,52fa23c31c2e959b,Trending,HoltWinters7,5000,1017.0,8.533,915.744331,920.99565,1262.310994,1295.28828,1330.504433,0.387,62.897672,278.28828,Fragile,2026-08-28T10:58:41.807024+00:00
P00159,e692182efcadd9bc,Trending,HoltWinters7,5000,170.0,8.4764,153.575678,153.413765,212.203305,221.785317,234.479399,0.386,11.309564,51.785317,Fragile,2026-08-28T10:58:41.807024+00:00
P00674,72ada64ea1b8639e,Trending,HoltWinters7,5000,1809.0,8.4954,1647.284138,1641.60698,2273.556119,2338.992541,2402.933198,0.3854,121.396971,529.992541,Fragile,2026-08-28T10:58:41.807024+00:00
P00143,478957973ac091f7,Trending,HoltWinters7,5000,1225.0,8.5092,1107.878881,1109.819804,1538.350965,1576.90069,1619.270525,0.3848,79.876256,351.90069,Fragile,2026-08-28T10:58:41.807024+00:00
P00748,9cee704895427148,Trending,HoltWinters7,5000,3716.0,8.541,3334.238801,3376.702167,4597.956184,4718.77341,4859.488967,0.3844,221.978736,1002.77341,Fragile,2026-08-28T10:58:41.807024+00:00
P01662,1a82f63e1ab76000,Trending,HoltWinters7,5000,997.0,8.5312,889.990252,898.266849,1223.138784,1257.69562,1299.098694,0.3842,58.214848,260.69562,Fragile,2026-08-28T10:58:41.807024+00:00
P01550,42b9f842fc9fd439,Trending,HoltWinters7,5000,2343.0,8.5208,2121.320791,2112.884205,2926.520253,3008.104459,3104.40883,0.3838,152.03005,665.104459,Fragile,2026-08-28T10:58:41.807024+00:00
P00278,209c1833dfde4738,Trending,HoltWinters7,5000,3143.0,8.5106,2835.919071,2837.955315,3914.081028,4020.268919,4136.312371,0.3834,199.130984,877.268919,Fragile,2026-08-28T10:58:41.807024+00:00
P01643,080abf291b66256b,Trending,HoltWinters7,5000,1457.0,8.4954,1323.120335,1331.627296,1826.544307,1882.20783,1928.865102,0.3834,94.509115,425.20783,Fragile,2026-08-28T10:58:41.807024+00:00
P01761,3038b8436fb16f21,Trending,HoltWinters7,5000,404.0,8.4706,368.167397,361.237281,512.221595,524.234438,539.03911,0.383,27.687201,120.234438,Fragile,2026-08-28T10:58:41.807024+00:00
P01688,38661aec51002f90,Trending,HoltWinters7,5000,2633.0,8.4664,2411.916311,2382.220013,3350.04884,3436.062043,3524.893062,0.3828,180.798815,803.062043,Fragile,2026-08-28T10:58:41.807024+00:00
P01136,24471199d12a589a,Trending,Naive,5000,38.0,8.5278,34.165058,34.238082,46.949866,49.044982,52.674966,0.3824,2.384991,11.044982,Fragile,2026-08-28T10:58:41.807024+00:00
P00786,5c752a34ce0b1417,Volatile,SES,5000,1576.0,15.0576,1448.174748,1447.100848,1879.838898,1949.877404,2077.428645,0.3822,81.122435,373.877404,Fragile,2026-08-28T10:58:41.807024+00:00
P00734,95c63dd903b8e4c4,Trending,HoltWinters7,5000,3395.0,8.4872,3061.882592,3042.14001,4243.79776,4350.820183,4469.521824,0.382,214.778602,955.820183,Fragile,2026-08-28T10:58:41.807024+00:00
P01281,cf8878bc697155bb,Trending,HoltWinters7,5000,1113.0,8.5196,1004.398593,1008.168576,1386.840382,1425.862633,1461.985152,0.3818,70.13104,312.862633,Fragile,2026-08-28T10:58:41.807024+00:00
P01596,a4ca0587d00cccbd,Trending,HoltWinters7,5000,846.0,8.466,763.334621,759.057622,1054.759977,1087.113595,1120.667903,0.3818,53.694671,241.113595,Fragile,2026-08-28T10:58:41.807024+00:00
P00539,ee21125430ffda18,Trending,HoltWinters7,5000,3250.0,8.466,2941.061203,2917.013871,4056.344365,4197.394274,4330.470597,0.3816,211.523292,947.394274,Fragile,2026-08-28T10:58:41.807024+00:00
P00555,6e7eebd6d2948c30,Trending,HoltWinters7,5000,1861.0,8.469,1684.517494,1674.993269,2330.874082,2411.259746,2510.327084,0.3814,122.601345,550.259746,Fragile,2026-08-28T10:58:41.807024+00:00
P00744,714652496aa94912,Trending,HoltWinters7,5000,428.0,8.4944,382.985648,377.660719,529.255395,544.687608,560.748357,0.3808,25.776401,116.687608,Fragile,2026-08-28T10:58:41.807024+00:00
P01583,5127870c3d325e2d,Trending,HoltWinters7,5000,3903.0,8.4624,3535.691538,3525.028377,4889.673093,5049.997513,5220.6747,0.3804,255.045103,1146.997513,Fragile,2026-08-28T10:58:41.807024+00:00
P00770,0289c9c1342157ac,Volatile,SES,5000,1603.0,15.033,1471.656796,1468.779828,1903.608802,1978.736356,2091.430171,0.3804,81.446539,375.736356,Fragile,2026-08-28T10:58:41.807024+00:00
P01953,0d45244ed34f2b0c,Trending,HoltWinters7,5000,2158.0,8.4974,1956.76571,1952.341539,2711.430846,2782.973105,2863.812065,0.3802,141.078482,624.973105,Fragile,2026-08-28T10:58:41.807024+00:00
P01663,5856f1ee4eed88b7,Trending,HoltWinters7,5000,272.0,8.4946,243.229167,242.694492,335.459075,347.520206,362.133046,0.38,16.352588,75.520206,Fragile,2026-08-28T10:58:41.807024+00:00
P00333,d3ed285c83bdee70,Trending,HoltWinters7,5000,309.0,8.4972,278.304612,278.479079,383.520414,399.12388,422.459994,0.3796,19.63328,90.12388,Fragile,2026-08-28T10:58:41.807024+00:00
P01296,4ebd1abcb437037f,Trending,HoltWinters7,5000,116.0,8.5294,104.097607,104.289007,143.292466,149.37193,159.476563,0.3792,7.222482,33.37193,Fragile,2026-08-28T10:58:41.807024+00:00
P01419,7f7640ad74188cd8,Trending,HoltWinters7,5000,756.0,8.5338,682.183328,688.095796,942.601173,964.676583,990.287036,0.3786,46.87006,208.676583,Fragile,2026-08-28T10:58:41.807024+00:00
P00859,8f6689e6e54d39fb,Trending,HoltWinters7,5000,1008.0,8.493,910.973822,907.732052,1261.781642,1295.932673,1329.454975,0.3784,63.907044,287.932673,Fragile,2026-08-28T10:58:41.807024+00:00
P00963,e1e13036f305b52b,Trending,HoltWinters7,5000,360.0,8.4866,323.96102,323.063686,445.113225,462.084727,490.255168,0.3784,22.374876,102.084727,Fragile,2026-08-28T10:58:41.807024+00:00
P00710,4196b5a783c4de66,Trending,HoltWinters7,5000,5639.0,8.4586,5092.975211,5080.221102,7057.268419,7266.63796,7490.432042,0.3782,357.248982,1627.63796,Fragile,2026-08-28T10:58:41.807024+00:00
P00578,4bd514142278e883,Trending,HoltWinters7,5000,2150.0,8.4762,1924.866148,1920.980825,2627.521068,2737.916574,2861.946189,0.377,127.210794,587.916574,Fragile,2026-08-28T10:58:41.807024+00:00
P01438,39d6631bdb216896,Trending,HoltWinters7,5000,2155.0,8.4836,1932.934465,1907.226396,2677.976517,2751.134943,2821.531137,0.3766,130.75384,596.134943,Fragile,2026-08-28T10:58:41.807024+00:00
P01542,a4362b6dcd2e370a,Trending,HoltWinters7,5000,195.0,8.5228,174.997939,174.209278,240.626324,250.733628,264.423481,0.376,11.954732,55.733628,Fragile,2026-08-28T10:58:41.807024+00:00
P01241,9000ab9a93416f0f,Trending,HoltWinters7,5000,2164.0,8.4868,1946.621267,1935.942343,2681.962725,2775.05715,2898.114075,0.3758,134.963558,611.05715,Fragile,2026-08-28T10:58:41.807024+00:00
P01957,2c5a50ad02fde922,Trending,HoltWinters7,5000,764.0,8.4676,687.772919,682.640428,955.725062,981.035383,1010.167782,0.3758,48.21913,217.035383,Fragile,2026-08-28T10:58:41.807024+00:00
P00686,0d85d8dbbd6c3831,Trending,HoltWinters7,5000,2930.0,8.5088,2629.881632,2622.231038,3641.01963,3742.161578,3844.519454,0.3748,181.245911,812.161578,Fragile,2026-08-28T10:58:41.807024+00:00
P01012,5380330b6bf6e1ba,Volatile,SES,5000,1133.0,14.9916,1041.95196,1037.84363,1352.575447,1404.491009,1482.861914,0.3742,57.600318,271.491009,Fragile,2026-08-28T10:58:41.807024+00:00
P01609,8bec7dcc7fdd8407,Trending,HoltWinters7,5000,242.0,8.5398,217.200372,216.252699,299.345312,312.767641,330.087665,0.3736,14.906313,70.767641,Fragile,2026-08-28T10:58:41.807024+00:00
P01714,b53db5e981292021,Trending,HoltWinters7,5000,287.0,8.4872,257.041261,254.399128,355.050333,364.777592,374.899157,0.3728,16.984212,77.777592,Fragile,2026-08-28T10:58:41.807024+00:00
P00169,d3f4f7e75a96ad54,Trending,HoltWinters7,5000,137.0,8.4834,122.672141,121.400365,169.588313,176.774095,186.924539,0.3726,8.482223,39.774095,Fragile,2026-08-28T10:58:41.807024+00:00
P01771,7bc3e9c2851af71c,Trending,HoltWinters7,5000,1175.0,8.4508,1062.096689,1044.489439,1477.500116,1517.178774,1552.90746,0.3712,75.044161,342.178774,Fragile,2026-08-28T10:58:41.807024+00:00
P01500,2507a9840aa7fda4,Volatile,SES,5000,5057.0,15.0844,4600.476749,4603.869834,5956.464096,6189.777708,6542.395766,0.37,237.068612,1132.777708,Fragile,2026-08-28T10:58:41.807024+00:00
P00315,f880f7aee28e88b3,Volatile,RollingMean28,5000,4482.0,15.0284,4080.135165,4080.769413,5271.350447,5485.365878,5812.955275,0.3698,209.296448,1003.365878,Fragile,2026-08-28T10:58:41.807024+00:00
P01677,4424d6a2b84ea5d7,Trending,HoltWinters7,5000,160.0,8.5672,141.946341,142.52159,193.979617,202.37759,214.517713,0.3694,8.824259,42.37759,Fragile,2026-08-28T10:58:41.807024+00:00
P00530,d083d5bf12903361,Volatile,Naive,5000,4865.0,14.9596,4445.464581,4439.47277,5774.031351,5980.321314,6305.429754,0.3692,233.398198,1115.321314,Fragile,2026-08-28T10:58:41.807024+00:00
P01858,dc3c39bc9d471b69,Trending,HoltWinters7,5000,423.0,8.5406,374.174453,377.828429,514.005409,527.684384,543.865012,0.3692,22.615233,104.684384,Fragile,2026-08-28T10:58:41.807024+00:00
P01783,d6f86a74a792173e,Trending,HoltWinters7,5000,3777.0,8.481,3385.568539,3387.548422,4678.825936,4820.752057,4969.428381,0.3682,227.204343,1043.752057,Fragile,2026-08-28T10:58:41.807024+00:00
P01431,7513218f42c458a0,Trending,HoltWinters7,5000,1528.0,8.4988,1361.431268,1348.089872,1883.708065,1932.387482,1993.629936,0.368,87.662248,404.387482,Fragile,2026-08-28T10:58:41.807024+00:00
P01340,e4fc517efdb60ba7,Trending,HoltWinters7,5000,224.0,8.5232,199.084502,198.254892,274.206263,286.639825,301.958363,0.367,13.122364,62.639825,Fragile,2026-08-28T10:58:41.807024+00:00
P01984,b05d706f36aa4530,Trending,HoltWinters7,5000,1373.0,8.4882,1221.928967,1223.076297,1687.140875,1736.287715,1786.450991,0.3668,76.763323,363.287715,Fragile,2026-08-28T10:58:41.807024+00:00
P00454,71898b98250795a3,Volatile,SES,5000,3270.0,15.019,2990.942321,2983.585572,3866.438047,4043.786117,4290.253983,0.3666,158.86825,773.786117,Fragile,2026-08-28T10:58:41.807024+00:00
P00009,7fb3f895c7dc1c5b,Trending,HoltWinters7,5000,1979.0,8.453,1792.713553,1763.147895,2495.767984,2563.73239,2637.207085,0.3666,128.944441,584.73239,Fragile,2026-08-28T10:58:41.807024+00:00
P00483,99bf194947d573b7,Trending,HoltWinters7,5000,3163.0,8.4812,2820.949902,2799.737608,3896.583107,4020.001683,4140.44253,0.366,183.672727,857.001683,Fragile,2026-08-28T10:58:41.807024+00:00
P01727,b5d338b94b44a20c,Trending,HoltWinters7,5000,3381.0,8.5042,2994.311803,2992.822918,4148.145946,4257.753728,4373.878046,0.3654,187.148594,876.753728,Fragile,2026-08-28T10:58:41.807024+00:00
P01388,cef53f55d0c64f05,Trending,HoltWinters7,5000,271.0,8.448,241.691078,239.912596,333.221769,348.177255,368.142603,0.3648,16.192365,77.177255,Fragile,2026-08-28T10:58:41.807024+00:00
P01093,6250d92172cfe25e,Trending,HoltWinters7,5000,2286.0,8.4682,2042.898389,2045.394611,2836.14368,2926.268191,3017.478902,0.3634,136.88232,640.268191,Fragile,2026-08-28T10:58:41.807024+00:00
P00860,b723ecf3711159da,Trending,HoltWinters7,5000,332.0,8.5198,296.369398,295.10396,407.074434,424.52169,449.105994,0.3628,19.343047,92.52169,Fragile,2026-08-28T10:58:41.807024+00:00
P00616,d77ad5b5f2e6ec2b,Volatile,SES,5000,4410.0,15.0006,4021.753377,4010.047407,5225.997937,5414.906596,5727.911318,0.3626,208.616638,1004.906596,Fragile,2026-08-28T10:58:41.807024+00:00
P01427,4dace68a4b0edfa8,Trending,HoltWinters7,5000,139.0,8.4494,123.534733,123.278958,171.363762,178.665104,189.018403,0.3626,8.279252,39.665104,Fragile,2026-08-28T10:58:41.807024+00:00
P01140,77500345c110217e,Trending,HoltWinters7,5000,3589.0,8.475,3205.396557,3169.99096,4442.212101,4571.267878,4701.043464,0.362,209.948315,982.267878,Fragile,2026-08-28T10:58:41.807024+00:00
P00474,a489afb497e228e2,Volatile,SES,5000,5169.0,14.9632,4685.285571,4666.683481,6094.296343,6338.38615,6745.08827,0.3614,238.371554,1169.38615,Fragile,2026-08-28T10:58:41.807024+00:00
P00431,52f4954b502b9069,Trending,HoltWinters7,5000,327.0,8.5822,289.413164,289.409749,399.239929,416.296313,441.446314,0.3604,18.466016,89.296313,Fragile,2026-08-28T10:58:41.807024+00:00
P01882,b9bdade173523c8e,Stable,Naive,5000,374.0,7.5224,338.562391,338.78852,446.764501,457.184573,469.497341,0.3592,18.328914,83.184573,Fragile,2026-08-28T10:58:41.807024+00:00
P01240,4af1063352bd28a5,Trending,HoltWinters7,5000,72.0,8.5498,63.494385,63.311909,87.669856,91.847539,98.50311,0.358,4.04696,19.847539,Fragile,2026-08-28T10:58:41.807024+00:00
P01060,689b57e38d506d78,Seasonal,HoltWinters7,5000,1462.0,10.4366,1312.542029,1290.460037,1733.997578,1767.806449,1804.762955,0.3568,63.557735,305.806449,Fragile,2026-08-28T10:58:41.807024+00:00
P01642,667a5cb02e5722ca,Stable,Naive,5000,565.0,7.513,510.845307,512.846977,674.781673,690.946655,712.397135,0.3558,27.429854,125.946655,Fragile,2026-08-28T10:58:41.807024+00:00
P00125,83401df2ae866841,Trending,Naive,5000,212.0,8.5308,187.137982,186.811941,256.798619,268.79745,285.972457,0.3548,11.545968,56.79745,Fragile,2026-08-28T10:58:41.807024+00:00
P01831,d82c445207484f4d,Volatile,SES,5000,2153.0,14.9808,1947.756362,1945.898651,2526.418294,2628.814464,2782.38384,0.3544,96.276797,475.814464,Fragile,2026-08-28T10:58:41.807024+00:00
P00607,074506064568d743,Trending,HoltWinters7,5000,102.0,8.4936,89.758772,89.030616,124.196923,128.975669,137.899455,0.3524,5.563323,26.975669,Fragile,2026-08-28T10:58:41.807024+00:00
P00070,caf63f01c710d0be,Volatile,RollingMean28,5000,4942.0,15.0378,4483.089731,4489.381123,5770.666536,6011.025813,6384.126289,0.3516,213.966134,1069.025813,Fragile,2026-08-28T10:58:41.807024+00:00
P01114,f8e3a3bc6db2010e,Trending,HoltWinters7,5000,2514.0,8.5224,2188.419336,2212.154573,3026.406019,3100.653513,3201.974205,0.351,119.173068,586.653513,Fragile,2026-08-28T10:58:41.807024+00:00
P01735,e8c1541d3968ac39,Trending,HoltWinters7,5000,221.0,8.5654,194.658247,195.665273,266.617801,279.446343,297.814968,0.3506,11.725128,58.446343,Fragile,2026-08-28T10:58:41.807024+00:00
P01352,aa8adb50e9a85e7a,Trending,HoltWinters7,5000,1473.0,8.5154,1277.970625,1290.906821,1769.316804,1813.259204,1860.85774,0.3494,68.385599,340.259204,Fragile,2026-08-28T10:58:41.807024+00:00
P00240,f5521b900a15f520,Trending,HoltWinters7,5000,134.0,8.548,117.209525,116.991889,160.855312,168.602052,178.173528,0.3478,6.853136,34.602052,Fragile,2026-08-28T10:58:41.807024+00:00
P01458,e94b5cda76e518d2,Intermittent,SeasonalNaive7,5000,2330.0,18.5404,2072.795757,2027.443719,3021.172616,3294.12687,3830.628788,0.346,179.26628,964.12687,Fragile,2026-08-28T10:58:41.807024+00:00
P01514,93087933cfa47a66,Stable,Naive,5000,42.0,7.4848,37.437783,37.323904,49.382739,51.178205,53.901959,0.3458,1.874079,9.178205,Fragile,2026-08-28T10:58:41.807024+00:00
P01985,eccd174316462249,Trending,HoltWinters7,5000,343.0,8.5102,298.778599,297.179294,412.12865,430.397377,453.875119,0.3454,17.15642,87.397377,Fragile,2026-08-28T10:58:41.807024+00:00
P01853,9dc2a71ae902474f,Volatile,RollingMean28,5000,3736.0,14.9974,3362.034868,3354.792074,4355.753357,4521.973594,4778.078316,0.3448,156.471514,785.973594,Fragile,2026-08-28T10:58:41.807024+00:00
P01133,bcf68b4433f93faa,Trending,HoltWinters7,5000,356.0,8.4892,312.268543,311.383206,430.842201,449.049408,475.823217,0.3444,18.560613,93.049408,Fragile,2026-08-28T10:58:41.807024+00:00
P00058,f64b94dd6997f45a,Trending,HoltWinters7,5000,244.0,8.523,213.40209,213.092058,292.137366,305.533617,326.159519,0.3442,12.430644,61.533617,Fragile,2026-08-28T10:58:41.807024+00:00
P01362,88ceed686de9baf8,Trending,HoltWinters7,5000,240.0,8.517,209.773498,209.617659,287.797816,299.57099,316.482149,0.3428,11.920295,59.57099,Fragile,2026-08-28T10:58:41.807024+00:00
P01423,d439b323cec1f304,Trending,HoltWinters7,5000,147.0,8.4702,127.797769,127.275871,176.571831,183.97926,195.416475,0.3418,7.386528,36.97926,Fragile,2026-08-28T10:58:41.807024+00:00
P00498,55115e9cd0de8685,Trending,HoltWinters7,5000,119.0,8.5166,103.295918,103.094319,141.67879,148.35322,155.731368,0.3418,5.689716,29.35322,Fragile,2026-08-28T10:58:41.807024+00:00
P01598,16fe22978d7f2c60,Trending,HoltWinters7,5000,243.0,8.5066,211.899809,211.776053,290.036017,303.448388,323.860967,0.341,11.868662,60.448388,Fragile,2026-08-28T10:58:41.807024+00:00
P01607,4304963fd938bdef,Trending,HoltWinters7,5000,171.0,8.4954,147.273341,146.937454,202.510673,211.644887,225.020813,0.3408,7.984698,40.644887,Fragile,2026-08-28T10:58:41.807024+00:00
P01511,8af55b6fd8668ff1,Volatile,SES,5000,1692.0,15.0752,1529.187001,1529.46876,1979.31377,2056.849216,2175.45356,0.3404,71.345665,364.849216,Fragile,2026-08-28T10:58:41.807024+00:00
P00721,a770744e51ae491c,Volatile,SES,5000,2308.0,14.9912,2068.168244,2069.984791,2686.776301,2795.622306,2948.281798,0.3396,93.577978,487.622306,Fragile,2026-08-28T10:58:41.807024+00:00
P00731,c95b898459fb4ae9,Trending,HoltWinters7,5000,309.0,8.4942,270.01482,269.215021,371.466981,388.107248,413.824776,0.3392,15.702511,79.107248,Fragile,2026-08-28T10:58:41.807024+00:00
P01442,4c38d1f319489ccd,Trending,HoltWinters7,5000,107.0,8.51,93.167074,92.820424,127.895054,133.331645,142.472909,0.3388,5.215634,26.331645,Fragile,2026-08-28T10:58:41.807024+00:00
P01416,65f53b6a1e241714,Volatile,RollingMean28,5000,2364.0,14.9808,2109.1566,2104.975848,2736.181844,2853.273704,3004.242458,0.3386,95.022986,489.273704,Fragile,2026-08-28T10:58:41.807024+00:00
P01482,019a17aa61ca2f5d,Trending,HoltWinters7,5000,52.0,8.5564,45.0342,45.081296,61.640598,64.24327,68.256835,0.3378,2.42236,12.24327,Fragile,2026-08-28T10:58:41.807024+00:00
P01719,28df3bac2420222b,Volatile,SES,5000,3905.0,15.0348,3490.212252,3485.077203,4527.805126,4693.587472,4950.609871,0.3374,155.74951,788.587472,Fragile,2026-08-28T10:58:41.807024+00:00
P01549,98ff89090cede471,Trending,HoltWinters7,5000,322.0,8.4828,278.703105,278.523892,386.372957,402.155866,428.885421,0.3364,15.62082,80.155866,Fragile,2026-08-28T10:58:41.807024+00:00
P01780,d9d95f7f19de6e98,Stable,HoltWinters7,5000,1799.0,7.4714,1597.31403,1602.190721,2119.766051,2178.413301,2244.120026,0.335,75.506693,379.413301,Fragile,2026-08-28T10:58:41.807024+00:00
P01276,8c6c252d63b3cacb,Trending,HoltWinters7,5000,107.0,8.4794,92.191973,91.794942,127.645429,133.24107,140.520529,0.3344,5.076036,26.24107,Fragile,2026-08-28T10:58:41.807024+00:00
P00216,d1bf0ebd8223e13f,Trending,HoltWinters7,5000,105.0,8.5018,91.437287,91.021127,125.791746,132.593227,141.035273,0.334,5.295293,27.593227,Fragile,2026-08-28T10:58:41.807024+00:00
P00629,abde287b836ff3c4,Trending,HoltWinters7,5000,308.0,8.4828,267.967258,265.842731,370.358838,386.019926,407.049962,0.3332,15.385937,78.019926,Fragile,2026-08-28T10:58:41.807024+00:00
P00460,21779990ab6136b7,Trending,HoltWinters7,5000,129.0,8.4916,111.518998,111.508553,153.440359,160.589572,170.840426,0.333,6.107742,31.589572,Fragile,2026-08-28T10:58:41.807024+00:00
P00198,e957c9bcd603c277,Volatile,Naive,5000,4558.0,14.9816,4060.29943,4041.527813,5284.788887,5471.277388,5792.222416,0.3322,175.998752,913.277388,Fragile,2026-08-28T10:58:41.807024+00:00
P00543,bb2572d7cf6e5a31,Trending,HoltWinters7,5000,242.0,8.5536,209.016398,209.861966,286.09104,299.169329,318.188165,0.3316,10.947886,57.169329,Fragile,2026-08-28T10:58:41.807024+00:00
P01308,be5ce7485c224e7b,Volatile,SES,5000,2728.0,15.0008,2439.004769,2431.617511,3171.693039,3286.601964,3465.546426,0.3314,108.274902,558.601964,Fragile,2026-08-28T10:58:41.807024+00:00
P01192,c55db492f47e1c89,Seasonal,HoltWinters7,5000,3831.0,10.5562,3377.424253,3401.292671,4402.605798,4505.242295,4610.669209,0.331,132.195895,674.242295,Fragile,2026-08-28T10:58:41.807024+00:00
P01708,819beca22a7aa101,Trending,HoltWinters7,5000,109.0,8.506,94.154226,94.00136,130.216174,135.855804,144.47285,0.331,5.234098,26.855804,Fragile,2026-08-28T10:58:41.807024+00:00
P00223,cc021e3412b22765,Trending,HoltWinters7,5000,50.0,8.519,43.135565,43.204683,59.512396,62.432438,67.130976,0.3304,2.385996,12.432438,Fragile,2026-08-28T10:58:41.807024+00:00
P00595,d6564bd39e652f7d,Volatile,SES,5000,4327.0,14.9846,3857.481961,3836.975335,5021.493904,5191.881599,5499.552515,0.33,171.319666,864.881599,Fragile,2026-08-28T10:58:41.807024+00:00
P01821,d9d3ca9fff60db95,Trending,HoltWinters7,5000,364.0,8.5132,314.406714,313.379795,434.604089,453.313694,483.683746,0.3296,17.268686,89.313694,Fragile,2026-08-28T10:58:41.807024+00:00
P00920,80f481ed09ca14ab,Trending,HoltWinters7,5000,323.0,8.517,279.030655,277.928515,385.010545,403.232781,430.331356,0.3296,15.368851,80.232781,Fragile,2026-08-28T10:58:41.807024+00:00
P01089,c6ef0aec131675ab,Volatile,SES,5000,2692.0,14.9436,2401.140536,2384.419531,3114.540854,3247.86434,3428.322461,0.3294,104.899021,555.86434,Fragile,2026-08-28T10:58:41.807024+00:00
P00445,9b17c761f8770711,Volatile,SES,5000,997.0,15.0144,885.731417,884.416599,1144.335084,1189.560428,1252.225191,0.3294,36.620413,192.560428,Fragile,2026-08-28T10:58:41.807024+00:00
P01516,249bc6d7de7436ac,Trending,HoltWinters7,5000,180.0,8.4612,155.971655,156.059755,214.586557,224.967017,239.569587,0.3294,8.565294,44.967017,Fragile,2026-08-28T10:58:41.807024+00:00
P00953,c960bf9f0dc90f18,Trending,HoltWinters7,5000,305.0,8.5228,261.314435,260.047274,359.31677,373.744255,394.511147,0.3268,13.101842,68.744255,Fragile,2026-08-28T10:58:41.807024+00:00
P01539,9c6a51916c2ee5da,Trending,HoltWinters7,5000,382.0,8.5194,329.640797,328.203139,454.17776,474.098061,501.666737,0.3266,17.617443,92.098061,Fragile,2026-08-28T10:58:41.807024+00:00
P01335,4a518a2294519285,Volatile,SES,5000,622.0,14.9356,552.920609,548.483271,722.371835,748.96355,789.127915,0.3256,24.144761,126.96355,Fragile,2026-08-28T10:58:41.807024+00:00
P01334,e4e648201c0640b8,Volatile,SES,5000,4787.0,14.9396,4257.575925,4233.453575,5534.153632,5759.425086,6083.91522,0.3252,183.642148,972.425086,Fragile,2026-08-28T10:58:41.807024+00:00
P01519,4be0d92ed2df0b1a,Trending,Holt,5000,389.0,8.4976,335.252727,334.743923,464.30291,487.297082,523.986148,0.3252,18.485173,98.297082,Fragile,2026-08-28T10:58:41.807024+00:00
P00722,01848c457d6b8329,Trending,HoltWinters7,5000,367.0,8.4546,316.593938,315.527254,440.454299,459.477037,488.62921,0.3246,17.601564,92.477037,Fragile,2026-08-28T10:58:41.807024+00:00
P00868,dd9cf328392107a8,Volatile,Naive,5000,84.0,14.9498,74.66482,74.366516,97.278343,101.178879,107.164752,0.3236,3.233153,17.178879,Fragile,2026-08-28T10:58:41.807024+00:00
P01849,2c0d46e3064ee63a,Volatile,SES,5000,1806.0,14.9948,1597.350072,1594.119736,2075.209534,2157.759568,2262.415888,0.3226,65.537184,351.759568,Fragile,2026-08-28T10:58:41.807024+00:00
P00437,eda4b12efda5ae7e,Trending,HoltWinters7,5000,230.0,8.49,197.216941,196.022392,271.644933,283.121554,301.148588,0.3212,10.225007,53.121554,Fragile,2026-08-28T10:58:41.807024+00:00
P00855,d1527ab15a5a6ef8,Trending,HoltWinters7,5000,100.0,8.4932,85.969445,85.803984,118.466487,123.645794,131.02468,0.321,4.457855,23.645794,Fragile,2026-08-28T10:58:41.807024+00:00
P00785,6fd73a8cbe6784df,Trending,Naive,5000,59.0,8.4482,50.644557,50.5098,70.489679,73.621896,78.067881,0.3208,2.764622,14.621896,Fragile,2026-08-28T10:58:41.807024+00:00
P00190,ca1af7343f452d75,Trending,HoltWinters7,5000,286.0,8.5566,245.188466,244.783529,337.522697,352.252013,378.53309,0.3196,12.493706,66.252013,Fragile,2026-08-28T10:58:41.807024+00:00
P00582,6703abfc569ed4e0,Volatile,SES,5000,2596.0,14.9382,2299.512537,2291.467571,3016.023765,3142.253174,3308.650243,0.3188,101.613943,546.253174,Fragile,2026-08-28T10:58:41.807024+00:00
P01640,39e3875be197b020,Volatile,SES,5000,1618.0,15.0228,1428.950847,1428.357286,1855.330959,1922.287023,2024.759512,0.3186,56.83764,304.287023,Fragile,2026-08-28T10:58:41.807024+00:00
P00810,f9a443c9ff21a05c,Trending,HoltWinters7,5000,357.0,8.5034,304.555152,304.679589,421.067557,438.099074,466.062978,0.3184,15.187438,81.099074,Fragile,2026-08-28T10:58:41.807024+00:00
P00768,7d515d7a41d216ba,Volatile,SES,5000,589.0,15.0122,519.384999,514.659629,672.575779,699.478266,730.976546,0.3182,20.300545,110.478266,Fragile,2026-08-28T10:58:41.807024+00:00
P00892,cbde34d94274acf9,Volatile,SES,5000,4094.0,14.9912,3612.21605,3613.862737,4705.475341,4878.146056,5134.800833,0.318,146.374089,784.146056,Fragile,2026-08-28T10:58:41.807024+00:00
P01902,69c7473a7c9a9ab4,Trending,HoltWinters7,5000,70.0,8.4796,60.461455,59.898407,83.659955,87.60628,94.673747,0.318,3.354419,17.60628,Fragile,2026-08-28T10:58:41.807024+00:00
P01371,d30ae932f47c10d0,Volatile,SES,5000,5106.0,15.0298,4518.384203,4501.678726,5875.615377,6088.781431,6445.133491,0.3178,186.389391,982.781431,Fragile,2026-08-28T10:58:41.807024+00:00
P00390,fd3b4aba841f4b94,Volatile,SES,5000,670.0,14.9702,592.627736,593.487267,768.196971,797.895355,838.934282,0.3166,24.032139,127.895355,Fragile,2026-08-28T10:58:41.807024+00:00
P00937,24520787a21119f2,Trending,HoltWinters7,5000,221.0,8.5232,188.460109,188.371223,260.759515,272.410179,289.464232,0.316,9.479584,51.410179,Fragile,2026-08-28T10:58:41.807024+00:00
P00653,d7b391a5d1368210,Stable,HoltWinters7,5000,1462.0,7.5118,1244.211397,1283.101811,1650.085888,1669.607841,1692.36392,0.3158,37.203475,207.607841,Fragile,2026-08-28T10:58:41.807024+00:00
P00425,b5080d11dd5d6b08,Trending,HoltWinters7,5000,242.0,8.4746,207.135503,206.905116,286.236902,299.497368,319.531378,0.3158,10.650916,57.497368,Fragile,2026-08-28T10:58:41.807024+00:00
P00825,355152584a7d9943,Seasonal,HoltWinters7,5000,1165.0,10.5182,1024.245529,1022.429456,1345.652741,1372.554353,1398.75403,0.3154,38.989999,207.554353,Fragile,2026-08-28T10:58:41.807024+00:00
P00182,35e92ddb9c9b2e04,Trending,HoltWinters7,5000,136.0,8.5082,115.976554,115.087586,160.038399,167.169799,177.035195,0.315,5.766117,31.169799,Fragile,2026-08-28T10:58:41.807024+00:00
P00870,960bfd770c0f4e77,Volatile,SES,5000,5224.0,14.9888,4623.922089,4621.528699,5986.470754,6267.779399,6634.785918,0.3138,187.66095,1043.779399,Fragile,2026-08-28T10:58:41.807024+00:00
P00557,cbd0a5f352fa04c4,Trending,HoltWinters7,5000,74.0,8.4868,62.950485,62.552779,87.228711,91.308043,97.362199,0.313,3.185742,17.308043,Fragile,2026-08-28T10:58:41.807024+00:00
P01936,a4fabd68b31fbce0,Volatile,RollingMean28,5000,2641.0,15.001,2326.003347,2314.342992,3007.183604,3124.914423,3306.26834,0.3126,89.204944,483.914423,Fragile,2026-08-28T10:58:41.807024+00:00
P01018,e56990199c10d6bd,Seasonal,HoltWinters7,5000,2777.0,10.5628,2435.561728,2463.780802,3178.767691,3251.072101,3327.114759,0.3122,88.913572,474.072101,Fragile,2026-08-28T10:58:41.807024+00:00
P01897,ca707430172d4c6f,Stable,HoltWinters7,5000,2439.0,7.5164,2065.631048,2126.075947,2734.322458,2769.277736,2817.620723,0.3118,58.74104,330.277736,Fragile,2026-08-28T10:58:41.807024+00:00
P00153,fc30679fa41b4833,Trending,HoltWinters7,5000,336.0,8.5608,284.780808,285.311182,393.329878,407.597166,431.967331,0.3116,13.536139,71.597166,Fragile,2026-08-28T10:58:41.807024+00:00
P01930,0412f94f59c59313,Trending,SES,5000,110.0,8.502,94.34218,93.598964,130.234161,136.406807,146.009893,0.3116,4.921287,26.406807,Fragile,2026-08-28T10:58:41.807024+00:00
P00997,3a223c2c6ae99c6c,Volatile,RollingMean28,5000,3532.0,14.989,3100.586098,3097.953958,4015.219013,4160.741765,4379.234911,0.3112,116.898951,628.741765,Fragile,2026-08-28T10:58:41.807024+00:00
P00293,b78f78f19417602a,Stable,HoltWinters7,5000,1675.0,7.4866,1441.19187,1425.904392,1915.543257,1952.799752,2011.165236,0.3112,52.724272,277.799752,Fragile,2026-08-28T10:58:41.807024+00:00
P00519,66b8c751f36bb285,Volatile,SES,5000,2511.0,14.9746,2207.963451,2207.08795,2856.341881,2957.200316,3110.61919,0.311,82.451953,446.200316,Fragile,2026-08-28T10:58:41.807024+00:00
P00746,3a282d2320dc7f26,Volatile,SES,5000,288.0,15.0314,252.272471,252.415167,328.265369,341.451562,359.891271,0.3104,9.697321,53.451562,Fragile,2026-08-28T10:58:41.807024+00:00
P01529,364262c50d5f6494,Volatile,SES,5000,4635.0,15.0636,4072.582274,4057.948099,5274.663334,5484.804344,5828.435811,0.3092,156.367459,849.804344,Fragile,2026-08-28T10:58:41.807024+00:00
P00576,d43b2c2e3d161e92,Volatile,SES,5000,518.0,14.9552,452.476389,450.135274,589.862633,611.333082,646.061765,0.3086,17.198133,93.333082,Fragile,2026-08-28T10:58:41.807024+00:00
P01527,a36aa3fc64985483,Stable,Naive,5000,273.0,7.5246,233.306685,236.02548,308.557502,314.28991,322.310868,0.3086,7.608266,41.28991,Fragile,2026-08-28T10:58:41.807024+00:00
P00536,7aa35d9802f4c64d,Volatile,RollingMean28,5000,2299.0,15.003,2021.173259,2033.412351,2616.189879,2711.793478,2836.821047,0.308,75.598673,412.793478,Fragile,2026-08-28T10:58:41.807024+00:00
P01277,0d75b849c04b1080,Trending,HoltWinters7,5000,332.0,8.5304,281.679985,279.912169,389.727712,406.321119,435.100465,0.3078,13.49566,74.321119,Fragile,2026-08-28T10:58:41.807024+00:00
P00470,2807b8835bb8c5ff,Volatile,SES,5000,4947.0,15.0012,4333.160391,4324.433232,5623.642067,5826.062887,6172.901267,0.3074,161.003726,879.062887,Fragile,2026-08-28T10:58:41.807024+00:00
P01134,6ce5e146fb9108bc,Trending,HoltWinters7,5000,355.0,8.5018,302.846906,302.500022,415.209257,432.815837,460.655957,0.3072,14.286852,77.815837,Fragile,2026-08-28T10:58:41.807024+00:00
P01201,9a9acf087dce1cbc,Stable,HoltWinters7,5000,1451.0,7.509,1234.089308,1264.477109,1634.934935,1655.69559,1682.808706,0.307,35.758064,204.69559,Fragile,2026-08-28T10:58:41.807024+00:00
P01162,bf644884d8011985,Trending,HoltWinters7,5000,340.0,8.4716,288.512794,286.132121,398.432913,415.39553,439.613254,0.307,13.866266,75.39553,Fragile,2026-08-28T10:58:41.807024+00:00
P01970,38d5d05b784a00bd,Trending,HoltWinters7,5000,302.0,8.4992,256.047232,255.199613,354.31812,368.575529,389.967225,0.3064,12.198832,66.575529,Fragile,2026-08-28T10:58:41.807024+00:00
P01645,deaf2ff24ec27ad8,Trending,SES,5000,358.0,8.4692,305.290375,301.434599,424.954473,444.232295,475.545594,0.3062,15.849115,86.232295,Fragile,2026-08-28T10:58:41.807024+00:00
P01810,7c9dcb55f2b70e5e,Trending,HoltWinters7,5000,197.0,8.5052,166.003341,165.772572,229.509377,238.920144,253.03316,0.3062,7.742642,41.920144,Fragile,2026-08-28T10:58:41.807024+00:00
P00265,9111ae9c1da43391,Volatile,SES,5000,1807.0,15.0164,1586.309019,1578.767966,2058.30373,2140.217548,2283.607248,0.3058,61.618567,333.217548,Fragile,2026-08-28T10:58:41.807024+00:00
P00632,bc859a015f060c0b,Stable,HoltWinters7,5000,636.0,7.4724,547.099577,541.900607,726.349445,744.432992,769.004161,0.3054,19.974718,108.432992,Fragile,2026-08-28T10:58:41.807024+00:00
P00055,0d6d64efd3d1778d,Stable,HoltWinters7,5000,2202.0,7.5196,1878.032698,1915.958882,2482.499033,2524.573929,2584.915854,0.3052,57.356437,322.573929,Fragile,2026-08-28T10:58:41.807024+00:00
P00481,17b391feb029ba36,Stable,HoltWinters7,5000,456.0,7.4894,387.075587,376.555526,513.679036,521.566179,531.089039,0.3052,11.422107,65.566179,Fragile,2026-08-28T10:58:41.807024+00:00
P00016,620db98727d62887,Trending,HoltWinters7,5000,199.0,8.4784,167.928199,167.013763,231.493721,242.340155,256.788173,0.3052,7.807306,43.340155,Fragile,2026-08-28T10:58:41.807024+00:00
P01396,53c64b53a7c2fb8d,Volatile,SES,5000,1919.0,14.934,1681.303649,1671.374786,2190.439674,2274.429875,2398.337633,0.3048,64.040573,355.429875,Fragile,2026-08-28T10:58:41.807024+00:00
P00795,bf71ab7bd2087edf,Trending,HoltWinters7,5000,247.0,8.543,208.741909,208.31175,287.372352,298.735379,316.594092,0.3048,9.566088,51.735379,Fragile,2026-08-28T10:58:41.807024+00:00
P00412,9766404fbe15181c,Volatile,SES,5000,3750.0,15.0968,3294.816765,3296.440601,4261.313551,4416.666505,4644.910246,0.3046,120.828356,666.666505,Fragile,2026-08-28T10:58:41.807024+00:00
P01270,e44ec077d50e512e,Seasonal,HoltWinters7,5000,278.0,10.5616,242.575818,245.058128,317.137866,323.686981,330.870421,0.3038,8.528694,45.686981,Fragile,2026-08-28T10:58:41.807024+00:00
P01170,09d071ddfc59757c,Stable,HoltWinters7,5000,263.0,7.5018,223.994663,220.420244,297.31329,303.015316,309.971052,0.3036,7.226004,40.015316,Fragile,2026-08-28T10:58:41.807024+00:00
P00229,ff5f4f27b3dceece,Volatile,SES,5000,4555.0,14.99,3996.159276,3997.263407,5186.008331,5372.730301,5674.487503,0.3028,148.095969,817.730301,Fragile,2026-08-28T10:58:41.807024+00:00
P00163,9ffd9d1bf83dc07b,Seasonal,HoltWinters7,5000,3916.0,10.4686,3405.601598,3352.440161,4476.726968,4580.843735,4685.001015,0.3026,121.364771,664.843735,Fragile,2026-08-28T10:58:41.807024+00:00
P01997,e2453a30f8faa901,Volatile,SES,5000,3418.0,15.0428,2988.964873,2994.482854,3878.736479,4029.74864,4275.509448,0.3014,109.256177,611.74864,Fragile,2026-08-28T10:58:41.807024+00:00
P01543,55dbedc8c8a67ead,Stable,HoltWinters7,5000,1492.0,7.5148,1268.953294,1248.658184,1681.256989,1708.367097,1745.305209,0.3006,38.456748,216.367097,Fragile,2026-08-28T10:58:41.807024+00:00
P01262,5659ac0b5f19c9b2,Stable,HoltWinters7,5000,629.0,7.474,532.033813,514.940593,707.336849,716.729197,728.185189,0.3006,15.025136,87.729197,Fragile,2026-08-28T10:58:41.807024+00:00
P01617,ca1af7c035ce18ab,Stable,HoltWinters7,5000,1532.0,7.5006,1324.918449,1311.937923,1747.000504,1796.978378,1854.71293,0.3004,47.599179,264.978378,Fragile,2026-08-28T10:58:41.807024+00:00
P00959,89182e71059fcf36,Trending,SES,5000,101.0,8.5136,85.199895,85.480738,117.429027,123.171455,132.168946,0.3002,3.940831,22.171455,Fragile,2026-08-28T10:58:41.807024+00:00
P01837,547b8ab5ce82dd71,Trending,HoltWinters7,5000,230.0,8.5052,194.421896,194.123311,268.153515,278.768515,293.347467,0.2992,8.925563,48.768515,Fragile,2026-08-28T10:58:41.807024+00:00
P01398,4d396231fcc7346c,Trending,HoltWinters7,5000,239.0,8.501,201.169028,199.731012,278.069993,291.306336,310.341765,0.299,9.285006,52.306336,Fragile,2026-08-28T10:58:41.807024+00:00
P00824,cb71254daeacd848,Stable,HoltWinters7,5000,169.0,7.4766,144.077954,141.705238,190.742858,195.390584,201.47932,0.299,4.741148,26.390584,Fragile,2026-08-28T10:58:41.807024+00:00
P01428,696be6aeb97cb4b5,Volatile,SES,5000,4125.0,15.0668,3594.359285,3585.986004,4661.296572,4847.102329,5092.290296,0.2982,126.931899,722.102329,Fragile,2026-08-28T10:58:41.807024+00:00
P01762,3c7a2ad53a561626,Stable,HoltWinters7,5000,519.0,7.5448,443.176842,446.193144,583.958126,598.123307,616.316043,0.298,14.040383,79.123307,Fragile,2026-08-28T10:58:41.807024+00:00
P01562,14b7cde400e63ee8,Trending,HoltWinters7,5000,66.0,8.4706,55.646036,55.201803,76.871265,80.563035,85.894253,0.2974,2.592359,14.563035,Fragile,2026-08-28T10:58:41.807024+00:00
P01600,a74c3b742bb468ad,Volatile,SES,5000,5263.0,14.9642,4602.787495,4588.015055,5982.645634,6216.679705,6590.137676,0.297,168.985763,953.679705,Fragile,2026-08-28T10:58:41.807024+00:00
P00692,07c2dcf8195d9eaa,Stable,Naive,5000,105.0,7.4892,89.782923,88.913604,118.84949,121.375786,125.195131,0.2966,2.91777,16.375786,Fragile,2026-08-28T10:58:41.807024+00:00
P01048,faa3b2e14ac667ec,Trending,HoltWinters7,5000,176.0,8.562,148.314074,148.392897,204.234511,213.410621,228.08627,0.2964,6.753212,37.410621,Fragile,2026-08-28T10:58:41.807024+00:00
P00501,deb825eb9feba5e5,Stable,HoltWinters7,5000,4146.0,7.4784,3493.459635,3395.092475,4647.506578,4709.022461,4791.582563,0.2952,94.418664,563.022461,Fragile,2026-08-28T10:58:41.807024+00:00
P01430,da7dd33a460c3e25,Volatile,SES,5000,892.0,14.9796,778.269829,773.68578,1015.363051,1055.880223,1120.137925,0.2946,29.048369,163.880223,Fragile,2026-08-28T10:58:41.807024+00:00
P00401,a511f56d087a9fac,Trending,HoltWinters7,5000,230.0,8.5162,192.168964,191.247938,265.361753,276.505,294.153478,0.2946,8.215554,46.505,Fragile,2026-08-28T10:58:41.807024+00:00
P00180,643aa5487fbd67ad,Trending,SES,5000,148.0,8.5538,124.423018,123.953036,171.200996,178.98658,190.718417,0.2946,5.481712,30.98658,Fragile,2026-08-28T10:58:41.807024+00:00
P01317,b6370804fb86f8c6,Seasonal,HoltWinters7,5000,1641.0,10.4712,1421.761124,1407.331706,1874.142163,1914.509684,1959.167966,0.2944,50.273728,273.509684,Fragile,2026-08-28T10:58:41.807024+00:00
P00329,58a23fa5c0a76df9,Volatile,Naive,5000,483.0,15.0214,420.163288,418.797079,541.609273,560.762574,589.34898,0.2944,14.022265,77.762574,Fragile,2026-08-28T10:58:41.807024+00:00
P01575,cf4612dd6c8caaf2,Trending,HoltWinters7,5000,199.0,8.5274,167.342817,166.473837,230.250687,239.897532,255.491308,0.294,7.423455,40.897532,Fragile,2026-08-28T10:58:41.807024+00:00
P01030,f7a44ecd53afd9cc,Volatile,SES,5000,3460.0,14.9858,3002.243741,2988.038185,3893.539612,4040.906432,4299.345817,0.2936,103.018254,580.906432,Fragile,2026-08-28T10:58:41.807024+00:00
P00004,68425ea1e6d586b7,Seasonal,HoltWinters7,5000,3694.0,10.4828,3190.709037,3154.514749,4192.062806,4280.175293,4382.489039,0.2934,107.408722,586.175293,Fragile,2026-08-28T10:58:41.807024+00:00
P01361,a9a39ba0b321a2c5,Volatile,SES,5000,3014.0,15.0018,2626.82246,2607.257522,3405.936128,3537.234575,3746.62696,0.2928,91.986564,523.234575,Fragile,2026-08-28T10:58:41.807024+00:00
P01946,55692ca6427f215f,Seasonal,HoltWinters7,5000,3715.0,10.5362,3223.162103,3271.449075,4220.949976,4305.983426,4401.897178,0.2924,106.237719,590.983426,Fragile,2026-08-28T10:58:41.807024+00:00
P00954,1efad04eb0915bfa,Volatile,SES,5000,5371.0,15.04,4659.592366,4659.469909,6064.536487,6292.466542,6709.804232,0.2916,161.46156,921.466542,Fragile,2026-08-28T10:58:41.807024+00:00
P00423,3baa0832bf8e1deb,Trending,HoltWinters7,5000,312.0,8.4648,261.082734,259.735381,361.849576,378.587183,398.695017,0.2916,11.521856,66.587183,Fragile,2026-08-28T10:58:41.807024+00:00
P00334,795632c750e12c82,Trending,HoltWinters7,5000,255.0,8.4816,213.528648,213.175039,294.546377,307.411808,326.176916,0.2916,9.279436,52.411808,Fragile,2026-08-28T10:58:41.807024+00:00
P01684,c72b0aeea2283a60,Volatile,SES,5000,3216.0,14.978,2794.533563,2780.735311,3627.770362,3758.182153,3960.998443,0.2914,96.728873,542.182153,Fragile,2026-08-28T10:58:41.807024+00:00
P01041,bc2840ed8f742ca8,Stable,HoltWinters7,5000,2338.0,7.5108,1974.511639,2026.111216,2615.986848,2652.606923,2706.542722,0.2914,54.802648,314.606923,Fragile,2026-08-28T10:58:41.807024+00:00
P00384,4f96e8b4db367fa2,Volatile,SES,5000,4126.0,14.9714,3585.883144,3570.328832,4648.343836,4818.661882,5099.372066,0.2912,121.668564,692.661882,Fragile,2026-08-28T10:58:41.807024+00:00
P01159,d9cde5d78e4254c9,Volatile,SES,5000,2487.0,14.966,2154.219717,2155.776787,2803.588307,2920.88666,3082.538062,0.2906,73.843026,433.88666,Fragile,2026-08-28T10:58:41.807024+00:00
P00533,87eb61bc4613676a,Stable,HoltWinters7,5000,685.0,7.4868,580.91817,577.656152,769.336286,785.117464,809.461462,0.2906,17.992841,100.117464,Fragile,2026-08-28T10:58:41.807024+00:00
P00237,9da93d54115d3206,Volatile,Naive,5000,209.0,15.0454,180.619862,181.210739,233.323307,241.201806,254.211015,0.2904,5.714893,32.201806,Fragile,2026-08-28T10:58:41.807024+00:00
P00362,1c9bfb41407e1265,Seasonal,HoltWinters7,5000,1471.0,10.4824,1271.430594,1271.767416,1656.002544,1706.779937,1752.434015,0.29,41.534072,235.779937,Fragile,2026-08-28T10:58:41.807024+00:00
P00433,add579a5842dc4f1,Seasonal,HoltWinters7,5000,2697.0,10.434,2333.530934,2295.078805,3077.308175,3138.085543,3194.522953,0.2898,79.595389,441.085543,Fragile,2026-08-28T10:58:41.807024+00:00
P00819,a92cc80530c7dcc4,Trending,HoltWinters7,5000,323.0,8.4962,269.913183,269.391232,372.424804,388.426684,410.50182,0.2898,11.375886,65.426684,Fragile,2026-08-28T10:58:41.807024+00:00
P01781,f09eacb4e1af155c,Trending,HoltWinters7,5000,216.0,8.5288,180.786028,180.36247,249.929906,261.254934,277.289967,0.2896,7.905409,45.254934,Fragile,2026-08-28T10:58:41.807024+00:00
P01222,abcb5f6cb01fc825,Trending,HoltWinters7,5000,271.0,8.4208,227.182265,226.279991,313.538852,328.26485,351.346177,0.2894,10.031693,57.26485,Fragile,2026-08-28T10:58:41.807024+00:00
P00831,71602453c43b3e76,Trending,HoltWinters7,5000,368.0,8.4624,308.430667,307.96806,426.818632,447.161108,481.207438,0.2892,13.961002,79.161108,Fragile,2026-08-28T10:58:41.807024+00:00
P01014,2a5c246a2b45c74f,Trending,HoltWinters7,5000,31.0,8.5108,25.883477,25.681897,35.968108,37.718215,40.637025,0.2892,1.1669,6.718215,Fragile,2026-08-28T10:58:41.807024+00:00
P00119,f39d9f95752270c6,Stable,HoltWinters7,5000,2037.0,7.4578,1738.002578,1722.395901,2305.127764,2365.433248,2437.57895,0.289,57.509318,328.433248,Fragile,2026-08-28T10:58:41.807024+00:00
P01825,50b06fcc59449eac,Seasonal,HoltWinters7,5000,770.0,10.4786,667.656945,665.88213,873.84464,897.497316,918.292061,0.289,22.309347,127.497316,Fragile,2026-08-28T10:58:41.807024+00:00
P00396,ae3fd96a680073d3,Volatile,SES,5000,537.0,14.9226,465.226468,462.246021,606.588407,632.14035,667.891463,0.2884,16.256694,95.14035,Fragile,2026-08-28T10:58:41.807024+00:00
P00140,5045bb25888ed181,Stable,HoltWinters7,5000,639.0,7.4752,542.401227,533.70407,718.316014,735.288263,756.954001,0.2882,17.058799,96.288263,Fragile,2026-08-28T10:58:41.807024+00:00
P01855,2ca1e8c8ee7ec7c6,Stable,HoltWinters7,5000,911.0,7.459,776.306376,764.192753,1030.054383,1058.401076,1089.388913,0.2878,25.636513,147.401076,Fragile,2026-08-28T10:58:41.807024+00:00
P01435,014deb65e5640e98,Trending,HoltWinters7,5000,73.0,8.489,60.852498,60.911947,84.066483,87.8256,92.830944,0.2876,2.594614,14.8256,Fragile,2026-08-28T10:58:41.807024+00:00
P00600,fa1d203b3fda1da0,Trending,HoltWinters7,5000,245.0,8.4716,204.127435,204.845856,281.542818,294.767546,312.890509,0.2874,8.5806,49.767546,Fragile,2026-08-28T10:58:41.807024+00:00
P00524,df360456dcadf1bc,Volatile,SES,5000,1102.0,14.992,955.747428,952.579422,1242.368014,1292.133875,1365.726897,0.2872,32.313525,190.133875,Fragile,2026-08-28T10:58:41.807024+00:00
P01651,5e6bf08fd3e1da1e,Trending,SES,5000,185.0,8.5224,154.244684,154.252364,212.344036,223.399261,238.7114,0.287,6.450026,38.399261,Fragile,2026-08-28T10:58:41.807024+00:00
P00194,ad3be0e187993378,Stable,HoltWinters7,5000,351.0,7.4946,295.707467,287.548745,392.489694,397.780284,405.589011,0.2868,7.905493,46.780284,Fragile,2026-08-28T10:58:41.807024+00:00
P01773,75617065302e1dfe,Volatile,SES,5000,1661.0,15.0106,1443.995933,1438.707292,1866.495102,1935.766613,2055.332074,0.2862,48.180223,274.766613,Fragile,2026-08-28T10:58:41.807024+00:00
P01577,d9dbaf4e4c8be2e0,Trending,HoltWinters7,5000,107.0,8.4632,89.30139,88.733213,123.697422,129.437611,137.447207,0.2862,3.88583,22.437611,Fragile,2026-08-28T10:58:41.807024+00:00
P01639,073cb8e3e088eaa9,Stable,HoltWinters7,5000,1859.0,7.4956,1582.552486,1579.152014,2093.307681,2150.304755,2213.692551,0.2858,49.479892,291.304755,Fragile,2026-08-28T10:58:41.807024+00:00
P00430,12ba4bcf13ef69e0,Trending,HoltWinters7,5000,289.0,8.4768,240.65602,240.040591,331.848808,346.757697,365.720832,0.285,9.864722,57.757697,Fragile,2026-08-28T10:58:41.807024+00:00
P01795,60072e44a5c70383,Volatile,SES,5000,255.0,14.993,220.961721,221.103776,286.945147,297.672887,316.865353,0.285,7.492493,42.672887,Fragile,2026-08-28T10:58:41.807024+00:00
P01673,9fe7c513c3451c42,Stable,HoltWinters7,5000,552.0,7.5232,470.345641,469.234892,619.368118,636.757714,658.601304,0.2848,14.629191,84.757714,Fragile,2026-08-28T10:58:41.807024+00:00
P00647,0b76751de1d89543,Seasonal,HoltWinters7,5000,2411.0,10.506,2080.186007,2098.198855,2732.876121,2781.57048,2842.871725,0.2844,67.384987,370.57048,Fragile,2026-08-28T10:58:41.807024+00:00
P01049,770c08166abe81ab,Stable,HoltWinters7,5000,2298.0,7.5012,1958.586631,1944.925519,2588.494839,2659.000237,2741.625662,0.2844,61.522366,361.000237,Fragile,2026-08-28T10:58:41.807024+00:00
P00867,c6136839e1de9811,Trending,HoltWinters7,5000,202.0,8.5066,168.751676,167.769895,231.817068,243.17146,259.521615,0.2844,7.06265,41.17146,Fragile,2026-08-28T10:58:41.807024+00:00
P00255,3b81e0141748d8b1,Trending,HoltWinters7,5000,196.0,8.47,162.274769,161.592168,224.600623,235.083356,251.286534,0.283,6.680024,39.083356,Fragile,2026-08-28T10:58:41.807024+00:00
P01448,897dbd0f51fc3bd8,Stable,HoltWinters7,5000,897.0,7.5084,758.475618,756.553213,1002.334008,1027.258065,1061.341108,0.2826,22.544915,130.258065,Fragile,2026-08-28T10:58:41.807024+00:00
P00696,dcc0f2f4a7dd123b,Seasonal,SeasonalNaive7,5000,3035.0,10.477,2606.349087,2596.791243,3420.786927,3504.769705,3596.071295,0.282,82.298709,469.769705,Fragile,2026-08-28T10:58:41.807024+00:00
P00080,1399d5939436dbd7,Volatile,SES,5000,335.0,15.0554,290.527531,289.936868,375.786316,391.259339,418.66049,0.282,9.646137,56.259339,Fragile,2026-08-28T10:58:41.807024+00:00
P00945,b2850ef225dc96aa,Volatile,Naive,5000,52.0,14.9682,44.896213,44.68314,58.646856,61.087193,64.438687,0.282,1.526004,9.087193,Fragile,2026-08-28T10:58:41.807024+00:00
P00875,a3dc4441700a9a5a,Trending,HoltWinters7,5000,119.0,8.4692,98.284427,97.836433,136.194546,142.11287,151.386346,0.281,4.000552,23.11287,Fragile,2026-08-28T10:58:41.807024+00:00
P01852,b553b93c34d4e696,Stable,HoltWinters7,5000,2192.0,7.5084,1858.990916,1848.1237,2460.123316,2521.641971,2607.682225,0.2804,56.937558,329.641971,Fragile,2026-08-28T10:58:41.807024+00:00
P00569,91f564ee33588785,Volatile,SES,5000,3491.0,15.0038,3001.537801,2995.161693,3902.116567,4069.203562,4312.042938,0.2796,95.571479,578.203562,Fragile,2026-08-28T10:58:41.807024+00:00
P00625,9d4b42e0fe416704,Seasonal,HoltWinters7,5000,2984.0,10.4908,2576.030291,2559.395847,3390.517322,3452.359121,3514.865163,0.2796,83.452007,468.359121,Fragile,2026-08-28T10:58:41.807024+00:00
P01224,41b39f21d2df064c,Volatile,SES,5000,1609.0,14.9314,1392.282515,1386.720235,1813.644892,1887.952524,2004.775132,0.2796,47.462134,278.952524,Fragile,2026-08-28T10:58:41.807024+00:00
P00818,acef7827923418ea,Seasonal,HoltWinters7,5000,209.0,10.5152,180.195306,180.005249,235.895261,241.50254,247.51644,0.279,5.784378,32.50254,Fragile,2026-08-28T10:58:41.807024+00:00
P00339,9ae43a8c3f722c80,Seasonal,HoltWinters7,5000,3669.0,10.5024,3170.583399,3110.993199,4180.710792,4249.281309,4330.720275,0.2788,105.49732,580.281309,Fragile,2026-08-28T10:58:41.807024+00:00
P00363,9833c4a04b91e4dc,Stable,HoltWinters7,5000,509.0,7.5016,427.455475,440.028947,566.970709,574.298907,585.037508,0.2788,10.973377,65.298907,Fragile,2026-08-28T10:58:41.807024+00:00
P00914,915d1e920ff7e666,Seasonal,SeasonalNaive7,5000,51.0,10.4954,43.718696,43.33557,57.327947,59.103192,61.726468,0.2786,1.413238,8.103192,Fragile,2026-08-28T10:58:41.807024+00:00
P01566,b1792a9d429588bd,Seasonal,HoltWinters7,5000,327.0,10.5168,281.686559,283.495975,367.007128,376.569323,386.572731,0.2782,8.635299,49.569323,Fragile,2026-08-28T10:58:41.807024+00:00
P00403,394b9f97f73d22e1,Seasonal,HoltWinters7,5000,1482.0,10.5132,1275.176596,1275.162772,1669.818809,1708.31191,1751.950065,0.278,39.037443,226.31191,Fragile,2026-08-28T10:58:41.807024+00:00
P00610,e94ea1b63cd3ea50,Stable,SeasonalNaive7,5000,2475.0,7.4728,2076.554123,2020.68626,2765.904243,2809.172243,2863.977641,0.2778,56.310652,334.172243,Fragile,2026-08-28T10:58:41.807024+00:00
P01608,0269e88cbe01b352,Stable,HoltWinters7,5000,1117.0,7.5122,948.316709,943.695522,1252.84677,1285.855115,1335.211622,0.2778,29.304313,168.855115,Fragile,2026-08-28T10:58:41.807024+00:00
P01501,92a65e5478b01d9f,Seasonal,HoltWinters7,5000,907.0,10.5252,781.799492,788.182844,1023.470807,1044.943899,1069.608876,0.2774,24.829793,137.943899,Fragile,2026-08-28T10:58:41.807024+00:00
P01085,0c8dcb36219dada7,Volatile,SES,5000,651.0,15.0026,560.57743,560.158489,727.987903,756.521148,799.51194,0.277,17.789809,105.521148,Fragile,2026-08-28T10:58:41.807024+00:00
P01659,e137f5c4bc3c737a,Seasonal,HoltWinters7,5000,146.0,10.4532,124.784319,123.820152,163.959311,168.237709,173.380555,0.2756,3.82049,22.237709,Fragile,2026-08-28T10:58:41.807024+00:00
P00288,03d0bf8bf6643801,Seasonal,HoltWinters7,5000,573.0,10.4916,491.743752,489.97978,646.699006,660.592232,674.730189,0.275,15.679927,87.592232,Fragile,2026-08-28T10:58:41.807024+00:00
P00679,0ba8459c2d539d35,Volatile,SES,5000,1731.0,14.9914,1486.197458,1478.503205,1926.43025,2013.009517,2131.753212,0.2744,46.269369,282.009517,Fragile,2026-08-28T10:58:41.807024+00:00
P01641,748236a969c51f1d,Seasonal,HoltWinters7,5000,3153.0,10.4918,2710.754268,2682.278729,3569.357581,3635.784447,3714.55227,0.274,87.235392,482.784447,Fragile,2026-08-28T10:58:41.807024+00:00
P01828,8b7034e8518ab3b6,Volatile,SES,5000,3018.0,14.9876,2582.472662,2576.053159,3361.022263,3496.010483,3689.927627,0.274,77.818375,478.010483,Fragile,2026-08-28T10:58:41.807024+00:00
P00273,3d05c8e04f2ecb04,Volatile,SES,5000,4641.0,14.9594,3999.542059,3998.100223,5193.139429,5393.076299,5705.112825,0.2734,127.258541,752.076299,Fragile,2026-08-28T10:58:41.807024+00:00
P01833,098788342d0eb229,Seasonal,HoltWinters7,5000,2623.0,10.4488,2257.318293,2239.322569,2964.228269,3036.861157,3110.728309,0.2734,71.124975,413.861157,Fragile,2026-08-28T10:58:41.807024+00:00
P01299,edbf3a1580953fc4,Seasonal,HoltWinters7,5000,2016.0,10.524,1727.335265,1733.691201,2262.955456,2310.769421,2358.832389,0.2734,51.558201,294.769421,Fragile,2026-08-28T10:58:41.807024+00:00
P01664,81d23ddbd52131bd,Stable,HoltWinters7,5000,1853.0,7.5198,1556.346985,1578.288331,2063.03688,2088.228816,2132.388067,0.273,40.037967,235.228816,Fragile,2026-08-28T10:58:41.807024+00:00
P00596,b76bf1445b882644,Seasonal,HoltWinters7,5000,2478.0,10.5084,2120.353283,2115.126477,2773.729938,2840.634771,2916.946489,0.2726,62.955023,362.634771,Fragile,2026-08-28T10:58:41.807024+00:00
P00706,6bf5d28cf51a9e83,Stable,HoltWinters7,5000,876.0,7.5178,738.282491,739.645771,976.600805,997.664053,1027.323785,0.2726,20.373553,121.664053,Fragile,2026-08-28T10:58:41.807024+00:00
P00031,44c3d540fa42b50c,Seasonal,HoltWinters7,5000,1000.0,10.5096,861.767733,870.077784,1132.284556,1152.043299,1176.366732,0.2722,26.718713,152.043299,Fragile,2026-08-28T10:58:41.807024+00:00
P01400,f817343f9b8d9900,Stable,HoltWinters7,5000,2236.0,7.5384,1886.164022,1938.174928,2490.820045,2529.75596,2575.607512,0.272,48.673791,293.75596,Fragile,2026-08-28T10:58:41.807024+00:00
P01871,81ebcc8f3a9de5bc,Stable,HoltWinters7,5000,1732.0,7.4658,1454.312593,1437.501711,1926.846439,1973.259409,2043.383901,0.2718,41.474942,241.259409,Fragile,2026-08-28T10:58:41.807024+00:00
P00690,f708f4968e456e4e,Trending,HoltWinters7,5000,346.0,8.5242,284.851852,284.660392,391.781381,407.831608,433.323773,0.2718,10.417678,61.831608,Fragile,2026-08-28T10:58:41.807024+00:00
P01097,c45365103afebe08,Trending,HoltWinters7,5000,87.0,8.4356,71.698476,70.894238,99.205863,104.351075,110.900645,0.2718,2.826549,17.351075,Fragile,2026-08-28T10:58:41.807024+00:00
P00171,22e868974ed32726,Stable,HoltWinters7,5000,3276.0,7.5346,2754.775529,2834.51456,3646.992289,3690.236579,3751.351236,0.2714,71.923,414.236579,Fragile,2026-08-28T10:58:41.807024+00:00
P01901,a30f5f3886135a1b,Stable,HoltWinters7,5000,2639.0,7.465,2208.228419,2147.451333,2944.968732,2985.81425,3043.166539,0.2712,57.907655,346.81425,Fragile,2026-08-28T10:58:41.807024+00:00
P00782,c0bdae77815b9e47,Seasonal,HoltWinters7,5000,3480.0,10.5002,2994.925725,3000.574758,3940.767844,4010.0547,4092.356295,0.2704,93.786798,530.0547,Fragile,2026-08-28T10:58:41.807024+00:00
P00248,0eb9c791ee0bbb18,Stable,HoltWinters7,5000,1606.0,7.5046,1351.243661,1346.011935,1787.467625,1835.879278,1894.606889,0.2702,38.025997,229.879278,Fragile,2026-08-28T10:58:41.807024+00:00
P01569,e3530d1e46797402,Seasonal,HoltWinters7,5000,1531.0,10.5444,1308.385958,1321.570112,1705.721612,1745.932086,1788.871237,0.2702,36.736342,214.932086,Fragile,2026-08-28T10:58:41.807024+00:00
P00828,8f490f8996360b4c,Stable,Naive,5000,107.0,7.506,90.074451,89.425309,119.10463,121.680425,125.230306,0.2688,2.434117,14.680425,Fragile,2026-08-28T10:58:41.807024+00:00
P01084,17018c70a8e4558d,Stable,HoltWinters7,5000,913.0,7.475,766.694452,758.846806,1014.679863,1039.187867,1069.411341,0.2684,20.567598,126.187867,Fragile,2026-08-28T10:58:41.807024+00:00
P00835,f5f2c8a533d24327,Stable,HoltWinters7,5000,982.0,7.5154,822.83524,834.686919,1090.140181,1105.894498,1124.239791,0.268,21.174577,123.894498,Fragile,2026-08-28T10:58:41.807024+00:00
P00464,b289dd74c79a6d97,Seasonal,HoltWinters7,5000,1218.0,10.496,1042.837545,1040.731477,1367.018616,1396.025629,1425.873011,0.2678,30.055343,178.025629,Fragile,2026-08-28T10:58:41.807024+00:00
P00987,4776447715d8a133,Stable,HoltWinters7,5000,809.0,7.5304,679.480451,688.040942,898.624759,911.743575,929.277838,0.2678,17.255044,102.743575,Fragile,2026-08-28T10:58:41.807024+00:00
P00233,5301a840319cd060,Seasonal,HoltWinters7,5000,500.0,10.4194,427.466804,426.715868,561.659757,577.301989,590.983725,0.2678,13.021375,77.301989,Fragile,2026-08-28T10:58:41.807024+00:00
P00253,82ec5477800a5892,Volatile,Naive,5000,3127.0,15.0592,2665.9747,2656.810137,3460.232228,3584.282607,3774.435277,0.2676,75.456069,457.282607,Fragile,2026-08-28T10:58:41.807024+00:00
P00854,8dd42f33546bdaf5,Stable,HoltWinters7,5000,1381.0,7.5506,1161.994753,1175.413265,1532.14882,1567.785875,1623.286791,0.2672,31.780267,186.785875,Fragile,2026-08-28T10:58:41.807024+00:00
P00560,715afa63bcc0c491,Seasonal,HoltWinters7,5000,892.0,10.4808,763.685963,755.236282,1002.696799,1024.575742,1047.958959,0.2672,23.337476,132.575742,Fragile,2026-08-28T10:58:41.807024+00:00
P00485,4613e97e69b36123,Seasonal,HoltWinters7,5000,761.0,10.5324,652.960116,654.257585,851.919694,870.919635,890.658393,0.267,19.066481,109.919635,Fragile,2026-08-28T10:58:41.807024+00:00
P00038,1a6631ad81e0a49a,Trending,HoltWinters7,5000,142.0,8.5118,116.850453,116.568257,161.388938,168.997966,179.766844,0.2668,4.387027,26.997966,Fragile,2026-08-28T10:58:41.807024+00:00
P01540,6b08fd11f5116cf8,Seasonal,HoltWinters7,5000,473.0,10.5356,403.815796,408.913415,527.452444,539.874469,552.267414,0.2666,11.327762,66.874469,Fragile,2026-08-28T10:58:41.807024+00:00
P00492,c71d23c2d6db6f9c,Seasonal,HoltWinters7,5000,1611.0,10.4752,1372.788503,1363.452693,1797.764507,1842.125593,1888.028684,0.2664,39.162138,231.125593,Fragile,2026-08-28T10:58:41.807024+00:00
P01877,93358aab8204863e,Seasonal,SeasonalNaive7,5000,3297.0,10.5232,2824.231931,2838.528862,3698.239781,3768.410432,3856.684986,0.2658,82.612651,471.410432,Fragile,2026-08-28T10:58:41.807024+00:00
P00368,5dfdee12165ece56,Stable,HoltWinters7,5000,2120.0,7.4476,1781.432579,1755.832641,2364.600608,2434.994483,2506.432949,0.2656,51.482461,314.994483,Fragile,2026-08-28T10:58:41.807024+00:00
P00609,20148db37fa7ea0e,Seasonal,HoltWinters7,5000,1462.0,10.519,1246.100932,1245.0998,1632.747954,1666.552763,1700.915861,0.2656,35.001889,204.552763,Fragile,2026-08-28T10:58:41.807024+00:00
P00751,b6e8430effb7a475,Trending,Naive,5000,31.0,8.499,25.464471,25.440719,35.069047,36.679146,38.852903,0.2654,0.91563,5.679146,Fragile,2026-08-28T10:58:41.807024+00:00
P01883,99ad0f1ebc217d83,Seasonal,HoltWinters7,5000,2307.0,10.5128,1977.199967,1973.625876,2596.024732,2647.275223,2699.475143,0.2652,58.993935,340.275223,Fragile,2026-08-28T10:58:41.807024+00:00
P01738,3bdc87dc92d48603,Trending,HoltWinters7,5000,324.0,8.5,268.359888,269.878612,368.509403,388.100964,410.619636,0.2648,10.197839,64.100964,Fragile,2026-08-28T10:58:41.807024+00:00
P01026,d89b0b0db4e83bd1,Seasonal,HoltWinters7,5000,2123.0,10.531,1809.866893,1829.023387,2370.011493,2418.574876,2475.577648,0.2646,50.218224,295.574876,Fragile,2026-08-28T10:58:41.807024+00:00
P01635,531ec57c37ee70b0,Stable,HoltWinters7,5000,2054.0,7.496,1717.54244,1712.365324,2272.189669,2329.297009,2396.689647,0.2644,45.221988,275.297009,Fragile,2026-08-28T10:58:41.807024+00:00
P00732,e21e46e5edfa263c,Stable,HoltWinters7,5000,551.0,7.5312,463.823057,468.041347,612.331563,627.076607,645.597323,0.2644,12.727264,76.076607,Fragile,2026-08-28T10:58:41.807024+00:00
P01932,414696c1c6ac2cb7,Stable,HoltWinters7,5000,2492.0,7.4908,2088.941115,2027.399037,2777.532103,2817.771604,2875.624025,0.2642,54.470488,325.771604,Fragile,2026-08-28T10:58:41.807024+00:00
P01557,2cb4fd83a8a1b775,Seasonal,HoltWinters7,5000,3923.0,10.4934,3320.10191,3291.822711,4367.709324,4460.68969,4564.848408,0.2636,90.472728,537.68969,Fragile,2026-08-28T10:58:41.807024+00:00
P00923,8847b16ef9417ef7,Stable,HoltWinters7,5000,663.0,7.4618,556.205649,544.680925,740.106092,758.637402,776.383678,0.2634,15.272554,95.637402,Fragile,2026-08-28T10:58:41.807024+00:00
P00114,86644fb6672466fe,Stable,HoltWinters7,5000,1321.0,7.516,1111.082061,1114.098896,1464.482321,1503.876279,1557.142949,0.2628,29.901199,182.876279,Fragile,2026-08-28T10:58:41.807024+00:00
P01131,d508147b5166d136,Stable,HoltWinters7,5000,3173.0,7.4534,2642.388794,2544.39606,3527.496145,3575.801055,3642.176534,0.2624,64.798379,402.801055,Fragile,2026-08-28T10:58:41.807024+00:00
P01246,bc752ffbcded0b9e,Seasonal,HoltWinters7,5000,2135.0,10.4862,1815.854046,1808.858401,2382.762539,2433.539427,2498.044304,0.2616,50.914008,298.539427,Fragile,2026-08-28T10:58:41.807024+00:00
P00547,93b416ddda576907,Trending,HoltWinters7,5000,121.0,8.52,99.148902,98.945891,136.564612,143.243529,152.386038,0.2616,3.549165,22.243529,Fragile,2026-08-28T10:58:41.807024+00:00
P01454,4cc407fd04dacfba,Seasonal,HoltWinters7,5000,3298.0,10.4822,2810.084203,2784.27637,3693.576503,3779.139644,3863.45562,0.2614,80.783897,481.139644,Fragile,2026-08-28T10:58:41.807024+00:00
P01940,376242c8375db82f,Trending,HoltWinters7,5000,202.0,8.4898,164.919481,164.645677,227.491712,237.001335,253.843301,0.2614,5.750429,35.001335,Fragile,2026-08-28T10:58:41.807024+00:00
P00299,3ea9b3f99db3a1db,Seasonal,HoltWinters7,5000,2275.0,10.5472,1930.391079,1946.954278,2521.721454,2574.646791,2631.321392,0.2612,50.176122,299.646791,Fragile,2026-08-28T10:58:41.807024+00:00
P00977,edd4ee9e0020826b,Seasonal,HoltWinters7,5000,849.0,10.549,717.798977,726.058892,941.930314,959.207873,977.50873,0.261,18.531151,110.207873,Fragile,2026-08-28T10:58:41.807024+00:00
P00585,ba569ea757b5fd63,Seasonal,HoltWinters7,5000,931.0,10.5204,792.258846,799.874827,1038.744149,1058.908765,1082.079246,0.26,21.75966,127.908765,Fragile,2026-08-28T10:58:41.807024+00:00
P01339,576d62d1b2908afe,Trending,HoltWinters7,5000,156.0,8.509,128.047931,127.971465,176.094394,183.485752,196.287709,0.2598,4.540055,27.485752,Fragile,2026-08-28T10:58:41.807024+00:00
P00911,5b1b1c303056f5e9,Seasonal,HoltWinters7,5000,2462.0,10.436,2087.614933,2071.26908,2742.684616,2813.160064,2875.868385,0.2596,57.877461,351.160064,Fragile,2026-08-28T10:58:41.807024+00:00
P00650,1c384f1e4769823d,Seasonal,HoltWinters7,5000,1946.0,10.4688,1655.687,1647.498502,2176.445896,2225.027878,2273.056429,0.2592,46.243013,279.027878,Fragile,2026-08-28T10:58:41.807024+00:00
P01409,7cedcd55a5395945,Seasonal,HoltWinters7,5000,2866.0,10.4874,2428.082991,2408.944637,3184.165906,3253.753499,3329.980664,0.2586,64.473119,387.753499,Fragile,2026-08-28T10:58:41.807024+00:00
P00115,4befad70087a29c6,Seasonal,HoltWinters7,5000,2302.0,10.5266,1953.366308,1967.890289,2556.668425,2613.7219,2673.044704,0.2586,51.778833,311.7219,Fragile,2026-08-28T10:58:41.807024+00:00
P00314,3b5e1b17291f165b,Volatile,SES,5000,3457.0,14.9862,2937.789939,2920.436141,3820.086928,3977.804956,4192.207896,0.2582,82.088433,520.804956,Fragile,2026-08-28T10:58:41.807024+00:00
P01370,7499d2ea2256fae5,Seasonal,HoltWinters7,5000,140.0,10.4736,117.571759,117.58714,153.895972,159.257813,167.055557,0.258,3.086007,19.257813,Fragile,2026-08-28T10:58:41.807024+00:00
P00962,b52c6c775dc2376b,Seasonal,HoltWinters7,5000,1792.0,10.5316,1517.437687,1528.317438,1991.353699,2026.158981,2064.751401,0.2578,38.959909,234.158981,Fragile,2026-08-28T10:58:41.807024+00:00
P00499,a97a3a2a0337477c,Volatile,SES,5000,422.0,14.9414,357.261934,355.633631,465.10504,483.838302,511.995953,0.2578,9.905971,61.838302,Fragile,2026-08-28T10:58:41.807024+00:00
P00998,5b632cd74ef05d5c,Stable,HoltWinters7,5000,190.0,7.469,159.947706,159.555321,211.481248,220.173515,232.857652,0.2578,4.843311,30.173515,Fragile,2026-08-28T10:58:41.807024+00:00
P01534,27151a52e2129fe5,Seasonal,HoltWinters7,5000,86.0,10.5476,72.718019,72.34437,94.871211,97.239718,99.764482,0.2578,1.863033,11.239718,Fragile,2026-08-28T10:58:41.807024+00:00
P00999,9cff49f2b0174232,Stable,HoltWinters7,5000,2080.0,7.4686,1737.627913,1717.056581,2306.376723,2367.148954,2448.054087,0.2576,46.724512,287.148954,Fragile,2026-08-28T10:58:41.807024+00:00
P00907,3ef813f524bd1369,Stable,HoltWinters7,5000,1258.0,7.5086,1052.550479,1055.132061,1392.000512,1423.523393,1462.545856,0.2576,26.641977,165.523393,Fragile,2026-08-28T10:58:41.807024+00:00
P00888,560e271ab92f5449,Volatile,SES,5000,196.0,15.0224,166.615565,165.577323,216.882038,227.663921,242.951184,0.2574,4.967083,31.663921,Fragile,2026-08-28T10:58:41.807024+00:00
P00606,6d66eccbef7bef03,Seasonal,HoltWinters7,5000,1143.0,10.5472,959.506773,977.098852,1255.784719,1279.52821,1305.881954,0.2568,21.881347,136.52821,Fragile,2026-08-28T10:58:41.807024+00:00
P00002,b395fb96d05c269f,Stable,HoltWinters7,5000,1059.0,7.4602,881.453867,869.732842,1171.912198,1202.428941,1240.751402,0.2562,23.183616,143.428941,Fragile,2026-08-28T10:58:41.807024+00:00
P01465,23db688b77dced4c,Stable,HoltWinters7,5000,1147.0,7.5184,962.033674,965.752761,1266.61456,1300.877075,1351.370715,0.256,25.387261,153.877075,Fragile,2026-08-28T10:58:41.807024+00:00
P00243,a4febaf64746e883,Volatile,SES,5000,2549.0,15.0288,2167.381008,2167.729771,2802.046599,2920.148072,3084.953576,0.2556,58.053172,371.148072,Fragile,2026-08-28T10:58:41.807024+00:00
P01668,8ae59a4f9718075b,Stable,HoltWinters7,5000,1928.0,7.5362,1620.376135,1625.00903,2135.834727,2186.897435,2256.939811,0.2556,42.541243,258.897435,Fragile,2026-08-28T10:58:41.807024+00:00
P01760,e0245c992a891295,Seasonal,HoltWinters7,5000,2604.0,10.5248,2181.898395,2188.067362,2858.979908,2927.369943,2990.424437,0.2554,51.933505,323.369943,Fragile,2026-08-28T10:58:41.807024+00:00
P01507,120172557a90495a,Seasonal,SeasonalNaive7,5000,2830.0,10.4732,2388.954612,2379.032903,3142.033926,3210.994999,3281.335214,0.2552,63.028549,380.994999,Fragile,2026-08-28T10:58:41.807024+00:00
P00624,c679881eea11159a,Seasonal,HoltWinters7,5000,1843.0,10.5242,1563.801573,1569.323555,2049.832514,2092.281491,2134.116015,0.2552,41.424119,249.281491,Fragile,2026-08-28T10:58:41.807024+00:00
P01278,b0c090afbbee67fd,Stable,HoltWinters7,5000,1763.0,7.5228,1467.769516,1465.678684,1941.53678,1987.787956,2063.384154,0.2552,37.363318,224.787956,Fragile,2026-08-28T10:58:41.807024+00:00
P00549,d6501b094bff57d7,Seasonal,HoltWinters7,5000,4007.0,10.533,3360.325529,3359.185117,4412.338328,4495.791583,4598.384,0.2548,79.461759,488.791583,Fragile,2026-08-28T10:58:41.807024+00:00
P01866,fe78a447b168af2a,Volatile,Naive,5000,565.0,15.0172,480.799855,478.874417,624.728913,652.519902,698.759665,0.2548,13.772408,87.519902,Fragile,2026-08-28T10:58:41.807024+00:00
P00300,25569982e83d8ea6,Trending,HoltWinters7,5000,190.0,8.4498,154.028109,153.882901,212.694367,221.812834,236.067501,0.2548,5.119878,31.812834,Fragile,2026-08-28T10:58:41.807024+00:00
P01064,fa7da6073c296c0e,Seasonal,HoltWinters7,5000,319.0,10.493,270.071297,270.116789,354.23526,362.79424,372.728149,0.2544,7.2406,43.79424,Fragile,2026-08-28T10:58:41.807024+00:00
P01623,7185fb38e92f79e3,Seasonal,SeasonalNaive7,5000,3871.0,10.5354,3259.110592,3289.517269,4258.145988,4346.743819,4434.087932,0.2542,75.182498,475.743819,Fragile,2026-08-28T10:58:41.807024+00:00
P01929,b1a79a4d93e4ab88,Seasonal,HoltWinters7,5000,1270.0,10.48,1083.224689,1077.275788,1420.413526,1451.785177,1485.428439,0.2542,30.326599,181.785177,Fragile,2026-08-28T10:58:41.807024+00:00
P00794,bd03ecc0d9f2d41d,Stable,HoltWinters7,5000,793.0,7.503,662.302412,680.755815,878.340825,889.676188,905.126903,0.2542,15.982119,96.676188,Fragile,2026-08-28T10:58:41.807024+00:00
P01051,ad93bb6aa0080df3,Volatile,SES,5000,944.0,14.952,801.229881,796.110377,1041.757652,1079.49351,1131.606043,0.2536,21.655253,135.49351,Fragile,2026-08-28T10:58:41.807024+00:00
P01724,5d098eb9ce433401,Trending,HoltWinters7,5000,252.0,8.5606,204.896048,203.727841,283.253927,296.059078,316.224319,0.2536,7.051466,44.059078,Fragile,2026-08-28T10:58:41.807024+00:00
P01446,c6fb2d435c20f83c,Stable,SeasonalNaive7,5000,23.0,7.512,19.31683,19.223601,25.712157,26.890586,29.067267,0.2536,0.627011,3.890586,Fragile,2026-08-28T10:58:41.807024+00:00
P00025,31e8e825fb6d75a8,Seasonal,HoltWinters7,5000,3881.0,10.4716,3274.061095,3250.465036,4305.798369,4399.672602,4506.318328,0.2528,85.325251,518.672602,Fragile,2026-08-28T10:58:41.807024+00:00
P01269,49f19c296aa92f80,Seasonal,HoltWinters7,5000,3503.0,10.5144,2940.50852,2950.251241,3862.85178,3933.777758,4016.049283,0.2528,70.018581,430.777758,Fragile,2026-08-28T10:58:41.807024+00:00
P00008,a353eb8d1ed29d5c,Stable,HoltWinters7,5000,2063.0,7.4704,1711.367858,1695.784183,2272.01674,2328.103536,2394.83433,0.2528,42.509065,265.103536,Fragile,2026-08-28T10:58:41.807024+00:00
P01204,8d0a0c5e69dc1d40,Stable,Naive,5000,27.0,7.5196,22.564503,22.574421,29.615051,30.66321,32.089213,0.2528,0.58021,3.66321,Fragile,2026-08-28T10:58:41.807024+00:00
P01926,998057e3828ec865,Trending,HoltWinters7,5000,44.0,8.5404,35.643122,35.732306,49.289693,51.455084,55.235341,0.2526,1.181001,7.455084,Fragile,2026-08-28T10:58:41.807024+00:00
P00652,232a8451e9535b8c,Seasonal,HoltWinters7,5000,2470.0,10.5076,2072.962861,2099.421553,2715.055815,2772.805435,2834.527593,0.2522,48.747443,302.805435,Fragile,2026-08-28T10:58:41.807024+00:00
P00994,736080c4aed3f987,Seasonal,HoltWinters7,5000,928.0,10.5774,779.568158,791.866553,1015.002909,1037.43082,1062.951186,0.2516,17.334448,109.43082,Fragile,2026-08-28T10:58:41.807024+00:00
P00972,fe8ea38f4efb4010,Stable,HoltWinters7,5000,379.0,7.4932,315.90506,313.166837,417.610479,428.583487,444.255766,0.2516,7.967526,49.583487,Fragile,2026-08-28T10:58:41.807024+00:00
P01444,587c6d6bf5c4bef1,Seasonal,HoltWinters7,5000,144.0,10.51,120.870586,120.388478,158.291332,162.017172,166.791226,0.2516,2.951663,18.017172,Fragile,2026-08-28T10:58:41.807024+00:00
P01678,9037e1083b1109b4,Seasonal,HoltWinters7,5000,367.0,10.4632,308.686377,305.287109,407.781234,415.411995,423.989684,0.2512,7.937855,48.411995,Fragile,2026-08-28T10:58:41.807024+00:00
P00398,770edd9f4ebb2156,Seasonal,HoltWinters7,5000,342.0,10.4996,287.856735,288.074307,377.243045,385.889455,398.319663,0.2512,7.134798,43.889455,Fragile,2026-08-28T10:58:41.807024+00:00
P01285,0f646c258d5638e5,Seasonal,HoltWinters7,5000,51.0,10.4778,42.887602,42.896439,56.156081,57.730022,59.324388,0.2512,1.074562,6.730022,Fragile,2026-08-28T10:58:41.807024+00:00
P00844,9515bfe8c1d56a95,Volatile,RollingMean28,5000,1649.0,14.9724,1401.660303,1396.852958,1826.305538,1901.273552,2023.412032,0.2508,39.861204,252.273552,Fragile,2026-08-28T10:58:41.807024+00:00
P01168,80042e076363ccb1,Seasonal,HoltWinters7,5000,1438.0,10.5142,1203.732917,1207.150208,1572.233726,1611.729494,1651.502676,0.25,26.988779,173.729494,Fragile,2026-08-28T10:58:41.807024+00:00
P01657,4cc354e204b9034a,Seasonal,HoltWinters7,5000,3308.0,10.5262,2769.915962,2771.593026,3631.427805,3698.75012,3794.724928,0.2496,62.77926,390.75012,Fragile,2026-08-28T10:58:41.807024+00:00
P00126,8b88c70940738668,Seasonal,HoltWinters7,5000,399.0,10.513,334.607033,335.810565,439.076129,448.217216,459.60623,0.2496,7.806556,49.217216,Fragile,2026-08-28T10:58:41.807024+00:00
P01059,c30703ac98691964,Seasonal,HoltWinters7,5000,2967.0,10.5024,2489.861908,2467.297555,3256.274441,3339.878623,3428.661391,0.2494,59.270533,372.878623,Fragile,2026-08-28T10:58:41.807024+00:00
P00088,d9c68a6dbaba8aa9,Seasonal,HoltWinters7,5000,860.0,10.5376,715.270358,726.76889,938.705142,956.137156,974.783569,0.2494,14.790414,96.137156,Fragile,2026-08-28T10:58:41.807024+00:00
P01086,d012ec488a5c5d9c,Seasonal,HoltWinters7,5000,986.0,10.5256,828.897486,836.358483,1089.121923,1107.358225,1128.748194,0.2492,19.623915,121.358225,Fragile,2026-08-28T10:58:41.807024+00:00
P01752,41ded0c9e6eb7213,Trending,HoltWinters7,5000,113.0,8.4702,91.461375,90.933472,127.002209,132.066783,141.473944,0.2492,3.117735,19.066783,Fragile,2026-08-28T10:58:41.807024+00:00
P01525,e8a5cb02411e22cd,Seasonal,HoltWinters7,5000,3221.0,10.5438,2696.160851,2719.202637,3527.82877,3603.659911,3690.479544,0.249,60.062979,382.659911,Fragile,2026-08-28T10:58:41.807024+00:00
P00970,95e25e06d8a8ec7f,Seasonal,HoltWinters7,5000,456.0,10.5318,379.588735,377.966041,497.105368,508.350461,520.850895,0.249,8.167812,52.350461,Fragile,2026-08-28T10:58:41.807024+00:00
P01104,5175f8f7e09b81bf,Volatile,SES,5000,4743.0,15.0248,4014.818721,4010.211543,5200.490431,5399.495453,5723.205543,0.2488,104.906165,656.495453,Fragile,2026-08-28T10:58:41.807024+00:00
P00327,6f1c4011005bd2bb,Seasonal,HoltWinters7,5000,2901.0,10.4738,2446.069847,2421.328522,3219.423571,3294.856463,3375.056922,0.2488,63.263986,393.856463,Fragile,2026-08-28T10:58:41.807024+00:00
P00261,a36dbcebdb8d0651,Seasonal,HoltWinters7,5000,2240.0,10.5064,1879.277616,1887.428897,2456.108205,2508.967683,2562.322428,0.2486,42.396755,268.967683,Fragile,2026-08-28T10:58:41.807024+00:00
P00395,61a2fe81aa36bec4,Stable,HoltWinters7,5000,66.0,7.4892,54.922016,53.888927,72.872297,74.235109,76.004653,0.2486,1.317339,8.235109,Fragile,2026-08-28T10:58:41.807024+00:00
P00817,297ac0e568155d44,Seasonal,HoltWinters7,5000,2053.0,10.5306,1735.211365,1738.475242,2270.846162,2319.309492,2372.734717,0.2484,43.260174,266.309492,Fragile,2026-08-28T10:58:41.807024+00:00
P00545,39e569175416e23c,Seasonal,HoltWinters7,5000,335.0,10.4592,282.004358,279.677896,370.502987,379.316487,388.750035,0.2484,7.123196,44.316487,Fragile,2026-08-28T10:58:41.807024+00:00
P01894,f30a0515410e5dbc,Trending,Naive,5000,84.0,8.515,68.088863,68.042073,94.116298,98.267761,105.215914,0.2484,2.282303,14.267761,Fragile,2026-08-28T10:58:41.807024+00:00
P00321,871362ce3d80f6c6,Seasonal,HoltWinters7,5000,1552.0,10.503,1297.021177,1277.732215,1705.956343,1737.766165,1770.937882,0.2482,29.648286,185.766165,Fragile,2026-08-28T10:58:41.807024+00:00
P01185,1aeb9c86a69f4282,Trending,HoltWinters7,5000,180.0,8.4862,145.976083,145.280611,201.830071,211.249262,225.380532,0.2482,4.910439,31.249262,Fragile,2026-08-28T10:58:41.807024+00:00
P00562,94aa7e4b1e5e12fa,Stable,Naive,5000,45.0,7.4774,37.423161,37.139438,49.775378,52.125068,55.078816,0.2478,1.081642,7.125068,Fragile,2026-08-28T10:58:41.807024+00:00
P00239,2520053e339e9445,Seasonal,HoltWinters7,5000,3195.0,10.4584,2690.048952,2676.608173,3535.729335,3621.286905,3707.556866,0.2476,67.332692,426.286905,Fragile,2026-08-28T10:58:41.807024+00:00
P00687,14a383b8f4b3a9bc,Seasonal,HoltWinters7,5000,3207.0,10.472,2711.67596,2691.280343,3573.384651,3644.547216,3716.31457,0.247,71.428932,437.547216,Fragile,2026-08-28T10:58:41.807024+00:00
P01475,fe6d0e1766292ea6,Stable,HoltWinters7,5000,242.0,7.538,201.804239,205.641851,266.80688,271.416904,277.693068,0.2468,4.809026,29.416904,Fragile,2026-08-28T10:58:41.807024+00:00
P00328,d1c4328c54a92d70,Seasonal,HoltWinters7,5000,3011.0,10.5324,2514.902916,2500.570309,3293.746141,3363.895172,3432.094301,0.2466,55.437278,352.895172,Fragile,2026-08-28T10:58:41.807024+00:00
P01787,81df4a4832350d8d,Stable,HoltWinters7,5000,289.0,7.4552,239.883986,232.002823,319.829468,324.404953,330.100112,0.2466,5.496167,35.404953,Fragile,2026-08-28T10:58:41.807024+00:00
P01312,3dbffeff05ec4e2f,Stable,HoltWinters7,5000,1282.0,7.5046,1064.388763,1064.960053,1408.592747,1442.059094,1476.29779,0.2464,25.535848,160.059094,Fragile,2026-08-28T10:58:41.807024+00:00
P01032,112944fbf41e934d,Seasonal,HoltWinters7,5000,3786.0,10.4516,3153.932269,3108.673316,4165.933761,4249.866809,4337.561373,0.2462,73.193703,463.866809,Fragile,2026-08-28T10:58:41.807024+00:00
P01878,f8b235688c3f7969,Stable,HoltWinters7,5000,355.0,7.457,294.51566,284.071506,392.546432,398.222141,404.98679,0.2462,6.818673,43.222141,Fragile,2026-08-28T10:58:41.807024+00:00
P01850,259ebc5aa2470247,Stable,HoltWinters7,5000,409.0,7.4986,340.169632,349.944533,452.257681,457.924806,465.040655,0.246,8.185852,48.924806,Fragile,2026-08-28T10:58:41.807024+00:00
P00086,8797c0f9ee06110b,Stable,HoltWinters7,5000,170.0,7.4872,141.763885,139.072219,188.160544,191.233491,195.759667,0.246,3.436687,21.233491,Fragile,2026-08-28T10:58:41.807024+00:00
P00940,7f674deea7740668,Seasonal,HoltWinters7,5000,1472.0,10.5296,1228.703667,1228.266006,1606.902972,1641.151407,1677.004657,0.2458,26.323412,169.151407,Fragile,2026-08-28T10:58:41.807024+00:00
P01726,d71f9e55377aa9e0,Stable,SES,5000,52.0,7.4874,43.278277,43.104116,57.254497,59.710012,63.519427,0.2458,1.197749,7.710012,Fragile,2026-08-28T10:58:41.807024+00:00
P01628,65c6ec45a9a3f5d3,Seasonal,HoltWinters7,5000,943.0,10.47,785.981083,788.857241,1034.639099,1056.10184,1080.207506,0.2452,17.654961,113.10184,Fragile,2026-08-28T10:58:41.807024+00:00
P01660,d3c3f98164814bfb,Seasonal,SeasonalNaive7,5000,185.0,10.4778,155.364634,154.255944,202.513432,209.066632,215.641666,0.2452,3.733331,24.066632,Fragile,2026-08-28T10:58:41.807024+00:00
P00636,9d331deca46e480c,Seasonal,HoltWinters7,5000,124.0,10.4748,104.186452,104.796595,136.531702,139.811049,143.622647,0.2452,2.506397,15.811049,Fragile,2026-08-28T10:58:41.807024+00:00
P01046,43bac9c7c3c87ea9,Seasonal,HoltWinters7,5000,2427.0,10.448,2039.244511,2023.196096,2681.7117,2745.174834,2808.267676,0.245,50.883275,318.174834,Fragile,2026-08-28T10:58:41.807024+00:00
P01844,fda16b882bf776b9,Seasonal,HoltWinters7,5000,2114.0,10.5442,1759.837155,1778.866454,2306.41119,2352.747155,2406.474774,0.2448,36.643409,238.747155,Fragile,2026-08-28T10:58:41.807024+00:00
P00297,b8437235a78c0ecc,Stable,HoltWinters7,5000,914.0,7.5148,761.441187,755.212444,1009.063112,1024.82044,1046.096908,0.2448,18.289857,110.82044,Fragile,2026-08-28T10:58:41.807024+00:00
P01167,e7f0b35190ff3bb0,Stable,HoltWinters7,5000,841.0,7.5046,699.63925,697.338667,924.475417,951.106136,986.051035,0.2448,17.159112,110.106136,Fragile,2026-08-28T10:58:41.807024+00:00
P00491,e618f48e954acf3d,Stable,HoltWinters7,5000,2305.0,7.5288,1924.600356,1986.791461,2543.344927,2579.726277,2625.144625,0.2446,44.165601,274.726277,Fragile,2026-08-28T10:58:41.807024+00:00
P00201,65dd36be8bb02d35,Seasonal,HoltWinters7,5000,2027.0,10.4728,1697.299779,1686.7818,2222.989437,2285.457827,2350.277091,0.2444,40.337349,258.457827,Fragile,2026-08-28T10:58:41.807024+00:00
P01524,a7dc491ddbc63e37,Trending,HoltWinters7,5000,127.0,8.4874,102.782307,102.915809,141.765073,148.258553,158.779308,0.2444,3.300362,21.258553,Fragile,2026-08-28T10:58:41.807024+00:00
P00806,63e0a0405cb3a935,Stable,HoltWinters7,5000,3589.0,7.4822,2985.147094,2902.061326,3967.608791,4020.260267,4094.631358,0.2442,69.123525,431.260267,Fragile,2026-08-28T10:58:41.807024+00:00
P01445,5d9688787f1a8f15,Volatile,SES,5000,4008.0,15.0694,3375.087312,3385.098351,4379.514947,4537.450614,4793.448679,0.244,82.617075,529.450614,Fragile,2026-08-28T10:58:41.807024+00:00
P01956,2ed4bcaf8a06948d,Volatile,SES,5000,3044.0,14.9744,2568.068825,2552.162101,3334.241516,3474.769965,3701.131653,0.2438,65.997102,430.769965,Fragile,2026-08-28T10:58:41.807024+00:00
P01960,47c5ac4437f7b511,Stable,HoltWinters7,5000,4410.0,7.523,3673.24574,3780.578951,4855.793689,4921.574411,5009.152238,0.2434,83.128378,511.574411,Fragile,2026-08-28T10:58:41.807024+00:00
P00046,7e90061cbacb0d43,Stable,HoltWinters7,5000,3353.0,7.5104,2790.89009,2848.209279,3699.746549,3750.732532,3817.035218,0.2434,64.100121,397.732532,Fragile,2026-08-28T10:58:41.807024+00:00
P01425,0710d2cc107089c4,Stable,HoltWinters7,5000,2142.0,7.5002,1785.198677,1800.450067,2360.314046,2417.890647,2501.567932,0.2434,42.967334,275.890647,Fragile,2026-08-28T10:58:41.807024+00:00
P00078,11cbfa7ba9455ddb,Trending,HoltWinters7,5000,363.0,8.4676,292.970621,292.254693,404.749273,424.870167,451.726794,0.2434,9.354102,61.870167,Fragile,2026-08-28T10:58:41.807024+00:00
P01823,3413cce4288c7dcc,Seasonal,HoltWinters7,5000,2841.0,10.5504,2362.62229,2371.478504,3087.201148,3152.469119,3231.974043,0.2432,48.763187,311.469119,Fragile,2026-08-28T10:58:41.807024+00:00
P01183,7979799a7b538fed,Seasonal,SeasonalNaive7,5000,493.0,10.507,410.649654,409.137614,537.863125,550.410591,562.899654,0.2432,8.846289,57.410591,Fragile,2026-08-28T10:58:41.807024+00:00
P00372,3a2ad1edb2f2eea7,Trending,HoltWinters7,5000,258.0,8.5218,207.996756,206.480768,286.171337,297.905341,315.840466,0.2432,6.297377,39.905341,Fragile,2026-08-28T10:58:41.807024+00:00
P00878,b5bf20a21ef30d3b,Stable,HoltWinters7,5000,4574.0,7.508,3800.308089,3870.240637,5047.265894,5109.829626,5190.725269,0.243,87.920306,535.829626,Fragile,2026-08-28T10:58:41.807024+00:00
P00147,ab2beb756c31f2b7,Seasonal,HoltWinters7,5000,1961.0,10.5106,1627.412185,1632.082616,2137.925706,2178.430283,2224.05076,0.243,33.066692,217.430283,Fragile,2026-08-28T10:58:41.807024+00:00
P00662,b6d40869b61bd084,Stable,SES,5000,1341.0,7.5304,1118.138012,1124.944422,1474.13547,1522.689536,1582.276207,0.243,28.416844,181.689536,Fragile,2026-08-28T10:58:41.807024+00:00
P01280,843770a4a9036a4b,Seasonal,HoltWinters7,5000,846.0,10.4892,705.989169,714.683001,922.770214,947.377847,971.258849,0.2428,15.325751,101.377847,Fragile,2026-08-28T10:58:41.807024+00:00
P00738,0f5a42473c4d9457,Volatile,SES,5000,1021.0,15.0056,863.462339,863.230459,1116.844555,1165.608422,1234.985159,0.2426,21.948508,144.608422,Fragile,2026-08-28T10:58:41.807024+00:00
P00772,1d18f8024336edc6,Stable,HoltWinters7,5000,1959.0,7.493,1624.153074,1625.763015,2146.994997,2201.010307,2281.61853,0.2424,38.021859,242.010307,Fragile,2026-08-28T10:58:41.807024+00:00
P00257,0a0d607f8fb4e82a,Stable,HoltWinters7,5000,1416.0,7.451,1173.035154,1153.279143,1559.102923,1596.583665,1648.331053,0.2424,28.269963,180.583665,Fragile,2026-08-28T10:58:41.807024+00:00
P00418,509ddb089d23caef,Seasonal,HoltWinters7,5000,345.0,10.4648,286.452731,281.920723,376.444448,385.273982,393.335162,0.2422,6.121494,40.273982,Fragile,2026-08-28T10:58:41.807024+00:00
P01681,3bd344a8d3c27e68,Stable,HoltWinters7,5000,263.0,7.5492,219.134112,223.294516,288.168253,293.760279,301.058313,0.242,4.933603,30.760279,Fragile,2026-08-28T10:58:41.807024+00:00
P01931,e8be3523fc79b40d,Seasonal,HoltWinters7,5000,2093.0,10.4706,1750.847199,1758.140567,2293.826716,2351.297111,2407.239202,0.2418,39.995117,258.297111,Fragile,2026-08-28T10:58:41.807024+00:00
P00952,8ca87cb6fc4bdbb3,Stable,HoltWinters7,5000,3075.0,7.4984,2554.591046,2490.811918,3397.870267,3439.784988,3496.210671,0.2416,59.24859,364.784988,Fragile,2026-08-28T10:58:41.807024+00:00
P00275,ce22093c0223d418,Seasonal,HoltWinters7,5000,664.0,10.532,552.947674,554.881239,723.399144,739.51576,755.561872,0.2414,11.625772,75.51576,Fragile,2026-08-28T10:58:41.807024+00:00
P00259,c5203743ed1831f0,Stable,HoltWinters7,5000,1665.0,7.465,1377.596365,1353.446545,1839.382769,1864.0493,1896.367189,0.241,32.314882,199.0493,Fragile,2026-08-28T10:58:41.807024+00:00
P01028,ebaa779a7de1a8c0,Stable,HoltWinters7,5000,318.0,7.4882,264.222879,264.127723,348.218584,358.173069,372.522625,0.241,6.276299,40.173069,Fragile,2026-08-28T10:58:41.807024+00:00
P00750,2ea5f4ad59a64cb3,Seasonal,HoltWinters7,5000,3391.0,10.5048,2820.433555,2780.212084,3702.590079,3785.433004,3886.275749,0.2406,60.932219,394.433004,Fragile,2026-08-28T10:58:41.807024+00:00
P00232,3e0c307e3a3fd648,Seasonal,HoltWinters7,5000,1436.0,10.5278,1190.938487,1182.629428,1564.022399,1593.965724,1627.825187,0.2406,24.212547,157.965724,Fragile,2026-08-28T10:58:41.807024+00:00
P01965,b9037113225ac161,Seasonal,HoltWinters7,5000,3787.0,10.4674,3141.186151,3104.414402,4138.314305,4220.882903,4316.918888,0.2404,66.939367,433.882903,Fragile,2026-08-28T10:58:41.807024+00:00
P00462,35b4cbbedcbd698e,Seasonal,HoltWinters7,5000,1619.0,10.4342,1371.340792,1355.525974,1806.057293,1846.390964,1887.091922,0.2404,36.426435,227.390964,Fragile,2026-08-28T10:58:41.807024+00:00
P00575,0f8fa83d97cd2826,Stable,HoltWinters7,5000,254.0,7.499,210.006122,211.003287,277.991984,284.97669,293.713088,0.2404,4.812758,30.97669,Fragile,2026-08-28T10:58:41.807024+00:00
P00508,8476823dfb8a9a19,Volatile,SES,5000,5124.0,15.0296,4308.833642,4313.686997,5582.540309,5787.359042,6093.466045,0.2402,103.297482,663.359042,Fragile,2026-08-28T10:58:41.807024+00:00
P01568,d67047d2f10b27f9,Stable,SES,5000,131.0,7.4844,108.768714,108.565976,143.777171,149.78321,158.222222,0.2402,2.878385,18.78321,Fragile,2026-08-28T10:58:41.807024+00:00
P01530,a1ed17b6dde6018a,Seasonal,HoltWinters7,5000,1502.0,10.5382,1245.711983,1262.146035,1629.124878,1664.848898,1697.867832,0.24,23.87096,162.848898,Fragile,2026-08-28T10:58:41.807024+00:00
P00936,5285edf992f7d904,Seasonal,HoltWinters7,5000,221.0,10.5228,183.770894,184.963513,239.641643,245.845524,253.125123,0.2394,3.762769,24.845524,Fragile,2026-08-28T10:58:41.807024+00:00
P01208,32e58de8b5865dc1,Seasonal,HoltWinters7,5000,209.0,10.5198,173.741874,174.299823,227.654974,233.125417,239.159617,0.2394,3.669304,24.125417,Fragile,2026-08-28T10:58:41.807024+00:00
P01324,ab82c5f10fe2c4e5,Stable,SES,5000,171.0,7.537,141.847673,142.271907,186.875212,194.929235,205.656392,0.2392,3.603321,23.929235,Fragile,2026-08-28T10:58:41.807024+00:00
P00699,8bdf296a05696880,Seasonal,Naive,5000,113.0,10.4704,94.383206,94.197563,123.766927,128.330213,134.434985,0.239,2.34928,15.330213,Fragile,2026-08-28T10:58:41.807024+00:00
P00858,576508ec601847ab,Seasonal,HoltWinters7,5000,3446.0,10.554,2861.830381,2887.447147,3739.105941,3813.87558,3907.213152,0.2386,55.611427,367.87558,Fragile,2026-08-28T10:58:41.807024+00:00
P00068,adc1b933ea7dc931,Stable,HoltWinters7,5000,979.0,7.5152,808.564341,812.039446,1071.461737,1095.405735,1129.91987,0.238,18.487593,116.405735,Fragile,2026-08-28T10:58:41.807024+00:00
P01489,ced751a678367e4a,Seasonal,HoltWinters7,5000,385.0,10.4612,322.011242,320.244801,420.134614,432.63912,443.854816,0.238,7.212166,47.63912,Fragile,2026-08-28T10:58:41.807024+00:00
P00083,f55623c92a17a93e,Stable,SeasonalNaive7,5000,125.0,7.5044,103.028546,102.891816,136.130948,140.035649,144.7371,0.238,2.325638,15.035649,Fragile,2026-08-28T10:58:41.807024+00:00
P00900,9e23da2c6afb24b7,Trending,HoltWinters7,5000,307.0,8.551,247.067398,246.337539,340.135141,354.532273,375.013014,0.2376,7.294629,47.532273,Fragile,2026-08-28T10:58:41.807024+00:00
P00681,d446b5b05865ef3b,Stable,HoltWinters7,5000,343.0,7.5156,283.436002,282.448413,374.529286,384.42478,396.938598,0.2374,6.472037,41.42478,Fragile,2026-08-28T10:58:41.807024+00:00
P01779,5d56793de2466e33,Seasonal,HoltWinters7,5000,157.0,10.4914,130.747696,130.71714,171.018416,175.49643,180.440335,0.2372,2.818126,18.49643,Fragile,2026-08-28T10:58:41.807024+00:00
P00910,3a11d9408a5df2a5,Volatile,RollingMean28,5000,541.0,15.0006,455.015232,457.102642,586.951656,610.818147,640.587853,0.237,10.422099,69.818147,Fragile,2026-08-28T10:58:41.807024+00:00
P00797,b493887fb13a0243,Stable,HoltWinters7,5000,1726.0,7.5026,1426.237018,1429.391261,1887.107356,1935.327396,2001.198609,0.2368,32.939416,209.327396,Fragile,2026-08-28T10:58:41.807024+00:00
P01332,3a82c5c8e6b38d74,Stable,HoltWinters7,5000,304.0,7.4986,252.69408,258.790616,335.573242,340.27697,346.772993,0.2368,5.707344,36.27697,Fragile,2026-08-28T10:58:41.807024+00:00
P00747,e5fe43b02ad74970,Stable,HoltWinters7,5000,168.0,7.5138,139.866512,143.127878,184.443992,187.971252,192.24875,0.2368,3.079085,19.971252,Fragile,2026-08-28T10:58:41.807024+00:00
P01468,70d682ec3c053359,Stable,HoltWinters7,5000,162.0,7.5014,134.654534,135.855921,178.558648,181.155934,185.188509,0.2368,3.074649,19.155934,Fragile,2026-08-28T10:58:41.807024+00:00
P00095,3c30812f0bebc26a,Stable,HoltWinters7,5000,4492.0,7.499,3734.736278,3835.55955,4952.58564,5024.486206,5115.720137,0.2364,82.17908,532.486206,Fragile,2026-08-28T10:58:41.807024+00:00
P01260,bfc22a7ad9922d62,Seasonal,SeasonalNaive7,5000,3217.0,10.4842,2674.459737,2648.965629,3504.573433,3594.084798,3685.93348,0.2364,56.415703,377.084798,Fragile,2026-08-28T10:58:41.807024+00:00
P01226,d0f8b1323a5dec61,Seasonal,HoltWinters7,5000,485.0,10.4356,402.348801,396.620554,528.903626,541.883617,554.775932,0.2364,8.73611,56.883617,Fragile,2026-08-28T10:58:41.807024+00:00
P01282,d08a24b5d999fd65,Stable,HoltWinters7,5000,1201.0,7.47,991.922982,960.08096,1322.882109,1339.583967,1362.085042,0.2362,22.385667,138.583967,Fragile,2026-08-28T10:58:41.807024+00:00
P01915,670a5ee82614aa89,Seasonal,HoltWinters7,5000,128.0,10.4874,106.216334,106.216682,138.61325,142.515707,147.322714,0.236,2.191698,14.515707,Fragile,2026-08-28T10:58:41.807024+00:00
P00749,d1561e4fd2dfa51d,Volatile,Naive,5000,3621.0,15.0246,3030.199061,3019.710168,3939.829643,4091.971176,4302.99473,0.2356,71.416069,470.971176,Fragile,2026-08-28T10:58:41.807024+00:00
P00448,df8aa8b970af9b70,Stable,HoltWinters7,5000,4249.0,7.514,3534.367206,3633.142996,4676.646187,4745.416043,4825.559858,0.2354,77.962153,496.416043,Fragile,2026-08-28T10:58:41.807024+00:00
P00701,b8422cf1dc9bf478,Seasonal,HoltWinters7,5000,1817.0,10.4932,1503.114275,1499.712279,1975.191581,2012.367174,2051.329146,0.2354,28.223884,195.367174,Fragile,2026-08-28T10:58:41.807024+00:00
P01122,34f75f60dfebeb5e,Stable,HoltWinters7,5000,1158.0,7.4676,956.977495,941.949053,1275.331508,1303.288618,1339.816041,0.2354,23.006299,145.288618,Fragile,2026-08-28T10:58:41.807024+00:00
P01890,6e9c1b5f2884c3bf,Stable,HoltWinters7,5000,2263.0,7.4788,1877.595797,1866.560062,2482.156788,2549.706723,2630.96523,0.235,43.881706,286.706723,Fragile,2026-08-28T10:58:41.807024+00:00
P00780,3f1b84283e875c87,Seasonal,HoltWinters7,5000,613.0,10.49,505.189954,504.636517,663.366082,677.237743,691.980237,0.235,9.366379,64.237743,Fragile,2026-08-28T10:58:41.807024+00:00
P00030,0035bcd50012d4ad,Volatile,SES,5000,190.0,14.9812,159.558365,158.581459,206.93811,216.074781,227.331702,0.235,3.802115,26.074781,Fragile,2026-08-28T10:58:41.807024+00:00
P01144,844eae19804d0d5b,Stable,HoltWinters7,5000,825.0,7.4796,683.724984,678.86523,907.888733,922.925391,938.717448,0.2348,15.027123,97.925391,Fragile,2026-08-28T10:58:41.807024+00:00
P00072,a24aa736681cf6d9,Stable,HoltWinters7,5000,181.0,7.4924,149.572333,148.842921,198.017623,205.942293,218.079338,0.2348,3.717589,24.942293,Fragile,2026-08-28T10:58:41.807024+00:00
P00221,e1dd9f5e3999d59b,Stable,HoltWinters7,5000,3763.0,7.4968,3122.253538,3186.214781,4136.229827,4195.986331,4271.867807,0.2346,67.070544,432.986331,Fragile,2026-08-28T10:58:41.807024+00:00
P00082,d9c0dff2d3002770,Seasonal,HoltWinters7,5000,1334.0,10.5766,1104.546131,1117.902604,1440.940832,1471.668184,1506.426523,0.2346,20.11861,137.668184,Fragile,2026-08-28T10:58:41.807024+00:00
P01661,ab10ae02ff75d803,Seasonal,HoltWinters7,5000,1140.0,10.4958,947.091585,953.415752,1239.309749,1269.015328,1299.329425,0.2346,19.331877,129.015328,Fragile,2026-08-28T10:58:41.807024+00:00
P01238,b877d5543ffbcbc4,Seasonal,HoltWinters7,5000,702.0,10.463,580.539748,569.709405,763.434868,779.475831,793.663978,0.2346,11.257652,77.475831,Fragile,2026-08-28T10:58:41.807024+00:00
P00466,9f211b9c085531e5,Stable,HoltWinters7,5000,88.0,7.4918,72.843193,72.127756,96.38135,98.515377,101.324987,0.2344,1.61086,10.515377,Fragile,2026-08-28T10:58:41.807024+00:00
P01042,937390d0a2c87ec2,Stable,HoltWinters7,5000,2734.0,7.5346,2278.150941,2353.83949,3004.260534,3052.401028,3112.190856,0.234,49.530497,318.401028,Fragile,2026-08-28T10:58:41.807024+00:00
P00435,b12654a7bfc86233,Stable,HoltWinters7,5000,271.0,7.4526,224.176261,222.967596,297.453529,309.844556,331.155617,0.234,5.954342,38.844556,Fragile,2026-08-28T10:58:41.807024+00:00
P01485,d0ca76bea2920513,Seasonal,HoltWinters7,5000,247.0,10.5386,204.491489,205.939116,266.790946,273.465924,279.690793,0.234,3.844628,26.465924,Fragile,2026-08-28T10:58:41.807024+00:00
P00371,7d73348ad6bb13e6,Trending,HoltWinters7,5000,53.0,8.5284,42.739527,42.869623,58.706521,61.713921,66.005155,0.234,1.296106,8.713921,Fragile,2026-08-28T10:58:41.807024+00:00
P00028,c39c527ddc22d387,Stable,HoltWinters7,5000,1403.0,7.5272,1165.25426,1186.93494,1540.979678,1560.909514,1589.663459,0.2338,25.582987,157.909514,Fragile,2026-08-28T10:58:41.807024+00:00
P01279,fe728a0fd0a06f4b,Trending,HoltWinters7,5000,374.0,8.4616,299.11158,296.748922,412.657703,431.42939,455.255328,0.2338,8.557779,57.42939,Fragile,2026-08-28T10:58:41.807024+00:00
P00631,4ed40314b3e08ebb,Stable,HoltWinters7,5000,1192.0,7.5136,988.898516,1017.573312,1308.406118,1328.969446,1353.980156,0.2334,21.509511,136.969446,Fragile,2026-08-28T10:58:41.807024+00:00
P01149,1efae66e0ce54072,Stable,HoltWinters7,5000,733.0,7.485,602.622874,602.067478,797.884517,818.937963,849.91977,0.2332,13.192589,85.937963,Fragile,2026-08-28T10:58:41.807024+00:00
P00778,2cde6340ba070c91,Stable,HoltWinters7,5000,2663.0,7.53,2214.264951,2275.796856,2930.005239,2968.771719,3022.739832,0.233,50.768591,305.771719,Fragile,2026-08-28T10:58:41.807024+00:00
P01565,879f92a6efd021ff,Stable,HoltWinters7,5000,1080.0,7.5264,893.591848,885.324796,1177.476443,1209.006093,1251.182662,0.233,20.061581,129.006093,Fragile,2026-08-28T10:58:41.807024+00:00
P00605,52e9989b9f7ad695,Volatile,Naive,5000,483.0,14.983,404.901628,402.519906,523.561312,543.470533,578.181831,0.2328,9.162037,60.470533,Fragile,2026-08-28T10:58:41.807024+00:00
P01406,f10a703a9a608cf5,Seasonal,HoltWinters7,5000,1785.0,10.4738,1471.959816,1463.913057,1932.455966,1980.538847,2029.966778,0.232,28.007422,195.538847,Fragile,2026-08-28T10:58:41.807024+00:00
P01934,858628df02b92ccf,Seasonal,HoltWinters7,5000,3114.0,10.5422,2572.498247,2584.287716,3350.975072,3431.183615,3512.053676,0.2316,45.455581,317.183615,Fragile,2026-08-28T10:58:41.807024+00:00
P01045,e37923bfb666e48f,Volatile,SES,5000,1304.0,14.9626,1093.058845,1086.252404,1422.730722,1477.162268,1567.063011,0.2316,26.14841,173.162268,Fragile,2026-08-28T10:58:41.807024+00:00
P01818,6f2ed2fe465a099d,Stable,HoltWinters7,5000,1359.0,7.4908,1126.028575,1099.772436,1497.415866,1519.916916,1549.446807,0.2316,25.564117,160.916916,Fragile,2026-08-28T10:58:41.807024+00:00
P01502,42d3d08f0b68a4e0,Seasonal,HoltWinters7,5000,686.0,10.4962,567.904777,570.12715,744.493672,761.344589,780.476062,0.231,11.21519,75.344589,Fragile,2026-08-28T10:58:41.807024+00:00
P01287,8de64e71b70e09ce,Stable,SeasonalNaive7,5000,26.0,7.479,21.404279,21.271484,28.738595,30.325845,33.016084,0.2308,0.645724,4.325845,Fragile,2026-08-28T10:58:41.807024+00:00
P00353,c776e0a0538f3635,Intermittent,SeasonalNaive7,5000,714.0,18.4818,567.891046,553.967216,834.984577,925.7459,1048.399625,0.2306,29.966937,211.7459,Fragile,2026-08-28T10:58:41.807024+00:00
P01455,86dc54f350ef323a,Trending,HoltWinters7,5000,221.0,8.5054,176.406679,175.751531,242.5669,254.345874,270.042594,0.2306,4.975769,33.345874,Fragile,2026-08-28T10:58:41.807024+00:00
P01232,1dbff3697ef222b2,Trending,HoltWinters7,5000,325.0,8.5162,259.935466,260.810667,358.455072,375.14922,396.675425,0.2304,7.507959,50.14922,Fragile,2026-08-28T10:58:41.807024+00:00
P00955,d7fa2914e9b3d3f3,Seasonal,HoltWinters7,5000,287.0,10.4422,237.520795,235.909614,311.735094,319.867263,328.983075,0.2298,4.898722,32.867263,Fragile,2026-08-28T10:58:41.807024+00:00
P01876,71e58a182b4b69bf,Stable,HoltWinters7,5000,2533.0,7.4878,2096.958001,2060.943956,2788.540432,2826.383653,2870.708759,0.2296,46.517332,293.383653,Fragile,2026-08-28T10:58:41.807024+00:00
P00634,43c13095e7fe3324,Seasonal,HoltWinters7,5000,3384.0,10.566,2806.125433,2843.588592,3664.13136,3745.184611,3836.479721,0.2294,52.997066,361.184611,Fragile,2026-08-28T10:58:41.807024+00:00
P00351,7102d6bed54641eb,Seasonal,HoltWinters7,5000,1427.0,10.484,1172.264101,1159.633885,1543.82036,1571.69618,1606.76837,0.2294,20.986042,144.69618,Fragile,2026-08-28T10:58:41.807024+00:00
P00262,5697f2ec8ae26c72,Stable,HoltWinters7,5000,213.0,7.5136,176.017674,176.711887,232.107049,237.274747,243.83031,0.2292,3.714351,24.274747,Fragile,2026-08-28T10:58:41.807024+00:00
P00246,70215502615ef680,Volatile,Naive,5000,5625.0,15.0738,4702.439697,4705.65005,6086.180562,6321.656568,6693.636462,0.229,103.770618,696.656568,Fragile,2026-08-28T10:58:41.807024+00:00
P00204,8faaa900b7e9dd19,Stable,HoltWinters7,5000,2270.0,7.4608,1870.311873,1847.959928,2480.892436,2547.055805,2631.562543,0.229,41.943831,277.055805,Fragile,2026-08-28T10:58:41.807024+00:00
P01171,09beee2845efba20,Stable,SeasonalNaive7,5000,310.0,7.4998,256.786759,262.985919,340.585807,345.525994,352.939947,0.2288,5.68013,35.525994,Fragile,2026-08-28T10:58:41.807024+00:00
P01768,20cbef933f31aed6,Seasonal,HoltWinters7,5000,266.0,10.5006,218.557583,216.132938,287.334846,292.723018,298.555652,0.2284,3.872955,26.723018,Fragile,2026-08-28T10:58:41.807024+00:00
P01973,17f75db0d6c29fef,Seasonal,HoltWinters7,5000,124.0,10.5064,103.047078,103.352209,134.550791,138.506877,142.550722,0.2282,2.12433,14.506877,Fragile,2026-08-28T10:58:41.807024+00:00
P01213,2ccb5c657c136307,Stable,SES,5000,133.0,7.5424,109.568357,109.210566,144.856063,149.841302,159.928806,0.228,2.559776,16.841302,Fragile,2026-08-28T10:58:41.807024+00:00
P00391,7aed72e45d3318b5,Stable,HoltWinters7,5000,1827.0,7.5248,1503.825348,1505.747012,1980.258074,2032.896597,2110.380337,0.2278,31.685606,205.896597,Fragile,2026-08-28T10:58:41.807024+00:00
P01194,53dd23437e9bccc7,Stable,HoltWinters7,5000,1524.0,7.4808,1260.748634,1260.4435,1678.769369,1702.560967,1731.019071,0.2276,27.911649,178.560967,Fragile,2026-08-28T10:58:41.807024+00:00
P01552,9c0ab12e5b2bc252,Stable,HoltWinters7,5000,975.0,7.5052,807.047605,787.687655,1069.860119,1085.303313,1104.838243,0.2274,17.670204,110.303313,Fragile,2026-08-28T10:58:41.807024+00:00
P01116,d120b73fbfd958ae,Stable,HoltWinters7,5000,2707.0,7.4652,2232.502904,2179.196133,2974.246662,3017.335169,3069.566776,0.2272,48.567415,310.335169,Fragile,2026-08-28T10:58:41.807024+00:00
P00264,900cb8f0fe0aac45,Seasonal,HoltWinters7,5000,2109.0,10.4916,1734.570687,1720.88216,2277.227005,2328.943456,2382.846729,0.2272,31.519694,219.943456,Fragile,2026-08-28T10:58:41.807024+00:00
P00256,103f375d9b83294a,Stable,HoltWinters7,5000,1047.0,7.5558,870.255367,892.338619,1149.50832,1163.792328,1187.203849,0.2272,19.335725,116.792328,Fragile,2026-08-28T10:58:41.807024+00:00
P01184,ad0f59a1e2940d57,Stable,HoltWinters7,5000,694.0,7.52,570.274596,570.085031,754.03062,771.311374,796.389202,0.2272,11.967012,77.311374,Fragile,2026-08-28T10:58:41.807024+00:00
P01306,8a9ed7a85cf3c647,Stable,HoltWinters7,5000,291.0,7.4936,238.919111,237.806157,316.475599,324.69384,335.065048,0.2272,5.12557,33.69384,Fragile,2026-08-28T10:58:41.807024+00:00
P00739,440cf035bd1259c7,Seasonal,HoltWinters7,5000,229.0,10.5214,189.196382,189.826223,246.362583,253.581336,260.899381,0.2272,3.58514,24.581336,Fragile,2026-08-28T10:58:41.807024+00:00
P00480,aeb0363a5b4df0ef,Seasonal,HoltWinters7,5000,806.0,10.4824,664.391845,663.065711,871.942998,891.052609,910.833183,0.227,12.237251,85.052609,Fragile,2026-08-28T10:58:41.807024+00:00
P00415,a12a085b8ab663da,Seasonal,HoltWinters7,5000,750.0,10.501,615.06102,614.727714,808.854634,824.912104,842.900759,0.2266,10.903,74.912104,Fragile,2026-08-28T10:58:41.807024+00:00
P00889,2df3a22e54583c21,Stable,HoltWinters7,5000,59.0,7.4922,48.40329,48.418309,64.261381,66.801064,71.38902,0.2266,1.1769,7.801064,Fragile,2026-08-28T10:58:41.807024+00:00
P01357,22a621c13d161da2,Volatile,RollingMean28,5000,865.0,15.0442,722.623602,720.156398,937.51852,971.49126,1023.712552,0.226,15.790046,106.49126,Fragile,2026-08-28T10:58:41.807024+00:00
P00829,f63e63036a69f0e2,Stable,HoltWinters7,5000,743.0,7.515,617.149881,638.385867,817.870627,827.117138,839.447792,0.226,13.375882,84.117138,Fragile,2026-08-28T10:58:41.807024+00:00
P00503,2413048c9856be0d,Seasonal,HoltWinters7,5000,334.0,10.5062,275.366643,276.882018,359.369242,368.016753,380.21071,0.2254,5.044181,34.016753,Fragile,2026-08-28T10:58:41.807024+00:00
P01705,d1fdbbc81e570e7f,Seasonal,HoltWinters7,5000,240.0,10.4446,197.783438,196.34994,259.201937,266.580231,273.876589,0.225,3.807811,26.580231,Fragile,2026-08-28T10:58:41.807024+00:00
P00613,4f6f70165e668068,Seasonal,HoltWinters7,5000,3498.0,10.5606,2894.938799,2920.296855,3771.845615,3854.455627,3968.094322,0.2248,53.079814,356.455627,Fragile,2026-08-28T10:58:41.807024+00:00
P00217,283095bdca6c086d,Stable,HoltWinters7,5000,115.0,7.4792,94.722993,93.369545,125.728014,127.936998,131.42642,0.2244,2.018065,12.936998,Fragile,2026-08-28T10:58:41.807024+00:00
P01154,4288250756c23328,Stable,HoltWinters7,5000,3291.0,7.5132,2727.229607,2794.647637,3617.95815,3655.292227,3716.012632,0.224,59.574058,364.292227,Fragile,2026-08-28T10:58:41.807024+00:00
P00725,0a276962689cc5a7,Seasonal,HoltWinters7,5000,2096.0,10.4894,1723.239775,1719.233496,2259.219352,2314.257566,2361.473727,0.224,30.222777,218.257566,Fragile,2026-08-28T10:58:41.807024+00:00
P00901,7480393636e7b334,Stable,HoltWinters7,5000,142.0,7.5352,116.534726,116.397116,154.167528,160.703165,170.430947,0.224,2.714608,18.703165,Fragile,2026-08-28T10:58:41.807024+00:00
P00021,769b605bd78e48b0,Seasonal,HoltWinters7,5000,1044.0,10.5036,858.066535,869.537015,1121.186151,1149.137914,1174.051454,0.2234,14.592525,105.137914,Fragile,2026-08-28T10:58:41.807024+00:00
P00230,195a9719a7d70f54,Seasonal,HoltWinters7,5000,1638.0,10.4834,1349.44295,1340.022458,1771.614201,1810.176072,1847.505475,0.2228,24.731091,172.176072,Fragile,2026-08-28T10:58:41.807024+00:00
P01422,654773e752651754,Stable,HoltWinters7,5000,1330.0,7.4552,1094.736568,1061.766039,1461.154247,1483.848145,1515.230259,0.2226,24.041324,153.848145,Fragile,2026-08-28T10:58:41.807024+00:00
P00192,d05779ebd8235fbb,Stable,HoltWinters7,5000,297.0,7.483,243.494104,242.470066,322.257506,330.061759,341.983952,0.2224,4.945797,33.061759,Fragile,2026-08-28T10:58:41.807024+00:00
P00934,f3c60b97769e93b6,Seasonal,HoltWinters7,5000,3407.0,10.4844,2793.76697,2759.696633,3670.439926,3744.530367,3817.42581,0.2222,46.781846,337.530367,Fragile,2026-08-28T10:58:41.807024+00:00
P00893,2940514d3743a967,Stable,HoltWinters7,5000,1321.0,7.4884,1084.99725,1089.207136,1435.140553,1469.614884,1520.591506,0.222,22.065405,148.614884,Fragile,2026-08-28T10:58:41.807024+00:00
P01686,9a019a2a4f4bc36a,Stable,HoltWinters7,5000,186.0,7.536,152.919355,153.091543,200.997152,206.3013,213.22294,0.2218,3.035519,20.3013,Fragile,2026-08-28T10:58:41.807024+00:00
P01604,052b2b2285efc2d2,Seasonal,SeasonalNaive7,5000,58.0,10.4912,47.864228,47.905741,62.564689,64.634879,67.351371,0.2218,0.963245,6.634879,Fragile,2026-08-28T10:58:41.807024+00:00
P01467,0208a9ad7736ecdc,Stable,RollingMean28,5000,2226.0,7.5186,1820.461058,1820.986307,2403.583647,2474.916752,2580.346278,0.2216,37.169981,248.916752,Fragile,2026-08-28T10:58:41.807024+00:00
P01913,0b4e653dfdab94a1,Stable,HoltWinters7,5000,2305.0,7.4746,1886.856426,1891.961966,2498.657403,2569.060267,2660.96353,0.2214,38.842936,264.060267,Fragile,2026-08-28T10:58:41.807024+00:00
P00663,28f3e8f58ed5af4a,Seasonal,SeasonalNaive7,5000,760.0,10.5556,623.437672,624.510286,815.421086,832.876144,851.267602,0.2212,10.452908,72.876144,Fragile,2026-08-28T10:58:41.807024+00:00
P01062,967f5d8ea7c048c3,Stable,HoltWinters7,5000,1109.0,7.506,912.068631,901.42697,1207.699369,1233.704084,1269.331075,0.221,18.978243,124.704084,Fragile,2026-08-28T10:58:41.807024+00:00
P01313,22d0ebfa0ca76f12,Stable,HoltWinters7,5000,1703.0,7.5136,1412.158601,1446.336437,1871.801202,1894.544745,1929.066197,0.2206,30.179676,191.544745,Fragile,2026-08-28T10:58:41.807024+00:00
P01746,851aaab7adcbbd04,Seasonal,HoltWinters7,5000,1394.0,10.465,1138.278085,1124.200965,1501.492651,1529.465653,1555.635566,0.2206,18.966658,135.465653,Fragile,2026-08-28T10:58:41.807024+00:00
P01128,86f3051d74fbdadd,Stable,SeasonalNaive7,5000,61.0,7.4682,50.037859,49.772538,66.186821,68.069424,70.511445,0.2206,1.03396,7.069424,Fragile,2026-08-28T10:58:41.807024+00:00
P01990,c52c01f781446227,Stable,HoltWinters7,5000,2124.0,7.5216,1758.171611,1813.579432,2330.420078,2356.971942,2396.054978,0.2204,37.869682,232.971942,Fragile,2026-08-28T10:58:41.807024+00:00
P01857,a256dbcbc2387bdf,Stable,HoltWinters7,5000,3910.0,7.4778,3221.31943,3134.638718,4285.596235,4348.090675,4427.927326,0.2202,68.30031,438.090675,Fragile,2026-08-28T10:58:41.807024+00:00
P01805,b7aaf378a1744413,Seasonal,HoltWinters7,5000,373.0,10.472,304.55117,299.974894,400.917009,409.503788,418.489372,0.2202,5.094771,36.503788,Fragile,2026-08-28T10:58:41.807024+00:00
P01835,7d594d939e4e47c2,Stable,HoltWinters7,5000,1237.0,7.4866,1013.411013,1015.80758,1341.046842,1376.527019,1427.805159,0.22,20.752582,139.527019,Fragile,2026-08-28T10:58:41.807024+00:00
P01143,ab8fdfdc4355d567,Stable,HoltWinters7,5000,398.0,7.456,327.940427,316.115181,437.26523,443.073618,450.602774,0.22,6.909273,45.073618,Fragile,2026-08-28T10:58:41.807024+00:00
P01298,53503c05cbf3c48f,Stable,HoltWinters7,5000,253.0,7.496,206.573578,206.796242,274.083471,284.599913,299.937408,0.2194,4.55032,31.599913,Fragile,2026-08-28T10:58:41.807024+00:00
P00094,fe53c3f2ae03cb25,Seasonal,HoltWinters7,5000,1409.0,10.4522,1156.771636,1154.688934,1521.981023,1553.874196,1591.599228,0.219,20.695487,144.874196,Fragile,2026-08-28T10:58:41.807024+00:00
P00827,d53952cb9a998000,Stable,HoltWinters7,5000,146.0,7.4912,120.099271,118.933147,159.100079,162.206477,166.234215,0.2188,2.466416,16.206477,Fragile,2026-08-28T10:58:41.807024+00:00
P01146,5c30430c4c571924,Stable,HoltWinters7,5000,1523.0,7.4962,1252.938951,1258.32412,1652.342823,1693.454432,1745.090846,0.2182,25.225696,170.454432,Fragile,2026-08-28T10:58:41.807024+00:00
P00590,5aaf690411fa0eb3,Seasonal,HoltWinters7,5000,222.0,10.5092,182.896598,182.696657,238.381328,246.383454,257.634945,0.2182,3.536202,24.383454,Fragile,2026-08-28T10:58:41.807024+00:00
P00558,50393011ecf735ce,Trending,HoltWinters7,5000,367.0,8.508,289.419615,287.610616,398.146916,417.290887,441.478092,0.218,7.185614,50.290887,Fragile,2026-08-28T10:58:41.807024+00:00
P01813,0baab31aa881db71,Stable,HoltWinters7,5000,261.0,7.475,214.700644,209.715752,285.152384,290.877735,297.508119,0.218,4.465781,29.877735,Fragile,2026-08-28T10:58:41.807024+00:00
P01498,cb382cd56dc58820,Seasonal,HoltWinters7,5000,280.0,10.4786,229.297969,228.519122,300.264475,307.547822,315.319687,0.218,3.847396,27.547822,Fragile,2026-08-28T10:58:41.807024+00:00
P00660,ea37025936a0b8be,Seasonal,HoltWinters7,5000,2280.0,10.5176,1872.763768,1895.853397,2456.448516,2505.844025,2555.313916,0.2178,30.949984,225.844025,Fragile,2026-08-28T10:58:41.807024+00:00
P01318,07fdf02512e0ce72,Stable,HoltWinters7,5000,509.0,7.4966,420.410051,407.441984,558.15715,565.381131,574.918778,0.2178,8.742309,56.381131,Fragile,2026-08-28T10:58:41.807024+00:00
P01395,03ce05720f88b484,Volatile,Naive,5000,378.0,14.9746,313.880444,313.142067,406.531634,422.502989,445.315341,0.2176,6.485719,44.502989,Fragile,2026-08-28T10:58:41.807024+00:00
P01459,0daae6a2d1696e14,Stable,HoltWinters7,5000,232.0,7.5338,189.802456,190.173383,250.991765,260.175218,273.416566,0.2174,4.109482,28.175218,Fragile,2026-08-28T10:58:41.807024+00:00
P01283,6e6d3c3cbc8dc34b,Seasonal,HoltWinters7,5000,3414.0,10.5096,2793.328803,2765.523075,3661.033762,3734.796057,3812.739925,0.2172,45.140377,320.796057,Fragile,2026-08-28T10:58:41.807024+00:00
P00188,3eb686c50f0028ce,Stable,HoltWinters7,5000,811.0,7.497,669.443793,689.817235,890.069765,901.768473,916.167952,0.217,14.14133,90.768473,Fragile,2026-08-28T10:58:41.807024+00:00
P00161,20c5092ede4b18b7,Seasonal,HoltWinters7,5000,117.0,10.5314,96.206161,95.959404,125.319782,128.983979,133.948198,0.217,1.75312,11.983979,Fragile,2026-08-28T10:58:41.807024+00:00
P01875,54b7ac23dd5c20af,Stable,HoltWinters7,5000,2528.0,7.5442,2095.973195,2149.770671,2762.263115,2807.159717,2860.089635,0.216,42.988769,279.159717,Fragile,2026-08-28T10:58:41.807024+00:00
P00177,2af20f21f9292413,Stable,HoltWinters7,5000,1812.0,7.4822,1488.281191,1443.341034,1980.019156,2009.336329,2048.497431,0.2158,30.838224,197.336329,Fragile,2026-08-28T10:58:41.807024+00:00
P01449,2d520b8e367b7926,Volatile,SES,5000,3199.0,14.975,2654.106861,2650.337051,3439.550278,3581.031554,3817.366567,0.215,55.016829,382.031554,Fragile,2026-08-28T10:58:41.807024+00:00
P01472,9ce871524a86eacc,Stable,HoltWinters7,5000,1289.0,7.4952,1060.726059,1031.609052,1411.244164,1430.311254,1454.476315,0.2148,22.265473,141.311254,Fragile,2026-08-28T10:58:41.807024+00:00
P01258,b948ef6fe76adbfd,Seasonal,HoltWinters7,5000,362.0,10.5104,297.266558,296.922196,388.908123,398.49822,408.76829,0.2148,5.058537,36.49822,Fragile,2026-08-28T10:58:41.807024+00:00
P01457,ea98633598364044,Stable,HoltWinters7,5000,3162.0,7.5216,2609.370055,2624.443361,3461.110227,3502.973631,3558.612735,0.2146,55.451667,340.973631,Fragile,2026-08-28T10:58:41.807024+00:00
P00124,4e7c4e6f805243d8,Volatile,SES,5000,411.0,14.9712,340.432465,340.786401,444.391254,466.751504,502.462241,0.2146,7.954116,55.751504,Fragile,2026-08-28T10:58:41.807024+00:00
P00220,edb83ade4812e56a,Volatile,Naive,5000,5050.0,15.015,4173.716914,4162.934968,5433.815774,5638.738161,5989.129707,0.2142,84.149302,588.738161,Fragile,2026-08-28T10:58:41.807024+00:00
P00980,8100b7cbbaf3ae8d,Stable,HoltWinters7,5000,578.0,7.5078,477.75268,486.77531,634.065326,641.434456,651.231602,0.2142,9.988598,63.434456,Fragile,2026-08-28T10:58:41.807024+00:00
P00711,54fd5b38c71606f3,Stable,HoltWinters7,5000,916.0,7.485,754.451795,746.18619,1003.201651,1016.909822,1036.275937,0.214,15.657487,100.909822,Fragile,2026-08-28T10:58:41.807024+00:00
P00045,037040d1f3276ed3,Seasonal,HoltWinters7,5000,194.0,10.5228,158.53742,158.037467,206.917933,212.653222,218.159825,0.2138,2.578995,18.653222,Fragile,2026-08-28T10:58:41.807024+00:00
P01456,2d2e572fc6b818ac,Stable,HoltWinters7,5000,1789.0,7.4624,1459.772512,1439.716975,1936.295778,1989.585698,2055.223152,0.2136,29.422416,200.585698,Fragile,2026-08-28T10:58:41.807024+00:00
P00193,8d14494234ff5398,Stable,HoltWinters7,5000,1642.0,7.508,1345.809223,1352.78317,1774.599486,1822.909701,1880.67964,0.2136,26.69539,180.909701,Fragile,2026-08-28T10:58:41.807024+00:00
P00961,1dd4b1fcbd750948,Trending,HoltWinters7,5000,273.0,8.5518,216.575182,216.667961,297.363299,309.441143,329.258005,0.2136,5.281094,36.441143,Fragile,2026-08-28T10:58:41.807024+00:00
P00752,d5e107e7dfc2abcd,Stable,HoltWinters7,5000,1333.0,7.4822,1089.810778,1079.152846,1442.141683,1480.988086,1530.698667,0.2134,21.598846,147.988086,Fragile,2026-08-28T10:58:41.807024+00:00
P01774,758c7457ac710169,Stable,HoltWinters7,5000,534.0,7.4844,436.904756,432.065468,580.464422,593.344979,608.672853,0.2134,8.868061,59.344979,Fragile,2026-08-28T10:58:41.807024+00:00
P01742,0a735b3169d847c6,Stable,HoltWinters7,5000,2615.0,7.5172,2156.809752,2206.872955,2855.682472,2895.281056,2947.84484,0.2132,44.109142,280.281056,Fragile,2026-08-28T10:58:41.807024+00:00
P01063,9c90270d08f87c5a,Stable,HoltWinters7,5000,2396.0,7.5082,1976.864166,1993.85802,2621.039861,2661.728814,2714.129919,0.213,41.631883,265.728814,Fragile,2026-08-28T10:58:41.807024+00:00
P00615,2da6fd81172c6315,Stable,HoltWinters7,5000,1021.0,7.4748,832.498085,825.457053,1101.516419,1130.285668,1173.58316,0.2128,16.152223,109.285668,Fragile,2026-08-28T10:58:41.807024+00:00
P01927,dbf00cd4456f5bf3,Seasonal,HoltWinters7,5000,3522.0,10.5002,2878.468882,2876.519791,3772.732525,3859.014503,3943.460611,0.2126,46.552978,337.014503,Fragile,2026-08-28T10:58:41.807024+00:00
P01963,ae1382298758fbc3,Stable,HoltWinters7,5000,1274.0,7.4848,1044.906342,1049.719747,1381.112084,1413.91801,1458.074514,0.2124,20.54697,139.91801,Fragile,2026-08-28T10:58:41.807024+00:00
P01203,e16a80f8c3fc06ea,Trending,HoltWinters7,5000,277.0,8.4444,217.811339,216.220448,301.215544,315.76049,338.021385,0.2124,5.56311,38.76049,Fragile,2026-08-28T10:58:41.807024+00:00
P01461,8b071f4bc19eb769,Stable,HoltWinters7,5000,169.0,7.4918,138.981383,137.526234,184.074271,187.731059,192.44375,0.2122,2.793802,18.731059,Fragile,2026-08-28T10:58:41.807024+00:00
P01486,2ff65d790a0bbf15,Stable,SeasonalNaive7,5000,42.0,7.5056,34.24239,33.930437,45.202435,46.616622,48.531346,0.2122,0.674482,4.616622,Fragile,2026-08-28T10:58:41.807024+00:00
P00512,78db11cb2ec2a9d4,Stable,HoltWinters7,5000,228.0,7.521,187.996945,190.700601,248.516114,253.224004,258.772181,0.2118,3.834666,25.224004,Fragile,2026-08-28T10:58:41.807024+00:00
P01349,024b2598a747ff76,Stable,HoltWinters7,5000,535.0,7.5082,436.343845,435.500217,577.323096,592.444339,611.324685,0.2116,8.391049,57.444339,Fragile,2026-08-28T10:58:41.807024+00:00
P01196,b64f7d19047781ca,Stable,HoltWinters7,5000,1379.0,7.4514,1122.49754,1111.236542,1493.725014,1534.119835,1586.566931,0.2114,22.428797,155.119835,Fragile,2026-08-28T10:58:41.807024+00:00
P01160,d1824d402b705ae4,Trending,HoltWinters7,5000,324.0,8.4654,255.959457,256.059032,352.413534,368.258973,391.51447,0.2114,6.233379,44.258973,Fragile,2026-08-28T10:58:41.807024+00:00
P01211,7b6ce0941dda21a8,Seasonal,HoltWinters7,5000,342.0,10.4714,278.865401,275.116171,366.044374,374.486451,383.629956,0.2114,4.472812,32.486451,Fragile,2026-08-28T10:58:41.807024+00:00
P01289,de1c6f1d5c75df14,Trending,HoltWinters7,5000,152.0,8.5036,119.482185,118.650839,165.128205,172.924293,183.450317,0.2114,2.971334,20.924293,Fragile,2026-08-28T10:58:41.807024+00:00
P00439,d90c82620724f7e6,Stable,HoltWinters7,5000,3378.0,7.5242,2790.933758,2877.669149,3692.282315,3741.300986,3799.809544,0.2112,56.5957,363.300986,Fragile,2026-08-28T10:58:41.807024+00:00
P01172,662aa5675a633d0b,Stable,HoltWinters7,5000,900.0,7.4984,734.392074,735.716208,972.762787,998.135693,1034.741406,0.2112,14.456223,98.135693,Fragile,2026-08-28T10:58:41.807024+00:00
P01578,0767ed5e0beece39,Stable,HoltWinters7,5000,2611.0,7.4644,2145.227166,2081.321245,2855.216077,2899.238941,2957.074333,0.211,43.395322,288.238941,Fragile,2026-08-28T10:58:41.807024+00:00
P01031,e68e23ff590b35bb,Trending,HoltWinters7,5000,147.0,8.4884,115.24162,114.286852,159.102796,166.439164,177.572611,0.211,2.75278,19.439164,Fragile,2026-08-28T10:58:41.807024+00:00
P00684,cbb14e02ad2c6344,Stable,HoltWinters7,5000,3086.0,7.4788,2534.613893,2462.665376,3366.74267,3417.204831,3484.304922,0.2106,50.665425,331.204831,Fragile,2026-08-28T10:58:41.807024+00:00
P00800,a90cbf46cc36ac3e,Stable,HoltWinters7,5000,2078.0,7.5046,1694.948036,1681.3695,2244.171091,2295.80456,2366.118207,0.2106,32.139515,217.80456,Fragile,2026-08-28T10:58:41.807024+00:00
P00269,d5a8f9dfef4b2342,Volatile,SES,5000,172.0,14.981,141.90477,141.354085,183.752945,190.584151,200.139827,0.2106,2.627462,18.584151,Fragile,2026-08-28T10:58:41.807024+00:00
P00020,25cf49b6c3f61060,Stable,HoltWinters7,5000,248.0,7.5028,202.77055,200.058722,269.235333,274.307966,281.671764,0.2104,4.070402,26.307966,Fragile,2026-08-28T10:58:41.807024+00:00
P01939,0b440ab74a045d84,Seasonal,HoltWinters7,5000,1058.0,10.485,859.453491,848.6525,1131.401008,1154.06019,1180.049293,0.2102,13.276994,96.06019,Fragile,2026-08-28T10:58:41.807024+00:00
P00450,09bfb5a3568ea2e2,Trending,HoltWinters7,5000,253.0,8.4676,198.930237,198.432519,275.987172,287.805417,307.422826,0.2098,4.982714,34.805417,Fragile,2026-08-28T10:58:41.807024+00:00
P01693,e6abe21aa31722dc,Volatile,RollingMean28,5000,267.0,15.0664,221.186458,221.307341,285.633866,295.593705,311.411844,0.2098,4.047136,28.593705,Fragile,2026-08-28T10:58:41.807024+00:00
P00148,2f617718f957e427,Stable,HoltWinters7,5000,2691.0,7.4974,2217.8891,2141.898094,2946.038607,2981.198349,3023.499699,0.2096,46.27563,290.198349,Fragile,2026-08-28T10:58:41.807024+00:00
P01881,215b8a09808cb0af,Stable,HoltWinters7,5000,4230.0,7.5222,3485.604098,3590.461775,4614.103565,4670.290936,4763.741507,0.2094,69.981436,440.290936,Fragile,2026-08-28T10:58:41.807024+00:00
P01961,633333bbe43265e5,Stable,HoltWinters7,5000,115.0,7.5202,93.764341,94.108497,123.873687,129.000104,135.413862,0.2094,1.95095,14.000104,Fragile,2026-08-28T10:58:41.807024+00:00
P01268,81ea53f3f1683286,Seasonal,HoltWinters7,5000,3658.0,10.426,2980.347752,2926.063036,3917.315293,4006.461384,4106.53157,0.2092,46.963315,348.461384,Fragile,2026-08-28T10:58:41.807024+00:00
P01592,830a695e1234b9cb,Stable,HoltWinters7,5000,300.0,7.5078,244.737701,246.605353,322.561562,331.802477,343.247814,0.209,4.564448,31.802477,Fragile,2026-08-28T10:58:41.807024+00:00
P01251,554bf68dcfc63b07,Stable,HoltWinters7,5000,2910.0,7.5008,2401.507633,2428.386498,3188.469611,3230.413599,3291.506516,0.2086,49.289683,320.413599,Fragile,2026-08-28T10:58:41.807024+00:00
P01553,ceabbc386ef540e8,Volatile,SES,5000,2226.0,14.9604,1839.381733,1832.539325,2399.707068,2490.845665,2642.311093,0.2086,38.004625,264.845665,Fragile,2026-08-28T10:58:41.807024+00:00
P01020,dcebd76ba5048d23,Trending,HoltWinters7,5000,100.0,8.5486,79.007519,78.779013,109.083017,114.141099,121.890971,0.2086,2.012822,14.141099,Fragile,2026-08-28T10:58:41.807024+00:00
P00222,ffca9290029d9ab0,Stable,HoltWinters7,5000,814.0,7.5044,669.829245,677.969217,888.00941,900.482414,918.780963,0.2084,13.523413,86.482414,Fragile,2026-08-28T10:58:41.807024+00:00
P01108,8ae3c63787dd7f95,Stable,HoltWinters7,5000,4552.0,7.4962,3741.303601,3673.84996,4967.272928,5037.25547,5137.06912,0.2082,75.288479,485.25547,Fragile,2026-08-28T10:58:41.807024+00:00
P00553,140c01fafac4a86f,Stable,HoltWinters7,5000,2684.0,7.485,2204.565794,2171.340273,2925.914999,2971.14283,3030.176261,0.2082,43.247337,287.14283,Fragile,2026-08-28T10:58:41.807024+00:00
P00884,820c52cd643ae297,Stable,HoltWinters7,5000,281.0,7.5312,228.120259,227.088132,303.527799,315.977759,334.078251,0.2082,4.906999,34.977759,Fragile,2026-08-28T10:58:41.807024+00:00
P01626,914b32b3f4936150,Stable,HoltWinters7,5000,1597.0,7.4688,1308.735435,1271.313929,1741.844517,1770.647591,1807.517645,0.2078,25.94518,173.647591,Fragile,2026-08-28T10:58:41.807024+00:00
P00345,1983725c2f0bc47b,Stable,HoltWinters7,5000,138.0,7.5772,113.546666,116.335762,149.031968,151.86931,155.731531,0.2074,2.138045,13.86931,Fragile,2026-08-28T10:58:41.807024+00:00
P00885,6f72589afc2b3c52,Stable,HoltWinters7,5000,3776.0,7.4984,3092.656722,3126.789678,4102.499907,4166.391891,4260.007681,0.2066,59.973294,390.391891,Fragile,2026-08-28T10:58:41.807024+00:00
P01198,4ea57f35af7943c2,Volatile,SES,5000,872.0,14.9592,716.895697,713.487768,929.03343,968.56802,1021.588728,0.2064,13.125783,96.56802,Fragile,2026-08-28T10:58:41.807024+00:00
P01053,a1f01ed2d66d84cd,Stable,HoltWinters7,5000,2268.0,7.5084,1850.198419,1847.482616,2444.645017,2510.461655,2595.012116,0.2062,35.47246,242.461655,Fragile,2026-08-28T10:58:41.807024+00:00
P01107,94b5b2c4036d0cd9,Stable,SeasonalNaive7,5000,91.0,7.4984,74.056565,73.356503,98.084183,100.328513,103.316607,0.2062,1.366875,9.328513,Fragile,2026-08-28T10:58:41.807024+00:00
P01518,20369c45b104a74e,Stable,HoltWinters7,5000,1404.0,7.5086,1144.677107,1139.981117,1510.307245,1552.047891,1617.452763,0.206,21.422016,148.047891,Fragile,2026-08-28T10:58:41.807024+00:00
P01024,5109947630cacbc5,Stable,HoltWinters7,5000,2324.0,7.4636,1893.954517,1877.25541,2513.876638,2569.145422,2650.326941,0.2058,35.952837,245.145422,Fragile,2026-08-28T10:58:41.807024+00:00
P01182,8e9d660544308b9f,Seasonal,HoltWinters7,5000,198.0,10.5136,160.793324,160.327646,210.281115,216.404407,222.502001,0.2058,2.481636,18.404407,Fragile,2026-08-28T10:58:41.807024+00:00
P00938,3a8291c0fa8b9e28,Volatile,SES,5000,1155.0,14.9848,950.593941,948.004048,1232.908915,1276.211823,1343.595075,0.2056,17.156543,121.211823,Fragile,2026-08-28T10:58:41.807024+00:00
P00932,4ee36243187b816c,Volatile,Naive,5000,3589.0,14.9782,2963.558433,2958.361622,3848.902144,3999.568183,4211.417638,0.2054,57.069117,410.568183,Fragile,2026-08-28T10:58:41.807024+00:00
P00057,8f6b5040ed801a2d,Stable,HoltWinters7,5000,142.0,7.4896,115.052513,114.72466,152.152862,158.364247,167.073499,0.2052,2.280915,16.364247,Fragile,2026-08-28T10:58:41.807024+00:00
P01547,d20c8d167c995b65,Stable,HoltWinters7,5000,2228.0,7.4756,1813.720648,1803.388346,2406.283848,2469.849414,2548.426632,0.205,34.463431,241.849414,Fragile,2026-08-28T10:58:41.807024+00:00
P01294,e1bab706221e07a7,Stable,HoltWinters7,5000,318.0,7.5266,262.692908,272.001963,347.494407,351.937418,357.908342,0.2048,5.2888,33.937418,Fragile,2026-08-28T10:58:41.807024+00:00
P00091,f3bc2d15ee74d0a8,Trending,HoltWinters7,5000,118.0,8.4896,92.705309,92.36789,127.808243,133.338508,141.822937,0.2048,2.191192,15.338508,Fragile,2026-08-28T10:58:41.807024+00:00
P01606,a60a9fc07ec35688,Seasonal,HoltWinters7,5000,997.0,10.5196,809.799924,817.90468,1066.133425,1082.803441,1100.963451,0.2046,11.660443,85.803441,Fragile,2026-08-28T10:58:41.807024+00:00
P00213,b1819238f8370413,Stable,HoltWinters7,5000,1206.0,7.5106,992.827377,1020.429972,1317.531123,1333.334381,1355.536616,0.2044,19.650793,127.334381,Fragile,2026-08-28T10:58:41.807024+00:00
P01694,ccd2564c14a6ec5c,Stable,SeasonalNaive7,5000,53.0,7.5044,42.82785,42.557347,56.995875,60.092213,64.71411,0.2044,0.963778,7.092213,Fragile,2026-08-28T10:58:41.807024+00:00
P00042,6e52cf320af95f07,Stable,HoltWinters7,5000,1434.0,7.4832,1174.043107,1148.332669,1562.064018,1585.835116,1615.996576,0.204,23.419157,151.835116,Fragile,2026-08-28T10:58:41.807024+00:00
P00210,e471534b8c6e315b,Seasonal,HoltWinters7,5000,73.0,10.4912,59.62269,59.579192,78.100525,81.019212,85.404543,0.204,1.103619,8.019212,Fragile,2026-08-28T10:58:41.807024+00:00
P01700,e7001757719a2271,Seasonal,HoltWinters7,5000,1430.0,10.5062,1165.549112,1180.199378,1520.508354,1557.709879,1592.541433,0.2038,16.752656,127.709879,Fragile,2026-08-28T10:58:41.807024+00:00
P00227,2f281297b2264f24,Stable,HoltWinters7,5000,1877.0,7.5296,1526.307508,1538.983206,2012.180817,2065.333486,2127.682284,0.2036,26.735108,188.333486,Fragile,2026-08-28T10:58:41.807024+00:00
P01886,d113c07e0a3ca595,Stable,HoltWinters7,5000,1432.0,7.4476,1170.933224,1125.523233,1565.257779,1585.808912,1612.757354,0.2036,23.317342,153.808912,Fragile,2026-08-28T10:58:41.807024+00:00
P01236,64bc827c241e7876,Seasonal,HoltWinters7,5000,370.0,10.55,301.639066,302.793941,392.530247,403.173206,414.152568,0.2036,4.504823,33.173206,Fragile,2026-08-28T10:58:41.807024+00:00
P01582,9aad2bb238c021dc,Seasonal,HoltWinters7,5000,220.0,10.4798,178.173024,177.462141,234.607378,239.230887,243.854631,0.2036,2.619184,19.230887,Fragile,2026-08-28T10:58:41.807024+00:00
P01348,3af9f397b29d7acd,Seasonal,SeasonalNaive7,5000,44.0,10.4784,35.944903,35.616612,47.037775,48.520594,50.465136,0.2028,0.633761,4.520594,Fragile,2026-08-28T10:58:41.807024+00:00
P01648,956b1870a76f56d8,Stable,HoltWinters7,5000,911.0,7.4872,741.165782,735.54854,978.108886,1005.04295,1039.178446,0.2026,13.324121,94.04295,Fragile,2026-08-28T10:58:41.807024+00:00
P01520,73dbc5ea8d01a7c4,Stable,SES,5000,750.0,7.4758,609.686547,603.229237,807.624433,829.029108,859.668769,0.2026,11.229205,79.029108,Fragile,2026-08-28T10:58:41.807024+00:00
P01417,3fdb769f2282aa6b,Trending,HoltWinters7,5000,114.0,8.4744,89.276389,88.7503,123.331939,128.890393,138.320074,0.2026,2.097052,14.890393,Fragile,2026-08-28T10:58:41.807024+00:00
P01974,c2ce43571d272854,Stable,HoltWinters7,5000,1505.0,7.4748,1236.221947,1206.464598,1644.897108,1667.851897,1698.559708,0.2024,24.68769,162.851897,Fragile,2026-08-28T10:58:41.807024+00:00
P01470,554581c2155a15eb,Stable,HoltWinters7,5000,4225.0,7.5266,3466.49138,3536.067095,4582.648065,4656.28503,4748.502833,0.2022,65.624463,431.28503,Fragile,2026-08-28T10:58:41.807024+00:00
P01864,e2960ad8922770b3,Seasonal,HoltWinters7,5000,2577.0,10.4838,2097.476725,2080.439589,2747.418708,2816.033415,2885.162723,0.2022,31.39268,239.033415,Fragile,2026-08-28T10:58:41.807024+00:00
P01453,108778241f644513,Stable,HoltWinters7,5000,1636.0,7.4908,1326.99401,1323.432842,1759.804575,1803.556104,1861.296005,0.2022,24.105515,167.556104,Fragile,2026-08-28T10:58:41.807024+00:00
P00162,2ccab6c23134fbdf,Stable,HoltWinters7,5000,2702.0,7.4798,2207.233401,2168.678276,2928.418603,2978.421558,3042.73984,0.202,42.029784,276.421558,Fragile,2026-08-28T10:58:41.807024+00:00
P00244,f38f2fb25dcce76e,Stable,SeasonalNaive7,5000,209.0,7.5022,170.097313,170.436889,225.622065,230.078174,237.935002,0.2018,3.161204,21.078174,Fragile,2026-08-28T10:58:41.807024+00:00
P00811,6a599d96ba0da303,Volatile,SES,5000,2930.0,14.9464,2406.966647,2392.685948,3129.554507,3253.761945,3456.829048,0.2016,45.300191,323.761945,Fragile,2026-08-28T10:58:41.807024+00:00
P01667,e3ec90eabea05758,Stable,HoltWinters7,5000,80.0,7.508,64.887556,65.320319,85.712322,88.815851,93.192995,0.2014,1.211424,8.815851,Fragile,2026-08-28T10:58:41.807024+00:00
P00756,ae18fa2c154db0e2,Stable,HoltWinters7,5000,3262.0,7.4726,2670.999847,2591.260635,3562.837738,3609.872337,3669.493498,0.2012,54.924163,347.872337,Fragile,2026-08-28T10:58:41.807024+00:00
P00397,c16254678025b859,Stable,HoltWinters7,5000,1431.0,7.5022,1155.412584,1148.832004,1527.70646,1571.602438,1637.649582,0.2012,19.857326,140.602438,Fragile,2026-08-28T10:58:41.807024+00:00
P01983,efce12b97015014b,Stable,HoltWinters7,5000,525.0,7.504,430.234553,435.449491,569.463547,578.90998,590.528529,0.2012,8.000555,53.90998,Fragile,2026-08-28T10:58:41.807024+00:00
P01951,fa6d9bbeebb69ee6,Seasonal,HoltWinters7,5000,228.0,10.4936,185.742268,185.63223,242.600132,252.319637,264.252777,0.2012,3.275938,24.319637,Fragile,2026-08-28T10:58:41.807024+00:00
P00324,52de2a6df887fdcb,Stable,HoltWinters7,5000,91.0,7.521,73.887943,74.596824,97.613983,99.574094,102.216483,0.2012,1.268862,8.574094,Fragile,2026-08-28T10:58:41.807024+00:00
P01022,e4cf3b31e1f27799,Volatile,SES,5000,475.0,15.0224,390.038179,389.139014,504.19237,524.486685,552.036625,0.201,6.678542,49.486685,Fragile,2026-08-28T10:58:41.807024+00:00
P01644,a2d26c95d76b986e,Stable,HoltWinters7,5000,1400.0,7.494,1150.075566,1118.648622,1529.340101,1548.128037,1571.815894,0.2006,23.494539,148.128037,Fragile,2026-08-28T10:58:41.807024+00:00
P00933,eed0cdced1db1b3f,Stable,HoltWinters7,5000,220.0,7.496,177.065121,176.73727,235.011738,240.270229,248.514397,0.2006,2.998195,20.270229,Fragile,2026-08-28T10:58:41.807024+00:00
P01561,15872f7c86aef64d,Seasonal,SeasonalNaive7,5000,48.0,10.5454,39.014714,38.800841,50.697997,52.437937,54.758597,0.2004,0.607597,4.437937,Fragile,2026-08-28T10:58:41.807024+00:00
P00429,1110bb7a413a2bcf,Stable,SeasonalNaive7,5000,33.0,7.4632,26.623211,26.418941,35.234151,36.546603,38.275475,0.2,0.484452,3.546603,Fragile,2026-08-28T10:58:41.807024+00:00
P00986,6844ed2cf7432362,Seasonal,HoltWinters7,5000,2611.0,10.496,2114.320332,2131.819107,2786.539994,2832.111149,2891.502275,0.1998,30.128166,221.111149,Fragile,2026-08-28T10:58:41.807024+00:00
P01437,1fd7eaf7f3ceff3b,Stable,SeasonalNaive7,5000,185.0,7.5156,150.549395,151.257421,198.894696,203.61028,210.050318,0.1992,2.671246,18.61028,Fragile,2026-08-28T10:58:41.807024+00:00
P00024,674225e0213a2776,Stable,SeasonalNaive7,5000,33.0,7.4722,26.658971,26.617301,35.179961,36.437769,38.144962,0.199,0.470172,3.437769,Fragile,2026-08-28T10:58:41.807024+00:00
P01364,a263d733acc78b84,Stable,HoltWinters7,5000,2291.0,7.4814,1879.097946,1832.738977,2499.721387,2530.765998,2564.601093,0.1988,36.764889,239.765998,Fragile,2026-08-28T10:58:41.807024+00:00
P00287,1e3352f90279d635,Stable,HoltWinters7,5000,1837.0,7.497,1511.766585,1542.581201,2005.602862,2031.658546,2066.850169,0.1988,29.397061,194.658546,Fragile,2026-08-28T10:58:41.807024+00:00
P01462,7deabf8e89ec4f1e,Stable,HoltWinters7,5000,3518.0,7.4876,2875.420681,2785.064996,3822.400138,3877.860289,3949.787473,0.1984,55.597956,359.860289,Fragile,2026-08-28T10:58:41.807024+00:00
P00931,c5104a599577d29c,Seasonal,SeasonalNaive7,5000,46.0,10.4834,37.412737,37.387906,49.218303,51.200633,54.494191,0.198,0.729792,5.200633,Fragile,2026-08-28T10:58:41.807024+00:00
P01785,214e7ae70fc42612,Stable,HoltWinters7,5000,2906.0,7.471,2371.917992,2307.036391,3158.854532,3204.494902,3259.868445,0.1976,45.09467,298.494902,Fragile,2026-08-28T10:58:41.807024+00:00
P00034,2c1075c5f116eb19,Volatile,SES,5000,4588.0,15.0212,3766.21854,3751.432268,4889.002258,5093.943056,5343.22536,0.1974,67.258662,505.943056,Fragile,2026-08-28T10:58:41.807024+00:00
P01378,f834c175ab7f91db,Seasonal,HoltWinters7,5000,1655.0,10.48,1340.03342,1309.150281,1765.188858,1799.460399,1834.404764,0.197,18.932028,144.460399,Fragile,2026-08-28T10:58:41.807024+00:00
P01900,b861178bc8812fac,Stable,HoltWinters7,5000,830.0,7.485,674.536677,664.329595,897.096624,911.440671,930.259931,0.1966,12.461497,81.440671,Fragile,2026-08-28T10:58:41.807024+00:00
P01950,24243a833205964f,Seasonal,HoltWinters7,5000,253.0,10.5744,205.307419,205.421736,267.404855,273.775735,281.38023,0.1966,2.842074,20.775735,Fragile,2026-08-28T10:58:41.807024+00:00
P00902,9e83129c5af86f83,Stable,SES,5000,114.0,7.5004,91.908694,91.242918,122.219996,127.166837,134.940019,0.1964,1.799371,13.166837,Fragile,2026-08-28T10:58:41.807024+00:00
P01410,e313c5f7830c495a,Stable,HoltWinters7,5000,2047.0,7.4818,1655.629621,1665.267179,2184.360803,2241.01428,2319.276276,0.1962,27.416793,194.01428,Fragile,2026-08-28T10:58:41.807024+00:00
P00905,5066c6e3557ce26f,Stable,HoltWinters7,5000,224.0,7.51,181.793211,179.652392,240.774124,245.610095,251.382688,0.1958,3.197501,21.610095,Fragile,2026-08-28T10:58:41.807024+00:00
P00152,3072fd1e6916edd3,Stable,HoltWinters7,5000,169.0,7.4818,136.416343,136.075912,180.569772,187.425936,197.787887,0.1958,2.514674,18.425936,Fragile,2026-08-28T10:58:41.807024+00:00
P01920,0798ea20273f4262,Stable,HoltWinters7,5000,171.0,7.4824,139.722044,137.043952,185.324226,188.496086,192.685624,0.1954,2.55739,17.496086,Fragile,2026-08-28T10:58:41.807024+00:00
P01259,1092366cd1d1ba0d,Trending,HoltWinters7,5000,103.0,8.4932,80.09723,79.424763,111.133138,116.750608,124.407163,0.1954,1.846427,13.750608,Fragile,2026-08-28T10:58:41.807024+00:00
P01603,16efd9ff02013ea2,Volatile,SES,5000,106.0,14.9512,86.596257,86.327537,112.624307,117.607084,124.849335,0.1948,1.552343,11.607084,Fragile,2026-08-28T10:58:41.807024+00:00
P01066,06937aa42496ff5b,Stable,HoltWinters7,5000,2212.0,7.5122,1813.033418,1831.206738,2401.781127,2439.746468,2484.533688,0.1946,34.180702,227.746468,Fragile,2026-08-28T10:58:41.807024+00:00
P00796,60ba851cd76eb31d,Stable,HoltWinters7,5000,630.0,7.4908,506.998288,504.842125,670.419119,689.099383,716.950059,0.1946,8.255156,59.099383,Fragile,2026-08-28T10:58:41.807024+00:00
P00594,f8abbbf6f70d78cd,Stable,HoltWinters7,5000,131.0,7.5278,106.286209,106.967643,140.387465,143.144193,146.994102,0.1946,1.773746,12.144193,Fragile,2026-08-28T10:58:41.807024+00:00
P00583,f2c30d4eabc306ee,Seasonal,HoltWinters7,5000,2903.0,10.465,2348.450506,2315.155686,3084.401718,3156.714282,3233.613338,0.1944,33.290494,253.714282,Fragile,2026-08-28T10:58:41.807024+00:00
P01248,ee4e76f7096df923,Stable,HoltWinters7,5000,119.0,7.529,95.993574,96.056083,126.65618,132.26876,139.81206,0.1944,1.74878,13.26876,Fragile,2026-08-28T10:58:41.807024+00:00
P01176,63b113e41e919426,Stable,HoltWinters7,5000,1286.0,7.5296,1051.847487,1071.301501,1393.022643,1411.63629,1437.443357,0.1942,19.774602,125.63629,Fragile,2026-08-28T10:58:41.807024+00:00
P00122,6aba4b543d6985d8,Stable,HoltWinters7,5000,614.0,7.501,498.046549,501.280714,656.215468,674.723177,697.559704,0.1942,8.484794,60.723177,Fragile,2026-08-28T10:58:41.807024+00:00
P01139,ba2045e1b2236392,Stable,HoltWinters7,5000,2679.0,7.4726,2186.6029,2120.711349,2912.26696,2949.591586,3002.774188,0.194,41.638136,270.591586,Fragile,2026-08-28T10:58:41.807024+00:00
P00798,454c12220eb23472,Stable,HoltWinters7,5000,2454.0,7.5046,2004.332453,2045.742027,2656.585549,2698.690152,2757.730078,0.1936,36.09804,244.690152,Fragile,2026-08-28T10:58:41.807024+00:00
P01741,92af3d2af340f49e,Stable,HoltWinters7,5000,536.0,7.521,433.246753,434.451585,570.865963,585.763225,605.304684,0.1936,7.014569,49.763225,Fragile,2026-08-28T10:58:41.807024+00:00
P01865,b0ef7d09f197d6ed,Volatile,SES,5000,1685.0,14.9798,1376.60613,1371.104563,1784.685434,1853.17979,1948.031216,0.1932,22.634666,168.17979,Fragile,2026-08-28T10:58:41.807024+00:00
P00883,9b7e2d0785a5d4c5,Volatile,Naive,5000,37.0,15.067,30.126341,29.839128,39.568879,41.312972,44.065559,0.1932,0.581089,4.312972,Fragile,2026-08-28T10:58:41.807024+00:00
P01945,36d04f3a941ef458,Stable,HoltWinters7,5000,1273.0,7.5206,1046.803137,1077.736192,1386.020892,1404.854464,1428.302271,0.1928,20.119424,131.854464,Fragile,2026-08-28T10:58:41.807024+00:00
P00790,5a0267a460dd50ff,Stable,HoltWinters7,5000,326.0,7.5208,262.194676,261.12942,346.803156,356.386398,369.069996,0.1928,4.17892,30.386398,Fragile,2026-08-28T10:58:41.807024+00:00
P00836,14cb9317d9b972b0,Stable,Naive,5000,28.0,7.5198,22.566834,22.62977,29.71456,30.772647,32.178134,0.1928,0.375815,2.772647,Fragile,2026-08-28T10:58:41.807024+00:00
P00510,b015054b59477d04,Stable,HoltWinters7,5000,3267.0,7.519,2678.111239,2737.392545,3551.061461,3594.594482,3658.913375,0.1926,50.885705,327.594482,Fragile,2026-08-28T10:58:41.807024+00:00
P01586,34835b1402478726,Stable,HoltWinters7,5000,233.0,7.5164,187.694827,187.82138,248.512833,258.330314,273.684975,0.1926,3.395496,25.330314,Fragile,2026-08-28T10:58:41.807024+00:00
P00612,bb553d4aabf9fc79,Stable,HoltWinters7,5000,4475.0,7.46,3653.038232,3536.104352,4866.147149,4938.288211,5018.083,0.1924,68.02633,463.288211,Fragile,2026-08-28T10:58:41.807024+00:00
P01242,8a1f51750a44af63,Stable,HoltWinters7,5000,2387.0,7.538,1959.796441,1997.974374,2589.056941,2625.982171,2677.74516,0.1924,37.079928,238.982171,Fragile,2026-08-28T10:58:41.807024+00:00
P00428,cadb6664211dab5d,Stable,HoltWinters7,5000,1989.0,7.5274,1600.564485,1611.907049,2114.391226,2165.387568,2240.298108,0.1924,24.894808,176.387568,Fragile,2026-08-28T10:58:41.807024+00:00
P00588,63e076cd0031f90c,Seasonal,Naive,5000,52.0,10.4968,41.950621,41.70068,55.258905,57.52439,60.743923,0.1924,0.736294,5.52439,Fragile,2026-08-28T10:58:41.807024+00:00
P00812,d4bf74dd6bceb343,Stable,HoltWinters7,5000,2253.0,7.5064,1820.215754,1822.811882,2407.775547,2462.792582,2540.517973,0.192,29.66493,209.792582,Fragile,2026-08-28T10:58:41.807024+00:00
P00757,ab68d55dc11a7b10,Stable,HoltWinters7,5000,1492.0,7.5034,1215.193594,1193.482257,1613.888545,1638.981633,1671.726503,0.1916,22.36599,146.981633,Fragile,2026-08-28T10:58:41.807024+00:00
P00709,25c95b3559cd3359,Seasonal,HoltWinters7,5000,276.0,10.4964,223.256094,223.299958,291.790141,298.96633,307.057733,0.1916,3.011663,22.96633,Fragile,2026-08-28T10:58:41.807024+00:00
P00658,bed393d1c8f0f31b,Seasonal,HoltWinters7,5000,151.0,10.5306,122.602714,122.616659,159.834393,164.508922,169.916641,0.1916,1.782125,13.508922,Fragile,2026-08-28T10:58:41.807024+00:00
P00290,3552aa2f52bc2846,Seasonal,HoltWinters7,5000,1376.0,10.511,1114.980742,1117.718302,1462.132379,1491.593185,1524.957933,0.1914,15.184364,115.593185,Fragile,2026-08-28T10:58:41.807024+00:00
P01567,f131e7b40110fbd9,Stable,HoltWinters7,5000,3493.0,7.4758,2853.633149,2786.680282,3799.964671,3857.66524,3922.574694,0.1912,53.679136,364.66524,Fragile,2026-08-28T10:58:41.807024+00:00
P01532,7dc1d87a7d58dccc,Stable,HoltWinters7,5000,2445.0,7.5314,1995.631252,2045.956438,2634.701992,2673.745757,2730.877567,0.1912,35.201483,228.745757,Fragile,2026-08-28T10:58:41.807024+00:00
P01698,a4db75b1db1572de,Trending,HoltWinters7,5000,298.0,8.5914,233.495862,234.549168,319.396898,332.94403,356.888625,0.191,4.766613,34.94403,Fragile,2026-08-28T10:58:41.807024+00:00
P01981,b6b050089a37ede2,Seasonal,HoltWinters7,5000,374.0,10.4424,302.701762,301.56211,396.055689,412.185699,433.547835,0.1908,5.108907,38.185699,Fragile,2026-08-28T10:58:41.807024+00:00
P01581,8a4ef5b595276478,Stable,HoltWinters7,5000,146.0,7.5018,117.558637,117.397897,155.406785,161.860018,172.74327,0.1908,2.141668,15.860018,Fragile,2026-08-28T10:58:41.807024+00:00
P00136,756a2213fad6aae0,Stable,HoltWinters7,5000,226.0,7.52,184.843622,190.082247,244.782582,248.192473,253.500954,0.1906,3.372027,22.192473,Fragile,2026-08-28T10:58:41.807024+00:00
P01712,0bcaf39848dc6edd,Trending,HoltWinters7,5000,191.0,8.487,148.029586,148.292599,203.828507,213.297706,227.01826,0.1906,2.980377,22.297706,Fragile,2026-08-28T10:58:41.807024+00:00
P00282,fc01e3eea0394089,Stable,HoltWinters7,5000,170.0,7.474,138.019602,135.217836,183.096898,186.722558,191.589539,0.1904,2.379604,16.722558,Fragile,2026-08-28T10:58:41.807024+00:00
P01123,023133b4ca9d76bd,Stable,HoltWinters7,5000,641.0,7.5268,517.047968,518.322278,682.706576,699.150193,718.7821,0.1902,8.068939,58.150193,Fragile,2026-08-28T10:58:41.807024+00:00
P00630,bce398c17f6851c0,Stable,HoltWinters7,5000,172.0,7.4516,138.681386,136.64217,184.487625,188.46747,194.34607,0.1902,2.364907,16.46747,Fragile,2026-08-28T10:58:41.807024+00:00
P00370,3fd85f7d468dd4d3,Stable,HoltWinters7,5000,139.0,7.5008,111.235217,110.830807,147.586657,153.482029,161.380212,0.1902,1.938093,14.482029,Fragile,2026-08-28T10:58:41.807024+00:00
P01397,a497c7443d81ba1c,Stable,SeasonalNaive7,5000,257.0,7.489,206.908183,205.512939,274.392954,280.695677,288.276832,0.19,3.327718,23.695677,Fragile,2026-08-28T10:58:41.807024+00:00
P00386,82963d13397a275f,Volatile,SES,5000,4416.0,15.0498,3591.193836,3581.105055,4676.560246,4836.48204,5128.980784,0.1898,58.108238,420.48204,Fragile,2026-08-28T10:58:41.807024+00:00
P00918,0442e3c02f8fbbc8,Stable,HoltWinters7,5000,1743.0,7.5166,1400.542746,1399.688592,1853.389322,1896.79491,1951.483811,0.1898,21.636707,153.79491,Fragile,2026-08-28T10:58:41.807024+00:00
P01132,d09880e5415cd51d,Stable,HoltWinters7,5000,1059.0,7.4872,863.253962,840.981221,1146.685728,1165.214225,1188.919506,0.1898,15.891732,106.214225,Fragile,2026-08-28T10:58:41.807024+00:00
P01570,472ab46fb6477393,Seasonal,HoltWinters7,5000,1439.0,10.4834,1160.396688,1146.899912,1522.939863,1553.634173,1590.897185,0.1894,15.127891,114.634173,Fragile,2026-08-28T10:58:41.807024+00:00
P01375,8bbd5b450dc9af27,Stable,HoltWinters7,5000,46.0,7.4974,36.977299,36.808402,48.846815,50.992504,54.211949,0.1894,0.668732,4.992504,Fragile,2026-08-28T10:58:41.807024+00:00
P01426,37a8fffa27c9420b,Stable,HoltWinters7,5000,1827.0,7.4868,1464.652489,1465.191987,1936.955576,1993.267434,2062.52117,0.1892,22.428377,166.267434,Fragile,2026-08-28T10:58:41.807024+00:00
P01822,e124b3bf0335a8c9,Stable,HoltWinters7,5000,156.0,7.5004,124.785415,124.635798,165.333125,172.136007,181.134106,0.1892,2.127305,16.136007,Fragile,2026-08-28T10:58:41.807024+00:00
P01899,399bac83b2582987,Stable,HoltWinters7,5000,194.0,7.5348,157.296134,159.669233,207.765591,211.351497,216.229817,0.189,2.613113,17.351497,Fragile,2026-08-28T10:58:41.807024+00:00
P00027,1552913000980934,Trending,HoltWinters7,5000,138.0,8.5444,106.819525,106.502196,146.994208,153.024246,161.466133,0.189,1.95525,15.024246,Fragile,2026-08-28T10:58:41.807024+00:00
P01690,bdae6da98d57dc20,Stable,HoltWinters7,5000,3060.0,7.4866,2500.440586,2434.048049,3328.237355,3372.304341,3425.001019,0.1886,47.351661,312.304341,Fragile,2026-08-28T10:58:41.807024+00:00
P00307,81a1296d73ce8c30,Stable,HoltWinters7,5000,477.0,7.4854,388.284908,374.88481,516.649509,522.886146,531.801091,0.1886,7.166751,45.886146,Fragile,2026-08-28T10:58:41.807024+00:00
P01838,44078191170ed10d,Seasonal,HoltWinters7,5000,262.0,10.5492,212.32502,214.18031,277.294367,283.232327,289.573078,0.1886,2.77073,21.232327,Fragile,2026-08-28T10:58:41.807024+00:00
P00284,1c77ac773c764084,Stable,HoltWinters7,5000,140.0,7.5254,112.18416,111.897457,148.336806,153.770208,161.545037,0.1886,1.858188,13.770208,Fragile,2026-08-28T10:58:41.807024+00:00
P00850,ef33540a0fefc091,Stable,HoltWinters7,5000,239.0,7.5084,195.56321,201.231326,259.758832,262.920435,267.037816,0.1884,3.736119,23.920435,Fragile,2026-08-28T10:58:41.807024+00:00
P01571,d384dc1b2650b1cd,Stable,HoltWinters7,5000,2195.0,7.4746,1787.360212,1721.535209,2380.391902,2412.614232,2451.753887,0.188,32.727834,217.614232,Fragile,2026-08-28T10:58:41.807024+00:00
P01141,98b1a7abf8b0f561,Stable,HoltWinters7,5000,1459.0,7.5112,1179.810206,1173.410753,1560.256745,1600.105002,1645.811117,0.188,19.542036,141.105002,Fragile,2026-08-28T10:58:41.807024+00:00
P00584,8667347e4aad5a4d,Seasonal,HoltWinters7,5000,297.0,10.4414,239.24062,236.706928,313.161963,322.096883,333.275646,0.1876,3.268457,25.096883,Fragile,2026-08-28T10:58:41.807024+00:00
P01611,521102ce3655dd6d,Stable,HoltWinters7,5000,611.0,7.5152,490.119646,487.752376,650.328566,664.659653,683.514363,0.1874,7.528089,53.659653,Fragile,2026-08-28T10:58:41.807024+00:00
P00646,8b1f4c4af2f9355d,Stable,HoltWinters7,5000,1201.0,7.5048,962.530482,960.093155,1276.675369,1304.980731,1345.998024,0.1872,14.452432,103.980731,Fragile,2026-08-28T10:58:41.807024+00:00
P00245,ea1cb64c8a89f8d0,Seasonal,HoltWinters7,5000,275.0,10.4914,221.277299,219.4916,291.577686,300.778083,315.465884,0.187,3.505232,25.778083,Fragile,2026-08-28T10:58:41.807024+00:00
P01919,56d33e4b81370e5a,Stable,HoltWinters7,5000,102.0,7.4958,82.039418,81.492197,108.691639,111.055325,114.754467,0.187,1.289227,9.055325,Fragile,2026-08-28T10:58:41.807024+00:00
P01538,ebb24415f4cdccd8,Stable,HoltWinters7,5000,2250.0,7.5546,1848.615238,1919.07223,2438.144476,2467.509539,2505.263469,0.1868,33.511212,217.509539,Fragile,2026-08-28T10:58:41.807024+00:00
P01722,eaaf88bb0b4fa4d0,Trending,HoltWinters7,5000,167.0,8.4594,129.628253,129.221698,178.797562,187.961677,199.960873,0.1868,2.734431,20.961677,Fragile,2026-08-28T10:58:41.807024+00:00
P01174,762970e07370814d,Stable,HoltWinters7,5000,122.0,7.507,99.034366,100.283926,131.155743,133.477858,136.856093,0.1868,1.682676,11.477858,Fragile,2026-08-28T10:58:41.807024+00:00
P01163,fa87b07d28452760,Stable,SeasonalNaive7,5000,72.0,7.5132,58.088263,58.027658,76.515959,78.662429,81.134824,0.1868,0.89018,6.662429,Fragile,2026-08-28T10:58:41.807024+00:00
P01330,c48acdcdc3aa92a0,Seasonal,HoltWinters7,5000,1833.0,10.5528,1483.046981,1492.86073,1941.925304,1979.534838,2021.509887,0.1866,19.286484,146.534838,Fragile,2026-08-28T10:58:41.807024+00:00
P01713,26c2df926bd421b1,Stable,HoltWinters7,5000,2230.0,7.4548,1813.276646,1762.990032,2416.260252,2456.966313,2502.988331,0.1862,32.469523,226.966313,Fragile,2026-08-28T10:58:41.807024+00:00
P00604,ede9f8c9b38f9586,Seasonal,SeasonalNaive7,5000,32.0,10.5462,25.734761,25.611079,33.951178,35.678901,37.990945,0.1858,0.479876,3.678901,Fragile,2026-08-28T10:58:41.807024+00:00
P00200,71590ae91f3b2a8e,Stable,HoltWinters7,5000,3968.0,7.5216,3247.213876,3341.25687,4308.755074,4352.698427,4413.323683,0.1856,60.592084,384.698427,Fragile,2026-08-28T10:58:41.807024+00:00
P00673,d58803a70a90361c,Stable,SES,5000,205.0,7.5008,164.568429,164.462186,217.611655,227.259142,241.319129,0.1856,2.946697,22.259142,Fragile,2026-08-28T10:58:41.807024+00:00
P00571,263656b86feeef71,Stable,HoltWinters7,5000,617.0,7.5506,505.058523,519.335979,667.493455,675.055346,686.771408,0.1854,9.14875,58.055346,Fragile,2026-08-28T10:58:41.807024+00:00
P01737,9ec95ecbd8530162,Volatile,RollingMean28,5000,441.0,15.0534,358.734874,358.921202,462.835606,478.335562,501.920566,0.1854,4.891722,37.335562,Fragile,2026-08-28T10:58:41.807024+00:00
P01679,5ec02dbefb024bdc,Stable,HoltWinters7,5000,182.0,7.4776,145.187278,143.640577,193.652754,201.021935,211.450488,0.1854,2.490147,19.021935,Fragile,2026-08-28T10:58:41.807024+00:00
P01964,4f43aad4b3e0df53,Seasonal,SeasonalNaive7,5000,69.0,10.4758,55.55691,55.371383,72.576611,74.815706,77.909682,0.1852,0.773369,5.815706,Fragile,2026-08-28T10:58:41.807024+00:00
P00366,442e34af4e23cff1,Stable,HoltWinters7,5000,175.0,7.536,141.248722,142.821399,185.872429,189.839781,195.311546,0.185,2.109535,14.839781,Fragile,2026-08-28T10:58:41.807024+00:00
P00861,755bf84288817791,Stable,HoltWinters7,5000,1820.0,7.5214,1473.603463,1509.331686,1949.724423,1977.1133,2012.480991,0.1848,24.216837,157.1133,Fragile,2026-08-28T10:58:41.807024+00:00
P01701,93cce4f2ab2e3797,Stable,HoltWinters7,5000,1954.0,7.4744,1567.117868,1552.967404,2076.681339,2130.626715,2205.689294,0.1848,24.053535,176.626715,Fragile,2026-08-28T10:58:41.807024+00:00
P01186,ecc8eeff820bcf91,Volatile,SES,5000,1103.0,14.98,898.102562,895.05094,1163.551226,1209.145438,1270.900346,0.1846,13.901019,106.145438,Fragile,2026-08-28T10:58:41.807024+00:00
P01315,2e70d77b41bb6d2c,Stable,HoltWinters7,5000,2145.0,7.4942,1749.482706,1699.123885,2323.887144,2353.765885,2397.7802,0.1844,31.771845,208.765885,Fragile,2026-08-28T10:58:41.807024+00:00
P00276,bb9fc82369fae213,Stable,HoltWinters7,5000,2198.0,7.5172,1790.788447,1834.999346,2371.46565,2405.664667,2449.74986,0.1844,31.000337,207.664667,Fragile,2026-08-28T10:58:41.807024+00:00
P00789,eddb1af47c8a2663,Stable,HoltWinters7,5000,2046.0,7.5508,1650.354657,1690.316889,2179.139755,2212.863995,2258.633727,0.1842,25.267254,166.863995,Fragile,2026-08-28T10:58:41.807024+00:00
P00802,76b86969380ab394,Stable,SES,5000,53.0,7.508,42.302061,42.198909,56.211443,58.485958,61.662057,0.1842,0.722612,5.485958,Fragile,2026-08-28T10:58:41.807024+00:00
P01138,dc7a40787c347a33,Stable,HoltWinters7,5000,2317.0,7.546,1902.166825,1970.208786,2510.670446,2540.361558,2580.358368,0.184,33.93744,223.361558,Fragile,2026-08-28T10:58:41.807024+00:00
P01790,c37e900b054dfe87,Stable,HoltWinters7,5000,578.0,7.5304,469.042493,479.117564,619.709476,629.742574,641.81367,0.184,7.698199,51.742574,Fragile,2026-08-28T10:58:41.807024+00:00
P00586,aac49fc1c206fb81,Seasonal,HoltWinters7,5000,160.0,10.4412,128.486006,128.184754,168.396054,175.002224,183.859133,0.1838,1.936713,15.002224,Fragile,2026-08-28T10:58:41.807024+00:00
P01353,f426788a5abe7f67,Seasonal,HoltWinters7,5000,171.0,10.4668,137.282168,136.010594,180.861689,184.402098,188.991933,0.1838,1.768802,13.402098,Fragile,2026-08-28T10:58:41.807024+00:00
P00424,04be2bee45b2b1b2,Seasonal,HoltWinters7,5000,2419.0,10.5154,1954.566995,1954.004447,2550.141171,2619.446623,2686.621841,0.1836,25.518515,200.446623,Fragile,2026-08-28T10:58:41.807024+00:00
P00788,f041231b0d6d3131,Volatile,SES,5000,108.0,14.9292,87.828615,87.710599,113.960167,117.942823,124.682947,0.1836,1.331448,9.942823,Fragile,2026-08-28T10:58:41.807024+00:00
P01165,82213bd3a31e78f1,Stable,SeasonalNaive7,5000,35.0,7.4846,27.932825,27.86588,37.376162,39.286437,42.290221,0.1836,0.571142,4.286437,Fragile,2026-08-28T10:58:41.807024+00:00
P00128,0e631fb818dd911f,Stable,HoltWinters7,5000,938.0,7.5432,749.162443,750.320631,986.065898,1016.026408,1053.635054,0.1834,10.291406,78.026408,Fragile,2026-08-28T10:58:41.807024+00:00
P00356,ce8f4f1f58282dfa,Stable,SeasonalNaive7,5000,1431.0,7.4752,1158.251346,1144.696616,1537.555596,1566.40823,1603.346796,0.1832,19.361498,135.40823,Fragile,2026-08-28T10:58:41.807024+00:00
P01392,d7ded6b9255fc9a3,Trending,HoltWinters7,5000,74.0,8.5078,57.163541,57.056995,78.689597,82.555841,88.311002,0.1832,1.132037,8.555841,Fragile,2026-08-28T10:58:41.807024+00:00
P01508,16feac8c4bd3796e,Seasonal,HoltWinters7,5000,546.0,10.5362,440.335751,440.002388,576.222666,588.387127,603.574872,0.183,5.553057,42.387127,Fragile,2026-08-28T10:58:41.807024+00:00
P01115,12962a2a3c75c89c,Stable,HoltWinters7,5000,2575.0,7.5084,2091.565037,2135.6726,2773.056101,2813.681619,2868.191033,0.1828,35.7968,238.681619,Fragile,2026-08-28T10:58:41.807024+00:00
P01358,5932f6ab745e9f31,Stable,HoltWinters7,5000,85.0,7.47,68.130107,67.140127,90.726607,92.418061,94.802154,0.1828,1.072668,7.418061,Fragile,2026-08-28T10:58:41.807024+00:00
P01052,2d933726cc35a374,Seasonal,HoltWinters7,5000,1730.0,10.5244,1393.046388,1397.150143,1820.502936,1864.112933,1904.380548,0.1826,17.029685,134.112933,Fragile,2026-08-28T10:58:41.807024+00:00
P01264,41f2a7985f7a6f78,Stable,HoltWinters7,5000,211.0,7.5424,171.614438,176.972293,226.935857,229.588817,232.963456,0.1826,2.929066,18.588817,Fragile,2026-08-28T10:58:41.807024+00:00
P01120,19d2cbf5fd6b4044,Seasonal,HoltWinters7,5000,272.0,10.5444,220.243,221.467596,286.701707,297.506138,312.83332,0.1824,3.340934,25.506138,Fragile,2026-08-28T10:58:41.807024+00:00
P00306,e094665feb6ef330,Stable,HoltWinters7,5000,268.0,7.4872,214.693295,213.918765,284.430605,290.819029,300.487289,0.1822,3.163432,22.819029,Fragile,2026-08-28T10:58:41.807024+00:00
P00840,403a8715f8458e7b,Stable,HoltWinters7,5000,1113.0,7.5298,907.862217,931.319645,1199.612463,1217.619293,1240.109677,0.182,15.557398,104.619293,Fragile,2026-08-28T10:58:41.807024+00:00
P01836,de2d37e8a7b1234c,Stable,HoltWinters7,5000,1071.0,7.5406,871.54904,900.952589,1152.463183,1166.275006,1182.95277,0.1818,14.866017,95.275006,Fragile,2026-08-28T10:58:41.807024+00:00
P00694,ee75daadf7d002d9,Seasonal,HoltWinters7,5000,391.0,10.4904,314.913796,315.506508,410.628954,424.820017,445.461566,0.1818,4.471563,33.820017,Fragile,2026-08-28T10:58:41.807024+00:00
P00270,013fdfc2f8af346e,Stable,HoltWinters7,5000,140.0,7.5158,112.280489,111.709844,148.337756,151.517901,155.63947,0.1818,1.627784,11.517901,Fragile,2026-08-28T10:58:41.807024+00:00
P00079,9b5680030b623100,Stable,Naive,5000,56.0,7.4338,44.625724,43.923148,59.413445,60.985956,63.227071,0.1818,0.67098,4.985956,Fragile,2026-08-28T10:58:41.807024+00:00
P01166,c8feb2657abfc160,Stable,HoltWinters7,5000,2114.0,7.4886,1694.99086,1679.053604,2240.55108,2303.062303,2380.971769,0.1816,25.225723,189.062303,Fragile,2026-08-28T10:58:41.807024+00:00
P01077,9d01c5c149faf8b6,Seasonal,SeasonalNaive7,5000,297.0,10.506,239.879389,241.905948,313.114943,320.864639,329.843124,0.1816,3.080344,23.864639,Fragile,2026-08-28T10:58:41.807024+00:00
P00130,3d59c25a7ca1cd33,Stable,HoltWinters7,5000,627.0,7.4946,507.266565,517.481805,672.071661,682.510357,698.005778,0.1814,8.178764,55.510357,Fragile,2026-08-28T10:58:41.807024+00:00
P00331,2a92ad9ddd8d42a0,Seasonal,SeasonalNaive7,5000,390.0,10.5268,314.664014,316.584439,409.204522,420.074584,435.695008,0.1814,3.965997,30.074584,Fragile,2026-08-28T10:58:41.807024+00:00
P00886,a8813b83db1ea239,Stable,HoltWinters7,5000,227.0,7.4936,180.974458,179.722177,239.888673,250.458422,264.427785,0.1812,3.001791,23.458422,Fragile,2026-08-28T10:58:41.807024+00:00
P01908,aac06e3a690cb725,Seasonal,HoltWinters7,5000,108.0,10.464,86.728112,85.785137,113.612166,116.884751,120.1095,0.1812,1.117352,8.884751,Fragile,2026-08-28T10:58:41.807024+00:00
P01923,a43ed74ed9c384f9,Stable,HoltWinters7,5000,1822.0,7.5148,1483.045578,1528.413448,1967.342064,1991.91974,2022.612011,0.1808,26.307486,169.91974,Fragile,2026-08-28T10:58:41.807024+00:00
P00050,c4bfa09fc74bc4fd,Stable,HoltWinters7,5000,208.0,7.4716,165.363742,163.942417,219.466761,228.533646,241.123062,0.1808,2.692893,20.533646,Fragile,2026-08-28T10:58:41.807024+00:00
P00974,6110ffadd99f307b,Stable,SES,5000,112.0,7.5296,89.666391,89.727644,118.49779,124.147592,131.599493,0.1808,1.53537,12.147592,Fragile,2026-08-28T10:58:41.807024+00:00
P01004,6d135436e17aeb93,Stable,HoltWinters7,5000,3493.0,7.4672,2849.437304,2750.537507,3793.265704,3847.503442,3913.495279,0.1806,52.659915,354.503442,Fragile,2026-08-28T10:58:41.807024+00:00
P00942,40abcd1ef01f288d,Stable,SeasonalNaive7,5000,731.0,7.5302,596.970723,616.664393,790.08588,799.192477,810.675163,0.1806,10.512863,68.192477,Fragile,2026-08-28T10:58:41.807024+00:00
P01263,9cb581d2eeb40659,Seasonal,SeasonalNaive7,5000,201.0,10.4816,161.690665,160.922856,210.660505,217.622531,225.033023,0.1804,2.095373,16.622531,Fragile,2026-08-28T10:58:41.807024+00:00
P01843,b8f227c4c262dae1,Seasonal,HoltWinters7,5000,190.0,10.493,152.878168,151.414331,199.599441,205.316656,211.709406,0.1804,1.98307,15.316656,Fragile,2026-08-28T10:58:41.807024+00:00
P00387,e24cdb4fba6d07da,Seasonal,HoltWinters7,5000,187.0,10.479,150.787574,151.303626,197.021329,202.052214,207.487682,0.1804,1.879755,15.052214,Fragile,2026-08-28T10:58:41.807024+00:00
P01096,208fe0ab4339a221,Seasonal,HoltWinters7,5000,300.0,10.4696,241.338092,241.112373,315.008843,327.433985,342.823304,0.1802,3.523846,27.433985,Fragile,2026-08-28T10:58:41.807024+00:00
P01558,6414e0fa22f85258,Stable,HoltWinters7,5000,101.0,7.4644,80.712231,79.852825,107.346661,109.92564,113.338165,0.1802,1.226149,8.92564,Fragile,2026-08-28T10:58:41.807024+00:00
P00426,52017c6bf5a6e8bd,Stable,HoltWinters7,5000,2204.0,7.5334,1796.910358,1840.811614,2375.628026,2411.37507,2454.307496,0.1798,30.484871,207.37507,Fragile,2026-08-28T10:58:41.807024+00:00
P00017,7501dd7f23ab9d5f,Stable,HoltWinters7,5000,37.0,7.5216,29.608561,29.67315,39.03219,40.265982,42.022297,0.1798,0.43573,3.265982,Fragile,2026-08-28T10:58:41.807024+00:00
P00767,ad42fb1ba3cb919b,Stable,HoltWinters7,5000,2540.0,7.5074,2055.667197,2083.684913,2728.837793,2765.265171,2814.618078,0.1796,33.841998,225.265171,Fragile,2026-08-28T10:58:41.807024+00:00
P00281,4e10e02d05272355,Stable,HoltWinters7,5000,1996.0,7.4862,1591.409258,1590.914454,2109.230345,2165.139485,2238.731606,0.1796,22.677747,169.139485,Fragile,2026-08-28T10:58:41.807024+00:00
P00199,f62da7a0aac26887,Volatile,SES,5000,369.0,14.9876,298.89005,297.147771,386.998445,401.078331,420.819407,0.1796,4.241871,32.078331,Fragile,2026-08-28T10:58:41.807024+00:00
P01619,f607ff23d4236f6c,Seasonal,SeasonalNaive7,5000,3675.0,10.4792,2952.729896,2907.868175,3873.579976,3962.154205,4053.16521,0.1794,36.520644,287.154205,Fragile,2026-08-28T10:58:41.807024+00:00
P01978,9b511421a992b68e,Seasonal,HoltWinters7,5000,294.0,10.4814,236.4152,235.75598,308.611331,317.466853,326.110932,0.1794,2.909621,23.466853,Fragile,2026-08-28T10:58:41.807024+00:00
P00323,9b688f0d76d5c15c,Stable,HoltWinters7,5000,1422.0,7.5188,1154.679343,1174.038417,1530.071851,1549.707843,1577.897953,0.179,19.197181,127.707843,Fragile,2026-08-28T10:58:41.807024+00:00
P01351,0a9c3ab36cca7880,Stable,HoltWinters7,5000,1129.0,7.5072,899.99624,903.647426,1189.523074,1221.824855,1266.568441,0.179,12.579659,92.824855,Fragile,2026-08-28T10:58:41.807024+00:00
P00383,24f19433c598e28f,Stable,HoltWinters7,5000,2325.0,7.4988,1894.057635,1848.89893,2514.200714,2546.036715,2594.457626,0.1788,32.975816,221.036715,Fragile,2026-08-28T10:58:41.807024+00:00
P01892,8257d399491c608d,Volatile,RollingMean28,5000,288.0,15.0748,233.736829,233.637721,302.450364,311.892057,329.376111,0.1788,3.226354,23.892057,Fragile,2026-08-28T10:58:41.807024+00:00
P01739,5896d3a972edfe42,Stable,HoltWinters7,5000,221.0,7.487,176.66019,175.004839,234.160229,238.959268,246.012389,0.1788,2.51831,17.959268,Fragile,2026-08-28T10:58:41.807024+00:00
P00849,4983b0010e60ea93,Seasonal,HoltWinters7,5000,2911.0,10.5326,2346.111456,2365.024702,3081.282922,3135.688925,3202.195522,0.1786,29.339036,224.688925,Fragile,2026-08-28T10:58:41.807024+00:00
P01490,4b4a5dffee1807d8,Stable,HoltWinters7,5000,231.0,7.4708,184.331201,182.036106,244.625507,250.167726,257.651434,0.1786,2.625196,19.167726,Fragile,2026-08-28T10:58:41.807024+00:00
P01588,e99e8fa889b574c8,Seasonal,SeasonalNaive7,5000,107.0,10.502,86.161578,85.715074,112.310362,115.875738,120.673736,0.1786,1.147977,8.875738,Fragile,2026-08-28T10:58:41.807024+00:00
P00640,9e1e49770ab4ad22,Stable,HoltWinters7,5000,146.0,7.5138,116.32168,115.161552,154.359442,157.106638,160.635238,0.1784,1.577901,11.106638,Fragile,2026-08-28T10:58:41.807024+00:00
P00951,419b178fa6bab2c1,Stable,HoltWinters7,5000,2001.0,7.5032,1617.872029,1635.84164,2150.807499,2177.83035,2213.592044,0.1782,27.179317,176.83035,Fragile,2026-08-28T10:58:41.807024+00:00
P00561,54ee301d90e96537,Stable,HoltWinters7,5000,1578.0,7.4922,1276.095662,1243.20798,1693.998922,1717.085571,1749.011344,0.1782,20.6075,139.085571,Fragile,2026-08-28T10:58:41.807024+00:00
P00803,c869a2a2c4b13fd5,Stable,HoltWinters7,5000,1296.0,7.553,1063.896633,1099.126045,1401.122115,1419.410198,1443.278086,0.1782,18.590995,123.410198,Fragile,2026-08-28T10:58:41.807024+00:00
P00150,87d137aacdf62704,Seasonal,HoltWinters7,5000,344.0,10.5196,276.562385,276.994947,361.472513,369.720505,379.728863,0.178,3.31948,25.720505,Fragile,2026-08-28T10:58:41.807024+00:00
P01824,8afb5c7d946ab4c3,Stable,HoltWinters7,5000,3679.0,7.5098,2984.401451,3066.268343,3959.981334,4016.843784,4084.574092,0.1778,50.541546,337.843784,Fragile,2026-08-28T10:58:41.807024+00:00
P00385,75a9bd738c6bbea5,Stable,HoltWinters7,5000,492.0,7.4796,399.021186,387.074579,529.894289,538.357219,547.63926,0.1778,6.811816,46.357219,Fragile,2026-08-28T10:58:41.807024+00:00
P01011,65fcbdcbf2aebf95,Stable,SES,5000,142.0,7.5134,113.47929,112.81213,149.973789,156.064328,165.047463,0.1778,1.82018,14.064328,Fragile,2026-08-28T10:58:41.807024+00:00
P01759,65d645e73fa0455a,Seasonal,HoltWinters7,5000,152.0,10.475,122.393708,122.100971,160.170296,166.531354,176.029977,0.1776,1.861118,14.531354,Fragile,2026-08-28T10:58:41.807024+00:00
P00559,b8c05b95081ab171,Stable,HoltWinters7,5000,4491.0,7.4896,3647.232399,3736.431923,4834.897353,4912.581577,5008.038117,0.1774,60.174672,421.581577,Fragile,2026-08-28T10:58:41.807024+00:00
P00683,8c080bf23194da6e,Stable,SeasonalNaive7,5000,65.0,7.5228,51.646193,51.595565,68.965435,71.957225,77.422064,0.1774,0.929112,6.957225,Fragile,2026-08-28T10:58:41.807024+00:00
P00003,3550b3ca4b8371e5,Stable,HoltWinters7,5000,2467.0,7.5006,1985.664092,1948.888634,2639.064507,2671.613462,2720.678671,0.1772,31.337898,204.613462,Fragile,2026-08-28T10:58:41.807024+00:00
P01707,cdca151e9cfa248a,Stable,HoltWinters7,5000,539.0,7.5264,431.513283,437.082726,571.294493,578.678078,588.949379,0.1772,6.014352,39.678078,Fragile,2026-08-28T10:58:41.807024+00:00
P01399,538f06e739ad3435,Stable,HoltWinters7,5000,408.0,7.5202,331.94479,341.684011,439.212015,445.451893,454.172846,0.1772,5.518227,37.451893,Fragile,2026-08-28T10:58:41.807024+00:00
P00234,94c0a0052b3c7aa1,Stable,HoltWinters7,5000,2001.0,7.548,1620.358629,1673.1106,2138.844449,2169.224945,2212.611458,0.1768,25.455741,168.224945,Fragile,2026-08-28T10:58:41.807024+00:00
P01473,3d7220ad9de836c4,Stable,HoltWinters7,5000,1712.0,7.4998,1359.080907,1358.47944,1798.447813,1843.061485,1903.106336,0.1766,17.303292,131.061485,Fragile,2026-08-28T10:58:41.807024+00:00
P01429,1a4fc981f94a779f,Seasonal,HoltWinters7,5000,896.0,10.4858,718.696225,711.746304,945.096348,964.88363,983.995869,0.1766,8.832151,68.88363,Fragile,2026-08-28T10:58:41.807024+00:00
P00134,e12cccb10a9ca2c7,Stable,HoltWinters7,5000,223.0,7.5202,177.4295,174.523975,234.91834,238.609152,243.526615,0.1766,2.259824,15.609152,Fragile,2026-08-28T10:58:41.807024+00:00
P01646,59bd1037382e7075,Stable,HoltWinters7,5000,4356.0,7.4822,3539.171899,3418.303442,4703.575402,4765.08039,4853.185381,0.1764,60.703847,409.08039,Fragile,2026-08-28T10:58:41.807024+00:00
P00579,e08fb66e2b7e4291,Stable,HoltWinters7,5000,2593.0,7.4986,2102.538123,2059.1806,2793.64633,2831.344758,2884.825035,0.1762,35.796752,238.344758,Fragile,2026-08-28T10:58:41.807024+00:00
P01433,2fd52a265a4fdb8c,Stable,HoltWinters7,5000,822.0,7.4998,657.692112,636.400272,874.86859,885.514634,899.500967,0.1762,9.705097,63.514634,Fragile,2026-08-28T10:58:41.807024+00:00
P01221,af284b8ff3ee7940,Stable,HoltWinters7,5000,702.0,7.519,559.054446,560.723256,738.974862,756.221037,782.054192,0.1762,7.281404,54.221037,Fragile,2026-08-28T10:58:41.807024+00:00
P01212,a345c762f05bc188,Stable,HoltWinters7,5000,2759.0,7.5144,2222.021428,2282.275926,2942.39285,2984.026921,3039.517193,0.1758,33.627113,225.026921,Fragile,2026-08-28T10:58:41.807024+00:00
P01928,a689dacdb3bf3e09,Stable,HoltWinters7,5000,1372.0,7.4904,1106.841244,1081.806302,1468.831599,1493.31973,1526.18753,0.1758,17.406005,121.31973,Fragile,2026-08-28T10:58:41.807024+00:00
P00783,71c7e7b5d0912410,Seasonal,HoltWinters7,5000,339.0,10.534,272.680205,274.248546,355.4922,364.203272,373.769724,0.1758,3.218671,25.203272,Fragile,2026-08-28T10:58:41.807024+00:00
P00864,d1fa2f6c1042dcd8,Seasonal,HoltWinters7,5000,366.0,10.4928,294.324316,296.27165,383.79881,394.620338,404.294413,0.1756,3.530417,28.620338,Fragile,2026-08-28T10:58:41.807024+00:00
P01955,0d0ce1d70280bee1,Stable,HoltWinters7,5000,1959.0,7.5364,1562.42377,1573.737215,2061.732436,2116.698843,2196.542663,0.1754,21.071697,157.698843,Fragile,2026-08-28T10:58:41.807024+00:00
P00527,ec9b7ae42d5aac37,Volatile,RollingMean28,5000,174.0,15.0164,141.665007,141.535035,182.977873,189.23311,200.490982,0.1754,2.02522,15.23311,Fragile,2026-08-28T10:58:41.807024+00:00
P00347,7c8738e2d384be01,Stable,HoltWinters7,5000,1299.0,7.4832,1042.421538,1011.499388,1388.272007,1407.249571,1434.177816,0.1752,16.172187,108.249571,Fragile,2026-08-28T10:58:41.807024+00:00
P01880,86bb67d0a54085e2,Stable,HoltWinters7,5000,1669.0,7.4976,1351.938262,1331.197413,1792.716384,1817.644527,1847.666292,0.175,21.849037,148.644527,Fragile,2026-08-28T10:58:41.807024+00:00
P00915,4c92c8757bd8d738,Stable,HoltWinters7,5000,671.0,7.5068,544.391528,557.144433,721.53194,731.226327,745.367965,0.175,8.945597,60.226327,Fragile,2026-08-28T10:58:41.807024+00:00
P00726,d4d3984f9634ea99,Stable,HoltWinters7,5000,2140.0,7.4808,1698.184634,1680.591634,2254.480714,2310.452694,2385.498346,0.1748,22.555243,170.452694,Fragile,2026-08-28T10:58:41.807024+00:00
P00832,7bd6405d1cd8e3bc,Stable,HoltWinters7,5000,971.0,7.4974,783.558788,805.985535,1039.654391,1054.225263,1072.749649,0.1748,12.348643,83.225263,Fragile,2026-08-28T10:58:41.807024+00:00
P00620,55ace5eea7fc6d14,Stable,HoltWinters7,5000,2835.0,7.4998,2292.093683,2225.983759,3048.027894,3078.673377,3127.681785,0.1746,37.780023,243.673377,Fragile,2026-08-28T10:58:41.807024+00:00
P00730,cdeeebf1d9b4d85b,Stable,SES,5000,236.0,7.5018,187.498956,187.235934,247.969306,258.509093,274.919326,0.1746,2.865649,22.509093,Fragile,2026-08-28T10:58:41.807024+00:00
P00964,0a433e9e30e24fa1,Stable,HoltWinters7,5000,190.0,7.5254,151.175694,150.481574,199.852537,203.266604,208.333642,0.1746,1.885068,13.266604,Fragile,2026-08-28T10:58:41.807024+00:00
P01895,db6a2a1489b4f1af,Stable,HoltWinters7,5000,1449.0,7.5122,1168.341527,1133.887966,1547.348757,1568.211108,1595.992387,0.1744,17.642227,119.211108,Fragile,2026-08-28T10:58:41.807024+00:00
P01649,d35cf73e1fb41a2b,Stable,HoltWinters7,5000,933.0,7.4978,754.542199,739.848151,1001.118046,1016.662663,1033.793029,0.1742,12.259997,83.662663,Fragile,2026-08-28T10:58:41.807024+00:00
P00313,0763bd74ac09a212,Trending,HoltWinters7,5000,353.0,8.5424,270.667559,270.606752,372.407884,388.011652,413.11016,0.1742,4.581062,35.011652,Fragile,2026-08-28T10:58:41.807024+00:00
P01947,304fa0283565dd48,Stable,HoltWinters7,5000,175.0,7.4924,141.063237,137.064894,187.308521,190.370652,194.85633,0.1742,2.215334,15.370652,Fragile,2026-08-28T10:58:41.807024+00:00
P01067,0b618829b77648bc,Stable,SES,5000,119.0,7.4992,94.758589,94.759722,125.113905,130.799222,138.083548,0.1742,1.468554,11.799222,Fragile,2026-08-28T10:58:41.807024+00:00
P01968,ab4c2c67cd3ed89b,Stable,HoltWinters7,5000,125.0,7.4708,99.75201,97.807593,132.518969,135.15544,138.872707,0.1742,1.422363,10.15544,Fragile,2026-08-28T10:58:41.807024+00:00
P00158,688fffe35c72e2b9,Stable,HoltWinters7,5000,2276.0,7.5058,1851.834235,1791.107293,2458.797887,2485.899202,2521.079979,0.174,31.910336,209.899202,Fragile,2026-08-28T10:58:41.807024+00:00
P00656,a0797a6e533bd460,Stable,HoltWinters7,5000,84.0,7.5204,66.57287,66.566707,88.515684,92.075801,97.162992,0.174,1.031551,8.075801,Fragile,2026-08-28T10:58:41.807024+00:00
P01275,a37c99d5e268cdba,Seasonal,HoltWinters7,5000,2155.0,10.447,1724.139245,1710.639186,2256.177379,2315.066361,2372.486288,0.1738,19.881477,160.066361,Fragile,2026-08-28T10:58:41.807024+00:00
P00925,ed687d4c99e461d2,Stable,SeasonalNaive7,5000,86.0,7.5134,68.610353,69.081512,90.54649,92.672809,95.348427,0.1736,0.888765,6.672809,Fragile,2026-08-28T10:58:41.807024+00:00
P00628,b69cbfd7be50993d,Stable,HoltWinters7,5000,1290.0,7.4846,1043.223003,1019.590902,1385.768011,1408.004079,1432.753891,0.1734,16.975248,118.004079,Fragile,2026-08-28T10:58:41.807024+00:00
P00369,8517c351b37847a8,Stable,SES,5000,138.0,7.4936,109.862088,109.781104,145.266652,151.382708,161.994243,0.1734,1.76727,13.382708,Fragile,2026-08-28T10:58:41.807024+00:00
P00521,b931801355b3c595,Stable,HoltWinters7,5000,2167.0,7.5392,1702.316919,1763.848219,2251.092536,2276.464841,2307.558891,0.1732,15.603014,109.464841,Fragile,2026-08-28T10:58:41.807024+00:00
P00922,0a74373e402baa2a,Stable,HoltWinters7,5000,964.0,7.4804,771.529672,767.025976,1026.635807,1041.259202,1059.570776,0.1732,11.179054,77.259202,Fragile,2026-08-28T10:58:41.807024+00:00
P00830,70d5ed2357b1d955,Seasonal,HoltWinters7,5000,1146.0,10.4386,919.363571,918.695831,1204.003339,1237.299464,1271.205137,0.1732,11.167313,91.299464,Fragile,2026-08-28T10:58:41.807024+00:00
P00444,8d5a7b8bc782d55d,Stable,HoltWinters7,5000,75.0,7.4874,59.559447,59.264982,79.075983,80.808076,82.99264,0.1732,0.784038,5.808076,Fragile,2026-08-28T10:58:41.807024+00:00
P01594,41c72c10688e47cb,Stable,HoltWinters7,5000,262.0,7.4966,208.611038,208.501601,275.731736,287.040686,305.332841,0.1728,3.23749,25.040686,Fragile,2026-08-28T10:58:41.807024+00:00
P00417,ffc72fec2ebb1a36,Stable,HoltWinters7,5000,195.0,7.5018,155.244004,152.74003,205.895138,209.272492,214.249591,0.1728,2.038018,14.272492,Fragile,2026-08-28T10:58:41.807024+00:00
P01218,24ca17b4fd956e8e,Stable,HoltWinters7,5000,2044.0,7.505,1651.643195,1698.733611,2190.371116,2219.695519,2256.419375,0.1726,26.067629,175.695519,Fragile,2026-08-28T10:58:41.807024+00:00
P00422,22a62eb0c4fefed7,Stable,HoltWinters7,5000,739.0,7.5156,588.591466,606.968989,779.856499,790.898309,804.318714,0.1726,7.580791,51.898309,Fragile,2026-08-28T10:58:41.807024+00:00
P01704,996fa180f6baaa0a,Stable,HoltWinters7,5000,307.0,7.5312,246.683204,251.679541,326.086329,331.045062,338.134183,0.1726,3.529631,24.045062,Fragile,2026-08-28T10:58:41.807024+00:00
P00880,f4bccaa855569f67,Seasonal,HoltWinters7,5000,275.0,10.5082,221.376787,221.852469,288.558066,299.891124,314.194162,0.1726,3.121967,24.891124,Fragile,2026-08-28T10:58:41.807024+00:00
P01382,f0e7525c5d61eb37,Stable,HoltWinters7,5000,125.0,7.541,98.532448,100.766343,129.954109,132.307551,135.75991,0.1726,0.996667,7.307551,Fragile,2026-08-28T10:58:41.807024+00:00
P00816,76b5a9933d0f05cb,Stable,HoltWinters7,5000,1460.0,7.5108,1163.988538,1129.136178,1543.566186,1565.434305,1594.207024,0.1724,15.562098,105.434305,Fragile,2026-08-28T10:58:41.807024+00:00
P01683,bf683d87f79ce2ba,Stable,HoltWinters7,5000,732.0,7.496,593.588956,574.076253,787.992214,798.365331,812.075816,0.1724,9.803394,66.365331,Fragile,2026-08-28T10:58:41.807024+00:00
P00441,2c1ea44dc8c508b2,Volatile,SES,5000,159.0,14.9828,127.93965,127.212646,167.34455,174.6261,185.959587,0.1724,2.01374,15.6261,Fragile,2026-08-28T10:58:41.807024+00:00
P01310,42cd72705e555742,Stable,HoltWinters7,5000,1098.0,7.4668,876.279761,868.648204,1160.754917,1189.88317,1231.811909,0.1722,12.189281,91.88317,Fragile,2026-08-28T10:58:41.807024+00:00
P00712,deeb4a12abaf4fba,Stable,HoltWinters7,5000,600.0,7.5048,480.845499,479.642297,637.24835,646.49244,658.04338,0.1722,6.762102,46.49244,Fragile,2026-08-28T10:58:41.807024+00:00
P01336,eac00a6ebe7045f9,Stable,HoltWinters7,5000,3348.0,7.4748,2722.805057,2663.746419,3620.37594,3671.491964,3736.325001,0.172,46.086915,323.491964,Fragile,2026-08-28T10:58:41.807024+00:00
P00175,e7e8880fac78953c,Stable,HoltWinters7,5000,315.0,7.4746,253.969662,244.634138,338.46344,342.854529,348.501706,0.172,4.122853,27.854529,Fragile,2026-08-28T10:58:41.807024+00:00
P01341,7cd72a4b52538441,Stable,HoltWinters7,5000,249.0,7.508,198.712417,200.144104,263.56127,268.2324,273.378009,0.1718,2.678649,19.2324,Fragile,2026-08-28T10:58:41.807024+00:00
P00874,400be333757bc461,Seasonal,SeasonalNaive7,5000,231.0,10.5436,185.245195,186.347333,240.722951,247.854517,255.981498,0.1718,2.114695,16.854517,Fragile,2026-08-28T10:58:41.807024+00:00
P01331,68d0f333c8c7d272,Stable,HoltWinters7,5000,1644.0,7.4868,1321.432412,1288.152179,1755.076154,1780.265711,1814.872067,0.1716,19.864138,136.265711,Fragile,2026-08-28T10:58:41.807024+00:00
P01630,b0fb7cae4de2e3d5,Stable,HoltWinters7,5000,2661.0,7.4612,2146.422041,2078.830964,2859.494862,2906.300106,2962.368813,0.1714,34.89378,245.300106,Fragile,2026-08-28T10:58:41.807024+00:00
P01034,ee2982b1bb70208f,Seasonal,HoltWinters7,5000,226.0,10.5482,181.567955,182.404001,236.118751,243.912226,255.347608,0.1714,2.306767,17.912226,Fragile,2026-08-28T10:58:41.807024+00:00
P01745,71f5ccbaf9badedb,Stable,HoltWinters7,5000,240.0,7.5124,190.252065,191.507115,251.248638,257.291406,263.931903,0.1712,2.264233,17.291406,Fragile,2026-08-28T10:58:41.807024+00:00
P00249,94f9f729993cd466,Stable,SeasonalNaive7,5000,1486.0,7.5262,1183.318666,1185.804436,1556.996621,1603.878447,1665.826628,0.171,15.177428,117.878447,Fragile,2026-08-28T10:58:41.807024+00:00
P00863,f1ed8b5e0ff19d42,Stable,HoltWinters7,5000,1014.0,7.5,812.204452,815.333291,1077.744807,1092.894682,1111.090602,0.171,11.494727,78.894682,Fragile,2026-08-28T10:58:41.807024+00:00
P00976,019575c0fe13bc8c,Volatile,SES,5000,454.0,14.9564,364.750286,363.423972,475.661844,492.697234,516.709033,0.171,4.985876,38.697234,Fragile,2026-08-28T10:58:41.807024+00:00
P00913,b762aa2282747b0f,Stable,HoltWinters7,5000,317.0,7.5324,254.29504,259.909986,336.87599,340.895102,346.761018,0.171,3.560543,23.895102,Fragile,2026-08-28T10:58:41.807024+00:00
P01070,8b07201869581407,Stable,HoltWinters7,5000,229.0,7.5386,180.7807,183.219578,238.734167,243.201616,249.284129,0.171,1.902004,14.201616,Fragile,2026-08-28T10:58:41.807024+00:00
P01766,eb4536f064336cb7,Stable,HoltWinters7,5000,116.0,7.4762,92.241106,91.36942,122.352117,125.052853,128.552882,0.171,1.215413,9.052853,Fragile,2026-08-28T10:58:41.807024+00:00
P00948,936f625ede94fde8,Stable,HoltWinters7,5000,771.0,7.462,611.257174,605.695049,810.930716,832.584961,858.780011,0.1702,7.939976,61.584961,Fragile,2026-08-28T10:58:41.807024+00:00
P00468,1670c804652101a7,Stable,HoltWinters7,5000,330.0,7.4896,262.144127,259.567867,347.99522,356.236288,367.514901,0.1702,3.467406,26.236288,Fragile,2026-08-28T10:58:41.807024+00:00
P01721,0110ba573f1d50c7,Stable,HoltWinters7,5000,159.0,7.5384,126.224883,125.829047,166.040212,173.468022,183.820407,0.1702,1.795638,14.468022,Fragile,2026-08-28T10:58:41.807024+00:00
P00440,309e95b59389f3bc,Stable,SES,5000,65.0,7.5032,51.55583,51.586967,68.121281,71.095002,75.526112,0.1702,0.775226,6.095002,Fragile,2026-08-28T10:58:41.807024+00:00
P00097,8dc6cadb61f93f8f,Seasonal,HoltWinters7,5000,1524.0,10.4772,1221.814299,1211.68377,1603.099536,1639.313927,1673.333615,0.17,14.154991,115.313927,Fragile,2026-08-28T10:58:41.807024+00:00
P01548,57b453e51bfd0011,Stable,HoltWinters7,5000,2269.0,7.471,1816.286951,1751.547749,2421.979459,2453.220365,2489.364472,0.1698,26.959749,184.220365,Fragile,2026-08-28T10:58:41.807024+00:00
P01720,d60944c79a22a3f7,Stable,HoltWinters7,5000,273.0,7.4808,216.353657,215.780865,286.132284,298.160354,316.425246,0.1698,3.218651,25.160354,Fragile,2026-08-28T10:58:41.807024+00:00
P01546,6fc1fd05ce05fd74,Stable,HoltWinters7,5000,2445.0,7.5026,1977.867884,2013.914811,2620.433286,2659.632649,2717.675888,0.1696,30.697357,214.632649,Fragile,2026-08-28T10:58:41.807024+00:00
P00296,5fdce793beef1591,Stable,HoltWinters7,5000,453.0,7.4944,361.363479,367.272907,479.941183,486.169458,494.6188,0.1696,4.860632,33.169458,Fragile,2026-08-28T10:58:41.807024+00:00
P01971,3300de6d5b9cd938,Stable,HoltWinters7,5000,139.0,7.5138,110.102731,109.900963,145.850179,152.046275,162.207672,0.1696,1.670988,13.046275,Fragile,2026-08-28T10:58:41.807024+00:00
P00551,202d635e19db5db7,Stable,HoltWinters7,5000,871.0,7.4792,691.817741,668.273861,921.393728,932.737828,947.273218,0.1692,9.101326,61.737828,Fragile,2026-08-28T10:58:41.807024+00:00
P01733,39a885f4fd6b8804,Stable,HoltWinters7,5000,343.0,7.5138,269.010142,276.830055,356.742635,361.518902,367.227979,0.169,2.55454,18.518902,Fragile,2026-08-28T10:58:41.807024+00:00
P01354,f09c9f2115ba2475,Stable,HoltWinters7,5000,3993.0,7.496,3178.963501,3290.707306,4224.791253,4271.485262,4329.560111,0.1688,41.565583,278.485262,Fragile,2026-08-28T10:58:41.807024+00:00
P00475,3634bdbbd913fb04,Stable,HoltWinters7,5000,1935.0,7.5082,1543.768296,1581.18087,2048.260957,2074.854619,2107.626133,0.1688,20.374662,139.854619,Fragile,2026-08-28T10:58:41.807024+00:00
P00304,d8b488a4423693fe,Stable,HoltWinters7,5000,2339.0,7.5228,1844.767997,1896.734445,2442.610106,2476.368737,2514.985832,0.1688,19.181023,137.368737,Fragile,2026-08-28T10:58:41.807024+00:00
P00098,9ed1136c439a69ca,Stable,HoltWinters7,5000,169.0,7.5152,132.152951,132.33112,175.142846,178.342026,182.682295,0.1688,1.23522,9.342026,Fragile,2026-08-28T10:58:41.807024+00:00
P01817,ce188eaf03dd5ba0,Stable,HoltWinters7,5000,228.0,7.47,180.707889,177.669824,240.334593,245.672787,252.75079,0.1686,2.349136,17.672787,Fragile,2026-08-28T10:58:41.807024+00:00
P00407,e1190cafd0e4b60b,Stable,SeasonalNaive7,5000,26.0,7.5042,20.553676,20.460975,27.233772,28.228908,29.869648,0.1686,0.289256,2.228908,Fragile,2026-08-28T10:58:41.807024+00:00
P00727,b2e2045a596330fb,Seasonal,HoltWinters7,5000,359.0,10.4934,288.173274,287.523602,375.518138,390.325559,412.955508,0.1684,3.957307,31.325559,Fragile,2026-08-28T10:58:41.807024+00:00
P00453,b0a5b38ecf460be2,Stable,RollingMean28,5000,198.0,7.4826,157.105253,156.354486,208.227143,213.834808,221.021233,0.1684,2.041365,15.834808,Fragile,2026-08-28T10:58:41.807024+00:00
P01893,3484551e96593b8d,Stable,HoltWinters7,5000,1616.0,7.4944,1278.182065,1279.685906,1690.639362,1733.685472,1796.751858,0.1682,15.426816,117.685472,Fragile,2026-08-28T10:58:41.807024+00:00
P00205,19498f7a5e53afe2,Stable,HoltWinters7,5000,375.0,7.485,302.962736,293.622848,402.40345,408.135045,415.229074,0.168,4.782425,33.135045,Fragile,2026-08-28T10:58:41.807024+00:00
P01328,b3f8a0e38d6495e4,Stable,HoltWinters7,5000,2719.0,7.5004,2171.234825,2155.057916,2884.922404,2926.578791,2981.322378,0.1678,29.383313,207.578791,Fragile,2026-08-28T10:58:41.807024+00:00
P00377,6135a799f30ba5e0,Stable,HoltWinters7,5000,2093.0,7.487,1663.775026,1664.497963,2197.089257,2261.34991,2332.944205,0.1678,21.286224,168.34991,Fragile,2026-08-28T10:58:41.807024+00:00
P01988,d26b44378a64d1fe,Stable,HoltWinters7,5000,470.0,7.5094,379.301238,370.445261,503.051313,510.092554,519.522194,0.1678,5.782499,40.092554,Fragile,2026-08-28T10:58:41.807024+00:00
P01776,786a765c624c19e6,Seasonal,HoltWinters7,5000,346.0,10.4486,276.596826,274.797095,363.025158,371.802053,381.404094,0.1676,3.185196,25.802053,Fragile,2026-08-28T10:58:41.807024+00:00
P01842,7eec4fcd8ba9e132,Seasonal,HoltWinters7,5000,330.0,10.5116,264.447347,265.770109,346.294219,354.524174,363.480905,0.1676,3.063025,24.524174,Fragile,2026-08-28T10:58:41.807024+00:00
P01535,4109c659dd0e5960,Volatile,RollingMean28,5000,273.0,14.9862,220.157751,220.051856,285.338106,295.686469,311.026394,0.1676,2.879687,22.686469,Fragile,2026-08-28T10:58:41.807024+00:00
P00355,08f3d4f5f861ed67,Stable,HoltWinters7,5000,114.0,7.5108,89.971634,89.579197,118.937714,124.016622,131.505227,0.1676,1.280219,10.016622,Fragile,2026-08-28T10:58:41.807024+00:00
P01933,6271085940c85959,Stable,HoltWinters7,5000,1165.0,7.4714,934.600976,911.212361,1243.617455,1260.802809,1285.735281,0.1674,13.920736,95.802809,Fragile,2026-08-28T10:58:41.807024+00:00
P00542,053201bd1e2fd346,Stable,HoltWinters7,5000,1239.0,7.5182,991.739705,1026.768768,1312.957991,1329.928688,1351.381372,0.1674,13.326731,90.928688,Fragile,2026-08-28T10:58:41.807024+00:00
P01152,f464ca5003a31ad5,Stable,HoltWinters7,5000,1035.0,7.477,817.338295,810.903417,1084.51539,1111.623743,1153.709946,0.1674,10.039922,76.623743,Fragile,2026-08-28T10:58:41.807024+00:00
P01969,0729172e0c3792c9,Seasonal,HoltWinters7,5000,169.0,10.5252,135.944864,136.17153,176.41808,181.76811,186.655217,0.1674,1.54134,12.76811,Fragile,2026-08-28T10:58:41.807024+00:00
P00755,d724c7f01ad86efc,Stable,Naive,5000,38.0,7.4844,30.004762,29.993837,39.786681,41.471949,44.347947,0.1674,0.453181,3.471949,Fragile,2026-08-28T10:58:41.807024+00:00
P00700,13fb0ea81ff1e295,Stable,HoltWinters7,5000,912.0,7.4752,728.480823,708.210825,969.948908,981.450763,998.792346,0.1672,10.194468,69.450763,Fragile,2026-08-28T10:58:41.807024+00:00
P00066,272d8f6ababbbff9,Stable,HoltWinters7,5000,1578.0,7.5252,1263.241481,1307.902038,1672.415197,1695.536102,1723.875465,0.167,16.849417,117.536102,Fragile,2026-08-28T10:58:41.807024+00:00
P00544,a74aa3bede80e79f,Stable,HoltWinters7,5000,745.0,7.4446,599.252616,579.842677,800.185099,812.355166,825.580941,0.167,9.510158,67.355166,Fragile,2026-08-28T10:58:41.807024+00:00
P00167,1261b79ec68448b8,Volatile,RollingMean28,5000,541.0,14.9786,435.27314,434.386746,562.459718,581.989298,615.306115,0.167,5.313217,40.989298,Fragile,2026-08-28T10:58:41.807024+00:00
P01496,c3ca482ded2f92c7,Stable,HoltWinters7,5000,2722.0,7.4696,2180.421826,2111.371415,2903.233834,2945.206,2997.654871,0.1666,31.862632,223.206,Fragile,2026-08-28T10:58:41.807024+00:00
P00476,4edb5484509b941e,Stable,HoltWinters7,5000,788.0,7.4602,622.489547,613.47313,827.310378,848.971562,876.640489,0.1666,7.969828,60.971562,Fragile,2026-08-28T10:58:41.807024+00:00
P00452,f4d327e83c72fc5a,Stable,HoltWinters7,5000,592.0,7.4724,477.005148,458.443069,636.004218,643.524395,653.213172,0.1666,7.540094,51.524395,Fragile,2026-08-28T10:58:41.807024+00:00
P01695,174550615ae25f5f,Volatile,RollingMean28,5000,544.0,15.0408,438.49864,437.311951,567.272278,585.682916,612.649147,0.1666,5.221604,41.682916,Fragile,2026-08-28T10:58:41.807024+00:00
P01474,ed5e378d5c4d79af,Stable,HoltWinters7,5000,234.0,7.464,185.574451,181.491228,246.632352,251.256861,257.619421,0.1666,2.357117,17.256861,Fragile,2026-08-28T10:58:41.807024+00:00
P01193,f429c2a9a9180228,Stable,HoltWinters7,5000,249.0,7.508,197.861266,200.014972,261.672309,266.39171,272.438797,0.1666,2.348964,17.39171,Fragile,2026-08-28T10:58:41.807024+00:00
P00495,9b91f68e3fec30e8,Stable,HoltWinters7,5000,1939.0,7.5098,1559.438109,1596.621505,2066.461022,2093.974555,2130.398562,0.1664,22.20439,154.974555,Fragile,2026-08-28T10:58:41.807024+00:00
P01380,3727c77dc9b0b01f,Stable,HoltWinters7,5000,2072.0,7.5434,1660.690345,1702.493717,2193.617113,2225.10279,2266.398808,0.1664,21.909972,153.10279,Fragile,2026-08-28T10:58:41.807024+00:00
P00919,d2324c5c54284572,Stable,HoltWinters7,5000,872.0,7.4924,705.740402,679.578698,937.932369,950.147769,964.60864,0.1664,11.34227,78.147769,Fragile,2026-08-28T10:58:41.807024+00:00
P01924,c7f557c046e88628,Stable,HoltWinters7,5000,201.0,7.5018,159.674073,160.547869,211.484024,215.583459,220.802599,0.1664,1.960908,14.583459,Fragile,2026-08-28T10:58:41.807024+00:00
P00173,d4a04c20a7d4785c,Stable,HoltWinters7,5000,2089.0,7.4918,1664.559068,1703.937656,2212.966775,2241.372322,2277.601919,0.166,22.263083,152.372322,Fragile,2026-08-28T10:58:41.807024+00:00
P00792,617592515844bacb,Stable,HoltWinters7,5000,1106.0,7.5002,886.09876,900.799031,1174.903695,1191.79243,1216.159004,0.1658,12.277785,85.79243,Fragile,2026-08-28T10:58:41.807024+00:00
P00456,2a40cb2efff9d58b,Stable,HoltWinters7,5000,985.0,7.471,789.929429,765.605057,1051.637577,1065.645503,1084.37328,0.1658,11.627669,80.645503,Fragile,2026-08-28T10:58:41.807024+00:00
P01000,d0f65a4d0c20c6a4,Volatile,RollingMean28,5000,526.0,14.9386,422.27479,421.335492,547.229255,567.474452,592.900734,0.1658,5.1901,41.474452,Fragile,2026-08-28T10:58:41.807024+00:00
P00106,2b1e565057094aaa,Volatile,RollingMean28,5000,320.0,14.9026,257.378124,255.758625,335.078811,348.75948,372.944692,0.1656,3.731047,28.75948,Fragile,2026-08-28T10:58:41.807024+00:00
P00311,2c9fab232e2e63a2,Stable,HoltWinters7,5000,87.0,7.4918,68.804088,67.42447,91.329054,93.198803,95.925685,0.1656,0.82555,6.198803,Fragile,2026-08-28T10:58:41.807024+00:00
P00869,7098f9749c3710a0,Stable,HoltWinters7,5000,541.0,7.5202,428.546174,432.038704,564.935364,580.778693,602.093205,0.1654,5.107104,39.778693,Fragile,2026-08-28T10:58:41.807024+00:00
P01509,ef5a52aed839493d,Stable,HoltWinters7,5000,2769.0,7.5024,2193.557223,2157.423074,2912.437956,2954.690787,3012.743963,0.1652,25.837216,185.690787,Fragile,2026-08-28T10:58:41.807024+00:00
P01775,af753d2b7b3030ae,Stable,HoltWinters7,5000,2603.0,7.4858,2036.367142,1986.260301,2709.99642,2744.377632,2786.064958,0.1652,19.4534,141.377632,Fragile,2026-08-28T10:58:41.807024+00:00
P00769,7a2305b0f79c8a32,Seasonal,HoltWinters7,5000,273.0,10.5432,218.234674,217.515408,284.919051,291.659658,300.271525,0.1652,2.331206,18.659658,Fragile,2026-08-28T10:58:41.807024+00:00
P01580,5a4d7a259dd5dba9,Stable,HoltWinters7,5000,2027.0,7.4614,1609.643788,1563.676234,2145.61143,2178.528843,2225.612656,0.165,21.214884,151.528843,Fragile,2026-08-28T10:58:41.807024+00:00
P01692,d7bd8da53d627f2a,Seasonal,HoltWinters7,5000,615.0,10.443,491.696141,484.702907,646.452842,661.483627,675.163483,0.165,5.589147,46.483627,Fragile,2026-08-28T10:58:41.807024+00:00
P01497,200225b70f24f8c8,Stable,HoltWinters7,5000,2632.0,7.5068,2089.212685,2135.439888,2767.59811,2808.070752,2856.351664,0.1648,24.67383,176.070752,Fragile,2026-08-28T10:58:41.807024+00:00
P01873,95512d1954f791e4,Seasonal,HoltWinters7,5000,1792.0,10.5472,1442.196119,1462.276245,1888.944772,1920.138458,1954.592513,0.1648,16.147993,128.138458,Fragile,2026-08-28T10:58:41.807024+00:00
P00344,2937ee88cc20b349,Seasonal,HoltWinters7,5000,290.0,10.4606,230.917986,228.386752,303.599062,311.091732,318.202528,0.1648,2.570445,21.091732,Fragile,2026-08-28T10:58:41.807024+00:00
P01758,b94e061aa937a9e3,Stable,HoltWinters7,5000,2549.0,7.5046,2036.506444,2053.031759,2698.870868,2733.21922,2777.416044,0.1646,26.86977,184.21922,Fragile,2026-08-28T10:58:41.807024+00:00
P00432,9204899407455b7a,Stable,HoltWinters7,5000,1525.0,7.4934,1223.751662,1258.165177,1625.544949,1646.38096,1673.842548,0.1646,17.623686,121.38096,Fragile,2026-08-28T10:58:41.807024+00:00
P00809,2c90c1cf03b22f0d,Stable,HoltWinters7,5000,2288.0,7.4704,1783.365797,1745.564219,2375.372592,2408.871294,2454.796433,0.1644,16.371136,120.871294,Fragile,2026-08-28T10:58:41.807024+00:00
P00142,61bb88d0422d122b,Stable,HoltWinters7,5000,151.0,7.4926,118.45674,117.225882,157.063132,159.765726,163.870463,0.1644,1.173967,8.765726,Fragile,2026-08-28T10:58:41.807024+00:00
P00364,f0698e941a8b5b9e,Stable,HoltWinters7,5000,1888.0,7.4876,1524.605597,1493.003309,2026.065012,2050.759089,2088.916247,0.164,23.693392,162.759089,Fragile,2026-08-28T10:58:41.807024+00:00
P01949,4fe59ddad360faa9,Stable,SeasonalNaive7,5000,150.0,7.4782,118.534043,117.657295,156.906433,160.597894,165.299421,0.164,1.372776,10.597894,Fragile,2026-08-28T10:58:41.807024+00:00
P01674,96efa07f8489b77f,Volatile,SES,5000,1361.0,15.0394,1090.302361,1090.221922,1419.466547,1470.030589,1571.252917,0.1638,14.544153,109.030589,Fragile,2026-08-28T10:58:41.807024+00:00
P00754,233d3cf1bf5f88b6,Stable,HoltWinters7,5000,150.0,7.5132,118.193661,118.029411,156.464697,159.375364,163.3826,0.1638,1.245727,9.375364,Fragile,2026-08-28T10:58:41.807024+00:00
P01391,e92e67e68a3b30d6,Stable,HoltWinters7,5000,129.0,7.4728,101.558561,101.644203,134.759031,140.115072,148.051508,0.1636,1.396892,11.115072,Fragile,2026-08-28T10:58:41.807024+00:00
P01809,73e62027786771b4,Seasonal,HoltWinters7,5000,102.0,10.5028,81.077298,80.719395,106.28608,110.464703,116.489722,0.1636,1.042647,8.464703,Fragile,2026-08-28T10:58:41.807024+00:00
P01230,9d8b35234e2006c6,Seasonal,HoltWinters7,5000,312.0,10.5104,250.048621,249.549326,325.520384,335.739023,345.733807,0.1634,2.858632,23.739023,Fragile,2026-08-28T10:58:41.807024+00:00
P00733,41347b0980c9c834,Stable,HoltWinters7,5000,3766.0,7.4794,2967.102284,2914.056593,3944.366238,3997.508994,4065.649992,0.1632,32.567763,231.508994,Fragile,2026-08-28T10:58:41.807024+00:00
P01365,2a64346dc028d540,Stable,HoltWinters7,5000,2565.0,7.4734,2060.880075,2005.285599,2742.358553,2776.874134,2823.603266,0.1632,30.375687,211.874134,Fragile,2026-08-28T10:58:41.807024+00:00
P01355,8bd852d84d9a61fd,Stable,HoltWinters7,5000,2121.0,7.4626,1706.563233,1655.808,2274.802523,2307.849886,2351.06592,0.1632,26.383143,186.849886,Fragile,2026-08-28T10:58:41.807024+00:00
P01316,447abedbf2a4859f,Stable,HoltWinters7,5000,2038.0,7.5018,1637.140167,1669.805394,2168.131889,2201.530085,2238.476987,0.1632,23.057205,163.530085,Fragile,2026-08-28T10:58:41.807024+00:00
P00804,5116b8842d01c63d,Stable,HoltWinters7,5000,603.0,7.4842,482.151857,479.71739,641.452578,649.910309,660.490642,0.1632,6.745517,46.910309,Fragile,2026-08-28T10:58:41.807024+00:00
P00965,a3e0023b6dfc59c1,Volatile,SES,5000,85.0,14.9696,68.253847,68.274446,88.417072,92.173226,97.788194,0.163,0.88811,7.173226,Fragile,2026-08-28T10:58:41.807024+00:00
P00532,c58178b2026f20cc,Volatile,SES,5000,4264.0,14.9884,3425.869387,3431.116815,4438.227507,4609.679269,4929.046437,0.1626,44.936296,345.679269,Fragile,2026-08-28T10:58:41.807024+00:00
P00773,ccf7e391245aac7f,Stable,HoltWinters7,5000,277.0,7.4392,216.613547,214.338862,289.455949,300.343904,317.44954,0.1626,2.989803,23.343904,Fragile,2026-08-28T10:58:41.807024+00:00
P00608,b86a2e027dc96445,Volatile,SES,5000,432.0,14.9272,344.068516,342.513248,448.17398,465.391981,491.258167,0.1624,4.216431,33.391981,Fragile,2026-08-28T10:58:41.807024+00:00
P00622,c0568b0d82939846,Stable,SeasonalNaive7,5000,156.0,7.5078,122.989493,122.24463,163.005405,170.807495,182.019195,0.1624,1.835245,14.807495,Fragile,2026-08-28T10:58:41.807024+00:00
P00154,fb2e6cabf2209064,Stable,HoltWinters7,5000,1692.0,7.4974,1341.700101,1300.345061,1780.135634,1806.026334,1832.809582,0.1622,15.808689,114.026334,Fragile,2026-08-28T10:58:41.807024+00:00
P00774,5753b933758c1594,Stable,HoltWinters7,5000,151.0,7.4776,119.791908,119.192841,158.77882,162.414433,166.875301,0.1622,1.464432,11.414433,Fragile,2026-08-28T10:58:41.807024+00:00
P01811,18a9abdabf0d2418,Stable,HoltWinters7,5000,4092.0,7.4692,3275.594968,3151.947463,4360.65544,4420.269327,4488.353281,0.162,46.774065,328.269327,Fragile,2026-08-28T10:58:41.807024+00:00
P01087,aa81626d2f8349d4,Stable,HoltWinters7,5000,2658.0,7.4572,2129.447506,2059.833853,2837.2387,2876.948071,2930.265126,0.162,30.981812,218.948071,Fragile,2026-08-28T10:58:41.807024+00:00
P01846,6108551d1842dfe7,Volatile,SeasonalNaive7,5000,48.0,14.9744,38.409896,38.122723,50.514633,53.561626,57.731384,0.162,0.677499,5.561626,Fragile,2026-08-28T10:58:41.807024+00:00
P00862,38f1c08b7481821b,Stable,HoltWinters7,5000,2061.0,7.4654,1642.871056,1594.831565,2189.405925,2222.055189,2264.601734,0.1614,22.62307,161.055189,Fragile,2026-08-28T10:58:41.807024+00:00
P00705,97bf986e96f63dcf,Seasonal,HoltWinters7,5000,375.0,10.5088,297.256663,296.176332,388.824323,401.075473,422.1152,0.1614,3.362285,26.075473,Fragile,2026-08-28T10:58:41.807024+00:00
P00096,3a26a0c87968b20a,Stable,HoltWinters7,5000,2627.0,7.5004,2059.815517,2053.395299,2731.978577,2773.423609,2828.423666,0.1612,19.589995,146.423609,Fragile,2026-08-28T10:58:41.807024+00:00
P01272,8b50572be92fcff6,Stable,HoltWinters7,5000,1885.0,7.5122,1482.457087,1484.964426,1957.180044,2013.397212,2070.952838,0.1612,15.872256,128.397212,Fragile,2026-08-28T10:58:41.807024+00:00
P00406,23b0341fccc3b56e,Stable,HoltWinters7,5000,721.0,7.495,564.697711,564.088798,748.08238,765.752578,788.55093,0.1612,5.678385,44.752578,Fragile,2026-08-28T10:58:41.807024+00:00
P01225,b9a624ad6b1baeb5,Seasonal,HoltWinters7,5000,330.0,10.5064,263.262057,262.188686,344.917166,353.113975,362.860671,0.1612,2.871462,23.113975,Fragile,2026-08-28T10:58:41.807024+00:00
P01244,fe5782dda37ca845,Stable,HoltWinters7,5000,117.0,7.503,92.564007,92.279551,121.767388,125.315944,130.012799,0.1612,1.050254,8.315944,Fragile,2026-08-28T10:58:41.807024+00:00
P01909,f4b74349ca8afb8b,Seasonal,HoltWinters7,5000,191.0,10.428,151.628156,149.670351,199.206495,205.143622,211.180546,0.161,1.68989,14.143622,Fragile,2026-08-28T10:58:41.807024+00:00
P00637,a0c2148b74964928,Stable,HoltWinters7,5000,2430.0,7.5096,1932.416035,1988.26284,2557.236864,2593.528741,2645.692924,0.1608,22.884402,163.528741,Fragile,2026-08-28T10:58:41.807024+00:00
P01304,73131174b0ab88b0,Seasonal,HoltWinters7,5000,1274.0,10.5284,1019.977073,1030.939341,1331.070407,1363.546305,1394.406739,0.1608,10.670905,89.546305,Fragile,2026-08-28T10:58:41.807024+00:00
P01753,c5b8777554ffbb17,Stable,SeasonalNaive7,5000,81.0,7.5058,63.336054,63.107785,84.708798,88.596885,94.762151,0.1608,0.95478,7.596885,Fragile,2026-08-28T10:58:41.807024+00:00
P01411,8e7b0917654f56da,Stable,SES,5000,43.0,7.513,34.00945,33.99494,44.927582,46.887099,50.123442,0.1608,0.493261,3.887099,Fragile,2026-08-28T10:58:41.807024+00:00
P00279,9eb9513640b4cb35,Stable,HoltWinters7,5000,773.0,7.4612,613.28849,595.569738,817.9366,829.216424,844.70161,0.1606,7.89174,56.216424,Fragile,2026-08-28T10:58:41.807024+00:00
P01744,4661a2ba380e3a73,Seasonal,HoltWinters7,5000,323.0,10.4616,257.787613,256.700866,337.197031,350.70803,370.623768,0.1606,3.46277,27.70803,Fragile,2026-08-28T10:58:41.807024+00:00
P01106,3f8d8f7aa07f189f,Seasonal,Naive,5000,53.0,10.5348,42.109685,41.978332,55.208381,57.446387,61.110574,0.1606,0.56116,4.446387,Fragile,2026-08-28T10:58:41.807024+00:00
P00019,ed6bee10473c04a4,Seasonal,HoltWinters7,5000,183.0,10.5182,146.111928,145.77433,190.752626,195.217427,201.213075,0.16,1.512128,12.217427,Fragile,2026-08-28T10:58:41.807024+00:00
P01083,7da2bc4ab26d37c1,Stable,HoltWinters7,5000,162.0,7.4948,128.234495,126.767437,169.572604,172.886816,177.520714,0.16,1.433261,10.886816,Fragile,2026-08-28T10:58:41.807024+00:00
P01487,eda198475ef609b0,Stable,HoltWinters7,5000,108.0,7.5092,84.746245,85.465917,112.008492,114.244942,117.104961,0.16,0.801662,6.244942,Fragile,2026-08-28T10:58:41.807024+00:00
P00411,6adc7d52a6eedf3a,Stable,HoltWinters7,5000,213.0,7.4876,166.198741,162.397372,220.726464,224.341819,228.689297,0.1598,1.473367,11.341819,Fragile,2026-08-28T10:58:41.807024+00:00
P00603,55db535c4775c9ae,Seasonal,SeasonalNaive7,5000,61.0,10.5014,48.304966,48.268683,63.404658,66.019476,70.271981,0.1598,0.627377,5.019476,Fragile,2026-08-28T10:58:41.807024+00:00
P00921,a79e756151db666a,Stable,HoltWinters7,5000,448.0,7.4748,352.308844,349.944727,465.46443,477.973017,491.137045,0.1596,3.708565,29.973017,Fragile,2026-08-28T10:58:41.807024+00:00
P00713,0f179dc42344cdbc,Stable,HoltWinters7,5000,2223.0,7.466,1766.687634,1719.478469,2353.00631,2384.797103,2425.487979,0.1594,22.657924,161.797103,Fragile,2026-08-28T10:58:41.807024+00:00
P00668,df1868405dcd7c0e,Stable,HoltWinters7,5000,223.0,7.4376,175.223489,174.200688,232.428637,242.506007,255.240411,0.1594,2.383952,19.506007,Fragile,2026-08-28T10:58:41.807024+00:00
P00060,3b4ebb5578f10d82,Volatile,RollingMean28,5000,52.0,14.9108,41.55726,41.410717,53.956994,56.015559,58.894434,0.1594,0.498602,4.015559,Fragile,2026-08-28T10:58:41.807024+00:00
P00340,14ea55d5f3676758,Seasonal,HoltWinters7,5000,185.0,10.5242,147.022026,146.280637,191.916197,199.271306,207.393133,0.1592,1.701563,14.271306,Fragile,2026-08-28T10:58:41.807024+00:00
P00178,72648fcac0018058,Seasonal,HoltWinters7,5000,144.0,10.515,114.400654,114.207511,149.924448,153.768252,158.317504,0.159,1.191628,9.768252,Fragile,2026-08-28T10:58:41.807024+00:00
P00393,bca98a237aff35e4,Stable,HoltWinters7,5000,67.0,7.5,52.625073,52.868834,69.321876,71.117909,73.27782,0.159,0.511017,4.117909,Fragile,2026-08-28T10:58:41.807024+00:00
P00405,b565d9d263176ccb,Seasonal,HoltWinters7,5000,259.0,10.502,205.34325,204.62773,269.151311,275.975066,284.681528,0.1588,2.093264,16.975066,Fragile,2026-08-28T10:58:41.807024+00:00
P00373,7c8287d33ccde1e0,Stable,HoltWinters7,5000,235.0,7.4972,184.452443,183.842654,244.440477,253.317045,267.493888,0.1584,2.314892,18.317045,Fragile,2026-08-28T10:58:41.807024+00:00
P01589,27a482936fa3590a,Stable,HoltWinters7,5000,196.0,7.4782,152.568557,151.00291,202.94854,207.372162,213.446254,0.1584,1.438009,11.372162,Fragile,2026-08-28T10:58:41.807024+00:00
P01393,d75df8f21aee67d8,Seasonal,HoltWinters7,5000,270.0,10.5048,214.365126,214.01561,280.824383,290.37724,305.798941,0.1582,2.580877,20.37724,Fragile,2026-08-28T10:58:41.807024+00:00
P01636,6b1436da219bbed7,Seasonal,SeasonalNaive7,5000,187.0,10.509,148.698894,148.091572,194.408704,203.216027,215.651887,0.1582,1.982005,16.216027,Fragile,2026-08-28T10:58:41.807024+00:00
P00655,14eb2602af046c09,Seasonal,HoltWinters7,5000,201.0,10.5342,159.946423,160.853171,209.015729,213.970139,219.801712,0.1582,1.585972,12.970139,Fragile,2026-08-28T10:58:41.807024+00:00
P00367,c55f0f5de5545fe1,Stable,HoltWinters7,5000,2080.0,7.5236,1635.564152,1649.128729,2151.033689,2211.614598,2292.472647,0.158,16.079557,131.614598,Fragile,2026-08-28T10:58:41.807024+00:00
P00135,8eb63f6479bd3e6f,Stable,HoltWinters7,5000,1200.0,7.4734,943.253878,933.847323,1246.877142,1277.110868,1324.037043,0.158,9.831398,77.110868,Fragile,2026-08-28T10:58:41.807024+00:00
P00740,d69cdad303b5f1fc,Stable,HoltWinters7,5000,169.0,7.538,131.940212,133.78287,174.009685,177.328833,181.37717,0.158,1.046844,8.328833,Fragile,2026-08-28T10:58:41.807024+00:00
P00526,6410d19a362ec13f,Stable,HoltWinters7,5000,2088.0,7.447,1646.518716,1590.055196,2196.375499,2230.788052,2278.588611,0.1578,19.33088,142.788052,Fragile,2026-08-28T10:58:41.807024+00:00
P01158,c7759521ed96621a,Stable,HoltWinters7,5000,846.0,7.5374,665.976653,668.970231,877.400004,898.107687,930.988255,0.1576,6.570858,52.107687,Fragile,2026-08-28T10:58:41.807024+00:00
P00714,565aca18a9b6c9bc,Volatile,RollingMean28,5000,372.0,14.9976,298.75368,299.557911,384.530289,399.256197,420.008871,0.1576,3.286792,27.256197,Fragile,2026-08-28T10:58:41.807024+00:00
P00388,68ff2545abe26f12,Volatile,SES,5000,214.0,15.0436,170.158421,169.239539,222.721556,232.578198,248.64725,0.1576,2.357668,18.578198,Fragile,2026-08-28T10:58:41.807024+00:00
P00226,2a2616ec467a3827,Stable,SeasonalNaive7,5000,152.0,7.4968,119.731225,119.183235,158.621337,166.854409,177.769856,0.1576,1.799828,14.854409,Fragile,2026-08-28T10:58:41.807024+00:00
P00523,90d71f2a7b9d91ab,Stable,HoltWinters7,5000,2253.0,7.5044,1771.231947,1766.598996,2337.324194,2397.889379,2471.096377,0.1572,18.159564,144.889379,Fragile,2026-08-28T10:58:41.807024+00:00
P01840,0357cfbb623b5f1b,Stable,HoltWinters7,5000,214.0,7.5062,168.509734,168.461873,221.926279,231.306302,244.907594,0.1572,2.140516,17.306302,Fragile,2026-08-28T10:58:41.807024+00:00
P00697,c2ef6b7431d45e60,Stable,HoltWinters7,5000,197.0,7.4756,153.202279,149.434456,203.776531,207.337985,211.654197,0.157,1.32292,10.337985,Fragile,2026-08-28T10:58:41.807024+00:00
P01906,34b229fe7fb2d2f8,Stable,SES,5000,209.0,7.499,164.105647,164.137341,217.967158,225.879986,240.253994,0.1568,2.163234,16.879986,Fragile,2026-08-28T10:58:41.807024+00:00
P00047,0fd2212db15c3301,Volatile,SES,5000,549.0,14.9722,437.183057,436.335775,567.458668,588.336724,619.413072,0.1564,4.869144,39.336724,Fragile,2026-08-28T10:58:41.807024+00:00
P00458,00351b6cf12b7c84,Seasonal,HoltWinters7,5000,1771.0,10.4784,1410.617522,1413.305793,1850.514457,1891.649061,1932.038165,0.1562,14.332702,120.649061,Fragile,2026-08-28T10:58:41.807024+00:00
P00638,5a4c885832db705b,Stable,HoltWinters7,5000,196.0,7.518,154.34162,154.154256,204.192958,212.207758,224.473979,0.156,2.031595,16.207758,Fragile,2026-08-28T10:58:41.807024+00:00
P01013,15191c8e60bb0986,Stable,HoltWinters7,5000,865.0,7.5154,681.396608,688.438993,896.688196,918.966057,949.854465,0.1558,6.807951,53.966057,Fragile,2026-08-28T10:58:41.807024+00:00
P00049,fd791535f42f326f,Seasonal,SeasonalNaive7,5000,631.0,10.5624,503.498963,508.12837,657.429215,671.564989,686.420746,0.1558,4.907924,40.564989,Fragile,2026-08-28T10:58:41.807024+00:00
P00312,a2b41b65193c0274,Stable,SeasonalNaive7,5000,120.0,7.5108,93.720846,93.145324,124.615874,131.016907,139.56845,0.1556,1.317703,11.016907,Fragile,2026-08-28T10:58:41.807024+00:00
P01856,8b189b021d9a69d7,Stable,HoltWinters7,5000,173.0,7.5302,133.854935,136.393676,177.127468,180.029435,184.420781,0.1554,0.886445,7.029435,Fragile,2026-08-28T10:58:41.807024+00:00
P00843,c290005c6814384b,Stable,HoltWinters7,5000,119.0,7.5016,93.385634,92.791768,123.437389,128.966051,135.600562,0.155,1.19205,9.966051,Fragile,2026-08-28T10:58:41.807024+00:00
P00174,39d76b3bd48c369b,Volatile,SES,5000,64.0,14.9428,50.745341,50.34306,66.378084,69.56523,74.643753,0.1546,0.697085,5.56523,Fragile,2026-08-28T10:58:41.807024+00:00
P01386,f0b637c6a31d793e,Stable,SeasonalNaive7,5000,64.0,7.487,49.878363,49.56916,66.116364,68.064635,70.631093,0.1546,0.496726,4.064635,Fragile,2026-08-28T10:58:41.807024+00:00
P00715,1b879a3f8988b158,Volatile,SES,5000,65.0,14.993,51.882576,51.829978,67.364556,69.938753,73.455942,0.1544,0.593854,4.938753,Fragile,2026-08-28T10:58:41.807024+00:00
P00949,c470424dfb100504,Stable,HoltWinters7,5000,403.0,7.538,314.757151,316.187762,415.108294,425.510234,437.772015,0.1542,2.726721,22.510234,Fragile,2026-08-28T10:58:41.807024+00:00
P01888,a6ea7aae84911597,Seasonal,HoltWinters7,5000,130.0,10.5132,102.964597,102.719913,134.635425,139.459027,146.95492,0.1542,1.207103,9.459027,Fragile,2026-08-28T10:58:41.807024+00:00
P01572,284fb13d2fb91f08,Trending,Naive,5000,45.0,8.477,33.964933,34.037835,46.822384,49.202667,52.496576,0.1538,0.508701,4.202667,Fragile,2026-08-28T10:58:41.807024+00:00
P00525,571d85e6d6e80bf2,Stable,Naive,5000,2088.0,7.498,1634.453431,1630.117468,2162.414865,2227.263485,2313.450363,0.1536,17.175143,139.263485,Fragile,2026-08-28T10:58:41.807024+00:00
P01910,bed9f3b40ad59274,Stable,HoltWinters7,5000,182.0,7.5484,143.049054,143.327444,188.118551,194.398296,205.120685,0.1536,1.576503,12.398296,Fragile,2026-08-28T10:58:41.807024+00:00
P00145,c87664ff2a47bf7d,Seasonal,HoltWinters7,5000,266.0,10.5116,211.652982,209.88744,277.583614,283.367167,290.030801,0.1532,2.141034,17.367167,Fragile,2026-08-28T10:58:41.807024+00:00
P01480,8d6eff9cd6b26eb9,Stable,HoltWinters7,5000,95.0,7.4794,73.331722,71.894735,97.406885,99.578377,102.234537,0.1532,0.558451,4.578377,Fragile,2026-08-28T10:58:41.807024+00:00
P01505,d9697c7d0c0199ef,Stable,HoltWinters7,5000,143.0,7.4932,110.793268,110.588402,147.221256,149.906477,153.594113,0.1522,0.871518,6.906477,Fragile,2026-08-28T10:58:41.807024+00:00
P00506,1090df87c56a2f08,Stable,SeasonalNaive7,5000,201.0,7.4944,157.112745,156.371649,209.468248,218.154641,232.462732,0.1516,2.155943,17.154641,Fragile,2026-08-28T10:58:41.807024+00:00
P00570,1802958d4bf52a4f,Stable,SeasonalNaive7,5000,127.0,7.4826,98.773297,98.170752,130.993565,133.892554,137.982044,0.1516,0.859384,6.892554,Fragile,2026-08-28T10:58:41.807024+00:00
P01653,01b1d0e725c43b85,Stable,HoltWinters7,5000,261.0,7.4676,204.048624,201.570706,270.839658,276.550903,283.97654,0.1514,1.924414,15.550903,Fragile,2026-08-28T10:58:41.807024+00:00
P01234,ab11286c2ff521be,Seasonal,HoltWinters7,5000,374.0,10.5216,295.18467,294.984603,385.133868,399.782055,421.953592,0.1512,3.097548,25.782055,Fragile,2026-08-28T10:58:41.807024+00:00
P00813,33e13ef3aabddbf5,Stable,HoltWinters7,5000,161.0,7.4922,125.598945,124.951469,166.175788,173.231494,184.003719,0.1512,1.490967,12.231494,Fragile,2026-08-28T10:58:41.807024+00:00
P00602,563951cca2a2aa36,Stable,SeasonalNaive7,5000,56.0,7.4582,43.739329,43.498566,57.9658,59.681249,61.846072,0.1508,0.444934,3.681249,Fragile,2026-08-28T10:58:41.807024+00:00
P01265,d79d1f31609b719a,Stable,SES,5000,41.0,7.5142,31.992906,31.891371,42.424754,44.323344,47.12529,0.1506,0.405758,3.323344,Fragile,2026-08-28T10:58:41.807024+00:00
P01223,3fbb39229e459d61,Stable,HoltWinters7,5000,268.0,7.5192,208.767173,210.559938,275.672426,281.303466,289.17008,0.15,1.642724,13.303466,Fragile,2026-08-28T10:58:41.807024+00:00
P00195,24a4298a3cb7e820,Stable,HoltWinters7,5000,174.0,7.506,136.071115,136.45348,179.795969,183.624865,189.022532,0.15,1.201537,9.624865,Fragile,2026-08-28T10:58:41.807024+00:00
P00593,2154320bddb0c4cb,Volatile,SES,5000,456.0,15.0806,361.933134,361.280911,470.162822,488.772817,520.232101,0.1496,4.115885,32.772817,Fragile,2026-08-28T10:58:41.807024+00:00
P00846,a6aca2d21b44461c,Volatile,SES,5000,290.0,15.0598,232.032345,232.804654,298.494639,309.300536,326.074396,0.1494,2.401728,19.300536,Fragile,2026-08-28T10:58:41.807024+00:00
P00567,78f40f0fc3c2f509,Volatile,RollingMean28,5000,220.0,14.9076,175.280279,175.444537,226.578556,235.850774,249.448254,0.1494,1.884154,15.850774,Fragile,2026-08-28T10:58:41.807024+00:00
P01998,ec241be35faf503f,Seasonal,HoltWinters7,5000,339.0,10.4978,268.05631,268.204098,349.46948,361.819646,379.834541,0.1492,2.777866,22.819646,Fragile,2026-08-28T10:58:41.807024+00:00
P01217,afb0200bc161b225,Stable,SES,5000,179.0,7.5264,140.206856,140.292066,184.797904,192.956077,204.607771,0.1488,1.696602,13.956077,Fragile,2026-08-28T10:58:41.807024+00:00
P00573,fc4dcf432a9066da,Stable,HoltWinters7,5000,234.0,7.5116,181.818163,181.193171,240.411202,245.246087,251.680469,0.1488,1.384537,11.246087,Fragile,2026-08-28T10:58:41.807024+00:00
P00626,456c189ea8a4dc37,Seasonal,HoltWinters7,5000,191.0,10.5046,151.293897,151.854701,197.101507,202.629214,208.858173,0.1486,1.375558,11.629214,Fragile,2026-08-28T10:58:41.807024+00:00
P01481,cf19c9fbaac77583,Stable,HoltWinters7,5000,1854.0,7.4708,1436.611319,1427.826174,1905.76758,1958.431667,2029.043998,0.1482,12.521137,104.431667,Fragile,2026-08-28T10:58:41.807024+00:00
P01359,afb0be5771266d3e,Seasonal,HoltWinters7,5000,364.0,10.564,288.213128,289.693879,375.361048,383.959892,395.132843,0.1482,2.4493,19.959892,Fragile,2026-08-28T10:58:41.807024+00:00
P00089,1b116207a0ac4061,Stable,HoltWinters7,5000,1098.0,7.4602,854.092252,848.926725,1132.716086,1166.616827,1209.337889,0.1474,8.27291,68.616827,Fragile,2026-08-28T10:58:41.807024+00:00
P01716,6ede9aaa9d368960,Volatile,SES,5000,2346.0,14.9872,1863.379779,1857.668827,2413.165872,2511.712657,2664.868169,0.147,20.311649,165.712657,Fragile,2026-08-28T10:58:41.807024+00:00
P01056,30d78341f92e15c3,Volatile,Naive,5000,508.0,14.9506,403.785926,402.578352,524.014225,543.448692,570.836167,0.1468,4.242731,35.448692,Fragile,2026-08-28T10:58:41.807024+00:00
P01624,68696475087a61e4,Stable,HoltWinters7,5000,272.0,7.4984,211.097605,209.121482,278.930401,285.871151,295.83538,0.1468,1.705293,13.871151,Fragile,2026-08-28T10:58:41.807024+00:00
P00522,b71abedb652daac1,Seasonal,HoltWinters7,5000,374.0,10.5594,296.507694,300.780144,389.583203,396.535312,403.92979,0.1466,2.723187,22.535312,Fragile,2026-08-28T10:58:41.807024+00:00
P01029,fd272162105c8ee3,Seasonal,HoltWinters7,5000,139.0,10.4924,109.234654,108.99514,143.317089,146.68566,150.599065,0.1466,0.910096,7.68566,Fragile,2026-08-28T10:58:41.807024+00:00
P00041,ca0ac53bac9dd65c,Stable,SES,5000,280.0,7.4496,217.219299,214.53606,289.151712,300.128417,319.636797,0.1464,2.527339,20.128417,Fragile,2026-08-28T10:58:41.807024+00:00
P01748,22df3ad01713d3f3,Stable,RollingMean28,5000,141.0,7.5168,109.472918,110.344107,144.353862,148.196232,152.895889,0.1464,0.855712,7.196232,Fragile,2026-08-28T10:58:41.807024+00:00
P00023,2b7202d80c8f0055,Seasonal,HoltWinters7,5000,233.0,10.4702,184.192946,183.981475,241.066446,248.241052,256.670958,0.1462,1.771487,15.241052,Fragile,2026-08-28T10:58:41.807024+00:00
P00352,2925ce75f1467f92,Volatile,SES,5000,3054.0,14.999,2413.149923,2404.109682,3133.331256,3244.434587,3399.203598,0.1456,22.799775,190.434587,Fragile,2026-08-28T10:58:41.807024+00:00
P00529,941697d80e51675e,Stable,HoltWinters7,5000,88.0,7.499,68.583863,68.47152,90.861676,94.27081,99.512398,0.1456,0.757318,6.27081,Fragile,2026-08-28T10:58:41.807024+00:00
P00704,c8a9aee2556e6779,Seasonal,HoltWinters7,5000,346.0,10.4686,272.449106,271.537586,356.154532,371.444714,391.028464,0.1454,2.933858,25.444714,Fragile,2026-08-28T10:58:41.807024+00:00
P00442,69c9ad668f5b04c8,Stable,HoltWinters7,5000,1227.0,7.4582,950.14532,941.725228,1262.891888,1296.534552,1342.656631,0.1452,8.381149,69.534552,Fragile,2026-08-28T10:58:41.807024+00:00
P00876,b368a1eb20f7418c,Stable,SES,5000,204.0,7.5178,159.211318,158.670968,210.919736,219.19643,232.340673,0.1448,1.867208,15.19643,Fragile,2026-08-28T10:58:41.807024+00:00
P01977,6bfe21f8fd11cea2,Volatile,RollingMean28,5000,335.0,14.9816,266.05604,264.945321,344.126228,357.625268,376.623921,0.1444,2.676838,22.625268,Fragile,2026-08-28T10:58:41.807024+00:00
P00254,2c4407172eb809c5,Seasonal,SeasonalNaive7,5000,128.0,10.5372,100.886303,100.921543,131.626876,135.411603,139.726342,0.1444,0.863937,7.411603,Fragile,2026-08-28T10:58:41.807024+00:00
P00651,008a13f8c09abaac,Stable,HoltWinters7,5000,208.0,7.5014,162.38813,162.137141,213.811701,223.072062,236.15354,0.144,1.797707,15.072062,Fragile,2026-08-28T10:58:41.807024+00:00
P00053,1bb798ee3fbbe63e,Stable,HoltWinters7,5000,186.0,7.5046,145.013518,144.800265,191.830219,196.656287,203.171461,0.144,1.28034,10.656287,Fragile,2026-08-28T10:58:41.807024+00:00
P00644,714bacc255700be3,Seasonal,HoltWinters7,5000,392.0,10.51,311.102797,309.17154,405.63717,416.413521,427.287313,0.1438,2.831348,24.413521,Fragile,2026-08-28T10:58:41.807024+00:00
P01847,a242d8128c538079,Stable,HoltWinters7,5000,192.0,7.5028,148.812477,147.784865,197.537821,205.411616,216.007362,0.1438,1.591489,13.411616,Fragile,2026-08-28T10:58:41.807024+00:00
P01504,b6f9ac9f033c7f62,Stable,HoltWinters7,5000,244.0,7.4956,188.421339,188.681283,249.883389,255.905733,263.658508,0.1434,1.428722,11.905733,Fragile,2026-08-28T10:58:41.807024+00:00
P00467,52d4b1ab2c2f198e,Seasonal,HoltWinters7,5000,354.0,10.4902,280.073681,280.237955,366.619774,375.416381,384.938729,0.143,2.463324,21.416381,Fragile,2026-08-28T10:58:41.807024+00:00
P00845,dbcc9af4371711f0,Seasonal,HoltWinters7,5000,116.0,10.4786,91.150483,90.755642,119.474294,124.090436,130.215565,0.143,0.949758,8.090436,Fragile,2026-08-28T10:58:41.807024+00:00
P00639,f61c102dd093ea89,Seasonal,HoltWinters7,5000,191.0,10.5356,150.547191,152.071129,196.676427,201.336115,206.338225,0.1428,1.206031,10.336115,Fragile,2026-08-28T10:58:41.807024+00:00
P00488,cfbc46af8be759a3,Seasonal,SeasonalNaive7,5000,63.0,10.5372,49.542888,49.318098,64.56991,66.612551,69.045563,0.1424,0.420824,3.612551,Fragile,2026-08-28T10:58:41.807024+00:00
P00641,600647da044f2c9f,Stable,SeasonalNaive7,5000,72.0,7.484,55.578882,55.082662,74.489848,77.849644,83.867571,0.142,0.726132,5.849644,Fragile,2026-08-28T10:58:41.807024+00:00
P01632,f4fa31b6b49f79e2,Volatile,SES,5000,82.0,15.0164,65.398075,65.475304,84.581928,88.231303,92.90407,0.1418,0.711907,6.231303,Fragile,2026-08-28T10:58:41.807024+00:00
P01001,41e816b04076ae89,Seasonal,SeasonalNaive7,5000,363.0,10.4736,284.129279,283.939277,373.414177,388.858913,416.383186,0.1416,3.196509,25.858913,Fragile,2026-08-28T10:58:41.807024+00:00
P01796,18b7d17204a13b6d,Stable,SES,5000,238.0,7.5198,184.737459,183.704721,244.473393,255.393745,270.50567,0.1416,2.048919,17.393745,Fragile,2026-08-28T10:58:41.807024+00:00
P01564,b70064b7e6228aef,Volatile,SES,5000,277.0,15.0218,219.638124,220.095829,284.259111,293.952889,307.400632,0.1416,2.027453,16.952889,Fragile,2026-08-28T10:58:41.807024+00:00
P01432,bee9e7690f699ea8,Seasonal,HoltWinters7,5000,3289.0,10.5072,2607.948335,2623.560429,3416.354025,3493.993842,3563.769253,0.1414,23.843529,204.993842,Fragile,2026-08-28T10:58:41.807024+00:00
P01879,ae0d19ce31e4f391,Stable,HoltWinters7,5000,200.0,7.4832,153.547764,152.490002,203.945931,208.087284,213.545672,0.1412,0.956129,8.087284,Fragile,2026-08-28T10:58:41.807024+00:00
P01321,81316947531d016f,Stable,HoltWinters7,5000,82.0,7.4694,63.711184,63.448054,84.72572,88.433647,94.017183,0.1406,0.775203,6.433647,Fragile,2026-08-28T10:58:41.807024+00:00
P01672,16fda956507da1a8,Volatile,SES,5000,5483.0,14.9306,4327.33703,4312.53238,5631.930668,5835.12659,6145.552646,0.1404,42.87946,352.12659,Fragile,2026-08-28T10:58:41.807024+00:00
P01523,29d275aaca044399,Stable,SeasonalNaive7,5000,61.0,7.4862,47.171981,46.969245,62.304399,64.172983,66.415482,0.1402,0.366679,3.172983,Fragile,2026-08-28T10:58:41.807024+00:00
P01948,3e75026130bf68a6,Stable,SeasonalNaive7,5000,119.0,7.4718,92.028515,91.065282,122.739704,128.741453,138.583896,0.14,1.184419,9.741453,Fragile,2026-08-28T10:58:41.807024+00:00
P01412,f9953c6f0cbeef1a,Stable,HoltWinters7,5000,246.0,7.5346,191.813755,192.677928,253.638459,264.450427,276.902945,0.1394,2.139996,18.450427,Fragile,2026-08-28T10:58:41.807024+00:00
P01869,9c61d5ee4962f2bf,Stable,HoltWinters7,5000,251.0,7.4902,195.354187,194.654721,257.654023,268.599188,284.152115,0.139,2.081381,17.599188,Fragile,2026-08-28T10:58:41.807024+00:00
P00320,666a907eebf32470,Seasonal,HoltWinters7,5000,260.0,10.533,205.780049,206.455384,267.685558,274.537886,282.881871,0.139,1.685934,14.537886,Fragile,2026-08-28T10:58:41.807024+00:00
P01047,6b9fc89f7d0f2fcc,Seasonal,SeasonalNaive7,5000,346.0,10.477,270.315633,268.503682,354.356769,369.488174,391.048146,0.1388,2.774539,23.488174,Fragile,2026-08-28T10:58:41.807024+00:00
P01247,4b12ff0496d68d62,Stable,SES,5000,269.0,7.4926,209.351309,208.543178,276.504011,287.953147,306.401081,0.1388,2.290975,18.953147,Fragile,2026-08-28T10:58:41.807024+00:00
P00793,d6529e571ae14fe6,Seasonal,HoltWinters7,5000,3381.0,10.4966,2668.398539,2692.983833,3495.818119,3572.243573,3652.156398,0.1384,22.343682,191.243573,Fragile,2026-08-28T10:58:41.807024+00:00
P01253,7a6418e88d9d5688,Seasonal,HoltWinters7,5000,175.0,10.5212,136.762631,136.875243,179.373023,185.190925,195.197327,0.1384,1.241933,10.190925,Fragile,2026-08-28T10:58:41.807024+00:00
P01297,10078c2db2a7ea04,Seasonal,HoltWinters7,5000,272.0,10.5328,212.245842,211.734937,278.440891,287.839288,304.058637,0.1382,1.933002,15.839288,Fragile,2026-08-28T10:58:41.807024+00:00
P01142,48e18a2484dcc563,Seasonal,HoltWinters7,5000,224.0,10.5494,175.268064,175.679005,229.478709,234.683638,240.138176,0.1382,1.224482,10.683638,Fragile,2026-08-28T10:58:41.807024+00:00
P00090,a20546077e7b7c28,Seasonal,HoltWinters7,5000,2163.0,10.4664,1713.173986,1715.366421,2243.322372,2298.339111,2353.477575,0.1378,15.419416,135.339111,Fragile,2026-08-28T10:58:41.807024+00:00
P00067,b79e9688d512dd3c,Stable,SES,5000,145.0,7.46,112.387262,111.676224,149.419341,156.114906,165.860304,0.1378,1.313943,11.114906,Fragile,2026-08-28T10:58:41.807024+00:00
P00214,b759a259719612b3,Stable,HoltWinters7,5000,128.0,7.5142,99.162602,99.058028,130.979273,136.266235,143.814223,0.137,0.977654,8.266235,Fragile,2026-08-28T10:58:41.807024+00:00
P01117,e1cb359904e922ac,Stable,HoltWinters7,5000,162.0,7.5162,125.573269,125.390121,165.814788,172.09331,182.290601,0.1364,1.217817,10.09331,Fragile,2026-08-28T10:58:41.807024+00:00
P00587,d8de9f3a3b04dfb6,Stable,HoltWinters7,5000,187.0,7.5142,144.879959,144.267049,191.37684,198.980509,210.507889,0.1358,1.427092,11.980509,Fragile,2026-08-28T10:58:41.807024+00:00
P01078,c8ae1d1f7749f15e,Intermittent,RollingMean28,5000,3487.0,18.5578,2524.905854,2481.786618,3642.672883,3950.52772,4552.079455,0.1356,59.128803,463.52772,Fragile,2026-08-28T10:58:41.807024+00:00
P00821,dbecc10849449739,Volatile,SES,5000,2351.0,15.0146,1851.788537,1855.111525,2402.289326,2482.557619,2592.738938,0.1356,15.602696,131.557619,Fragile,2026-08-28T10:58:41.807024+00:00
P01205,93724a76280cc6a7,Seasonal,HoltWinters7,5000,2493.0,10.4568,1969.201177,1949.856161,2574.541278,2642.375966,2706.27098,0.1354,16.701558,149.375966,Fragile,2026-08-28T10:58:41.807024+00:00
P00599,129a3d8ac773c4a5,Seasonal,SeasonalNaive7,5000,248.0,10.5102,193.867958,193.598959,254.962252,265.534942,281.355079,0.1354,2.063658,17.534942,Fragile,2026-08-28T10:58:41.807024+00:00
P00392,f7b721874d3c127f,Seasonal,HoltWinters7,5000,245.0,10.5254,192.598288,193.420728,251.548209,257.558817,264.051209,0.1354,1.43901,12.558817,Fragile,2026-08-28T10:58:41.807024+00:00
P00916,37e35d5d68f63c84,Volatile,Naive,5000,57.0,15.0082,45.032643,44.967517,58.420977,60.613535,64.453266,0.1346,0.447261,3.613535,Fragile,2026-08-28T10:58:41.807024+00:00
P00947,890f3c918808beee,Seasonal,HoltWinters7,5000,313.0,10.5622,245.694799,246.969357,319.250237,331.346834,350.412227,0.1334,2.170758,18.346834,Fragile,2026-08-28T10:58:41.807024+00:00
P00642,58684017f6de2e4c,Seasonal,HoltWinters7,5000,259.0,10.4748,201.932709,201.404468,264.457577,272.193001,279.613936,0.1332,1.459731,13.193001,Fragile,2026-08-28T10:58:41.807024+00:00
P01169,323398425239778d,Stable,HoltWinters7,5000,153.0,7.5298,118.537872,118.736226,156.437187,163.703251,173.552084,0.133,1.251287,10.703251,Fragile,2026-08-28T10:58:41.807024+00:00
P01320,cd086f2a75b84a7c,Stable,SES,5000,270.0,7.4634,208.89894,208.359151,275.851375,288.876594,306.860013,0.1324,2.228143,18.876594,Fragile,2026-08-28T10:58:41.807024+00:00
P00168,ede03150ccf10afa,Stable,SeasonalNaive7,5000,136.0,7.5102,104.513312,104.487392,139.366345,146.354255,157.07816,0.1324,1.236348,10.354255,Fragile,2026-08-28T10:58:41.807024+00:00
P00203,d1ea7ee50f798a5c,Seasonal,SeasonalNaive7,5000,75.0,10.4898,58.422472,57.912351,76.919959,80.269631,84.662342,0.1324,0.604648,5.269631,Fragile,2026-08-28T10:58:41.807024+00:00
P00101,e97ec8a2e158e075,Stable,SES,5000,231.0,7.507,177.887216,176.905844,235.586302,244.622596,259.500793,0.1322,1.662578,13.622596,Fragile,2026-08-28T10:58:41.807024+00:00
P01311,e61a14f24df17609,Stable,HoltWinters7,5000,107.0,7.5254,82.912677,82.715575,109.58447,114.705986,121.075196,0.1318,0.857549,7.705986,Fragile,2026-08-28T10:58:41.807024+00:00
P00865,ba99019a3073d83c,Stable,HoltWinters7,5000,52.0,7.5424,40.30975,40.391466,52.945126,54.453542,56.338803,0.1318,0.280288,2.453542,Fragile,2026-08-28T10:58:41.807024+00:00
P00791,24cdc8916dbe2653,Stable,SeasonalNaive7,5000,183.0,7.5062,140.269247,138.913595,187.556621,195.731312,211.321604,0.1314,1.597651,12.731312,Fragile,2026-08-28T10:58:41.807024+00:00
P01729,53106c4665d10fa9,Volatile,SES,5000,3568.0,14.983,2807.564172,2785.222486,3648.392896,3807.039754,4055.619091,0.1306,28.358077,239.039754,Fragile,2026-08-28T10:58:41.807024+00:00
P01493,0d441ac4a8da0245,Stable,HoltWinters7,5000,265.0,7.4514,203.091617,200.727848,269.925785,279.733923,294.642112,0.1304,1.746856,14.733923,Fragile,2026-08-28T10:58:41.807024+00:00
P00763,53b71d8681621644,Seasonal,HoltWinters7,5000,350.0,10.5134,273.085551,273.203417,355.829872,367.55233,386.728597,0.1296,2.131316,17.55233,Fragile,2026-08-28T10:58:41.807024+00:00
P00678,93955d9b90af4e17,Seasonal,HoltWinters7,5000,277.0,10.466,216.186457,215.741857,283.345782,290.734589,299.273508,0.1296,1.54664,13.734589,Fragile,2026-08-28T10:58:41.807024+00:00
P00996,ef4653d274d5bd71,Stable,SeasonalNaive7,5000,241.0,7.4982,185.973877,185.638199,246.500748,258.627783,278.343525,0.129,2.143277,17.627783,Fragile,2026-08-28T10:58:41.807024+00:00
P01958,1d2488104f28eac6,Stable,HoltWinters7,5000,219.0,7.5132,167.751107,166.42124,221.755651,226.391765,231.843742,0.1288,0.828171,7.391765,Fragile,2026-08-28T10:58:41.807024+00:00
P00443,116dbb10329007bc,Seasonal,HoltWinters7,5000,385.0,10.5236,301.221374,299.062221,395.44896,403.449927,411.548735,0.1286,2.094651,18.449927,Fragile,2026-08-28T10:58:41.807024+00:00
P00103,eff4ea50ed317a26,Volatile,RollingMean28,5000,86.0,14.9324,67.210531,67.030862,87.441427,90.786665,95.375689,0.1286,0.558393,4.786665,Fragile,2026-08-28T10:58:41.807024+00:00
P00402,3772879686d45584,Stable,HoltWinters7,5000,1964.0,7.5052,1509.271256,1502.183014,1999.899364,2053.274632,2135.523969,0.1284,10.436389,89.274632,Fragile,2026-08-28T10:58:41.807024+00:00
P01191,a3a5b84f41c80809,Stable,SES,5000,209.0,7.537,161.520604,161.306389,213.354504,222.78912,236.73495,0.1284,1.642613,13.78912,Fragile,2026-08-28T10:58:41.807024+00:00
P00493,b3ad6d93705b675a,Volatile,RollingMean28,5000,381.0,14.9904,301.057812,301.064836,388.398551,402.439159,422.253509,0.1278,2.494059,21.439159,Fragile,2026-08-28T10:58:41.807024+00:00
P00238,57d7f0c5a49521a2,Stable,SES,5000,201.0,7.477,154.427449,153.653045,204.81939,213.165263,225.35027,0.1274,1.431916,12.165263,Fragile,2026-08-28T10:58:41.807024+00:00
P00132,00c5efc3622c6cf6,Volatile,SES,5000,219.0,15.0524,171.78081,171.149165,222.912691,233.328541,249.823723,0.127,1.705261,14.328541,Fragile,2026-08-28T10:58:41.807024+00:00
P01800,72b35b88b16df9d7,Stable,HoltWinters7,5000,193.0,7.4486,147.424065,145.790487,196.348613,204.068008,215.438768,0.1268,1.286482,11.068008,Fragile,2026-08-28T10:58:41.807024+00:00
P00853,de0b445866099a34,Seasonal,HoltWinters7,5000,151.0,10.4648,117.570087,116.922992,153.431951,159.003729,167.537115,0.1268,0.942086,8.003729,Fragile,2026-08-28T10:58:41.807024+00:00
P00847,8b74ecb447ce1e00,Stable,HoltWinters7,5000,219.0,7.525,168.406142,168.378428,223.819151,232.969555,245.450876,0.1266,1.599657,13.969555,Fragile,2026-08-28T10:58:41.807024+00:00
P01723,35076c842cac7967,Seasonal,HoltWinters7,5000,378.0,10.4762,294.472466,291.441955,386.015018,394.628477,405.032908,0.1258,1.907178,16.628477,Fragile,2026-08-28T10:58:41.807024+00:00
P01526,7101042e77f781e2,Stable,HoltWinters7,5000,254.0,7.4782,193.285988,189.238367,256.664311,261.384462,266.762136,0.1258,0.819052,7.384462,Fragile,2026-08-28T10:58:41.807024+00:00
P01009,94c7a1a34e41ad58,Stable,HoltWinters7,5000,210.0,7.4928,160.889944,160.322195,213.890171,222.638169,236.053047,0.1256,1.508951,12.638169,Fragile,2026-08-28T10:58:41.807024+00:00
P00894,ceac2b41e69e49c4,Stable,Naive,5000,39.0,7.494,29.975492,29.915213,39.654507,40.718558,42.252358,0.1254,0.202829,1.718558,Fragile,2026-08-28T10:58:41.807024+00:00
P01037,a645169778e89257,Volatile,RollingMean28,5000,173.0,15.027,135.427952,135.413382,175.756724,182.053661,190.556545,0.1252,1.032322,9.053661,Fragile,2026-08-28T10:58:41.807024+00:00
P01256,2c124007e2b6ad79,Volatile,SES,5000,108.0,15.043,84.56845,84.353961,109.660125,114.474124,121.122686,0.1248,0.750027,6.474124,Fragile,2026-08-28T10:58:41.807024+00:00
P01188,5669d0a170b86238,Stable,SES,5000,220.0,7.4902,168.422369,167.547429,223.705661,233.224543,247.580478,0.1242,1.561524,13.224543,Fragile,2026-08-28T10:58:41.807024+00:00
P00834,1f150d17ea59962d,Stable,SES,5000,140.0,7.4974,107.212934,106.601721,142.493038,148.383908,156.898294,0.1242,0.986483,8.383908,Fragile,2026-08-28T10:58:41.807024+00:00
P00941,0b4cc9b170b3f397,Volatile,RollingMean28,5000,343.0,14.9862,267.713164,267.272362,347.756859,360.451677,377.014491,0.124,2.008038,17.451677,Fragile,2026-08-28T10:58:41.807024+00:00
P01703,a97838ed986f9c4f,Stable,HoltWinters7,5000,195.0,7.5154,148.78266,149.144318,196.867204,200.907945,205.96749,0.124,0.669262,5.907945,Fragile,2026-08-28T10:58:41.807024+00:00
P00935,cee2eb177aa34a3e,Stable,SeasonalNaive7,5000,154.0,7.5456,118.421427,119.206633,156.60436,164.154169,177.800466,0.1234,1.26805,10.154169,Fragile,2026-08-28T10:58:41.807024+00:00
P01808,bcfabf65c2458a82,Seasonal,SeasonalNaive7,5000,33.0,10.4738,25.453694,25.343504,33.690081,35.512068,38.037433,0.1234,0.289171,2.512068,Fragile,2026-08-28T10:58:41.807024+00:00
P01914,79558f9614647f29,Seasonal,HoltWinters7,5000,358.0,10.4768,277.609135,277.093943,362.855511,373.811198,385.058121,0.1232,1.741759,15.811198,Fragile,2026-08-28T10:58:41.807024+00:00
P00896,16edf14a434d73ee,Stable,SES,5000,46.0,7.496,35.242904,35.241793,46.786243,49.00947,52.409273,0.1232,0.360103,3.00947,Fragile,2026-08-28T10:58:41.807024+00:00
P01039,af1b14fbab4d41ba,Stable,HoltWinters7,5000,240.0,7.5288,184.091692,184.324667,243.338482,252.40726,266.650271,0.1226,1.456105,12.40726,Fragile,2026-08-28T10:58:41.807024+00:00
P01401,e2f5acc4c0c8607e,Stable,HoltWinters7,5000,219.0,7.4958,167.695647,167.091,222.075352,231.558076,243.43162,0.1222,1.38215,12.558076,Fragile,2026-08-28T10:58:41.807024+00:00
P01627,929ebbd882611e52,Volatile,SES,5000,241.0,15.083,188.222098,188.124094,245.418514,255.809788,272.211272,0.1218,1.767304,14.809788,Fragile,2026-08-28T10:58:41.807024+00:00
P00477,3aaa94d2e4a21278,Seasonal,SeasonalNaive7,5000,94.0,10.5164,72.551877,72.122634,95.24136,99.296831,105.300832,0.1218,0.615556,5.296831,Fragile,2026-08-28T10:58:41.807024+00:00
P00185,d8fd2e89b0513706,Seasonal,HoltWinters7,5000,190.0,10.5184,147.995958,147.883056,192.795162,197.873222,203.972831,0.1216,0.882427,7.873222,Fragile,2026-08-28T10:58:41.807024+00:00
P00131,cca20c06fb04dddb,Seasonal,HoltWinters7,5000,170.0,10.4904,131.710341,131.165163,172.534537,177.063086,181.637932,0.1216,0.772822,7.063086,Fragile,2026-08-28T10:58:41.807024+00:00
P01394,0d1ca8c29478aab2,Seasonal,HoltWinters7,5000,2359.0,10.5002,1839.430688,1849.977924,2405.95949,2464.241699,2518.998962,0.1214,11.410896,105.241699,Fragile,2026-08-28T10:58:41.807024+00:00
P01814,6fbbbddc6cdf3c2c,Stable,SeasonalNaive7,5000,146.0,7.5132,111.606578,110.984086,148.21299,155.173616,166.69112,0.1212,1.121333,9.173616,Fragile,2026-08-28T10:58:41.807024+00:00
P01434,64eb6c6eadd8758a,Intermittent,RollingMean28,5000,718.0,18.5352,514.628929,506.757349,739.935489,804.931094,910.854327,0.121,10.459848,86.931094,Fragile,2026-08-28T10:58:41.807024+00:00
P01769,90a74668fa6c583d,Stable,HoltWinters7,5000,82.0,7.5096,62.489547,62.34718,82.693796,84.532565,86.735167,0.1208,0.28202,2.532565,Fragile,2026-08-28T10:58:41.807024+00:00
P00601,b051c4f9c571cb63,Stable,HoltWinters7,5000,129.0,7.5074,98.552418,98.499677,130.863464,136.364004,144.743187,0.1206,0.87263,7.364004,Fragile,2026-08-28T10:58:41.807024+00:00
P01483,d205d461c9155867,Seasonal,HoltWinters7,5000,3559.0,10.4524,2750.176131,2723.224965,3623.569283,3701.616715,3783.119726,0.1204,15.735361,142.616715,Fragile,2026-08-28T10:58:41.807024+00:00
P01065,bdcc6435ea201974,Volatile,RollingMean28,5000,243.0,14.9716,190.666695,190.606167,245.885599,256.330548,269.730019,0.1204,1.496092,13.330548,Fragile,2026-08-28T10:58:41.807024+00:00
P00516,19b148ff4aa7c92e,Stable,SeasonalNaive7,5000,119.0,7.4604,90.858312,90.137822,120.647627,126.667457,136.162947,0.12,0.925595,7.667457,Fragile,2026-08-28T10:58:41.807024+00:00
P00556,9a89a08831175091,Volatile,SES,5000,468.0,14.9372,365.001725,363.446721,474.885287,495.647755,523.999003,0.1198,3.17673,27.647755,Fragile,2026-08-28T10:58:41.807024+00:00
P01863,104afbb2ab5a363f,Seasonal,HoltWinters7,5000,378.0,10.4504,291.868714,290.062817,383.004776,395.410047,417.412124,0.1192,2.13893,17.410047,Fragile,2026-08-28T10:58:41.807024+00:00
P01798,6bec51c2a46a0936,Stable,SeasonalNaive7,5000,136.0,7.4434,103.180515,102.05693,138.265209,145.117805,156.06666,0.1186,1.09041,9.117805,Fragile,2026-08-28T10:58:41.807024+00:00
P01629,f3fdc88260bb6982,Seasonal,HoltWinters7,5000,235.0,10.4904,182.215774,182.309171,238.033316,247.470409,259.453082,0.1182,1.405867,12.470409,Fragile,2026-08-28T10:58:41.807024+00:00
P00317,8f910a9821d512ba,Seasonal,HoltWinters7,5000,69.0,10.51,53.385457,53.361571,69.745093,71.579959,73.687709,0.118,0.288045,2.579959,Fragile,2026-08-28T10:58:41.807024+00:00
P00007,ccb7b96e39441b85,Stable,HoltWinters7,5000,229.0,7.5132,176.452886,176.508576,232.197379,242.433787,256.256146,0.1178,1.535089,13.433787,Fragile,2026-08-28T10:58:41.807024+00:00
P01942,8cae8c7ac645ebb5,Stable,HoltWinters7,5000,126.0,7.5068,96.020556,96.25377,127.214024,129.882749,133.868028,0.1176,0.457159,3.882749,Fragile,2026-08-28T10:58:41.807024+00:00
P01069,4d8eac50850f9fca,Volatile,RollingMean28,5000,321.0,15.051,250.456761,250.391872,324.528333,337.51312,357.910221,0.1174,1.944526,16.51312,Fragile,2026-08-28T10:58:41.807024+00:00
P00033,19520dfdf16b6e52,Stable,SeasonalNaive7,5000,97.0,7.4926,73.79854,73.645836,98.166986,102.590475,110.004857,0.1172,0.688992,5.590475,Fragile,2026-08-28T10:58:41.807024+00:00
P01346,8c42e8e17abe10f9,Seasonal,HoltWinters7,5000,190.0,10.509,146.752586,147.801352,192.67065,196.500972,200.779084,0.1166,0.715918,6.500972,Fragile,2026-08-28T10:58:41.807024+00:00
P00777,91c6301f1806e824,Seasonal,HoltWinters7,5000,75.0,10.4484,57.551352,57.070475,75.759493,78.660566,83.200457,0.1162,0.439952,3.660566,Fragile,2026-08-28T10:58:41.807024+00:00
P00196,b9707d25615d5a0f,Seasonal,HoltWinters7,5000,318.0,10.5318,245.867789,245.80272,321.307903,328.917702,336.420412,0.1158,1.176091,10.917702,Fragile,2026-08-28T10:58:41.807024+00:00
P01531,44238f80363f873b,Volatile,Naive,5000,96.0,15.0468,75.135923,75.300138,96.938126,100.772561,106.268012,0.1156,0.55055,4.772561,Fragile,2026-08-28T10:58:41.807024+00:00
P00765,b3ca307cce36b578,Seasonal,SeasonalNaive7,5000,83.0,10.467,64.181026,64.230352,83.971522,87.639862,93.716112,0.1152,0.557412,4.639862,Fragile,2026-08-28T10:58:41.807024+00:00
P01381,669af6a60b250530,Stable,Naive,5000,49.0,7.4474,37.268658,37.222308,49.4263,51.689976,54.852515,0.1142,0.308467,2.689976,Fragile,2026-08-28T10:58:41.807024+00:00
P00325,6854d463f9f414d6,Volatile,Naive,5000,5328.0,14.9922,4131.760125,4127.506693,5377.282248,5585.418353,5944.901663,0.114,30.898915,257.418353,Fragile,2026-08-28T10:58:41.807024+00:00
P01379,86645160b35be29a,Volatile,RollingMean28,5000,310.0,15.0588,242.34526,243.445363,312.562545,323.636765,338.487403,0.1132,1.564311,13.636765,Fragile,2026-08-28T10:58:41.807024+00:00
P00123,af0e0213ea495b42,Seasonal,HoltWinters7,5000,228.0,10.5,175.092163,174.985444,229.494494,235.047488,241.575334,0.1128,0.773934,7.047488,Fragile,2026-08-28T10:58:41.807024+00:00
P01820,98b38937f2bf86dc,Seasonal,HoltWinters7,5000,366.0,10.4732,281.417326,281.83234,368.689731,378.616839,390.082408,0.1126,1.381254,12.616839,Fragile,2026-08-28T10:58:41.807024+00:00
P00514,a3ea1463bd715888,Stable,HoltWinters7,5000,1876.0,7.4992,1429.187539,1429.432422,1887.381048,1943.272378,2009.59296,0.1124,7.449406,67.272378,Fragile,2026-08-28T10:58:41.807024+00:00
P00538,9ae6c653e89fbee8,Seasonal,SeasonalNaive7,5000,80.0,10.5658,61.685164,61.478764,80.682483,84.332239,89.147454,0.1124,0.491806,4.332239,Fragile,2026-08-28T10:58:41.807024+00:00
P00469,7a1cde808558a052,Volatile,SES,5000,383.0,14.9956,298.124468,296.438519,386.626117,404.175294,429.99957,0.1122,2.462633,21.175294,Fragile,2026-08-28T10:58:41.807024+00:00
P01466,e60c81843204f8bb,Stable,HoltWinters7,5000,233.0,7.5296,177.691068,177.89448,234.489057,244.333327,259.039061,0.1118,1.348641,11.333327,Fragile,2026-08-28T10:58:41.807024+00:00
P00381,6cff13f277164604,Seasonal,SeasonalNaive7,5000,63.0,10.4876,48.282738,48.140429,63.550578,66.324708,71.330572,0.1118,0.412817,3.324708,Fragile,2026-08-28T10:58:41.807024+00:00
P00318,41bb57ac282f6802,Volatile,SES,5000,412.0,14.9992,317.279021,315.603998,415.204475,432.955287,458.979341,0.1116,2.508165,20.955287,Fragile,2026-08-28T10:58:41.807024+00:00
P01601,3a42d6b3dcfe849b,Volatile,SES,5000,507.0,15.0284,388.765777,386.99167,511.915541,539.644356,580.977436,0.1114,3.811253,32.644356,Fragile,2026-08-28T10:58:41.807024+00:00
P00427,75c86e0d601ef90b,Seasonal,HoltWinters7,5000,292.0,10.4646,224.917537,222.786736,294.553335,302.467544,310.110171,0.1114,1.119633,10.467544,Fragile,2026-08-28T10:58:41.807024+00:00
P00912,303e435d53063da8,Seasonal,SeasonalNaive7,5000,225.0,10.513,173.02118,172.496273,226.508171,232.470133,239.024191,0.1114,0.82885,7.470133,Fragile,2026-08-28T10:58:41.807024+00:00
P01494,d1f5da462313761d,Stable,HoltWinters7,5000,109.0,7.4606,82.619384,81.970011,109.879252,114.438617,120.62099,0.111,0.625146,5.438617,Fragile,2026-08-28T10:58:41.807024+00:00
P01830,c4aa252f54506707,Seasonal,HoltWinters7,5000,94.0,10.567,72.874998,73.628829,94.62836,97.23132,99.789935,0.111,0.340357,3.23132,Fragile,2026-08-28T10:58:41.807024+00:00
P00073,3863bc9ac148f420,Volatile,SES,5000,499.0,14.9754,386.261977,384.37905,503.813692,527.295044,562.138966,0.1108,3.326411,28.295044,Fragile,2026-08-28T10:58:41.807024+00:00
P00589,79a7b8726dff566b,Seasonal,HoltWinters7,5000,158.0,10.5352,121.714225,121.559993,159.064364,164.558913,172.157592,0.1108,0.761665,6.558913,Fragile,2026-08-28T10:58:41.807024+00:00
P01789,455bf7194d8ad5df,Seasonal,Naive,5000,164.0,10.4554,125.74296,124.8567,165.162842,170.901557,180.47749,0.1106,0.872827,6.901557,Fragile,2026-08-28T10:58:41.807024+00:00
P01252,b8e7cb5db44d6482,Seasonal,HoltWinters7,5000,1381.0,10.4622,1065.406699,1054.577763,1395.31436,1428.639941,1459.386627,0.11,5.087101,47.639941,Fragile,2026-08-28T10:58:41.807024+00:00
P01972,34f237db60abbb13,Volatile,SES,5000,1150.0,14.9668,891.852752,886.011075,1156.883305,1201.725661,1268.960003,0.1096,6.153559,51.725661,Fragile,2026-08-28T10:58:41.807024+00:00
P01937,df7fffbd3fb989f1,Seasonal,HoltWinters7,5000,390.0,10.5558,300.555394,300.700404,391.87342,400.088315,409.821605,0.1096,1.14046,10.088315,Fragile,2026-08-28T10:58:41.807024+00:00
P01711,d90f6bda40bb6cc1,Stable,HoltWinters7,5000,217.0,7.4792,164.878287,163.961843,219.175238,226.705657,240.577535,0.1092,1.238965,9.705657,Fragile,2026-08-28T10:58:41.807024+00:00
P01602,23cd568d913f4743,Seasonal,SeasonalNaive7,5000,89.0,10.4864,68.842817,68.926276,89.387137,92.619598,96.037497,0.1088,0.392721,3.619598,Fragile,2026-08-28T10:58:41.807024+00:00
P00181,8d2017951283050e,Stable,Naive,5000,69.0,7.4836,52.388989,52.068164,69.293314,71.061449,73.48689,0.1084,0.234,2.061449,Fragile,2026-08-28T10:58:41.807024+00:00
P01071,ab480cc5a0c1fd2f,Volatile,RollingMean28,5000,229.0,15.0208,176.667004,176.317183,230.059377,238.09653,249.1495,0.1074,1.073323,9.09653,Fragile,2026-08-28T10:58:41.807024+00:00
P01734,33f11ffada36d931,Volatile,SES,5000,256.0,14.9508,196.580363,194.722346,256.768501,268.864093,285.743347,0.1066,1.503657,12.864093,Fragile,2026-08-28T10:58:41.807024+00:00
P00537,8be6950d723ddbd2,Volatile,Naive,5000,3432.0,15.0004,2659.030644,2662.243695,3443.391911,3589.081011,3837.826254,0.1064,19.808274,157.081011,Fragile,2026-08-28T10:58:41.807024+00:00
P00156,11a951b45dd1c839,Stable,HoltWinters7,5000,118.0,7.5394,90.068035,89.771236,118.4354,123.567307,131.240634,0.1064,0.654088,5.567307,Fragile,2026-08-28T10:58:41.807024+00:00
P01803,c09bfe9cf07acfc5,Seasonal,HoltWinters7,5000,267.0,10.5036,203.892626,204.022096,267.889935,273.565474,279.773317,0.1062,0.720151,6.565474,Fragile,2026-08-28T10:58:41.807024+00:00
P00303,8311e83196075106,Seasonal,HoltWinters7,5000,3712.0,10.4716,2848.722616,2823.001036,3727.406094,3824.136054,3917.834082,0.1058,11.934527,112.136054,Fragile,2026-08-28T10:58:41.807024+00:00
P01216,6d04680241f54b06,Stable,SeasonalNaive7,5000,70.0,7.5336,52.700299,52.845869,70.326161,73.546285,78.597872,0.1058,0.421151,3.546285,Fragile,2026-08-28T10:58:41.807024+00:00
P01100,6796abed027ca296,Seasonal,SeasonalNaive7,5000,133.0,10.5232,102.105181,102.322931,133.203648,137.067763,141.774685,0.1034,0.454824,4.067763,Fragile,2026-08-28T10:58:41.807024+00:00
P01891,9086f53c2fd0f5f7,Seasonal,SeasonalNaive7,5000,128.0,10.536,97.687254,97.213397,128.307861,134.134203,143.828605,0.1026,0.738496,6.134203,Fragile,2026-08-28T10:58:41.807024+00:00
P01284,0dcab63e6dffe8db,Stable,HoltWinters7,5000,68.0,7.5222,51.590386,51.6154,68.08667,70.479515,74.33119,0.1022,0.317652,2.479515,Fragile,2026-08-28T10:58:41.807024+00:00
P01804,8b7257bd38e56f5e,Stable,SeasonalNaive7,5000,58.0,7.487,43.967163,43.821899,58.094114,59.584305,61.24875,0.1022,0.176351,1.584305,Fragile,2026-08-28T10:58:41.807024+00:00
P00707,5b81e7c4d4035ccd,Seasonal,HoltWinters7,5000,153.0,10.4816,117.879242,117.702434,153.232153,158.27476,164.38866,0.1016,0.583577,5.27476,Fragile,2026-08-28T10:58:41.807024+00:00
P01638,bfe5cec3a3673898,Stable,HoltWinters7,5000,69.0,7.5312,52.100789,52.071361,69.038902,72.003195,76.541738,0.1014,0.357955,3.003195,Fragile,2026-08-28T10:58:41.807024+00:00
P01347,fe0e276c532275e5,Seasonal,HoltWinters7,5000,201.0,10.4394,153.685429,152.933506,201.160201,207.02724,214.296933,0.1012,0.693324,6.02724,Fragile,2026-08-28T10:58:41.807024+00:00
P00207,ae16978d558c0d18,Seasonal,HoltWinters7,5000,152.0,10.5732,116.830299,116.897618,152.067782,158.203098,166.766424,0.101,0.700574,6.203098,Fragile,2026-08-28T10:58:41.807024+00:00
P01778,97002e1f5b32534a,Volatile,SES,5000,86.0,14.9592,66.091376,65.705567,86.039932,89.142491,93.671378,0.101,0.371405,3.142491,Fragile,2026-08-28T10:58:41.807024+00:00
P01369,f4ed52ec6ce78d89,Stable,HoltWinters7,5000,267.0,7.5256,203.391317,203.698695,267.076468,278.650637,294.040154,0.1006,1.319898,11.650637,Fragile,2026-08-28T10:58:41.807024+00:00
P01040,df595443f2e30869,Stable,HoltWinters7,5000,70.0,7.4818,52.742179,52.099623,70.045953,71.516252,73.746922,0.1006,0.182699,1.516252,Fragile,2026-08-28T10:58:41.807024+00:00
P01765,556814e51e3d704a,Seasonal,SeasonalNaive7,5000,155.0,10.5264,118.104497,118.369951,155.013081,161.916403,172.442859,0.1004,0.861845,6.916403,Fragile,2026-08-28T10:58:41.807024+00:00
P01413,2c6a7f541f898a2b,Seasonal,HoltWinters7,5000,144.0,10.5242,110.438899,111.059437,144.002205,147.780336,151.546518,0.1,0.410879,3.780336,Watch,2026-08-28T10:58:41.807024+00:00
P01153,0cfcb725ff2db595,Intermittent,SeasonalNaive7,5000,4515.0,18.4212,2838.410089,2730.638491,4510.896496,5020.114406,5870.117379,0.0996,65.116163,505.114406,Watch,2026-08-28T10:58:41.807024+00:00
P00978,9d08614742ab1ba9,Seasonal,HoltWinters7,5000,158.0,10.4554,120.082024,119.208568,157.883631,163.751851,171.239605,0.0986,0.659449,5.751851,Watch,2026-08-28T10:58:41.807024+00:00
P00449,a98d73ca81345144,Volatile,Naive,5000,117.0,15.053,90.291098,90.538337,116.856786,121.173409,126.77223,0.098,0.474137,4.173409,Watch,2026-08-28T10:58:41.807024+00:00
P01989,83638eee192ab14f,Volatile,SES,5000,542.0,15.0546,417.796838,418.591518,541.151477,561.940125,592.985623,0.0978,2.377393,19.940125,Watch,2026-08-28T10:58:41.807024+00:00
P01633,8a0808a04d04e541,Intermittent,SeasonalNaive7,5000,3991.0,18.4754,2542.866209,2493.567588,3963.713158,4358.863449,5158.51803,0.0974,51.787218,367.863449,Watch,2026-08-28T10:58:41.807024+00:00
P00838,435dd4ac2bfa42b6,Volatile,RollingMean28,5000,345.0,14.953,264.159616,261.379227,344.582284,357.408853,373.200839,0.0974,1.370334,12.408853,Watch,2026-08-28T10:58:41.807024+00:00
P01326,1782b6bf27c8709f,Seasonal,SeasonalNaive7,5000,159.0,10.5596,122.167176,122.574794,158.712872,163.584832,169.316145,0.0972,0.504152,4.584832,Watch,2026-08-28T10:58:41.807024+00:00
P00118,03e73fcfcfcd1a90,Seasonal,HoltWinters7,5000,386.0,10.5342,294.986796,295.461426,384.898372,400.652862,422.144821,0.0966,1.705344,14.652862,Watch,2026-08-28T10:58:41.807024+00:00
P01706,970dd664ddd00907,Volatile,SES,5000,442.0,15.0504,337.622023,336.16562,440.095572,460.510405,493.393976,0.096,2.297695,18.510405,Watch,2026-08-28T10:58:41.807024+00:00
P00737,a2ef7419928bf392,Volatile,RollingMean28,5000,69.0,15.044,53.119665,53.052595,68.771316,71.47968,75.195305,0.096,0.296887,2.47968,Watch,2026-08-28T10:58:41.807024+00:00
P01261,fe92f37db49fa75e,Seasonal,HoltWinters7,5000,100.0,10.5234,76.361377,76.376715,99.76113,102.323393,105.265748,0.0958,0.264418,2.323393,Watch,2026-08-28T10:58:41.807024+00:00
P00228,eae33a6168e9afd9,Volatile,RollingMean28,5000,501.0,15.0206,387.700285,388.873215,499.939275,520.682675,548.497019,0.0956,2.279232,19.682675,Watch,2026-08-28T10:58:41.807024+00:00
P01791,f144b665372535d8,Seasonal,HoltWinters7,5000,270.0,10.4468,204.899632,204.481907,268.552142,278.979615,293.680269,0.0954,1.153806,8.979615,Watch,2026-08-28T10:58:41.807024+00:00
P00988,0932c6f8ae37e0f3,Stable,HoltWinters7,5000,277.0,7.524,208.832051,213.020095,276.362894,281.148001,286.940673,0.095,0.485413,4.148001,Watch,2026-08-28T10:58:41.807024+00:00
P00851,6647483dd36bacef,Stable,HoltWinters7,5000,129.0,7.512,96.809015,96.629271,128.426523,133.965532,141.56826,0.0944,0.597054,4.965532,Watch,2026-08-28T10:58:41.807024+00:00
P01095,2670c3ac37c58585,Seasonal,HoltWinters7,5000,117.0,10.4342,88.803557,88.214351,116.567737,121.175763,128.017723,0.0942,0.505873,4.175763,Watch,2026-08-28T10:58:41.807024+00:00
P00517,69e0e30edff5e938,Seasonal,HoltWinters7,5000,263.0,10.5234,200.886563,200.341559,262.243967,268.778671,276.453845,0.094,0.665201,5.778671,Watch,2026-08-28T10:58:41.807024+00:00
P00956,15a634f0980a0693,Volatile,SES,5000,130.0,15.026,100.010712,99.618573,129.423326,134.500498,142.130593,0.0922,0.552664,4.500498,Watch,2026-08-28T10:58:41.807024+00:00
P01291,01790ba065a677a9,Seasonal,HoltWinters7,5000,234.0,10.4564,177.361289,175.736139,232.974501,238.539449,244.865671,0.0922,0.51293,4.539449,Watch,2026-08-28T10:58:41.807024+00:00
P00001,a58372ac2ca6ad29,Seasonal,HoltWinters7,5000,391.0,10.5176,297.794101,298.269302,389.506605,398.742398,409.564092,0.092,0.8934,7.742398,Watch,2026-08-28T10:58:41.807024+00:00
P00289,23d88534a8ecfab6,Stable,HoltWinters7,5000,132.0,7.4862,99.245,97.348038,131.557933,134.311918,137.673709,0.092,0.267973,2.311918,Watch,2026-08-28T10:58:41.807024+00:00
P00771,9b0b4ee92f1e7a19,Seasonal,HoltWinters7,5000,318.0,10.4656,242.120782,241.587333,316.248534,328.665973,345.422092,0.0914,1.274554,10.665973,Watch,2026-08-28T10:58:41.807024+00:00
P01962,cffeece2499e50e0,Volatile,RollingMean28,5000,117.0,15.113,90.074571,90.369986,116.286562,120.351305,126.388652,0.091,0.419737,3.351305,Watch,2026-08-28T10:58:41.807024+00:00
P00165,6731b4397bdbaa85,Seasonal,SeasonalNaive7,5000,152.0,10.521,115.748095,115.432861,151.097953,157.147951,167.406554,0.0906,0.665511,5.147951,Watch,2026-08-28T10:58:41.807024+00:00
P00909,93e1fd0035e24f54,Stable,HoltWinters7,5000,181.0,7.4602,135.413344,132.888133,180.267783,184.139807,188.982647,0.0906,0.363321,3.139807,Watch,2026-08-28T10:58:41.807024+00:00
P01731,c29c6e2bbebc2146,Seasonal,HoltWinters7,5000,100.0,10.4694,75.974332,75.909373,99.318461,102.207005,104.873092,0.09,0.236817,2.207005,Watch,2026-08-28T10:58:41.807024+00:00
P01528,f4653cfb9aa55905,Stable,Naive,5000,80.0,7.5382,60.290205,60.32825,79.584378,81.73263,84.059359,0.0898,0.197783,1.73263,Watch,2026-08-28T10:58:41.807024+00:00
P01676,f6f11b3041a7ba25,Stable,SeasonalNaive7,5000,64.0,7.4822,48.138287,48.115013,63.652703,65.428211,67.830107,0.0898,0.175795,1.428211,Watch,2026-08-28T10:58:41.807024+00:00
P00568,8d4be62765d7ffee,Volatile,SES,5000,567.0,14.9896,433.972161,433.305709,562.856212,584.079594,613.615242,0.0896,2.112324,17.079594,Watch,2026-08-28T10:58:41.807024+00:00
P00657,edc2571a01919063,Volatile,SES,5000,517.0,14.9254,394.49905,392.519203,514.238392,533.20483,563.535698,0.0896,2.062269,16.20483,Watch,2026-08-28T10:58:41.807024+00:00
P01702,3e0b2a617efb6c33,Seasonal,HoltWinters7,5000,352.0,10.445,266.402225,264.692554,350.035986,358.952284,369.482828,0.0896,0.817913,6.952284,Watch,2026-08-28T10:58:41.807024+00:00
P00577,d49978ee6145b92c,Stable,HoltWinters7,5000,50.0,7.5078,37.285803,36.993573,49.615691,51.762997,55.2427,0.089,0.224023,1.762997,Watch,2026-08-28T10:58:41.807024+00:00
P01770,aca9f45c3ab1921d,Stable,HoltWinters7,5000,73.0,7.453,54.616678,53.845432,72.604578,74.30935,76.435944,0.0884,0.154841,1.30935,Watch,2026-08-28T10:58:41.807024+00:00
P01740,45875bb147eb0898,Seasonal,SeasonalNaive7,5000,42.0,10.5086,31.845764,31.683874,41.729646,43.091567,45.051418,0.0884,0.130747,1.091567,Watch,2026-08-28T10:58:41.807024+00:00
P01058,5c78d66fc62de012,Stable,Naive,5000,40.0,7.4886,29.950799,29.645143,39.709451,40.719531,42.068411,0.0884,0.087938,0.719531,Watch,2026-08-28T10:58:41.807024+00:00
P01451,f142587a1526fed5,Seasonal,HoltWinters7,5000,3385.0,10.4836,2569.561819,2546.257665,3366.142303,3442.999035,3521.019533,0.0882,6.515632,57.999035,Watch,2026-08-28T10:58:41.807024+00:00
P00580,27670a2718f5642f,Volatile,SES,5000,296.0,14.976,226.435166,225.185574,293.783423,303.883638,317.754762,0.0882,0.985099,7.883638,Watch,2026-08-28T10:58:41.807024+00:00
P00294,6fc8790c8f66e984,Volatile,SES,5000,489.0,15.03,377.176455,377.485412,484.391929,503.611762,530.668093,0.0878,1.798434,14.611762,Watch,2026-08-28T10:58:41.807024+00:00
P00263,94dbf4195d3f1acc,Volatile,SES,5000,158.0,14.9572,119.921214,119.545174,156.266852,163.654802,174.65791,0.0878,0.718557,5.654802,Watch,2026-08-28T10:58:41.807024+00:00
P00112,7e6894ce1f7ceb37,Seasonal,HoltWinters7,5000,390.0,10.4592,294.731092,293.473971,386.57911,401.322711,422.855528,0.0872,1.402957,11.322711,Watch,2026-08-28T10:58:41.807024+00:00
P00473,235c58d69869ee59,Seasonal,HoltWinters7,5000,188.0,10.4886,142.813468,142.70514,186.590744,192.88818,203.653933,0.0872,0.661959,4.88818,Watch,2026-08-28T10:58:41.807024+00:00
P00528,1ee254680e828502,Seasonal,SeasonalNaive28,5000,51.0,10.479,38.75413,38.734179,50.5749,52.486333,55.08211,0.0872,0.186146,1.486333,Watch,2026-08-28T10:58:41.807024+00:00
P00408,f86ab70cfc916651,Seasonal,HoltWinters7,5000,290.0,10.4776,220.374582,219.672959,287.380187,299.36083,315.009346,0.087,1.149635,9.36083,Watch,2026-08-28T10:58:41.807024+00:00
P01491,66559ad52d573d02,Stable,SES,5000,140.0,7.472,104.556257,104.690954,138.552954,144.946776,154.797664,0.087,0.634581,4.946776,Watch,2026-08-28T10:58:41.807024+00:00
P00472,203796b773896b9b,Volatile,SES,5000,5588.0,15.033,4265.555924,4260.257098,5534.179738,5748.368342,6111.200784,0.0868,21.671086,160.368342,Watch,2026-08-28T10:58:41.807024+00:00
P00225,46be733db4b6412d,Seasonal,HoltWinters7,5000,124.0,10.4986,94.192946,93.687682,123.265166,126.248204,129.898563,0.0868,0.265003,2.248204,Watch,2026-08-28T10:58:41.807024+00:00
P01555,9c124f975c288614,Volatile,SES,5000,284.0,15.012,214.977111,214.166926,280.89365,292.587434,312.919008,0.0866,1.178413,8.587434,Watch,2026-08-28T10:58:41.807024+00:00
P01593,dc7e0ca5e5126498,Seasonal,SeasonalNaive7,5000,212.0,10.5556,160.033745,158.882953,210.062594,218.784765,231.654538,0.0866,0.858395,6.784765,Watch,2026-08-28T10:58:41.807024+00:00
P00989,53450d3196bb35e3,Volatile,SES,5000,448.0,15.0088,339.023379,337.079102,443.245892,465.263296,497.942629,0.086,2.144372,17.263296,Watch,2026-08-28T10:58:41.807024+00:00
P00881,d7add7c3babfac7c,Seasonal,SeasonalNaive7,5000,46.0,10.4888,34.64633,34.643599,45.538456,47.695361,50.741298,0.0858,0.212857,1.695361,Watch,2026-08-28T10:58:41.807024+00:00
P00310,e243b49d802ca99e,Volatile,RollingMean28,5000,108.0,14.9648,82.372554,82.183704,106.707448,111.767237,118.047995,0.0856,0.440586,3.767237,Watch,2026-08-28T10:58:41.807024+00:00
P01697,9e01c5f86983bb76,Stable,HoltWinters7,5000,102.0,7.5092,76.233285,76.27779,101.056202,105.174525,111.627708,0.0856,0.40299,3.174525,Watch,2026-08-28T10:58:41.807024+00:00
P01017,b80e4860b03c403f,Seasonal,HoltWinters7,5000,253.0,10.4854,191.669935,191.187136,250.406753,259.802713,272.738108,0.0848,0.841934,6.802713,Watch,2026-08-28T10:58:41.807024+00:00
P00354,6e58b85805e3335a,Seasonal,SeasonalNaive7,5000,382.0,10.4966,286.720522,285.119259,377.52893,393.98282,414.906345,0.0846,1.474264,11.98282,Watch,2026-08-28T10:58:41.807024+00:00
P01614,dd3d600386391b9a,Volatile,RollingMean28,5000,449.0,15.031,343.258292,342.441956,443.873068,459.708979,485.437997,0.084,1.50304,10.708979,Watch,2026-08-28T10:58:41.807024+00:00
P01691,bdc9e54c9408ae9a,Seasonal,HoltWinters7,5000,144.0,10.4592,109.265431,109.042311,142.515499,148.782147,156.96886,0.084,0.579688,4.782147,Watch,2026-08-28T10:58:41.807024+00:00
P00665,4b9b198d4e349301,Seasonal,SeasonalNaive7,5000,62.0,10.524,46.784071,46.683957,61.280352,63.726212,67.578101,0.0838,0.230923,1.726212,Watch,2026-08-28T10:58:41.807024+00:00
P00065,ed958e9291b5a311,Volatile,SES,5000,277.0,15.0578,211.373674,210.173038,273.68771,284.18025,300.653424,0.083,0.945851,7.18025,Watch,2026-08-28T10:58:41.807024+00:00
P00330,c1b172133a850785,Seasonal,HoltWinters7,5000,388.0,10.5198,292.563592,290.635615,383.989905,397.000017,418.689282,0.0828,1.260554,9.000017,Watch,2026-08-28T10:58:41.807024+00:00
P01403,ce3f3d414ee739cb,Seasonal,HoltWinters7,5000,205.0,10.4726,155.13522,154.658086,202.631418,210.332312,221.853596,0.0828,0.694828,5.332312,Watch,2026-08-28T10:58:41.807024+00:00
P00762,a8181c0306d418ad,Volatile,RollingMean28,5000,128.0,14.9634,97.312036,96.966763,126.273043,130.85705,136.72465,0.082,0.371704,2.85705,Watch,2026-08-28T10:58:41.807024+00:00
P01605,a516525a4cc74a34,Volatile,SES,5000,519.0,15.0428,390.021721,390.140239,509.676026,534.909732,571.228661,0.0816,2.227071,15.909732,Watch,2026-08-28T10:58:41.807024+00:00
P00691,30f9605519c12001,Volatile,SES,5000,80.0,14.9774,60.643485,60.606453,78.950216,82.168966,87.056247,0.0812,0.298858,2.168966,Watch,2026-08-28T10:58:41.807024+00:00
P01301,4bfebedf682fc5a1,Volatile,SES,5000,129.0,15.041,97.707607,97.770077,127.12375,132.934571,140.970765,0.081,0.497485,3.934571,Watch,2026-08-28T10:58:41.807024+00:00
P01631,1bc76c6713e76faf,Intermittent,RollingMean28,5000,3086.0,18.5824,1985.910399,1947.283658,2981.65379,3270.278317,3741.607076,0.0808,27.238506,184.278317,Watch,2026-08-28T10:58:41.807024+00:00
P00380,dd14ebff95a619ec,Seasonal,SeasonalNaive7,5000,97.0,10.4722,73.265819,73.201434,95.862566,98.939913,102.733074,0.0808,0.242613,1.939913,Watch,2026-08-28T10:58:41.807024+00:00
P00984,0cbf3ed7f5a13d65,Seasonal,HoltWinters7,5000,158.0,10.4984,119.374859,119.262328,155.929809,162.202307,172.441004,0.0806,0.58688,4.202307,Watch,2026-08-28T10:58:41.807024+00:00
P00292,18a4eaff9d9a9584,Seasonal,SeasonalNaive7,5000,74.0,10.5334,55.845553,55.686474,72.980818,75.887676,81.03231,0.0804,0.276553,1.887676,Watch,2026-08-28T10:58:41.807024+00:00
P00591,e05c25982340e00e,Seasonal,HoltWinters7,5000,389.0,10.499,293.616506,292.927639,383.560973,398.84535,421.44909,0.0798,1.289199,9.84535,Watch,2026-08-28T10:58:41.807024+00:00
P01227,72d18c2d2e47d366,Seasonal,HoltWinters7,5000,228.0,10.5422,173.189537,175.212423,225.75854,230.878663,237.266828,0.0798,0.394615,2.878663,Watch,2026-08-28T10:58:41.807024+00:00
P01637,d553e28944678e59,Stable,Naive,5000,70.0,7.4892,52.439,52.681855,69.12194,71.147292,73.705126,0.0798,0.159853,1.147292,Watch,2026-08-28T10:58:41.807024+00:00
P00421,af362a5eb92543b3,Intermittent,RollingMean28,5000,1337.0,18.5446,867.919595,849.772394,1287.678502,1410.270153,1644.183893,0.0794,11.667429,73.270153,Watch,2026-08-28T10:58:41.807024+00:00
P00099,2559e3ad63934ba2,Seasonal,HoltWinters7,5000,352.0,10.4694,264.82192,262.993866,346.176978,360.754772,382.702642,0.0794,1.211882,8.754772,Watch,2026-08-28T10:58:41.807024+00:00
P00939,9c3a3dbc17f9313c,Stable,Naive,5000,71.0,7.5214,52.587015,52.666604,69.755818,72.735147,77.828471,0.0794,0.26569,1.735147,Watch,2026-08-28T10:58:41.807024+00:00
P00037,76a3facb2eb32efa,Seasonal,HoltWinters7,5000,87.0,10.5308,65.841834,66.035369,86.021729,88.47002,91.196722,0.0792,0.175328,1.47002,Watch,2026-08-28T10:58:41.807024+00:00
P00645,254a166f47dcc815,Stable,HoltWinters7,5000,145.0,7.4854,107.535118,107.195755,142.816441,148.590448,158.017173,0.078,0.511132,3.590448,Watch,2026-08-28T10:58:41.807024+00:00
P01418,1c17098a1ea7b48d,Seasonal,HoltWinters7,5000,149.0,10.449,111.914464,111.133016,146.3922,152.795253,160.150805,0.0778,0.475426,3.795253,Watch,2026-08-28T10:58:41.807024+00:00
P00069,fee6c72b449c135f,Seasonal,HoltWinters7,5000,346.0,10.496,259.534911,258.984917,340.866206,352.873805,371.17476,0.0772,1.012918,6.873805,Watch,2026-08-28T10:58:41.807024+00:00
P00005,5357d95a9f1f16e0,Seasonal,HoltWinters7,5000,289.0,10.4944,216.921878,216.549022,284.563061,295.267522,312.180886,0.0772,0.881332,6.267522,Watch,2026-08-28T10:58:41.807024+00:00
P01492,56e585789ecde613,Seasonal,SeasonalNaive7,5000,111.0,10.5512,84.095295,84.568542,109.642045,112.789569,117.059219,0.077,0.240696,1.789569,Watch,2026-08-28T10:58:41.807024+00:00
P01110,4ca0fad93d24a168,Volatile,Naive,5000,396.0,14.9606,299.131954,299.014244,388.913054,406.692284,432.289251,0.0764,1.453029,10.692284,Watch,2026-08-28T10:58:41.807024+00:00
P00822,9bc3d2484ca01d1a,Stable,SeasonalNaive7,5000,106.0,7.4884,77.928113,77.717684,103.86144,108.778987,116.113137,0.076,0.409591,2.778987,Watch,2026-08-28T10:58:41.807024+00:00
P01905,82bb55be57aeda25,Intermittent,SeasonalNaive7,5000,5993.0,18.5046,3567.390653,3460.311247,5704.480685,6378.616681,7542.079897,0.0758,61.1769,385.616681,Watch,2026-08-28T10:58:41.807024+00:00
P00520,d108d2e1481e832e,Seasonal,HoltWinters7,5000,139.0,10.499,104.820155,104.740648,136.582519,142.290973,149.584759,0.0758,0.434247,3.290973,Watch,2026-08-28T10:58:41.807024+00:00
P00667,e1b47fe0eb3051e0,Seasonal,HoltWinters7,5000,192.0,10.5156,144.642148,143.992651,188.846378,196.144835,207.42367,0.0754,0.600177,4.144835,Watch,2026-08-28T10:58:41.807024+00:00
P00298,a6f4d14151395fe0,Seasonal,HoltWinters7,5000,350.0,10.5418,263.925402,263.685314,344.511845,357.111584,373.810853,0.0748,0.975429,7.111584,Watch,2026-08-28T10:58:41.807024+00:00
P00361,b435f6beb4712d80,Volatile,RollingMean28,5000,193.0,14.959,146.189679,145.880868,190.118791,196.575543,207.598689,0.0748,0.564575,3.575543,Watch,2026-08-28T10:58:41.807024+00:00
P00247,6c80a71c847aecad,Stable,HoltWinters7,5000,78.0,7.478,58.303425,58.21859,77.106232,78.902773,81.395419,0.0742,0.128727,0.902773,Watch,2026-08-28T10:58:41.807024+00:00
P00252,d4277012b9883a3a,Stable,HoltWinters7,5000,216.0,7.5108,161.383422,162.286669,213.804981,218.373454,225.250467,0.0738,0.361237,2.373454,Watch,2026-08-28T10:58:41.807024+00:00
P01350,fab25883e6e73c2d,Stable,SES,5000,226.0,7.495,167.497604,166.987757,221.836474,231.479041,244.618308,0.0736,0.764951,5.479041,Watch,2026-08-28T10:58:41.807024+00:00
P01952,d72ea2a185406869,Seasonal,HoltWinters7,5000,206.0,10.4746,154.534724,154.027494,202.23459,209.567699,220.006553,0.072,0.55142,3.567699,Watch,2026-08-28T10:58:41.807024+00:00
P00494,6cb73078266b44ab,Stable,HoltWinters7,5000,161.0,7.466,118.325334,117.914854,157.655498,164.374219,174.258057,0.072,0.511228,3.374219,Watch,2026-08-28T10:58:41.807024+00:00
P00172,46f3412c5b5b0342,Seasonal,SeasonalNaive7,5000,123.0,10.5138,91.678463,91.229864,120.017099,125.338748,132.894317,0.0718,0.372871,2.338748,Watch,2026-08-28T10:58:41.807024+00:00
P00378,dd318d0da6d2139b,Seasonal,SeasonalNaive7,5000,113.0,10.5176,84.213819,83.92948,110.548839,115.038821,122.379946,0.0708,0.338117,2.038821,Watch,2026-08-28T10:58:41.807024+00:00
P00805,fbf966df5d12df5e,Seasonal,HoltWinters7,5000,288.0,10.5022,217.090323,218.845323,283.576046,290.869468,298.138738,0.0706,0.397264,2.869468,Watch,2026-08-28T10:58:41.807024+00:00
P00348,871be5a7dd17052b,Seasonal,HoltWinters7,5000,195.0,10.4402,145.969758,145.794117,190.988091,198.275827,209.906483,0.0698,0.542803,3.275827,Watch,2026-08-28T10:58:41.807024+00:00
P00981,be8131070f3d1de0,Volatile,RollingMean28,5000,485.0,14.9248,366.128732,365.260975,475.19469,493.168815,517.140063,0.0692,1.273993,8.168815,Watch,2026-08-28T10:58:41.807024+00:00
P00266,35c0646e4af1357e,Intermittent,RollingMean28,5000,1410.0,18.5126,916.281708,896.409486,1334.80908,1472.752401,1706.351912,0.069,11.188566,62.752401,Watch,2026-08-28T10:58:41.807024+00:00
P01111,76771a9b4bdeb919,Stable,Naive,5000,111.0,7.4744,82.215817,81.677175,108.608333,112.530835,117.470693,0.069,0.244048,1.530835,Watch,2026-08-28T10:58:41.807024+00:00
P01292,aed06507dbea05ff,Seasonal,SeasonalNaive7,5000,354.0,10.4558,262.402353,260.575252,345.681257,359.652856,381.97048,0.0688,1.020172,5.652856,Watch,2026-08-28T10:58:41.807024+00:00
P01290,c70d24f64bb12c09,Volatile,SES,5000,462.0,14.9916,345.757327,345.304395,451.304596,470.207057,503.527576,0.0686,1.493105,8.207057,Watch,2026-08-28T10:58:41.807024+00:00
P01119,164fa14219cb5ca4,Seasonal,HoltWinters7,5000,373.0,10.4822,280.266492,279.89387,366.2259,376.434538,387.422101,0.0684,0.538366,3.434538,Watch,2026-08-28T10:58:41.807024+00:00
P00563,3931d6a8c4dc22aa,Seasonal,SeasonalNaive7,5000,126.0,10.5138,93.129032,92.96464,122.197944,128.131716,136.05598,0.0684,0.369427,2.131716,Watch,2026-08-28T10:58:41.807024+00:00
P00010,1dc4900fd90b9a20,Intermittent,Croston,5000,2700.0,18.5008,1694.402422,1655.318179,2562.275104,2826.892534,3302.187188,0.0682,21.611721,126.892534,Watch,2026-08-28T10:58:41.807024+00:00
P01654,e16cbab2a8fca013,Volatile,SES,5000,256.0,15.026,193.721159,194.025479,250.719207,259.585429,272.282238,0.0674,0.614861,3.585429,Watch,2026-08-28T10:58:41.807024+00:00
P00146,8627d4966babbcd9,Seasonal,HoltWinters7,5000,210.0,10.4734,156.377703,155.724996,204.840072,213.288024,224.82712,0.067,0.550931,3.288024,Watch,2026-08-28T10:58:41.807024+00:00
P00879,96a8693d703e4eed,Stable,HoltWinters7,5000,88.0,7.5134,64.810002,64.206883,85.606976,89.324201,94.500895,0.067,0.23616,1.324201,Watch,2026-08-28T10:58:41.807024+00:00
P01499,a5d45d58ba9ce487,Seasonal,HoltWinters7,5000,115.0,10.5056,86.492973,86.797102,112.666453,116.11271,119.593902,0.067,0.177467,1.11271,Watch,2026-08-28T10:58:41.807024+00:00
P01992,219e0c447e89ec8a,Seasonal,SeasonalNaive7,5000,188.0,10.484,139.0937,138.101836,183.151392,190.853958,203.395407,0.0666,0.546222,2.853958,Watch,2026-08-28T10:58:41.807024+00:00
P01073,272e786d1cd8e736,Stable,HoltWinters7,5000,195.0,7.4712,142.063537,140.918875,189.050061,197.679052,208.416614,0.0666,0.4862,2.679052,Watch,2026-08-28T10:58:41.807024+00:00
P00109,b6b53779fbeffe4e,Seasonal,HoltWinters7,5000,192.0,10.5622,143.652741,143.21316,186.964329,194.089657,204.880303,0.0664,0.438488,2.089657,Watch,2026-08-28T10:58:41.807024+00:00
P01112,44a3a382a98d1a06,Volatile,SES,5000,311.0,14.9716,231.342504,230.891846,302.648545,315.366223,341.900706,0.0662,1.064221,4.366223,Watch,2026-08-28T10:58:41.807024+00:00
P01827,f966194ceb974b5a,Volatile,RollingMean28,5000,53.0,14.9602,38.988826,38.614617,51.345379,53.922253,57.939642,0.066,0.174652,0.922253,Watch,2026-08-28T10:58:41.807024+00:00
P01655,581c66e3b24df0d2,Seasonal,HoltWinters7,5000,203.0,10.5076,151.90584,151.470885,198.122907,205.247185,215.64402,0.0658,0.444403,2.247185,Watch,2026-08-28T10:58:41.807024+00:00
P01421,6ca9bd9e2030f63e,Seasonal,HoltWinters7,5000,250.0,10.4294,186.767169,184.617439,245.651954,252.01587,259.161996,0.0658,0.326967,2.01587,Watch,2026-08-28T10:58:41.807024+00:00
P00224,71a40a124de3f195,Volatile,RollingMean28,5000,204.0,15.0242,154.456668,154.084385,199.411617,206.311971,215.595127,0.0656,0.407947,2.311971,Watch,2026-08-28T10:58:41.807024+00:00
P01068,6f3c1c5cdb9f1502,Seasonal,HoltWinters7,5000,159.0,10.5344,119.09657,119.345281,155.65675,160.791908,169.459238,0.0656,0.372067,1.791908,Watch,2026-08-28T10:58:41.807024+00:00
P00343,f44605c2d7030542,Volatile,SES,5000,461.0,14.984,338.112411,334.443895,446.256616,469.429985,503.607549,0.0646,1.578486,8.429985,Watch,2026-08-28T10:58:41.807024+00:00
P00695,28a4728eaf1304d7,Seasonal,HoltWinters7,5000,175.0,10.5238,131.517581,132.151472,170.991996,177.10681,185.731828,0.0642,0.391954,2.10681,Watch,2026-08-28T10:58:41.807024+00:00
P01503,278952f08e90300c,Volatile,SES,5000,318.0,15.0602,236.109624,234.639452,307.540201,322.774549,347.001943,0.0638,1.046905,4.774549,Watch,2026-08-28T10:58:41.807024+00:00
P01233,047331940bd4a2bc,Volatile,SES,5000,375.0,15.0298,276.456791,276.126237,362.476663,380.937441,404.837613,0.0636,1.078838,5.937441,Watch,2026-08-28T10:58:41.807024+00:00
P01652,578c6fb10e3e62d6,Seasonal,HoltWinters7,5000,358.0,10.4474,267.061315,265.419667,350.416583,359.939516,370.991754,0.0628,0.452758,1.939516,Watch,2026-08-28T10:58:41.807024+00:00
P01366,511ea2ddcce393f9,Seasonal,HoltWinters7,5000,68.0,10.5122,50.445305,50.05572,66.047948,68.715421,72.586803,0.0624,0.159755,0.715421,Watch,2026-08-28T10:58:41.807024+00:00
P00682,84d4a5b614b0e065,Stable,HoltWinters7,5000,271.0,7.4688,200.969566,201.514455,266.564702,272.455522,280.131703,0.0622,0.301001,1.455522,Watch,2026-08-28T10:58:41.807024+00:00
P01544,ca0c58a4b502f270,Seasonal,HoltWinters7,5000,142.0,10.5404,107.155776,107.52333,139.220767,142.960968,147.25592,0.0622,0.188755,0.960968,Watch,2026-08-28T10:58:41.807024+00:00
P01887,c21f72316f25478a,Seasonal,SeasonalNaive7,5000,51.0,10.518,37.512113,37.297973,49.265826,51.666279,55.008671,0.062,0.142361,0.666279,Watch,2026-08-28T10:58:41.807024+00:00
P00688,73d44c8409dbedec,Seasonal,HoltWinters7,5000,275.0,10.537,207.020612,209.001468,269.054978,276.643167,284.678946,0.0614,0.343838,1.643167,Watch,2026-08-28T10:58:41.807024+00:00
P00040,1f95b2836e398bea,Volatile,SES,5000,227.0,15.0546,169.736383,169.095951,219.951441,229.0393,243.167562,0.0612,0.53443,2.0393,Watch,2026-08-28T10:58:41.807024+00:00
P00062,cd66bf478b9926bc,Seasonal,SeasonalNaive7,5000,30.0,10.5062,22.421325,22.35811,29.29336,30.239252,31.523807,0.0606,0.052892,0.239252,Watch,2026-08-28T10:58:41.807024+00:00
P01506,325ec2a4e17d10b6,Volatile,RollingMean28,5000,602.0,14.9976,450.615463,450.050242,583.686799,607.61556,642.917728,0.0604,1.359485,5.61556,Watch,2026-08-28T10:58:41.807024+00:00
P00546,c974b2c9b1f8b35f,Volatile,SES,5000,519.0,15.0506,391.993084,391.660438,506.865908,523.597585,549.916084,0.06,1.086433,4.597585,Watch,2026-08-28T10:58:41.807024+00:00
P00623,59c42b0e8a5c94c5,Volatile,SES,5000,44.0,14.9832,32.926966,32.837523,42.732376,44.344424,47.108378,0.0598,0.100921,0.344424,Watch,2026-08-28T10:58:41.807024+00:00
P01305,303075c7718a076a,Intermittent,RollingMean28,5000,3242.0,18.5216,2057.957285,2006.068017,3035.103568,3297.262556,3758.566407,0.0596,18.258552,55.262556,Watch,2026-08-28T10:58:41.807024+00:00
P00043,3c511448e09bf5cf,Volatile,SES,5000,131.0,14.9424,96.648926,96.310981,126.563284,132.24941,142.183408,0.059,0.363898,1.24941,Watch,2026-08-28T10:58:41.807024+00:00
P01145,d99f1a90127c8566,Stable,HoltWinters7,5000,138.0,7.4658,102.045129,100.644824,135.213358,138.565204,143.43335,0.059,0.176285,0.565204,Watch,2026-08-28T10:58:41.807024+00:00
P01156,dd0e89698052e102,Intermittent,RollingMean28,5000,1800.0,18.4912,1096.249622,1073.341652,1664.686241,1840.389893,2129.403324,0.0584,11.133136,40.389893,Watch,2026-08-28T10:58:41.807024+00:00
P01885,21390fd4eb7395bf,Volatile,SES,5000,248.0,14.975,181.623073,180.032288,238.343755,249.875848,270.720649,0.058,0.733421,1.875848,Watch,2026-08-28T10:58:41.807024+00:00
P00871,3e3ef60aa4254b75,Volatile,RollingMean28,5000,553.0,15.044,415.606605,414.794519,537.789163,555.964025,584.59265,0.0578,1.051252,2.964025,Watch,2026-08-28T10:58:41.807024+00:00
P00139,15f8f47a4f779bbd,Volatile,SES,5000,469.0,15.0686,349.706414,346.63479,453.616867,471.65491,496.932668,0.0576,0.889568,2.65491,Watch,2026-08-28T10:58:41.807024+00:00
P00295,046b4bdc9c3a1d0d,Volatile,SES,5000,126.0,15.0324,93.114232,93.270283,121.325011,126.986389,135.59696,0.0574,0.317056,0.986389,Watch,2026-08-28T10:58:41.807024+00:00
P00349,cb2b343d230704a3,Volatile,RollingMean28,5000,560.0,15.0116,420.191498,421.171636,544.240697,562.830755,593.202836,0.0562,1.103433,2.830755,Watch,2026-08-28T10:58:41.807024+00:00
P01098,03a6d3e46a7a16cb,Seasonal,HoltWinters7,5000,96.0,10.5008,71.392207,71.384938,93.422935,96.430578,101.742293,0.0562,0.184128,0.430578,Watch,2026-08-28T10:58:41.807024+00:00
P00670,76184af0d2a0ca0f,Stable,Naive,5000,61.0,7.4916,44.999175,44.803701,59.411009,61.233172,63.542416,0.056,0.085965,0.233172,Watch,2026-08-28T10:58:41.807024+00:00
P00776,ee88919db8edc761,Seasonal,HoltWinters7,5000,301.0,10.4978,223.677476,224.58449,291.834699,302.690176,319.004764,0.0556,0.593131,1.690176,Watch,2026-08-28T10:58:41.807024+00:00
P01377,16b6c604ea59d902,Stable,Naive,5000,71.0,7.4732,52.245148,51.660057,69.461311,71.283444,73.968453,0.0546,0.093705,0.283444,Watch,2026-08-28T10:58:41.807024+00:00
P00564,7fe437347f13bd10,Seasonal,HoltWinters7,5000,317.0,10.471,234.323171,234.606903,306.103306,318.110578,335.160486,0.0544,0.601259,1.110578,Watch,2026-08-28T10:58:41.807024+00:00
P01750,1bffd04490628375,Seasonal,SeasonalNaive7,5000,39.0,10.4198,28.12142,27.929875,37.348165,39.136719,42.201759,0.0542,0.099424,0.136719,Watch,2026-08-28T10:58:41.807024+00:00
P01319,1fe3f58ee9dbfeff,Seasonal,HoltWinters7,5000,301.0,10.5472,222.952646,223.033746,289.558663,301.502975,319.167447,0.0528,0.548027,0.502975,Watch,2026-08-28T10:58:41.807024+00:00
P00336,919fdf6ce8af9ac2,Seasonal,SeasonalNaive7,5000,72.0,10.4648,52.303652,52.059464,68.697912,72.137702,76.788813,0.0524,0.15671,0.137702,Watch,2026-08-28T10:58:41.807024+00:00
P00856,e9fd989a561c7d02,Volatile,SES,5000,417.0,14.9796,303.507477,301.343544,397.2209,418.72129,447.70304,0.0522,0.96085,1.72129,Watch,2026-08-28T10:58:41.807024+00:00
P00176,cf669fe5c0cf84fc,Seasonal,HoltWinters7,5000,168.0,10.4972,124.315917,124.595644,162.161067,168.226277,176.574803,0.0518,0.273746,0.226277,Watch,2026-08-28T10:58:41.807024+00:00
P00107,21bc7f47de3d7137,Volatile,SES,5000,49.0,15.064,36.50915,36.507413,47.190642,49.06335,51.758889,0.0512,0.082729,0.06335,Watch,2026-08-28T10:58:41.807024+00:00
P00917,a5b37653efd31bbf,Volatile,SES,5000,422.0,14.985,314.429149,314.359826,406.077026,422.320016,445.581786,0.051,0.709368,0.320016,Watch,2026-08-28T10:58:41.807024+00:00
P01537,27c5b995a3bb96ea,Volatile,SES,5000,423.0,14.9004,306.858932,304.818491,403.775274,423.342864,456.644421,0.0506,1.04725,0.342864,Watch,2026-08-28T10:58:41.807024+00:00
P01994,d925e4a497d4b785,Stable,HoltWinters7,5000,162.0,7.504,117.198636,116.663116,154.979166,161.976125,173.096845,0.0494,0.331756,0.0,Acceptable,2026-08-28T10:58:41.807024+00:00
P01322,50e8990c7d051c14,Volatile,SES,5000,203.0,14.9944,147.787422,147.055601,193.552938,202.47567,217.686822,0.048,0.458676,0.0,Acceptable,2026-08-28T10:58:41.807024+00:00
P01038,5a0b6b199c713d8f,Intermittent,Croston,5000,2462.0,18.4408,1505.155838,1486.876274,2235.656518,2444.884787,2840.28307,0.0478,11.433646,0.0,Acceptable,2026-08-28T10:58:41.807024+00:00
P00565,e2ef89ae787637f1,Volatile,SES,5000,240.0,15.0284,177.006508,176.191688,230.398339,239.542286,254.950624,0.0478,0.434588,0.0,Acceptable,2026-08-28T10:58:41.807024+00:00
P01658,da758e0b9496996b,Seasonal,SeasonalNaive28,5000,28.0,10.5166,20.668215,20.668271,26.947721,27.935,29.216175,0.0476,0.037109,0.0,Acceptable,2026-08-28T10:58:41.807024+00:00
P01671,dec1b4d4739b5e79,Volatile,SES,5000,275.0,15.073,205.156331,204.826226,265.372222,274.033384,286.721511,0.0466,0.329261,0.0,Acceptable,2026-08-28T10:58:41.807024+00:00
P01189,6db77e099b4c89fa,Seasonal,SeasonalNaive7,5000,131.0,10.5026,97.658063,97.79635,127.164014,130.827289,135.578368,0.0466,0.128278,0.0,Acceptable,2026-08-28T10:58:41.807024+00:00
P00960,7f7fb623bf545b71,Intermittent,RollingMean28,5000,752.0,18.59,448.868733,439.109359,669.212194,743.314343,868.041948,0.0456,3.444569,0.0,Acceptable,2026-08-28T10:58:41.807024+00:00
P00635,d232303535d06c13,Volatile,SES,5000,246.0,15.094,176.104073,176.300378,231.4996,244.696706,265.86502,0.0454,0.602975,0.0,Acceptable,2026-08-28T10:58:41.807024+00:00
P00235,00b81cc61b10106a,Stable,SeasonalNaive7,5000,21.0,7.5162,15.040256,14.938013,20.012547,20.873307,22.355019,0.0448,0.040363,0.0,Acceptable,2026-08-28T10:58:41.807024+00:00
P00966,774c0355c631c40d,Seasonal,HoltWinters7,5000,378.0,10.4758,280.983398,279.823443,367.625166,377.114841,387.166852,0.0446,0.25902,0.0,Acceptable,2026-08-28T10:58:41.807024+00:00
P00301,1e4ea5238c8781e5,Seasonal,SeasonalNaive7,5000,64.0,10.4796,46.435867,46.149053,61.085542,63.622183,68.455891,0.0444,0.124049,0.0,Acceptable,2026-08-28T10:58:41.807024+00:00
P01995,e02c98bf9b1bba4d,Intermittent,SeasonalNaive7,5000,2105.0,18.4228,1075.752672,1043.914886,1825.981732,2073.498675,2463.252491,0.0442,11.865074,0.0,Acceptable,2026-08-28T10:58:41.807024+00:00
P01848,3e2dc7155da6661f,Volatile,SES,5000,357.0,14.9954,258.014446,256.859254,337.471918,354.508423,379.834746,0.0436,0.650696,0.0,Acceptable,2026-08-28T10:58:41.807024+00:00
P00084,70e05b2ca00752e4,Seasonal,HoltWinters7,5000,387.0,10.591,285.961,287.708649,371.813087,384.267073,403.92737,0.0434,0.474232,0.0,Acceptable,2026-08-28T10:58:41.807024+00:00
P00823,a80c1967583bab31,Volatile,SES,5000,312.0,15.0234,230.483387,229.271198,298.796221,309.982298,326.372459,0.043,0.434564,0.0,Acceptable,2026-08-28T10:58:41.807024+00:00
P01599,a97b39c8bf776852,Seasonal,SeasonalNaive7,5000,88.0,10.5046,63.666636,63.388006,83.592969,87.401478,93.38346,0.043,0.154851,0.0,Acceptable,2026-08-28T10:58:41.807024+00:00
P01220,65e2ff6fb1cfdedb,Volatile,SES,5000,231.0,14.9522,169.24705,168.133212,220.067737,229.22222,240.882494,0.0428,0.27379,0.0,Acceptable,2026-08-28T10:58:41.807024+00:00
P00745,facb4571f430a02b,Volatile,SES,5000,113.0,14.9992,80.571011,80.158996,106.405243,111.812216,120.654141,0.0426,0.217023,0.0,Acceptable,2026-08-28T10:58:41.807024+00:00
P01113,b414519e159e5fc9,Volatile,SeasonalNaive7,5000,60.0,14.9934,42.954377,42.744964,56.540422,59.539625,64.03958,0.0426,0.117458,0.0,Acceptable,2026-08-28T10:58:41.807024+00:00
P01074,dc74b4ae1b265245,Volatile,SES,5000,169.0,15.0082,123.595201,123.769857,160.476971,167.340395,179.149393,0.0424,0.288592,0.0,Acceptable,2026-08-28T10:58:41.807024+00:00
P01591,52b96be89234a8fc,Intermittent,Croston,5000,5091.0,18.547,2971.166162,2917.404797,4553.350733,4968.791912,5802.443799,0.0422,21.523619,0.0,Acceptable,2026-08-28T10:58:41.807024+00:00
P00614,1a7f031bfd58eef3,Volatile,SES,5000,471.0,14.9614,337.775125,335.640903,443.286292,465.431607,503.160379,0.0422,0.956142,0.0,Acceptable,2026-08-28T10:58:41.807024+00:00
P01372,31af2e56ce9c2a96,Volatile,SES,5000,458.0,15.0604,331.422197,329.772913,433.724435,454.951034,488.565295,0.0422,0.8749,0.0,Acceptable,2026-08-28T10:58:41.807024+00:00
P00006,cd7086fe3729cc78,Volatile,SES,5000,330.0,14.9884,237.683695,236.014054,311.770751,326.805976,350.925952,0.0418,0.585865,0.0,Acceptable,2026-08-28T10:58:41.807024+00:00
P01986,be0fefff525ec61b,Seasonal,HoltWinters7,5000,377.0,10.5102,275.522738,274.370973,360.052961,374.41461,393.228359,0.0418,0.482587,0.0,Acceptable,2026-08-28T10:58:41.807024+00:00
P01127,3eabf1558e425e4d,Seasonal,HoltWinters7,5000,155.0,10.507,113.363533,112.560363,148.358793,153.939084,162.208799,0.0416,0.204794,0.0,Acceptable,2026-08-28T10:58:41.807024+00:00
P01967,f2cc15f32b2fd5a8,Volatile,SES,5000,176.0,15.0232,128.010035,127.932952,166.53702,174.013549,186.450152,0.0414,0.286121,0.0,Acceptable,2026-08-28T10:58:41.807024+00:00
P00206,b5494fd2f53971ca,Volatile,SES,5000,134.0,14.9948,96.762107,96.563023,126.086916,132.539428,141.835366,0.0414,0.22642,0.0,Acceptable,2026-08-28T10:58:41.807024+00:00
P01200,114c6972cb95ab43,Seasonal,Naive,5000,218.0,10.6074,158.908405,158.047184,207.551686,216.098129,230.056089,0.0412,0.344546,0.0,Acceptable,2026-08-28T10:58:41.807024+00:00
P01777,39bae7b412c0b3fc,Intermittent,SeasonalNaive7,5000,1652.0,18.5156,879.118325,860.996816,1429.075056,1604.525398,1886.489679,0.0408,6.99956,0.0,Acceptable,2026-08-28T10:58:41.807024+00:00
P00434,1cca1bff8b440419,Volatile,SES,5000,207.0,14.9366,149.178769,148.113203,196.312888,205.147207,219.486245,0.0406,0.337615,0.0,Acceptable,2026-08-28T10:58:41.807024+00:00
P01333,e9fa40b1e93ada2a,Seasonal,SeasonalNaive7,5000,56.0,10.5122,40.303154,40.20667,53.045207,55.325048,59.063194,0.0404,0.087925,0.0,Acceptable,2026-08-28T10:58:41.807024+00:00
P00702,f51db996a59c0f05,Seasonal,HoltWinters7,5000,110.0,10.5204,79.90499,79.496751,104.662449,108.811869,114.862666,0.0398,0.136846,0.0,Acceptable,2026-08-28T10:58:41.807024+00:00
P01484,69a51b5a380b5ed2,Stable,HoltWinters7,5000,131.0,7.4736,92.890622,92.163223,123.867173,129.305988,137.483094,0.0392,0.18042,0.0,Acceptable,2026-08-28T10:58:41.807024+00:00
P01754,6b7f5d55d8423017,Volatile,SES,5000,81.0,14.9718,58.394666,58.482104,76.074373,80.00215,85.220202,0.039,0.128142,0.0,Acceptable,2026-08-28T10:58:41.807024+00:00
P00664,ec6e6c86faf92298,Volatile,SES,5000,231.0,15.0482,166.906451,166.259668,217.88256,227.602853,243.916468,0.0388,0.35654,0.0,Acceptable,2026-08-28T10:58:41.807024+00:00
P00661,1c000e80d23cf179,Volatile,SES,5000,399.0,14.959,293.132143,292.068419,380.272159,394.354626,418.606553,0.0384,0.55179,0.0,Acceptable,2026-08-28T10:58:41.807024+00:00
P01625,8dc47f0a7d4984d3,Seasonal,SeasonalNaive7,5000,222.0,10.5144,160.828832,160.669168,210.524973,219.359972,234.247608,0.0384,0.350555,0.0,Acceptable,2026-08-28T10:58:41.807024+00:00
P00100,ec6266679e8caa8c,Volatile,SES,5000,41.0,15.0074,29.42167,29.180964,38.343496,40.420038,43.395752,0.0378,0.067448,0.0,Acceptable,2026-08-28T10:58:41.807024+00:00
P00975,dc0b3291d5622530,Volatile,SES,5000,420.0,15.0548,297.229876,296.822939,390.783906,410.516869,448.244619,0.0358,0.762213,0.0,Acceptable,2026-08-28T10:58:41.807024+00:00
P01035,8d0b48b42fc228dc,Volatile,SES,5000,335.0,14.934,238.587502,237.441474,313.071721,328.355062,353.43472,0.0346,0.508946,0.0,Acceptable,2026-08-28T10:58:41.807024+00:00
P01898,aaeac6efb7901043,Volatile,SES,5000,386.0,14.9946,277.243613,275.060147,362.81757,377.780021,406.387418,0.0346,0.504247,0.0,Acceptable,2026-08-28T10:58:41.807024+00:00
P00671,cca9f5f893189f30,Volatile,SES,5000,248.0,15.0152,175.375971,174.386771,231.195241,242.930282,263.77651,0.0344,0.417152,0.0,Acceptable,2026-08-28T10:58:41.807024+00:00
P00110,589be6ce07d1cb90,Volatile,SES,5000,389.0,14.9646,279.666576,278.188525,365.125106,381.055221,406.573328,0.0342,0.477551,0.0,Acceptable,2026-08-28T10:58:41.807024+00:00
P01536,0b4f714df619324b,Volatile,SES,5000,183.0,15.0064,129.982289,129.309093,170.675394,178.797218,192.395555,0.034,0.272888,0.0,Acceptable,2026-08-28T10:58:41.807024+00:00
P01669,f7af2c7275cc4c7d,Seasonal,SeasonalNaive7,5000,352.0,10.4548,254.25376,252.487424,333.921754,346.174153,366.881675,0.0336,0.389357,0.0,Acceptable,2026-08-28T10:58:41.807024+00:00
P00621,bec3f62db32c7beb,Stable,HoltWinters7,5000,140.0,7.4832,98.941498,98.655387,131.13049,137.505071,146.063511,0.0336,0.157845,0.0,Acceptable,2026-08-28T10:58:41.807024+00:00
P01082,9252261e2d71ad2d,Volatile,SES,5000,294.0,15.0042,212.878916,212.961507,276.882189,289.055787,305.872675,0.0334,0.323602,0.0,Acceptable,2026-08-28T10:58:41.807024+00:00
P00064,c4c5870959372b83,Volatile,Naive,5000,515.0,14.9278,373.117877,373.035431,485.014278,505.208961,535.147975,0.0326,0.553311,0.0,Acceptable,2026-08-28T10:58:41.807024+00:00
P01079,edd87ac5a79a809b,Volatile,SES,5000,375.0,14.9856,267.07867,267.441734,349.35127,366.814626,392.212256,0.0318,0.481101,0.0,Acceptable,2026-08-28T10:58:41.807024+00:00
P00899,78724d4e329c2e5e,Seasonal,HoltWinters7,5000,255.0,10.4768,183.933175,183.156408,241.063783,250.412668,262.883728,0.0318,0.231783,0.0,Acceptable,2026-08-28T10:58:41.807024+00:00
P00191,9a2dc58eb45ae326,Seasonal,HoltWinters7,5000,246.0,10.4652,177.009914,175.660517,233.036285,241.75985,254.375508,0.0318,0.205486,0.0,Acceptable,2026-08-28T10:58:41.807024+00:00
P00022,1b16d4b43d0ffa0b,Seasonal,HoltWinters7,5000,329.0,10.448,235.972929,234.344338,309.62235,322.521258,339.815041,0.0316,0.283232,0.0,Acceptable,2026-08-28T10:58:41.807024+00:00
P00995,ee9d7d2e37147890,Seasonal,HoltWinters7,5000,176.0,10.487,129.627042,129.168536,170.02283,174.230767,179.280633,0.0312,0.07604,0.0,Acceptable,2026-08-28T10:58:41.807024+00:00
P00669,baf1ac0384e3f6b4,Volatile,SES,5000,150.0,14.9866,106.402498,105.910514,139.01521,145.331496,155.361086,0.0296,0.145055,0.0,Acceptable,2026-08-28T10:58:41.807024+00:00
P01050,26e3d908c5fc19a0,Volatile,SES,5000,266.0,14.9228,189.035419,188.432579,247.207057,259.176917,277.484186,0.0294,0.334194,0.0,Acceptable,2026-08-28T10:58:41.807024+00:00
P00032,2c249ef348ed2b9c,Volatile,SES,5000,102.0,15.0732,72.599091,72.545559,94.915429,99.616669,106.422566,0.0294,0.120178,0.0,Acceptable,2026-08-28T10:58:41.807024+00:00
P00410,d7983c33e1ceb661,Volatile,SES,5000,326.0,14.9954,231.121771,230.179371,302.202641,315.301893,337.390246,0.029,0.305228,0.0,Acceptable,2026-08-28T10:58:41.807024+00:00
P00061,46d364798f1eb969,Volatile,SES,5000,460.0,15.0616,335.783563,336.03491,434.867928,450.074614,476.041271,0.0288,0.390805,0.0,Acceptable,2026-08-28T10:58:41.807024+00:00
P00724,ed92419d9cf1707f,Intermittent,RollingMean28,5000,4575.0,18.53,2640.47658,2599.426492,3930.408594,4322.484784,5035.157388,0.0278,11.28143,0.0,Acceptable,2026-08-28T10:58:41.807024+00:00
P01999,cc226043d54e7a11,Seasonal,HoltWinters7,5000,265.0,10.4456,189.529557,187.986858,248.800553,258.669818,271.531766,0.0278,0.166955,0.0,Acceptable,2026-08-28T10:58:41.807024+00:00
P01556,a499f2fa0be55236,Volatile,SES,5000,197.0,15.0366,139.866349,139.677702,182.514897,191.140137,204.789447,0.0274,0.198454,0.0,Acceptable,2026-08-28T10:58:41.807024+00:00
P00202,c6673d35dadaac85,Volatile,SES,5000,147.0,14.9694,103.864414,103.801325,135.67276,142.375931,152.52057,0.0272,0.143636,0.0,Acceptable,2026-08-28T10:58:41.807024+00:00
P01872,fa8e75abdc670048,Volatile,SES,5000,517.0,14.9518,361.704687,358.849727,476.764484,500.231222,538.682536,0.027,0.48738,0.0,Acceptable,2026-08-28T10:58:41.807024+00:00
P00895,66c6dd6de6dcfb78,Intermittent,RollingMean28,5000,420.0,18.4832,238.560396,233.032624,359.108796,391.65046,462.003754,0.0268,1.105101,0.0,Acceptable,2026-08-28T10:58:41.807024+00:00
P00927,a846271de149ace0,Volatile,SES,5000,252.0,15.0072,180.828656,181.063084,233.952182,244.798393,261.116498,0.0264,0.23612,0.0,Acceptable,2026-08-28T10:58:41.807024+00:00
P01851,7fddb973051493a5,Stable,Naive,5000,42.0,7.508,30.061985,30.016744,39.752587,41.022717,43.02091,0.0262,0.024799,0.0,Acceptable,2026-08-28T10:58:41.807024+00:00
P01072,8d8cd346a07fbad9,Volatile,SES,5000,320.0,15.0298,226.921866,226.264607,296.733241,309.932945,334.917209,0.0258,0.34986,0.0,Acceptable,2026-08-28T10:58:41.807024+00:00
P00335,3eb0a8da637addf8,Seasonal,HoltWinters7,5000,258.0,10.5314,186.12335,185.487192,242.269917,251.418086,264.767801,0.0256,0.182719,0.0,Acceptable,2026-08-28T10:58:41.807024+00:00
P01303,d929a3700650ea4b,Seasonal,HoltWinters7,5000,395.0,10.473,283.235745,281.715877,370.506788,384.314548,403.974891,0.024,0.237477,0.0,Acceptable,2026-08-28T10:58:41.807024+00:00
P00908,6b9257725aae3691,Volatile,SES,5000,295.0,14.9832,211.645449,211.260897,275.170106,285.862641,301.353205,0.024,0.196874,0.0,Acceptable,2026-08-28T10:58:41.807024+00:00
P01309,880a5f56fe36d8eb,Seasonal,SeasonalNaive7,5000,80.0,10.5256,58.599441,58.895871,76.046427,78.684489,81.178717,0.024,0.031744,0.0,Acceptable,2026-08-28T10:58:41.807024+00:00
P00059,4870048b73bf3c5a,Seasonal,SeasonalNaive7,5000,190.0,10.5036,134.533655,134.006869,177.003438,183.260345,195.21864,0.0236,0.135551,0.0,Acceptable,2026-08-28T10:58:41.807024+00:00
P00761,a31c48f6d90599b4,Volatile,SES,5000,359.0,14.9958,253.372674,253.919568,330.392944,346.237231,371.280304,0.0234,0.318976,0.0,Acceptable,2026-08-28T10:58:41.807024+00:00
P01650,40bb1d7825326244,Intermittent,Croston,5000,2867.0,18.543,1543.873378,1515.245074,2363.938339,2636.698899,3113.036343,0.0232,6.49519,0.0,Acceptable,2026-08-28T10:58:41.807024+00:00
P01209,dc797b58672d5670,Volatile,RollingMean28,5000,74.0,15.0486,53.738577,53.707545,69.399756,71.917366,75.272837,0.023,0.037426,0.0,Acceptable,2026-08-28T10:58:41.807024+00:00
P01257,8a37edbee6a259ee,Volatile,SES,5000,233.0,14.9432,161.777947,160.545266,212.187263,224.035634,238.373038,0.0226,0.168071,0.0,Acceptable,2026-08-28T10:58:41.807024+00:00
P01327,cde84e690da71da6,Volatile,SES,5000,417.0,15.01,296.094614,294.665344,385.680624,402.308749,430.090836,0.0224,0.29952,0.0,Acceptable,2026-08-28T10:58:41.807024+00:00
P01439,d4fa6fee21a47f92,Seasonal,HoltWinters7,5000,232.0,10.4878,165.383638,165.345313,216.629836,225.032133,238.140572,0.0222,0.142936,0.0,Acceptable,2026-08-28T10:58:41.807024+00:00
P00267,cfae2eed840a8dd9,Intermittent,SeasonalNaive7,5000,3206.0,18.41,1398.764462,1347.406082,2475.00146,2816.756461,3460.781683,0.0218,7.205661,0.0,Acceptable,2026-08-28T10:58:41.807024+00:00
P00719,2a0e42b055560d4a,Volatile,SES,5000,453.0,15.0266,316.884452,317.129911,414.294829,433.606267,464.447625,0.0218,0.302506,0.0,Acceptable,2026-08-28T10:58:41.807024+00:00
P00111,aff0897cdd3ea1c6,Seasonal,HoltWinters7,5000,313.0,10.5936,230.591309,232.32565,299.028951,307.187572,317.292582,0.0218,0.108783,0.0,Acceptable,2026-08-28T10:58:41.807024+00:00
P01043,19eb3090911feba0,Volatile,RollingMean28,5000,462.0,15.027,334.736402,334.046838,434.295001,448.90504,470.210689,0.0216,0.228144,0.0,Acceptable,2026-08-28T10:58:41.807024+00:00
P01884,6c4ac8bb36ae89dd,Intermittent,SeasonalNaive7,5000,5168.0,18.4134,2282.120151,2199.368943,3956.668638,4469.85995,5678.588936,0.0214,12.397982,0.0,Acceptable,2026-08-28T10:58:41.807024+00:00
P00496,b998d45bca08ee03,Volatile,RollingMean28,5000,400.0,14.9688,288.300788,288.122633,373.775927,387.623641,407.670163,0.021,0.210136,0.0,Acceptable,2026-08-28T10:58:41.807024+00:00
P01267,08d9ed5a35ffb16d,Volatile,RollingMean28,5000,474.0,14.893,337.684528,334.511001,441.503574,458.88286,482.260513,0.0206,0.22881,0.0,Acceptable,2026-08-28T10:58:41.807024+00:00
P00617,28fa466fd461ef24,Volatile,SES,5000,115.0,14.9964,80.336381,80.270085,104.641807,109.851881,118.625434,0.0204,0.083816,0.0,Acceptable,2026-08-28T10:58:41.807024+00:00
P01576,8b13e94f6098230a,Volatile,SES,5000,104.0,15.0616,73.064051,72.48553,95.767329,100.098634,106.952663,0.0204,0.076458,0.0,Acceptable,2026-08-28T10:58:41.807024+00:00
P00209,ce16a2aaa19c06b4,Seasonal,HoltWinters7,5000,221.0,10.555,158.801598,159.256263,206.558084,214.516184,224.969075,0.0196,0.110635,0.0,Robust,2026-08-28T10:58:41.807024+00:00
P00375,351e07846a07a9d0,Volatile,SES,5000,248.0,15.001,171.28964,170.343376,224.962233,235.452165,254.897735,0.0194,0.193529,0.0,Robust,2026-08-28T10:58:41.807024+00:00
P01925,c1c228c286742600,Intermittent,RollingMean28,5000,4263.0,18.5438,2243.001175,2192.663948,3466.49776,3825.034775,4519.285313,0.0192,6.934888,0.0,Robust,2026-08-28T10:58:41.807024+00:00
P01911,f0c9ecbb539527e0,Volatile,SES,5000,464.0,14.9596,333.199459,332.605236,433.220458,449.960357,470.598022,0.0186,0.183049,0.0,Robust,2026-08-28T10:58:41.807024+00:00
P01228,33ac6ddeaa44d9af,Volatile,SES,5000,78.0,14.947,55.464792,55.2954,72.173076,74.943248,79.922378,0.0182,0.044115,0.0,Robust,2026-08-28T10:58:41.807024+00:00
P01178,4b757491f7300f29,Volatile,SES,5000,522.0,15.046,368.585024,368.222355,480.315262,500.868604,533.337571,0.0178,0.336427,0.0,Robust,2026-08-28T10:58:41.807024+00:00
P00890,f938326726f1db54,Volatile,SES,5000,187.0,15.0144,129.595655,129.579349,170.233298,178.322193,191.984556,0.0174,0.128409,0.0,Robust,2026-08-28T10:58:41.807024+00:00
P01436,bf54cea26f29258b,Seasonal,HoltWinters7,5000,334.0,10.5078,237.279738,236.406122,309.885077,322.723692,337.924595,0.0172,0.120706,0.0,Robust,2026-08-28T10:58:41.807024+00:00
P00611,2768daca2145d031,Seasonal,SeasonalNaive7,5000,84.0,10.493,58.695482,58.398502,76.934549,80.417031,85.25205,0.0164,0.04008,0.0,Robust,2026-08-28T10:58:41.807024+00:00
P00993,0c98fcab8c41e998,Seasonal,HoltWinters7,5000,229.0,10.4624,166.452249,165.407034,218.05452,224.000869,230.094051,0.015,0.029796,0.0,Robust,2026-08-28T10:58:41.807024+00:00
P01767,60ed0d626129dab2,Intermittent,SeasonalNaive7,5000,3251.0,18.517,1372.23881,1345.407821,2400.29144,2720.597476,3387.536883,0.0138,5.013089,0.0,Robust,2026-08-28T10:58:41.807024+00:00
P01975,3d7ef936e9112d49,Volatile,SES,5000,114.0,15.0208,81.253826,80.763345,105.488826,109.076732,114.753468,0.0138,0.036519,0.0,Robust,2026-08-28T10:58:41.807024+00:00
P00075,c5630f397db597e6,Intermittent,Croston,5000,3063.0,18.5904,1571.352967,1531.716915,2408.975497,2670.689386,3147.996306,0.0132,3.068466,0.0,Robust,2026-08-28T10:58:41.807024+00:00
P01647,79b2ca09bdbc002e,Volatile,SES,5000,143.0,14.994,97.044891,96.656097,126.939168,133.778252,144.345823,0.0132,0.066208,0.0,Robust,2026-08-28T10:58:41.807024+00:00
P00891,28072b428b6872d3,Intermittent,SeasonalNaive7,5000,2402.0,18.4532,1037.569879,1005.872493,1792.465659,2020.300349,2466.368152,0.013,3.293744,0.0,Robust,2026-08-28T10:58:41.807024+00:00
P00677,4f43838a181218cc,Volatile,SES,5000,572.0,15.0122,390.344661,390.428434,510.358853,532.628601,579.367847,0.0126,0.271826,0.0,Robust,2026-08-28T10:58:41.807024+00:00
P00820,26077593eb7bac24,Volatile,SES,5000,504.0,14.9552,358.463585,355.714429,465.649206,482.063862,505.751579,0.0122,0.127418,0.0,Robust,2026-08-28T10:58:41.807024+00:00
P01620,09d96a70d014067c,Intermittent,RollingMean28,5000,3927.0,18.6112,2032.550362,1984.344345,3049.098595,3356.394384,3972.210825,0.012,3.855568,0.0,Robust,2026-08-28T10:58:41.807024+00:00
P00277,55d5795f6546383e,Intermittent,RollingMean28,5000,4721.0,18.4962,2261.102082,2204.468129,3595.986329,3991.661809,4802.555028,0.0118,4.535685,0.0,Robust,2026-08-28T10:58:41.807024+00:00
P00968,8376390052572617,Volatile,SES,5000,226.0,14.9354,160.839598,160.301103,209.060457,216.233109,226.926678,0.0118,0.05636,0.0,Robust,2026-08-28T10:58:41.807024+00:00
P00308,45c69242af34cf81,Stable,Naive,5000,32.0,7.4996,22.467902,22.398576,29.728201,30.659446,32.094635,0.0118,0.005237,0.0,Robust,2026-08-28T10:58:41.807024+00:00
P01622,9e99e23d1a891056,Volatile,SES,5000,491.0,15.0474,333.760182,332.229851,437.563733,458.576,493.421511,0.0114,0.181358,0.0,Robust,2026-08-28T10:58:41.807024+00:00
P01102,02a83aa587419302,Volatile,Naive,5000,3770.0,15.0298,2599.273115,2584.313509,3383.301507,3511.089244,3776.801769,0.011,1.319057,0.0,Robust,2026-08-28T10:58:41.807024+00:00
P00958,efc10a3ccfc60305,Seasonal,HoltWinters7,5000,328.0,10.5196,230.957781,229.85717,301.613264,313.049675,328.921291,0.0108,0.093551,0.0,Robust,2026-08-28T10:58:41.807024+00:00
P01916,f9437cd8b5b5f40c,Intermittent,Croston,5000,5546.0,18.4986,2899.003862,2841.330138,4388.786194,4816.594632,5551.039744,0.0104,3.822382,0.0,Robust,2026-08-28T10:58:41.807024+00:00
P00872,22321867c6d5f00d,Volatile,Naive,5000,232.0,15.028,165.424125,165.145138,213.49963,221.034809,232.379829,0.0104,0.045345,0.0,Robust,2026-08-28T10:58:41.807024+00:00
P01521,c3a59cbe0dd4401b,Seasonal,HoltWinters7,5000,134.0,10.501,93.108847,93.314584,121.806078,126.664976,133.789727,0.0096,0.03505,0.0,Robust,2026-08-28T10:58:41.807024+00:00
P00618,ece35ac05712eb06,Stable,Naive,5000,21.0,7.477,14.951603,14.776982,19.827936,20.323932,20.990355,0.0094,0.002545,0.0,Robust,2026-08-28T10:58:41.807024+00:00
P00459,1ceeae4bcb739b0e,Volatile,SES,5000,525.0,14.9334,362.051332,360.099307,470.174127,492.154026,523.661376,0.0092,0.166872,0.0,Robust,2026-08-28T10:58:41.807024+00:00
P01130,674f6836654e17dc,Volatile,RollingMean28,5000,466.0,14.9732,326.150402,324.726863,422.530751,440.70701,464.809944,0.0092,0.113405,0.0,Robust,2026-08-28T10:58:41.807024+00:00
P00992,f6a8d43284a2a9cc,Intermittent,RollingMean28,5000,5116.0,18.5302,2482.671497,2439.651795,3851.748218,4260.87489,5077.453692,0.009,3.267784,0.0,Robust,2026-08-28T10:58:41.807024+00:00
P01337,fbf4c6775ba29071,Seasonal,HoltWinters7,5000,385.0,10.4846,266.998984,266.081682,348.289521,364.586443,383.784908,0.008,0.069528,0.0,Robust,2026-08-28T10:58:41.807024+00:00
P01266,4284921e4d07880e,Volatile,SES,5000,466.0,15.0306,319.613116,319.589402,417.066678,434.652034,462.845621,0.0078,0.115549,0.0,Robust,2026-08-28T10:58:41.807024+00:00
P01076,e8a6fc1522c2fedb,Volatile,SES,5000,567.0,14.9798,398.854627,397.878824,516.938455,535.700726,563.909919,0.0078,0.077309,0.0,Robust,2026-08-28T10:58:41.807024+00:00
P01273,5004b57b6bd12017,Intermittent,RollingMean28,5000,5285.0,18.576,2587.498656,2552.71673,3936.634262,4392.627921,5174.344891,0.0076,2.638389,0.0,Robust,2026-08-28T10:58:41.807024+00:00
P00930,d840c6c52b2eb15a,Volatile,Naive,5000,109.0,14.9758,74.994732,75.035542,97.316503,101.528475,107.89693,0.0074,0.019619,0.0,Robust,2026-08-28T10:58:41.807024+00:00
P01696,cca5b551586d835b,Volatile,SES,5000,271.0,15.0,181.39479,181.213203,237.983266,249.90309,268.370414,0.0072,0.058476,0.0,Robust,2026-08-28T10:58:41.807024+00:00
P00389,39cffe94eb0da6c9,Intermittent,RollingMean28,5000,3735.0,18.487,1757.628053,1720.660296,2740.859234,3064.288377,3577.641636,0.0068,1.638207,0.0,Robust,2026-08-28T10:58:41.807024+00:00
P00926,0c57179b9223c7e9,Volatile,SES,5000,281.0,14.9904,188.538373,187.201579,246.420025,258.425639,276.789421,0.0068,0.057391,0.0,Robust,2026-08-28T10:58:41.807024+00:00
P00260,9466bb351991e2d2,Volatile,SES,5000,358.0,14.9434,237.670799,236.535372,312.760139,327.279668,352.114163,0.0068,0.052012,0.0,Robust,2026-08-28T10:58:41.807024+00:00
P00085,6e5fbe26303c58be,Volatile,SES,5000,66.0,14.9384,45.789327,45.764167,59.385832,61.826245,65.390603,0.0068,0.010056,0.0,Robust,2026-08-28T10:58:41.807024+00:00
P00598,6ed84a40d961f1c2,Volatile,SES,5000,262.0,14.9336,175.790413,174.813927,230.32567,242.165039,259.214611,0.0066,0.038171,0.0,Robust,2026-08-28T10:58:41.807024+00:00
P01841,e2a2da63b198754e,Volatile,SES,5000,214.0,14.995,149.702168,149.354262,193.611948,200.986705,212.606076,0.0064,0.031003,0.0,Robust,2026-08-28T10:58:41.807024+00:00
P00357,5a76d5fa3275564e,Volatile,SES,5000,222.0,15.0596,149.494225,149.093815,195.978207,205.145328,219.030979,0.0062,0.054402,0.0,Robust,2026-08-28T10:58:41.807024+00:00
P00735,1065a239914a5908,Volatile,RollingMean28,5000,204.0,15.0994,141.847839,141.845652,182.668255,190.106682,201.119101,0.0062,0.026171,0.0,Robust,2026-08-28T10:58:41.807024+00:00
P00416,ad1088240788be97,Volatile,Naive,5000,109.0,14.9588,74.865998,74.674526,97.269538,101.401755,107.735193,0.0062,0.013302,0.0,Robust,2026-08-28T10:58:41.807024+00:00
P01941,f831acc75aa12f60,Volatile,SES,5000,160.0,14.9282,107.267813,106.908723,140.153081,146.756094,157.264273,0.006,0.026869,0.0,Robust,2026-08-28T10:58:41.807024+00:00
P00729,7e0d7aead60b50a3,Volatile,SES,5000,524.0,15.0486,345.800551,344.781158,451.955435,475.975746,511.53059,0.0058,0.096013,0.0,Robust,2026-08-28T10:58:41.807024+00:00
P01402,e8fab5595eab02d9,Seasonal,HoltWinters7,5000,334.0,10.4318,229.297784,227.911172,300.293431,312.42043,328.040881,0.0058,0.028309,0.0,Robust,2026-08-28T10:58:41.807024+00:00
P00946,817a59c7f4facaba,Volatile,SES,5000,460.0,15.0584,312.526917,313.436359,406.164339,422.083838,453.372415,0.0054,0.066439,0.0,Robust,2026-08-28T10:58:41.807024+00:00
P01274,376d7c1f4a3f0959,Volatile,SES,5000,460.0,15.0146,310.729409,310.552834,404.911351,422.079862,452.860232,0.0054,0.065729,0.0,Robust,2026-08-28T10:58:41.807024+00:00
P01384,e92313741fa377ae,Volatile,SES,5000,339.0,14.9778,235.134723,233.794641,306.597059,317.491963,335.975944,0.0054,0.031768,0.0,Robust,2026-08-28T10:58:41.807024+00:00
P00784,5dd5dad867f83d1b,Volatile,SES,5000,95.0,14.993,65.603011,65.437376,85.21329,88.933022,93.632157,0.005,0.013193,0.0,Robust,2026-08-28T10:58:41.807024+00:00
P00215,0f814e04c4784e9c,Intermittent,RollingMean28,5000,4570.0,18.4348,2165.94196,2135.677994,3299.489021,3664.698548,4314.538427,0.0048,1.593396,0.0,Robust,2026-08-28T10:58:41.807024+00:00
P01799,8d80180ce8262e73,Volatile,SES,5000,319.0,14.9936,215.371916,214.033275,281.296062,293.193636,314.390933,0.0048,0.049221,0.0,Robust,2026-08-28T10:58:41.807024+00:00
P01868,8fb389d5f7d3aaec,Volatile,SES,5000,174.0,14.968,115.158238,114.654923,150.902773,158.002804,169.637928,0.0048,0.023228,0.0,Robust,2026-08-28T10:58:41.807024+00:00
P01099,531cdf6c0e1c1621,Intermittent,RollingMean28,5000,3168.0,18.397,1508.82879,1475.312619,2320.565835,2554.40993,3034.284801,0.0046,0.980499,0.0,Robust,2026-08-28T10:58:41.807024+00:00
P01597,48f3c4ee46a97ae3,Volatile,RollingMean28,5000,244.0,15.014,165.77885,164.82577,215.270089,224.59103,237.484784,0.0046,0.026074,0.0,Robust,2026-08-28T10:58:41.807024+00:00
P00666,d40be365e21e9568,Volatile,Naive,5000,379.0,14.9714,254.736319,254.12729,331.591489,345.354213,370.700172,0.004,0.059999,0.0,Robust,2026-08-28T10:58:41.807024+00:00
P01922,87b91348333f3ec7,Volatile,SES,5000,250.0,14.9864,164.207366,163.758033,214.09187,224.803846,240.887909,0.004,0.032527,0.0,Robust,2026-08-28T10:58:41.807024+00:00
P00251,eed5befb34f73ef5,Volatile,SES,5000,126.0,14.9842,85.341691,84.978284,110.860527,115.462954,123.043746,0.004,0.008397,0.0,Robust,2026-08-28T10:58:41.807024+00:00
P01088,c623f82863dc79f0,Volatile,SES,5000,249.0,14.974,163.797793,163.508063,214.940598,224.809136,240.621881,0.0038,0.028952,0.0,Robust,2026-08-28T10:58:41.807024+00:00
P00723,70bedd84cb4cbf26,Volatile,SES,5000,238.0,15.0292,152.604701,152.032712,201.381117,212.848856,231.575914,0.0038,0.027,0.0,Robust,2026-08-28T10:58:41.807024+00:00
P01202,c07bdb28917f6c9b,Volatile,SES,5000,49.0,14.9284,31.606595,31.33267,41.631561,43.771793,47.309506,0.0038,0.00629,0.0,Robust,2026-08-28T10:58:41.807024+00:00
P00149,80610cc14c8b6812,Volatile,SES,5000,340.0,15.0874,219.528985,218.029176,288.823848,304.57105,326.737666,0.0036,0.031714,0.0,Robust,2026-08-28T10:58:41.807024+00:00
P00015,3ad902af039e2d0c,Volatile,SES,5000,508.0,14.961,337.444346,336.446022,442.604313,461.063309,492.891427,0.0034,0.045501,0.0,Robust,2026-08-28T10:58:41.807024+00:00
P02000,7c218dfe4b20308c,Volatile,SES,5000,278.0,15.0384,190.342354,189.782922,246.159136,255.060068,270.129738,0.0032,0.010215,0.0,Robust,2026-08-28T10:58:41.807024+00:00
P00144,85c4768afc115a40,Stable,Naive,5000,21.0,7.4962,14.981995,14.91928,19.890884,20.233992,20.723056,0.0032,0.00052,0.0,Robust,2026-08-28T10:58:41.807024+00:00
P00116,ab5bc1ab1ab457ce,Volatile,Naive,5000,2406.0,14.9654,1574.028841,1565.810274,2057.318751,2160.370204,2315.321777,0.003,0.190509,0.0,Robust,2026-08-28T10:58:41.807024+00:00
P00291,2fa7ca558151364b,Volatile,SES,5000,307.0,15.0328,199.23336,198.392555,259.837541,272.383969,296.25819,0.003,0.017945,0.0,Robust,2026-08-28T10:58:41.807024+00:00
P01414,1cbe72a5dfe9b407,Volatile,SES,5000,124.0,15.071,79.867886,79.255428,105.257139,110.451908,119.229275,0.003,0.006862,0.0,Robust,2026-08-28T10:58:41.807024+00:00
P00160,ba512f5c2c29de6f,Intermittent,RollingMean28,5000,4891.0,18.5716,2010.591418,1968.146462,3277.861587,3659.55085,4429.663762,0.0028,0.960675,0.0,Robust,2026-08-28T10:58:41.807024+00:00
P01806,61f3204f3df124dc,Intermittent,SeasonalNaive7,5000,2433.0,18.5256,710.786349,660.558038,1434.432587,1677.039156,2127.429976,0.0024,0.408074,0.0,Robust,2026-08-28T10:58:41.807024+00:00
P00376,4289554abc61c9e2,Volatile,SES,5000,510.0,15.0294,356.04276,356.253911,461.365226,476.170969,498.386416,0.0024,0.019695,0.0,Robust,2026-08-28T10:58:41.807024+00:00
P00781,3511fd38899c8ce1,Intermittent,SeasonalNaive7,5000,2493.0,18.5078,635.77548,568.212203,1366.711933,1594.832997,2072.079024,0.002,0.571329,0.0,Robust,2026-08-28T10:58:41.807024+00:00
P00760,724091642a0f3f4e,Intermittent,SeasonalNaive7,5000,1148.0,18.435,284.791985,248.537578,635.414982,748.737677,955.10785,0.0016,0.203784,0.0,Robust,2026-08-28T10:58:41.807024+00:00
P01904,fb7a30096353d6bf,Volatile,SES,5000,166.0,15.0246,109.883211,109.678128,141.969105,148.396912,157.863442,0.0016,0.00591,0.0,Robust,2026-08-28T10:58:41.807024+00:00
P01103,1b32f3cdbdca5ef3,Volatile,Naive,5000,3764.0,15.0364,2464.561286,2455.760937,3216.013914,3353.640492,3568.927244,0.0012,0.076419,0.0,Robust,2026-08-28T10:58:41.807024+00:00
P00011,9679f929f04fb4d8,Volatile,SES,5000,237.0,14.9858,149.038914,147.52388,195.636722,205.807116,221.987156,0.0012,0.011213,0.0,Robust,2026-08-28T10:58:41.807024+00:00
P01815,a71e7dbfb815d47c,Volatile,Naive,5000,286.0,14.9226,178.907668,178.050491,235.506354,247.098177,267.460492,0.0012,0.006301,0.0,Robust,2026-08-28T10:58:41.807024+00:00
P01763,994f7bb0e7713ddf,Volatile,SES,5000,457.0,14.9992,287.327683,285.461172,376.048479,394.297225,428.076457,0.0012,0.004274,0.0,Robust,2026-08-28T10:58:41.807024+00:00
P01867,487da4636024a05d,Volatile,SeasonalNaive7,5000,52.0,15.0238,32.049,31.912268,42.302825,44.353953,47.819117,0.0012,0.001752,0.0,Robust,2026-08-28T10:58:41.807024+00:00
P01135,a28aba468cf1d501,Intermittent,SeasonalNaive7,5000,1503.0,18.4114,350.761566,305.776209,789.511765,935.808575,1206.080615,0.001,0.133565,0.0,Robust,2026-08-28T10:58:41.807024+00:00
P00833,d468d4d7fe7adabe,Volatile,Naive,5000,122.0,14.9476,74.834257,74.398816,98.32522,103.363193,110.821839,0.001,0.003443,0.0,Robust,2026-08-28T10:58:41.807024+00:00
P00903,296273cfe8eab55e,Volatile,SES,5000,99.0,15.0172,61.842112,61.417052,81.276593,85.401184,92.837041,0.001,0.002263,0.0,Robust,2026-08-28T10:58:41.807024+00:00
P00487,7fce27c1ea4aee1f,Volatile,SES,5000,142.0,15.0838,92.364435,92.04959,120.56295,126.171221,134.479937,0.0008,0.001402,0.0,Robust,2026-08-28T10:58:41.807024+00:00
P00286,172248436b1d0700,Volatile,SES,5000,56.0,15.023,33.423755,33.285456,43.989343,46.382524,50.193312,0.0008,0.001013,0.0,Robust,2026-08-28T10:58:41.807024+00:00
P00742,250cef9a59d7ba44,Volatile,Naive,5000,47.0,15.0116,30.03007,30.006808,39.050285,41.149237,44.022185,0.0008,0.000752,0.0,Robust,2026-08-28T10:58:41.807024+00:00
P01033,2e50761b1d16e4a1,Volatile,Naive,5000,72.0,14.9962,44.948041,44.892246,58.636002,61.700245,66.508861,0.0006,0.001167,0.0,Robust,2026-08-28T10:58:41.807024+00:00
P01367,c1be8940e9594236,Intermittent,Naive,5000,959.0,18.45,94.356188,0.0,305.303779,385.618293,559.485413,0.0004,0.014016,0.0,Robust,2026-08-28T10:58:41.807024+00:00
P00036,4e41e4d58260d142,Volatile,Naive,5000,1363.0,15.0132,885.678702,888.117611,1150.15262,1198.399991,1270.187629,0.0004,0.006058,0.0,Robust,2026-08-28T10:58:41.807024+00:00
P00540,e594f8802e5e2291,Volatile,SES,5000,165.0,15.079,102.08959,101.67015,133.591326,139.675331,150.867814,0.0004,0.000791,0.0,Robust,2026-08-28T10:58:41.807024+00:00
P01717,2d1164f2aba12e67,Volatile,Naive,5000,319.0,14.9534,194.335631,193.700292,255.561615,268.388647,286.822045,0.0004,0.000706,0.0,Robust,2026-08-28T10:58:41.807024+00:00
P00322,ca40fead7c45d81e,Intermittent,Naive,5000,5656.0,18.5344,562.328907,63.889887,1766.425421,2251.97661,3279.541974,0.0002,0.098349,0.0,Robust,2026-08-28T10:58:41.807024+00:00
P01148,914f9b626f379f39,Intermittent,SeasonalNaive7,5000,4482.0,18.4322,417.147405,21.575,1335.496552,1768.583221,2531.22159,0.0002,0.047277,0.0,Robust,2026-08-28T10:58:41.807024+00:00
P00505,b7c66b1d8fa28001,Intermittent,Naive,5000,1127.0,18.5886,109.653403,3.130974,348.141793,452.980927,642.46131,0.0002,0.020325,0.0,Robust,2026-08-28T10:58:41.807024+00:00
P01618,79c5ca85f588c0ef,Intermittent,SeasonalNaive7,5000,1874.0,18.6378,399.066605,338.583725,914.465359,1086.097912,1456.049533,0.0002,0.008821,0.0,Robust,2026-08-28T10:58:41.807024+00:00
P01199,60b416f20949bee8,Intermittent,Naive,5000,1004.0,18.5318,95.223948,0.197855,306.159889,394.180163,565.656762,0.0002,0.008242,0.0,Robust,2026-08-28T10:58:41.807024+00:00
P00967,9d195341ecc71a9b,Intermittent,Naive,5000,1742.0,18.6246,173.994002,7.116699,553.928297,719.260819,976.315909,0.0002,0.006771,0.0,Robust,2026-08-28T10:58:41.807024+00:00
P00799,f4ec1e3fe87a220f,Intermittent,Naive,5000,958.0,18.5032,95.3696,0.0,315.471647,406.910244,588.634773,0.0002,0.005907,0.0,Robust,2026-08-28T10:58:41.807024+00:00
P01839,3623d79f92f0854b,Volatile,Naive,5000,3264.0,14.9768,1841.418455,1819.867531,2434.808125,2570.409491,2776.502221,0.0002,0.001289,0.0,Robust,2026-08-28T10:58:41.807024+00:00
P00129,7ab7d91387d6c0e8,Volatile,SES,5000,439.0,14.9868,275.823118,274.238745,359.723769,375.574022,401.958655,0.0002,0.000792,0.0,Robust,2026-08-28T10:58:41.807024+00:00
P00319,3c753641e495fc34,Seasonal,HoltWinters7,5000,134.0,10.5424,86.973591,87.336778,113.965527,118.655882,125.619489,0.0002,0.000292,0.0,Robust,2026-08-28T10:58:41.807024+00:00
P00471,0ec37281e6a9bb39,Seasonal,HoltWinters7,5000,86.0,10.5282,55.647107,55.51435,72.74036,75.8491,80.008264,0.0002,6.4e-05,0.0,Robust,2026-08-28T10:58:41.807024+00:00
P00071,bb0a0ca5e56a8386,Intermittent,Naive,5000,2326.0,18.5042,199.123544,0.0,638.405362,826.767777,1209.580529,0.0,0.0,0.0,Robust,2026-08-28T10:58:41.807024+00:00
P00092,05de23c1cde4912f,Intermittent,Naive,5000,1995.0,18.496,195.207972,7.456566,626.853539,809.867437,1144.233377,0.0,0.0,0.0,Robust,2026-08-28T10:58:41.807024+00:00
P00236,12290641ce81df39,Intermittent,Naive,5000,2419.0,18.445,205.143975,1.083317,665.862642,853.175145,1212.888855,0.0,0.0,0.0,Robust,2026-08-28T10:58:41.807024+00:00
P00258,6cd422861ec6562d,Intermittent,Naive,5000,5114.0,18.5762,432.82185,8.604711,1369.839788,1784.080262,2506.048803,0.0,0.0,0.0,Robust,2026-08-28T10:58:41.807024+00:00
P00280,6ece5843f040865c,Intermittent,Naive,5000,3638.0,18.5736,325.171008,0.704682,1044.170004,1352.789465,1928.26626,0.0,0.0,0.0,Robust,2026-08-28T10:58:41.807024+00:00
P00283,2ad05d17d5789d9a,Seasonal,HoltWinters7,5000,281.0,10.5328,196.492301,198.207145,256.403188,262.529785,269.017373,0.0,0.0,0.0,Robust,2026-08-28T10:58:41.807024+00:00
P00305,1a2869c8cc4c7154,Intermittent,Naive,5000,3712.0,18.4274,328.123499,16.414143,1043.403351,1381.100867,1981.295817,0.0,0.0,0.0,Robust,2026-08-28T10:58:41.807024+00:00
P00326,ec68e2391ad15c26,Intermittent,Naive,5000,477.0,18.5404,39.980737,0.361376,125.662573,166.891908,239.120178,0.0,0.0,0.0,Robust,2026-08-28T10:58:41.807024+00:00
P00332,adf06e1d329b5d0c,Intermittent,Naive,5000,727.0,18.4876,68.773806,1.819057,219.203958,292.702836,404.995178,0.0,0.0,0.0,Robust,2026-08-28T10:58:41.807024+00:00
P00455,1f58223652a46bd0,Volatile,Naive,5000,442.0,15.0374,255.264131,253.643859,335.837449,352.843191,382.680891,0.0,0.0,0.0,Robust,2026-08-28T10:58:41.807024+00:00
P00457,f56d7e9ed152d6ab,Volatile,SES,5000,275.0,14.9564,167.396622,166.961984,218.2699,227.903395,244.619283,0.0,0.0,0.0,Robust,2026-08-28T10:58:41.807024+00:00
P00461,fb91231a71077fb3,Volatile,SES,5000,195.0,14.9728,118.71736,118.279738,156.073095,164.127768,176.277559,0.0,0.0,0.0,Robust,2026-08-28T10:58:41.807024+00:00
P00463,cdee04a72415a199,Intermittent,Naive,5000,3718.0,18.5204,328.83842,18.50531,1047.696053,1346.85724,1885.306111,0.0,0.0,0.0,Robust,2026-08-28T10:58:41.807024+00:00
P00548,0e89a74594008049,Intermittent,Naive,5000,4764.0,18.3632,419.521629,19.67033,1306.545194,1717.156104,2425.21323,0.0,0.0,0.0,Robust,2026-08-28T10:58:41.807024+00:00
P00675,3fb5c738661ac0d3,Volatile,Naive,5000,315.0,14.967,179.281049,178.855841,233.413402,242.924175,256.50826,0.0,0.0,0.0,Robust,2026-08-28T10:58:41.807024+00:00
P00703,bec96f8c2a7b764d,Volatile,Naive,5000,48.0,15.0018,30.029518,30.001556,39.13315,41.045033,43.968587,0.0,0.0,0.0,Robust,2026-08-28T10:58:41.807024+00:00
P00728,547c62ddbf2f1f5d,Intermittent,Naive,5000,805.0,18.587,78.450246,0.0,255.858382,331.358201,472.335461,0.0,0.0,0.0,Robust,2026-08-28T10:58:41.807024+00:00
P00764,37f429b9048b457d,Intermittent,Naive,5000,3540.0,18.575,320.190625,17.83809,1027.35925,1318.599466,1858.891904,0.0,0.0,0.0,Robust,2026-08-28T10:58:41.807024+00:00
P00775,cd3eb68d79feea4b,Intermittent,Naive,5000,2899.0,18.4556,254.775501,1.118508,826.501256,1056.212369,1473.528579,0.0,0.0,0.0,Robust,2026-08-28T10:58:41.807024+00:00
P00841,a235e2f23bd537f9,Volatile,Naive,5000,271.0,15.0296,165.363713,164.831696,215.166713,224.172973,241.974131,0.0,0.0,0.0,Robust,2026-08-28T10:58:41.807024+00:00
P00897,93651666d4a318c8,Volatile,Naive,5000,253.0,15.0272,150.226675,150.043826,195.87639,204.455002,217.106669,0.0,0.0,0.0,Robust,2026-08-28T10:58:41.807024+00:00
P00973,df9eafe2d620e19f,Intermittent,Naive,5000,2780.0,18.478,241.37975,0.0,771.600533,991.349007,1477.191952,0.0,0.0,0.0,Robust,2026-08-28T10:58:41.807024+00:00
P01015,b90491ce6a858c9f,Intermittent,Naive,5000,2506.0,18.5072,192.906126,0.0,634.330276,820.444915,1170.369831,0.0,0.0,0.0,Robust,2026-08-28T10:58:41.807024+00:00
P01021,11e895656b04a69d,Intermittent,Naive,5000,999.0,18.496,85.93095,0.0,277.581981,367.017931,522.803324,0.0,0.0,0.0,Robust,2026-08-28T10:58:41.807024+00:00
P01054,315c67760beea744,Intermittent,Naive,5000,2300.0,18.5082,201.911851,9.627221,635.118938,807.075555,1144.217963,0.0,0.0,0.0,Robust,2026-08-28T10:58:41.807024+00:00
P01081,ede34b26ee0f720e,Intermittent,Naive,5000,4048.0,18.453,360.661869,18.327023,1139.154329,1465.125405,2160.299576,0.0,0.0,0.0,Robust,2026-08-28T10:58:41.807024+00:00
P01101,c7155b2e3c824305,Volatile,SES,5000,169.0,15.0318,96.654886,96.215717,126.964227,133.374518,143.650344,0.0,0.0,0.0,Robust,2026-08-28T10:58:41.807024+00:00
P01164,9832c3590ab52186,Intermittent,Naive,5000,4612.0,18.5606,425.415344,28.896957,1332.094732,1701.420687,2550.298981,0.0,0.0,0.0,Robust,2026-08-28T10:58:41.807024+00:00
P01190,4656ab24ed476ae4,Intermittent,Naive,5000,3682.0,18.489,275.187538,4.266499,877.289548,1152.949934,1625.299715,0.0,0.0,0.0,Robust,2026-08-28T10:58:41.807024+00:00
P01195,bc3555babe337d6f,Volatile,Naive,5000,421.0,15.015,225.031456,223.235918,297.352299,312.805427,337.971952,0.0,0.0,0.0,Robust,2026-08-28T10:58:41.807024+00:00
P01219,832ac9e5391cc852,Intermittent,Naive,5000,631.0,18.5498,53.153551,0.0,171.476375,220.109851,316.864784,0.0,0.0,0.0,Robust,2026-08-28T10:58:41.807024+00:00
P01235,858174af39c905c0,Intermittent,Naive,5000,4271.0,18.4976,347.835879,0.0,1118.898694,1411.885421,2106.913987,0.0,0.0,0.0,Robust,2026-08-28T10:58:41.807024+00:00
P01254,1808bd33cd0d4d23,Volatile,Naive,5000,145.0,14.9154,89.555185,88.770221,117.594652,122.574716,132.223984,0.0,0.0,0.0,Robust,2026-08-28T10:58:41.807024+00:00
P01344,3e1b40c4e61820d0,Intermittent,Naive,5000,885.0,18.5174,73.751152,0.0,239.061602,306.566213,428.955136,0.0,0.0,0.0,Robust,2026-08-28T10:58:41.807024+00:00
P01345,a05dd8b49effd12c,Intermittent,Naive,5000,3937.0,18.4072,366.321795,0.0,1176.46906,1525.426278,2236.421101,0.0,0.0,0.0,Robust,2026-08-28T10:58:41.807024+00:00
P01387,8a30e407126aaf7e,Intermittent,Naive,5000,4660.0,18.6014,426.539347,0.0,1353.398566,1779.799312,2537.198615,0.0,0.0,0.0,Robust,2026-08-28T10:58:41.807024+00:00
P01443,0ba8169872e28a66,Intermittent,Naive,5000,4802.0,18.4524,389.349705,8.526655,1239.499233,1620.486228,2262.397773,0.0,0.0,0.0,Robust,2026-08-28T10:58:41.807024+00:00
P01463,1f1d7158e3164e4e,Volatile,Naive,5000,230.0,14.951,119.504439,118.95695,157.559442,165.308957,180.250431,0.0,0.0,0.0,Robust,2026-08-28T10:58:41.807024+00:00
P01479,04b7ca998d3cfad4,Intermittent,Naive,5000,1545.0,18.4554,132.101737,0.0,431.091737,555.830691,790.134412,0.0,0.0,0.0,Robust,2026-08-28T10:58:41.807024+00:00
P01510,a30de50477af609d,Intermittent,Naive,5000,2435.0,18.4792,257.02505,9.622684,825.412536,1047.494122,1523.723723,0.0,0.0,0.0,Robust,2026-08-28T10:58:41.807024+00:00
P01533,8a50ad5398e3fcc1,Intermittent,Naive,5000,4137.0,18.4854,341.162127,0.0,1100.182969,1424.933284,1972.738279,0.0,0.0,0.0,Robust,2026-08-28T10:58:41.807024+00:00
P01573,060a377c40fa8c98,Intermittent,Naive,5000,410.0,18.5012,40.330374,1.986343,129.319937,167.641834,240.090445,0.0,0.0,0.0,Robust,2026-08-28T10:58:41.807024+00:00
P01590,a66c56785c9f048a,Intermittent,Naive,5000,2663.0,18.5188,238.320202,0.0,778.400379,1032.398699,1395.247099,0.0,0.0,0.0,Robust,2026-08-28T10:58:41.807024+00:00
P01718,f1683b4074e88c84,Intermittent,SeasonalNaive7,5000,4076.0,18.5512,372.003678,20.255261,1177.68577,1503.944447,2155.171802,0.0,0.0,0.0,Robust,2026-08-28T10:58:41.807024+00:00
P01797,fd3038765c4157b0,Intermittent,Naive,5000,1758.0,18.5436,178.873377,6.200112,572.924447,748.638558,1058.825483,0.0,0.0,0.0,Robust,2026-08-28T10:58:41.807024+00:00
P01802,b27963461895de7d,Intermittent,Naive,5000,2259.0,18.5158,207.896459,9.677769,657.384482,856.715229,1226.481706,0.0,0.0,0.0,Robust,2026-08-28T10:58:41.807024+00:00
P01921,4b35e451ac9163bd,Intermittent,Naive,5000,4313.0,18.4626,375.552751,0.0,1224.5929,1552.31412,2201.444207,0.0,0.0,0.0,Robust,2026-08-28T10:58:41.807024+00:00
P01954,024ae572b8cd8cba,Intermittent,Naive,5000,1322.0,18.5102,130.825832,8.239233,410.338632,536.742408,778.272422,0.0,0.0,0.0,Robust,2026-08-28T10:58:41.807024+00:00
