product_id,forecast_mean_30,forecast_total_30,forecast_min_30,forecast_max_30,recent_mean_56,recent_std_56,recent_total_56,recent_mean_28,forecast_vs_recent_pct,forecast_change_abs,forecast_change_direction,forecast_change_severity
P00001,28.305929567923,849.17788703769,20.72044274554572,32.83654308179217,27.839285714285715,3.9209311775012443,1559,28.035714285714285,0.009638252104259849,0.2702152822087136,Forecast Increase,Normal
P00002,118.15829893713058,3544.7489681139173,104.20267554130372,126.49913243524016,116.28571428571429,14.899315769175796,6512,112.07142857142857,0.05431241881442203,6.086870365702012,Forecast Increase,Normal
P00003,264.58295219062063,7937.48856571862,231.35569358649977,286.4812330930301,260.57142857142856,21.732972137332673,14592,264.9642857142857,-0.0014391883896242837,-0.38133352366509143,Forecast Decrease,Normal
P00004,304.1931083801311,9125.793251403933,230.67026673423115,348.52361855174945,269.8392857142857,41.25344141488597,15111,285.64285714285717,0.06494211485917353,18.550251237273926,Forecast Increase,Normal
P00005,20.680560857891727,620.4168257367518,15.015227476102474,24.1329517625968,21.535714285714285,5.796438673763511,1206,19.857142857142858,0.041467093562892715,0.8234180007488696,Forecast Increase,Normal
P00006,15.85923719879268,475.77711596378043,15.85923719879268,15.85923719879268,17.125,5.7209741700645225,959,15.642857142857142,0.013832514991312932,0.216380055935538,Forecast Increase,Normal
P00007,23.442252447865403,703.267573435962,20.386089237746926,25.51908969177672,25.625,6.869067688492444,1435,22.964285714285715,0.02081348140004862,0.477966733579688,Forecast Increase,Normal
P00008,228.9314278123615,6867.942834370845,202.1030342798582,245.5808806009491,227.96428571428572,27.924550479470895,12766,221.53571428571428,0.03338384309948773,7.395713526647228,Forecast Increase,Normal
P00009,212.10571638987392,6363.171491696217,178.86222901690792,230.0918335243861,201.46428571428572,24.496355414049418,11282,207.21428571428572,0.02360566337753697,4.891430675588197,Forecast Increase,Normal
P00010,91.86392702677068,2755.9178108031206,91.86392702677068,91.86392702677068,83.44642857142857,122.85540941845673,4673,83.32142857142857,0.102524627839511,8.542498455342113,Forecast Increase,Normal
P00011,9.918153928198803,297.5446178459641,9.918153928198803,9.918153928198803,11.517857142857142,3.7367514887013416,645,10.214285714285714,-0.028991923113403793,-0.29613178608691015,Forecast Decrease,Normal
P00012,403.1112400106276,12093.337200318829,348.83655305415925,438.0205184797605,397.7857142857143,54.14214096774737,22276,386.17857142857144,0.04384673266416101,16.93266858205618,Forecast Increase,Normal
P00013,269.3725353414353,8081.1760602430595,230.6091094149897,292.2745825264966,278.0357142857143,38.797827626961634,15570,271.0,-0.00600540464415015,-1.6274646585646906,Forecast Decrease,Normal
P00014,5.0,150.0,5.0,5.0,4.375,1.4467832657940918,245,3.857142857142857,0.2962962962962963,1.1428571428571428,Forecast Increase,Moderate
P00015,22.553033623645156,676.5910087093547,22.553033623645156,22.553033623645156,25.678571428571427,7.390675065383271,1438,22.928571428571427,-0.016378595853482225,-0.375537804926271,Forecast Decrease,Normal
P00016,19.84668448448446,595.4005345345338,16.88230008908373,21.86697193020678,21.482142857142858,5.543189339355826,1203,19.928571428571427,-0.004109022283933859,-0.08188694408696762,Forecast Decrease,Normal
P00017,3.938882964608668,118.16648893826004,3.4291149816776647,4.265246361717368,3.892857142857143,0.5617690055391233,218,3.857142857142857,0.021191879713358366,0.08174010746581084,Forecast Increase,Normal
P00018,252.14227765957668,7564.2683297873,216.0770672781372,273.29569830414067,236.17857142857142,34.11323770932609,13226,246.85714285714286,0.021409689593192543,5.2851348024338165,Forecast Increase,Normal
P00019,13.899638207025578,416.98914621076733,10.4080949240251,16.120763980280422,13.303571428571429,1.9439382973479644,745,13.428571428571429,0.035079440948713264,0.47106677845414957,Forecast Increase,Normal
P00020,27.021765528417525,810.6529658525258,23.587304359125422,29.41319851467744,26.214285714285715,2.563479777846623,1468,25.75,0.04938895255990389,1.271765528417525,Forecast Increase,Normal
P00021,81.67679977648919,2450.303993294676,61.29427474710834,94.1260332374974,76.46428571428571,11.352155239047278,4282,79.75,0.024160498764754738,1.9267997764891902,Forecast Increase,Normal
P00022,22.55573734459886,676.6721203379658,15.919373770586713,26.539461150558893,24.482142857142858,7.016839670466966,1371,22.107142857142858,0.0202918346506754,0.4485944874560026,Forecast Increase,Normal
P00023,17.594734607287354,527.8420382186206,12.923812638280197,20.566182487725754,16.642857142857142,2.582659456864157,932,16.928571428571427,0.03935141140094081,0.6661631787159266,Forecast Increase,Normal
P00024,3.566666666666667,107.0,3.0,4.0,3.5,0.504524979109513,196,3.5357142857142856,0.00875420875420885,0.030952380952381287,Forecast Increase,Normal
P00025,312.7416355566735,9382.249066700204,235.8667050502012,358.40643674325514,280.05357142857144,43.10765367304054,15683,293.14285714285717,0.06685743123621551,19.59877841381632,Forecast Increase,Normal
P00026,433.9078644785356,13017.235934356067,361.5727402150244,478.9660638373997,395.0357142857143,49.11358422925531,22122,411.4642857142857,0.05454563018826461,22.443578764249878,Forecast Increase,Normal
P00027,12.480746762616242,374.4224028784873,10.477924799426036,13.773907337666229,13.714285714285714,3.3505184712181517,768,12.535714285714286,-0.004384873637450837,-0.054967523098044424,Forecast Decrease,Normal
P00028,154.7957737495114,4643.873212485342,135.19246647076207,166.3644721107519,145.125,11.89356204767176,8127,150.07142857142858,0.031480643737819794,4.724345178082814,Forecast Increase,Normal
P00029,389.8257215836647,11694.77164750994,330.70345038392554,422.13276429601694,355.7857142857143,47.44823563563843,19924,378.75,0.029242829263801156,11.075721583664688,Forecast Increase,Normal
P00030,10.659674890447604,319.79024671342813,10.659674890447604,10.659674890447604,10.232142857142858,2.9969139971800174,573,9.642857142857142,0.10544776641678866,1.016817747590462,Forecast Increase,Normal
P00031,82.00069590216232,2460.0208770648696,62.63990669000872,93.52931158094796,74.125,9.994657663881329,4151,77.14285714285714,0.06297198391691902,4.8578387593051815,Forecast Increase,Normal
P00032,4.813089160112952,144.39267480338856,4.813089160112952,4.813089160112952,5.482142857142857,1.8190014386377584,307,4.964285714285714,-0.03045685983336222,-0.15119655417276245,Forecast Decrease,Normal
P00033,9.833333333333334,295.0,8.0,11.0,11.0,2.9787123514578013,616,9.75,0.008547008547008609,0.08333333333333393,Forecast Increase,Normal
P00034,250.77966068022167,7523.38982040665,250.77966068022167,250.77966068022167,265.0357142857143,67.55037562259182,14842,248.96428571428572,0.007291708369847433,1.8153749659359448,Forecast Increase,Normal
P00035,190.0,5700.0,190.0,190.0,154.73214285714286,34.55824652087258,8665,163.82142857142858,0.15979943318072806,26.178571428571416,Forecast Increase,Normal
P00036,59.0,1770.0,59.0,59.0,83.75,18.2450491416663,4690,80.96428571428571,-0.2712836347595941,-21.964285714285708,Forecast Decrease,Moderate
P00037,6.25395874576186,187.6187623728558,4.601162527530267,7.291378521980224,6.142857142857143,0.9030971241147961,344,6.214285714285714,0.006384165984667133,0.03967303147614576,Forecast Increase,Normal
P00038,13.755834407542068,412.67503222626203,11.580435067830766,15.312456440825695,15.107142857142858,3.845557396309629,846,13.678571428571429,0.005648468436495797,0.07726297897063894,Forecast Increase,Normal
P00039,530.0,15900.0,530.0,530.0,162.14285714285714,229.86821746948272,9080,152.64285714285714,2.472157229761348,377.3571428571429,Forecast Increase,Critical
P00040,11.27756468703951,338.3269406111853,11.27756468703951,11.27756468703951,12.107142857142858,3.2900874341991764,678,11.25,0.002450194403511969,0.02756468703950965,Forecast Increase,Normal
P00041,29.156034447960767,874.681033438823,29.156034447960767,29.156034447960767,31.464285714285715,7.903886928051823,1762,28.571428571428573,0.020461205678626797,0.5846058765321942,Forecast Increase,Normal
P00042,156.91166269196876,4707.349880759063,136.67830868815477,169.22462873308945,147.44642857142858,13.00198536288297,8257,152.78571428571428,0.027004804903021377,4.12594840625448,Forecast Increase,Normal
P00043,6.473367680575323,194.2010304172597,6.473367680575323,6.473367680575323,6.607142857142857,2.5275109670012683,370,5.892857142857143,0.0985108791279335,0.5805105377181796,Forecast Increase,Normal
P00044,349.4399253483861,10483.197760451583,297.6117443898055,381.22220085818486,359.82142857142856,53.88307446950028,20150,354.7142857142857,-0.014869320403261084,-5.274360365899611,Forecast Decrease,Normal
P00045,15.068561636437087,452.0568490931126,11.308688038095609,17.32115646760736,13.714285714285714,2.051290376273483,768,13.785714285714286,0.09305628450838967,1.2828473507228004,Forecast Increase,Normal
P00046,371.69533722574323,11150.860116772297,324.5713773395412,399.2253686107176,349.32142857142856,31.36767713476993,19562,357.5,0.03970723699508596,14.19533722574323,Forecast Increase,Normal
P00047,29.202811528772376,876.0843458631713,29.202811528772376,29.202811528772376,28.821428571428573,6.534126199791765,1614,27.857142857142858,0.04830605487900834,1.345668671629518,Forecast Increase,Normal
P00048,48.63686340861198,1459.1059022583595,41.01534158323152,53.62604657209639,45.732142857142854,5.428849104313233,2561,47.107142857142854,0.0324732186816797,1.5297205514691257,Forecast Increase,Normal
P00049,47.666666666666664,1430.0,39.0,54.0,45.464285714285715,6.655043981042527,2546,47.67857142857143,-0.0002496878901374206,-0.011904761904766303,Forecast Decrease,Normal
P00050,22.113689861585193,663.4106958475558,19.36619460833531,23.867792782939937,23.410714285714285,6.154899853595684,1311,20.928571428571427,0.05662681932488986,1.1851184330137663,Forecast Increase,Normal
P00051,132.0203062255422,3960.6091867662667,113.92043338085216,142.91603756253443,129.51785714285714,20.29687935837211,7253,126.89285714285714,0.0404077045638002,5.127449082685075,Forecast Increase,Normal
P00052,185.4443293208148,5563.329879624444,156.22425014117647,204.08510815734763,170.16071428571428,21.427065964432835,9529,176.82142857142858,0.048766152490974365,8.622900749386218,Forecast Increase,Normal
P00053,19.315668641703734,579.470059251112,16.676322183487187,20.889032278852067,20.428571428571427,2.808151400069853,1144,19.357142857142858,-0.0021425793953790706,-0.04147421543912344,Forecast Decrease,Normal
P00054,24.631283131281098,738.9384939384329,20.82691365648349,26.77066158251067,24.428571428571427,4.0535378166693885,1368,24.0,0.026303463803379074,0.6312831312810978,Forecast Increase,Normal
P00055,249.73307365057195,7491.992209517159,218.3415794507598,268.31964372654954,231.23214285714286,21.528831468883396,12949,236.71428571428572,0.054997897135789744,13.01878793628623,Forecast Increase,Normal
P00056,68.70679704046402,2061.203911213921,59.7402084603956,74.46954290172192,68.48214285714286,8.831742485188034,3835,67.32142857142857,0.020578417577184486,1.3853684690354555,Forecast Increase,Normal
P00057,15.372831137008433,461.184934110253,13.452865142541883,16.53021270683018,16.035714285714285,4.242487630942642,898,14.321428571428571,0.07341464298313248,1.0514025655798616,Forecast Increase,Normal
P00058,25.01126090887059,750.3378272661176,21.342437615370255,27.580491061361894,25.964285714285715,6.695899113268132,1454,24.0,0.04213587120294123,1.0112609088705895,Forecast Increase,Normal
P00059,12.833333333333334,385.0,10.0,14.0,13.357142857142858,3.4081643762565808,748,12.428571428571429,0.032567049808429144,0.4047619047619051,Forecast Increase,Normal
P00060,2.7857142857142856,83.57142857142857,2.7857142857142856,2.7857142857142856,2.6964285714285716,0.6583627863431821,151,2.7857142857142856,0.0,0.0,Stable,Normal
P00061,22.29484784313754,668.8454352941262,22.29484784313754,22.29484784313754,23.607142857142858,4.967818513112246,1322,22.75,-0.020006688213734542,-0.4551521568624608,Forecast Decrease,Normal
P00062,2.1333333333333333,64.0,2.0,3.0,2.0714285714285716,0.32232918561015217,116,2.107142857142857,0.012429378531073402,0.026190476190476097,Forecast Increase,Normal
P00063,314.4718372380877,9434.15511714263,268.4452088174988,342.7563845038005,306.98214285714283,43.71207075705898,17191,302.75,0.03871787692184207,11.721837238087687,Forecast Increase,Normal
P00064,25.0,750.0,25.0,25.0,26.660714285714285,5.759661561125037,1493,26.928571428571427,-0.07161803713527846,-1.928571428571427,Forecast Decrease,Normal
P00065,14.04130129709376,421.2390389128128,14.04130129709376,14.04130129709376,13.553571428571429,3.092040472845445,759,13.392857142857142,0.04841716351633413,0.6484441542366177,Forecast Increase,Normal
P00066,167.86517505970957,5035.955251791287,145.8992454342026,180.2404240604268,161.69642857142858,12.71065357429407,9055,166.0,0.011235994335599827,1.8651750597095713,Forecast Increase,Normal
P00067,15.049886063722433,451.496581911673,15.049886063722433,15.049886063722433,16.196428571428573,4.024559345080892,907,14.607142857142858,0.030310048372195836,0.4427432065795749,Forecast Increase,Normal
P00068,107.57254296363986,3227.176288909196,94.46009638285229,116.3962932783213,106.96428571428571,14.370378986226923,5990,101.75,0.05722400947066203,5.822542963639862,Forecast Increase,Normal
P00069,24.728445427807667,741.85336283423,17.866177636169358,28.86053114653166,25.821428571428573,6.592301688973402,1446,23.75,0.04119770222348073,0.9784454278076673,Forecast Increase,Normal
P00070,298.10714285714283,8943.214285714284,298.10714285714283,298.10714285714283,298.2857142857143,73.94831469853284,16704,298.10714285714283,0.0,0.0,Stable,Normal
P00071,0.0,0.0,0.0,0.0,70.0,95.74663535507752,3920,70.53571428571429,-1.0,-70.53571428571429,Forecast Decrease,Critical
P00072,19.952769737896496,598.5830921368948,17.47074177291203,21.54128382702189,20.357142857142858,4.970562695157711,1140,18.357142857142858,0.08692130867918652,1.5956268807536382,Forecast Increase,Normal
P00073,25.760778446679147,772.8233534003745,25.760778446679147,25.760778446679147,26.035714285714285,8.022614141434055,1458,22.678571428571427,0.13590834095593096,3.08220701810772,Forecast Increase,Normal
P00074,376.66346861975705,11299.904058592712,326.59406722858125,408.6865639327108,372.0,60.179730806975215,20832,363.9642857142857,0.03489128852450175,12.699182905471332,Forecast Increase,Normal
P00075,84.44380917441094,2533.3142752323283,84.44380917441094,84.44380917441094,85.98214285714286,132.30192619657765,4815,75.60714285714286,0.1168760778854541,8.836666317268083,Forecast Increase,Normal
P00076,366.2363379915726,10987.090139747179,313.3378029252807,400.3096859457614,344.67857142857144,39.63382721540098,19302,361.0,0.014505091389397816,5.236337991572611,Forecast Increase,Normal
P00077,262.80092470638095,7884.027741191429,222.4626056748632,288.7785102737566,238.875,31.97730018736303,13377,247.71428571428572,0.060903386934640494,15.086638992095232,Forecast Increase,Normal
P00078,34.61652374716315,1038.4957124148946,28.7332579868284,38.6655158894769,38.25,9.3871285182521,2142,35.142857142857146,-0.014976966544138095,-0.526333395693996,Forecast Decrease,Normal
P00079,6.0,180.0,6.0,6.0,5.928571428571429,0.7098563966719634,332,5.75,0.043478260869565216,0.25,Forecast Increase,Normal
P00080,19.277818398654105,578.3345519596231,19.277818398654105,19.277818398654105,17.928571428571427,4.894736107129941,1004,17.392857142857142,0.1083755958158418,1.8849612557969628,Forecast Increase,Normal
P00081,119.98537185916243,3599.561155774873,102.14052701311178,130.68886453791677,121.60714285714286,17.041850701278754,6810,121.28571428571429,-0.010721315648837517,-1.3003424265518646,Forecast Decrease,Normal
P00082,104.50262596412357,3135.078778923707,77.71914134732572,120.73590628820044,97.21428571428571,13.65112620823816,5444,101.53571428571429,0.029220375306176466,2.966911678409275,Forecast Increase,Normal
P00083,13.733333333333333,412.0,12.0,15.0,13.089285714285714,1.3787581462947098,733,13.071428571428571,0.050637522768670264,0.6619047619047613,Forecast Increase,Normal
P00084,26.99869117248967,809.9607351746902,19.53901987113237,31.463926218630775,28.535714285714285,7.019360980276523,1598,26.714285714285715,0.010646193622607983,0.28440545820395613,Forecast Increase,Normal
P00085,3.0683070817905578,92.04921245371673,3.0683070817905578,3.0683070817905578,3.25,0.6941312425025846,182,3.0,0.02276902726351926,0.06830708179055778,Forecast Increase,Normal
P00086,18.93467556043047,568.0402668129141,16.588126471635046,20.577746995590093,18.0,1.560885529551619,1008,17.714285714285715,0.06889297518559101,1.220389846144755,Forecast Increase,Normal
P00087,71.0,2130.0,71.0,71.0,20.107142857142858,32.33949376757244,1126,15.107142857142858,3.6997635933806143,55.89285714285714,Forecast Increase,Critical
P00088,67.87361828879487,2036.2085486638464,51.08268175810824,79.34925941844133,62.660714285714285,8.801398206513007,3509,65.0,0.04420951213530574,2.873618288794873,Forecast Increase,Normal
P00089,114.51530491558158,3435.4591474674476,99.84421688929622,122.9344114880592,120.08928571428571,16.168742893411565,6725,115.92857142857143,-0.012190838682598827,-1.4132665129898498,Forecast Decrease,Normal
P00090,163.66928899437826,4910.078669831348,127.35547741783373,186.25245594008143,152.35714285714286,20.990412158826295,8532,159.25,0.02775063732733603,4.419288994378263,Forecast Increase,Normal
P00091,10.945037092664075,328.35111277992223,9.135882034540654,12.178001956752723,12.285714285714286,3.200649284778925,688,11.178571428571429,-0.020891250496504515,-0.23353433590735406,Forecast Decrease,Normal
P00092,0.0,0.0,0.0,0.0,68.07142857142857,89.66074587381789,3812,50.67857142857143,-1.0,-50.67857142857143,Forecast Decrease,Critical
P00093,110.90984487489315,3327.2953462467945,94.4199247375099,119.89882273663746,103.92857142857143,12.288734150146917,5820,108.39285714285714,0.02322097413410491,2.5169877320360143,Forecast Increase,Normal
P00094,110.68518332126091,3320.5554996378273,83.21641144333051,127.59937293894974,101.83928571428571,14.872521074682783,5703,107.89285714285714,0.025880547168257377,2.792326178403769,Forecast Increase,Normal
P00095,498.07280427864026,14942.184128359208,437.4871112553325,536.652459816128,471.51785714285717,39.92037122774585,26405,485.10714285714283,0.026727418081567256,12.96566142149743,Forecast Increase,Normal
P00096,274.7806213502985,8243.418640508955,236.78189937654628,296.7641302351025,269.25,21.56280467505437,15078,276.07142857142856,-0.004675627709138714,-1.2908072211300805,Forecast Decrease,Normal
P00097,116.68207887245958,3500.4623661737874,90.13458487856724,131.3668987136133,109.98214285714286,16.369029594637855,6159,113.5,0.028035937202287087,3.1820788724595843,Forecast Increase,Normal
P00098,17.593990516608088,527.8197154982427,15.214897852246644,19.07646980759353,17.732142857142858,1.601034568118905,993,17.678571428571427,-0.004784374818128289,-0.08458091196333939,Forecast Decrease,Normal
P00099,25.250412694534706,757.5123808360412,18.61366082755379,29.46250439022032,25.767857142857142,6.811730714339442,1443,24.0,0.05210052893894609,1.250412694534706,Forecast Increase,Normal
P00100,1.9634511600979463,58.90353480293839,1.9634511600979463,1.9634511600979463,2.125,0.7400859900898495,119,1.9285714285714286,0.018085786717453617,0.03487973152651769,Forecast Increase,Normal
P00101,23.67985003953847,710.3955011861541,23.67985003953847,23.67985003953847,25.696428571428573,6.935861073519913,1439,22.821428571428573,0.037614712217648005,0.8584214681098956,Forecast Increase,Normal
P00102,434.5340693499656,13036.022080498968,369.5684897395501,473.3910628164264,402.07142857142856,55.733736198548115,22516,418.10714285714283,0.03928879660024236,16.42692649282276,Forecast Increase,Normal
P00103,4.5,135.0,4.5,4.5,4.357142857142857,1.0518999508002205,244,4.5,0.0,0.0,Stable,Normal
P00104,95.03099421145686,2850.929826343706,80.94949234753105,103.18249247220837,88.53571428571429,10.565749615387686,4958,91.89285714285714,0.03414995644026122,3.1381370685997183,Forecast Increase,Normal
P00105,397.4854908833852,11924.564726501556,341.02591826082875,431.061551456314,381.01785714285717,56.296775645253,21337,372.92857142857144,0.06584885507898723,24.556919454813738,Forecast Increase,Normal
P00106,17.25,517.5,17.25,17.25,17.910714285714285,5.205859585695144,1003,17.25,0.0,0.0,Stable,Normal
P00107,2.425385218315232,72.76155654945696,2.425385218315232,2.425385218315232,2.392857142857143,0.6231466025837646,134,2.392857142857143,0.013593822579499974,0.03252807545808922,Forecast Increase,Normal
P00108,230.47144336328313,6914.143300898494,195.69307386788856,249.84487001716064,217.85714285714286,28.32180565085277,12200,227.92857142857142,0.01115644220807395,2.5428719347117124,Forecast Increase,Normal
P00109,13.613191877586592,408.3957563275978,9.849162432967915,15.856784616637285,14.767857142857142,3.7850955142437357,827,13.571428571428571,0.003077296243222611,0.04176330615802115,Forecast Increase,Normal
P00110,18.6882545720378,560.647637161134,18.6882545720378,18.6882545720378,20.035714285714285,5.761831418802646,1122,18.607142857142858,0.004359170858077465,0.0811117148949414,Forecast Increase,Normal
P00111,21.78001656953702,653.4004970861106,16.45779112535332,24.650405620034373,20.910714285714285,3.140797731406846,1171,21.035714285714285,0.0353827910815561,0.7443022838227336,Forecast Increase,Normal
P00112,28.202803802904736,846.0841140871421,20.866362904474347,32.574952134073456,29.517857142857142,7.446759078902763,1653,27.142857142857142,0.03905066642280608,1.0599466600475935,Forecast Increase,Normal
P00113,108.71428571428572,3261.4285714285716,108.71428571428572,108.71428571428572,106.83928571428571,21.838895065051656,5983,108.71428571428571,1.30717454673343e-16,1.4210854715202004e-14,Forecast Increase,Normal
P00114,147.89449971346627,4436.834991403988,129.55543772932617,158.1353646557852,145.98214285714286,19.60472213192856,8175,140.78571428571428,0.05049365600635614,7.108785427751997,Forecast Increase,Normal
P00115,185.6467893603534,5569.403680810602,140.1026868422814,214.26852612555516,167.73214285714286,24.410497794952935,9393,178.42857142857142,0.040454383925119256,7.218217931781993,Forecast Increase,Normal
P00116,105.0,3150.0,105.0,105.0,139.73214285714286,32.19909150125969,7825,129.14285714285714,-0.18694690265486724,-24.14285714285714,Forecast Decrease,Normal
P00117,78.62184161231303,2358.655248369391,67.05886686185768,85.11076853943354,78.51785714285714,10.70427454368083,4397,77.82142857142857,0.010285252475798534,0.8004130408844645,Forecast Increase,Normal
P00118,27.971454107235118,839.1436232170536,20.66476048398953,32.46120550165443,29.232142857142858,7.70357902991395,1637,26.892857142857142,0.04010719123849047,1.0785969643779758,Forecast Increase,Normal
P00119,232.96787189009356,6989.036156702807,205.30600971646268,248.86449531560405,226.01785714285714,30.647847957329468,12657,216.96428571428572,0.07376138484322954,16.00358617580784,Forecast Increase,Normal
P00120,228.2726870545604,6848.1806116368125,196.7698581081557,249.6572362441634,215.07142857142858,25.91795246041361,12044,221.42857142857142,0.03090890927865996,6.844115625988991,Forecast Increase,Normal
P00121,242.92173461249462,7287.652038374838,207.9180096707027,264.44480073737816,239.64285714285714,34.76174939181313,13420,235.57142857142858,0.03120202685716327,7.350306041066034,Forecast Increase,Normal
P00122,66.39578914337045,1991.8736743011136,57.75021787169354,71.29331245755522,67.55357142857143,8.42058007688121,3783,65.82142857142857,0.008726042330099115,0.574360571941881,Forecast Increase,Normal
P00123,16.680351917549153,500.41055752647463,12.270143008696923,19.387008195417238,16.035714285714285,2.026768908334694,898,16.071428571428573,0.037888563758613866,0.6089233461205801,Forecast Increase,Normal
P00124,22.71187857808531,681.3563573425594,22.71187857808531,22.71187857808531,21.303571428571427,7.750471288560793,1193,19.5,0.16471172195309292,3.2118785780853116,Forecast Increase,Normal
P00125,22.0,660.0,22.0,22.0,22.803571428571427,5.77272471622809,1277,20.607142857142858,0.0675909878682842,1.3928571428571423,Forecast Increase,Normal
P00126,31.8118971786566,954.3569153596981,23.9651309764221,36.70028953127438,28.625,3.89667690591495,1603,29.392857142857142,0.08230026853266686,2.4190400357994584,Forecast Increase,Normal
P00127,261.19858419457717,7835.957525837315,225.98750853941303,284.3600382835482,248.41071428571428,37.05856631957496,13911,245.35714285714286,0.06456482641166819,15.841441337434304,Forecast Increase,Normal
P00128,99.34941879561771,2980.482563868531,87.09950107994126,108.36558390704496,102.44642857142857,14.390552005152102,5737,98.92857142857143,0.004254052807688009,0.420847367046278,Forecast Increase,Normal
P00129,18.385372194334707,551.5611658300412,18.385372194334707,18.385372194334707,20.589285714285715,6.638117985514446,1153,18.357142857142858,0.0015377849053925616,0.02822933719184917,Forecast Increase,Normal
P00130,67.70435247088031,2031.130574126409,58.71691475284864,72.1328317272347,65.25,5.828612808612982,3654,67.39285714285714,0.004622082238817577,0.31149532802317026,Forecast Increase,Normal
P00131,12.54576101894992,376.3728305684976,9.131986536064492,14.661655560465114,12.107142857142858,1.9228631249786339,678,12.142857142857142,0.03318031920764048,0.4029038760927772,Forecast Increase,Normal
P00132,11.40934411759453,342.2803235278359,11.409344117594529,11.409344117594529,11.660714285714286,3.9371276364850076,653,10.321428571428571,0.10540358232749779,1.0879155461659593,Forecast Increase,Normal
P00133,19.015826397288027,570.4747919186408,16.00465524979463,20.69562873872254,19.160714285714285,4.857147631777638,1073,17.357142857142858,0.09556201465856942,1.6586835401451694,Forecast Increase,Normal
P00134,23.606749941713154,708.2024982513947,20.51915282161797,25.678705327335628,23.339285714285715,2.306329517687322,1307,22.785714285714285,0.03603291280245823,0.8210356559988696,Forecast Increase,Normal
P00135,126.21050144871275,3786.3150434613826,109.41918173185496,137.54352214789688,133.41071428571428,18.346936118465813,7471,128.57142857142858,-0.018362766510012056,-2.360927122715836,Forecast Decrease,Normal
P00136,24.581188638537693,737.4356591561308,21.551417262869528,26.399454094779152,23.875,2.1239970895374674,1337,23.714285714285715,0.036556147408215924,0.8669029242519777,Forecast Increase,Normal
P00137,254.38851912496952,7631.655573749085,214.1369665459033,275.4842977192933,242.41071428571428,25.4034906590086,13575,248.46428571428572,0.023843400244235494,5.924233410683797,Forecast Increase,Normal
P00138,301.1681915281545,9035.045745844636,252.68804824041283,329.1904140203044,269.64285714285717,36.269911683191246,15100,284.9642857142857,0.056862935554371025,16.2039058138688,Forecast Increase,Normal
P00139,23.226166239752924,696.7849871925878,23.226166239752928,23.226166239752928,23.303571428571427,4.891252462238139,1305,22.535714285714285,0.03063812157382236,0.6904519540386396,Forecast Increase,Normal
P00140,72.48399026771658,2174.5197080314974,63.82794798410597,78.78718077003226,70.69642857142857,9.125229048895445,3959,68.89285714285714,0.05212634914259425,3.5911331248594394,Forecast Increase,Normal
P00141,107.55565332417261,3226.669599725178,92.45453796140876,116.20795762694452,105.17857142857143,14.799394512008856,5890,102.53571428571429,0.04895795648792508,5.019939038458318,Forecast Increase,Normal
P00142,15.79996524632576,473.9989573897728,13.6800380203154,17.10281354728238,15.535714285714286,1.4518237523171356,870,15.392857142857142,0.026447858229979804,0.4071081034686177,Forecast Increase,Normal
P00143,130.26009531483606,3907.8028594450816,109.92595022670211,142.59597525035204,125.96428571428571,12.851550010109197,7054,128.92857142857142,0.010327609090141316,1.3315238862646481,Forecast Increase,Normal
P00144,2.0,60.0,2.0,2.0,2.0714285714285716,0.25987009741882117,116,2.0,0.0,0.0,Stable,Normal
P00145,20.133693183571356,604.0107955071406,14.920547567288768,23.352947527316644,18.946428571428573,2.7197569601120466,1061,19.214285714285715,0.04785020286244972,0.9194074692856411,Forecast Increase,Normal
P00146,14.91137546508899,447.3412639526697,10.843645817174032,17.475591321904073,15.625,4.136588405481458,875,14.571428571428571,0.02332968878061692,0.33994689366041797,Forecast Increase,Normal
P00147,154.83498810849707,4645.049643254913,114.94341755934391,180.9513186926059,143.08928571428572,22.1780208853182,8013,149.67857142857142,0.034449932483397366,5.1564166799256554,Forecast Increase,Normal
P00148,295.7337461858744,8872.012385576232,258.53353097677194,318.2481546096832,277.17857142857144,21.36786639526078,15522,283.0357142857143,0.04486370892170136,12.698031900160117,Forecast Increase,Normal
P00149,14.602721786090637,438.0816535827191,14.602721786090637,14.602721786090637,16.535714285714285,5.880520340966394,926,15.071428571428571,-0.031099028411047773,-0.4687067853379343,Forecast Decrease,Normal
P00150,26.285024780088847,788.5507434026654,19.631828058427917,30.43210204187413,24.125,3.4274957728241287,1351,24.857142857142858,0.057443525635758184,1.4278819229459891,Forecast Increase,Normal
P00151,67.51932731818023,2025.579819545407,57.61581058488002,74.27101832114825,68.80357142857143,10.10206035304796,3853,67.60714285714286,-0.0012989091869802648,-0.08781553896263006,Forecast Decrease,Normal
P00152,18.246879214317502,547.406376429525,15.986227204256908,19.70836616883863,19.142857142857142,4.633587149296953,1072,17.428571428571427,0.046952086067397765,0.8183077857460752,Forecast Increase,Normal
P00153,33.240781851030555,997.2234555309166,28.06178505055596,36.7513818351524,35.32142857142857,9.04354544886652,1978,32.142857142857146,0.03415765758761716,1.0979247081734087,Forecast Increase,Normal
P00154,178.92070221893664,5367.621066568099,155.5218435663141,192.78470336094065,172.39285714285714,13.197353138797556,9654,177.42857142857142,0.008409754857130889,1.4921307903652234,Forecast Increase,Normal
P00155,309.2261278614287,9276.783835842862,268.32668423911707,334.34046688738374,297.875,42.92236649410823,16681,291.5357142857143,0.06068009066764724,17.690413575714445,Forecast Increase,Normal
P00156,11.95430593587605,358.6291780762815,10.405582945160685,12.93284423415484,13.285714285714286,3.3936533583857846,744,11.964285714285714,-0.0008341307327479818,-0.009979778409663354,Forecast Decrease,Normal
P00157,112.72488092073326,3381.7464276219976,95.13319837848525,122.60308707681588,103.66071428571429,12.689690569641447,5805,109.78571428571429,0.026771849635826604,2.939166635018964,Forecast Increase,Normal
P00158,246.7280840913689,7401.842522741067,216.0845388164112,265.2439731852098,239.51785714285714,16.507839538648483,13413,245.53571428571428,0.004856197026666152,1.1923698056546357,Forecast Increase,Normal
P00159,18.143321921358922,544.2996576407677,15.41908889219215,19.807653059029576,18.285714285714285,4.583425815674582,1024,16.714285714285715,0.0854978927308756,1.4290362070732066,Forecast Increase,Normal
P00160,108.92857142857143,3267.857142857143,108.92857142857144,108.92857142857144,131.01785714285714,201.30379493974488,7337,108.92857142857143,0.0,0.0,Stable,Normal
P00161,9.139033298094498,274.17099894283496,6.858945472588618,10.579170277596788,8.375,1.3012232007545121,469,8.5,0.0751803880111174,0.6390332980944979,Forecast Increase,Normal
P00162,295.0272372134093,8850.817116402279,263.27272291524525,314.8131581735156,281.2857142857143,23.976286986569395,15752,292.2857142857143,0.00937959945936716,2.74152292769503,Forecast Increase,Normal
P00163,325.13978382365565,9754.19351470967,247.4534063896465,368.1711828621043,286.85714285714283,46.88299888462323,16064,306.2857142857143,0.061557130021263805,18.85406953794137,Forecast Increase,Normal
P00164,132.4653242390816,3973.9597271724483,112.61337881258396,143.00081957531194,120.60714285714286,15.005064080234648,6754,125.10714285714286,0.05881503816565372,7.358181381938749,Forecast Increase,Normal
P00165,11.0,330.0,7.0,13.0,11.285714285714286,2.9277002188455996,632,10.535714285714286,0.044067796610169414,0.4642857142857135,Forecast Increase,Normal
P00166,357.57971772045676,10727.391531613703,308.95660170698443,383.3558704932104,354.51785714285717,52.940787187686865,19853,347.75,0.028266621769825324,9.829717720456756,Forecast Increase,Normal
P00167,29.035714285714285,871.0714285714286,29.035714285714285,29.035714285714285,28.071428571428573,6.703749677625183,1572,29.035714285714285,0.0,0.0,Stable,Normal
P00168,13.9,417.0,11.0,15.0,15.25,4.0998891337560455,854,13.785714285714286,0.008290155440414478,0.11428571428571388,Forecast Increase,Normal
P00169,14.461182274541484,433.83546823624454,12.163016223052864,15.866653704595365,14.375,3.6359942994254744,805,13.357142857142858,0.08265535745230355,1.104039417398626,Forecast Increase,Normal
P00170,253.94550929070513,7618.365278721154,217.65765873918645,274.2766297392098,228.67857142857142,31.453346197391884,12806,240.28571428571428,0.05684813616821402,13.659795004990855,Forecast Increase,Normal
P00171,365.6913948517066,10970.741845551198,320.2198910171426,390.57842002174186,346.01785714285717,26.780923381072167,19377,354.67857142857144,0.03105015163103257,11.01282342313516,Forecast Increase,Normal
P00172,8.733333333333333,262.0,6.0,10.0,9.178571428571429,2.5874321623581156,514,8.392857142857142,0.04056737588652479,0.34047619047619015,Forecast Increase,Normal
P00173,222.23308827296907,6666.9926481890725,193.69601999640295,240.58045488402763,217.39285714285714,16.641327057472502,12174,220.25,0.009003806006670011,1.98308827296907,Forecast Increase,Normal
P00174,3.4016554494564795,102.04966348369439,3.4016554494564795,3.4016554494564795,3.4285714285714284,1.0763092299342034,192,3.25,0.0466632152173783,0.15165544945647946,Forecast Increase,Normal
P00175,33.9801107106645,1019.4033213199349,29.60548739078701,36.86891381556016,32.857142857142854,2.4967511357294367,1840,33.714285714285715,0.007884639723099478,0.26582499637878243,Forecast Increase,Normal
P00176,11.824764451440199,354.742933543206,8.59052227998159,13.712224126859148,12.5,3.335756694855417,700,11.5,0.02824038708175644,0.32476445144019905,Forecast Increase,Normal
P00177,198.95632953361138,5968.689886008341,174.8549134105213,216.0120794992809,190.71428571428572,16.169234856484586,10680,195.21428571428572,0.019168903575030816,3.7420438193256587,Forecast Increase,Normal
P00178,10.880256958582768,326.407708757483,8.547866886043916,12.34197976674394,10.303571428571429,1.4131800741865566,577,10.357142857142858,0.05050756841488789,0.5231141014399103,Forecast Increase,Normal
P00179,197.0,5910.0,197.0,197.0,205.19642857142858,30.142340889282554,11491,201.32142857142858,-0.021465318431790018,-4.321428571428584,Forecast Decrease,Normal
P00180,14.543321163024324,436.2996348907297,14.543321163024324,14.543321163024324,14.607142857142858,3.8550018107698687,818,13.571428571428571,0.07161313832810808,0.9718925915957524,Forecast Increase,Normal
P00181,7.0,210.0,7.0,7.0,7.267857142857143,0.7259118761585681,407,7.214285714285714,-0.02970297029702972,-0.2142857142857144,Forecast Decrease,Normal
P00182,13.617392525843165,408.52177577529494,11.473135457804176,14.849052781814114,14.410714285714286,3.9807572861741494,807,12.964285714285714,0.05037738491352244,0.6531068115574516,Forecast Increase,Normal
P00183,412.3397124020322,12370.191372060966,353.8727902060021,446.8555428911365,395.0892857142857,53.303343502743154,22125,387.67857142857144,0.06361233968280988,24.66114097346076,Forecast Increase,Normal
P00184,174.8424362602769,5245.2730878083075,150.51743767257886,188.6716780991766,172.0,24.9501320819969,9632,170.42857142857142,0.025898620135740548,4.413864831705496,Forecast Increase,Normal
P00185,14.054384752903553,421.6315425871066,10.350096724200478,16.220424316894707,13.303571428571429,1.9992693470560494,745,13.25,0.060708283238004035,0.8043847529035535,Forecast Increase,Normal
P00186,474.444652425238,14233.33957275714,400.2803611710684,520.9314905053302,426.375,53.46147720980545,23877,442.17857142857144,0.07297070252052855,32.266080996666574,Forecast Increase,Normal
P00187,389.82136686401975,11694.641005920592,331.417997056821,424.0359478491508,379.42857142857144,58.80502673097912,21248,378.9642857142857,0.028649351822877468,10.857081149734029,Forecast Increase,Normal
P00188,89.27122981360786,2678.136894408236,78.1682504999087,95.70396336637523,84.21428571428571,6.7896024404011595,4716,86.03571428571429,0.03760665619801574,3.2355155278935683,Forecast Increase,Normal
P00189,302.6001694740426,9078.005084221279,257.6579405079052,329.6417509501851,281.48214285714283,36.47813346073537,15763,296.07142857142856,0.022051235859251353,6.528740902614061,Forecast Increase,Normal
P00190,28.68543936041543,860.5631808124629,24.010851113755702,31.64542686182524,30.660714285714285,8.000629033711343,1717,28.071428571428573,0.021873157877394384,0.6140107889868567,Forecast Increase,Normal
P00191,16.926743918684295,507.8023175605288,12.103786404859632,20.047702467332925,18.160714285714285,4.51976180271115,1017,16.821428571428573,0.006260784974862454,0.105315347255722,Forecast Increase,Normal
P00192,32.50973454203862,975.2920362611587,28.489142001595567,34.974205927632184,32.625,4.227883631321942,1827,31.428571428571427,0.034400644519410745,1.0811631134671948,Forecast Increase,Normal
P00193,179.13981210819352,5374.194363245806,155.84532736494305,193.30307011830263,178.91071428571428,24.277394487812817,10019,171.96428571428572,0.04172684091992076,7.175526393907802,Forecast Increase,Normal
P00194,39.45979474517813,1183.793842355344,34.61220659207437,42.34932862616668,37.035714285714285,3.138988173479912,2074,37.82142857142857,0.04331846351745768,1.63836617374956,Forecast Increase,Normal
P00195,18.124752378711914,543.7425713613575,15.715445660017387,19.62973000807752,18.25,1.6651508258194736,1022,18.107142857142858,0.0009725179564764984,0.017609521569056596,Forecast Increase,Normal
P00196,23.34336984751636,700.3010954254908,17.298478612982883,27.005307202154608,21.571428571428573,3.4633517284279973,1208,21.678571428571427,0.07679465523963448,1.6647984189449332,Forecast Increase,Normal
P00197,202.061076197885,6061.83228593655,171.4119580226916,221.1484853401172,188.41071428571428,21.417729941433013,10551,194.85714285714286,0.03697033239383796,7.2039333407421395,Forecast Increase,Normal
P00198,271.0,8130.0,271.0,271.0,273.76785714285717,72.14076922528332,15331,251.10714285714286,0.07922059451002701,19.89285714285714,Forecast Increase,Normal
P00199,19.916628476578406,597.4988542973522,19.916628476578406,19.916628476578406,21.214285714285715,4.198329909139351,1188,19.464285714285715,0.023239628154486876,0.452342762292691,Forecast Increase,Normal
P00200,431.5455311381518,12946.365934144553,377.15423878614087,466.0137310723439,417.55357142857144,36.60497712947449,23383,423.82142857142856,0.018224898615340872,7.724102566723218,Forecast Increase,Normal
P00201,161.8703830780231,4856.111492340693,122.15108340892886,186.24089016661148,149.10714285714286,21.146827461544014,8350,157.10714285714286,0.030318419228153436,4.763240220880249,Forecast Increase,Normal
P00202,6.936980281951839,208.10940845855518,6.936980281951839,6.936980281951839,7.607142857142857,2.491283505844629,426,6.821428571428571,0.016939517773044487,0.11555171052326774,Forecast Increase,Normal
P00203,5.566666666666666,167.0,4.0,6.0,5.607142857142857,1.2888130046825883,314,5.285714285714286,0.05315315315315313,0.28095238095238084,Forecast Increase,Normal
P00204,250.28833783790878,7508.6501351372635,219.59149530008895,272.58733569188024,250.03571428571428,34.51901414673277,14002,242.71428571428572,0.031205629702979066,7.574052123623062,Forecast Increase,Normal
P00205,40.46762647309634,1214.0287941928902,35.21355610469438,43.85305482058038,38.5,3.1680220384908355,2156,39.107142857142854,0.03478862214310279,1.360483615953484,Forecast Increase,Normal
P00206,6.437055537372472,193.11166612117415,6.437055537372472,6.437055537372472,7.035714285714286,2.441789848110942,394,6.357142857142857,0.012570533968703494,0.07991268022961506,Forecast Increase,Normal
P00207,11.054187838627426,331.6256351588228,8.40884796256574,12.718920357314042,11.267857142857142,2.8443952635989995,631,10.464285714285714,0.05637289925449812,0.5899021243417124,Forecast Increase,Normal
P00208,489.5543883349741,14686.631650049223,407.5247584704954,539.567008158533,446.82142857142856,56.849756421596105,25022,461.32142857142856,0.06120019148248623,28.232959763545523,Forecast Increase,Normal
P00209,15.056752961244305,451.70258883732913,10.644580253365442,17.702053403330943,16.214285714285715,4.535573676110726,908,14.678571428571429,0.02576419200691127,0.37818153267287613,Forecast Increase,Normal
P00210,5.683731772870507,170.51195318611522,4.217590146622928,6.601960347681334,5.464285714285714,1.4392458342578487,306,5.0,0.1367463545741014,0.683731772870507,Forecast Increase,Normal
P00211,148.5516868164932,4456.550604494796,126.37079903149797,163.98939178132926,139.0,15.861904047118687,7784,143.60714285714286,0.034431044730616645,4.944543959350341,Forecast Increase,Normal
P00212,224.26822406941443,6728.046722082433,186.35741454214835,247.1307480818575,202.80357142857142,25.812907020155034,11357,212.64285714285714,0.05467085554981595,11.625366926557291,Forecast Increase,Normal
P00213,132.19182178705682,3965.7546536117047,115.61506203484738,142.0419285360571,125.08928571428571,9.870574793457912,7005,127.21428571428571,0.039127178561929044,4.977536072771116,Forecast Increase,Normal
P00214,13.181611510539598,395.44834531618795,11.479124170522969,14.323038742953582,14.321428571428571,3.8428547289134483,802,12.75,0.03385188317957634,0.43161151053959834,Forecast Increase,Normal
P00215,117.10714285714286,3513.214285714286,117.10714285714286,117.10714285714286,141.01785714285714,178.14166896259624,7897,117.10714285714286,0.0,0.0,Stable,Normal
P00216,10.781677222527511,323.4503166758253,9.132470862575966,11.708244382786807,11.571428571428571,3.3729250475845705,648,10.464285714285714,0.030330929115257123,0.31739150824179774,Forecast Increase,Normal
P00217,12.663924810212263,379.9177443063679,11.13354915957451,13.605278674333064,12.107142857142858,1.1705254675272423,678,11.964285714285714,0.058477297569980276,0.6996390959265497,Forecast Increase,Normal
P00218,222.0,6660.0,222.0,222.0,82.48214285714286,108.39540263169981,4619,66.92857142857143,2.3169690501600853,155.07142857142856,Forecast Increase,Critical
P00219,446.8983133015578,13406.949399046733,378.6603074200801,482.82005610459737,407.23214285714283,56.321476953589986,22805,433.5,0.030907297120087145,13.398313301557778,Forecast Increase,Normal
P00220,278.0,8340.0,278.0,278.0,313.98214285714283,82.3693436069134,17583,317.67857142857144,-0.12490163012928616,-39.678571428571445,Forecast Decrease,Normal
P00221,416.5904254601411,12497.712763804233,365.71029680341246,449.6851820840996,395.94642857142856,35.93044778348966,22173,408.92857142857144,0.01873641160558516,7.661854031569646,Forecast Increase,Normal
P00222,89.28913721851278,2678.6741165553835,78.12445911407555,96.16476960705808,84.67857142857143,5.579531237583391,4742,86.03571428571429,0.037814795399899376,3.253422932798486,Forecast Increase,Normal
P00223,5.061437504439473,151.8431251331842,4.290620769019191,5.572538969057646,5.196428571428571,1.6227882050475833,291,4.678571428571429,0.0818339704145438,0.3828660758680442,Forecast Increase,Normal
P00224,10.285714285714286,308.5714285714286,10.285714285714286,10.285714285714286,10.196428571428571,1.8627413118318912,571,10.285714285714286,0.0,0.0,Stable,Normal
P00225,8.97538642668243,269.2615928004729,6.5464467778029904,10.525082886259662,8.839285714285714,1.2616985047479117,495,8.928571428571429,0.005243279788432147,0.046814998111001316,Forecast Increase,Normal
P00226,16.0,480.0,14.0,17.0,17.375,4.334061710346417,973,15.714285714285714,0.01818181818181823,0.2857142857142865,Forecast Increase,Normal
P00227,202.75803608547884,6082.741082564365,177.7370795970786,218.06189050164605,207.96428571428572,26.683303792797126,11646,199.75,0.015059004182622454,3.0080360854788353,Forecast Increase,Normal
P00228,25.821428571428573,774.6428571428572,25.821428571428573,25.821428571428573,26.767857142857142,6.43849522631032,1499,25.821428571428573,0.0,0.0,Stable,Normal
P00229,266.3931280998222,7991.793842994666,266.3931280998222,266.3931280998222,278.89285714285717,55.18520176194425,15618,268.07142857142856,-0.006260646576735647,-1.6783004716063488,Forecast Decrease,Normal
P00230,128.7338554279468,3862.0156628384034,96.02200038177676,147.93627216728373,119.10714285714286,19.896713818598805,6670,126.14285714285714,0.020540190255523873,2.590998285089654,Forecast Increase,Normal
P00231,564.9363312513537,16948.08993754061,479.44767283811007,621.8839149491511,510.80357142857144,64.04101516510043,28605,535.2857142857143,0.05539213204149343,29.650616965639415,Forecast Increase,Normal
P00232,113.0818298269733,3392.4548948091992,85.95164298412475,128.54028308965044,104.21428571428571,14.225092152715455,5836,108.85714285714286,0.038809460352773106,4.224686969830444,Forecast Increase,Normal
P00233,41.0415480037018,1231.246440111054,32.218854669627746,46.097145487670005,36.80357142857143,5.438648371047362,2061,38.92857142857143,0.05427829734279844,2.112976575130368,Forecast Increase,Normal
P00234,214.67081985079122,6440.124595523736,187.1044140423052,231.03859586740583,207.48214285714286,15.437841431105188,11619,212.92857142857142,0.008182313958764587,1.7422484222198023,Forecast Increase,Normal
P00235,2.0,60.0,2.0,2.0,2.3035714285714284,0.6854233690247179,129,2.0,0.0,0.0,Stable,Normal
P00236,0.0,0.0,0.0,0.0,60.25,101.36311862892644,3374,67.0,-1.0,-67.0,Forecast Decrease,Critical
P00237,12.0,360.0,12.0,12.0,10.714285714285714,2.667748698225363,600,10.607142857142858,0.13131313131313127,1.3928571428571423,Forecast Increase,Normal
P00238,20.672280010233894,620.1684003070168,20.67228001023389,20.67228001023389,22.464285714285715,5.506902398442703,1258,20.428571428571427,0.01192979071075015,0.24370858166246734,Forecast Increase,Normal
P00239,257.19259289210447,7715.777786763134,194.81115414833337,293.71530174120375,234.94642857142858,35.54276279375292,13157,246.85714285714286,0.041868142502738,10.33545003496161,Forecast Increase,Normal
P00240,13.720609513837767,411.618285415133,11.565071545449412,15.046811941690091,14.339285714285714,3.439221823791939,803,13.071428571428571,0.04966411581272533,0.6491809424091954,Forecast Increase,Normal
P00241,359.6910559343667,10790.731678031001,311.40867610002294,385.8667978546292,332.0892857142857,45.127003319203794,18597,328.60714285714283,0.09459293187286912,31.083913077223883,Forecast Increase,Normal
P00242,125.84363471971925,3775.3090415915776,105.95302969857669,137.00722075474528,132.07142857142858,19.55956603242064,7396,127.32142857142857,-0.011606796030255544,-1.4777938517093219,Forecast Decrease,Normal
P00243,144.1005199560029,4323.015598680087,144.10051995600293,144.10051995600293,149.17857142857142,40.291712273395355,8354,141.0,0.02198950323406311,3.1005199560028984,Forecast Increase,Normal
P00244,22.666666666666668,680.0,19.0,27.0,21.857142857142858,2.0398624858158847,1224,21.714285714285715,0.04385964912280702,0.9523809523809526,Forecast Increase,Normal
P00245,21.089711248590085,632.6913374577025,16.540043646584493,24.00842133962546,20.178571428571427,5.523856172366095,1130,18.571428571428573,0.13559983646254295,2.518282677161512,Forecast Increase,Normal
P00246,312.0,9360.0,312.0,312.0,326.4107142857143,62.9966165861207,18279,312.92857142857144,-0.0029673590504451556,-0.9285714285714448,Forecast Decrease,Normal
P00247,7.7948482608956144,233.84544782686842,6.809663644400192,8.349310935832555,8.125,0.7400859900898491,455,8.0,-0.025643967388048194,-0.20515173910438556,Forecast Decrease,Normal
P00248,179.95471920528792,5398.641576158638,158.8082529335721,193.4273929217609,176.10714285714286,21.736168911771,9862,172.57142857142858,0.04278396890481401,7.383290633859332,Forecast Increase,Normal
P00249,157.3,4719.0,133.0,169.0,161.875,20.951079382044412,9065,155.57142857142858,0.011111111111111105,1.7285714285714278,Forecast Increase,Normal
P00250,367.15715786066596,11014.714735819978,312.92026118916675,403.3125942877437,366.7142857142857,50.159278770265914,20536,361.35714285714283,0.01605064440587543,5.800015003523129,Forecast Increase,Normal
P00251,5.695229501566004,170.85688504698012,5.695229501566004,5.695229501566004,6.107142857142857,1.370846738049436,342,5.821428571428571,-0.02167836782915262,-0.12619906986256701,Forecast Decrease,Normal
P00252,21.46588763504394,643.9766290513182,18.44497129983523,23.3084219405854,22.464285714285715,2.1988781082781585,1258,22.25,-0.035241005166564435,-0.7841123649560586,Forecast Decrease,Normal
P00253,177.0,5310.0,177.0,177.0,184.73214285714286,43.6204668690069,10345,170.57142857142858,0.037688442211055204,6.428571428571416,Forecast Increase,Normal
P00254,9.566666666666666,287.0,7.0,11.0,9.214285714285714,1.4233671437735331,516,9.321428571428571,0.026309067688378037,0.24523809523809526,Forecast Increase,Normal
P00255,19.151295845295284,574.5388753588585,16.166173836167477,21.121964715820337,21.071428571428573,5.546029350665349,1180,19.392857142857142,-0.012456199505952194,-0.24156129756185862,Forecast Decrease,Normal
P00256,115.1575075117897,3454.7252253536913,100.5992447942978,123.76482444154006,108.91071428571429,10.009589557863157,6099,110.25,0.044512539789475766,4.907507511789703,Forecast Increase,Normal
P00257,157.3452706794242,4720.358120382726,138.5980986033677,168.8521356177776,155.01785714285714,17.939789267464626,8681,150.67857142857142,0.04424450794592985,6.666699250852787,Forecast Increase,Normal
P00258,0.0,0.0,0.0,0.0,137.03571428571428,210.35579939156028,7674,78.57142857142857,-1.0,-78.57142857142857,Forecast Decrease,Critical
P00259,184.56040192958744,5536.812057887623,160.45718277572718,198.9926054141021,174.01785714285714,13.682757658559073,9745,178.17857142857142,0.035817048311976095,6.381830501016026,Forecast Increase,Normal
P00260,15.905980182774401,477.179405483232,15.9059801827744,15.9059801827744,18.142857142857142,6.764690603496876,1016,16.214285714285715,-0.019014438066777068,-0.3083055315113139,Forecast Decrease,Normal
P00261,178.8955165598086,5366.865496794258,136.70981747098153,204.2079464535416,164.42857142857142,25.249199550125905,9208,170.5,0.049240566333188344,8.395516559808613,Forecast Increase,Normal
P00262,23.43772310590038,703.1316931770114,20.458799900804173,25.29647015928107,23.392857142857142,2.728160028821098,1310,22.535714285714285,0.04002574796388371,0.9020088201860936,Forecast Increase,Normal
P00263,8.006939117853381,240.20817353560145,8.006939117853381,8.006939117853381,8.25,2.6094234821298956,462,7.464285714285714,0.07269997751145776,0.5426534035676669,Forecast Increase,Normal
P00264,165.36632215840714,4960.989664752215,124.65740521531092,190.84129834742612,151.89285714285714,23.58171754977578,8506,160.53571428571428,0.030090549596307064,4.830607872692866,Forecast Increase,Normal
P00265,105.7360812876743,3172.082438630229,105.7360812876743,105.7360812876743,108.33928571428571,24.326772969649785,6067,104.92857142857143,0.007695805328413961,0.8075098591028649,Forecast Increase,Normal
P00266,49.642857142857146,1489.2857142857144,49.642857142857146,49.642857142857146,43.535714285714285,57.64277587338772,2438,49.642857142857146,0.0,0.0,Stable,Normal
P00267,74.8,2244.0,0.0,308.0,97.05357142857143,132.53780519231034,5435,98.0,-0.23673469387755106,-23.200000000000003,Forecast Decrease,Moderate
P00268,276.3237145163567,8289.7114354907,232.64156098176247,300.57423980173843,259.1607142857143,30.51841577308202,14513,269.10714285714283,0.026816722821232642,7.216571659213855,Forecast Increase,Normal
P00269,9.466799462069512,284.00398386208536,9.466799462069512,9.466799462069512,9.089285714285714,1.9934144824148583,509,9.071428571428571,0.043584192669080035,0.39537089064094033,Forecast Increase,Normal
P00270,14.93099536996051,447.9298610988153,12.958011751005785,16.055069057110636,14.714285714285714,1.3845154809113247,824,14.321428571428571,0.042563267727915896,0.6095667985319384,Forecast Increase,Normal
P00271,70.68604072730132,2120.5812218190395,61.35692669711875,76.89828740971248,66.07142857142857,10.404294817494872,3700,65.67857142857143,0.07624205566309779,5.007469298729887,Forecast Increase,Normal
P00272,355.0,10650.0,355.0,355.0,366.39285714285717,51.722222609709185,20518,354.57142857142856,0.001208702659145896,0.4285714285714448,Forecast Increase,Normal
P00273,267.27602619015045,8018.280785704514,267.27602619015045,267.27602619015045,273.51785714285717,59.85102446800831,15317,268.75,-0.005484553711068107,-1.4739738098495536,Forecast Decrease,Normal
P00274,316.8624418009649,9505.873254028947,273.20615803151406,341.476619761707,284.32142857142856,50.844185201762926,15922,282.17857142857144,0.12291461465979207,34.68387037239347,Forecast Increase,Normal
P00275,52.51894251047879,1575.5682753143635,39.32164699614928,60.31639941896903,48.107142857142854,7.225406113603131,2694,50.57142857142857,0.03851016263658623,1.9475139390502179,Forecast Increase,Normal
P00276,238.15367641385473,7144.610292415642,207.67180165482688,257.09694695179843,229.125,17.904862214188924,12831,235.25,0.012342939059956325,2.9036764138547255,Forecast Increase,Normal
P00277,122.17857142857143,3665.357142857143,122.17857142857144,122.17857142857144,162.25,205.65374695434957,9086,122.17857142857143,0.0,0.0,Stable,Normal
P00278,333.1106548118335,9993.319644355006,279.45065925601847,359.6947334576925,329.01785714285717,37.36478218927481,18425,339.5,-0.018819868006381406,-6.389345188166487,Forecast Decrease,Normal
P00279,82.19157224421345,2465.7471673264035,71.399848092874,89.08926963251297,80.875,6.685295940957426,4529,82.82142857142857,-0.007604992307901439,-0.6298563272151227,Forecast Decrease,Normal
P00280,0.0,0.0,0.0,0.0,125.875,166.3979963275345,7049,120.82142857142857,-1.0,-120.82142857142857,Forecast Decrease,Critical
P00281,212.42349160130192,6372.704748039057,185.02968181052063,227.97020320772887,218.89285714285714,30.231638196630183,12258,211.0,0.006746405693374023,1.4234916013019188,Forecast Increase,Normal
P00282,18.46510190502053,553.9530571506159,16.03076810110794,19.906305823609053,17.892857142857142,1.7443787268988193,1002,17.714285714285715,0.042384784960836225,0.7508161907348132,Forecast Increase,Normal
P00283,18.657752736769897,559.7325821030969,13.525108641403197,21.91247585189882,19.035714285714285,2.7367152554861076,1066,19.214285714285715,-0.028964541580748907,-0.5565329775158183,Forecast Decrease,Normal
P00284,14.917959923953594,447.53879771860784,12.978288889670017,16.200226718208388,15.732142857142858,3.8018706947002796,881,14.428571428571429,0.03391801453143721,0.48938849538216544,Forecast Increase,Normal
P00285,243.89025013693345,7316.707504108003,207.39344295001283,266.6905422096711,230.94642857142858,30.40300203051554,12933,242.89285714285714,0.004106308459658373,0.9973929940763071,Forecast Increase,Normal
P00286,2.219332677599876,66.57998032799628,2.2193326775998763,2.2193326775998763,2.767857142857143,1.1117728909444413,155,2.357142857142857,-0.05846492465459815,-0.13781017954298136,Forecast Decrease,Normal
P00287,201.56312515161983,6046.893754548595,177.01013384543072,216.05313411510537,190.25,15.591664439693405,10654,196.92857142857142,0.023534186479027126,4.634553723048413,Forecast Increase,Normal
P00288,46.868343832438526,1406.0503149731558,36.915491845501954,52.79892528672077,42.142857142857146,6.150915885765811,2360,43.92857142857143,0.06692164821811275,2.939772403867096,Forecast Increase,Normal
P00289,13.244752615970231,397.3425784791069,11.358360556502952,14.39407293797501,13.946428571428571,1.4575152312585449,781,13.714285714285714,-0.03423678841883725,-0.4695330983154822,Forecast Decrease,Normal
P00290,106.10317371853084,3183.0952115559253,78.41286396803437,122.88174254199954,99.85714285714286,14.83659918325879,5592,103.07142857142857,0.029414020831207064,3.0317451471022707,Forecast Increase,Normal
P00291,13.237769684198344,397.1330905259503,13.237769684198344,13.237769684198344,16.089285714285715,5.278694004165273,901,13.892857142857142,-0.04715282478777981,-0.655087458658798,Forecast Decrease,Normal
P00292,5.3,159.0,3.0,6.0,5.446428571428571,1.374040397145227,305,5.035714285714286,0.05248226950354609,0.26428571428571423,Forecast Increase,Normal
P00293,192.76212204022676,5782.863661206803,169.5934786109657,207.37409158760465,183.55357142857142,23.977201021619873,10279,177.85714285714286,0.08380309580850383,14.904979183083896,Forecast Increase,Normal
P00294,25.108321608127333,753.24964824382,25.108321608127333,25.108321608127333,24.375,4.875029137442061,1365,24.571428571428573,0.021850298005182112,0.5368930366987605,Forecast Increase,Normal
P00295,6.189496731044857,185.6849019313457,6.189496731044857,6.189496731044857,6.5,2.493628243780901,364,5.642857142857143,0.09687283841301252,0.5466395881877135,Forecast Increase,Normal
P00296,48.22698805360172,1446.8096416080516,42.77606704516516,51.3598977488158,46.80357142857143,3.877298229236635,2621,47.57142857142857,0.013780529655291508,0.6555594821731532,Forecast Increase,Normal
P00297,101.26413253921389,3037.9239761764165,88.39024833127702,108.71957349163536,96.5,7.755350059504374,5404,98.17857142857143,0.03142805059948667,3.085561110642459,Forecast Increase,Normal
P00298,25.022303799839122,750.6691139951737,19.27318559458208,28.934816701707767,26.714285714285715,6.781564007632044,1496,24.75,0.011002173730873616,0.272303799839122,Forecast Increase,Normal
P00299,183.00162639349807,5490.048791804942,138.3324550680651,207.89810764012992,169.07142857142858,25.735618856403637,9468,175.57142857142858,0.042320085235546305,7.430197822069488,Forecast Increase,Normal
P00300,18.23637224768763,547.0911674306288,15.402380182770733,20.073261694567183,19.839285714285715,4.975491883273398,1111,18.214285714285715,0.0012125939906933432,0.022086533401914465,Forecast Increase,Normal
P00301,4.433333333333334,133.0,3.0,5.0,4.732142857142857,1.2575744536581155,265,4.392857142857143,0.009214092140921375,0.04047619047619033,Forecast Increase,Normal
P00302,291.8797782557103,8756.393347671308,247.04935818524785,315.079252229376,274.94642857142856,34.094211528355686,15397,286.0,0.020558665229756214,5.879778255710278,Forecast Increase,Normal
P00303,272.1075286074626,8163.225858223877,209.9530021204104,303.1194790688326,254.96428571428572,38.064999091608485,14278,266.92857142857144,0.019402033851880156,5.178957178891153,Forecast Increase,Normal
P00304,245.23489959047856,7357.046987714357,215.79183015960436,266.9474978160078,244.26785714285714,20.858389261815088,13679,250.75,-0.02199441838293694,-5.5151004095214375,Forecast Decrease,Normal
P00305,0.0,0.0,0.0,0.0,109.26785714285714,162.0599766720983,6119,129.35714285714286,-1.0,-129.35714285714286,Forecast Decrease,Critical
P00306,28.66855371537643,860.0566114612928,24.946352642306035,30.804804792483083,30.0,3.453588384169819,1680,29.035714285714285,-0.012645136493800675,-0.3671605703378553,Forecast Decrease,Normal
P00307,51.87533519272251,1556.2600557816752,45.555136420182414,55.425832870619175,49.535714285714285,4.022501644563926,2774,50.57142857142857,0.025783464262874527,1.3039066212939403,Forecast Increase,Normal
P00308,3.0,90.0,3.0,3.0,3.1964285714285716,0.40089186286863654,179,3.1785714285714284,-0.05617977528089882,-0.17857142857142838,Forecast Decrease,Normal
P00309,248.6745975554219,7460.237926662658,214.6829466438384,270.8888352624461,225.44642857142858,29.042238608217247,12625,235.21428571428572,0.057225741201307814,13.460311841136189,Forecast Increase,Normal
P00310,5.5,165.0,5.5,5.5,5.678571428571429,1.2948449237740312,318,5.5,0.0,0.0,Stable,Normal
P00311,9.183807032177167,275.51421096531504,8.068703250015979,9.964180017999023,9.214285714285714,0.8886002417343749,516,9.142857142857142,0.004478894144377743,0.04094988932002508,Forecast Increase,Normal
P00312,12.466666666666667,374.0,10.0,14.0,13.464285714285714,3.5108366561225846,754,12.071428571428571,0.032741617357002005,0.3952380952380956,Forecast Increase,Normal
P00313,31.71032831263851,951.3098493791553,26.0100894418432,35.059280671481325,36.857142857142854,9.575401385232457,2064,33.142857142857146,-0.04322285263590713,-1.4325288302186365,Forecast Decrease,Normal
P00314,195.829232687927,5874.87698063781,195.829232687927,195.829232687927,205.83928571428572,53.57671705498211,11527,190.10714285714286,0.030099288984023292,5.722089830784142,Forecast Increase,Normal
P00315,271.35714285714283,8140.714285714285,271.35714285714283,271.35714285714283,268.67857142857144,64.41770144719743,15046,271.35714285714283,0.0,0.0,Stable,Normal
P00316,571.4519101668246,17143.55730500474,485.6671803195531,626.2288541393016,518.3571428571429,70.69201538335882,29028,544.7142857142857,0.049085594326717226,26.737624452538967,Forecast Increase,Normal
P00317,5.080528773918774,152.4158632175632,3.661828156120943,5.92205463736454,4.910714285714286,0.7453317922371758,275,5.071428571428571,0.0017944061248286603,0.009100202490202491,Forecast Increase,Normal
P00318,21.19514097359995,635.8542292079985,21.19514097359995,21.19514097359995,22.482142857142858,6.7581360298090045,1259,20.75,0.021452577040961502,0.4451409735999512,Forecast Increase,Normal
P00319,8.234570469370874,247.03711408112622,5.705761637393545,9.848256040707009,9.446428571428571,2.4414574101782502,529,8.714285714285714,-0.05504929040006352,-0.4797152449148392,Forecast Decrease,Normal
P00320,19.531210171003167,585.936305130095,14.369701648021088,22.66808410194535,18.375,3.0245209988901176,1029,18.428571428571427,0.0598331100544355,1.1026387424317399,Forecast Increase,Normal
P00321,123.51471159617135,3705.4413478851407,92.73686251412845,143.669230075952,112.28571428571429,15.96213050910218,6288,117.5,0.05118903486103279,6.014711596171352,Forecast Increase,Normal
P00322,0.0,0.0,0.0,0.0,196.875,248.3873853113684,11025,214.10714285714286,-1.0,-214.10714285714286,Forecast Decrease,Critical
P00323,153.53894188841207,4606.168256652362,133.606677489374,164.33885255224294,147.91071428571428,11.562127494877066,8283,152.28571428571428,0.008229449548672175,1.253227602697791,Forecast Increase,Normal
P00324,9.824796938224036,294.7439081467211,8.658727557828238,10.505086986804695,9.464285714285714,0.9527813011348455,530,9.392857142857142,0.04598598581852864,0.431939795366894,Forecast Increase,Normal
P00325,276.0,8280.0,276.0,276.0,319.8392857142857,74.6133735966986,17911,329.57142857142856,-0.16254876462938878,-53.571428571428555,Forecast Decrease,Normal
P00326,0.0,0.0,0.0,0.0,14.071428571428571,19.95982978872328,788,18.035714285714285,-1.0,-18.035714285714285,Forecast Decrease,Critical
P00327,233.54981750303236,7006.4945250909705,176.43292396920145,269.1999798990408,212.46428571428572,31.05184186351725,11898,224.5,0.04031099110482119,9.049817503032358,Forecast Increase,Normal
P00328,238.7675423041056,7163.026269123168,178.62112859422206,274.3373578217592,219.375,35.89457416581863,12285,229.17857142857142,0.04184060846422896,9.588970875534187,Forecast Increase,Normal
P00329,28.0,840.0,28.0,28.0,26.375,5.851379013842495,1477,25.571428571428573,0.09497206703910609,2.428571428571427,Forecast Increase,Normal
P00330,27.832518009032533,834.975540270976,20.246376168422124,32.460946101451,29.607142857142858,7.714634431752708,1658,27.357142857142858,0.017376637405888927,0.4753751518896756,Forecast Increase,Normal
P00331,29.9,897.0,22.0,37.0,27.821428571428573,4.005029305792873,1558,28.357142857142858,0.054408060453400436,1.542857142857141,Forecast Increase,Normal
P00332,0.0,0.0,0.0,0.0,22.267857142857142,29.229804883141004,1247,28.071428571428573,-1.0,-28.071428571428573,Forecast Decrease,Critical
P00333,32.79280312758094,983.7840938274283,27.92363138316385,35.801863810528644,31.892857142857142,7.9032296538212155,1786,29.178571428571427,0.1238659578607911,3.614231699009512,Forecast Increase,Normal
P00334,25.20928218924444,756.2784656773332,21.097908198420114,27.57540055472729,26.625,6.198423553247592,1491,24.285714285714285,0.0380292666159476,0.9235679035301558,Forecast Increase,Normal
P00335,17.693573298173337,530.8071989452001,12.450412878310544,21.010069119186166,18.821428571428573,4.843391534703917,1054,17.428571428571427,0.01520502530502764,0.2650018696019103,Forecast Increase,Normal
P00336,5.0,150.0,4.0,6.0,5.285714285714286,1.5575538597345606,296,4.75,0.05263157894736842,0.25,Forecast Increase,Normal
P00337,251.9800260494453,7559.400781483359,214.7561309557708,275.5553807756476,256.10714285714283,41.64293176799358,14342,247.28571428571428,0.018983352019709566,4.6943117637310365,Forecast Increase,Normal
P00338,765.347649926838,22960.42949780514,641.5442019185255,836.9230801238874,693.0714285714286,93.36942406724671,38812,716.0357142857143,0.06886798333839408,49.31193564112368,Forecast Increase,Normal
P00339,301.81579053580174,9054.473716074051,227.792700082819,344.1619754049895,264.51785714285717,42.143474021459134,14813,279.17857142857144,0.08108508826947015,22.637219107230294,Forecast Increase,Normal
P00340,13.964897194882914,418.9469158464874,10.378778294642402,16.17522642143485,13.535714285714286,3.2303351118831216,758,12.714285714285714,0.09836270072112813,1.2506114805972004,Forecast Increase,Normal
P00341,45.01460520207302,1350.4381560621907,38.16293107164279,49.08934810188047,41.642857142857146,5.128985621591616,2332,43.17857142857143,0.04252187399341979,1.8360337735015904,Forecast Increase,Normal
P00342,172.0631864114617,5161.895592343851,145.39550631188257,188.0729751397004,161.625,22.783217507630482,9051,167.5,0.027242903949024993,4.563186411461686,Forecast Increase,Normal
P00343,22.522095396858774,675.6628619057632,22.522095396858774,22.522095396858774,26.089285714285715,10.219903550006162,1461,23.0,-0.020778461006140277,-0.4779046031412264,Forecast Decrease,Normal
P00344,22.071513605230773,662.1454081569232,16.42945795225492,25.428927352485385,21.196428571428573,3.0296693060293074,1187,21.464285714285715,0.028290151325227334,0.6072278909450581,Forecast Increase,Normal
P00345,14.988790899216825,449.66372697650473,13.07332759348513,16.070019465831667,14.589285714285714,1.2901978102641432,817,14.357142857142858,0.04399538601510222,0.6316480420739676,Forecast Increase,Normal
P00346,52.32837408810223,1569.8512226430669,44.30812980011109,56.93863641064668,49.410714285714285,6.813827613995435,2767,51.07142857142857,0.024611520606197545,1.2569455166736603,Forecast Increase,Normal
P00347,139.35533198340127,4180.659959502038,121.95192261835138,149.48084837216652,134.71428571428572,8.878399294128082,7544,136.53571428571428,0.020651136681986874,2.8196176976869936,Forecast Increase,Normal
P00348,13.985614059948952,419.5684217984686,10.305171642255722,16.26177526818939,14.410714285714286,3.696567379287223,807,13.357142857142858,0.04705131999617822,0.6284712028060948,Forecast Increase,Normal
P00349,28.0,840.0,28.0,28.0,28.089285714285715,6.144552016259565,1573,28.0,0.0,0.0,Stable,Normal
P00350,292.3497458159358,8770.492374478075,250.08277206832304,320.49917346962434,276.23214285714283,33.7703425946649,15469,283.85714285714283,0.02991858113314087,8.492602958792986,Forecast Increase,Normal
P00351,111.83286776133242,3354.9860328399727,83.85137957672644,128.26014918688205,101.32142857142857,14.13198453908676,5674,106.64285714285714,0.04866721276534091,5.190010618475284,Forecast Increase,Normal
P00352,160.9137664092277,4827.412992276831,160.9137664092277,160.9137664092277,165.0,32.98980558789751,9240,157.14285714285714,0.023996695331448967,3.770909266370552,Forecast Increase,Normal
P00353,30.966666666666665,929.0,0.0,71.0,23.017857142857142,30.288006069867187,1289,27.214285714285715,0.1378827646544181,3.7523809523809497,Forecast Increase,Normal
P00354,27.3,819.0,21.0,30.0,28.785714285714285,7.164849261154413,1612,26.75,0.02056074766355143,0.5500000000000007,Forecast Increase,Normal
P00355,11.960358228406673,358.81074685220017,10.491161937138598,13.001412088786187,12.857142857142858,3.408164376256582,720,11.607142857142858,0.030430862755036356,0.35321537126381486,Forecast Increase,Normal
P00356,154.8,4644.0,128.0,172.0,150.05357142857142,14.38739302035216,8403,153.57142857142858,0.007999999999999993,1.2285714285714278,Forecast Increase,Normal
P00357,9.953069876111458,298.5920962833437,9.953069876111456,9.953069876111456,11.214285714285714,4.685429196268658,628,10.035714285714286,-0.00823503013836011,-0.08264440960282826,Forecast Decrease,Normal
P00358,309.5320503443156,9285.96151032947,265.16309193448984,336.37814698496254,287.32142857142856,37.48022855409946,16090,299.57142857142856,0.03324957196481138,9.960621772887066,Forecast Increase,Normal
P00359,273.6952337352713,8210.857012058139,234.0563439426944,296.3391940214208,279.2142857142857,38.244055645391384,15636,272.67857142857144,0.003728427581872428,1.0166623066998568,Forecast Increase,Normal
P00360,321.64441136214,9649.332340864199,273.6491673440079,348.5503970642544,303.0357142857143,40.69441073335577,16970,316.85714285714283,0.015108602134797118,4.787268504997144,Forecast Increase,Normal
P00361,9.785714285714286,293.5714285714286,9.785714285714286,9.785714285714286,9.410714285714286,1.9888487827181536,527,9.785714285714286,0.0,0.0,Stable,Normal
P00362,121.36284739154235,3640.8854217462704,92.28370545061564,138.9894968049646,108.375,16.83131551062429,6069,113.46428571428571,0.06961275636234997,7.898561677256637,Forecast Increase,Normal
P00363,56.96683383156895,1709.0050149470685,49.99252038535582,61.26566715157268,52.785714285714285,4.6189896010994556,2956,54.25,0.05007988629620181,2.716833831568948,Forecast Increase,Normal
P00364,203.5869455908158,6107.608367724473,175.81960206304456,221.1284053402701,196.16071428571428,15.700349487383203,10985,199.78571428571428,0.019026542106335767,3.80123130510151,Forecast Increase,Normal
P00365,36.18837002944456,1085.651100883337,31.43500900632853,39.10836648890246,31.910714285714285,4.881418518550398,1787,31.642857142857142,0.1436505201178869,4.545512886587421,Forecast Increase,Normal
P00366,18.743010245751165,562.2903073725349,16.344570935150504,20.35731245901012,18.392857142857142,1.8058346992565408,1030,18.214285714285715,0.029028013492220773,0.5287245314654498,Forecast Increase,Normal
P00367,217.46648346835028,6523.994504050508,188.69579158210243,234.90200511226024,230.41071428571428,30.53509264955459,12903,220.78571428571428,-0.015033720945679722,-3.3192308173640015,Forecast Decrease,Normal
P00368,239.2220441909559,7176.661325728677,208.0024541816205,258.5480195467056,233.30357142857142,30.267245808483608,13065,228.07142857142858,0.04889089216203645,11.150615619527315,Forecast Increase,Normal
P00369,14.649728572075553,439.49185716226657,14.649728572075553,14.649728572075553,15.428571428571429,3.912019440633713,864,13.857142857142858,0.05719690726318418,0.7925857149326951,Forecast Increase,Normal
P00370,14.814729454565015,444.4418836369504,13.015131413468392,16.043817972405627,15.607142857142858,4.145878880082208,874,13.892857142857142,0.06635584762935844,0.9218723117078724,Forecast Increase,Normal
P00371,5.014797984834824,150.4439395450447,4.119336416966665,5.592637118138491,5.607142857142857,1.4482412082945986,314,5.178571428571429,-0.03162521672155126,-0.16377344373660474,Forecast Decrease,Normal
P00372,24.3960705940507,731.882117821521,20.004545805961804,26.86821983274936,26.785714285714285,7.455844042736567,1500,23.642857142857142,0.03185797074534678,0.753213451193556,Forecast Increase,Normal
P00373,24.613016119500195,738.3904835850059,21.30238185888808,26.84830262429723,26.321428571428573,6.619824614147866,1474,23.642857142857142,0.04103391441994783,0.9701589766430523,Forecast Increase,Normal
P00374,226.21078451508643,6786.323535452593,191.46990299622703,250.085281360584,207.21428571428572,27.46482993060184,11604,214.53571428571428,0.05442017087105382,11.675070229372153,Forecast Increase,Normal
P00375,11.393704072331612,341.81112216994836,11.393704072331612,11.393704072331612,12.803571428571429,4.346031179477088,717,11.535714285714286,-0.012310482893854106,-0.14201021338267417,Forecast Decrease,Normal
P00376,23.7172751595422,711.518254786266,23.717275159542197,23.717275159542197,24.089285714285715,4.585656632724126,1349,23.392857142857142,0.013868251094933792,0.3244180166850583,Forecast Increase,Normal
P00377,222.16630096931618,6664.989029079486,191.39673446889347,241.44649100053573,231.42857142857142,32.64400662956629,12960,223.92857142857142,-0.007869788334792113,-1.7622704592552338,Forecast Decrease,Normal
P00378,8.0,240.0,6.0,9.0,8.303571428571429,2.1483155588180574,465,7.714285714285714,0.03703703703703702,0.2857142857142856,Forecast Increase,Normal
P00379,225.3422068303524,6760.266204910572,193.6813160913736,244.7812709451315,224.25,31.445913161259202,12558,223.03571428571428,0.010341359687729016,2.3064925446381324,Forecast Increase,Normal
P00380,7.0,210.0,5.0,8.0,6.803571428571429,1.051745611433122,381,6.928571428571429,0.010309278350515427,0.07142857142857117,Forecast Increase,Normal
P00381,4.6,138.0,3.0,6.0,4.642857142857143,1.3406724422477692,260,4.25,0.0823529411764705,0.34999999999999964,Forecast Increase,Normal
P00382,708.9020807356909,21267.06242207073,594.056328496387,773.5462710769428,655.5535714285714,78.72412582565137,36711,671.7857142857143,0.05525030625195874,37.11636644997657,Forecast Increase,Normal
P00383,252.56663794882613,7576.999138464784,219.47795963229865,273.4335028041264,241.14285714285714,21.86273589419268,13504,246.46428571428572,0.02475958014304178,6.102352234540405,Forecast Increase,Normal
P00384,239.41236228052887,7182.370868415866,239.41236228052887,239.41236228052887,236.08928571428572,56.551594073092154,13221,232.35714285714286,0.03036368642096652,7.055219423386006,Forecast Increase,Normal
P00385,53.39582603381795,1601.8747810145385,47.15604192931555,56.77205224680261,51.589285714285715,4.008068161796949,2889,53.0,0.007468415732414096,0.3958260338179471,Forecast Increase,Normal
P00386,238.49941362884493,7154.982408865348,238.49941362884493,238.49941362884493,262.3392857142857,61.68166864436503,14691,250.71428571428572,-0.04872028752027665,-12.214872085440788,Forecast Decrease,Normal
P00387,14.385230517497401,431.55691552492203,10.705491477794071,16.542980777278938,13.410714285714286,2.0518442765144087,751,13.642857142857142,0.05441480232965249,0.742373374640259,Forecast Increase,Normal
P00388,11.338530345090533,340.155910352716,11.338530345090533,11.338530345090533,11.303571428571429,4.207869868611531,633,10.285714285714286,0.1023571168838017,1.0528160593762461,Forecast Increase,Normal
P00389,94.39285714285714,2831.785714285714,94.39285714285714,94.39285714285714,85.625,137.7532131286698,4795,94.39285714285714,0.0,0.0,Stable,Normal
P00390,39.57927227007552,1187.3781681022656,39.57927227007552,39.57927227007552,38.44642857142857,9.298914194399536,2153,38.892857142857146,0.017648873794411837,0.6864151272183747,Forecast Increase,Normal
P00391,199.53421101826805,5986.026330548041,174.0694578539486,213.94558442008795,202.94642857142858,26.950068067282672,11365,196.75,0.014151008987385276,2.784211018268053,Forecast Increase,Normal
P00392,18.304171012963774,549.1251303889132,13.480179054311623,21.168957252324383,17.464285714285715,2.3738291714158657,978,17.607142857142858,0.03958780601011291,0.6970281558209166,Forecast Increase,Normal
P00393,7.011078775621892,210.33236326865676,6.02353265578571,7.591393750369853,7.071428571428571,0.7350236324498282,396,7.0,0.0015826822316989159,0.011078775621892412,Forecast Increase,Normal
P00394,189.70577003267124,5691.173100980137,159.31058569413756,208.15616521594532,170.67857142857142,21.724813749892842,9558,179.92857142857142,0.05433933325025706,9.777198604099823,Forecast Increase,Normal
P00395,7.329435602861888,219.88306808585662,6.453195238942511,7.8957235173172995,6.964285714285714,0.686606562325595,390,6.928571428571429,0.057856684949138384,0.40086417429045884,Forecast Increase,Normal
P00396,31.16115056212154,934.8345168636463,31.16115056212154,31.16115056212154,32.339285714285715,6.565133207024366,1811,31.785714285714285,-0.019649195798423384,-0.6245637235927433,Forecast Decrease,Normal
P00397,154.04599488542118,4621.379846562635,134.4932532060716,165.9881588750255,156.53571428571428,22.557372740083554,8766,149.75,0.02868777886758718,4.29599488542118,Forecast Increase,Normal
P00398,27.43141079420418,822.9423238261254,20.708962324990097,31.657542316077304,24.892857142857142,3.5454378953987997,1394,25.0,0.09725643176816717,2.4314107942041794,Forecast Increase,Normal
P00399,60.02421408136828,1800.7264224410483,50.82168847140578,65.73170155398174,54.964285714285715,6.602931265635078,3078,56.964285714285715,0.053716610832797336,3.0599283670825628,Forecast Increase,Normal
P00400,66.0,1980.0,66.0,66.0,26.767857142857142,28.353605556471088,1499,26.642857142857142,1.477211796246649,39.35714285714286,Forecast Increase,Critical
P00401,22.585533321396966,677.565999641909,18.980297174863747,24.58554000486314,24.607142857142858,5.845522206794693,1378,22.571428571428573,0.0006248939859414548,0.014104749968392838,Forecast Increase,Normal
P00402,201.35441002919657,6040.632300875897,172.50457979292145,218.56373914146903,216.16071428571428,29.921580406555638,12105,205.89285714285714,-0.02204276134995592,-4.538447113660567,Forecast Decrease,Normal
P00403,121.32078359265537,3639.6235077796614,92.77284098046285,138.78611118942283,108.75,17.406634054029777,6090,115.17857142857143,0.05332773351762803,6.1422121640839435,Forecast Increase,Normal
P00404,151.3411223599026,4540.233670797078,129.7606696718156,164.64869721281516,147.16071428571428,20.303852554907618,8241,145.53571428571428,0.03988992050976034,5.805408074188335,Forecast Increase,Normal
P00405,19.555018121728462,586.6505436518539,14.71045175372116,22.44376635563496,17.607142857142858,2.774419326165855,986,18.25,0.0715078422864911,1.3050181217284624,Forecast Increase,Normal
P00406,75.30622027614497,2259.186608284349,65.58228888332353,81.11163741383044,78.21428571428571,9.984923700194273,4380,74.78571428571429,0.006959965488089293,0.5205059904306779,Forecast Increase,Normal
P00407,2.7333333333333334,82.0,2.0,3.0,2.767857142857143,0.4260205470320728,155,2.7142857142857144,0.007017543859649098,0.01904761904761898,Forecast Increase,Normal
P00408,21.036646878042525,631.0994063412758,16.096646983301746,24.183367129970204,21.285714285714285,5.941271017105793,1192,19.607142857142858,0.0729073088983437,1.4295040208996674,Forecast Increase,Normal
P00409,275.23004671163557,8256.901401349067,237.60426132516216,297.2463362222101,255.76785714285714,34.13022711025235,14323,250.28571428571428,0.09966342864237958,24.94433242592129,Forecast Increase,Normal
P00410,15.41073880154186,462.3221640462558,15.41073880154186,15.41073880154186,17.035714285714285,6.152499228219922,954,14.857142857142858,0.03726126548839444,0.5535959443990031,Forecast Increase,Normal
P00411,22.201167865864928,666.0350359759478,19.090425424693912,24.0094979057464,22.357142857142858,2.1526184598684077,1252,22.0,0.009143993902951276,0.20116786586492807,Forecast Increase,Normal
P00412,218.36600794962112,6550.980238488633,218.36600794962112,218.36600794962112,225.78571428571428,51.993606000498424,12644,220.64285714285714,-0.010319161121820734,-2.2768491932360178,Forecast Decrease,Normal
P00413,105.55493623493408,3166.6480870480223,91.92989451759036,113.66372876631178,94.96428571428571,14.006445640508497,5318,93.82142857142857,0.12506212964528138,11.733507663505506,Forecast Increase,Normal
P00414,184.15624639589134,5524.687391876741,155.66227228173813,203.0694599213713,168.125,23.55269720126647,9415,174.32142857142858,0.05641772159085377,9.83481782446276,Forecast Increase,Normal
P00415,58.54756038296212,1756.4268114888634,43.49884855012063,67.11377458191576,54.642857142857146,8.037250935326245,3060,56.42857142857143,0.03755170298920205,2.1189889543906872,Forecast Increase,Normal
P00416,5.0,150.0,5.0,5.0,5.732142857142857,1.1983484305655687,321,5.785714285714286,-0.13580246913580246,-0.7857142857142856,Forecast Decrease,Normal
P00417,20.676772693212566,620.303180796377,18.0779683962132,22.38581828857861,20.410714285714285,2.1386213546818653,1143,20.214285714285715,0.022879214505215236,0.46248697892685087,Forecast Increase,Normal
P00418,27.37573669818785,821.2721009456355,20.63093597123908,31.35755979278429,24.785714285714285,3.586410135823517,1388,25.178571428571427,0.08726330148831186,2.1971652696164234,Forecast Increase,Normal
P00419,734.5806357176863,22037.41907153059,626.9252169350798,798.5698296209423,668.7857142857143,93.87452249692656,37452,710.4285714285714,0.03399647094787931,24.152064289114833,Forecast Increase,Normal
P00420,529.2741619669472,15878.224859008416,449.1814770681272,579.7873531760268,481.82142857142856,56.54832435194687,26982,502.7142857142857,0.05283294508912483,26.559876252661468,Forecast Increase,Normal
P00421,47.035714285714285,1411.0714285714284,47.035714285714285,47.035714285714285,44.55357142857143,58.75091322860273,2495,47.035714285714285,0.0,0.0,Stable,Normal
P00422,78.33864233293299,2350.15926998799,68.03599199393093,84.03606787983,77.17857142857143,6.246765396753584,4322,78.57142857142857,-0.002962733944489173,-0.2327862384955779,Forecast Decrease,Normal
P00423,30.84262621262322,925.2787863786966,26.07147155769832,33.72662567606117,32.214285714285715,8.73595347497245,1804,29.392857142857142,0.049323856565553055,1.4497690697660772,Forecast Increase,Normal
P00424,185.81981129825235,5574.594338947571,139.03998839529584,212.62100604606184,174.08928571428572,27.865440822061156,9749,181.75,0.022392359275116076,4.069811298252347,Forecast Increase,Normal
P00425,24.450752085386725,733.5225625616017,20.521915341368885,26.661826568521985,25.482142857142858,6.7041129070243,1427,23.285714285714285,0.05003229814544222,1.1650377996724401,Forecast Increase,Normal
P00426,238.56454514128447,7156.9363542385345,207.74407320222568,256.54610237525964,229.30357142857142,19.570775655049015,12841,235.32142857142858,0.013781645766575321,3.2431165698558857,Forecast Increase,Normal
P00427,21.484510231148132,644.535306934444,15.750836847330644,25.118399830921007,20.982142857142858,2.9013543635442303,1175,21.25,0.011035775583441505,0.23451023114813196,Forecast Increase,Normal
P00428,212.62082309273077,6378.624692781923,187.01347817459092,228.56149244928173,219.41071428571428,26.676361197757966,12287,211.75,0.0041125057507946814,0.8708230927307739,Forecast Increase,Normal
P00429,3.566666666666667,107.0,3.0,4.0,3.482142857142857,0.5042031130613726,195,3.5357142857142856,0.00875420875420885,0.030952380952381287,Forecast Increase,Normal
P00430,28.372446874486517,851.1734062345955,24.00105337541701,31.039250107209693,30.178571428571427,7.718000548557411,1690,27.0,0.05083136572172285,1.372446874486517,Forecast Increase,Normal
P00431,33.78309375227461,1013.4928125682383,28.607900306643728,37.35203772167705,34.839285714285715,9.261409250146622,1951,31.821428571428573,0.06164604384252416,1.9616651808460368,Forecast Increase,Normal
P00432,163.35244021964817,4900.573206589445,143.75546235930204,175.72276376494946,160.71428571428572,12.23811376689351,9000,162.5,0.00524578596706568,0.8524402196481731,Forecast Increase,Normal
P00433,223.64891312859888,6709.467393857966,171.34432838772656,253.72293047358752,198.39285714285714,29.133347697302977,11110,206.96428571428572,0.08061597370159937,16.684627414313155,Forecast Increase,Normal
P00434,10.00249176397852,300.0747529193556,10.00249176397852,10.00249176397852,10.357142857142858,3.6751181622491402,580,9.357142857142858,0.06896858546335327,0.6453489068356628,Forecast Increase,Normal
P00435,30.107253459166156,903.2176037749847,26.574823669644736,32.425866159393536,30.660714285714285,8.211470437945126,1717,27.107142857142858,0.1106760169389359,3.000110602023298,Forecast Increase,Normal
P00436,71.56001923042302,2146.8005769126908,60.49573557847452,78.44985870544782,64.80357142857143,8.236105970568955,3629,68.75,0.04087300698797125,2.8100192304230234,Forecast Increase,Normal
P00437,23.218237736501393,696.5471320950418,19.622025095743872,25.793948956985247,24.464285714285715,6.2782866386366205,1370,22.178571428571427,0.046877063803605575,1.0396663079299664,Forecast Increase,Normal
P00438,68.38568880384955,2051.5706641154866,68.38568880384955,68.38568880384955,67.82142857142857,16.157303040991756,3798,65.35714285714286,0.04633840792775257,3.0285459467066858,Forecast Increase,Normal
P00439,370.9247634751264,11127.742904253791,322.51721191706054,399.14651406079,355.6607142857143,27.7326697962164,19917,362.07142857142856,0.02445190148979475,8.853334903697828,Forecast Increase,Normal
P00440,6.871739835380505,206.15219506141514,6.871739835380505,6.871739835380505,7.285714285714286,1.7960996703897112,408,6.535714285714286,0.05141374530412101,0.33602554966621945,Forecast Increase,Normal
P00441,8.5409734143277,256.229202429831,8.5409734143277,8.5409734143277,8.482142857142858,3.07477166294032,475,7.714285714285714,0.10716322037581298,0.8266877000419859,Forecast Increase,Normal
P00442,127.37863105052443,3821.358931515733,110.28821176889988,137.88821333763275,134.80357142857142,18.60148541757512,7549,129.64285714285714,-0.017465104844439604,-2.2642260923327058,Forecast Decrease,Normal
P00443,28.623426807928148,858.7028042378445,21.54189831217156,33.084428327594466,26.160714285714285,4.176892214485379,1465,26.5,0.08012931350672256,2.1234268079281478,Forecast Increase,Normal
P00444,7.951577732783611,238.54733198350834,6.925038572647614,8.596983323261373,7.75,0.8366600265340757,434,7.642857142857143,0.04039334821467803,0.3087205899264678,Forecast Increase,Normal
P00445,59.00909411021745,1770.2728233065234,59.00909411021745,59.00909411021745,56.82142857142857,13.511082512121321,3182,55.714285714285715,0.059137586593646464,3.2948083959317316,Forecast Increase,Normal
P00446,311.8627322901886,9355.881968705658,268.5809253727388,341.8881861031805,312.92857142857144,52.55053226712782,17524,306.57142857142856,0.017259611384585434,5.291303718760048,Forecast Increase,Normal
P00447,227.14151032293142,6814.245309687943,198.61291447211133,244.5657231307725,216.98214285714286,30.610450426687198,12151,215.67857142857142,0.05314825120749797,11.462938894360008,Forecast Increase,Normal
P00448,470.34463640781735,14110.33909223452,408.3960324735704,508.52928396251326,451.67857142857144,40.749392474158284,25294,465.67857142857144,0.010019926330154557,4.666064979245903,Forecast Increase,Normal
P00449,6.0,180.0,6.0,6.0,6.285714285714286,1.2893167424406082,352,5.964285714285714,0.005988023952095787,0.03571428571428559,Forecast Increase,Normal
P00450,23.50765595708466,705.2296787125398,19.719977153134707,26.29459044385829,26.410714285714285,7.421778237578392,1479,23.75,-0.010203959701698594,-0.24234404291534162,Forecast Decrease,Normal
P00451,219.96346446576456,6598.903933972937,185.60256322727548,241.56754292307025,205.48214285714286,27.315657229327822,11507,213.96428571428572,0.02803822484416749,5.999178751478837,Forecast Increase,Normal
P00452,63.81298011858738,1914.3894035576216,56.20090215201206,68.14883247675063,60.92857142857143,4.564117530385129,3412,62.535714285714285,0.020424582136177472,1.2772658328730984,Forecast Increase,Normal
P00453,21.0,630.0,21.0,21.0,21.017857142857142,2.144685367291744,1177,21.0,0.0,0.0,Stable,Normal
P00454,199.0772252548369,5972.316757645107,199.0772252548369,199.0772252548369,198.94642857142858,52.431572598910336,11141,199.5,-0.002119171654952934,-0.4227747451631103,Forecast Decrease,Normal
P00455,17.0,510.0,17.0,17.0,22.339285714285715,8.488016763144888,1251,19.678571428571427,-0.13611615245009068,-2.678571428571427,Forecast Decrease,Normal
P00456,105.73129064720163,3171.938719416049,94.05900667213793,111.5329602802579,102.05357142857143,8.789290265807777,5715,104.32142857142857,0.013514597097448053,1.4098620757730629,Forecast Increase,Normal
P00457,11.2055754496032,336.167263488096,11.2055754496032,11.2055754496032,13.160714285714286,3.841291381881811,737,11.821428571428571,-0.05209633658945734,-0.6158531218253707,Forecast Decrease,Normal
P00458,134.5970520285828,4037.9115608574834,103.51347565287486,150.53927859036273,127.44642857142857,18.050353451948244,7137,131.14285714285714,0.02633917668853986,3.4541948857256557,Forecast Increase,Normal
P00459,24.26261554456084,727.8784663368252,24.26261554456084,24.26261554456084,26.767857142857142,8.303320412348898,1499,24.214285714285715,0.001995922194252984,0.04832983027512583,Forecast Increase,Normal
P00460,13.130262252703378,393.90786758110136,11.087480307818568,14.51059757115416,13.875,3.6930524452864675,777,12.464285714285714,0.053430782451847035,0.6659765384176648,Forecast Increase,Normal
P00461,7.931565985832349,237.94697957497047,7.931565985832349,7.931565985832349,9.589285714285714,3.268454100609676,537,8.428571428571429,-0.058966747443619634,-0.49700544273907976,Forecast Decrease,Normal
P00462,131.45435228924552,3943.6305686773653,100.16731455981474,150.07857464951758,118.44642857142857,17.955419179792994,6633,123.78571428571429,0.06195091289638614,7.668638003531228,Forecast Increase,Normal
P00463,0.0,0.0,0.0,0.0,86.33928571428571,138.91937187849965,4835,121.78571428571429,-1.0,-121.78571428571429,Forecast Decrease,Critical
P00464,99.33830108542001,2980.1490325626005,74.45214735024244,114.10071590966302,88.75,13.149835809552213,4970,93.28571428571429,0.06488224747004602,6.052586799705722,Forecast Increase,Normal
P00465,380.6461145150312,11419.383435450934,324.7772331949022,413.7130716590429,376.375,64.36389798354635,21077,361.7857142857143,0.0521314122824159,18.860400229316895,Forecast Increase,Normal
P00466,9.723114956207569,291.69344868622704,8.500958222994326,10.590412162385451,9.267857142857142,0.94370780201523,519,8.964285714285714,0.0846502739992508,0.7588292419218554,Forecast Increase,Normal
P00467,26.698247944017357,800.9474383205207,19.782252017881444,30.59713299562424,25.392857142857142,3.6014066515918297,1422,25.714285714285715,0.038265197822897175,0.9839622297316417,Forecast Increase,Normal
P00468,35.01133374704588,1050.3400124113764,30.36003670955129,37.72713244036112,36.267857142857146,4.88965911222513,2031,34.714285714285715,0.008556939215313433,0.29704803276016634,Forecast Increase,Normal
P00469,19.874435143870027,596.2330543161008,19.874435143870027,19.874435143870027,20.410714285714285,6.491327881284202,1143,18.142857142857142,0.09544130714244246,1.7315780010128847,Forecast Increase,Normal
P00470,288.52720501286313,8655.816150385894,288.52720501286313,288.52720501286313,296.42857142857144,62.38468843113148,16600,284.7142857142857,0.013392089859529296,3.8129192985774125,Forecast Increase,Normal
P00471,5.284200275208496,158.5260082562549,3.574000994716588,6.33972840001681,6.285714285714286,1.7859480366489924,352,5.642857142857143,-0.06355944489976023,-0.358656867648647,Forecast Decrease,Normal
P00472,284.0676300693978,8522.028902081935,284.0676300693978,284.0676300693978,311.1607142857143,77.96684068726428,17425,294.35714285714283,-0.03495587940510322,-10.289512787745025,Forecast Decrease,Normal
P00473,13.610021906299004,408.3006571889701,9.971084859868608,15.867727011995736,13.928571428571429,3.770011540166292,780,12.821428571428571,0.06150588684226214,0.7885933348704324,Forecast Increase,Normal
P00474,313.6166377420095,9408.499132260285,313.6166377420095,313.6166377420095,313.3392857142857,85.03074883095668,17547,299.7142857142857,0.04638534994950741,13.902352027723794,Forecast Increase,Normal
P00475,205.63140400478414,6168.942120143524,178.8664867240659,222.8426808455469,199.01785714285714,15.863613106074572,11145,203.71428571428572,0.009410819097818341,1.917118290498422,Forecast Increase,Normal
P00476,83.46580960976594,2503.974288292978,72.94673932718415,90.37285243047658,87.78571428571429,10.608254565905971,4916,84.21428571428571,-0.00888775696630767,-0.7484761045197672,Forecast Decrease,Normal
P00477,6.9,207.0,5.0,9.0,7.125,1.897965417828451,399,6.607142857142857,0.04432432432432444,0.2928571428571436,Forecast Increase,Normal
P00478,158.54071626933404,4756.221488080021,135.28697099621803,172.3353575874812,144.17857142857142,18.465798501167352,8074,151.35714285714286,0.047461079646378725,7.18357341219118,Forecast Increase,Normal
P00479,56.20835314048835,1686.2505942146504,48.68846688033428,61.0521727431852,52.392857142857146,7.146972840246474,2934,51.0,0.10212457138212448,5.208353140488349,Forecast Increase,Normal
P00480,63.40080927070379,1902.0242781211136,47.11703312958297,73.56116339524549,58.035714285714285,9.981736569107849,3250,60.82142857142857,0.04240907785067889,2.5793806992752195,Forecast Increase,Normal
P00481,51.678784910111276,1550.3635473033382,45.38549087749806,55.58076475505271,47.285714285714285,4.167904578013822,2648,48.607142857142854,0.06319322372014387,3.0716420529684214,Forecast Increase,Normal
P00482,365.7007213517126,10971.021640551378,303.4748078155877,402.4246938179844,327.01785714285717,44.67722261711464,18313,336.32142857142856,0.08735480491111328,29.37929278028406,Forecast Increase,Normal
P00483,332.81637830599544,9984.491349179863,280.485948057898,360.8231038697207,320.44642857142856,40.491938431273894,17945,333.89285714285717,-0.0032240247547468486,-1.0764788368617246,Forecast Decrease,Normal
P00484,88.53673522415843,2656.102056724753,74.4764912036073,97.15030536558888,82.01785714285714,9.483940629829453,4593,84.25,0.0508811302570734,4.286735224158434,Forecast Increase,Normal
P00485,61.98737705234616,1859.621311570385,47.05070211179465,71.02881953318443,55.142857142857146,8.227290665116415,3088,58.107142857142854,0.06677723261566848,3.8802341952033075,Forecast Increase,Normal
P00486,267.5239149547908,8025.717448643725,228.6297666164972,289.03805504657174,262.7142857142857,34.92470565280492,14712,260.4642857142857,0.027104020119860534,7.059629240505103,Forecast Increase,Normal
P00487,6.118451324251738,183.55353972755213,6.118451324251738,6.118451324251738,7.285714285714286,2.2939785662332737,408,6.285714285714286,-0.026610016596314425,-0.16726296146254782,Forecast Decrease,Normal
P00488,4.7,141.0,4.0,5.0,4.357142857142857,0.6722708174151636,244,4.357142857142857,0.07868852459016407,0.3428571428571434,Forecast Increase,Normal
P00489,89.42289302887494,2682.686790866248,77.66998694976375,96.29979823390536,82.71428571428571,12.767450497565758,4632,81.10714285714286,0.10252796336789878,8.315750171732077,Forecast Increase,Normal
P00490,367.89543617339757,11036.863085201927,313.1489367200997,398.8417318959032,369.82142857142856,55.72044088543748,20710,355.9642857142857,0.03351783012492543,11.931150459111848,Forecast Increase,Normal
P00491,255.58367245844872,7667.5101737534615,223.94298611946328,276.51137791503334,239.92857142857142,21.07118423807275,13436,246.28571428571428,0.03775273039973381,9.29795817273444,Forecast Increase,Normal
P00492,131.0707210088579,3932.1216302657367,99.06529068951528,151.80343454377424,117.69642857142857,17.23202055672905,6591,123.42857142857143,0.0619155637291728,7.642149580286471,Forecast Increase,Normal
P00493,20.071428571428573,602.1428571428572,20.071428571428573,20.071428571428573,19.285714285714285,3.601586951807296,1080,20.071428571428573,0.0,0.0,Stable,Normal
P00494,15.840195205481505,475.20585616444515,13.540675818088626,17.1900209394174,18.089285714285715,4.395356168066003,1013,16.428571428571427,-0.03581420488373438,-0.5883762230899219,Forecast Decrease,Normal
P00495,207.75888857816545,6232.766657344963,181.16772589161576,223.0594803577376,199.19642857142858,13.570582680405222,11155,201.60714285714286,0.030513530591431814,6.151745721022593,Forecast Increase,Normal
P00496,19.25,577.5,19.25,19.25,19.964285714285715,4.2723818594838585,1118,19.25,0.0,0.0,Stable,Normal
P00497,291.5488015568029,8746.464046704088,248.92670908019636,316.49230132783947,274.4107142857143,35.09922391564405,15367,285.10714285714283,0.0225938173105953,6.441658699660081,Forecast Increase,Normal
P00498,12.136162505508477,364.0848751652543,10.16178571140924,13.42074106919603,12.357142857142858,2.932132772812753,692,11.464285714285714,0.05860607524684538,0.671876791222763,Forecast Increase,Normal
P00499,23.89646169636676,716.8938508910028,23.89646169636676,23.89646169636676,25.357142857142858,5.431987988434208,1420,23.535714285714285,0.01532765932969547,0.3607474106524755,Forecast Increase,Normal
P00500,213.51895443616678,6405.568633085003,185.47368734189104,230.4494123473929,194.67857142857142,25.579186953357322,10902,197.25,0.08247885645711929,16.26895443616678,Forecast Increase,Normal
P00501,467.08482692259014,14012.544807677705,409.82786400131727,500.6791782880255,441.57142857142856,33.81277711315497,24728,448.5357142857143,0.04135481756768247,18.54911263687586,Forecast Increase,Normal
P00502,260.03907617086054,7801.172285125816,217.7252579502908,282.73541410851305,242.21428571428572,29.668296078605387,13564,250.39285714285714,0.03852433786679436,9.6462190280034,Forecast Increase,Normal
P00503,26.19060880020182,785.7182640060546,19.49371004087125,30.20841538017859,23.267857142857142,3.4403544818868546,1303,24.107142857142858,0.08642525393429765,2.083465943058961,Forecast Increase,Normal
P00504,394.90223948491064,11847.067184547319,341.8401488673007,428.653770399271,381.10714285714283,57.400563371143605,21342,377.2142857142857,0.04689099655155251,17.687953770624915,Forecast Increase,Normal
P00505,0.0,0.0,0.0,0.0,35.089285714285715,52.20284798420808,1965,23.821428571428573,-1.0,-23.821428571428573,Forecast Decrease,Critical
P00506,20.966666666666665,629.0,18.0,23.0,22.571428571428573,5.774102505174272,1264,20.285714285714285,0.03356807511737086,0.6809523809523803,Forecast Increase,Normal
P00507,278.3656387825733,8350.969163477199,239.70288260243052,301.7666423967734,277.39285714285717,40.95304565050016,15534,272.89285714285717,0.020054689950536747,5.472781639716118,Forecast Increase,Normal
P00508,286.47691788300614,8594.307536490183,286.47691788300614,286.47691788300614,294.2142857142857,73.46383508186231,16476,284.07142857142856,0.008467903032961065,2.4054893115775826,Forecast Increase,Normal
P00509,400.3713617841798,12011.140853525394,341.9471930350144,432.4652779584443,405.94642857142856,58.79561506310953,22733,399.42857142857144,0.0023603478144700878,0.9427903556083379,Forecast Increase,Normal
P00510,356.3251691575304,10689.755074725912,314.0902836540768,381.6884260330881,341.94642857142856,27.699963664470516,19149,352.35714285714283,0.011261376080564788,3.968026300387578,Forecast Increase,Normal
P00511,130.1370952832019,3904.112858496057,111.5004356439396,141.2652645900656,123.03571428571429,14.758620637338819,6890,127.60714285714286,0.019826103534747473,2.529952426059026,Forecast Increase,Normal
P00512,24.991150659926255,749.7345197977877,21.88564494397112,27.09030676799317,24.392857142857142,2.469291922272982,1366,23.928571428571427,0.04440629623572416,1.0625792313548281,Forecast Increase,Normal
P00513,57.73678067684376,1732.1034203053127,50.13731958516773,62.82625980116201,58.05357142857143,9.46653367079311,3251,56.92857142857143,0.014196900220592943,0.8082092482723269,Forecast Increase,Normal
P00514,190.42795234141084,5712.838570242326,164.09566037991874,206.02883777123407,205.23214285714286,29.021616439806028,11493,195.92857142857142,-0.028074614371216923,-5.5006190871605725,Forecast Decrease,Normal
P00515,37.242555214885876,1117.2766564465762,32.09493497890469,40.85381209956597,35.767857142857146,8.89124405126868,2003,32.892857142857146,0.1322383778684087,4.34969807202873,Forecast Increase,Normal
P00516,12.166666666666666,365.0,10.0,13.0,13.428571428571429,3.3621267233547445,752,12.142857142857142,0.0019607843137254832,0.023809523809523725,Forecast Increase,Normal
P00517,19.0904721344545,572.714164033635,14.010337052404008,22.388212159551287,18.785714285714285,2.506096462732327,1052,19.0,0.004761691287078999,0.09047213445450097,Forecast Increase,Normal
P00518,187.51242311792618,5625.372693537785,162.02950336778366,203.319177275887,175.66071428571428,26.889184568395667,9837,173.25,0.08232278855945845,14.262423117926176,Forecast Increase,Normal
P00519,147.37173957400128,4421.152187220038,147.37173957400128,147.37173957400128,154.42857142857142,29.49259207009427,8648,151.0,-0.024028214741713363,-3.628260425998718,Forecast Decrease,Normal
P00520,9.98334147506383,299.50024425191486,7.181058878521558,11.595693495147655,10.535714285714286,2.821761446745216,590,9.75,0.02393245898090558,0.2333414750638294,Forecast Increase,Normal
P00521,225.86769219060866,6776.03076571826,196.7048837471152,242.9487799129592,222.14285714285714,16.37895386983338,12440,224.60714285714286,0.005612240632380744,1.2605493334658036,Forecast Increase,Normal
P00522,28.076785088064003,842.3035526419201,20.7636801207176,32.247862657391245,26.589285714285715,3.864885206877129,1489,26.892857142857142,0.044023881096669465,1.183927945206861,Forecast Increase,Normal
P00523,236.03197847431315,7080.959354229394,204.11340955157263,255.7036465005988,245.58928571428572,32.71239786420392,13753,236.14285714285714,-0.00046954064114212144,-0.11087866854398953,Forecast Decrease,Normal
P00524,63.67305267779954,1910.1915803339862,63.67305267779954,63.67305267779954,67.10714285714286,15.581665882963595,3758,64.21428571428571,-0.00842854561824957,-0.5412330364861688,Forecast Decrease,Normal
P00525,218.0,6540.0,218.0,218.0,227.08928571428572,30.6684776192187,12717,220.92857142857142,-0.013255738764953066,-2.9285714285714164,Forecast Decrease,Normal
P00526,221.08923843680603,6632.67715310418,192.9212948979947,238.23771002928487,213.69642857142858,19.117740112601876,11967,216.60714285714286,0.02069227967527925,4.4820955796631665,Forecast Increase,Normal
P00527,9.428571428571429,282.8571428571429,9.428571428571429,9.428571428571429,9.464285714285714,2.079897599876981,530,9.428571428571429,0.0,0.0,Stable,Normal
P00528,3.7,111.0,3.0,5.0,3.625,0.5896840448301723,203,3.7142857142857144,-0.0038461538461538325,-0.014285714285714235,Forecast Decrease,Normal
P00529,9.159441601272652,274.7832480381796,7.958478710063442,9.938369270974112,9.946428571428571,2.532836303486614,557,8.892857142857142,0.029977368817808346,0.26658445841550993,Forecast Increase,Normal
P00530,297.0,8910.0,297.0,297.0,283.07142857142856,63.96045856418055,15852,270.64285714285717,0.09738717339667449,26.357142857142833,Forecast Increase,Normal
P00531,256.0406162889027,7681.218488667081,220.1817963741884,278.4216134705242,253.625,37.38573500438612,14203,246.25,0.03975884787371654,9.790616288902697,Forecast Increase,Normal
P00532,228.2885277447116,6848.655832341347,228.2885277447116,228.2885277447116,239.19642857142858,57.37735367098864,13395,230.53571428571428,-0.009747672060120114,-2.2471865410026908,Forecast Decrease,Normal
P00533,77.5910298891732,2327.730896675196,67.94605678176418,82.9412395339009,76.44642857142857,8.47653368875647,4281,73.57142857142857,0.054635357716917306,4.01960131774463,Forecast Increase,Normal
P00534,325.4408349347082,9763.225048041246,276.2506811652749,354.2399644503593,298.89285714285717,40.76526086641045,16738,313.57142857142856,0.03785232097629051,11.869406363279666,Forecast Increase,Normal
P00535,66.82440797940937,2004.732239382281,56.5297345759636,72.88951800928248,62.267857142857146,7.810228890671215,3487,64.46428571428571,0.03661131491604576,2.360122265123664,Forecast Increase,Normal
P00536,134.75,4042.5,134.75,134.75,130.53571428571428,24.55640208004591,7310,134.75,0.0,0.0,Stable,Normal
P00537,177.0,5310.0,177.0,177.0,206.21428571428572,55.970029085611145,11548,189.64285714285714,-0.06666666666666665,-12.642857142857139,Forecast Decrease,Normal
P00538,5.833333333333333,175.0,4.0,7.0,6.125,1.6075107803964819,343,5.678571428571429,0.027253668763102628,0.1547619047619042,Forecast Increase,Normal
P00539,347.31235976523755,10419.370792957126,298.4362332100675,378.5080941983798,327.01785714285717,42.28066012705124,18313,343.7142857142857,0.010468212118313698,3.5980740509518228,Forecast Increase,Normal
P00540,6.774746489402073,203.24239468206218,6.774746489402073,6.774746489402073,7.803571428571429,2.999512947476293,437,6.714285714285714,0.00900479629392575,0.06046077511635861,Forecast Increase,Normal
P00541,279.1270942479982,8373.812827439946,238.62950648315808,302.558203486438,268.4642857142857,39.25764050044701,15034,265.42857142857144,0.05160907413131705,13.698522819426728,Forecast Increase,Normal
P00542,131.88372187564465,3956.5116562693397,113.78692625290888,141.3732011332297,128.17857142857142,10.651687263454633,7178,130.82142857142858,0.008120178137605773,1.0622933042160696,Forecast Increase,Normal
P00543,24.473874712665577,734.2162413799673,20.445588194805357,26.97835085766465,25.982142857142858,6.697329376641166,1455,23.964285714285715,0.02126451856130569,0.5095889983798614,Forecast Increase,Normal
P00544,80.50592759301925,2415.1778277905773,69.22802430965667,86.57159177968616,77.58928571428571,6.372602681406158,4345,78.85714285714286,0.020908502085389004,1.64878473587639,Forecast Increase,Normal
P00545,26.95486236159126,808.6458708477378,20.32612526621162,31.188952671374505,24.357142857142858,3.758280900182331,1364,26.0,0.03672547544581771,0.9548623615912604,Forecast Increase,Normal
P00546,26.06661813326585,781.9985439979755,26.06661813326585,26.06661813326585,26.892857142857142,5.48279481296163,1506,26.285714285714285,-0.008335179712712124,-0.21909615244843295,Forecast Decrease,Normal
P00547,11.613446572488764,348.4033971746629,9.709865769206823,12.821734754137305,12.714285714285714,3.555862180140823,712,11.321428571428571,0.02579338810626306,0.2920180010601925,Forecast Increase,Normal
P00548,0.0,0.0,0.0,0.0,139.51785714285714,197.61937621888913,7813,143.17857142857142,-1.0,-143.17857142857142,Forecast Decrease,Critical
P00549,319.0426766772224,9571.280300316672,240.5192983577369,363.86128401614,287.92857142857144,47.291305040858575,16124,305.85714285714283,0.04311010590404343,13.18553382007957,Forecast Increase,Normal
P00550,203.12162142029567,6093.64864260887,170.7257494594706,223.15983733713583,187.375,25.464101290747625,10493,194.0,0.047018667114926124,9.121621420295668,Forecast Increase,Normal
P00551,92.49541857698196,2774.8625573094587,80.58464255204186,99.2858109755472,90.30357142857143,6.613813761176867,5057,91.64285714285714,0.0093030865765764,0.8525614341248229,Forecast Increase,Normal
P00552,256.8383926901176,7705.151780703527,218.4522871979929,280.90520814804034,265.75,38.26807356721076,14882,260.67857142857144,-0.014731470705125089,-3.840178738453858,Forecast Decrease,Normal
P00553,294.5375934760231,8836.127804280693,255.8868682574427,319.2624171664026,278.0,23.229291853175383,15568,284.64285714285717,0.03476193442015642,9.894736333165952,Forecast Increase,Normal
P00554,413.8398257278625,12415.194771835875,353.2088655538593,450.5829927058575,380.35714285714283,48.7190194599897,21300,395.5357142857143,0.04627676030520541,18.304111442148212,Forecast Increase,Normal
P00555,198.88565162905323,5966.569548871596,170.3090961339413,217.1846128199401,207.14285714285714,31.110611210166383,11600,204.14285714285714,-0.02575258124326618,-5.25720551380391,Forecast Decrease,Normal
P00556,24.4415367244303,733.246101732909,24.4415367244303,24.4415367244303,24.714285714285715,6.2252105790283725,1384,23.571428571428573,0.03691367921825508,0.870108153001727,Forecast Increase,Normal
P00557,7.429464491179811,222.88393473539432,6.243851170681043,8.142778352255267,7.839285714285714,2.2055861782325326,439,6.964285714285714,0.06679490129761385,0.4651787768940965,Forecast Increase,Normal
P00558,34.03044294432937,1020.9132883298812,27.87895548346395,38.12128196585051,37.875,11.125829897544318,2121,34.285714285714285,-0.007445414123726598,-0.2552713413849119,Forecast Decrease,Normal
P00559,486.67349547894315,14600.204864368294,423.20087390850347,523.3042853092761,467.2142857142857,43.64264565170772,26164,486.14285714285717,0.0010915275793717007,0.5306383360859854,Forecast Increase,Normal
P00560,72.86718329688762,2186.0154989066286,56.91882159926803,84.14380657398831,65.76785714285714,10.19088910641367,3683,68.82142857142857,0.05878626482244595,4.045754725459048,Forecast Increase,Normal
P00561,170.3401873213273,5110.205619639819,148.3946678134612,184.4994545349604,164.35714285714286,14.23622597004313,9204,169.03571428571428,0.007717144516620496,1.3044730356130287,Forecast Increase,Normal
P00562,5.0,150.0,5.0,5.0,5.160714285714286,1.398398898926726,289,4.678571428571429,0.06870229007633583,0.3214285714285712,Forecast Increase,Normal
P00563,8.866666666666667,266.0,6.0,10.0,9.321428571428571,2.4797884283443725,522,8.607142857142858,0.030152143845089897,0.2595238095238095,Forecast Increase,Normal
P00564,22.37416600485113,671.2249801455339,16.406579015428644,26.00344100591904,23.25,5.958187643906496,1302,21.357142857142858,0.04761981293617328,1.0170231477082723,Forecast Increase,Normal
P00565,11.775618154834117,353.2685446450235,11.775618154834117,11.775618154834117,12.178571428571429,2.829115781281513,682,11.535714285714286,0.02079662023329798,0.2399038691198303,Forecast Increase,Normal
P00566,66.38851150392952,1991.6553451178856,56.73102563729032,72.19856544399244,62.07142857142857,7.170285002214838,3476,63.392857142857146,0.047255392738043106,2.9956543610723756,Forecast Increase,Normal
P00567,11.75,352.5,11.75,11.75,11.732142857142858,2.4157895109133496,657,11.75,0.0,0.0,Stable,Normal
P00568,28.936811224241485,868.1043367272446,28.936811224241485,28.936811224241485,30.035714285714285,5.308532705043785,1682,28.785714285714285,0.005249025159753841,0.15109693852719985,Forecast Increase,Normal
P00569,200.37972072618132,6011.391621785439,200.37972072618132,200.37972072618132,211.94642857142858,60.24477937181314,11869,199.89285714285714,0.002435622714503668,0.48686358332417967,Forecast Increase,Normal
P00570,13.2,396.0,11.0,14.0,13.25,1.2827527218659673,742,13.107142857142858,0.007084468664850043,0.09285714285714164,Forecast Increase,Normal
P00571,66.89630857694044,2006.8892573082132,58.93479303264735,71.86574523157411,63.767857142857146,5.383446248128935,3571,64.60714285714286,0.0354320841096364,2.2891657197975803,Forecast Increase,Normal
P00572,759.0843799594427,22772.53139878328,638.7088858136987,838.0413750088499,709.1964285714286,91.82046110710877,39715,736.6785714285714,0.030414633192630762,22.40580853087124,Forecast Increase,Normal
P00573,24.21116640903888,726.3349922711665,20.79241675396906,26.21548676362592,24.589285714285715,2.2055861782325326,1377,24.464285714285715,-0.010346482550235545,-0.2531193052468339,Forecast Decrease,Normal
P00574,147.59728828206798,4427.9186484620395,126.2141641292216,159.68359438391673,137.03571428571428,18.46664244298036,7674,145.57142857142858,0.01391660252647278,2.025859710639395,Forecast Increase,Normal
P00575,28.007488086228047,840.2246425868415,24.457168972717938,30.184683523281382,27.982142857142858,3.8823192291982624,1567,27.0,0.03731437356400175,1.0074880862280473,Forecast Increase,Normal
P00576,30.23823905460865,907.1471716382595,30.23823905460865,30.23823905460865,30.517857142857142,6.86490699514189,1709,29.535714285714285,0.02378560281625415,0.7025247688943637,Forecast Increase,Normal
P00577,4.965199603489635,148.95598810468906,4.319755982708314,5.406838041580075,5.625,1.508310312899836,315,4.964285714285714,0.00018409278927902643,0.0009138892039208812,Forecast Increase,Normal
P00578,226.76213053817435,6802.86391614523,193.14892132648177,248.97989364935248,238.48214285714286,32.95119866570098,13355,233.67857142857142,-0.029598096428414787,-6.9164408903970696,Forecast Decrease,Normal
P00579,280.31819176513244,8409.545752953973,246.8698502237799,300.70064284053745,269.92857142857144,21.4135531787758,15116,276.85714285714283,0.012501208645989293,3.461048907989607,Forecast Increase,Normal
P00580,15.114264288228856,453.42792864686567,15.114264288228856,15.114264288228856,14.589285714285714,3.4681762863566714,817,14.607142857142858,0.034717359585349536,0.5071214310859986,Forecast Increase,Normal
P00581,367.03345849410005,11011.003754823001,311.1328697958674,400.7032086441332,344.7857142857143,47.37537307532229,19308,357.10714285714283,0.02779646342982318,9.926315636957213,Forecast Increase,Normal
P00582,153.95854443413546,4618.756333024064,153.95854443413546,153.95854443413546,159.01785714285714,44.8027966137783,8905,147.57142857142858,0.04328152085086945,6.387115862706878,Forecast Increase,Normal
P00583,224.39518327461215,6731.855498238365,175.90133115359302,247.06699189874985,210.35714285714286,26.16550718472253,11780,218.89285714285714,0.025137074839148368,5.502326131755012,Forecast Increase,Normal
P00584,22.911050358121805,687.3315107436541,17.060737471862485,26.50930246257743,21.232142857142858,3.4482726712927465,1189,21.392857142857142,0.07096729553824803,1.518193215264663,Forecast Increase,Normal
P00585,75.34592297253226,2260.377689175968,57.04412416257316,86.22200661349152,69.71428571428571,10.199312429079423,3904,72.53571428571429,0.03874241419542256,2.8102086868179725,Forecast Increase,Normal
P00586,12.294654123169996,368.8396236950999,9.19916384259351,14.223177648574785,12.446428571428571,3.405448270357065,697,11.5,0.06910035853652143,0.7946541231699964,Forecast Increase,Normal
P00587,19.280609532819472,578.4182859845841,16.807582641484395,20.786172744368432,20.767857142857142,5.497077145434392,1163,18.535714285714285,0.04018702681877698,0.7448952471051875,Forecast Increase,Normal
P00588,4.0,120.0,4.0,4.0,3.8392857142857144,1.005019867995123,215,3.5357142857142856,0.13131313131313135,0.4642857142857144,Forecast Increase,Normal
P00589,11.546774725123395,346.4032417537019,8.471863724185724,13.422349896066477,11.767857142857142,3.039085217798106,659,10.785714285714286,0.07056189504455312,0.7610604394091087,Forecast Increase,Normal
P00590,17.399978261880968,521.999347856429,13.24897223554909,20.02413945876115,16.5,3.9265992688561706,924,15.392857142857142,0.13039301933333436,2.007121119023825,Forecast Increase,Normal
P00591,27.99179223835167,839.7537671505502,21.009840273776508,32.37176357707368,29.446428571428573,7.883053498964249,1649,26.964285714285715,0.03810620221701558,1.0275065240659558,Forecast Increase,Normal
P00592,235.34189574068944,7060.256872220683,200.97130446026307,251.237508680086,213.35714285714286,26.644752900765603,11948,223.67857142857142,0.05214323498951056,11.663324312118021,Forecast Increase,Normal
P00593,23.96517486796113,718.9552460388339,23.96517486796113,23.96517486796113,23.857142857142858,7.464896203208407,1336,22.107142857142858,0.0840466822341061,1.858032010818274,Forecast Increase,Normal
P00594,14.12147359523985,423.6442078571955,12.32756355489315,15.336493298402951,13.857142857142858,1.518714425589455,776,13.678571428571429,0.03237927067027624,0.4429021666684214,Forecast Increase,Normal
P00595,257.35595903931056,7720.678771179317,257.35595903931056,257.35595903931056,256.55357142857144,72.06611097214383,14367,247.39285714285714,0.04027239109292563,9.963101896453423,Forecast Increase,Normal
P00596,201.84325112518633,6055.29753375559,151.32533203161844,232.994588362896,178.67857142857142,28.108301680760132,10006,185.82142857142858,0.08622160897659366,16.021822553757744,Forecast Increase,Normal
P00597,652.9671319298413,19589.01395789524,548.6950069288899,717.0511471157743,620.1428571428571,77.74958136605882,34728,629.2142857142857,0.03775001101348388,23.752846215555678,Forecast Increase,Normal
P00598,11.779168571838037,353.3750571551411,11.779168571838037,11.779168571838037,12.803571428571429,4.033584658192412,717,11.857142857142858,-0.006576144543780073,-0.07797428530482087,Forecast Decrease,Normal
P00599,18.433333333333334,553.0,13.0,21.0,18.732142857142858,4.8485839410869485,1049,17.428571428571427,0.05765027322404382,1.0047619047619065,Forecast Increase,Normal
P00600,24.081485571184906,722.4445671355472,19.99614990845776,26.773103720015477,25.553571428571427,6.646720703015595,1431,23.071428571428573,0.04377956036095562,1.0100569997563333,Forecast Increase,Normal
P00601,13.143273981585015,394.2982194475504,11.436566630340607,14.300677479519337,14.357142857142858,3.6403225203198746,804,12.857142857142858,0.022254643012167778,0.28613112444215716,Forecast Increase,Normal
P00602,5.866666666666666,176.0,5.0,6.0,5.928571428571429,0.6283352566943817,332,5.785714285714286,0.013991769547325053,0.08095238095238066,Forecast Increase,Normal
P00603,4.6,138.0,3.0,6.0,4.517857142857143,1.220894924055471,253,4.178571428571429,0.1008547008547007,0.4214285714285708,Forecast Increase,Normal
P00604,2.433333333333333,73.0,2.0,3.0,2.4107142857142856,0.6816233487861092,135,2.2857142857142856,0.0645833333333333,0.14761904761904754,Forecast Increase,Normal
P00605,27.0,810.0,27.0,27.0,24.267857142857142,7.234993425714349,1359,21.357142857142858,0.26421404682274247,5.642857142857142,Forecast Increase,Moderate
P00606,90.98392433546563,2729.517730063969,68.31875672937805,104.15087587154132,82.10714285714286,12.86669919023322,4598,86.46428571428571,0.052271739526244455,4.519638621179922,Forecast Increase,Normal
P00607,10.575781876597837,317.2734562979351,8.920306225163865,11.610341662461607,10.982142857142858,2.8057802118844943,615,10.178571428571429,0.03902418436750678,0.39721044802640826,Forecast Increase,Normal
P00608,23.050058093631137,691.5017428089341,23.050058093631137,23.050058093631137,23.107142857142858,6.312119861255579,1294,22.285714285714285,0.03429747856037156,0.7643438079168519,Forecast Increase,Normal
P00609,118.43872008538173,3553.161602561452,89.5132122724395,135.5787939982451,106.08928571428571,17.25559386055778,5941,110.82142857142857,0.06873482513396344,7.6172915139531625,Forecast Increase,Normal
P00610,277.8,8334.0,242.0,303.0,259.35714285714283,25.094315597853544,14524,269.57142857142856,0.030524642289348276,8.228571428571456,Forecast Increase,Normal
P00611,5.6,168.0,4.0,7.0,6.196428571428571,1.667002130741321,347,5.607142857142857,-0.001273885350318467,-0.0071428571428571175,Forecast Decrease,Normal
P00612,489.8309415941555,14694.928247824664,428.7156362619922,529.0705285033449,471.94642857142856,37.84822303639876,26429,482.42857142857144,0.015343971323390085,7.4023701655840455,Forecast Increase,Normal
P00613,274.0287650759181,8220.862952277543,207.1243787303905,308.53314938302043,254.48214285714286,38.07169842257133,14251,267.0,0.02632496283115394,7.028765075918102,Forecast Increase,Normal
P00614,22.53893480272285,676.1680440816855,22.53893480272285,22.53893480272285,24.910714285714285,9.47777646672714,1395,22.857142857142858,-0.013921602380875364,-0.3182080544200083,Forecast Decrease,Normal
P00615,111.44744705340297,3343.423411602089,98.79195389782392,117.14734306995824,111.92857142857143,15.41529009883267,6268,108.28571428571429,0.02919805985992181,3.161732767688676,Forecast Increase,Normal
P00616,268.1323200828241,8043.969602484723,268.1323200828241,268.1323200828241,261.0,66.75164281260665,14616,247.82142857142858,0.08195776946520741,20.31089151139551,Forecast Increase,Normal
P00617,5.356975207376324,160.70925622128973,5.356975207376324,5.356975207376324,5.75,1.984027125914269,322,5.178571428571429,0.034450384872669486,0.17840377880489555,Forecast Increase,Normal
P00618,2.0,60.0,2.0,2.0,2.107142857142857,0.31209389196617965,118,2.0357142857142856,-0.017543859649122747,-0.03571428571428559,Forecast Decrease,Normal
P00619,22.80264173767903,684.0792521303708,19.43090043716096,24.655214301845508,23.285714285714285,3.6367532258834987,1304,23.0,-0.008580794013955284,-0.19735826232097153,Forecast Decrease,Normal
P00620,305.5347276761471,9166.041830284414,265.17789446754483,330.3525700869417,297.375,25.39331515469091,16653,303.89285714285717,0.005402794092386661,1.6418705332899322,Forecast Increase,Normal
P00621,13.229518481503273,396.8855544450982,11.401353381877122,14.416555622451469,15.660714285714286,4.161628989248782,877,14.035714285714286,-0.057438886814016196,-0.8061958042110131,Forecast Decrease,Normal
P00622,16.433333333333334,493.0,13.0,18.0,17.464285714285715,4.2467711187518615,978,15.678571428571429,0.04813971146545178,0.7547619047619047,Forecast Increase,Normal
P00623,2.197246523907793,65.91739571723379,2.197246523907793,2.197246523907793,2.142857142857143,0.553618556854362,120,2.142857142857143,0.025381711156970077,0.054389381050650165,Forecast Increase,Normal
P00624,148.5864669108475,4457.594007325425,114.08907953846946,168.952645216928,131.41071428571428,21.12368492794439,7359,138.85714285714286,0.07006714853490989,9.72932405370463,Forecast Increase,Normal
P00625,245.63683860948453,7369.105158284536,185.4135817504532,281.72479668433965,220.32142857142858,30.898135950163816,12338,230.57142857142858,0.06533944874001958,15.065410038055944,Forecast Increase,Normal
P00626,14.41008836007486,432.3026508022458,10.613716105250017,16.709055001626094,13.928571428571429,2.0701966780270626,780,14.142857142857142,0.018895136570949777,0.26723121721771825,Forecast Increase,Normal
P00627,330.80385911260953,9924.115773378286,281.6753769172972,359.0567084288544,296.44642857142856,39.85834902517898,16601,311.10714285714283,0.06331168122524022,19.696716255466697,Forecast Increase,Normal
P00628,139.43492686155645,4183.047805846693,122.6325964422034,150.16862330683966,135.08928571428572,11.352655733694748,7565,139.82142857142858,-0.002764252331141708,-0.3865017098721353,Forecast Decrease,Normal
P00629,31.55380025596912,946.6140076790736,26.885698937494247,34.858974680787135,32.107142857142854,7.86633464703993,1798,30.25,0.04310083490807004,1.3038002559691186,Forecast Increase,Normal
P00630,18.616283086866996,558.4884926060099,16.094520469961065,20.079588276362685,17.821428571428573,1.9827175369095906,998,17.5,0.06378760496382836,1.1162830868669964,Forecast Increase,Normal
P00631,131.589851232228,3947.69553696684,115.65551589959198,142.40366279815413,126.23214285714286,9.546043581083637,7069,129.21428571428572,0.018384697209061295,2.3755655179422774,Forecast Increase,Normal
P00632,73.19071797542851,2195.7215392628555,64.21575820333457,78.80595356935154,70.16071428571429,9.474898484875778,3929,68.53571428571429,0.06792084591558008,4.655003689714221,Forecast Increase,Normal
P00633,291.94631918388046,8758.389575516414,248.2572112759089,319.0775888043407,265.19642857142856,39.251830133525885,14851,279.42857142857144,0.04479766579098319,12.517747755309017,Forecast Increase,Normal
P00634,265.5088822237977,7965.26646671393,203.54301265060647,300.6439010572975,244.44642857142858,34.56531085186003,13689,256.5,0.03512234785106309,9.008882223797684,Forecast Increase,Normal
P00635,11.632359565956683,348.9707869787005,11.632359565956683,11.632359565956683,12.892857142857142,5.412707510793706,722,11.321428571428571,0.027463936425196032,0.31093099452811224,Forecast Increase,Normal
P00636,9.947083237646341,298.4124971293902,7.596531117598213,11.27018402230621,9.053571428571429,1.3540463649526768,507,9.25,0.07536035001582064,0.697083237646341,Forecast Increase,Normal
P00637,257.3506875756369,7720.520627269108,223.12230131461783,278.17601702098693,251.58928571428572,18.37367364238526,14089,256.07142857142856,0.004995711592445519,1.2792590042083702,Forecast Increase,Normal
P00638,20.547413934525427,616.4224180357628,17.939540966356937,22.24508597597162,21.964285714285715,5.582323679466968,1230,19.714285714285715,0.04226012711360854,0.8331282202397112,Forecast Increase,Normal
P00639,14.2923973436387,428.77192030916103,10.549814327763798,16.64532873856258,13.375,1.9592438244476775,749,13.357142857142858,0.07001905246492944,0.9352544864958432,Forecast Increase,Normal
P00640,15.481421147027048,464.4426344108114,13.383874545093182,16.684255249536577,15.517857142857142,1.414098767652148,869,15.178571428571429,0.019952452039428997,0.3028497184556187,Forecast Increase,Normal
P00641,7.433333333333334,223.0,6.0,8.0,8.071428571428571,2.043678882951863,452,7.357142857142857,0.010355987055016266,0.07619047619047681,Forecast Increase,Normal
P00642,19.295586540106264,578.8675962031879,14.119692244588196,22.43525874121419,18.446428571428573,2.795578605630637,1033,18.857142857142858,0.02325080136927154,0.4384436829634062,Forecast Increase,Normal
P00643,17.444928833997384,523.3478650199215,15.127696867903122,18.882276267696326,16.839285714285715,4.487464502627032,943,15.5,0.12547927961273445,1.944928833997384,Forecast Increase,Normal
P00644,29.580280516560272,887.4084154968082,22.106475401724968,34.03753967629339,27.767857142857142,4.040661833406507,1555,28.142857142857142,0.05107595744122796,1.4374233737031297,Forecast Increase,Normal
P00645,14.38822178742648,431.64665362279436,12.541102129828548,15.540053876696264,16.375,4.2493314982263035,917,14.535714285714286,-0.010146904059112042,-0.1474924982878072,Forecast Decrease,Normal
P00646,128.20738261946337,3846.221478583901,111.93272614605004,138.0318726336966,132.08928571428572,16.105647553478967,7397,127.82142857142857,0.0030194784422952013,0.3859540480348045,Forecast Increase,Normal
P00647,198.03850855950603,5941.15525678518,148.5543580218781,228.599752389918,179.01785714285714,26.88324322387025,10025,186.5,0.061868678603249475,11.538508559506027,Forecast Increase,Normal
P00648,409.0,12270.0,409.0,409.0,199.75,233.96621745262905,11186,237.25,0.7239199157007377,171.75,Forecast Increase,Critical
P00649,649.9233647922904,19497.700943768712,547.9267908561624,721.7849300555113,594.875,71.14110498285656,33313,618.2857142857143,0.051169952298066625,31.63765050657605,Forecast Increase,Normal
P00650,158.23939807985195,4747.1819423955585,120.18666749617822,182.11206790164672,142.16071428571428,21.91950296858052,7961,150.46428571428572,0.05167413867454413,7.77511236556623,Forecast Increase,Normal
P00651,21.645988248044965,649.379647441349,18.754333026496777,23.388695768084247,23.142857142857142,5.949571631420416,1296,20.964285714285715,0.0325173269936269,0.6817025337592497,Forecast Increase,Normal
P00652,197.10167260023985,5913.050178007195,150.0555385412388,222.090704877752,178.91071428571428,28.716974255474945,10019,186.03571428571428,0.05948297807769554,11.065958314525574,Forecast Increase,Normal
P00653,165.66137253839267,4969.84117615178,144.88240495298533,177.03050987929268,150.89285714285714,13.399699550808895,8450,155.21428571428572,0.06730750830073504,10.447086824106947,Forecast Increase,Normal
P00654,189.08893028229357,5672.667908468808,158.43073335994794,208.0114408451331,173.67857142857142,22.085871372570157,9726,179.14285714285714,0.0555203444785128,9.946073139436436,Forecast Increase,Normal
P00655,15.1784845819576,455.354537458728,11.273416151402683,17.55319627650274,14.625,2.1705675839198455,819,14.821428571428571,0.024090526011597096,0.35705601052902836,Forecast Increase,Normal
P00656,8.849540900515363,265.4862270154609,7.745697550262832,9.601586696734987,9.375,2.533861587667042,525,8.464285714285714,0.045515380651604154,0.3852551862296494,Forecast Increase,Normal
P00657,26.47373368419271,794.2120105257812,26.47373368419271,26.47373368419271,26.178571428571427,6.466999143503725,1466,26.678571428571427,-0.007677987741103225,-0.20483774437871816,Forecast Decrease,Normal
P00658,11.648414816402829,349.45244449208485,8.676861436401214,13.610234218433506,10.946428571428571,1.577335415498876,613,11.107142857142858,0.04873188057646041,0.5412719592599711,Forecast Increase,Normal
P00659,432.0509388913272,12961.528166739816,370.68765327408113,469.87881824006666,401.8392857142857,50.948379146566964,22503,416.35714285714283,0.037693111078843856,15.693796034184345,Forecast Increase,Normal
P00660,177.96939089327796,5339.081726798338,137.9379169755308,200.2773757836097,164.07142857142858,23.331490341562862,9188,170.14285714285714,0.045999778549912475,7.826533750420822,Forecast Increase,Normal
P00661,19.60548152235333,588.1644456705999,19.60548152235333,19.60548152235333,20.0,4.655397649259113,1120,19.178571428571427,0.0222597441822966,0.4269100937819026,Forecast Increase,Normal
P00662,148.62752622283355,4458.825786685006,148.62752622283355,148.62752622283355,147.92857142857142,19.797021945789666,8284,142.03571428571428,0.046409538405667514,6.5918119371192745,Forecast Increase,Normal
P00663,59.03333333333333,1771.0,44.0,73.0,55.07142857142857,7.951802866719529,3084,57.67857142857143,0.023488132094943173,1.3547619047619008,Forecast Increase,Normal
P00664,11.100804109408347,333.0241232822504,11.100804109408347,11.100804109408347,12.607142857142858,4.0212100007497575,706,11.142857142857142,-0.0037739901813021123,-0.04205303344879496,Forecast Decrease,Normal
P00665,4.433333333333334,133.0,4.0,5.0,4.678571428571429,1.2664501979533598,262,4.357142857142857,0.01748633879781435,0.07619047619047681,Forecast Increase,Normal
P00666,17.0,510.0,17.0,17.0,19.125,5.887004177153109,1071,17.642857142857142,-0.03643724696356272,-0.6428571428571423,Forecast Decrease,Normal
P00667,13.754159089930555,412.6247726979166,10.100210625019969,16.08755171577143,14.714285714285714,3.8692930325097583,824,13.464285714285714,0.02152905707707046,0.2898733756448415,Forecast Increase,Normal
P00668,23.51334278563993,705.400283569198,20.653047679638743,25.273020029074004,25.160714285714285,6.00840861010418,1409,22.928571428571427,0.02550404672572917,0.5847713570685045,Forecast Increase,Normal
P00669,7.105526985649271,213.1658095694781,7.105526985649271,7.105526985649271,7.785714285714286,2.469554878657548,436,6.785714285714286,0.04713029262199783,0.3198126999349853,Forecast Increase,Normal
P00670,6.0,180.0,6.0,6.0,6.428571428571429,0.7350236324498285,360,6.357142857142857,-0.05617977528089882,-0.35714285714285676,Forecast Decrease,Normal
P00671,11.69416138155576,350.8248414466728,11.69416138155576,11.69416138155576,13.035714285714286,4.492273308751316,730,11.535714285714286,0.013735351961490014,0.1584470958414741,Forecast Increase,Normal
P00672,364.50028490116546,10935.008547034964,311.59925575967515,396.3441866655892,364.5,54.508381340520806,20412,366.5357142857143,-0.005553154318168855,-2.03542938454882,Forecast Decrease,Normal
P00673,21.93463422427368,658.0390267282104,21.93463422427368,21.93463422427368,22.928571428571427,5.777250503191234,1284,20.857142857142858,0.05166054499942297,1.077491367130822,Forecast Increase,Normal
P00674,193.887062760552,5816.61188281656,162.27487360710188,210.8070624371307,182.05357142857142,22.434891367005783,10195,188.39285714285714,0.029163555885394515,5.49420561769486,Forecast Increase,Normal
P00675,12.0,360.0,12.0,12.0,16.803571428571427,3.63527987096726,941,16.285714285714285,-0.26315789473684204,-4.285714285714285,Forecast Decrease,Moderate
P00676,57.0,1710.0,57.0,57.0,49.94642857142857,8.034968219334427,2797,48.82142857142857,0.1675201170446233,8.17857142857143,Forecast Increase,Normal
P00677,25.97242330785927,779.172699235778,25.97242330785927,25.97242330785927,30.375,11.341897388163776,1701,26.0,-0.001060642005412705,-0.02757669214073033,Forecast Decrease,Normal
P00678,20.65322195898423,619.5966587695269,15.228224837693917,23.798401646300107,19.767857142857142,2.947979717634505,1107,20.071428571428573,0.02898614742270173,0.5817933875556562,Forecast Increase,Normal
P00679,99.13409161354352,2974.0227484063057,99.13409161354352,99.13409161354352,102.91071428571429,23.84211459941061,5763,96.03571428571429,0.03226276131618383,3.098377327829226,Forecast Increase,Normal
P00680,241.583935437375,7247.51806312125,207.3800231978298,263.9601326408055,235.91071428571428,35.472025744093195,13211,232.85714285714286,0.03747702335069018,8.726792580232143,Forecast Increase,Normal
P00681,37.74034200290334,1132.2102600871,32.69256635540823,40.75587230386665,38.142857142857146,4.930161610585749,2136,37.07142857142857,0.018043907592768374,0.6689134314747704,Forecast Increase,Normal
P00682,26.910058914847827,807.3017674454348,23.29559401788167,29.022080066426717,28.196428571428573,2.752979495727512,1579,27.428571428571427,-0.018904102062839583,-0.5185125137236,Forecast Decrease,Normal
P00683,6.866666666666666,206.0,6.0,7.0,7.232142857142857,1.8190014386377582,405,6.607142857142857,0.039279279279279274,0.2595238095238095,Forecast Increase,Normal
P00684,338.98634639038085,10169.590391711425,296.48227977073583,364.5843031571628,325.375,25.69015552520247,18221,330.75,0.024902029902889932,8.236346390380845,Forecast Increase,Normal
P00685,112.20978132185064,3366.2934396555193,95.92586354293752,123.57290448116308,110.28571428571429,16.44463359354577,6176,109.92857142857143,0.020751746917419725,2.281209893279211,Forecast Increase,Normal
P00686,309.22253277229,9276.6759831687,262.0758469124527,343.125510290327,296.6607142857143,39.052541198057426,16613,306.4642857142857,0.00900022347326876,2.758247058004258,Forecast Increase,Normal
P00687,259.10114455147567,7773.0343365442695,202.1336677869599,287.5643678569321,230.92857142857142,33.61593623314944,12932,241.89285714285714,0.07114012216762422,17.20828740861853,Forecast Increase,Normal
P00688,19.655933347459925,589.6780004237977,14.31456708421264,23.0324901721022,19.178571428571427,2.7243490822722998,1074,19.392857142857142,0.013565623810088237,0.2630762046027826,Forecast Increase,Normal
P00689,545.1376688331928,16354.130064995787,452.5926637073136,602.6441550833606,473.75,66.77894333341366,26530,502.25,0.0853910778162127,42.88766883319283,Forecast Increase,Normal
P00690,33.44837260185328,1003.4511780555983,28.15255473833994,36.83711418295497,36.69642857142857,9.089293687644805,2055,34.035714285714285,-0.017256628696860603,-0.5873416838610055,Forecast Decrease,Normal
P00691,4.047580672114684,121.42742016344052,4.047580672114684,4.047580672114684,4.160714285714286,0.9867630408063014,233,4.107142857142857,-0.014502097224250794,-0.0595621850281729,Forecast Decrease,Normal
P00692,12.0,360.0,12.0,12.0,11.053571428571429,1.150804348858071,619,10.964285714285714,0.09446254071661245,1.0357142857142865,Forecast Increase,Normal
P00693,130.35739200759292,3910.7217602277874,110.77285758295456,142.25808688713977,120.08928571428571,14.070312764778945,6725,123.89285714285714,0.052178430732949525,6.464534864735782,Forecast Increase,Normal
P00694,29.991818784839673,899.7545635451902,22.947909510270843,34.891720681122365,29.571428571428573,7.093805602219303,1656,27.285714285714285,0.09917660467998804,2.706104499125388,Forecast Increase,Normal
P00695,12.507162860601564,375.2148858180469,9.291554073066193,14.44381815600468,12.678571428571429,3.275846277096781,710,11.75,0.0644393923916225,0.7571628606015643,Forecast Increase,Normal
P00696,248.86666666666667,7466.0,173.0,293.0,223.21428571428572,34.809985132646425,12500,235.42857142857142,0.05707928802589005,13.438095238095258,Forecast Increase,Normal
P00697,20.501060496477628,615.0318148943288,17.77415958658661,22.37758277954275,20.339285714285715,2.047408878774123,1139,20.035714285714285,0.0232258358313255,0.46534621076334304,Forecast Increase,Normal
P00698,117.66435153061317,3529.930545918395,99.63531321887248,128.15720721502467,109.125,13.650258072818463,6111,112.42857142857143,0.04656983572337002,5.235780102041744,Forecast Increase,Normal
P00699,9.0,270.0,9.0,9.0,8.5,2.0180999164380506,476,7.928571428571429,0.1351351351351351,1.0714285714285712,Forecast Increase,Normal
P00700,97.46815531881936,2924.044659564581,84.49380353491799,103.92912941545674,94.76785714285714,6.943907915781798,5307,97.14285714285714,0.003348657693728708,0.32529817596221733,Forecast Increase,Normal
P00701,143.2212077808568,4296.636233425704,107.7805068589958,163.87411090330022,131.32142857142858,18.3779582829364,7354,135.89285714285714,0.05392741599579242,7.328350637999648,Forecast Increase,Normal
P00702,7.582122760387544,227.4636828116263,5.671878493751276,8.735232503525598,8.017857142857142,2.1276625794397126,449,7.392857142857143,0.025601146332614604,0.18926561753040083,Forecast Increase,Normal
P00703,2.0,60.0,2.0,2.0,2.357142857142857,0.519740194837642,132,2.3214285714285716,-0.13846153846153852,-0.3214285714285716,Forecast Decrease,Normal
P00704,26.03001931847463,780.9005795542389,19.652039130864576,29.945731176790563,26.25,6.809752365007649,1470,24.142857142857142,0.07816648064687816,1.8871621756174868,Forecast Increase,Normal
P00705,28.309772925190334,849.29318775571,21.261070585232567,32.53856025050137,27.946428571428573,7.411096453923036,1565,26.0,0.08883742019962823,2.309772925190334,Forecast Increase,Normal
P00706,98.13176214376382,2943.9528643129147,86.1290747696555,105.58877698685026,97.35714285714286,11.976383687648203,5452,93.17857142857143,0.05315804523778726,4.953190715192392,Forecast Increase,Normal
P00707,11.25445136249751,337.6335408749253,8.383827862993858,13.064302909927818,10.767857142857142,1.6948163904690674,603,11.142857142857142,0.010014865865161258,0.11159421964036831,Forecast Increase,Normal
P00708,19.84186485022267,595.2559455066801,17.20385358505979,21.554870335116775,18.267857142857142,2.7468399789812796,1023,18.071428571428573,0.09796880594117534,1.7704362787940973,Forecast Increase,Normal
P00709,21.251506326311226,637.5451897893367,15.810054353435564,24.713414039790138,19.660714285714285,2.986495579128796,1101,19.857142857142858,0.07021974305164445,1.3943634691683684,Forecast Increase,Normal
P00710,601.9037985057325,18057.113955171975,497.46702695443366,656.1024999742476,582.6964285714286,74.52465599148617,32631,601.4642857142857,0.0007307379704597379,0.43951279144687305,Forecast Increase,Normal
P00711,100.76652924356928,3022.9958773070784,88.79610503208863,108.68880157252224,96.125,8.038684876611011,5383,98.5,0.02301044917329219,2.2665292435692805,Forecast Increase,Normal
P00712,64.08816741383283,1922.645022414985,57.54556238831087,67.70868678340844,62.214285714285715,4.3888879755967425,3484,63.035714285714285,0.016696140276101647,1.0524531281185503,Forecast Increase,Normal
P00713,236.56164448379363,7096.849334513809,204.40284458847063,253.32773202791336,229.92857142857142,18.668259053910084,12876,234.39285714285714,0.0092527876803629,2.1687873409364897,Forecast Increase,Normal
P00714,19.928571428571427,597.8571428571428,19.928571428571427,19.928571428571427,19.732142857142858,3.8776331648363747,1105,19.928571428571427,0.0,0.0,Stable,Normal
P00715,3.461401913906691,103.84205741720073,3.461401913906691,3.461401913906691,3.3035714285714284,0.760852222114192,185,3.25,0.06504674274052036,0.21140191390669116,Forecast Increase,Normal
P00716,217.60714285714286,6528.214285714286,217.6071428571429,217.6071428571429,210.64285714285714,43.594173326855824,11796,217.60714285714286,0.0,0.0,Stable,Normal
P00717,138.73103273099088,4161.930981929726,119.83738803814954,150.3158872316508,134.125,22.70367411195418,7511,131.17857142857142,0.05757389503614072,7.552461302419459,Forecast Increase,Normal
P00718,132.0,3960.0,132.0,132.0,129.91071428571428,33.286785139677654,7275,132.0,0.0,0.0,Stable,Normal
P00719,21.066676585797968,632.0002975739391,21.066676585797968,21.066676585797968,23.214285714285715,8.185828742881943,1300,20.571428571428573,0.024074556254067795,0.4952480143693947,Forecast Increase,Normal
P00720,664.3583914600432,19930.751743801295,567.7860078341726,726.4136190201298,594.4642857142857,75.26534015449229,33290,617.6428571428571,0.07563518913387364,46.7155343171861,Forecast Increase,Normal
P00721,138.16546747605665,4144.9640242816995,138.16546747605665,138.16546747605665,140.08928571428572,31.903420612110647,7845,132.85714285714286,0.0399551315402113,5.308324618913787,Forecast Increase,Normal
P00722,37.49024612785254,1124.7073838355761,31.71616143873485,40.823610370235535,39.17857142857143,9.72551871550892,2194,36.214285714285715,0.03523362088744674,1.2759604135668212,Forecast Increase,Normal
P00723,10.152710226716277,304.5813068014883,10.152710226716277,10.152710226716277,12.410714285714286,5.39621680848313,695,10.392857142857142,-0.023106919766131398,-0.24014691614086559,Forecast Decrease,Normal
P00724,142.25,4267.5,142.25,142.25,118.80357142857143,183.07886225666468,6653,142.25,0.0,0.0,Stable,Normal
P00725,164.27065731074384,4928.119719322315,121.81457071034282,189.8562961167985,152.39285714285714,22.640011702075803,8534,160.17857142857142,0.025547024459493414,4.092085882172427,Forecast Increase,Normal
P00726,226.83627995154993,6805.088398546498,199.0127599833563,243.71055241115312,235.10714285714286,31.373224583699045,13166,225.39285714285714,0.006404030841926485,1.4434228086927874,Forecast Increase,Normal
P00727,27.431130892469266,822.933926774078,20.33828277178716,31.711861413808933,27.089285714285715,7.025348352965816,1517,25.321428571428573,0.08331687586620508,2.109702321040693,Forecast Increase,Normal
P00728,0.0,0.0,0.0,0.0,18.839285714285715,33.12498468512265,1055,16.678571428571427,-1.0,-16.678571428571427,Forecast Decrease,Critical
P00729,22.93099183905885,687.9297551717656,22.93099183905885,22.93099183905885,27.892857142857142,9.79921809761755,1562,23.714285714285715,-0.033030464618000285,-0.7832938752268639,Forecast Decrease,Normal
P00730,25.01246502137524,750.3739506412572,25.01246502137524,25.01246502137524,26.5,6.690563232167857,1484,24.0,0.04218604255730174,1.0124650213752417,Forecast Increase,Normal
P00731,31.839837101254815,955.1951130376444,26.91499317257751,34.986999138719845,32.19642857142857,8.404370384415573,1803,29.142857142857142,0.0925434299450182,2.696979958397673,Forecast Increase,Normal
P00732,61.59569667158457,1847.870900147537,55.25242399452653,65.08874299490397,60.392857142857146,7.983343048733797,3382,58.07142857142857,0.060688503569722024,3.524268100156,Forecast Increase,Normal
P00733,396.7793521718049,11903.380565154146,344.4967546132452,427.8121361505829,393.5,30.95333731456256,22036,402.0,-0.012986686139788872,-5.220647828195126,Forecast Decrease,Normal
P00734,360.84709452738105,10825.412835821431,302.3741647734594,392.4214967407295,344.25,42.85970771545864,19278,355.9642857142857,0.013717131209658779,4.882808813095323,Forecast Increase,Normal
P00735,9.392857142857142,281.7857142857143,9.392857142857142,9.392857142857142,9.517857142857142,2.1908161321013053,533,9.392857142857142,0.0,0.0,Stable,Normal
P00736,393.11184199877516,11793.355259963255,336.0373837035521,426.5382627399956,380.26785714285717,58.53809670832976,21295,378.64285714285717,0.03821275004392603,14.468984855917995,Forecast Increase,Normal
P00737,3.5357142857142856,106.07142857142857,3.5357142857142856,3.5357142857142856,3.5357142857142856,0.7619182899231914,198,3.5357142857142856,0.0,0.0,Stable,Normal
P00738,57.49730665660942,1724.9191996982825,57.49730665660942,57.49730665660942,56.30357142857143,13.361980858672583,3153,55.607142857142854,0.03399138496150532,1.8901637994665634,Forecast Increase,Normal
P00739,17.98348290655829,539.5044871967488,13.68108397186752,20.749866460086235,16.732142857142858,2.6730375736472305,937,16.928571428571427,0.0623154459570299,1.0549114779868631,Forecast Increase,Normal
P00740,17.493112088487614,524.7933626546284,15.10436515731345,19.094752755186303,17.732142857142858,1.8634383803610455,993,17.392857142857142,0.0057641447179737106,0.10025494563047133,Forecast Increase,Normal
P00741,285.61468768061917,8568.440630418576,241.2889820071672,311.0667407493841,264.6607142857143,31.41989918721994,14821,276.92857142857144,0.03136590857071657,8.686116252047725,Forecast Increase,Normal
P00742,2.0,60.0,2.0,2.0,2.2857142857142856,0.5296408977028497,128,2.2142857142857144,-0.09677419354838715,-0.2142857142857144,Forecast Decrease,Normal
P00743,774.227322811501,23226.81968434503,653.3632723822597,850.916917105963,705.5178571428571,79.74071415222272,39509,729.8571428571429,0.06079296529272011,44.37017995435815,Forecast Increase,Normal
P00744,45.09354509883142,1352.8063529649426,38.3980680370973,48.87496636711757,43.285714285714285,5.276756185778896,2424,45.607142857142854,-0.011261344739796517,-0.513597758311434,Forecast Decrease,Normal
P00745,5.372645754432647,161.1793726329794,5.372645754432647,5.372645754432647,6.232142857142857,1.9068400460025383,349,5.678571428571429,-0.05387370362192378,-0.30592567413878147,Forecast Decrease,Normal
P00746,16.788706679115265,503.661200373458,16.788706679115265,16.788706679115265,17.410714285714285,3.9116459484434465,975,16.678571428571427,0.0066033983195448774,0.11013525054383777,Forecast Increase,Normal
P00747,18.61860626744174,558.5581880232522,16.40225144294361,19.952955529943637,17.625,1.3424875147548774,987,17.571428571428573,0.05959547863489576,1.0471776960131685,Forecast Increase,Normal
P00748,390.5249713470257,11715.749140410771,326.59490915834107,430.486381835408,374.0892857142857,47.071039846255694,20949,385.0357142857143,0.014256488054607195,5.489257061311434,Forecast Increase,Normal
P00749,202.0,6060.0,202.0,202.0,221.03571428571428,47.70895257542503,12378,205.85714285714286,-0.018736988202637077,-3.857142857142861,Forecast Decrease,Normal
P00750,268.5515771303782,8056.547313911345,204.4944575956297,309.95298962261745,252.42857142857142,36.604946085496124,14136,261.85714285714283,0.025565215446070603,6.694434273235345,Forecast Increase,Normal
P00751,3.0,90.0,3.0,3.0,3.1964285714285716,0.7241206041472994,179,2.9642857142857144,0.012048192771084295,0.03571428571428559,Forecast Increase,Normal
P00752,145.69076129309116,4370.722838792734,128.20290816533088,156.7400803882716,147.26785714285714,18.5055186573957,8247,142.71428571428572,0.020856185236874915,2.9764755788054345,Forecast Increase,Normal
P00753,221.31540434393457,6639.462130318037,185.46443246816335,242.07540722077223,207.33928571428572,25.202652663930063,11611,212.25,0.04271097452972709,9.065404343934574,Forecast Increase,Normal
P00754,15.730424771905076,471.9127431571523,13.569732819298382,17.060251182798634,15.392857142857142,1.6256866681058628,862,15.071428571428571,0.04372486638232734,0.6589962004765049,Forecast Increase,Normal
P00755,4.0,120.0,4.0,4.0,4.321428571428571,1.0972219938991852,242,3.857142857142857,0.03703703703703702,0.1428571428571428,Forecast Increase,Normal
P00756,357.4452118352904,10723.356355058713,313.16795492431874,382.24158422183183,345.1607142857143,27.846185823826303,19329,350.0,0.02127203381511549,7.445211835290422,Forecast Increase,Normal
P00757,161.92394916395125,4857.718474918537,142.94589136223152,170.85616189042665,155.0,13.128733235298686,8680,159.75,0.013608445470743346,2.1739491639512494,Forecast Increase,Normal
P00758,339.11755979360686,10173.526793808205,287.47068895207906,373.03302120905073,313.35714285714283,36.221755678260315,17548,328.75,0.03153630355469767,10.367559793606858,Forecast Increase,Normal
P00759,267.0,8010.0,267.0,267.0,172.60714285714286,40.772396442793394,9666,162.85714285714286,0.6394736842105263,104.14285714285714,Forecast Increase,Critical
P00760,14.133333333333333,424.0,0.0,106.0,45.142857142857146,53.06545822983965,2528,40.357142857142854,-0.6497935103244837,-26.22380952380952,Forecast Decrease,Critical
P00761,16.88266387720877,506.47991631626314,16.88266387720877,16.88266387720877,19.160714285714285,5.584969392654103,1073,17.107142857142858,-0.013121944547295282,-0.22447897993408716,Forecast Decrease,Normal
P00762,6.5,195.0,6.5,6.5,6.482142857142857,1.2356973949750205,363,6.5,0.0,0.0,Stable,Normal
P00763,25.94395385435079,778.3186156305237,20.07525244056957,29.47486648645585,26.357142857142858,6.145001135967265,1476,24.607142857142858,0.05432613631614245,1.3368109972079338,Forecast Increase,Normal
P00764,0.0,0.0,0.0,0.0,100.26785714285714,148.0509115223456,5615,114.14285714285714,-1.0,-114.14285714285714,Forecast Decrease,Critical
P00765,6.133333333333334,184.0,5.0,8.0,6.125,1.5381511924739686,343,5.75,0.06666666666666674,0.38333333333333375,Forecast Increase,Normal
P00766,435.0636725200155,13051.910175600464,368.2475565979916,462.4978650089278,396.625,50.54595119115063,22211,411.14285714285717,0.058181274371128605,23.920815377158306,Forecast Increase,Normal
P00767,273.82148680055434,8214.64460401663,239.7745728623268,293.8720506775693,266.85714285714283,21.65718740357958,14944,272.60714285714283,0.004454556585290474,1.2143439434115066,Forecast Increase,Normal
P00768,34.61995661534579,1038.5986984603737,34.61995661534579,34.61995661534579,34.160714285714285,7.841096365164263,1913,33.32142857142857,0.038969759088619764,1.2985280439172229,Forecast Increase,Normal
P00769,20.68700309184104,620.6100927552311,16.322053908751055,23.200849865713923,18.5,2.642313036303266,1036,18.642857142857142,0.10964767542442355,2.0441459489838962,Forecast Increase,Normal
P00770,97.86108377232505,2935.8325131697516,97.86108377232505,97.86108377232505,93.83928571428571,22.98993992298235,5255,91.0,0.0753965249706049,6.8610837723250455,Forecast Increase,Normal
P00771,23.155758575175714,694.6727572552714,17.00530575191467,27.11277469427981,23.964285714285715,6.21424839517082,1342,22.0,0.05253448068980517,1.1557585751757138,Forecast Increase,Normal
P00772,216.77867717944522,6503.3603153833565,190.0662079292325,231.0505046750783,214.26785714285714,28.301295229870878,11999,207.21428571428572,0.04615700810487178,9.564391465159503,Forecast Increase,Normal
P00773,29.087515150168027,872.6254545050408,25.3116366320836,31.384459488669997,31.196428571428573,8.244931540279518,1747,28.0,0.03883982679171526,1.0875151501680271,Forecast Increase,Normal
P00774,16.01241810985962,480.37254329578866,13.850920913259433,17.409729980329544,15.714285714285714,1.4233671437735338,880,15.571428571428571,0.028320429073553616,0.44098953843104916,Forecast Increase,Normal
P00775,0.0,0.0,0.0,0.0,88.53571428571429,125.57807629818687,4958,105.64285714285714,-1.0,-105.64285714285714,Forecast Decrease,Critical
P00776,21.31167804207171,639.3503412621512,15.5839054726812,24.960189872362445,22.482142857142858,5.8496031611432535,1259,20.571428571428573,0.03598434926737464,0.7402494706431355,Forecast Increase,Normal
P00777,5.510882626282042,165.32647878846126,4.0470461170991445,6.421644685979849,5.660714285714286,1.587184880269417,317,5.25,0.04969192881562702,0.26088262628204184,Forecast Increase,Normal
P00778,294.0865091736055,8822.595275208165,257.81402786210816,315.13817649749825,280.2142857142857,20.25628009079857,15692,286.5357142857143,0.02635202004997567,7.550794887891243,Forecast Increase,Normal
P00779,462.7125995292494,13881.377985877483,393.135239287103,507.7435371042618,413.5892857142857,54.5249823594534,23161,432.25,0.07047449283805533,30.462599529249417,Forecast Increase,Normal
P00780,48.15987747609983,1444.7963242829949,36.35882054301778,55.14100423145224,45.232142857142854,7.094148860289591,2533,47.25,0.019256666160842956,0.9098774760998296,Forecast Increase,Normal
P00781,31.466666666666665,944.0,0.0,236.0,61.035714285714285,102.5711219834075,3418,50.392857142857146,-0.3755728797543114,-18.92619047619048,Forecast Decrease,High
P00782,285.2565490088051,8557.696470264153,219.744057675934,323.32197447796455,249.85714285714286,37.00242182316207,13992,260.89285714285717,0.09338581413368136,24.363691865947942,Forecast Increase,Normal
P00783,25.900834942311995,777.0250482693599,19.234117950219563,30.322143905125035,23.767857142857142,3.702535109052476,1331,23.964285714285715,0.08080980385206533,1.93654922802628,Forecast Increase,Normal
P00784,4.378541839596795,131.35625518790386,4.378541839596795,4.378541839596795,4.553571428571429,1.0430661594486772,255,4.428571428571429,-0.01129700396201409,-0.05002958897463383,Forecast Decrease,Normal
P00785,6.0,180.0,6.0,6.0,6.196428571428571,1.6002231987176938,347,5.714285714285714,0.049999999999999975,0.2857142857142856,Forecast Increase,Normal
P00786,96.23956692876683,2887.187007863005,96.23956692876683,96.23956692876683,99.53571428571429,25.519307689180458,5574,94.14285714285714,0.022271575874609813,2.0967097859096953,Forecast Increase,Normal
P00787,391.433753783937,11743.012613518109,334.6421744867132,421.866025401447,360.48214285714283,47.80680479194968,20187,383.64285714285717,0.020307680687975713,7.790896641079826,Forecast Increase,Normal
P00788,5.885599024459763,176.5679707337929,5.885599024459763,5.885599024459763,5.928571428571429,1.3732131246511903,332,5.75,0.023582439036480544,0.13559902445976313,Forecast Increase,Normal
P00789,218.4753530674198,6554.260592022594,189.8969134186264,234.9039818238309,211.23214285714286,17.884468702738154,11829,214.5,0.018533114533425658,3.975353067419803,Forecast Increase,Normal
P00790,34.87667067825427,1046.300120347628,30.379639618701333,37.81802962291799,36.07142857142857,4.678216998570528,2020,34.42857142857143,0.013015330903650972,0.44809924968284065,Forecast Increase,Normal
P00791,18.7,561.0,16.0,21.0,20.589285714285715,5.33522355572945,1153,18.5,0.010810810810810773,0.1999999999999993,Forecast Increase,Normal
P00792,118.14427419623279,3544.3282258869835,102.12271636955673,127.08113685386652,115.98214285714286,9.170091843356008,6495,117.71428571428571,0.0036528147738222614,0.4299884819470776,Forecast Increase,Normal
P00793,254.26502382279278,7627.950714683783,197.67954028397156,280.9634841028769,229.82142857142858,31.921555636994164,12870,240.89285714285714,0.05551084759647117,13.372166679935646,Forecast Increase,Normal
P00794,88.24280557520503,2647.284167256151,77.31645207897357,94.89539468372745,82.53571428571429,7.073546842643013,4622,84.46428571428571,0.04473511886077839,3.7785198609193174,Forecast Increase,Normal
P00795,24.461509253112165,733.8452775933649,20.42336095764461,26.83333410597309,25.089285714285715,6.3511682124108155,1405,23.142857142857142,0.056978794887562724,1.318652110255023,Forecast Increase,Normal
P00796,67.74134751061412,2032.2404253184236,60.606782415414514,73.12082475801348,69.76785714285714,9.392436166557488,3907,67.14285714285714,0.008913686328295454,0.5984903677569804,Forecast Increase,Normal
P00797,190.04299265614515,5701.2897796843545,166.11281375819937,205.08126681972985,188.46428571428572,26.730278565847243,10554,179.21428571428572,0.06042323522759343,10.828706941859423,Forecast Increase,Normal
P00798,267.1713152863093,8015.13945858928,234.0075452635913,286.6415313618189,254.51785714285714,21.665213904009665,14253,261.42857142857144,0.0219667797836968,5.742743857737878,Forecast Increase,Normal
P00799,0.0,0.0,0.0,0.0,30.017857142857142,42.549005360206216,1681,25.428571428571427,-1.0,-25.428571428571427,Forecast Decrease,Critical
P00800,225.7113006859795,6771.339020579385,198.35467695519893,243.31707387358887,229.19642857142858,29.110085501799524,12835,220.0,0.02596045766354316,5.711300685979495,Forecast Increase,Normal
P00801,479.612606350577,14388.37819051731,402.0032324982701,527.7584508299242,442.26785714285717,57.62559124411451,24767,468.57142857142856,0.023563489162816767,11.041177779148427,Forecast Increase,Normal
P00802,5.638398454764936,169.1519536429481,5.638398454764936,5.638398454764936,5.803571428571429,1.5888205214405586,325,5.25,0.07398065805046408,0.3883984547649364,Forecast Increase,Normal
P00803,140.84295144046385,4225.288543213916,122.94587494929765,151.28844268600847,132.71428571428572,11.991988667764492,7432,136.0,0.03560993706223419,4.84295144046385,Forecast Increase,Normal
P00804,64.45057102678514,1933.5171308035542,55.98276013673187,68.96922102278698,62.57142857142857,4.443001208671873,3504,63.25,0.018981360107274962,1.2005710267851413,Forecast Increase,Normal
P00805,20.683281864768233,620.498455943047,15.074840149323876,24.11367539958535,20.910714285714285,3.1000104733798786,1171,20.857142857142858,-0.008335801004262823,-0.1738609923746246,Forecast Decrease,Normal
P00806,399.1066151830542,11973.198455491625,347.53247458204845,430.1850675423356,378.51785714285717,32.26480833885206,21197,387.89285714285717,0.028909421335559984,11.213758040197035,Forecast Increase,Normal
P00807,59.88343640304869,1796.5030920914608,52.02598897928012,65.34666411650736,56.642857142857146,7.0824458318464405,3172,56.25,0.06459442494308784,3.633436403048691,Forecast Increase,Normal
P00808,218.36608834277715,6550.982650283315,187.55623040166748,237.74346736391504,212.94642857142858,34.46654221803418,11925,209.07142857142858,0.04445686258929958,9.294659771348563,Forecast Increase,Normal
P00809,238.71618235220734,7161.48547056622,208.336004901533,256.5560924156412,237.69642857142858,19.232472202319368,13311,243.35714285714286,-0.019070574425916434,-4.640960504935521,Forecast Decrease,Normal
P00810,35.83639654039658,1075.0918962118974,30.369586270634358,39.2257580439458,37.357142857142854,10.159507095109705,2092,33.714285714285715,0.06294396518125439,2.1221108261108625,Forecast Increase,Normal
P00811,161.0355502015801,4831.066506047403,161.0355502015801,161.0355502015801,173.625,45.11261162106144,9723,162.92857142857142,-0.011618718622480718,-1.8930212269913227,Forecast Decrease,Normal
P00812,242.52937801489108,7275.881340446733,211.22644857302137,261.85543419907333,248.96428571428572,32.794103841289015,13942,240.85714285714286,0.006942850595633173,1.6722351577482186,Forecast Increase,Normal
P00813,16.75299364792693,502.58980943780796,14.486320034724391,18.20961166297397,17.964285714285715,4.556570822706222,1006,16.071428571428573,0.04240849364878676,0.6815650764983587,Forecast Increase,Normal
P00814,171.04646890089177,5131.394067026753,146.7726691627089,185.6599637669468,167.39285714285714,22.124177290449044,9374,165.46428571428572,0.033736483752421595,5.582183186606045,Forecast Increase,Normal
P00815,347.68385572533873,10430.515671760162,300.18906202908454,376.8338578938864,340.3392857142857,53.5846914318274,19059,331.9642857142857,0.04735319637541519,15.719570011053008,Forecast Increase,Normal
P00816,154.9994573704715,4649.983721114145,134.8737065151613,165.48654772738936,150.92857142857142,11.59130888029654,8452,152.85714285714286,0.014015141675981772,2.1423145133286425,Forecast Increase,Normal
P00817,164.80158606612733,4944.04758198382,124.5251529026547,187.2520816495305,148.73214285714286,22.24286694358732,8329,156.25,0.0547301508232149,8.551586066127328,Forecast Increase,Normal
P00818,17.14172408648305,514.2517225944914,13.177291714932174,19.84559673974051,14.964285714285714,2.358460867247465,838,15.035714285714286,0.14006716014614093,2.1060098007687618,Forecast Increase,Normal
P00819,31.795023127366846,953.8506938210054,26.372985676226826,35.10605181917038,32.857142857142854,9.124250547411995,1840,29.214285714285715,0.08833819995876732,2.580737413081131,Forecast Increase,Normal
P00820,23.94872059511455,718.4616178534366,23.94872059511455,23.94872059511455,23.982142857142858,5.010864818947549,1343,23.535714285714285,0.01754806777421466,0.4130063094002665,Forecast Increase,Normal
P00821,123.29559788271447,3698.8679364814343,123.29559788271447,123.29559788271447,125.98214285714286,25.485461860318843,7055,122.75,0.004444789268549692,0.5455978827144747,Forecast Increase,Normal
P00822,10.4,312.0,9.0,12.0,11.821428571428571,2.985462612893858,662,10.642857142857142,-0.022818791946308644,-0.242857142857142,Forecast Decrease,Normal
P00823,15.355354114527389,460.66062343582166,15.355354114527389,15.355354114527389,15.482142857142858,3.7123433982450362,867,15.75,-0.02505688161730866,-0.39464588547261137,Forecast Decrease,Normal
P00824,19.27457148594882,578.2371445784646,16.86647286315361,20.947111824714334,17.660714285714285,1.8904235765302173,989,17.75,0.08589135132106021,1.5245714859488189,Forecast Increase,Normal
P00825,97.34991275931247,2920.497382779374,73.77198489424823,111.11249223581872,85.125,14.497727094585933,4767,89.0,0.09381924448665702,8.349912759312474,Forecast Increase,Normal
P00826,337.0956485138756,10112.869455416267,291.6063299086988,363.01465086205496,328.57142857142856,46.43934740080859,18400,328.25,0.02694790103237037,8.845648513875574,Forecast Increase,Normal
P00827,16.03857564342285,481.15726930268545,14.020515393693527,17.33937288938461,15.553571428571429,1.5482499546513544,871,15.285714285714286,0.04925261218654147,0.7528613577085626,Forecast Increase,Normal
P00828,12.0,360.0,12.0,12.0,11.321428571428571,1.0972219938991865,634,11.142857142857142,0.07692307692307697,0.8571428571428577,Forecast Increase,Normal
P00829,82.12317650112615,2463.6952950337845,71.1412568943696,88.9883285203392,77.60714285714286,5.776688486505907,4346,79.28571428571429,0.035787811725915365,2.837462215411861,Forecast Increase,Normal
P00830,88.0465653913247,2641.396961739741,67.60530474509585,100.0727876114313,82.23214285714286,12.558215089484898,4605,85.25,0.03280428611524581,2.7965653913247053,Forecast Increase,Normal
P00831,36.500687171307746,1095.0206151392324,30.293434271192197,40.16718086582524,40.392857142857146,10.666308164971134,2262,37.17857142857143,-0.018233198082020338,-0.6778842572636847,Forecast Decrease,Normal
P00832,104.4921276588712,3134.763829766136,90.91717762652635,112.59448707465326,100.03571428571429,8.10827699601807,5602,103.10714285714286,0.013432481623967239,1.3849848017283364,Forecast Increase,Normal
P00833,5.0,150.0,5.0,5.0,6.75,2.1595454067086344,378,5.892857142857143,-0.15151515151515157,-0.8928571428571432,Forecast Decrease,Normal
P00834,14.319715129242391,429.59145387727176,14.319715129242391,14.319715129242391,15.982142857142858,4.123066252763265,895,14.321428571428571,-0.00011964184841155346,-0.0017134421861797478,Forecast Decrease,Normal
P00835,109.46275868487191,3283.8827605461574,95.02070673035628,118.1422963398374,102.89285714285714,9.08881144630548,5762,105.82142857142857,0.03441013944529655,3.6413301134433453,Forecast Increase,Normal
P00836,3.0,90.0,3.0,3.0,2.982142857142857,0.3562977012949312,167,2.9285714285714284,0.02439024390243909,0.07142857142857162,Forecast Increase,Normal
P00837,156.0186531206056,4680.559593618168,136.50688737401308,168.3810004641977,141.85714285714286,22.194535421977246,7944,140.85714285714286,0.10763749679943115,15.16151026346273,Forecast Increase,Normal
P00838,17.642857142857142,529.2857142857142,17.642857142857142,17.642857142857142,17.589285714285715,3.721078952592725,985,17.642857142857142,0.0,0.0,Stable,Normal
P00839,247.42865083702023,7422.859525110607,207.9631496778683,271.39132118046547,238.48214285714286,27.97270817417224,13355,241.64285714285714,0.023943574259025498,5.78579369416309,Forecast Increase,Normal
P00840,120.54558202220271,3616.367460666081,104.75300779112776,129.21004462512926,115.57142857142857,9.386367567056812,6472,118.25,0.019412955790297746,2.2955820222027086,Forecast Increase,Normal
P00841,11.0,330.0,11.0,11.0,13.107142857142858,3.77878562228936,734,11.964285714285714,-0.08059701492537308,-0.9642857142857135,Forecast Decrease,Normal
P00842,746.2098207314739,22386.294621944216,625.2000255316023,824.043987518127,689.7142857142857,79.7146534460633,38624,717.5,0.04001368743062562,28.709820731473883,Forecast Increase,Normal
P00843,12.44578277568258,373.37348327047744,10.930652131799812,13.538515934595548,13.357142857142858,3.5390218033625227,748,11.928571428571429,0.043359035087162434,0.5172113471111519,Forecast Increase,Normal
P00844,93.57142857142857,2807.142857142857,93.57142857142856,93.57142857142856,94.51785714285714,24.134465036486777,5293,93.57142857142857,0.0,0.0,Stable,Normal
P00845,8.69570000800994,260.8710002402982,6.499821139384896,10.084915423260282,8.785714285714286,2.278071638384182,492,8.178571428571429,0.06322969530252535,0.517128579438511,Forecast Increase,Normal
P00846,15.403499253359533,462.10497760078596,15.403499253359533,15.403499253359533,15.035714285714286,3.286137747980341,842,14.964285714285714,0.029350785427367382,0.439213539073819,Forecast Increase,Normal
P00847,22.40116956774595,672.0350870323784,19.520773993679565,24.2970943170382,24.410714285714285,6.231231559912272,1367,21.821428571428573,0.026567508832874853,0.5797409963173763,Forecast Increase,Normal
P00848,95.94045947217111,2878.2137841651333,82.95015949286284,105.23285843681636,97.03571428571429,14.59509791391901,5434,93.07142857142857,0.03082611865724913,2.869030900742544,Forecast Increase,Normal
P00849,222.68681979563337,6680.604593869001,173.02651758917466,257.4377823907796,205.96428571428572,29.665384961855203,11534,214.5,0.03816699205423482,8.186819795633369,Forecast Increase,Normal
P00850,26.050889778655346,781.5266933596604,22.68917233539901,27.98141634083121,24.892857142857142,2.179896339725368,1394,25.785714285714285,0.010283814130678285,0.26517549294106146,Forecast Increase,Normal
P00851,12.862773821591867,385.883214647756,11.127969436667271,13.9404149864903,14.392857142857142,3.6365746692011327,806,12.964285714285714,-0.007830118444704399,-0.1015118926938463,Forecast Decrease,Normal
P00852,635.3009478300092,19059.028434900276,539.5486619183959,696.7513045768728,572.4821428571429,72.33658475146926,32059,602.6785714285714,0.05412898010312643,32.622376401437805,Forecast Increase,Normal
P00853,11.227975345177668,336.83926035533005,8.339906760664915,13.031950032747083,11.553571428571429,2.8214737790229933,647,10.75,0.04446282280722497,0.4779753451776685,Forecast Increase,Normal
P00854,154.0082297977966,4620.246893933898,134.17474512020277,165.36076454106563,152.75,22.06622264498802,8554,147.75,0.04235688526427471,6.258229797796588,Forecast Increase,Normal
P00855,10.125068913878675,303.75206741636026,8.582361631002433,11.002663039767414,10.589285714285714,2.455248816972886,593,9.75,0.03846860655165894,0.3750689138786747,Forecast Increase,Normal
P00856,20.25278279400421,607.5834838201264,20.25278279400421,20.25278279400421,22.696428571428573,7.276161932470474,1271,20.964285714285715,-0.03393881050746526,-0.7115029202815037,Forecast Decrease,Normal
P00857,5.0,150.0,5.0,5.0,3.4107142857142856,1.4113408932228657,191,2.857142857142857,0.75,2.142857142857143,Forecast Increase,Critical
P00858,271.26191447953465,8137.85743438604,205.3744675091285,311.3235314558137,244.98214285714286,38.3303777328486,13719,256.10714285714283,0.05917356092971287,15.15477162239182,Forecast Increase,Normal
P00859,107.20759202864998,3216.2277608594995,91.35425080280012,119.4479332047226,102.67857142857143,12.424473126355595,5750,105.35714285714286,0.017563585356677774,1.8504491715071225,Forecast Increase,Normal
P00860,34.80220771968672,1044.0662315906015,29.36314754576142,37.97141236351018,35.089285714285715,8.981347916076427,1965,32.5,0.07083716060574523,2.30220771968672,Forecast Increase,Normal
P00861,195.90789482405458,5877.236844721638,170.11627541300473,210.89703638126707,190.71428571428572,13.52400463245637,10680,195.35714285714286,0.002819205680718121,0.5507519669117187,Forecast Increase,Normal
P00862,220.0749853968052,6602.2495619041565,189.85357995963935,238.55594085483995,211.92857142857142,18.425138107642894,11868,216.96428571428572,0.014337381252764687,3.1106996825194813,Forecast Increase,Normal
P00863,108.20083782921759,3246.0251348765278,94.98945479548,116.47738470958365,105.07142857142857,9.200508173429911,5884,108.92857142857143,-0.006680833043248368,-0.7277335993538401,Forecast Decrease,Normal
P00864,28.052605838553777,841.5781751566133,21.010537328586825,32.355977093107235,26.892857142857142,3.7449533140848796,1506,26.75,0.04869554536649635,1.3026058385537773,Forecast Increase,Normal
P00865,5.34182090676609,160.2546272029827,4.642637778085016,5.807548911377259,5.464285714285714,0.7125954025898623,306,5.392857142857143,-0.009463672917546294,-0.05103623609105323,Forecast Decrease,Normal
P00866,100.62759886881052,3018.8279660643157,86.3466893620072,108.20046813457694,95.80357142857143,12.83520675593239,5365,100.03571428571429,0.005916732712136548,0.5918845830962312,Forecast Increase,Normal
P00867,19.868824679621717,596.0647403886516,16.748314675158248,21.97329372755172,21.196428571428573,5.518298956800311,1187,19.321428571428573,0.028331037022935372,0.5473961081931442,Forecast Increase,Normal
P00868,5.0,150.0,5.0,5.0,4.428571428571429,1.77720048346875,248,3.857142857142857,0.2962962962962963,1.1428571428571428,Forecast Increase,Moderate
P00869,57.008207597922386,1710.2462279376716,49.82876740457531,60.94531250720358,59.82142857142857,7.004173153088203,3350,57.964285714285715,-0.016494262019823305,-0.9560781163633294,Forecast Decrease,Normal
P00870,308.60386954363065,9258.116086308919,308.60386954363065,308.60386954363065,313.4107142857143,79.41645737061495,17551,306.9642857142857,0.00534128530792996,1.6395838293449287,Forecast Increase,Normal
P00871,27.642857142857142,829.2857142857142,27.642857142857142,27.642857142857142,28.196428571428573,5.725285678802071,1579,27.642857142857142,0.0,0.0,Stable,Normal
P00872,11.0,330.0,11.0,11.0,11.767857142857142,2.2155735676718646,659,11.464285714285714,-0.04049844236760118,-0.4642857142857135,Forecast Decrease,Normal
P00873,425.70488785934674,12771.146635780402,359.7330204423972,466.7301688244482,394.80357142857144,49.831140188315295,22109,409.85714285714283,0.03866650924204509,15.847745002203908,Forecast Increase,Normal
P00874,17.566666666666666,527.0,13.0,20.0,16.75,2.458750606599731,938,17.107142857142858,0.026861517049408444,0.4595238095238088,Forecast Increase,Normal
P00875,11.6157751124555,348.473253373665,9.608769116352477,12.957642814453171,12.5,3.264130122183466,700,11.571428571428571,0.0038324171257839903,0.04434654102692903,Forecast Increase,Normal
P00876,21.144026598964704,634.3207979689411,21.144026598964704,21.144026598964704,22.910714285714285,5.683394586510248,1283,20.642857142857142,0.024278105140158688,0.5011694561075615,Forecast Increase,Normal
P00877,536.0450575644718,16081.351726934154,448.3391874653913,590.9614897647725,488.73214285714283,61.88948833391473,27369,506.4642857142857,0.058406431972724764,29.580771850186068,Forecast Increase,Normal
P00878,505.9916680758385,15179.750042275155,438.78308700307946,542.2382564163363,480.73214285714283,38.30427988022823,26921,488.5357142857143,0.0357311723169441,17.455953790124227,Forecast Increase,Normal
P00879,8.619506934602043,258.5852080380613,7.477152594310997,9.435720064423206,9.964285714285714,2.68303956338726,558,8.892857142857142,-0.03073817602868585,-0.27335020825509915,Forecast Decrease,Normal
P00880,21.069390195913943,632.0817058774182,15.622739793571442,24.25738790265113,21.017857142857142,5.438887156992088,1177,19.321428571428573,0.0904675147607955,1.7479616244853702,Forecast Increase,Normal
P00881,3.3,99.0,2.0,4.0,3.3392857142857144,0.920015527819271,187,3.0714285714285716,0.07441860465116266,0.2285714285714282,Forecast Increase,Normal
P00882,81.0,2430.0,81.0,81.0,24.821428571428573,38.209045641459944,1390,13.642857142857142,4.9371727748691105,67.35714285714286,Forecast Increase,Critical
P00883,2.0,60.0,2.0,2.0,1.8928571428571428,0.7052677487327758,106,1.7857142857142858,0.11999999999999994,0.2142857142857142,Forecast Increase,Normal
P00884,30.340247385293477,910.2074215588043,26.611875992402865,32.36710710336588,31.607142857142858,8.098661104671047,1770,28.607142857142858,0.06058292982299293,1.7331045281506192,Forecast Increase,Normal
P00885,412.3617521530336,12370.852564591009,363.29642113959295,441.7886874451433,395.75,33.50237440703407,22162,409.5357142857143,0.006900589542595344,2.8260378673193145,Forecast Increase,Normal
P00886,24.125602618333247,723.7680785499974,21.037093748151747,26.14342639372649,25.660714285714285,6.666815474529695,1437,23.142857142857142,0.042464310668720556,0.9827454754761042,Forecast Increase,Normal
P00887,395.9722397715382,11879.167193146146,335.943543062915,431.2235012713613,374.0357142857143,47.54976886884433,20946,380.9642857142857,0.039394648317527904,15.007954057252505,Forecast Increase,Normal
P00888,11.094792543737208,332.84377631211623,11.094792543737208,11.094792543737208,10.571428571428571,2.9036475046342716,592,10.0,0.10947925437372082,1.0947925437372081,Forecast Increase,Normal
P00889,6.458905696650107,193.7671708995032,5.68665136126794,7.013373231547459,6.642857142857143,1.920497770972851,372,5.892857142857143,0.0960567242800181,0.5660485537929638,Forecast Increase,Normal
P00890,8.63245136448006,258.9735409344018,8.63245136448006,8.63245136448006,10.339285714285714,3.0288118625463194,579,9.214285714285714,-0.06314481315720272,-0.5818343498056535,Forecast Decrease,Normal
P00891,55.6,1668.0,0.0,210.0,83.76785714285714,105.8477450391369,4691,84.78571428571429,-0.344229149115417,-29.18571428571429,Forecast Decrease,High
P00892,241.00901010756735,7230.27030322702,241.00901010756735,241.00901010756735,244.08928571428572,57.01396217696929,13669,236.53571428571428,0.01891171417965967,4.473295821853071,Forecast Increase,Normal
P00893,144.775928775634,4343.27786326902,126.66414983094197,155.9168841650525,143.91071428571428,17.29243322246024,8059,140.39285714285714,0.031220047244403897,4.383071632776847,Forecast Increase,Normal
P00894,4.0,120.0,4.0,4.0,4.089285714285714,0.47775176948573767,229,4.0,0.0,0.0,Stable,Normal
P00895,12.892857142857142,386.7857142857143,12.892857142857142,12.892857142857142,13.178571428571429,18.04852765876903,738,12.892857142857142,0.0,0.0,Stable,Normal
P00896,4.699185751381773,140.97557254145318,4.699185751381773,4.699185751381773,5.214285714285714,1.4105354974655508,292,4.607142857142857,0.019978302625501144,0.09204289423891598,Forecast Increase,Normal
P00897,10.0,300.0,10.0,10.0,13.017857142857142,3.610545521252843,729,12.678571428571429,-0.21126760563380284,-2.678571428571429,Forecast Decrease,Moderate
P00898,370.3966957235678,11111.900871707034,313.6883477598002,402.1714000902746,366.3392857142857,55.46900093687521,20515,358.60714285714283,0.03287595660391387,11.78955286642497,Forecast Increase,Normal
P00899,17.5677346890878,527.032040672634,13.358605565041868,20.14304443325286,18.410714285714285,4.551829944555906,1031,16.785714285714285,0.046588449562677506,0.7820204033735152,Forecast Increase,Normal
P00900,28.934558433590063,868.0367530077019,24.055321653190397,31.88864598703104,32.232142857142854,7.668094634567013,1805,29.214285714285715,-0.00957501694312748,-0.2797272806956528,Forecast Decrease,Normal
P00901,15.456798619543463,463.7039585863039,13.530570524066013,16.628588870630203,16.017857142857142,4.171291805265525,897,14.571428571428571,0.06076068957651217,0.8853700481148916,Forecast Increase,Normal
P00902,12.239967975344236,367.1990392603271,12.239967975344236,12.239967975344236,12.732142857142858,3.28351846446666,713,11.357142857142858,0.07773302927559303,0.882825118201378,Forecast Increase,Normal
P00903,4.123507058130532,123.70521174391597,4.123507058130532,4.123507058130532,4.857142857142857,1.5658697429697184,272,4.464285714285714,-0.07633441897876077,-0.340778656155182,Forecast Decrease,Normal
P00904,387.5383888194404,11626.151664583213,327.7125812553523,419.1625236971788,368.67857142857144,45.617025188113566,20646,377.85714285714283,0.02562144489076861,9.681245962297567,Forecast Increase,Normal
P00905,24.195819100595184,725.8745730178555,21.024647147560128,26.24557045858021,23.392857142857142,2.171539641725293,1310,22.892857142857142,0.056915654940195265,1.3029619577380416,Forecast Increase,Normal
P00906,86.174226575348,2585.22679726044,74.93437079667399,92.91583023816528,79.67857142857143,10.061821889710616,4462,79.96428571428571,0.07765892992842528,6.209940861062293,Forecast Increase,Normal
P00907,140.21793450311722,4206.538035093517,122.7042805989385,150.04897145465026,138.10714285714286,17.0322459645639,7734,134.35714285714286,0.04362099045382298,5.860791645974359,Forecast Increase,Normal
P00908,14.101127966358108,423.0338389907432,14.101127966358106,14.101127966358106,15.232142857142858,3.5109753704559155,853,14.964285714285714,-0.057681186019028524,-0.8631577479276054,Forecast Decrease,Normal
P00909,18.159332527592007,544.7799758277602,15.528232999894716,19.829792518637703,18.964285714285715,1.757728758827821,1062,18.714285714285715,-0.029653987075236345,-0.5549531866937087,Forecast Decrease,Normal
P00910,30.392857142857142,911.7857142857142,30.392857142857142,30.392857142857142,29.375,6.98195726660707,1645,30.392857142857142,0.0,0.0,Stable,Normal
P00911,200.17558608520739,6005.267582556222,149.28763499062404,230.06345639741733,179.26785714285714,26.85685358368669,10039,187.03571428571428,0.07025327675879454,13.139871799493108,Forecast Increase,Normal
P00912,16.466666666666665,494.0,12.0,19.0,15.625,2.26886034667788,875,15.785714285714286,0.04313725490196063,0.6809523809523785,Forecast Increase,Normal
P00913,33.77006801165224,1013.1020403495672,29.464976537772127,36.56614890295491,32.82142857142857,2.4204217728407498,1838,33.214285714285715,0.016733230458347043,0.5557822973665267,Forecast Increase,Normal
P00914,4.166666666666667,125.0,3.0,5.0,3.6785714285714284,0.5754727023663513,206,3.8214285714285716,0.09034267912772588,0.34523809523809534,Forecast Increase,Normal
P00915,72.50626228796771,2175.1878686390314,63.213794173243166,78.30250289663084,69.25,5.6992822514609855,3878,70.64285714285714,0.02637782814110017,1.8634051451105762,Forecast Increase,Normal
P00916,3.0,90.0,3.0,3.0,2.9285714285714284,0.628335256694382,164,2.892857142857143,0.03703703703703706,0.1071428571428572,Forecast Increase,Normal
P00917,20.9781993340906,629.345980022718,20.9781993340906,20.9781993340906,21.607142857142858,5.076428850100223,1210,21.642857142857142,-0.03071026179119335,-0.6646578087665418,Forecast Decrease,Normal
P00918,186.23753884151537,5587.126165245461,162.3483423782503,201.1620527957837,191.80357142857142,23.68614450598579,10741,183.64285714285714,0.014128955185225705,2.594681698658235,Forecast Increase,Normal
P00919,94.18241420764511,2825.4724262293535,81.75483404390351,102.0632331930108,91.78571428571429,6.706074005812087,5140,92.0,0.023721893561359886,2.1824142076451096,Forecast Increase,Normal
P00920,32.74061161320977,982.2183483962932,27.708830709873023,36.09546034420059,35.035714285714285,9.326334729169835,1962,32.035714285714285,0.02200348402438534,0.7048973274954875,Forecast Increase,Normal
P00921,47.091471110254005,1412.7441333076201,41.03883650249709,51.05459084171406,49.017857142857146,5.958923244493609,2745,47.785714285714285,-0.01452825778242737,-0.6942431754602794,Forecast Decrease,Normal
P00922,103.23694548033572,3097.1083644100718,90.47011188963104,111.89780186974498,99.625,8.030764709427226,5579,102.07142857142857,0.0114186401152555,1.1655169089071507,Forecast Increase,Normal
P00923,74.49475171868905,2234.8425515606714,65.89278056891186,79.60087322444333,72.71428571428571,9.23572960294428,4072,69.75,0.06802511424643792,4.744751718689045,Forecast Increase,Normal
P00924,325.49791515269885,9764.937454580966,274.6371407262156,353.7728766180797,300.48214285714283,33.547248130701526,16827,312.17857142857144,0.04266578472435275,13.319343724127407,Forecast Increase,Normal
P00925,9.133333333333333,274.0,8.0,10.0,8.982142857142858,0.7975205082246856,503,8.857142857142858,0.03118279569892462,0.2761904761904752,Forecast Increase,Normal
P00926,12.590302949344215,377.70908848032644,12.590302949344215,12.590302949344215,14.857142857142858,5.398412465054624,832,12.964285714285714,-0.028847155422484727,-0.3739827649414984,Forecast Decrease,Normal
P00927,12.046972411475725,361.4091723442717,12.046972411475725,12.046972411475725,13.339285714285714,3.5072744440625145,747,12.0,0.00391436762297707,0.04697241147572484,Forecast Increase,Normal
P00928,427.0536803257415,12811.610409772244,365.4514415151292,462.364871610689,404.4642857142857,53.328472451646086,22650,420.35714285714283,0.015930590409580475,6.696537468598649,Forecast Increase,Normal
P00929,53.50405794711205,1605.1217384133615,45.74507464600376,58.6303504430945,49.410714285714285,6.446357070510403,2767,52.035714285714285,0.02821799761093857,1.4683436613977676,Forecast Increase,Normal
P00930,5.0,150.0,5.0,5.0,5.625,1.4840056358628586,315,5.25,-0.047619047619047616,-0.25,Forecast Decrease,Normal
P00931,3.566666666666667,107.0,3.0,4.0,3.4107142857142856,0.9100806300799692,191,3.1785714285714284,0.1220973782771537,0.3880952380952385,Forecast Increase,Normal
P00932,198.0,5940.0,198.0,198.0,203.76785714285714,48.005299355735374,11411,188.89285714285714,0.04821327283040275,9.107142857142861,Forecast Increase,Normal
P00933,23.61563997115186,708.4691991345559,20.623651891114207,25.579879154274927,24.142857142857142,3.0357181054215867,1352,23.464285714285715,0.006450409729455219,0.15135425686614568,Forecast Increase,Normal
P00934,266.44280133246133,7993.28403997384,204.46884893265465,305.4480017094857,245.53571428571428,33.45551417287482,13750,253.46428571428572,0.05120451420444089,12.978515618175607,Forecast Increase,Normal
P00935,15.7,471.0,13.0,17.0,17.392857142857142,4.716233363909927,974,15.571428571428571,0.008256880733944925,0.12857142857142811,Forecast Increase,Normal
P00936,17.46426242590946,523.9278727772838,13.024812300874103,20.13439936819013,15.642857142857142,2.283765402922204,876,15.892857142857142,0.0988749391583481,1.571405283052318,Forecast Increase,Normal
P00937,22.113068175514364,663.392045265431,18.83051056710733,24.29707331971493,22.535714285714285,5.827721481191227,1262,20.714285714285715,0.06752742916276236,1.3987824612286488,Forecast Increase,Normal
P00938,63.46764404177233,1904.0293212531699,63.46764404177233,63.46764404177233,64.92857142857143,14.033540527616672,3636,64.32142857142857,-0.013273718395543957,-0.8537845296562381,Forecast Decrease,Normal
P00939,7.0,210.0,7.0,7.0,7.857142857142857,2.1013292020967143,440,7.071428571428571,-0.010101010101010065,-0.07142857142857117,Forecast Decrease,Normal
P00940,116.63802810885903,3499.140843265771,87.53804095551178,133.30135681062092,107.48214285714286,16.407305547367475,6019,111.75,0.04374074370343653,4.888028108859032,Forecast Increase,Normal
P00941,17.857142857142858,535.7142857142858,17.857142857142858,17.857142857142858,16.982142857142858,3.9748805421893283,951,17.857142857142858,0.0,0.0,Stable,Normal
P00942,79.26666666666667,2378.0,69.0,86.0,76.07142857142857,6.418317941237036,4260,77.5,0.02279569892473117,1.7666666666666657,Forecast Increase,Normal
P00943,50.53333333333333,1516.0,0.0,97.0,26.928571428571427,41.61112488608922,1508,33.82142857142857,0.49412178810278073,16.711904761904762,Forecast Increase,High
P00944,394.9179697078445,11847.539091235336,336.2259763871434,433.1800234106644,384.7142857142857,60.42266711507115,21544,381.5357142857143,0.035074712329836825,13.382255422130243,Forecast Increase,Normal
P00945,3.0,90.0,3.0,3.0,2.6785714285714284,0.8335497554466643,150,2.4285714285714284,0.23529411764705893,0.5714285714285716,Forecast Increase,Moderate
P00946,20.74520570263467,622.3561710790401,20.74520570263467,20.74520570263467,21.857142857142858,6.537802164554779,1224,20.357142857142858,0.019062736269773277,0.38806284549181314,Forecast Increase,Normal
P00947,23.262103915205774,697.8631174561732,17.08496221278037,27.16900041454449,23.428571428571427,6.488751505790318,1312,21.321428571428573,0.09101994912187877,1.940675343777201,Forecast Increase,Normal
P00948,81.85892404152537,2455.767721245761,71.55464673290916,88.3231432676229,84.55357142857143,9.985297633579528,4735,81.89285714285714,-0.0004143597197076019,-0.03393310133176897,Forecast Decrease,Normal
P00949,41.74260798715874,1252.2782396147622,36.51941258414272,44.86046722733776,43.82142857142857,5.305596163425054,2454,42.285714285714285,-0.012843730033408107,-0.5431062985555428,Forecast Decrease,Normal
P00950,93.26759813022481,2798.0279439067444,79.87040220219616,101.02643677152253,85.28571428571429,10.305716482020655,4776,88.21428571428571,0.057284513217123446,5.053312415939104,Forecast Increase,Normal
P00951,215.58197954392807,6467.4593863178425,187.6445401343874,232.8795124434573,209.17857142857142,16.897667555943013,11714,214.60714285714286,0.004542424235311346,0.9748366867852098,Forecast Increase,Normal
P00952,340.6753966073702,10220.261898221106,297.7406070316969,366.3494235629252,324.85714285714283,26.554526114070597,18192,329.2857142857143,0.034589056942122116,11.389682321655926,Forecast Increase,Normal
P00953,30.684530470045804,920.5359141013741,26.05998989915585,33.59095859762581,32.392857142857146,7.951394552194936,1814,29.5,0.040153575255789956,1.1845304700458037,Forecast Increase,Normal
P00954,309.81071207941227,9294.321362382369,309.81071207941227,309.81071207941227,310.85714285714283,91.89053340725651,17408,285.14285714285717,0.08651051330455195,24.667854936555102,Forecast Increase,Normal
P00955,22.727878084405734,681.836342532172,17.73678135211769,25.77567165864109,20.535714285714285,2.9784943463818374,1150,20.857142857142858,0.08969278486876807,1.8707352272628768,Forecast Increase,Normal
P00956,6.659974694730417,199.7992408419125,6.659974694730417,6.659974694730417,6.571428571428571,1.5708381417359547,368,6.428571428571429,0.03599606362473153,0.23140326615898843,Forecast Increase,Normal
P00957,128.26470974003115,3847.941292200934,109.47771414128049,139.84041519918227,119.17857142857143,15.343470204685701,6674,125.5,0.022029559681523116,2.764709740031151,Forecast Increase,Normal
P00958,21.980614118910122,659.4184235673036,15.578046378899574,26.13686652638433,24.053571428571427,6.0944673653677475,1347,22.178571428571427,-0.00892561138569492,-0.1979573096613052,Forecast Decrease,Normal
P00959,10.009177854897022,300.27533564691066,10.009177854897022,10.009177854897022,10.446428571428571,2.7562797249332163,585,9.714285714285714,0.030356543886458212,0.2948921406113083,Forecast Increase,Normal
P00960,24.071428571428573,722.1428571428572,24.071428571428573,24.071428571428573,16.25,28.669432565650194,910,24.071428571428573,0.0,0.0,Stable,Normal
P00961,25.275398758016575,758.2619627404972,21.218298883158656,27.756806261188093,28.821428571428573,7.522347657860164,1614,26.214285714285715,-0.03581585119282824,-0.9388869562691404,Forecast Decrease,Normal
P00962,144.05232010547624,4321.569603164287,110.32035566597212,163.32422747905304,131.23214285714286,18.19089789520479,7349,136.21428571428572,0.057541940994581674,7.838034391190519,Forecast Increase,Normal
P00963,38.24737078228631,1147.4211234685893,32.43563654050898,41.95063565057701,39.160714285714285,10.152969625079763,2193,36.285714285714285,0.054061399511827486,1.9616564965720258,Forecast Increase,Normal
P00964,20.07896440351876,602.3689321055629,17.424464052455143,21.80594983458624,19.946428571428573,1.9579176587490998,1117,19.428571428571427,0.03347610900464217,0.6503929749473336,Forecast Increase,Normal
P00965,4.559845634113283,136.79536902339848,4.559845634113283,4.559845634113283,4.571428571428571,1.024378176920345,256,4.607142857142857,-0.010266063913395873,-0.04729722302957384,Forecast Decrease,Normal
P00966,26.812829522190132,804.3848856657039,19.377497585378777,31.42664418868485,26.767857142857142,3.804261110570961,1499,26.678571428571427,0.005032431889322267,0.13425809361870478,Forecast Increase,Normal
P00967,0.0,0.0,0.0,0.0,54.785714285714285,77.54452428607225,3068,64.35714285714286,-1.0,-64.35714285714286,Forecast Decrease,Critical
P00968,10.757500807992589,322.72502423977767,10.757500807992589,10.757500807992589,10.875,2.106807149132631,609,10.285714285714286,0.045868134110390486,0.4717865222783022,Forecast Increase,Normal
P00969,201.0781277955234,6032.3438338657015,170.7639353209663,218.05547003887608,182.53571428571428,23.092670451280167,10222,191.67857142857142,0.04903811780783588,9.39955636695197,Forecast Increase,Normal
P00970,36.04441859135354,1081.3325577406063,27.443492111871635,40.96189778530393,32.232142857142854,5.3154699490469115,1805,33.785714285714285,0.06685382722822322,2.258704305639256,Forecast Increase,Normal
P00971,391.22053186823723,11736.615956047117,331.7452685243608,425.2050189257227,369.05357142857144,45.63946443907635,20667,381.92857142857144,0.024329052955923133,9.291960439665786,Forecast Increase,Normal
P00972,42.18063005210253,1265.418901563076,36.97214549483787,45.42828119751865,41.839285714285715,5.867558841055347,2343,40.107142857142854,0.051698701210036425,2.073487194959675,Forecast Increase,Normal
P00973,0.0,0.0,0.0,0.0,86.0,113.61353952604578,4816,93.92857142857143,-1.0,-93.92857142857143,Forecast Decrease,Critical
P00974,11.910979495201913,357.3293848560574,11.910979495201913,11.910979495201913,12.5,3.110100846070312,700,11.392857142857142,0.04547782403026197,0.5181223523447702,Forecast Increase,Normal
P00975,19.71929864209125,591.5789592627375,19.71929864209125,19.71929864209125,20.732142857142858,6.4286038960219045,1161,19.321428571428573,0.02059216631895554,0.39787007066267677,Forecast Increase,Normal
P00976,24.38303342033925,731.4910026101775,24.38303342033925,24.38303342033925,24.178571428571427,5.14554403116166,1354,23.964285714285715,0.017473823799551327,0.4187477060535336,Forecast Increase,Normal
P00977,68.082292579186,2042.4687773755802,51.87260525705536,78.70261808860312,62.32142857142857,8.713849254558452,3490,64.71428571428571,0.052044256190512284,3.3680068649002948,Forecast Increase,Normal
P00978,11.492398147938617,344.7719444381585,8.386625773267191,13.54781047258946,11.696428571428571,3.0206540102022026,655,11.0,0.04476346799441977,0.49239814793861747,Forecast Increase,Normal
P00979,180.3668743768787,5411.006231306362,154.49408109442896,197.45078584732087,166.69642857142858,20.78453939643787,9335,175.60714285714286,0.027104430049339805,4.759731519735851,Forecast Increase,Normal
P00980,63.64452848890678,1909.3358546672034,55.63974274760458,68.6848519689155,59.910714285714285,4.779793779173802,3355,60.785714285714285,0.04703102096908922,2.8588142031924946,Forecast Increase,Normal
P00981,24.535714285714285,736.0714285714286,24.535714285714285,24.535714285714285,24.089285714285715,4.465124596507656,1349,24.535714285714285,0.0,0.0,Stable,Normal
P00982,563.5574146784729,16906.722440354188,473.3796027113883,622.9151298683067,524.2857142857143,70.8051652675949,29360,548.2857142857143,0.02785354422858523,15.27170039275859,Forecast Increase,Normal
P00983,9.0,270.0,9.0,9.0,6.660714285714286,2.100015460672833,373,5.928571428571429,0.5180722891566264,3.071428571428571,Forecast Increase,Critical
P00984,11.383657835158319,341.50973505474957,8.570583410915864,13.05431416178816,11.696428571428571,3.0206540102022035,655,10.75,0.05894491489844827,0.6336578351583189,Forecast Increase,Normal
P00985,125.61513740555253,3768.454122166576,107.03306437473724,138.1815286524805,114.41071428571429,15.730430018643121,6407,120.53571428571429,0.04214039921643576,5.079423119838239,Forecast Increase,Normal
P00986,201.4073340192466,6042.220020577398,149.50587820409075,231.81421622822424,187.83928571428572,28.469937436923487,10519,195.5,0.030216542297936598,5.907334019246605,Forecast Increase,Normal
P00987,90.19462925504101,2705.83887765123,78.84680294162555,97.05504759628852,85.0,7.365768490425523,4760,86.60714285714286,0.04142252335717447,3.5874863978981466,Forecast Increase,Normal
P00988,27.76203242855524,832.8609728566572,23.8620560424908,30.124685069506224,28.785714285714285,2.4842360136324753,1612,28.464285714285715,-0.024671382685637754,-0.7022532857304746,Forecast Decrease,Normal
P00989,22.616262838674984,678.4878851602496,22.616262838674984,22.616262838674984,24.625,8.172153382621433,1379,22.321428571428573,0.013208575172639233,0.2948342672464115,Forecast Increase,Normal
P00990,135.81480291179534,4074.44408735386,135.81480291179534,135.81480291179534,132.80357142857142,39.5678563955676,7437,130.46428571428572,0.041011355469550856,5.3505171975096175,Forecast Increase,Normal
P00991,485.3120503620706,14559.361510862118,413.0901835266496,534.8175302681602,442.4107142857143,58.92052483433298,24775,456.5357142857143,0.0630319494749258,28.7763360763563,Forecast Increase,Normal
P00992,134.14285714285714,4024.285714285714,134.14285714285714,134.14285714285714,99.82142857142857,194.63953696679755,5590,134.14285714285714,0.0,0.0,Stable,Normal
P00993,15.901733842775947,477.0520152832784,11.406899921416862,18.6908501297475,16.107142857142858,2.447102713069414,902,16.25,-0.02143176352148019,-0.3482661572240531,Forecast Decrease,Normal
P00994,73.75754158901437,2212.726247670431,56.992290401100846,85.71028255140286,68.19642857142857,10.448870565946166,3819,71.82142857142857,0.026957317002686377,1.9361130175857966,Forecast Increase,Normal
P00995,12.35469468608713,370.6408405826139,9.633284728963272,14.146732875115106,11.892857142857142,1.6479030358563016,666,11.892857142857142,0.03883318681813715,0.46183754322998816,Forecast Increase,Normal
P00996,24.8,744.0,21.0,27.0,27.125,7.048049375536474,1519,24.464285714285715,0.013722627737226264,0.3357142857142854,Forecast Increase,Normal
P00997,206.57142857142856,6197.142857142857,206.57142857142856,206.57142857142856,214.25,48.61808492544912,11998,206.57142857142858,-1.375878049881245e-16,-2.842170943040401e-14,Forecast Decrease,Normal
P00998,21.421430028980286,642.6429008694085,18.95502206029077,23.0852055468496,21.392857142857142,5.729282269593232,1198,19.285714285714285,0.11074081631749635,2.135715743266001,Forecast Increase,Normal
P00999,232.93068154149336,6987.920446244801,205.26756458933392,250.8742393321845,232.46428571428572,31.07934963968802,13018,222.71428571428572,0.045872207049681486,10.216395827207634,Forecast Increase,Normal
P01000,28.25,847.5,28.25,28.25,27.392857142857142,6.549610873739187,1534,28.25,0.0,0.0,Stable,Normal
P01001,27.133333333333333,814.0,19.0,31.0,27.035714285714285,6.64136975388302,1514,25.357142857142858,0.07004694835680747,1.7761904761904752,Forecast Increase,Normal
P01002,66.3265600621176,1989.796801863528,56.26846003265545,72.32651518764898,62.892857142857146,8.026498322723013,3522,65.0,0.02040861634027067,1.3265600621175935,Forecast Increase,Normal
P01003,226.71256923788303,6801.377077136491,194.01786303353936,246.45424710456672,226.46428571428572,39.406028281660966,12682,220.78571428571428,0.02684437700755825,5.926854952168753,Forecast Increase,Normal
P01004,381.6348253060222,11449.044759180666,331.0786922833443,411.7994886267024,364.7142857142857,32.03901841971287,20424,377.60714285714283,0.010666330139848908,4.027682448879375,Forecast Increase,Normal
P01005,289.8252248537462,8694.756745612385,246.53887935318463,314.4836921064136,298.76785714285717,45.02160736657599,16731,296.89285714285717,-0.023805329495381604,-7.067632289110975,Forecast Decrease,Normal
P01006,500.8710186443342,15026.130559330026,421.4306914156912,544.7897590388039,437.05357142857144,56.99518947574979,24475,457.0357142857143,0.09591220770816265,43.83530435861991,Forecast Increase,Normal
P01007,116.0,3480.0,116.0,116.0,37.214285714285715,52.76903854128316,2084,31.571428571428573,2.67420814479638,84.42857142857143,Forecast Increase,Critical
P01008,328.27669850455675,9848.300955136703,282.5163316148276,353.3994798913946,315.89285714285717,48.74634851459639,17690,312.42857142857144,0.050725601066253824,15.848127075985303,Forecast Increase,Normal
P01009,21.476060164221117,644.2818049266335,18.5833030321053,23.06412543517793,23.464285714285715,6.04517624591342,1314,21.071428571428573,0.019202855251171585,0.4046315927925441,Forecast Increase,Normal
P01010,63.25204774740045,1897.5614324220135,54.02798565133891,68.73224853186026,58.625,7.02867503355168,3283,60.785714285714285,0.040574228511875754,2.466333461686162,Forecast Increase,Normal
P01011,15.104328630516992,453.12985891550977,15.104328630516992,15.104328630516992,16.142857142857142,4.244476930740045,904,14.357142857142858,0.052042790185263095,0.7471857733741345,Forecast Increase,Normal
P01012,69.4792984323443,2084.378952970329,69.47929843234431,69.47929843234431,70.08928571428571,17.13611474551418,3925,69.85714285714286,-0.005408815896912009,-0.3778444247985675,Forecast Decrease,Normal
P01013,90.6148348389258,2718.445045167774,79.14358109814275,98.40312925879918,94.44642857142857,12.019559276229947,5289,91.10714285714286,-0.005403616036878739,-0.4923080182170594,Forecast Decrease,Normal
P01014,3.0395224551348865,91.1856736540466,2.465916691182983,3.3424777525432656,3.25,0.8994948077064757,182,2.892857142857143,0.05069912029354104,0.1466653122777437,Forecast Increase,Normal
P01015,0.0,0.0,0.0,0.0,63.017857142857146,101.5113949844465,3529,46.82142857142857,-1.0,-46.82142857142857,Forecast Decrease,Critical
P01016,244.17595549250936,7325.278664775281,210.9489627221953,264.07813526940964,227.26785714285714,33.254113113433625,12727,221.71428571428572,0.10130907760796744,22.461669778223637,Forecast Increase,Normal
P01017,18.27605314249324,548.2815942747972,13.447062609650835,21.38045657871292,18.946428571428573,5.050363237547259,1061,17.392857142857142,0.05077923611870785,0.8831959996360972,Forecast Increase,Normal
P01018,230.46132630261357,6913.839789078407,174.03763885439025,261.9146447172499,202.0,31.3438409202887,11312,216.64285714285714,0.06378455926033302,13.818469159756432,Forecast Increase,Normal
P01019,350.7170339884362,10521.511019653086,297.5969158342116,383.605168670305,337.2857142857143,54.96270282017344,18888,327.57142857142856,0.07065819359749385,23.14560541700763,Forecast Increase,Normal
P01020,9.239172031611677,277.1751609483503,7.605325862769247,10.081099010258848,10.339285714285714,2.637331886683867,579,9.464285714285714,-0.023785596659898225,-0.22511368267403675,Forecast Decrease,Normal
P01021,0.0,0.0,0.0,0.0,32.982142857142854,41.645032911906384,1847,28.178571428571427,-1.0,-28.178571428571427,Forecast Decrease,Critical
P01022,25.942383569358007,778.2715070807402,25.942383569358007,25.942383569358007,25.625,5.869993030815128,1435,24.892857142857142,0.042161750275501036,1.049526426500865,Forecast Increase,Normal
P01023,75.2806787397677,2258.420362193031,64.48356950504417,82.00411700758012,76.82142857142857,9.89785494274049,4302,75.46428571428571,-0.0024330313708018896,-0.183606974518014,Forecast Decrease,Normal
P01024,253.8943419164282,7616.830257492846,222.0159246041121,274.9107780418839,255.69642857142858,31.550202213936135,14319,246.35714285714286,0.030594603314002548,7.537199059285342,Forecast Increase,Normal
P01025,379.96074136871874,11398.822241061562,327.9734422761828,405.9646600341552,339.75,57.25993363600763,19026,334.7142857142857,0.135179338276155,45.24645565443302,Forecast Increase,Normal
P01026,171.85511247717918,5155.653374315375,129.97825134187207,195.43983565812263,153.05357142857142,24.750698534022792,8571,161.14285714285714,0.06647676182646654,10.712255334322037,Forecast Increase,Normal
P01027,411.7235811413088,12351.707434239264,354.7644437485056,446.6311585178293,393.4107142857143,59.05829994342702,22031,387.07142857142856,0.06368889757857966,24.65215256988023,Forecast Increase,Normal
P01028,35.29225247801792,1058.7675743405377,31.04616803110073,37.5838555024863,34.67857142857143,4.476634867873383,1942,33.5,0.05350007397068423,1.7922524780179216,Forecast Increase,Normal
P01029,10.410184247952543,312.3055274385763,7.889643857333281,11.957397103044029,9.732142857142858,1.4953390789513132,545,9.857142857142858,0.05610564834301156,0.5530413908096854,Forecast Increase,Normal
P01030,200.1281097778889,6003.843293336668,200.1281097778889,200.1281097778889,205.98214285714286,43.77067971367823,11535,198.64285714285714,0.0074769999606058195,1.4852526350317703,Forecast Increase,Normal
P01031,13.588188079089157,407.64564237267473,11.199927126362862,15.167131855711876,15.107142857142858,3.92974008591626,846,13.678571428571429,-0.00660766001436973,-0.09038334948227167,Forecast Decrease,Normal
P01032,301.86895548295576,9056.068664488672,228.8536459105272,348.60153528786043,278.69642857142856,42.71892050170708,15607,291.64285714285717,0.035063770943272156,10.226098340098588,Forecast Increase,Normal
P01033,3.0,90.0,3.0,3.0,3.9285714285714284,1.0763092299342043,220,3.642857142857143,-0.1764705882352941,-0.6428571428571428,Forecast Decrease,Normal
P01034,17.228855493525888,516.8656648057766,12.87605441542865,19.81296195304352,16.803571428571427,4.096205085673335,941,15.857142857142858,0.08650440049262353,1.3717126363830303,Forecast Increase,Normal
P01035,15.98876805940621,479.6630417821863,15.98876805940621,15.98876805940621,17.678571428571427,6.2583969566920645,990,15.5,0.031533423187497425,0.48876805940621004,Forecast Increase,Normal
P01036,526.9441617709773,15808.324853129317,442.66043912022906,583.2582479331728,477.30357142857144,53.64120520741398,26729,498.7142857142857,0.05660530862126641,28.22987605669158,Forecast Increase,Normal
P01037,9.0,270.0,9.0,9.0,9.0,1.8190906819317472,504,9.0,0.0,0.0,Stable,Normal
P01038,81.85404790280091,2455.6214370840275,81.85404790280091,81.85404790280091,75.10714285714286,102.55653493143603,4206,85.53571428571429,-0.04304244623030253,-3.6816663829133773,Forecast Decrease,Normal
P01039,24.429170881529753,732.8751264458926,21.21851461325302,26.503270360212333,26.892857142857142,6.207557187313398,1506,24.392857142857142,0.0014887037816004468,0.036313738672610896,Forecast Increase,Normal
P01040,7.046174207265722,211.38522621797165,6.105137886126911,7.613518173123295,7.232142857142857,0.7860388939849876,405,7.107142857142857,-0.00857850350030042,-0.06096864987713513,Forecast Decrease,Normal
P01041,262.8381410040518,7885.144230121554,230.8258091993193,279.98483568470897,238.85714285714286,21.155208747324075,13376,243.67857142857142,0.0786264030651401,19.15956957548039,Forecast Increase,Normal
P01042,302.5258471604739,9075.775414814218,265.8183339952824,328.27345012887776,286.92857142857144,24.06117743877594,16068,293.14285714285717,0.03200825054742555,9.382990017616748,Forecast Increase,Normal
P01043,22.285714285714285,668.5714285714286,22.285714285714285,22.285714285714285,22.321428571428573,4.895664660445246,1250,22.285714285714285,0.0,0.0,Stable,Normal
P01044,320.20754628012503,9606.226388403751,267.99000352387816,351.61838451461773,305.2142857142857,34.84652808359135,17092,319.17857142857144,0.0032238218466488053,1.0289748515535848,Forecast Increase,Normal
P01045,72.96330153195451,2188.8990459586353,72.96330153195451,72.96330153195451,75.89285714285714,18.539077717011775,4250,72.28571428571429,0.00937373660806631,0.6775872462402219,Forecast Increase,Normal
P01046,195.28844369257249,5858.653310777175,152.3401477960369,222.1288483511408,179.125,26.60489531168003,10031,185.60714285714286,0.0521601738295227,9.681300835429624,Forecast Increase,Normal
P01047,25.833333333333332,775.0,18.0,32.0,26.642857142857142,6.918824312708762,1492,24.821428571428573,0.040767386091126984,1.0119047619047592,Forecast Increase,Normal
P01048,17.309464013608757,519.2839204082627,14.412992997832069,19.03725509594874,18.357142857142858,4.772758194086601,1028,17.107142857142858,0.011826706432244637,0.20232115646589932,Forecast Increase,Normal
P01049,261.00702834673825,7830.210850402148,230.2630384429299,280.2157155801601,254.48214285714286,33.048719447852356,14251,245.82142857142858,0.061774922811081025,15.185599775309669,Forecast Increase,Normal
P01050,12.687525899073323,380.6257769721997,12.687525899073323,12.687525899073323,14.232142857142858,4.950632912443238,797,12.5,0.015002071925865864,0.1875258990733233,Forecast Increase,Normal
P01051,53.55018922213279,1606.5056766639839,53.55018922213279,53.55018922213279,54.94642857142857,11.212687039659611,3077,54.892857142857146,-0.024459792960495684,-1.3426679207243524,Forecast Decrease,Normal
P01052,132.37422992323857,3971.226897697157,96.68082040690231,153.24825516005478,125.57142857142857,19.680961860139348,7032,130.39285714285714,0.015195408888162194,1.9813727803814345,Forecast Increase,Normal
P01053,246.4583719990477,7393.751159971431,213.9169072951588,265.8410584336185,250.08928571428572,31.90570013804277,14005,240.75,0.023710787119616612,5.708371999047699,Forecast Increase,Normal
P01054,0.0,0.0,0.0,0.0,74.66071428571429,90.94059535277346,4181,87.64285714285714,-1.0,-87.64285714285714,Forecast Decrease,Critical
P01055,363.1093857042251,10893.281571126752,314.18276799881033,395.3814012277384,359.4107142857143,58.33968765638155,20127,354.0357142857143,0.025629254485857195,9.073671418510799,Forecast Increase,Normal
P01056,27.0,810.0,27.0,27.0,26.607142857142858,5.779835076063458,1490,24.892857142857142,0.08464849354375899,2.1071428571428577,Forecast Increase,Normal
P01057,224.0,6720.0,224.0,224.0,54.375,91.31535019819056,3045,65.57142857142857,2.4161220043572986,158.42857142857144,Forecast Increase,Critical
P01058,4.0,120.0,4.0,4.0,4.142857142857143,0.4012965998347868,232,4.071428571428571,-0.017543859649122747,-0.07142857142857117,Forecast Decrease,Normal
P01059,236.98001095998924,7109.4003287996775,178.53222566727013,272.72442817175056,215.83928571428572,34.636174881034556,12087,228.78571428571428,0.03581647000931924,8.194296674274966,Forecast Increase,Normal
P01060,125.77702682669104,3773.310804800731,97.24601604925265,143.01900690938328,108.125,16.82537315539188,6055,111.67857142857143,0.1262413658929802,14.098455398119611,Forecast Increase,Normal
P01061,314.2939266066053,9428.817798198159,267.6079820045964,342.99100067117416,315.57142857142856,48.27039640225847,17672,310.7857142857143,0.01128820328487108,3.5082123208910048,Forecast Increase,Normal
P01062,121.46856837484816,3644.0570512454447,106.0539141634666,131.64893800911673,122.05357142857143,14.575720338172763,6835,118.10714285714286,0.028460814785530204,3.3614255177052996,Forecast Increase,Normal
P01063,263.1292507026773,7893.87752108032,228.19207052822105,282.24082416915377,252.57142857142858,19.853881821362368,14144,255.85714285714286,0.028422532059598687,7.272107845534464,Forecast Increase,Normal
P01064,25.74249946465473,772.274983939642,19.413709622802426,29.52002195386445,23.517857142857142,3.536773421321506,1317,23.857142857142858,0.07902692366816236,1.8853566075118735,Forecast Increase,Normal
P01065,12.75,382.5,12.75,12.75,12.517857142857142,2.272292166142305,701,12.75,0.0,0.0,Stable,Normal
P01066,241.33052238673062,7239.915671601919,211.36524605813136,259.15989153759983,232.08928571428572,21.22200983174547,12997,238.21428571428572,0.013081653197669739,3.1162366724448987,Forecast Increase,Normal
P01067,12.672045157822769,380.1613547346831,12.672045157822769,12.672045157822769,13.410714285714286,3.383257095082869,751,12.178571428571429,0.04051983700597513,0.49347372925134003,Forecast Increase,Normal
P01068,11.314552700092722,339.4365810027817,8.151070414311938,13.178248972115105,11.910714285714286,3.1233826983767914,667,11.035714285714286,0.0252669113352628,0.27883841437843593,Forecast Increase,Normal
P01069,16.642857142857142,499.2857142857143,16.642857142857142,16.642857142857142,16.910714285714285,3.7381414230471934,947,16.642857142857142,0.0,0.0,Stable,Normal
P01070,23.98457495542502,719.5372486627506,21.026511831575743,25.92055802546886,23.767857142857142,2.272292166142305,1331,23.5,0.020620210869149835,0.48457495542502116,Forecast Increase,Normal
P01071,11.75,352.5,11.75,11.75,11.446428571428571,2.6895058204885065,641,11.75,0.0,0.0,Stable,Normal
P01072,15.10854226830694,453.2562680492082,15.10854226830694,15.10854226830694,17.625,6.180798712729019,987,15.392857142857142,-0.018470571896532915,-0.2843148745502031,Forecast Decrease,Normal
P01073,19.040774481193214,571.2232344357964,16.44391539280044,20.826403289723583,21.857142857142858,5.986131157414298,1224,19.428571428571427,-0.019960136997408024,-0.387796947378213,Forecast Decrease,Normal
P01074,8.254191493783072,247.62574481349216,8.254191493783072,8.254191493783072,8.696428571428571,2.44889320348559,487,8.035714285714286,0.027188274781893285,0.21847720806878534,Forecast Increase,Normal
P01075,105.95416358670046,3178.624907601014,105.95416358670046,105.95416358670046,105.64285714285714,21.64291071957708,5916,104.42857142857143,0.01460895363461451,1.5255921581290295,Forecast Increase,Normal
P01076,26.622718962652048,798.6815688795614,26.622718962652044,26.622718962652044,28.785714285714285,6.136964857512033,1612,27.892857142857142,-0.04553632400223131,-1.2701381802050946,Forecast Decrease,Normal
P01077,22.833333333333332,685.0,16.0,27.0,21.107142857142858,3.114065284704641,1182,21.607142857142858,0.05674931129476576,1.2261904761904745,Forecast Increase,Normal
P01078,136.32142857142858,4089.6428571428573,136.32142857142858,136.32142857142858,110.75,145.30234935221358,6202,136.32142857142858,0.0,0.0,Stable,Normal
P01079,17.795172624186208,533.8551787255863,17.795172624186208,17.795172624186208,20.732142857142858,6.681020802320483,1161,18.964285714285715,-0.061648147877186844,-1.1691130900995077,Forecast Decrease,Normal
P01080,28.461586533180277,853.8475959954084,24.407281099815336,30.699295539889384,27.553571428571427,3.551796691853257,1543,27.571428571428573,0.03228552192881829,0.8901579617517044,Forecast Increase,Normal
P01081,0.0,0.0,0.0,0.0,123.89285714285714,157.27493917819996,6938,137.46428571428572,-1.0,-137.46428571428572,Forecast Decrease,Critical
P01082,14.155912054271948,424.67736162815845,14.155912054271948,14.155912054271948,15.125,4.072356923096367,847,13.607142857142858,0.04032949480213785,0.54876919712909,Forecast Increase,Normal
P01083,17.116993393918005,513.5098018175402,14.89563185044165,18.559236252595472,17.071428571428573,1.5592205845129266,956,16.964285714285715,0.009001715852008643,0.15270767963228948,Forecast Increase,Normal
P01084,102.46852944120218,3074.0558832360653,89.84042650288711,109.84436021619716,100.21428571428571,12.593958559872753,5612,95.57142857142857,0.07216697472109905,6.89710086977361,Forecast Increase,Normal
P01085,37.358269167612136,1120.7480750283642,37.358269167612136,37.358269167612136,38.30357142857143,9.631236384063795,2145,37.285714285714285,0.0019459163727392982,0.07255488189785098,Forecast Increase,Normal
P01086,78.76375235045286,2362.9125705135857,59.43057662193021,90.66051155002616,71.33928571428571,10.227017312827973,3995,74.28571428571429,0.06028128164071151,4.47803806473857,Forecast Increase,Normal
P01087,285.58915881372565,8567.67476441177,247.8810721397797,307.7756259659562,274.5357142857143,23.434212972966233,15374,278.75,0.024535098883320703,6.839158813725646,Forecast Increase,Normal
P01088,10.94634318998833,328.39029569964987,10.94634318998833,10.94634318998833,12.446428571428571,4.16006836856906,697,11.142857142857142,-0.017635867565149857,-0.19651395286881268,Forecast Decrease,Normal
P01089,160.78902664134085,4823.670799240225,160.78902664134085,160.78902664134085,170.39285714285714,37.99984620611393,9542,159.85714285714286,0.00582947854279352,0.9318837841979928,Forecast Increase,Normal
P01090,4.816791107093803,144.5037332128141,4.117595890619681,5.284064239975166,4.982142857142857,1.3141339551004882,279,4.535714285714286,0.061969692902570865,0.28107682137951784,Forecast Increase,Normal
P01091,31.962398548555633,958.871956456669,27.5317389575495,34.36099578634587,30.982142857142858,4.449682609431299,1735,30.321428571428573,0.05411915118911388,1.6409699771270603,Forecast Increase,Normal
P01092,325.3428705543338,9760.286116630014,273.35299988805417,348.8312233791358,309.125,36.38983999065473,17311,313.89285714285717,0.03647745767679432,11.450013411476618,Forecast Increase,Normal
P01093,241.26803375400496,7238.041012620149,202.54475873415169,262.45910873852125,232.21428571428572,29.15582853671522,13004,240.46428571428572,0.003342484050518145,0.8037480397192382,Forecast Increase,Normal
P01094,236.19873933228644,7085.962179968593,200.59394759672537,258.66787685717446,214.16071428571428,28.643118663184126,11993,224.10714285714286,0.0539545340723538,12.091596475143575,Forecast Increase,Normal
P01095,8.515438914431568,255.46316743294707,6.239642249871912,9.987717049973917,8.803571428571429,2.1270521031114047,493,8.25,0.03217441387049313,0.2654389144315683,Forecast Increase,Normal
P01096,23.072319670663305,692.1695901198991,17.11331378135835,26.634278187764288,22.392857142857142,6.107159945293936,1254,20.357142857142858,0.1333771066290746,2.715176813520447,Forecast Increase,Normal
P01097,8.50896506672957,255.2689520018871,7.144256971406207,9.446155363368522,9.357142857142858,2.3926293746995846,524,8.642857142857142,-0.01549164517178531,-0.13389207612757303,Forecast Decrease,Normal
P01098,6.797600139685724,203.92800419057173,4.911792122695843,7.948855178769056,7.214285714285714,1.8460206412150997,404,6.678571428571429,0.017822480808557625,0.11902871111429558,Forecast Increase,Normal
P01099,82.5,2475.0,82.5,82.5,81.39285714285714,120.04872928355967,4558,82.5,0.0,0.0,Stable,Normal
P01100,9.7,291.0,7.0,11.0,9.267857142857142,1.2861651446143216,519,9.357142857142858,0.03664122137404567,0.34285714285714164,Forecast Increase,Normal
P01101,6.415953160260838,192.47859480782515,6.415953160260838,6.415953160260838,8.0,3.0271498746570793,448,6.928571428571429,-0.07398614181802336,-0.5126182683105904,Forecast Decrease,Normal
P01102,173.0,5190.0,173.0,173.0,218.26785714285714,51.17438672952376,12223,206.21428571428572,-0.16106685140284036,-33.21428571428572,Forecast Decrease,Normal
P01103,164.0,4920.0,164.0,164.0,216.98214285714286,44.647911921623376,12151,211.46428571428572,-0.22445532849180885,-47.46428571428572,Forecast Decrease,Moderate
P01104,267.16076106637945,8014.822831991383,267.16076106637945,267.16076106637945,270.85714285714283,60.98656441349226,15168,260.5357142857143,0.02542855515539751,6.625046780665173,Forecast Increase,Normal
P01105,186.79665735076733,5603.89972052302,159.9887713138964,201.04102419011605,179.625,30.401891388530416,10059,175.32142857142858,0.0654525169732094,11.47522877933875,Forecast Increase,Normal
P01106,4.0,120.0,4.0,4.0,4.017857142857143,1.1035656495456638,225,3.857142857142857,0.03703703703703702,0.1428571428571428,Forecast Increase,Normal
P01107,9.866666666666667,296.0,8.0,11.0,9.410714285714286,0.9681620021141417,527,9.357142857142858,0.054452926208651393,0.5095238095238095,Forecast Increase,Normal
P01108,499.4799196009262,14984.397588027787,434.8083537161966,539.0599953132041,477.69642857142856,39.893913704340314,26751,489.75,0.019867115060594638,9.729919600926223,Forecast Increase,Normal
P01109,488.6088481420871,14658.265444262612,413.08684658164566,532.2871353377939,443.76785714285717,52.13095087336351,24851,465.0357142857143,0.05069101819971113,23.573133856372806,Forecast Increase,Normal
P01110,20.0,600.0,20.0,20.0,20.660714285714285,5.856703341127501,1157,18.571428571428573,0.07692307692307683,1.428571428571427,Forecast Increase,Normal
P01111,11.0,330.0,11.0,11.0,12.232142857142858,1.7161380684927043,685,11.892857142857142,-0.07507507507507503,-0.8928571428571423,Forecast Decrease,Normal
P01112,15.463110712303587,463.89332136910764,15.463110712303587,15.463110712303587,17.357142857142858,5.946514858388815,972,15.464285714285714,-7.598165242387735e-05,-0.001175001982126389,Forecast Decrease,Normal
P01113,2.8666666666666667,86.0,2.0,4.0,2.875,0.9354143466934854,161,2.5357142857142856,0.1305164319248827,0.3309523809523811,Forecast Increase,Normal
P01114,256.80128927951415,7704.038678385425,217.92202384399624,277.60410142414986,239.92857142857142,30.772394442751125,13436,249.14285714285714,0.030739119814563697,7.658432136657012,Forecast Increase,Normal
P01115,278.5095600659217,8355.28680197765,244.36618604795063,298.3113872144467,268.8392857142857,23.591814285864103,15055,272.75,0.021116627189447023,5.759560065921676,Forecast Increase,Normal
P01116,298.9155177994131,8967.465533982393,260.04338502663825,321.08370707584083,284.4642857142857,26.29065806134759,15930,291.2857142857143,0.026193538301075,7.629803513698846,Forecast Increase,Normal
P01117,16.705828135197507,501.1748440559252,14.439143124536969,18.110187000408317,18.0,4.468068527186702,1008,16.25,0.028050962166000424,0.45582813519750687,Forecast Increase,Normal
P01118,186.0,5580.0,186.0,186.0,189.0,30.16921971450072,10584,185.14285714285714,0.004629629629629652,0.8571428571428612,Forecast Increase,Normal
P01119,26.75565077561101,802.6695232683303,20.21084847093417,30.00190243289178,26.196428571428573,3.9331673235199633,1467,26.428571428571427,0.012375975293389602,0.3270793470395823,Forecast Increase,Normal
P01120,20.85051238876094,625.5153716628282,16.181763542400056,24.0249355173009,20.517857142857142,5.232732890803189,1149,19.107142857142858,0.0912417698790772,1.7433695316180824,Forecast Increase,Normal
P01121,45.02748869583049,1350.8246608749148,39.449872468262285,48.38751019369639,41.05357142857143,6.400055803328146,2299,40.892857142857146,0.10110889387183727,4.134631552973346,Forecast Increase,Normal
P01122,128.23003901049566,3846.90117031487,111.62126552484564,137.4337720282397,128.17857142857142,17.02950075909141,7178,122.25,0.04891647452348188,5.980039010495659,Forecast Increase,Normal
P01123,68.71881081918256,2061.564324575477,60.007894669351735,74.05561944877986,69.23214285714286,8.538663023785759,3877,67.35714285714286,0.02021564312678245,1.3616679620397036,Forecast Increase,Normal
P01124,192.4733667611557,5774.20100283467,165.397751655804,211.1920616412469,190.48214285714286,28.349116434157214,10667,186.5,0.03202877619922621,5.973366761155688,Forecast Increase,Normal
P01125,394.62989705131406,11838.896911539421,332.9089674933893,432.537801433534,352.19642857142856,45.43623689717963,19723,368.67857142857144,0.07039011115342374,25.951325622742615,Forecast Increase,Normal
P01126,270.20229806470456,8106.068941941137,229.70986683827064,296.6633101937643,245.73214285714286,31.97754386578668,13761,259.25,0.04224608703839755,10.952298064704564,Forecast Increase,Normal
P01127,10.79082950737487,323.7248852212461,8.335451558139987,12.26082717171472,11.446428571428571,2.709710771933505,641,10.714285714285714,0.007144087354987908,0.07654379308915615,Forecast Increase,Normal
P01128,6.7,201.0,6.0,7.0,6.517857142857143,0.6873155006273305,365,6.464285714285714,0.03646408839779006,0.23571428571428577,Forecast Increase,Normal
P01129,21.0,630.0,21.0,21.0,16.107142857142858,3.1257206961163155,902,16.107142857142858,0.3037694013303769,4.892857142857142,Forecast Increase,High
P01130,21.821428571428573,654.6428571428572,21.821428571428573,21.821428571428573,22.375,4.818760685638429,1253,21.821428571428573,0.0,0.0,Stable,Normal
P01131,354.3700373020377,10631.101119061132,309.8679216298876,380.169057283292,331.94642857142856,29.98024782653174,18589,340.42857142857144,0.04095269035428611,13.941465873466257,Forecast Increase,Normal
P01132,115.27673260686417,3458.301978205925,101.00920192538254,123.43800555904843,109.28571428571429,8.261002108954811,6120,111.10714285714286,0.03752764802063539,4.169589749721311,Forecast Increase,Normal
P01133,36.744236796994464,1102.327103909834,31.03729963225057,40.09128037089018,37.642857142857146,9.927791242821282,2108,33.785714285714285,0.08756726249032244,2.9585225112801794,Forecast Increase,Normal
P01134,35.61444504889558,1068.4333514668674,30.40023684998253,39.262381023037534,38.035714285714285,9.934264461428958,2130,34.392857142857146,0.0355186514735994,1.2215879060384367,Forecast Increase,Normal
P01135,17.066666666666666,512.0,0.0,128.0,51.17857142857143,62.33461234421768,2866,36.357142857142854,-0.5305828421741977,-19.290476190476188,Forecast Decrease,Critical
P01136,4.0,120.0,4.0,4.0,4.125,1.1609165657907,231,3.642857142857143,0.09803921568627452,0.3571428571428572,Forecast Increase,Normal
P01137,324.2190932286624,9726.572796859873,282.3333386435702,353.7348073672969,298.125,46.275877281601254,16695,293.35714285714283,0.10520265527179795,30.861950371519583,Forecast Increase,Normal
P01138,252.0264526975918,7560.793580927754,218.67112922529472,271.7707644217414,240.60714285714286,18.31609185331906,13474,245.39285714285714,0.027032553563174258,6.633595554734654,Forecast Increase,Normal
P01139,292.6795177182126,8780.385531546377,255.46402341686652,314.717508403743,279.3392857142857,22.781393353280286,15643,284.32142857142856,0.029396620538871134,8.358089146784039,Forecast Increase,Normal
P01140,378.2368992389713,11347.10697716914,319.7044907522218,414.7804094410063,367.17857142857144,50.324802178306825,20562,380.35714285714283,-0.005574349418666892,-2.1202436181715143,Forecast Decrease,Normal
P01141,157.108765722453,4713.26297167359,136.4990704538896,169.43420186123603,158.83928571428572,20.442181689041693,8895,153.60714285714286,0.022795963782535202,3.5016228653101393,Forecast Increase,Normal
P01142,16.61488435659554,498.4465306978662,12.205871030390671,19.183754291398515,15.875,2.382225849914319,889,16.214285714285715,0.024706524195319515,0.40059864230982356,Forecast Increase,Normal
P01143,43.96438485498815,1318.9315456496445,38.46270079005499,47.52049834124053,41.964285714285715,3.627993613877739,2350,43.214285714285715,0.017357666065841392,0.7500991407024316,Forecast Increase,Normal
P01144,91.37086639813447,2741.125991944034,80.16080387255633,97.5181330994352,84.98214285714286,7.430871896544653,4759,88.21428571428571,0.03578310086954059,3.156580683848759,Forecast Increase,Normal
P01145,13.664424986011406,409.9327495803422,11.76771261391582,14.764282608280348,14.446428571428571,1.2922094237410577,809,14.392857142857142,-0.05061067094709829,-0.7284321568457361,Forecast Decrease,Normal
P01146,167.11131046390454,5013.339313917137,146.09984540310657,179.21190946054708,167.82142857142858,20.68386032446745,9398,163.42857142857142,0.022534242349066345,3.682739035333128,Forecast Increase,Normal
P01147,475.96909363515056,14279.072809054516,402.3883579000716,523.402242744545,434.26785714285717,57.99890001196057,24319,454.75,0.046661008543486655,21.219093635150557,Forecast Increase,Normal
P01148,0.0,0.0,0.0,0.0,122.51785714285714,181.93845023887798,6861,111.64285714285714,-1.0,-111.64285714285714,Forecast Decrease,Critical
P01149,80.57968643159133,2417.3905929477396,70.41674994206092,86.73009113711346,80.76785714285714,11.033817556500106,4523,77.5,0.03973788943988809,3.079686431591327,Forecast Increase,Normal
P01150,236.69566805277282,7100.8700415831845,202.89322251014605,256.8457948772668,230.80357142857142,35.56270755765327,12925,227.17857142857142,0.04189258064418161,9.5170966242014,Forecast Increase,Normal
P01151,105.3754052389414,3161.262157168242,88.95572062929699,115.67665062456336,100.71428571428571,13.143562939829007,5640,104.85714285714286,0.004942556774645438,0.5182623817985359,Forecast Increase,Normal
P01152,109.33473923648175,3280.0421770944527,95.33689516286576,118.92829447075,114.05357142857143,17.055438634435266,6387,109.14285714285714,0.0017580820096496001,0.1918820936246135,Forecast Increase,Normal
P01153,152.8,4584.0,0.0,412.0,198.64285714285714,195.54022404809513,11124,235.82142857142858,-0.3520520975314251,-83.02142857142857,Forecast Decrease,High
P01154,362.9318111348563,10887.954334045688,320.1543133284766,389.885164903954,347.23214285714283,25.070077108652164,19445,352.42857142857144,0.029802463698416624,10.50323970628483,Forecast Increase,Normal
P01155,439.76351972368917,13192.905591710674,372.95093220862833,481.0785338322392,411.8392857142857,50.558616489167306,23063,422.82142857142856,0.04006914032125156,16.942091152260616,Forecast Increase,Normal
P01156,59.32142857142857,1779.642857142857,59.32142857142857,59.32142857142857,57.357142857142854,78.84401829421951,3212,59.32142857142857,0.0,0.0,Stable,Normal
P01157,22.103231850093156,663.0969555027947,18.660839417066832,24.197626028888944,21.517857142857142,5.1521966063155915,1205,19.821428571428573,0.11511800324794291,2.281803278664583,Forecast Increase,Normal
P01158,88.41600116605494,2652.4800349816483,77.33761186740796,95.7385615565832,92.73214285714286,12.389865464716161,5193,89.89285714285714,-0.016429069269154377,-1.4768559768021987,Forecast Decrease,Normal
P01159,143.91064875075375,4317.319462522612,143.91064875075375,143.91064875075375,148.125,36.03587227900958,8295,139.64285714285714,0.03056219054248213,4.267791607896612,Forecast Increase,Normal
P01160,30.3055284676552,909.165854029656,25.16597917670666,33.614246071959094,32.892857142857146,7.698119183348549,1842,30.5,-0.006376115814583587,-0.1944715323447994,Forecast Decrease,Normal
P01161,272.85395063204504,8185.618518961351,233.7783025360156,295.9751881210538,272.80357142857144,43.702057219252325,15277,267.57142857142856,0.019742474332255955,5.282522060616486,Forecast Increase,Normal
P01162,34.072825644904704,1022.184769347141,28.703664425759097,37.610963581145576,35.482142857142854,8.854359114282369,1987,32.214285714285715,0.05769303554027902,1.8585399306189885,Forecast Increase,Normal
P01163,7.733333333333333,232.0,7.0,8.0,7.535714285714286,0.7854190708679778,422,7.5,0.03111111111111112,0.2333333333333334,Forecast Increase,Normal
P01164,0.0,0.0,0.0,0.0,140.26785714285714,215.36510150916266,7855,118.32142857142857,-1.0,-118.32142857142857,Forecast Decrease,Critical
P01165,3.7333333333333334,112.0,3.0,4.0,3.857142857142857,0.980325946325487,216,3.5714285714285716,0.045333333333333295,0.16190476190476177,Forecast Increase,Normal
P01166,226.39449591744244,6791.8348775232735,198.8185788187236,243.39151734146955,231.23214285714286,29.901651563647214,12949,225.03571428571428,0.006038071050371145,1.3587816317281636,Forecast Increase,Normal
P01167,93.10956332295375,2793.2868996886123,84.05875484206148,99.01023878577725,92.07142857142857,11.719226072580884,5156,89.17857142857143,0.04408000522334996,3.9309918943823163,Forecast Increase,Normal
P01168,114.57459317360458,3437.2377952081374,88.80327579314073,127.93767708996064,103.30357142857143,15.035617885368247,5785,107.5,0.06581016905678683,7.074593173604583,Forecast Increase,Normal
P01169,15.74672862895496,472.4018588686488,13.74527732454162,16.909645655600755,17.196428571428573,4.64922141226461,963,15.357142857142858,0.025368375838927607,0.3895857718121025,Forecast Increase,Normal
P01170,29.865009305991176,895.9502791797353,26.24845222641642,31.94716518379072,27.803571428571427,2.7858058593007295,1557,27.464285714285715,0.08741256250683081,2.400723591705461,Forecast Increase,Normal
P01171,34.233333333333334,1027.0,31.0,37.0,32.339285714285715,2.657933481035671,1811,33.17857142857143,0.03179045568711873,1.0547619047619037,Forecast Increase,Normal
P01172,97.91585860079104,2937.475758023731,85.72640209667696,106.51245865946292,99.0,12.838861461841688,5544,95.21428571428571,0.028373608710483608,2.701572886505332,Forecast Increase,Normal
P01173,389.31638393226785,11679.491517968036,331.15770669290345,423.98344995933184,367.67857142857144,47.655623399116735,20590,379.25,0.026542871278227697,10.066383932267854,Forecast Increase,Normal
P01174,13.18438282735529,395.5314848206587,11.502413603308367,14.30033232054592,12.767857142857142,1.1117728909444413,715,12.714285714285714,0.03697393024142732,0.4700971130695759,Forecast Increase,Normal
P01175,109.62247772007679,3288.6743316023035,93.26514011107128,119.91283057748522,104.51785714285714,11.479612079965664,5853,109.0,0.005710804771346674,0.6224777200767875,Forecast Increase,Normal
P01176,139.73969150832121,4192.190745249636,122.58299534209652,149.64973921606654,133.46428571428572,10.675314405783919,7474,136.39285714285714,0.024538193829011297,3.346834365464076,Forecast Increase,Normal
P01177,201.0,6030.0,201.0,201.0,83.08928571428571,104.67790889385213,4653,112.46428571428571,0.7872340425531916,88.53571428571429,Forecast Increase,Critical
P01178,24.485307966679876,734.5592390003962,24.485307966679876,24.485307966679876,26.839285714285715,9.058951947637782,1503,24.0,0.02022116527832818,0.4853079666798763,Forecast Increase,Normal
P01179,612.9502181272744,18388.506543818232,514.8982090030233,678.1411778288132,556.5892857142857,73.20327284926645,31169,581.9642857142857,0.05324370098580454,30.985932412988745,Forecast Increase,Normal
P01180,231.34552191946943,6940.365657584083,197.51405622759927,253.2782593601773,218.48214285714286,28.168319452520077,12235,228.78571428571428,0.011188669020472115,2.559807633755156,Forecast Increase,Normal
P01181,408.8511439457919,12265.534318373757,355.69923870277444,439.1380432472602,407.7857142857143,54.261224824735784,22836,395.75,0.033104596199095074,13.101143945791875,Forecast Increase,Normal
P01182,15.298162940062143,458.9448882018643,11.400963390206782,17.6905250056957,14.321428571428571,2.098546188173161,802,14.642857142857142,0.044752591028634214,0.6553057972050009,Forecast Increase,Normal
P01183,39.06666666666667,1172.0,28.0,44.0,36.25,5.49131545756984,2030,38.07142857142857,0.02614133833646043,0.9952380952381006,Forecast Increase,Normal
P01184,75.84134116991679,2275.2402350975035,66.98142623951003,81.36337036402811,76.625,9.164283436750024,4291,74.03571428571429,0.024388592743690252,1.8056268842024963,Forecast Increase,Normal
P01185,17.174509899358387,515.2352969807516,14.227781961523254,19.061380815121723,19.089285714285715,4.8440283225442045,1069,17.464285714285715,-0.016592480200337795,-0.28977581492732796,Forecast Decrease,Normal
P01186,59.975931492236754,1799.2779447671026,59.975931492236754,59.975931492236754,62.767857142857146,13.533784086068158,3515,59.32142857142857,0.011033161819764697,0.6545029208081843,Forecast Increase,Normal
P01187,719.4845238648496,21584.535715945487,604.8641946462166,810.1755370480381,665.125,81.4482685791752,37247,694.6428571428571,0.03576178242754706,24.84166672199251,Forecast Increase,Normal
P01188,22.455104917934435,673.6531475380331,22.455104917934435,22.455104917934435,24.642857142857142,6.6672294134781405,1380,21.892857142857142,0.02568179070499867,0.5622477750772923,Forecast Increase,Normal
P01189,9.3,279.0,7.0,10.0,8.910714285714286,1.2688833417871537,499,8.785714285714286,0.05853658536585365,0.5142857142857142,Forecast Increase,Normal
P01190,0.0,0.0,0.0,0.0,100.73214285714286,149.86909331102973,5641,113.03571428571429,-1.0,-113.03571428571429,Forecast Decrease,Critical
P01191,21.4231230405498,642.693691216494,21.4231230405498,21.4231230405498,23.357142857142858,6.337273779870876,1308,20.821428571428573,0.02889784757357524,0.6016944691212274,Forecast Increase,Normal
P01192,319.8405735384974,9595.21720615492,243.1094408200568,365.28599029420064,280.92857142857144,44.71682910487731,15732,295.32142857142856,0.0830252822684638,24.519144967068826,Forecast Increase,Normal
P01193,26.35019574406249,790.5058723218747,22.866115608697584,28.628493245809278,26.142857142857142,2.665800725203124,1464,25.714285714285715,0.024729834491318985,0.6359100297767739,Forecast Increase,Normal
P01194,168.5203424679933,5055.610274039798,147.21840977086134,182.175072923222,159.14285714285714,13.893659209645467,8912,162.17857142857142,0.039103631161376884,6.341771039421872,Forecast Increase,Normal
P01195,15.0,450.0,15.0,15.0,21.642857142857142,7.138700089024541,1212,19.178571428571427,-0.21787709497206698,-4.178571428571427,Forecast Decrease,Moderate
P01196,150.68090165601112,4520.427049680334,131.21338378230865,162.03902143414606,151.19642857142858,18.5015180142379,8467,145.60714285714286,0.03484553504250948,5.073758798868255,Forecast Increase,Normal
P01197,243.51497664318302,7305.44929929549,210.1456175233407,261.9325842922569,231.875,28.602646095009547,12985,229.75,0.05991284719557353,13.764976643183019,Forecast Increase,Normal
P01198,47.89055938931334,1436.7167816794001,47.89055938931334,47.89055938931334,49.964285714285715,10.199758082183369,2798,48.07142857142857,-0.0037625089890241186,-0.18086918211523084,Forecast Decrease,Normal
P01199,0.0,0.0,0.0,0.0,29.482142857142858,43.55894275010005,1651,23.464285714285715,-1.0,-23.464285714285715,Forecast Decrease,Critical
P01200,15.0,450.0,15.0,15.0,16.5,4.536718878420634,924,14.964285714285714,0.002386634844868786,0.035714285714286476,Forecast Increase,Normal
P01201,164.2639799795665,4927.919399386995,143.7986851400606,176.25532689569843,153.32142857142858,12.55983083681268,8586,157.60714285714286,0.04223689993833263,6.656837122423639,Forecast Increase,Normal
P01202,2.113136902461723,63.39410707385169,2.113136902461723,2.113136902461723,2.4464285714285716,0.9519290053196355,137,2.0714285714285716,0.020135056360831714,0.04170833103315141,Forecast Increase,Normal
P01203,25.803100770074444,774.0930231022334,21.60812527983188,28.27491526110383,28.482142857142858,7.5870489446366225,1595,26.0,-0.00757304730482908,-0.19689922992555609,Forecast Decrease,Normal
P01204,3.0,90.0,3.0,3.0,2.875,0.38435305739290376,161,2.857142857142857,0.049999999999999975,0.1428571428571428,Forecast Increase,Normal
P01205,188.21446272164314,5646.433881649295,144.59437224688332,214.33164009983943,177.375,24.778702365319514,9933,185.85714285714286,0.012683504267103752,2.3573198645002833,Forecast Increase,Normal
P01206,455.6766116815349,13670.298350446046,382.0144026536941,501.6577530544751,413.76785714285717,50.3763981791721,23171,428.64285714285717,0.06306824921537879,27.033754538677726,Forecast Increase,Normal
P01207,738.6782155000984,22160.346465002953,621.6636868477253,811.6667699611133,685.8214285714286,91.26566757506394,38406,716.25,0.03131338987797336,22.428215500098418,Forecast Increase,Normal
P01208,16.52089297295871,495.6267891887612,12.241245372312257,18.946465326931477,15.321428571428571,2.107192383305269,858,15.464285714285714,0.06832564259317292,1.0566072586729955,Forecast Increase,Normal
P01209,3.571428571428572,107.14285714285717,3.571428571428572,3.571428571428572,3.5535714285714284,0.7843849439272407,199,3.5714285714285716,1.2434497875801752e-16,4.440892098500626e-16,Forecast Increase,Normal
P01210,234.9177752718398,7047.533258155194,199.07387463328223,257.0942708206027,238.51785714285714,37.310486496391384,13357,234.78571428571428,0.0005624745378025952,0.13206098612550932,Forecast Increase,Normal
P01211,26.653981636132304,799.6194490839691,20.005922594677767,30.935530777593115,25.125,3.977493500366096,1407,25.678571428571427,0.037985376650493126,0.975410207560877,Forecast Increase,Normal
P01212,295.72117642271974,8871.635292681593,256.59583810732937,316.0800876149211,285.4107142857143,22.30350709129459,15983,292.0357142857143,0.012619902144570485,3.6854621370054588,Forecast Increase,Normal
P01213,14.5035383557579,435.106150672737,14.5035383557579,14.5035383557579,14.910714285714286,3.7381414230471974,835,13.357142857142858,0.08582640096583206,1.1463954986150426,Forecast Increase,Normal
P01214,280.5569885753001,8416.709657259004,232.54414833447015,311.56371000319734,260.80357142857144,32.966329733591756,14605,268.42857142857144,0.04518303354289556,12.12841714672868,Forecast Increase,Normal
P01215,713.910906609063,21417.32719827189,603.2092146539225,778.5151541925749,647.4642857142857,76.55442847726397,36258,674.75,0.058037653366525346,39.16090660906298,Forecast Increase,Normal
P01216,7.0,210.0,6.0,8.0,7.75,1.861084727688765,434,7.071428571428571,-0.010101010101010065,-0.07142857142857117,Forecast Decrease,Normal
P01217,18.59820537577556,557.9461612732669,18.59820537577556,18.59820537577556,20.321428571428573,5.205267062774508,1138,18.285714285714285,0.017089356487726,0.3124910900612754,Forecast Increase,Normal
P01218,220.0356634299428,6601.0699028982835,196.42399394118263,231.0759206049303,210.94642857142858,14.02519763964732,11813,214.75,0.024613100954331953,5.285663429942787,Forecast Increase,Normal
P01219,0.0,0.0,0.0,0.0,18.339285714285715,24.044108547504017,1027,15.964285714285714,-1.0,-15.964285714285714,Forecast Decrease,Critical
P01220,11.319942436121815,339.5982730836545,11.319942436121815,11.319942436121815,11.446428571428571,2.669147925715368,641,11.214285714285714,0.009421618507677865,0.10565672183610175,Forecast Increase,Normal
P01221,74.32852804917698,2229.8558414753093,64.69202936495408,80.69943153734764,77.28571428571429,10.391804963027859,4328,74.03571428571429,0.003955033949327206,0.2928137634626893,Forecast Increase,Normal
P01222,26.965443578340167,808.963307350205,22.559279271780216,29.444343178580976,29.25,7.012326808750951,1638,27.142857142857142,-0.006536289219046447,-0.177413564516975,Forecast Decrease,Normal
P01223,27.77402862354405,833.2208587063216,24.051895625404804,29.95589451425561,27.821428571428573,2.930138953311649,1558,27.357142857142858,0.015238644202654602,0.4168857664011938,Forecast Increase,Normal
P01224,93.18286534372062,2795.485960311619,93.18286534372062,93.18286534372062,95.125,21.65688007413475,5327,91.25,0.02118208595858215,1.9328653437206214,Forecast Increase,Normal
P01225,25.05846639434351,751.7539918303054,18.75201578762893,29.042893916837784,23.875,3.2922084325929855,1337,24.392857142857142,0.027287055697830666,0.6656092514863694,Forecast Increase,Normal
P01226,38.5504499221856,1156.513497665568,28.802075362672465,44.56622517959632,35.267857142857146,5.465565167245067,1975,37.32142857142857,0.03293071561837018,1.22902135075703,Forecast Increase,Normal
P01227,16.438747757668715,493.1624327300615,12.053580375535002,18.878749542650738,16.178571428571427,2.3825665524017117,906,16.392857142857142,0.002799427483058877,0.045890614811572306,Forecast Increase,Normal
P01228,3.7076767742505385,111.23030322751616,3.7076767742505385,3.7076767742505385,3.7857142857142856,0.8466895044129912,212,3.6785714285714284,0.007912132805971694,0.02910534567911016,Forecast Increase,Normal
P01229,374.40652151446267,11232.19564543388,320.5345372919815,400.1665491417201,382.625,57.162149746456905,21427,378.10714285714283,-0.009787229394072412,-3.700621342680165,Forecast Decrease,Normal
P01230,23.793073468137436,713.7922040441231,17.649609256659524,27.621475510963432,22.625,3.261692254587543,1267,22.964285714285715,0.036090290991987836,0.8287877538517208,Forecast Increase,Normal
P01231,276.373322423334,8291.19967270002,236.3222252978173,301.7904499712021,269.8392857142857,38.0816237171561,15111,268.25,0.030282655818579692,8.123322423334002,Forecast Increase,Normal
P01232,30.505951154572493,915.1785346371748,25.168226032636905,33.23553768357574,34.0,8.794626458551521,1904,30.571428571428573,-0.0021417846635166317,-0.06547741685607988,Forecast Decrease,Normal
P01233,18.41186208076944,552.3558624230832,18.41186208076944,18.41186208076944,20.910714285714285,6.6967476114475595,1171,18.214285714285715,0.010847329924596564,0.19757636648372312,Forecast Increase,Normal
P01234,28.095553226669765,842.8665968000929,20.93078999900971,32.40326016499352,27.821428571428573,7.1683829617086126,1558,25.821428571428573,0.08807121763036425,2.2741246552411916,Forecast Increase,Normal
P01235,0.0,0.0,0.0,0.0,96.85714285714286,162.1747013755036,5424,79.85714285714286,-1.0,-79.85714285714286,Forecast Decrease,Critical
P01236,28.6008486327465,858.0254589823951,21.407014202115644,32.925269451400084,26.553571428571427,3.760655856035284,1487,27.107142857142858,0.05510377037800004,1.4937057756036438,Forecast Increase,Normal
P01237,204.45973633744617,6133.792090123386,173.55727056359302,220.9030184444885,207.69642857142858,29.9702395676154,11631,204.82142857142858,-0.0017658905931137716,-0.36169223398241,Forecast Decrease,Normal
P01238,55.49757159006869,1664.9271477020607,41.67948663722573,63.59730355700363,50.285714285714285,7.389708533345015,2816,52.5,0.05709660171559405,2.997571590068688,Forecast Increase,Normal
P01239,233.94523554227678,7018.357066268303,202.4506411338642,254.7682422542679,223.53571428571428,30.677183873191648,12518,220.67857142857142,0.06011759106388576,13.26666411370536,Forecast Increase,Normal
P01240,7.409329658641949,222.27988975925845,6.1891581080269145,8.126324660146285,7.607142857142857,1.9322955865411056,426,7.178571428571429,0.032145425084450514,0.23075823007051977,Forecast Increase,Normal
P01241,229.23996363705749,6877.198909111725,194.8024943352873,250.176595012008,237.89285714285714,33.06779733788177,13322,234.89285714285714,-0.024065838248804972,-5.652893505799653,Forecast Decrease,Normal
P01242,259.96496617488594,7798.948985246579,226.4013529973601,279.7605225470397,252.19642857142858,21.97305758742419,14123,258.14285714285717,0.00705852973115741,1.8221090320287772,Forecast Increase,Normal
P01243,519.7531491288236,15592.594473864709,436.5473389253412,577.254289292364,468.75,60.68794997960694,26250,487.35714285714283,0.06647282541455815,32.39600627168073,Forecast Increase,Normal
P01244,12.33591280879747,370.0773842639241,10.823797211376029,13.3235311867307,12.928571428571429,1.559220584512927,724,12.535714285714286,-0.015938579355187613,-0.19980147691681616,Forecast Decrease,Normal
P01245,190.3484950477164,5710.454851431492,162.06232390760604,208.30456421212708,174.28571428571428,21.599422791710538,9760,180.25,0.056024937851408586,10.098495047716398,Forecast Increase,Normal
P01246,173.13093971410197,5193.928191423059,132.31341687617194,195.48986907499363,156.64285714285714,22.654261948154137,8772,162.46428571428572,0.0656553774444614,10.666653999816248,Forecast Increase,Normal
P01247,27.9524963525114,838.574890575342,27.9524963525114,27.9524963525114,30.339285714285715,7.7559989350514655,1699,27.214285714285715,0.02712585022351596,0.7382106382256843,Forecast Increase,Normal
P01248,12.744214244109683,382.3264273232905,11.1842959846075,13.770628681229732,13.267857142857142,3.435065548817857,743,12.0,0.06201785367580692,0.7442142441096831,Forecast Increase,Normal
P01249,178.20947356729528,5346.284207018858,153.40565500342586,194.26635745007468,180.57142857142858,27.0231262190249,10112,171.82142857142858,0.037178395319947495,6.388044995866693,Forecast Increase,Normal
P01250,318.64412689489035,9559.32380684671,268.5149296264053,347.65218922498684,300.98214285714283,37.966248681704656,16855,309.14285714285717,0.030734236720994578,9.501269752033181,Forecast Increase,Normal
P01251,320.154540011862,9604.63620035586,280.9123388017657,344.35602005760416,307.80357142857144,25.770610211039838,17237,317.35714285714283,0.008814665803751676,2.7973971547191923,Forecast Increase,Normal
P01252,101.87857222880044,3056.357166864013,76.43726431051572,113.76193691082504,99.0,14.118974982110228,5544,102.25,-0.003632545439604533,-0.3714277711995635,Forecast Decrease,Normal
P01253,12.985002258651527,389.5500677595458,9.602909278055352,15.141346237918082,13.035714285714286,3.426974736433848,730,12.214285714285714,0.06309960012351686,0.770716544365813,Forecast Increase,Normal
P01254,6.0,180.0,6.0,6.0,7.517857142857143,1.9163513762884408,421,6.821428571428571,-0.12041884816753923,-0.8214285714285712,Forecast Decrease,Normal
P01255,754.0274994337274,22620.824983011822,643.3392259912845,808.5640502498609,702.0892857142857,101.63934041246297,39317,731.6071428571429,0.030645349482273147,22.42035657658448,Forecast Increase,Normal
P01256,5.616592899512647,168.4977869853794,5.616592899512647,5.616592899512647,5.535714285714286,1.413754327562359,310,5.785714285714286,-0.02923085687435724,-0.1691213862016383,Forecast Decrease,Normal
P01257,10.824837320191357,324.7451196057407,10.824837320191357,10.824837320191357,12.892857142857142,4.478955119337431,722,11.285714285714286,-0.040837199476715304,-0.4608769655229299,Forecast Decrease,Normal
P01258,28.269902486702517,848.0970746010755,21.63148797350649,32.05364399232096,26.017857142857142,3.7682456560945328,1457,27.25,0.03742761419091804,1.0199024867025166,Forecast Increase,Normal
P01259,9.431135393937627,282.9340618181288,7.670115966733492,10.406006303720504,10.678571428571429,2.8483305659608775,598,9.642857142857142,-0.021956329517579393,-0.21172174891951556,Forecast Decrease,Normal
P01260,255.03333333333333,7651.0,202.0,293.0,234.28571428571428,34.766082889513456,13120,244.35714285714286,0.04369092857838836,10.67619047619047,Forecast Increase,Normal
P01261,7.25539759394906,217.6619278184718,5.263144686048151,8.474624793441963,7.071428571428571,1.173295945882102,396,7.142857142857143,0.01575566315286835,0.1125404510919168,Forecast Increase,Normal
P01262,71.18520922273684,2135.5562766821054,63.38947674200202,75.90519498741122,66.76785714285714,5.29490688879786,3739,68.28571428571429,0.04246122292710851,2.8994949370225527,Forecast Increase,Normal
P01263,15.433333333333334,463.0,12.0,19.0,14.446428571428571,2.156762243879324,809,14.785714285714286,0.04380032206119159,0.6476190476190471,Forecast Increase,Normal
P01264,22.763031285837982,682.8909385751394,19.955746745373908,24.60983487757944,21.875,1.799621172257195,1225,22.392857142857142,0.016530902716847724,0.37017414298084006,Forecast Increase,Normal
P01265,4.2618289892911365,127.85486967873409,4.2618289892911365,4.2618289892911365,4.642857142857143,1.1973997802598066,260,4.142857142857143,0.02871734224268803,0.11897184643399328,Forecast Increase,Normal
P01266,21.25972323967295,637.7916971901885,21.25972323967295,21.25972323967295,23.125,7.155576337883116,1295,20.714285714285715,0.026331466742832065,0.5454375253872357,Forecast Increase,Normal
P01267,22.678571428571427,680.3571428571428,22.678571428571427,22.678571428571427,23.0,4.774934554525328,1288,22.678571428571427,0.0,0.0,Stable,Normal
P01268,285.93151598418956,8577.945479525686,215.4149602989401,326.6371305094191,258.875,39.36360224646852,14497,272.5,0.0492899669144571,13.43151598418956,Forecast Increase,Normal
P01269,279.4981108418926,8384.943325256778,210.5165164848681,320.78769460534824,257.32142857142856,38.71297980257792,14410,269.64285714285717,0.03654928524145584,9.855253699035416,Forecast Increase,Normal
P01270,22.963596955116376,688.9079086534913,17.404789506579636,26.252901127524375,19.642857142857142,2.792382960376781,1100,19.892857142857142,0.15436394029310332,3.0707398122592338,Forecast Increase,Normal
P01271,49.0,1470.0,49.0,49.0,17.375,25.864375289013054,973,15.464285714285714,2.168591224018476,33.535714285714285,Forecast Increase,Critical
P01272,197.28205759236985,5918.461727771096,171.7933261124798,215.1609787386895,207.17857142857142,27.436609347139303,11602,199.82142857142858,-0.01270820150377917,-2.539370979058731,Forecast Decrease,Normal
P01273,140.39285714285714,4211.785714285714,140.39285714285714,140.39285714285714,125.78571428571429,201.8571695113079,7044,140.39285714285714,0.0,0.0,Stable,Normal
P01274,20.679750439247904,620.3925131774371,20.679750439247904,20.679750439247904,22.321428571428573,6.226357881420924,1250,21.428571428571427,-0.03494497950176441,-0.7488209893235229,Forecast Decrease,Normal
P01275,164.91251332726418,4947.375399817925,122.53458545939095,192.1599594077132,153.83928571428572,22.455432050428875,8615,161.03571428571428,0.024074156833754103,3.8767990415499014,Forecast Increase,Normal
P01276,10.870982729767599,326.12948189302796,9.226898348480423,11.851006393822766,11.178571428571429,2.697521710130131,626,10.25,0.06058368095293648,0.6209827297675989,Forecast Increase,Normal
P01277,33.07810627949305,992.3431883847915,27.84920284326147,36.0085161707598,36.125,9.5347450745347,2023,33.0,0.002366856954334823,0.07810627949304916,Forecast Increase,Normal
P01278,195.14299431140236,5854.289829342071,171.4904787005049,211.17746655715436,194.19642857142858,26.65634472852035,10875,188.10714285714286,0.03740342523623809,7.0358514542595,Forecast Increase,Normal
P01279,35.34280477949258,1060.2841433847775,29.798278650193375,38.850323531341886,39.339285714285715,9.516066386933176,2203,36.25,-0.025026075048480506,-0.9071952205074183,Forecast Decrease,Normal
P01280,67.29929404251997,2018.9788212755993,53.0972904776803,76.25791133172095,60.607142857142854,8.702514937290617,3394,64.10714285714286,0.049794001777470294,3.1921511853771136,Forecast Increase,Normal
P01281,117.88841344680492,3536.6524034041477,100.28371012890752,129.36665678701848,114.25,14.098678210127614,6398,117.5,0.003305646355786539,0.3884134468049183,Forecast Increase,Normal
P01282,132.72961979585816,3981.888593875745,116.42854510030132,142.66011541290715,126.32142857142857,8.575031710213592,7074,129.21428571428572,0.027205460001113357,3.5153340815724334,Forecast Increase,Normal
P01283,265.8796597949802,7976.389793849407,198.347256773364,306.2429496250774,234.41071428571428,35.84247190426174,13127,246.0,0.08081162518284646,19.879659794980228,Forecast Increase,Normal
P01284,6.864503999490632,205.93511998471894,5.9824398356904345,7.424439037478089,7.535714285714286,1.8680498894864646,422,6.714285714285714,0.02237293609434937,0.1502182852049172,Forecast Increase,Normal
P01285,4.095242914405714,122.8572874321714,3.097586419715896,4.713642635520449,3.732142857142857,0.5874775486177067,209,3.7142857142857144,0.10256540003230748,0.38095720011999923,Forecast Increase,Normal
P01286,439.81428886332225,13194.428665899668,372.8281749161711,479.70497204622166,402.85714285714283,50.62820937398027,22560,419.67857142857144,0.047978902916604754,20.135717434750802,Forecast Increase,Normal
P01287,2.8666666666666667,86.0,2.0,3.0,2.9642857142857144,0.8304278352815432,166,2.642857142857143,0.08468468468468472,0.2238095238095239,Forecast Increase,Normal
P01288,31.0,930.0,31.0,31.0,25.517857142857142,5.510291434063329,1429,26.928571428571427,0.1511936339522547,4.071428571428573,Forecast Increase,Normal
P01289,14.069554559786862,422.08663679360586,11.472723423417804,15.74826046579547,15.75,3.9370039370059047,882,14.642857142857142,-0.039152371526750836,-0.57330258307028,Forecast Decrease,Normal
P01290,23.07493217826685,692.2479653480054,23.07493217826685,23.07493217826685,24.875,7.827834949716306,1393,21.964285714285715,0.05056601787231177,1.1106464639811335,Forecast Increase,Normal
P01291,16.961671468912126,508.85014406736383,12.514368946194356,19.795996789487504,16.821428571428573,2.2812049675327515,942,17.142857142857142,-0.01056916431345929,-0.1811856739450164,Forecast Decrease,Normal
P01292,25.066666666666666,752.0,21.0,28.0,26.517857142857142,7.0556001521127545,1485,24.285714285714285,0.032156862745098075,0.7809523809523817,Forecast Increase,Normal
P01293,404.89566978285126,12146.870093485537,345.5215221588225,440.4363316945402,386.07142857142856,48.4696182789167,21620,397.10714285714283,0.019613162507404972,7.788526925708425,Forecast Increase,Normal
P01294,34.89731613666704,1046.919484100011,30.67227488536072,37.68597136020852,33.142857142857146,2.6106674272270705,1856,33.82142857142857,0.03181082558255236,1.0758875652384674,Forecast Increase,Normal
P01295,43.666361928854954,1309.9908578656486,37.12326561630077,47.76979561735928,44.05357142857143,5.661415315680645,2467,43.642857142857146,0.0005385712012591063,0.023504785997808142,Forecast Increase,Normal
P01296,12.17252654119962,365.17579623598857,10.417860305999245,13.271802205476224,12.446428571428571,3.0624983434927935,697,11.607142857142858,0.04870997893412104,0.5653836840567621,Forecast Increase,Normal
P01297,20.161112199017328,604.8333659705198,14.808652238428438,23.639763881798945,20.5,5.6343104764872995,1148,18.857142857142858,0.06914988934182797,1.3039693418744704,Forecast Increase,Normal
P01298,27.557826700877474,826.7348010263242,24.269807852460797,29.65696497365201,28.928571428571427,7.170285002214837,1620,26.107142857142858,0.05556654941801539,1.4506838437346161,Forecast Increase,Normal
P01299,164.076757447381,4922.30272342143,122.57800663853908,188.53851563759875,149.08928571428572,22.86265457084924,8349,156.17857142857142,0.050571508924461085,7.898186018809582,Forecast Increase,Normal
P01300,483.3780863424146,14501.342590272438,410.105447145031,529.2471053749159,449.80357142857144,62.79039290813878,25189,469.64285714285717,0.029246115405901708,13.73522919955741,Forecast Increase,Normal
P01301,6.492823136739885,194.78469410219654,6.492823136739885,6.492823136739885,6.482142857142857,1.8972810347113376,363,6.071428571428571,0.06940616369833401,0.4213945653113136,Forecast Increase,Normal
P01302,332.19155319249603,9965.746595774881,286.9991616408884,360.7147374635015,329.9642857142857,49.977436467311506,18478,329.07142857142856,0.009481602929226103,3.1201246210674753,Forecast Increase,Normal
P01303,27.058124980315508,811.7437494094653,19.890678702822623,31.63987278658604,27.928571428571427,7.328294215156486,1564,25.714285714285715,0.05226041590115861,1.3438392660297929,Forecast Increase,Normal
P01304,96.89470700464305,2906.8412101392914,71.93055258862282,112.317495741354,91.23214285714286,12.9333832618307,5109,95.0,0.019944284259400553,1.8947070046430525,Forecast Increase,Normal
P01305,111.53571428571428,3346.0714285714284,111.53571428571428,111.53571428571428,103.03571428571429,129.91297286830337,5770,111.53571428571429,-1.2741080116095295e-16,-1.4210854715202004e-14,Forecast Decrease,Normal
P01306,31.876366795471498,956.291003864145,27.84747723116677,34.19294375369969,32.19642857142857,3.9928100966027,1803,31.392857142857142,0.015401900197044306,0.4835096526143552,Forecast Increase,Normal
P01307,441.9478996763794,13258.436990291382,370.49913932648985,480.5819102360134,414.67857142857144,51.82175995848468,23222,427.92857142857144,0.03276090727246057,14.019328247807948,Forecast Increase,Normal
P01308,162.71348739068196,4881.404621720459,162.71348739068196,162.71348739068196,160.53571428571428,37.92430944332734,8990,156.07142857142858,0.0425578139448729,6.6420588192533785,Forecast Increase,Normal
P01309,5.566666666666666,167.0,4.0,6.0,5.571428571428571,0.8708855024867267,312,5.571428571428571,-0.0008547008547008517,-0.004761904761904745,Forecast Decrease,Normal
P01310,117.28148957485037,3518.444687245511,102.56221235383202,126.69100081735697,119.91071428571429,15.863367504140752,6715,114.82142857142857,0.021425103606783943,2.4600610034217993,Forecast Increase,Normal
P01311,11.030644160918769,330.91932482756306,9.629912423254243,12.004939108884148,11.982142857142858,3.354731103862241,671,10.607142857142858,0.03992604884082662,0.423501303775911,Forecast Increase,Normal
P01312,141.9026382837468,4257.079148512404,124.92656512381288,152.19265584217786,141.21428571428572,17.444680653909455,7908,137.14285714285714,0.034706737485653755,4.7597811408896575,Forecast Increase,Normal
P01313,187.96765800400445,5639.029740120133,164.7812257642859,200.93091815318684,177.10714285714286,12.141107589775059,9918,180.0,0.044264766688913604,7.9676580040044485,Forecast Increase,Normal
P01314,19.40414565956037,582.1243697868111,16.82938800989968,20.936614240022504,19.053571428571427,2.7792716040989327,1067,18.607142857142858,0.04283316404547094,0.7970028024175129,Forecast Increase,Normal
P01315,233.49174100900507,7004.752230270152,205.43047104733216,250.7583445703944,223.60714285714286,18.98868425852961,12522,228.67857142857142,0.02104775078121853,4.813169580433652,Forecast Increase,Normal
P01316,218.18097730936947,6545.429319281084,190.29113506111304,236.58959445984576,211.85714285714286,17.619646649463423,11864,217.64285714285714,0.0024724917398006563,0.5381201665123285,Forecast Increase,Normal
P01317,135.7675508574874,4073.026525724622,103.95659331072898,154.7408002360316,119.07142857142857,18.414280172890667,6668,127.10714285714286,0.06813470750481801,8.660408000344546,Forecast Increase,Normal
P01318,56.083706815353416,1682.5112044606026,48.6363430936264,60.35078691244108,53.232142857142854,4.709723294047486,2981,54.357142857142854,0.03176333168849917,1.726563958210562,Forecast Increase,Normal
P01319,21.126807252771286,633.8042175831386,15.615906003576034,24.682053867176837,21.946428571428573,5.734804880114668,1229,20.178571428571427,0.046992217836453194,0.948235824199859,Forecast Increase,Normal
P01320,28.031858658333658,840.9557597500097,28.031858658333658,28.031858658333658,30.607142857142858,8.227843131550491,1714,27.25,0.02869206085628101,0.7818586583336575,Forecast Increase,Normal
P01321,8.540525592006759,256.21576776020277,7.38992356574377,9.302630397010166,9.410714285714286,2.364716286763197,527,8.5,0.004767716706677514,0.04052559200675887,Forecast Increase,Normal
P01322,9.85614568997952,295.6843706993856,9.85614568997952,9.85614568997952,10.732142857142858,3.7970853483767177,601,9.714285714285714,0.014603232792009526,0.14185997569380682,Forecast Increase,Normal
P01323,75.66643271492725,2269.992981447818,75.66643271492725,75.66643271492725,72.48214285714286,19.340011348524044,4059,70.39285714285714,0.07491634501165055,5.273575572070115,Forecast Increase,Normal
P01324,18.8109413266085,564.328239798255,18.8109413266085,18.8109413266085,19.392857142857142,4.882914820356501,1086,17.75,0.05977134234414084,1.0609413266085,Forecast Increase,Normal
P01325,78.0137449871643,2340.412349614929,66.56880689916629,84.36651066090002,78.125,11.357116311330568,4375,76.53571428571429,0.019311647055809737,1.4780307014500096,Forecast Increase,Normal
P01326,11.566666666666666,347.0,8.0,13.0,11.125,1.5961601651235608,623,11.392857142857142,0.01525600835945666,0.17380952380952408,Forecast Increase,Normal
P01327,19.692966906185458,590.7890071855637,19.692966906185458,19.692966906185458,20.553571428571427,7.157753946486394,1151,18.285714285714285,0.07695912768201726,1.4072526204711728,Forecast Increase,Normal
P01328,289.4744471772874,8684.233415318622,253.0903814724038,309.7542090971264,285.7857142857143,22.287961924618543,16004,290.42857142857144,-0.0032852286074708794,-0.9541242512840427,Forecast Decrease,Normal
P01329,340.2468835966652,10207.406507899956,286.60311260056267,377.16785808577447,302.92857142857144,39.57724651309692,16964,321.89285714285717,0.05701905477716912,18.354026453808046,Forecast Increase,Normal
P01330,140.55083261204638,4216.524978361392,107.80065009734936,157.68576062732797,130.58928571428572,19.450428166088166,7313,136.53571428571428,0.0294070921102011,4.0151183263321,Forecast Increase,Normal
P01331,176.5079598444578,5295.238795333734,153.56015654331557,189.83678436963515,170.01785714285714,14.635562009184174,9521,173.5,0.017336944348459865,3.007959844457787,Forecast Increase,Normal
P01332,33.7018861987072,1011.056585961216,29.524174533078707,36.13602407869192,32.339285714285715,2.4956455584170527,1811,33.07142857142857,0.019063513567820368,0.6304576272786306,Forecast Increase,Normal
P01333,3.8333333333333335,115.0,3.0,5.0,4.196428571428571,1.1023881985306898,235,3.8214285714285716,0.003115264797507777,0.011904761904761862,Forecast Increase,Normal
P01334,284.9273641495274,8547.820924485823,284.9273641495274,284.9273641495274,298.2142857142857,65.59149453888179,16700,293.0,-0.02755165819273918,-8.07263585047258,Forecast Decrease,Normal
P01335,36.98008509530988,1109.4025528592965,36.98008509530988,36.98008509530988,38.25,8.406166567683295,2142,36.714285714285715,0.007239671856689355,0.26579938102416634,Forecast Increase,Normal
P01336,364.37606983786117,10931.282095135835,317.8219959040824,390.9684260529141,351.19642857142856,25.826990563332036,19667,357.75,0.018521508980744002,6.626069837861166,Forecast Increase,Normal
P01337,25.49400456567662,764.8201369702986,18.598859559360932,30.07397338554229,27.410714285714285,7.421778237578393,1535,25.535714285714285,-0.0016333876378386658,-0.04170972003766593,Forecast Decrease,Normal
P01338,194.0,5820.0,194.0,194.0,60.517857142857146,79.78972161453301,3389,89.21428571428571,1.1745396317053645,104.78571428571429,Forecast Increase,Critical
P01339,15.05210925059103,451.5632775177309,12.537037535497284,16.58267177241173,16.035714285714285,4.103055560806474,898,14.678571428571429,0.025447832157053145,0.3735378220196015,Forecast Increase,Normal
P01340,23.326597049181952,699.7979114754586,19.515824757827268,25.694571983983657,23.232142857142858,6.063275656632455,1301,21.142857142857142,0.10328499556941668,2.18373990632481,Forecast Increase,Normal
P01341,26.455355881480816,793.6606764444244,23.03091759245848,28.657753325456987,25.857142857142858,2.1778101714468,1448,25.607142857142858,0.03312407905364413,0.8482130243379586,Forecast Increase,Normal
P01342,399.25965022938436,11977.78950688153,340.0028648303436,435.1961698840497,374.64285714285717,44.82873614564194,20980,392.32142857142856,0.017685043825467695,6.938221657955808,Forecast Increase,Normal
P01343,299.96588230113974,8998.976469034193,256.9030850379789,325.91047470732434,296.44642857142856,42.68315385929936,16601,291.9642857142857,0.02740608005283334,8.00159658685402,Forecast Increase,Normal
P01344,0.0,0.0,0.0,0.0,28.75,36.36444317286774,1610,28.892857142857142,-1.0,-28.892857142857142,Forecast Decrease,Critical
P01345,0.0,0.0,0.0,0.0,148.42857142857142,174.76829930384528,8312,165.92857142857142,-1.0,-165.92857142857142,Forecast Decrease,Critical
P01346,13.972043093133767,419.161292794013,10.534247048444977,16.06601559402099,13.196428571428571,1.8431163615132724,739,13.571428571428571,0.029518964757224934,0.4006145217051955,Forecast Increase,Normal
P01347,14.724084287291634,441.722528618749,10.726274665653404,17.21168054391321,14.339285714285714,1.9842725776308212,803,14.321428571428571,0.028115611082707596,0.40265571586306237,Forecast Increase,Normal
P01348,3.433333333333333,103.0,3.0,4.0,3.142857142857143,0.519740194837642,176,3.142857142857143,0.09242424242424238,0.29047619047619033,Forecast Increase,Normal
P01349,58.104549364981686,1743.1364809494505,50.62800798143667,63.1391924295564,58.535714285714285,6.50584153096077,3278,57.857142857142854,0.004276161863881049,0.2474065078388321,Forecast Increase,Normal
P01350,22.37265422472188,671.1796267416564,22.37265422472188,22.37265422472188,24.892857142857142,5.84241099493747,1394,22.535714285714285,-0.007235628696968789,-0.16306006099240378,Forecast Decrease,Normal
P01351,119.90084361681417,3597.025308504425,104.13499158120013,130.1624355121464,122.85714285714286,17.074626120148487,6880,117.64285714285714,0.019193570513295965,2.2579864739570326,Forecast Increase,Normal
P01352,150.15661851460246,4504.6985554380735,128.4589610181523,161.74361767129452,142.625,17.939861659545663,7987,146.78571428571428,0.02296479766639149,3.370904228888179,Forecast Increase,Normal
P01353,13.113372926970523,393.4011878091157,9.713260909158894,15.268459200476237,12.446428571428571,1.9251412496668472,697,12.714285714285714,0.031388881896558085,0.39908721268480996,Forecast Increase,Normal
P01354,424.3073781726172,12729.221345178516,372.7637992951291,455.8574940081656,417.64285714285717,30.395232025272154,23388,424.07142857142856,0.0005563911767964815,0.23594960118862218,Forecast Increase,Normal
P01355,228.73436604945678,6862.030981483704,198.9932504895144,246.23402524141176,219.42857142857142,18.831170622480887,12288,224.14285714285714,0.02048474336915073,4.591508906599643,Forecast Increase,Normal
P01356,118.02332394120134,3540.69971823604,100.924637146187,129.04953444959145,120.10714285714286,19.081336499244557,6726,117.07142857142857,0.008130893945588039,0.951895369772771,Forecast Increase,Normal
P01357,48.10714285714285,1443.2142857142853,48.10714285714285,48.10714285714285,47.94642857142857,10.62829780753787,2685,48.107142857142854,-1.4770004900729626e-16,-7.105427357601002e-15,Forecast Decrease,Normal
P01358,9.118337350223682,273.55012050671047,7.965028808636241,9.898317637051996,8.875,0.9157709122025899,497,8.678571428571429,0.05067261648667932,0.4397659216522527,Forecast Increase,Normal
P01359,27.28367117423069,818.5101352269207,20.156968646234034,31.563713951066568,25.214285714285715,3.591476200492119,1412,25.857142857142858,0.05516960342328635,1.4265283170878327,Forecast Increase,Normal
P01360,260.23934091921154,7807.180227576346,219.4227439706586,285.0161851863539,250.69642857142858,34.02294393913781,14039,257.92857142857144,0.008958951223750034,2.310769490640098,Forecast Increase,Normal
P01361,175.26925740418994,5258.0777221256985,175.26925740418994,175.26925740418994,179.03571428571428,46.69006679864934,10026,170.75,0.02646710046377712,4.519257404189943,Forecast Increase,Normal
P01362,24.618685705631712,738.5605711689514,20.73424550182672,26.73719604069406,25.517857142857142,5.984802180762294,1429,23.857142857142858,0.031920957721089716,0.7615428484888547,Forecast Increase,Normal
P01363,181.6374302291688,5449.1229068750645,155.51829250918416,196.43996147356867,169.51785714285714,19.210783970968503,9493,175.57142857142858,0.0345500501254529,6.06600165774023,Forecast Increase,Normal
P01364,251.1970728041928,7535.912184125784,218.108038724202,270.29876387563166,236.78571428571428,20.05783844577683,13260,242.46428571428572,0.03601679754270116,8.732787089907077,Forecast Increase,Normal
P01365,275.74504337648455,8272.351301294537,241.07716661619904,297.80767813430435,268.7857142857143,19.87571774412576,15052,274.82142857142856,0.003360781616837912,0.9236148050559905,Forecast Increase,Normal
P01366,4.793665527310676,143.80996581932027,3.431089130066568,5.574008857003174,5.053571428571429,1.2709286920436333,283,4.678571428571429,0.024600265379381044,0.11509409873924703,Forecast Increase,Normal
P01367,0.0,0.0,0.0,0.0,31.875,45.10797651695923,1785,34.75,-1.0,-34.75,Forecast Decrease,Critical
P01368,244.0,7320.0,244.0,244.0,222.67857142857142,31.659614161122832,12470,217.46428571428572,0.12202332074232218,26.535714285714278,Forecast Increase,Normal
P01369,27.010372350428238,810.3111705128472,23.91425582006185,29.11160335143981,29.964285714285715,7.783348860260565,1678,26.892857142857142,0.004369755394409924,0.11751520757109546,Forecast Increase,Normal
P01370,11.228476478423564,336.8542943527069,8.522686886809481,12.93819218618557,10.75,2.7186226459200062,602,10.0,0.12284764784235644,1.2284764784235644,Forecast Increase,Normal
P01371,300.78539044375924,9023.561713312778,300.7853904437593,300.7853904437593,303.5357142857143,66.44668793598623,16998,295.4642857142857,0.01800929921736474,5.321104729473518,Forecast Increase,Normal
P01372,22.036604695558854,661.0981408667656,22.036604695558854,22.036604695558854,23.821428571428573,10.031055673361495,1334,20.5,0.07495632661262701,1.5366046955588537,Forecast Increase,Normal
P01373,97.0,2910.0,97.0,97.0,91.48214285714286,21.068711028811997,5123,89.32142857142857,0.08596561375449822,7.678571428571431,Forecast Increase,Normal
P01374,44.13437758419902,1324.0313275259707,37.65976500626107,48.1644399440986,40.714285714285715,4.551580287865204,2280,42.32142857142857,0.0428376138038588,1.8129490127704528,Forecast Increase,Normal
P01375,4.935056011482801,148.05168034448403,4.336883002292471,5.308252134808989,5.232142857142857,1.3616977561929007,293,4.714285714285714,0.04683006304180621,0.2207702971970864,Forecast Increase,Normal
P01376,244.1832506500625,7325.497519501875,244.1832506500625,244.1832506500625,239.10714285714286,54.64685920324444,13390,243.32142857142858,0.00354190785289144,0.8618220786339066,Forecast Increase,Normal
P01377,7.0,210.0,7.0,7.0,7.446428571428571,0.6854233690247181,417,7.464285714285714,-0.06220095693779906,-0.4642857142857144,Forecast Decrease,Normal
P01378,127.86033537245478,3835.8100611736436,93.77306473225346,148.24262687976358,119.10714285714286,18.37456599010369,6670,124.60714285714286,0.026107592556243578,3.253192515311923,Forecast Increase,Normal
P01379,16.107142857142858,483.2142857142857,16.107142857142858,16.107142857142858,15.696428571428571,3.3189244854711206,879,16.107142857142858,0.0,0.0,Stable,Normal
P01380,220.15693217983153,6604.707965394946,189.41219316826408,235.92529120022297,215.05357142857142,16.913060733546228,12043,216.75,0.015718256885035888,3.4069321798315286,Forecast Increase,Normal
P01381,5.0,150.0,5.0,5.0,5.464285714285714,1.3343610757660311,306,4.964285714285714,0.007194244604316521,0.03571428571428559,Forecast Increase,Normal
P01382,13.063992850831106,391.91978552493316,11.376488349893869,14.204781652793724,13.196428571428571,1.2419873057050417,739,13.071428571428571,-0.0005688529418825938,-0.007435720597465334,Forecast Decrease,Normal
P01383,214.4789161284342,6434.367483853026,185.1084289000952,231.2770539555537,206.89285714285714,35.39577713458258,11586,203.32142857142858,0.054876102511181704,11.157487557005624,Forecast Increase,Normal
P01384,15.691820197732836,470.7546059319851,15.691820197732836,15.691820197732836,15.803571428571429,3.689886141910037,885,15.642857142857142,0.003130058302555772,0.04896305487569386,Forecast Increase,Normal
P01385,641.1663069464244,19234.98920839273,537.24935879496,702.0231721355705,578.875,70.21475175229467,32417,609.5357142857143,0.05189292755023616,31.630592660710022,Forecast Increase,Normal
P01386,6.666666666666667,200.0,6.0,8.0,6.696428571428571,0.6854233690247182,375,6.678571428571429,-0.0017825311942958938,-0.011904761904761862,Forecast Decrease,Normal
P01387,0.0,0.0,0.0,0.0,140.5,207.7308573392723,7868,162.75,-1.0,-162.75,Forecast Decrease,Critical
P01388,28.623254190121038,858.6976257036312,24.155402102944347,31.373795334708884,28.839285714285715,7.3578079386688,1615,25.821428571428573,0.10850776946526836,2.8018256186924653,Forecast Increase,Normal
P01389,194.93774043474676,5848.132213042402,194.93774043474676,194.93774043474676,201.75,44.125956080293605,11298,199.32142857142858,-0.02199305999410341,-4.383688136681826,Forecast Decrease,Normal
P01390,297.4343107532938,8923.029322598813,253.71222623790948,323.11148822165626,282.7857142857143,29.757024708134377,15836,290.75,0.0229898908109847,6.684310753293801,Forecast Increase,Normal
P01391,13.584468120863882,407.53404362591647,11.901088181637776,14.649038224570289,14.482142857142858,3.618091266895351,811,13.035714285714286,0.04209618461421553,0.5487538351495953,Forecast Increase,Normal
P01392,6.7261003828821675,201.78301148646503,5.45152967066479,7.510842326293078,7.553571428571429,1.8773253978334845,423,6.928571428571429,-0.029222625151027408,-0.20247104568926133,Forecast Decrease,Normal
P01393,20.386574698556597,611.5972409566979,15.223795154867467,23.697082542906887,20.482142857142858,5.366532896076882,1147,18.928571428571427,0.07702658784827314,1.45800326998517,Forecast Increase,Normal
P01394,175.19254997202282,5255.776499160685,135.2129492810617,196.98437484683467,162.14285714285714,24.17468892076142,9080,169.5,0.03358436561665379,5.692549972022817,Forecast Increase,Normal
P01395,21.0,630.0,21.0,21.0,19.482142857142858,4.732829526263894,1091,19.535714285714285,0.07495429616087756,1.4642857142857153,Forecast Increase,Normal
P01396,112.50344223211583,3375.103266963475,112.50344223211584,112.50344223211584,116.26785714285714,25.695058648717634,6511,112.64285714285714,-0.0012376720040445906,-0.13941491074130852,Forecast Decrease,Normal
P01397,27.633333333333333,829.0,24.0,30.0,26.964285714285715,2.6282679102009765,1510,26.892857142857142,0.02753430721558212,0.7404761904761905,Forecast Increase,Normal
P01398,23.676939124312877,710.3081737293863,20.021554465459985,25.827516571317,26.375,7.128846649034788,1477,23.821428571428573,-0.0060655240168507926,-0.14448944711569567,Forecast Decrease,Normal
P01399,44.14185156971238,1324.2555470913715,38.1015547717386,47.96616151912397,42.625,3.5652999363817406,2387,43.607142857142854,0.012261952458596815,0.5347087125695253,Forecast Increase,Normal
P01400,250.18249591801458,7505.474877540438,218.85226160002136,269.86863118778336,235.51785714285714,20.274472145513936,13189,241.0,0.03810164281333851,9.182495918014581,Forecast Increase,Normal
P01401,22.396792233311693,671.9037669993508,19.41380069856254,24.25984162104078,24.625,6.320421447397894,1379,22.178571428571427,0.009839263337725362,0.21822080474026606,Forecast Increase,Normal
P01402,21.99970210738901,659.9910632216703,15.857841276433732,25.86372392842589,23.75,6.2296942869687335,1330,22.0,-1.3540573226868766e-05,-0.00029789261099111286,Forecast Decrease,Normal
P01403,14.824313755623068,444.729412668692,11.2424375717234,17.214436931168226,15.321428571428571,4.14337211309007,858,14.285714285714286,0.037701962893614716,0.5385994699087817,Forecast Increase,Normal
P01404,581.0,17430.0,581.0,581.0,140.92857142857142,226.6514229659005,7892,198.35714285714286,1.9290601368383145,382.6428571428571,Forecast Increase,Critical
P01405,236.88380908902204,7106.514272670661,200.6088596271311,258.54955230854847,216.41071428571428,25.735562085257737,12119,226.89285714285714,0.044033787894320345,9.990951946164898,Forecast Increase,Normal
P01406,140.51457774060998,4215.437332218299,113.38501313749296,159.5092782908446,128.39285714285714,17.602353738715088,7190,134.35714285714286,0.045828861439946654,6.157434883467118,Forecast Increase,Normal
P01407,341.2551224366274,10237.653673098823,288.68881030056235,372.5706959580368,351.89285714285717,54.530284687061254,19706,345.07142857142856,-0.01105946716771189,-3.8163061348011524,Forecast Decrease,Normal
P01408,293.0,8790.0,293.0,293.0,279.375,69.12796105773698,15645,289.42857142857144,0.012339585389930841,3.571428571428555,Forecast Increase,Normal
P01409,231.50913954526135,6945.27418635784,179.2741129763175,260.5457200900498,210.71428571428572,29.381326342803828,11800,220.64285714285714,0.04924828541070215,10.86628240240421,Forecast Increase,Normal
P01410,221.18832249735777,6635.649674920734,193.30359525380936,238.38980496007127,224.41071428571428,28.74133974590622,12567,216.53571428571428,0.02148656274550848,4.652608211643496,Forecast Increase,Normal
P01411,4.519512175161113,135.5853652548334,4.519512175161113,4.519512175161113,4.767857142857143,1.264782718365224,267,4.357142857142857,0.037265089381239125,0.16236931801825616,Forecast Increase,Normal
P01412,25.411657488252438,762.3497246475731,22.095871695023867,27.7000903739977,27.910714285714285,7.376317843956084,1563,24.964285714285715,0.0179204716324295,0.44737177396672223,Forecast Increase,Normal
P01413,10.491160680067363,314.7348204020209,7.645051612736776,12.288949170690609,9.982142857142858,1.5549460257054397,559,10.071428571428571,0.041675528517326865,0.41973210863879196,Forecast Increase,Normal
P01414,5.308080257909612,159.24240773728837,5.308080257909612,5.308080257909612,6.571428571428571,2.3265826899096056,368,5.857142857142857,-0.09374239499104176,-0.5490625992332445,Forecast Decrease,Normal
P01415,125.62611534668551,3768.783460400565,106.7934382964432,137.16117421740628,116.57142857142857,15.18474969752954,6528,121.92857142857143,0.030325492005622203,3.6975439181140786,Forecast Increase,Normal
P01416,140.67857142857142,4220.357142857142,140.67857142857142,140.67857142857142,139.625,29.413393671467546,7819,140.67857142857142,0.0,0.0,Stable,Normal
P01417,10.525031740904204,315.7509522271261,8.614148712736599,11.772166570101286,11.589285714285714,2.915642986713913,649,10.642857142857142,-0.011070843136517697,-0.11782540195293834,Forecast Decrease,Normal
P01418,10.710530268024407,321.3159080407322,7.948605656553133,12.369727428851514,10.625,2.7867380736102723,595,9.821428571428571,0.0905267181988487,0.8891016965958354,Forecast Increase,Normal
P01419,79.992587537915,2399.77762613745,67.32578399084328,87.11621363872065,76.82142857142857,9.133568739659102,4302,78.78571428571429,0.015318427498467737,1.2068732522007082,Forecast Increase,Normal
P01420,135.2543397658276,4057.630192974828,115.88051281399323,146.6316684201734,131.51785714285714,21.18832532009386,7365,129.10714285714286,0.047613143414432346,6.147196908684748,Forecast Increase,Normal
P01421,17.91570336835878,537.4711010507634,13.3603637236926,20.734108785602928,16.678571428571427,2.382566552401711,934,16.892857142857142,0.06054903660474814,1.0228462255016382,Forecast Increase,Normal
P01422,146.8615921167693,4405.847763503079,128.19726579754328,157.35078683335533,137.94642857142858,11.545041663544874,7725,142.0,0.034236564202600614,4.8615921167692875,Forecast Increase,Normal
P01423,15.081861524961875,452.45584574885623,12.6751223768775,16.44811071598624,15.285714285714286,4.030403930644649,856,13.678571428571429,0.10259039869172973,1.403290096390446,Forecast Increase,Normal
P01424,38.0,1140.0,38.0,38.0,22.625,7.67892629805164,1267,20.107142857142858,0.8898756660746003,17.892857142857142,Forecast Increase,Critical
P01425,237.90869919660767,7137.26097589823,209.53962052549792,256.04216195245994,239.25,30.468016016800338,13398,234.75,0.013455587631981559,3.158699196607671,Forecast Increase,Normal
P01426,195.68980044151303,5870.694013245391,169.6825878287977,211.80147511620015,200.21428571428572,26.775643128318418,11212,192.03571428571428,0.019028159263969693,3.654086155798751,Forecast Increase,Normal
P01427,14.628470556482036,438.8541166944611,12.31992688150937,16.134807027773885,14.125,3.485358987640624,791,12.964285714285714,0.12836687488015708,1.6641848421963221,Forecast Increase,Normal
P01428,238.2177125229503,7146.531375688509,238.2177125229503,238.2177125229503,246.23214285714286,60.80579848887875,13789,240.32142857142858,-0.008753759749946757,-2.103716048478276,Forecast Decrease,Normal
P01429,68.51096645157904,2055.3289935473713,50.87814773614794,79.08666685087061,62.44642857142857,9.334042567363332,3497,64.92857142857143,0.055174400794396575,3.5823950230076065,Forecast Increase,Normal
P01430,51.96275271821164,1558.8825815463492,51.96275271821164,51.96275271821164,54.642857142857146,14.317730357755817,3060,53.535714285714285,-0.029381536951350276,-1.5729615675026452,Forecast Decrease,Normal
P01431,160.16994957200112,4805.098487160033,135.59973938733194,176.42817643746665,155.76785714285714,17.660424242231105,8723,159.14285714285714,0.006453902157996265,1.027092429143977,Forecast Increase,Normal
P01432,248.18531692563846,7445.559507769154,183.5260344389834,288.19757837131,237.96428571428572,34.691347774187314,13326,248.5,-0.001266330279120884,-0.31468307436153964,Forecast Decrease,Normal
P01433,87.65430085323754,2629.629025597126,75.81396776257863,95.2429328047306,85.46428571428571,7.629998893635773,4786,87.32142857142857,0.0038120343111048196,0.33287228180897444,Forecast Increase,Normal
P01434,27.821428571428573,834.6428571428572,27.821428571428573,27.821428571428573,26.678571428571427,30.09566996511875,1494,27.821428571428573,0.0,0.0,Stable,Normal
P01435,7.1763813154961955,215.29143946488585,6.057223115285339,7.830085436838559,7.767857142857143,1.9724564419992678,435,7.071428571428571,0.01484180219138122,0.10495274406762434,Forecast Increase,Normal
P01436,22.563850116314516,676.9155034894354,16.31108937299275,26.33523643878412,24.517857142857142,6.407356770090206,1373,22.25,0.014105623205146776,0.31385011631451576,Forecast Increase,Normal
P01437,20.033333333333335,601.0,16.0,22.0,19.25,1.9188064472004933,1078,19.142857142857142,0.0465174129353235,0.8904761904761926,Forecast Increase,Normal
P01438,227.88089739022993,6836.426921706898,190.98554117867675,250.5131048824032,211.83928571428572,27.872943404419516,11863,219.03571428571428,0.04038237843248628,8.845183104515655,Forecast Increase,Normal
P01439,15.765893059122122,472.97679177366365,11.144189492615723,18.477752800981683,17.375,4.610511704986574,973,16.0,-0.014631683804867346,-0.23410694087787753,Forecast Decrease,Normal
P01440,435.5625720989612,13066.877162968836,364.0661225818192,483.6938183998437,394.5,52.15292199606147,22092,409.17857142857144,0.06448040663096037,26.384000670389753,Forecast Increase,Normal
P01441,289.6766328774,8690.298986322,251.92540066780964,313.1357077845677,270.94642857142856,39.158150036559626,15173,265.67857142857144,0.09032742580551135,23.998061448828537,Forecast Increase,Normal
P01442,10.949843906054815,328.49531718164445,9.1456553525879,11.95860757245459,11.375,2.7539228219198364,637,10.535714285714286,0.03930721820181285,0.41412962034052825,Forecast Increase,Normal
P01443,0.0,0.0,0.0,0.0,121.35714285714286,194.77067434399765,6796,170.39285714285714,-1.0,-170.39285714285714,Forecast Decrease,Critical
P01444,11.49504952350905,344.8514857052715,8.572572430853395,13.286495991419503,10.410714285714286,1.6042759421936423,583,10.607142857142858,0.08370837258671167,0.8879066663661916,Forecast Increase,Normal
P01445,223.8818384538744,6716.455153616232,223.8818384538744,223.8818384538744,225.60714285714286,49.62758711238541,12634,227.92857142857142,-0.017754390988955912,-4.046732974697022,Forecast Decrease,Normal
P01446,2.566666666666667,77.0,2.0,3.0,2.4464285714285716,0.8072319224506525,137,2.1785714285714284,0.17814207650273245,0.3880952380952385,Forecast Increase,Normal
P01447,119.53333333333333,3586.0,0.0,233.0,68.83928571428571,102.45065806358853,3855,80.35714285714286,0.4875259259259258,39.17619047619047,Forecast Increase,High
P01448,100.97956874972735,3029.3870624918204,88.61155977691332,108.56935732918026,98.64285714285714,12.219847598258971,5524,95.60714285714286,0.056192725062519856,5.372425892584488,Forecast Increase,Normal
P01449,177.338902740084,5320.16708220252,177.338902740084,177.338902740084,177.58928571428572,41.66261755217382,9945,179.85714285714286,-0.014001335043218478,-2.518240117058866,Forecast Decrease,Normal
P01450,102.60979084403668,3078.2937253211003,85.76619031357804,114.43993660593802,90.51785714285714,12.060440322775145,5069,94.67857142857143,0.08376995233233761,7.93121941546525,Forecast Increase,Normal
P01451,245.14650953536167,7354.395286060851,183.64205861227532,281.1491051285124,231.78571428571428,31.416101422223417,12980,240.28571428571428,0.02022923112219487,4.860795249647396,Forecast Increase,Normal
P01452,116.4876072020379,3494.628216061137,98.78491906778731,126.72166002462929,111.42857142857143,15.616840726783199,6240,115.67857142857143,0.006993825766304828,0.8090357734664764,Forecast Increase,Normal
P01453,177.22347011716258,5316.704103514878,154.65681829250016,190.2813348875141,180.78571428571428,21.703551687319646,10124,172.85714285714286,0.0252597444794529,4.366327260019716,Forecast Increase,Normal
P01454,268.0751083111412,8042.253249334237,202.54747134276815,307.1622510720189,239.53571428571428,37.93964790449277,13414,253.46428571428572,0.057644502284338955,14.610822596855485,Forecast Increase,Normal
P01455,20.78082684683953,623.4248054051859,17.359947504066618,22.882989295585773,23.053571428571427,6.127196134247089,1291,20.892857142857142,-0.005362133826483953,-0.11203029601761116,Forecast Decrease,Normal
P01456,195.4746108016137,5864.2383240484105,171.39120273888105,210.7875128990309,197.10714285714286,25.57674979097481,11038,191.75,0.01942430665769853,3.724610801613693,Forecast Increase,Normal
P01457,346.9925262798805,10409.775788396415,304.88786022817294,374.79724451790526,333.375,27.378533395875856,18669,341.75,0.015340237834324822,5.242526279880508,Forecast Increase,Normal
P01458,112.23333333333333,3367.0,0.0,232.0,73.19642857142857,96.05479868621532,4099,76.28571428571429,0.4712234706616728,35.94761904761904,Forecast Increase,High
P01459,25.216805741961544,756.5041722588463,22.029339669839388,27.265211947287263,26.089285714285715,6.391121073131738,1461,23.642857142857142,0.06657184407088103,1.5739485991044013,Forecast Increase,Normal
P01460,247.57768115172118,7427.330434551635,210.3218448560993,269.82481653642765,234.35714285714286,30.977662668697022,13124,244.71428571428572,0.011700973766519674,2.8633954374354573,Forecast Increase,Normal
P01461,18.55226336575779,556.5679009727337,16.18680389120165,20.00514646197145,17.821428571428573,1.7067474953803268,998,17.678571428571427,0.049420958063066914,0.8736919371863614,Forecast Increase,Normal
P01462,384.08738188742007,11522.621456622603,335.45205187458146,411.38420615294064,368.42857142857144,29.377701588949247,20632,371.7857142857143,0.033088058871062635,12.301667601705788,Forecast Increase,Normal
P01463,8.0,240.0,8.0,8.0,12.357142857142858,4.157921558701134,692,10.821428571428571,-0.2607260726072607,-2.821428571428571,Forecast Decrease,Moderate
P01464,271.34245437959976,8140.273631387992,227.3803751884414,301.67172611334,243.625,28.702589366878303,13643,252.78571428571428,0.07340897465792505,18.55674009388548,Forecast Increase,Normal
P01465,127.93960288641736,3838.188086592521,112.42912004449124,138.15540693547808,125.33928571428571,16.223750026891594,7019,122.67857142857143,0.042884681461335096,5.261031457845931,Forecast Increase,Normal
P01466,23.585650359381283,707.5695107814385,20.311306200220848,25.652323398465,26.214285714285715,6.599488370566823,1468,23.571428571428573,0.0006033485798119491,0.01422178795271023,Forecast Increase,Normal
P01467,241.89285714285717,7256.785714285715,241.89285714285717,241.89285714285717,246.44642857142858,33.41361706243135,13801,241.89285714285714,1.1749710084915284e-16,2.842170943040401e-14,Forecast Increase,Normal
P01468,17.954868957541304,538.6460687262392,15.678167007589948,19.322672740764855,16.821428571428573,1.4536117132807562,942,16.392857142857142,0.09528612377158287,1.562011814684162,Forecast Increase,Normal
P01469,276.1326160087707,8283.97848026312,237.81169033696412,298.565876499544,268.75,38.84339185639034,15050,264.9642857142857,0.042150323257255595,11.168330294484974,Forecast Increase,Normal
P01470,460.6044471688308,13818.133415064924,401.3735036566724,496.2368317458263,442.7142857142857,38.76583044885806,24792,451.5,0.020164888524542197,9.104447168830802,Forecast Increase,Normal
P01471,71.8219240721498,2154.657722164494,62.14949084511209,78.2239173703467,65.0,8.272627372024177,3640,67.96428571428571,0.05675978666326565,3.85763835786409,Forecast Increase,Normal
P01472,141.55916125160437,4246.774837548131,123.15492724131364,152.74582828193823,136.16071428571428,13.918956055047294,7625,139.92857142857142,0.011653015580633634,1.630589823032949,Forecast Increase,Normal
P01473,181.22505724183443,5436.751717255033,158.56024533110127,196.75673974400385,188.89285714285714,22.53617582419922,10578,183.5,-0.012397508218885914,-2.2749427581655652,Forecast Decrease,Normal
P01474,24.850164086696953,745.5049226009086,21.54532644332977,27.044827430696834,24.839285714285715,2.440393304473582,1391,24.428571428571427,0.017258178987594634,0.42159265812552604,Forecast Increase,Normal
P01475,26.76570798483157,802.9712395449471,23.409907901080796,28.841558227926257,25.75,2.26635470223962,1442,25.392857142857142,0.054064449472973314,1.3728508419744294,Forecast Increase,Normal
P01476,345.0053062840483,10350.15918852145,288.9146462951036,380.6290374413328,317.42857142857144,42.925244593090234,17776,330.92857142857144,0.042537079209297605,14.076734855476843,Forecast Increase,Normal
P01477,51.472718377342744,1544.1815513202823,44.44426171849823,55.69658570843509,48.660714285714285,6.905272783010983,2725,48.357142857142854,0.0644284450262902,3.11557552019989,Forecast Increase,Normal
P01478,364.3513177434772,10930.539532304316,307.7365100547347,397.8253963434907,340.85714285714283,40.9191791312976,19088,357.17857142857144,0.020081681513584703,7.172746314905737,Forecast Increase,Normal
P01479,0.0,0.0,0.0,0.0,45.464285714285715,67.01369311517658,2546,50.464285714285715,-1.0,-50.464285714285715,Forecast Decrease,Critical
P01480,9.804989619717459,294.1496885915238,8.481953763681243,10.691365590528813,9.910714285714286,1.0492730940865804,555,9.75,0.005639960996662425,0.05498961971745864,Forecast Increase,Normal
P01481,192.31829540400182,5769.548862120055,168.44828252366358,204.9774498261904,202.89285714285714,25.226738031071545,11362,195.64285714285714,-0.016993013634163754,-3.324561738855323,Forecast Decrease,Normal
P01482,5.266876270672891,158.00628812018672,4.439837841793882,5.799390003216039,5.535714285714286,1.4766582138462114,310,5.071428571428571,0.038538982949584216,0.19544769924431993,Forecast Increase,Normal
P01483,263.11847423550205,7893.554227065062,195.33998167544684,303.91820860182145,247.03571428571428,38.26366151073095,13834,255.85714285714286,0.02838041298074501,7.261331378359188,Forecast Increase,Normal
P01484,12.42181326603669,372.6543979811007,10.618222348780474,13.439387673688184,14.821428571428571,3.9731239957638245,830,13.142857142857142,-0.054862034105904005,-0.7210438768204526,Forecast Decrease,Normal
P01485,19.4071741784267,582.215225352801,14.670459968218722,22.27036332217667,17.517857142857142,2.710190006278134,981,17.75,0.09336192554516622,1.6571741784267005,Forecast Increase,Normal
P01486,4.566666666666666,137.0,4.0,5.0,4.410714285714286,0.5649387968230224,247,4.357142857142857,0.04808743169398911,0.20952380952380967,Forecast Increase,Normal
P01487,11.283402082615273,338.5020624784582,9.836610110689204,12.223010375890576,11.178571428571429,0.9928314487939456,626,11.107142857142858,0.01586899779172875,0.1762592254724158,Forecast Increase,Normal
P01488,116.94830982207048,3508.4492946621144,98.39880644626648,129.33670705043914,103.57142857142857,13.828635826832993,5800,108.10714285714286,0.0817815246177646,8.841166964927623,Forecast Increase,Normal
P01489,30.786541263430095,923.5962379029029,23.51344605277214,35.44380187964782,27.839285714285715,4.017130525927389,1559,28.178571428571427,0.09255152772628988,2.607969834858668,Forecast Increase,Normal
P01490,24.672984386368324,740.1895315910497,21.467888005547717,26.52550628493513,24.107142857142858,2.204776397061381,1350,24.0,0.02804101609868015,0.6729843863683236,Forecast Increase,Normal
P01491,13.998837119871762,419.9651135961529,13.998837119871762,13.998837119871762,15.857142857142858,3.910027070022878,888,14.25,-0.017625465272157033,-0.25116288012823773,Forecast Decrease,Normal
P01492,7.966666666666667,239.0,7.0,9.0,7.696428571428571,1.060354020764126,431,7.892857142857143,0.009351432880844612,0.07380952380952355,Forecast Increase,Normal
P01493,27.26030585802673,817.8091757408018,23.781671125944676,29.609906591701325,30.160714285714285,7.646215429191778,1689,27.107142857142858,0.005650281982540725,0.1531630008838718,Forecast Increase,Normal
P01494,11.077739363726153,332.3321809117846,9.594451224407855,12.11031373404566,12.25,3.2150215607929633,686,10.964285714285714,0.010347564118346229,0.11345364944043901,Forecast Increase,Normal
P01495,98.28228321934161,2948.468496580248,82.93216757014521,107.74250120202151,90.42857142857143,11.773401675513622,5064,95.64285714285714,0.027596687879598628,2.639426076484469,Forecast Increase,Normal
P01496,291.98527876386476,8759.558362915943,254.27474432812195,315.136932782608,288.125,23.604362077609906,16135,290.0,0.00684578884091295,1.9852787638647555,Forecast Increase,Normal
P01497,278.10037945873523,8343.011383762057,240.68538953628027,299.06943762519256,275.07142857142856,24.300285926381548,15404,281.39285714285717,-0.011700644136998877,-3.292477684121934,Forecast Decrease,Normal
P01498,21.881235118793537,656.4370535638061,16.693484735276577,24.848609803296178,19.803571428571427,3.1300284219281327,1109,20.678571428571427,0.058159902117822244,1.20266369022211,Forecast Increase,Normal
P01499,8.22963193339486,246.88895800184577,5.903194095447068,9.566473323751122,8.160714285714286,1.187461550983835,457,8.357142857142858,-0.015257717371555329,-0.1275109237479981,Forecast Decrease,Normal
P01500,304.89303074178366,9146.790922253509,304.8930307417836,304.8930307417836,306.51785714285717,77.44135401507589,17165,304.75,0.00046933795499150646,0.1430307417836616,Forecast Increase,Normal
P01501,74.28674314594225,2228.6022943782677,55.59213046648602,85.08939390901023,65.46428571428571,10.205104401433426,3666,69.78571428571429,0.06449785470132186,4.501028860227962,Forecast Increase,Normal
P01502,54.07142715079794,1622.1428145239381,40.54731369649066,61.96674451570133,49.375,8.300191673580903,2765,52.357142857142854,0.03274212839177513,1.7142842936550835,Forecast Increase,Normal
P01503,15.71191058108121,471.3573174324363,15.71191058108121,15.71191058108121,16.607142857142858,6.245517873362745,930,14.642857142857142,0.07300852748847288,1.069053438224067,Forecast Increase,Normal
P01504,25.120999966566718,753.6299989970015,21.674768833489654,27.16858822171308,25.482142857142858,2.8283697291329024,1427,25.178571428571427,-0.002286526150541651,-0.05757146200470942,Forecast Decrease,Normal
P01505,14.788604086673585,443.65812260020755,12.79746549778943,16.160270174386753,14.928571428571429,1.3863902488397426,836,14.892857142857142,-0.0070002052113659575,-0.10425305618355729,Forecast Decrease,Normal
P01506,30.035714285714285,901.0714285714286,30.035714285714285,30.035714285714285,30.428571428571427,6.597126489774008,1704,30.035714285714285,0.0,0.0,Stable,Normal
P01507,228.13333333333333,6844.0,181.0,257.0,203.53571428571428,32.07885981067978,11398,212.71428571428572,0.07248712782628154,15.419047619047603,Forecast Increase,Normal
P01508,41.80554225694397,1254.166267708319,30.976570903359843,48.45863038099414,39.767857142857146,5.846494120966298,2227,41.07142857142857,0.017874072342983733,0.7341136855154033,Forecast Increase,Normal
P01509,292.39747216647714,8771.924164994314,254.367014388032,317.2107836139256,285.85714285714283,24.10237903868983,16008,290.17857142857144,0.007646673312167331,2.218900737905699,Forecast Increase,Normal
P01510,0.0,0.0,0.0,0.0,96.17857142857143,113.13051306792958,5386,122.32142857142857,-1.0,-122.32142857142857,Forecast Decrease,Critical
P01511,101.36637667648596,3040.9913002945787,101.36637667648596,101.36637667648596,102.5,24.2749403145039,5740,98.57142857142857,0.028354545993335808,2.7949481050573866,Forecast Increase,Normal
P01512,442.39295206988476,13271.788562096543,373.1023177909412,483.9032473192444,412.5357142857143,53.5927282332269,23102,429.67857142857144,0.029590446177106867,12.714380641313312,Forecast Increase,Normal
P01513,134.91544775430015,4047.4634326290043,115.44089622009112,145.8014078296449,134.08928571428572,21.430035664259364,7509,130.85714285714286,0.03101324703067794,4.058304897157285,Forecast Increase,Normal
P01514,5.0,150.0,5.0,5.0,4.660714285714286,1.2251424512986338,261,4.178571428571429,0.19658119658119652,0.8214285714285712,Forecast Increase,Normal
P01515,3.0,90.0,3.0,3.0,2.8392857142857144,0.848030567937173,159,2.642857142857143,0.13513513513513517,0.3571428571428572,Forecast Increase,Normal
P01516,18.42766716776335,552.8300150329005,15.401524377161376,20.15266073731251,18.785714285714285,4.689308092843805,1052,17.214285714285715,0.0704868894136385,1.2133814534776342,Forecast Increase,Normal
P01517,378.28380237286336,11348.5140711859,321.8575046514508,409.9232755319176,349.8392857142857,45.78279819309442,19591,367.9642857142857,0.02804488658062447,10.31951665857764,Forecast Increase,Normal
P01518,152.5051000172137,4575.15300051641,132.8619814414886,163.87638829848316,155.5,21.61985619328173,8708,150.0,0.016700666781424615,2.5051000172136924,Forecast Increase,Normal
P01519,39.48139365612185,1184.4418096836555,39.48139365612185,39.48139365612185,42.32142857142857,11.498785932526879,2370,38.75,0.01887467499669297,0.7313936561218526,Forecast Increase,Normal
P01520,81.53604928080925,2446.0814784242775,81.53604928080925,81.53604928080925,81.41071428571429,9.492153287108994,4559,78.64285714285714,0.03678900084589426,2.893192137952113,Forecast Increase,Normal
P01521,8.86108598680817,265.8325796042451,6.444567190505575,10.450353039876273,9.535714285714286,2.5439002675868756,534,8.892857142857142,-0.0035726601179566866,-0.03177115604897196,Forecast Decrease,Normal
P01522,78.28288226914454,2348.4864680743362,67.89090112188873,84.94409429480133,77.96428571428571,11.455787399173614,4366,76.96428571428571,0.01713257704688965,1.3185965548588285,Forecast Increase,Normal
P01523,6.3,189.0,5.0,7.0,6.375,0.7276987388648234,357,6.214285714285714,0.013793103448275813,0.08571428571428541,Forecast Increase,Normal
P01524,12.118263993679022,363.5479198103707,10.185665904429516,13.43098244113701,13.410714285714286,3.7014826794102427,751,12.035714285714286,0.006858729445141264,0.08254970796473593,Forecast Increase,Normal
P01525,255.67806462818322,7670.341938845497,192.8247532669907,294.1518473128708,228.16071428571428,35.376302692731926,12777,240.5,0.06311045583444166,15.178064628183222,Forecast Increase,Normal
P01526,25.834317584946543,775.0295275483963,22.251738351607976,27.913754689752828,26.517857142857142,2.586616402867733,1485,26.214285714285715,-0.014494697032012015,-0.3799681293391721,Forecast Decrease,Normal
P01527,31.0,930.0,31.0,31.0,28.535714285714285,2.6762544091206397,1598,28.071428571428573,0.10432569974554701,2.928571428571427,Forecast Increase,Normal
P01528,8.0,240.0,8.0,8.0,8.285714285714286,0.9088311317148116,464,8.25,-0.030303030303030304,-0.25,Forecast Decrease,Normal
P01529,270.3843521111556,8111.530563334667,270.3843521111556,270.3843521111556,279.80357142857144,62.867658875351275,15669,269.32142857142856,0.003946672737350041,1.0629235397270236,Forecast Increase,Normal
P01530,118.1581728605905,3544.745185817715,88.87190970218887,135.16882368053066,106.55357142857143,15.103184062679269,5967,111.14285714285714,0.06311980722896338,7.015315717733358,Forecast Increase,Normal
P01531,5.0,150.0,5.0,5.0,4.857142857142857,1.0690449676496974,272,5.107142857142857,-0.020979020979020907,-0.10714285714285676,Forecast Decrease,Normal
P01532,264.8888909926159,7946.666729778478,230.1897939243131,283.80260963021817,254.75,19.626744276855778,14266,258.7142857142857,0.023866503008454682,6.174605278330205,Forecast Increase,Normal
P01533,0.0,0.0,0.0,0.0,134.32142857142858,170.05337206491777,7522,135.53571428571428,-1.0,-135.53571428571428,Forecast Decrease,Critical
P01534,6.895222414287768,206.85667242863303,5.177394640012023,7.986811838880876,6.232142857142857,1.0267525404014246,349,6.321428571428571,0.09076964745795205,0.5737938428591969,Forecast Increase,Normal
P01535,14.678571428571429,440.3571428571429,14.678571428571429,14.678571428571429,14.517857142857142,3.505792979567449,813,14.678571428571429,0.0,0.0,Stable,Normal
P01536,8.652088724364912,259.56266173094735,8.652088724364912,8.652088724364912,9.946428571428571,3.787153610237175,557,8.714285714285714,-0.007137359499108366,-0.06219698992080147,Forecast Decrease,Normal
P01537,20.57589058475793,617.2767175427379,20.57589058475793,20.57589058475793,22.660714285714285,6.769656324603688,1269,20.571428571428573,0.00021690342573256317,0.004462013329355585,Forecast Increase,Normal
P01538,244.65070125934605,7339.521037780381,213.6890310716803,263.9068715701732,236.55357142857142,20.522200522500373,13247,240.32142857142858,0.018014509624266466,4.3292726879174666,Forecast Increase,Normal
P01539,38.65357637746307,1159.607291323892,32.74994344344708,42.26849536276699,40.464285714285715,10.58981377759571,2266,37.42857142857143,0.032729139855883445,1.2250049488916375,Forecast Increase,Normal
P01540,38.31754795657726,1149.5264386973176,29.809379258248025,43.191527641683855,34.375,4.754184759480086,1925,35.785714285714285,0.07074984309796731,2.531833670862973,Forecast Increase,Normal
P01541,293.4230395199353,8802.691185598058,252.42220397432487,321.0393898870903,278.0357142857143,40.03814739411959,15570,292.64285714285717,0.002665988108150763,0.7801823770781198,Forecast Increase,Normal
P01542,20.531753899056028,615.9526169716809,17.538458168999696,22.46623661537801,20.446428571428573,4.91350511015634,1145,18.678571428571427,0.09921435788445283,1.853182470484601,Forecast Increase,Normal
P01543,168.88826280005102,5066.647884001531,147.30831468822132,182.58014913323603,156.375,15.387790319246319,8757,162.32142857142858,0.040455744422756505,6.56683422862244,Forecast Increase,Normal
P01544,10.159879275801037,304.7963782740311,7.415210506517741,11.867218038135258,9.946428571428571,1.4699368305183345,557,10.071428571428571,0.008782339441237763,0.08845070437246605,Forecast Increase,Normal
P01545,315.64245787103624,9469.273736131086,274.71322493403585,341.4584050340931,298.92857142857144,41.27198351638341,16740,294.2857142857143,0.07257145878507464,21.356743585321965,Forecast Increase,Normal
P01546,263.60224998418437,7908.067499525531,230.4042816540301,282.7489079272275,252.67857142857142,20.12244982632549,14150,256.32142857142856,0.028405043828502546,7.280821412755813,Forecast Increase,Normal
P01547,242.50888935470917,7275.266680641275,211.5423820199085,262.5806761713609,242.46428571428572,31.68479089446505,13578,234.21428571428572,0.03541459315825808,8.294603640423446,Forecast Increase,Normal
P01548,243.04829074991233,7291.44872249737,211.22822876187445,261.0421328575001,237.80357142857142,18.269119143672857,13317,242.21428571428572,0.0034432528748960323,0.8340050356266033,Forecast Increase,Normal
P01549,32.84730752440244,985.4192257320732,27.62839661673386,35.88516790867304,33.285714285714285,8.941657942084726,1864,30.214285714285715,0.08714492988565987,2.6330218101167233,Forecast Increase,Normal
P01550,248.91562556637163,7467.468766991149,209.5722164291382,272.26800581332475,238.23214285714286,28.126332580263362,13341,244.75,0.01701992059804548,4.165625566371631,Forecast Increase,Normal
P01551,334.1567194076369,10024.701582229107,287.3145312887552,361.6333642514158,340.9642857142857,48.04920367733451,19094,338.14285714285717,-0.011788324523253855,-3.986137735220268,Forecast Decrease,Normal
P01552,107.51966181351055,3225.5898544053166,94.13690951508408,115.43658229104528,100.48214285714286,8.862569033306878,5627,103.85714285714286,0.03526496931853348,3.662518956367691,Forecast Increase,Normal
P01553,123.04672944721996,3691.4018834165986,123.04672944721996,123.04672944721996,127.80357142857143,28.885617461011545,7157,122.07142857142857,0.007989591726787282,0.9753008757913904,Forecast Increase,Normal
P01554,150.72459247201837,4521.737774160551,130.71690577627538,163.00198010317115,140.35714285714286,21.974719831850223,7860,138.32142857142858,0.08966914258107773,12.403163900589789,Forecast Increase,Normal
P01555,14.323181865177142,429.6954559553143,14.323181865177142,14.323181865177142,15.785714285714286,5.1441556802198045,884,14.285714285714286,0.0026227305623999085,0.03746757946285584,Forecast Increase,Normal
P01556,9.321627574419017,279.6488272325705,9.321627574419017,9.321627574419017,10.196428571428571,2.9134150087117723,571,9.392857142857142,-0.00758337610748106,-0.07122956843812567,Forecast Decrease,Normal
P01557,316.4711373102836,9494.134119308508,235.9322341397438,364.1340519824744,289.9642857142857,41.2667439452661,16238,302.42857142857144,0.04643266942465052,14.042565881712164,Forecast Increase,Normal
P01558,10.813555898293421,324.4066769488026,9.49824094160264,11.798516087057084,10.714285714285714,1.090692619215143,600,10.607142857142858,0.01945981532732584,0.20641304115056336,Forecast Increase,Normal
P01559,52.490986482038345,1574.7295944611503,45.01518587258469,57.26855101001891,51.42857142857143,7.1575951849185255,2880,50.75,0.03430515235543537,1.7409864820383447,Forecast Increase,Normal
P01560,192.0198742072901,5760.596226218702,192.0198742072901,192.0198742072901,180.73214285714286,41.70916231212539,10121,175.67857142857142,0.09301819024275723,16.34130277871867,Forecast Increase,Normal
P01561,3.7,111.0,3.0,4.0,3.4642857142857144,0.6019448997521804,194,3.607142857142857,0.025742574257425772,0.09285714285714297,Forecast Increase,Normal
P01562,6.55718022911781,196.7154068735343,5.503982388858094,7.200061137526476,7.125,2.0096358783710957,399,6.428571428571429,0.020005813418325937,0.12860880054638102,Forecast Increase,Normal
P01563,206.84222609678824,6205.266782903647,175.08929724203108,226.3038987335238,195.10714285714286,25.28073544055996,10926,201.82142857142858,0.024877425360125698,5.020797525359654,Forecast Increase,Normal
P01564,14.623468226301362,438.7040467890409,14.623468226301362,14.623468226301362,14.0,2.8155412849526336,784,13.964285714285714,0.04720488577094161,0.6591825120156489,Forecast Increase,Normal
P01565,118.65930315671082,3559.7790947013245,103.88618112439416,129.4277384015809,118.28571428571429,16.074501870652494,6624,114.42857142857143,0.036972686762766195,4.230731728139389,Forecast Increase,Normal
P01566,26.776991099724555,803.3097329917366,20.48277826889165,30.72803882048956,23.928571428571427,3.24097147532898,1340,24.464285714285715,0.0945339427624635,2.3127053854388393,Forecast Increase,Normal
P01567,381.7110283812953,11451.33085143886,333.63537136645573,410.7558615664169,368.01785714285717,29.447945488717764,20609,375.60714285714283,0.01625071737912611,6.103885524152474,Forecast Increase,Normal
P01568,14.528410584357882,435.85231753073646,14.528410584357882,14.528410584357882,14.714285714285714,3.9206413469518715,824,13.285714285714286,0.09353628054306633,1.2426962986435957,Forecast Increase,Normal
P01569,124.0866280299493,3722.598840898479,94.34913753237254,141.61964786198982,112.42857142857143,16.000973996328128,6296,118.89285714285714,0.04368446525640745,5.193770887092157,Forecast Increase,Normal
P01570,110.7020926162595,3321.062778487785,81.55032985739382,127.40562778027244,101.32142857142857,16.099810436893225,5674,106.39285714285714,0.040503052452254544,4.309235473402367,Forecast Increase,Normal
P01571,239.0740696394052,7172.222089182156,207.4061518918681,257.514561744108,228.92857142857142,17.553924340165636,12820,233.67857142857142,0.023089400871671377,5.395498210833779,Forecast Increase,Normal
P01572,4.0,120.0,4.0,4.0,4.625,1.229375303299866,259,4.285714285714286,-0.06666666666666664,-0.2857142857142856,Forecast Decrease,Normal
P01573,0.0,0.0,0.0,0.0,13.892857142857142,18.25543861321987,778,12.928571428571429,-1.0,-12.928571428571429,Forecast Decrease,Critical
P01574,318.09947356689605,9542.98420700688,272.81773995815263,345.14430778944904,313.0357142857143,42.71766263852345,17530,313.0,0.01629224781755927,5.099473566896052,Forecast Increase,Normal
P01575,19.614345664977463,588.4303699493239,16.231593812405826,21.666894722653343,21.589285714285715,5.610952878771322,1209,19.714285714285715,-0.005069422790998281,-0.09994004930825184,Forecast Decrease,Normal
P01576,4.862911120949838,145.88733362849516,4.862911120949838,4.862911120949838,5.375,1.7115914975675286,301,4.714285714285714,0.031526601413602,0.14862540666412372,Forecast Increase,Normal
P01577,10.549739736441419,316.4921920932426,8.802942370517066,11.561957775069711,11.125,3.04548846656821,623,10.107142857142858,0.04379050395886823,0.44259687929856106,Forecast Increase,Normal
P01578,287.5230313615048,8625.690940845145,251.1536138695392,310.4556294529782,273.5357142857143,24.362388512335443,15318,281.5,0.02139620377088746,6.02303136150482,Forecast Increase,Normal
P01579,395.119159312909,11853.57477938727,340.4383082751836,428.4167637494164,365.14285714285717,48.14917296426654,20448,383.2857142857143,0.0308736918339035,11.833445027194728,Forecast Increase,Normal
P01580,215.59840236153465,6467.9520708460395,187.83469061793903,232.6758603335816,211.41071428571428,15.515126678314806,11839,214.60714285714286,0.0046189492632667944,0.9912595043917918,Forecast Increase,Normal
P01581,15.660866805281676,469.8260041584503,13.644487366330694,16.902840447489876,16.5,4.225463933646274,924,14.857142857142858,0.05409680420165126,0.8037239481388188,Forecast Increase,Normal
P01582,16.996288099530002,509.8886429859001,12.771045827069454,19.6379858927394,15.982142857142858,2.339316694550483,895,16.071428571428573,0.05754681508186668,0.9248595281014289,Forecast Increase,Normal
P01583,417.8788667202743,12536.366001608229,356.8688957571636,453.4929371269175,397.2142857142857,53.98980182681451,22244,411.5357142857143,0.01541337049099022,6.343152434560011,Forecast Increase,Normal
P01584,427.3158986161765,12819.476958485297,363.5200237975873,467.5129063803151,387.4107142857143,55.54646761887804,21695,406.39285714285717,0.05148476678556481,20.92304147331936,Forecast Increase,Normal
P01585,105.35951489042645,3160.7854467127936,90.42601871306402,115.05931444388808,101.39285714285714,15.522041303699918,5678,100.46428571428571,0.04872606360893739,4.895229176140745,Forecast Increase,Normal
P01586,24.990582772995744,749.7174831898723,21.84031303497005,26.978977018227425,26.0,6.779648690281551,1456,23.5,0.06342905417003165,1.4905827729957437,Forecast Increase,Normal
P01587,184.64774128920368,5539.4322386761105,154.72374412911728,200.4752510024059,171.625,21.708450386469746,9611,178.89285714285714,0.0321694462163512,5.754884146346541,Forecast Increase,Normal
P01588,8.2,246.0,6.0,10.0,7.589285714285714,1.1720500410397585,425,7.75,0.058064516129032163,0.4499999999999993,Forecast Increase,Normal
P01589,20.408310337975557,612.2493101392668,17.698769412675137,22.043476934914064,20.410714285714285,2.07825788682633,1143,20.107142857142858,0.014978134037860715,0.3011674808326994,Forecast Increase,Normal
P01590,0.0,0.0,0.0,0.0,75.30357142857143,106.84430807877024,4217,70.82142857142857,-1.0,-70.82142857142857,Forecast Decrease,Critical
P01591,159.7023458006276,4791.070374018828,159.7023458006276,159.7023458006276,160.08928571428572,236.8669958041827,8965,149.21428571428572,0.07028857884575694,10.488060086341875,Forecast Increase,Normal
P01592,32.621471951077666,978.6441585323299,28.62499805588413,35.263451926432865,33.17857142857143,4.686953431338147,1858,32.07142857142857,0.017150573084827068,0.5500433796490967,Forecast Increase,Normal
P01593,15.166666666666666,455.0,10.0,18.0,15.678571428571429,4.200030921345666,878,14.535714285714286,0.043407043407043315,0.6309523809523796,Forecast Increase,Normal
P01594,27.8112560843744,834.337682531232,24.420961600798783,29.85608670037314,29.946428571428573,8.513987726852031,1677,26.964285714285715,0.03141082167216311,0.8469703700886839,Forecast Increase,Normal
P01595,703.0846199713867,21092.5385991416,586.5907242767264,771.4582192453662,638.1964285714286,81.76916948289298,35739,662.4285714285714,0.06137423761046081,40.656048542815256,Forecast Increase,Normal
P01596,90.13046590431365,2703.9139771294094,77.17202344836369,98.53550073613566,86.94642857142857,11.046051771572492,4869,89.25,0.009865164193990503,0.8804659043136525,Forecast Increase,Normal
P01597,11.035714285714286,331.0714285714286,11.035714285714286,11.035714285714286,11.821428571428571,3.0036773998014383,662,11.035714285714286,0.0,0.0,Stable,Normal
P01598,24.878754987160384,746.3626496148115,20.7121209879052,27.240918174189517,26.017857142857142,6.884742211925969,1457,23.642857142857142,0.05227362483457821,1.235897844303242,Forecast Increase,Normal
P01599,6.066666666666666,182.0,4.0,8.0,6.160714285714286,1.7454021231305326,345,5.75,0.0550724637681159,0.31666666666666643,Forecast Increase,Normal
P01600,307.6358806524321,9229.076419572963,307.6358806524321,307.6358806524321,320.85714285714283,73.82766876533944,17968,295.89285714285717,0.03968674209633046,11.743023509574925,Forecast Increase,Normal
P01601,25.80497736825565,774.1493210476694,25.80497736825565,25.80497736825565,28.410714285714285,10.34280915896167,1591,25.0,0.03219909473022597,0.8049773682556491,Forecast Increase,Normal
P01602,6.566666666666666,197.0,5.0,8.0,6.285714285714286,1.0038885435107863,352,6.357142857142857,0.03295880149812737,0.20952380952380967,Forecast Increase,Normal
P01603,5.789523444802599,173.68570334407798,5.789523444802599,5.789523444802599,5.535714285714286,1.6400031675610838,310,5.142857142857143,0.12574066982272752,0.6466663019454559,Forecast Increase,Normal
P01604,4.566666666666666,137.0,3.0,5.0,4.232142857142857,0.7383291069231052,237,4.25,0.07450980392156857,0.31666666666666643,Forecast Increase,Normal
P01605,25.932335784185906,777.9700735255772,25.932335784185906,25.932335784185906,27.125,9.991018694079925,1519,23.714285714285715,0.09353223186326104,2.2180500699001904,Forecast Increase,Normal
P01606,76.94023803733693,2308.2071411201077,56.88972872172064,88.451707549054,70.98214285714286,10.573536557116327,3975,74.14285714285714,0.03772960743999713,2.7973808944797867,Forecast Increase,Normal
P01607,17.34010358516247,520.2031075548741,14.56153942862994,19.18140989627496,18.196428571428573,4.742150041171937,1019,16.714285714285715,0.03744209483878023,0.6258178708767552,Forecast Increase,Normal
P01608,126.30270926439097,3789.081277931729,110.94934977456592,135.89139232766928,122.82142857142857,16.286198443475378,6878,119.10714285714286,0.060412551545111555,7.1955664072481085,Forecast Increase,Normal
P01609,25.456664782496485,763.6999434748946,21.550501712942378,27.973974717658905,26.392857142857142,6.635109292594609,1478,24.285714285714285,0.048215608691031794,1.1709504967822006,Forecast Increase,Normal
P01610,58.060773756118095,1741.8232126835428,49.79962249468359,63.02248895741003,54.410714285714285,6.969483574749371,3047,56.75,0.023097334909569965,1.3107737561180954,Forecast Increase,Normal
P01611,65.22959288526526,1956.887786557958,56.7211139957405,70.41705546286006,68.0,8.866689450870712,3808,65.57142857142857,-0.005213180399004685,-0.3418356861633072,Forecast Decrease,Normal
P01612,701.1754497859724,21035.263493579172,595.3371503084753,768.4477011897648,645.2142857142857,73.37418775408305,36132,667.7857142857143,0.05000067354835954,33.3897355002581,Forecast Increase,Normal
P01613,402.38030978135197,12071.40929344056,344.3007985005348,440.77341817679536,365.5357142857143,50.78115766724872,20470,387.14285714285717,0.0393587337525696,15.237452638494801,Forecast Increase,Normal
P01614,22.857142857142858,685.7142857142858,22.857142857142858,22.857142857142858,22.803571428571427,4.248720204558471,1277,22.857142857142858,0.0,0.0,Stable,Normal
P01615,3.0,90.0,3.0,3.0,2.482142857142857,0.5042031130613724,139,2.607142857142857,0.15068493150684928,0.3928571428571428,Forecast Increase,Normal
P01616,277.1636437906874,8314.909313720622,233.7855444179884,301.6880811361216,256.73214285714283,25.800980299507707,14377,266.5357142857143,0.039874316781354294,10.62792950497311,Forecast Increase,Normal
P01617,176.63025748817648,5298.907724645294,155.82121210402295,189.9937860538471,169.69642857142858,23.937737147446896,9503,163.5,0.08030738524878582,13.130257488176483,Forecast Increase,Normal
P01618,19.066666666666666,572.0,0.0,143.0,55.32142857142857,79.01762913607136,3098,44.642857142857146,-0.5729066666666667,-25.57619047619048,Forecast Decrease,Critical
P01619,281.6666666666667,8450.0,218.0,314.0,264.7142857142857,38.782242555870056,14824,274.64285714285717,0.025574338968357153,7.023809523809518,Forecast Increase,Normal
P01620,108.57142857142857,3257.142857142857,108.57142857142856,108.57142857142856,93.66071428571429,151.05511056753897,5245,108.57142857142857,0.0,0.0,Stable,Normal
P01621,56.425199514930014,1692.7559854479005,47.5126899954948,61.774038588823984,53.339285714285715,6.962958581507733,2987,53.857142857142854,0.0476827496140852,2.56805665778716,Forecast Increase,Normal
P01622,22.19534645462849,665.8603936388547,22.19534645462849,22.19534645462849,26.732142857142858,8.981781705062897,1497,22.642857142857142,-0.019763878975397966,-0.4475106882286539,Forecast Decrease,Normal
P01623,309.5,9285.0,229.0,339.0,285.10714285714283,41.85806257577388,15966,300.5,0.029950083194675542,9.0,Forecast Increase,Normal
P01624,28.15014149568533,844.5042448705599,24.30757696174757,30.56474280540229,29.660714285714285,3.7575465192271227,1661,28.857142857142858,-0.024500047179221295,-0.7070013614575288,Forecast Decrease,Normal
P01625,15.3,459.0,12.0,17.0,16.678571428571427,4.195699715648884,934,15.464285714285714,-0.010623556581986049,-0.1642857142857128,Forecast Decrease,Normal
P01626,175.19437426044277,5255.8312278132835,153.17827245028784,188.79964910000035,168.21428571428572,15.950735845909234,9420,173.53571428571428,0.009558032371351681,1.6586599747284936,Forecast Increase,Normal
P01627,12.490435749505918,374.7130724851776,12.49043574950592,12.49043574950592,13.142857142857142,3.7823925637740867,736,11.464285714285714,0.08950841428712068,1.0261500352202049,Forecast Increase,Normal
P01628,75.06327106174686,2251.8981318524056,57.78336907220414,84.7087023756279,68.30357142857143,9.903020003756696,3825,71.32142857142857,0.05246449160185886,3.741842490318291,Forecast Increase,Normal
P01629,17.37620188253377,521.2860564760131,12.939680881021124,20.35139019740058,17.5,4.965334374898174,980,16.107142857142858,0.07878858694222962,1.2690590253909129,Forecast Increase,Normal
P01630,287.63703710076305,8629.111113022891,250.5498288562445,307.183752122466,276.48214285714283,24.798820405545356,15483,286.89285714285717,0.0025939298918666483,0.7441799579058852,Forecast Increase,Normal
P01631,107.10714285714286,3213.214285714286,107.10714285714286,107.10714285714286,111.55357142857143,136.8663474997491,6247,107.10714285714286,0.0,0.0,Stable,Normal
P01632,4.357618800234155,130.72856400702466,4.357618800234155,4.357618800234155,4.339285714285714,1.0664603425996024,243,4.107142857142857,0.06098544701353347,0.25047594309129817,Forecast Increase,Normal
P01633,137.73333333333332,4132.0,0.0,371.0,156.17857142857142,170.449684086521,8746,168.89285714285714,-0.1844928455628393,-31.15952380952382,Forecast Decrease,Normal
P01634,304.77033481319376,9143.110044395813,255.42056648799667,336.83113553462795,282.10714285714283,35.658317184292144,15798,292.60714285714283,0.04156833574629878,12.163191956050923,Forecast Increase,Normal
P01635,229.09922469006088,6872.976740701826,201.81534415462005,248.35837957791765,229.14285714285714,31.42866587943305,12832,219.89285714285714,0.04186751523821743,9.20636754720374,Forecast Increase,Normal
P01636,14.133333333333333,424.0,11.0,16.0,14.428571428571429,3.888711601813372,808,13.464285714285714,0.049690539345711784,0.6690476190476193,Forecast Increase,Normal
P01637,7.0,210.0,7.0,7.0,7.232142857142857,0.786038893984988,405,7.25,-0.034482758620689655,-0.25,Forecast Decrease,Normal
P01638,6.915473401832071,207.46420205496213,6.081090731857797,7.444962165786056,7.839285714285714,1.9888487827181545,439,7.071428571428571,-0.022054266407585864,-0.15595516959650002,Forecast Decrease,Normal
P01639,211.31188030452552,6339.356409135766,184.76334192514773,226.84753074793744,202.96428571428572,24.707720019690786,11366,196.03571428571428,0.07792542330601471,15.276166018811239,Forecast Increase,Normal
P01640,95.0552271951188,2851.6568158535642,95.0552271951188,95.0552271951188,97.69642857142857,20.259156980448168,5471,93.92857142857143,0.011994814244610812,1.1266557665473727,Forecast Increase,Normal
P01641,258.4817560671519,7754.452682014557,194.9534134253169,295.94754366381994,229.92857142857142,36.41620875022907,12876,241.28571428571428,0.0712683792007479,17.1960417814376,Forecast Increase,Normal
P01642,68.0,2040.0,68.0,68.0,61.732142857142854,8.443375179132113,3457,59.642857142857146,0.14011976047904187,8.357142857142854,Forecast Increase,Normal
P01643,155.66829598240375,4670.048879472112,130.2198295743436,171.1324786120515,147.53571428571428,16.590209912326763,8262,150.82142857142858,0.03213646400836007,4.846867410975165,Forecast Increase,Normal
P01644,153.42801680264543,4602.840504079363,133.72223283872756,164.6368343751156,144.91071428571428,12.455413990002038,8115,149.42857142857142,0.026764930801642543,3.999445374074014,Forecast Increase,Normal
P01645,36.09525704916734,1082.85771147502,36.09525704916734,36.09525704916734,37.767857142857146,9.135328170307883,2115,34.785714285714285,0.03764599319988241,1.3095427634530523,Forecast Increase,Normal
P01646,472.8478725057684,14185.436175173052,412.2168937429137,508.81310729607833,456.60714285714283,40.55105808346202,25570,468.39285714285717,0.00951127946332556,4.45501536291124,Forecast Increase,Normal
P01647,6.471912770920404,194.15738312761212,6.471912770920404,6.471912770920404,7.589285714285714,2.5353987365396313,425,6.821428571428571,-0.0512379183991031,-0.34951580050816755,Forecast Decrease,Normal
P01648,99.00911324689426,2970.273397406828,86.0152346814902,107.600596747045,99.94642857142857,13.084924903883087,5597,96.57142857142857,0.025242296935295602,2.4376846754656896,Forecast Increase,Normal
P01649,100.66543859061593,3019.963157718478,87.56295470305702,108.26827715753258,97.78571428571429,8.765042728131679,5476,100.32142857142857,0.0034290781549470386,0.3440100191873654,Forecast Increase,Normal
P01650,83.31884656392016,2499.5653969176046,83.31884656392016,83.31884656392016,79.03571428571429,121.43385244436791,4426,55.964285714285715,0.48878602666864357,27.354560849634446,Forecast Increase,High
P01651,18.08372009413522,542.5116028240566,18.08372009413522,18.08372009413522,19.214285714285715,5.341822248546366,1076,17.0,0.06374824083148353,1.08372009413522,Forecast Increase,Normal
P01652,25.553130354219185,766.5939106265755,18.382122422917693,29.93571543484744,25.321428571428573,3.9685451552616424,1418,25.5,0.002083543302713137,0.053130354219184994,Forecast Increase,Normal
P01653,27.31647352848839,819.4942058546517,23.707668364226823,29.35967368182842,27.232142857142858,2.635361430644734,1525,26.785714285714285,0.019815011730233305,0.5307592427741064,Forecast Increase,Normal
P01654,12.89044961367341,386.7134884102023,12.89044961367341,12.89044961367341,12.5,2.5512920078052432,700,12.25,0.052281601116196674,0.6404496136734092,Forecast Increase,Normal
P01655,14.44948320045222,433.48449601356657,10.58854309908156,16.931715155583838,14.910714285714286,3.876628271223173,835,13.785714285714286,0.04814904044731117,0.6637689147379326,Forecast Increase,Normal
P01656,370.079640617875,11102.38921853625,319.5409660812418,400.1848755105498,364.39285714285717,53.66755531516685,20406,361.60714285714283,0.023430117264246944,8.472497760732153,Forecast Increase,Normal
P01657,263.15677467983727,7894.703240395118,202.2092704746385,302.5653370491434,238.30357142857142,35.68443492762489,13345,251.07142857142858,0.04813509118569605,12.085346108408686,Forecast Increase,Normal
P01658,1.9666666666666666,59.0,1.0,3.0,1.9285714285714286,0.32232918561015217,108,1.9642857142857142,0.0012121212121212078,0.0023809523809523725,Forecast Increase,Normal
P01659,11.936857489513777,358.1057246854133,9.065107132390732,13.701686648655746,10.660714285714286,1.5406820887844768,597,10.678571428571429,0.11783280838256102,1.258286060942348,Forecast Increase,Normal
P01660,14.833333333333334,445.0,11.0,16.0,13.446428571428571,1.934562603673623,753,13.642857142857142,0.08726003490401404,1.1904761904761916,Forecast Increase,Normal
P01661,90.22638538608383,2706.791561582515,67.8540255356145,103.83922575839856,82.41071428571429,12.746160613675414,4615,86.78571428571429,0.03964559292606879,3.440671100369542,Forecast Increase,Normal
P01662,104.24870201879874,3127.4610605639623,88.38281549837781,114.08705485382676,102.30357142857143,11.942163109766161,5729,105.42857142857143,-0.01119117326342662,-1.1798694097726923,Forecast Decrease,Normal
P01663,28.629604186968155,858.8881256090447,24.155638708884872,31.212995699447813,30.660714285714285,4.593579652729884,1717,29.392857142857142,-0.02596729376050017,-0.7632529558889871,Forecast Decrease,Normal
P01664,206.8746464105434,6206.239392316302,181.1170973881895,221.54070486720485,192.125,17.809152396756847,10759,199.14285714285714,0.038825340655526376,7.731789267686253,Forecast Increase,Normal
P01665,125.63029096080705,3768.9087288242113,109.08406089763798,137.08700216279487,119.71428571428571,17.932919739674585,6704,118.57142857142857,0.059532574368252204,7.058862389378476,Forecast Increase,Normal
P01666,37.08890677164156,1112.667203149247,31.92107923122206,40.12480663424594,36.5,5.717596443516199,2044,36.642857142857146,0.012172894352791055,0.4460496287844151,Forecast Increase,Normal
P01667,8.625125291954264,258.7537587586279,7.566896138077616,9.270201179796793,9.0,2.256304299271065,504,8.107142857142858,0.06389210649656113,0.5179824348114064,Forecast Increase,Normal
P01668,214.8313252702749,6444.939758108247,194.0734064530723,230.2081234944879,215.53571428571428,26.641706392056026,12070,207.03571428571428,0.03765345999097766,7.795610984560625,Forecast Increase,Normal
P01669,24.366666666666667,731.0,17.0,29.0,24.928571428571427,5.917177284228266,1396,23.178571428571427,0.0512583461736005,1.18809523809524,Forecast Increase,Normal
P01670,196.9983871989014,5909.951615967042,168.86490811723715,214.0232125432905,195.41071428571428,27.735619884718833,10943,192.57142857142858,0.02298865756106068,4.426958627472828,Forecast Increase,Normal
P01671,13.605760169029196,408.1728050708759,13.605760169029196,13.605760169029196,13.267857142857142,2.377860546630264,743,12.75,0.06711844462974087,0.855760169029196,Forecast Increase,Normal
P01672,290.11361247131987,8703.408374139595,290.11361247131987,290.11361247131987,296.625,60.25055639124462,16611,290.5,-0.0013300775513946015,-0.3863875286801317,Forecast Decrease,Normal
P01673,62.54967532259523,1876.4902596778568,55.353454702168335,67.12105101836367,60.67857142857143,7.876563955193895,3398,58.57142857142857,0.06792128599552831,3.978246751166658,Forecast Increase,Normal
P01674,72.55972891757466,2176.79186752724,72.55972891757466,72.55972891757466,75.67857142857143,18.50710639222099,4238,73.35714285714286,-0.010870297131406838,-0.7974139395682016,Forecast Decrease,Normal
P01675,276.51674395864325,8295.502318759298,234.82253412223255,301.9096796707502,246.05357142857142,33.49812458406218,13779,256.39285714285717,0.07848848458587689,20.12388681578608,Forecast Increase,Normal
P01676,6.433333333333334,193.0,6.0,7.0,6.607142857142857,0.6516711783371464,370,6.535714285714286,-0.015664845173041838,-0.10238095238095202,Forecast Decrease,Normal
P01677,16.562624557107394,496.8787367132219,14.08799026856673,18.01040457309145,16.535714285714285,4.4064592494295365,926,15.25,0.0860737414496652,1.3126245571073945,Forecast Increase,Normal
P01678,29.49808061543593,884.942418463078,23.493612023560885,33.832641171344626,26.642857142857142,3.66521025778416,1492,27.0,0.09252150427540487,2.4980806154359314,Forecast Increase,Normal
P01679,19.412167096208407,582.3650128862522,16.98832939237898,20.84619253320912,20.339285714285715,4.907422155041507,1139,18.464285714285715,0.051335935578018105,0.9478813819226914,Forecast Increase,Normal
P01680,335.268236909845,10058.04710729535,280.29551021594136,369.665990788832,313.92857142857144,38.986644399825444,17580,323.32142857142856,0.036950252234138926,11.946808338416417,Forecast Increase,Normal
P01681,29.0253378965461,870.7601368963831,25.416820460299856,31.5192746714382,27.428571428571427,2.4852813475788573,1536,27.214285714285715,0.06654784921691709,1.8110521822603864,Forecast Increase,Normal
P01682,35.43047637383669,1062.9142912151008,30.2057476414346,38.50435374094057,35.142857142857146,5.70304088400875,1968,34.285714285714285,0.03338889423690349,1.1447620881224054,Forecast Increase,Normal
P01683,79.21852203336081,2376.5556610008243,69.07646334281394,85.24926047604914,76.17857142857143,5.979076069874903,4266,77.71428571428571,0.019355982046922304,1.5042363190751047,Forecast Increase,Normal
P01684,186.4292732893824,5592.878198681472,186.4292732893824,186.4292732893824,187.67857142857142,48.55553788951636,10510,179.10714285714286,0.04088128656085881,7.322130432239533,Forecast Increase,Normal
P01685,26.672152587150904,800.1645776145272,22.67213895028374,29.030977876202037,26.339285714285715,6.72924900771195,1475,24.142857142857142,0.10476371662755228,2.529295444293762,Forecast Increase,Normal
P01686,20.292684412435545,608.7805323730663,17.654733612256834,22.09950381131696,20.785714285714285,2.8839006773609817,1164,20.035714285714285,0.012825603472718864,0.2569701267212601,Forecast Increase,Normal
P01687,171.9057412022245,5157.172236066735,148.59941536652315,185.2835472202935,174.78571428571428,22.822408673545777,9788,170.92857142857142,0.00571683110369546,0.9771697736530882,Forecast Increase,Normal
P01688,284.80545694279476,8544.163708283842,242.82132117035525,309.75561191223954,268.625,27.638288659032415,15043,277.10714285714283,0.027781001984566834,7.69831408565193,Forecast Increase,Normal
P01689,320.62970138205327,9618.891041461598,273.18306175261614,350.7346508040735,296.75,39.780877087090246,16618,309.39285714285717,0.036319016356630596,11.236844239196103,Forecast Increase,Normal
P01690,334.04227195010424,10021.268158503128,290.5201061581108,359.1169809838968,324.07142857142856,29.094115083080506,18148,329.39285714285717,0.014115105128799516,4.649414807247069,Forecast Increase,Normal
P01691,10.445931963077241,313.3779588923172,7.876816888140851,12.067913506680682,10.857142857142858,2.8757833489555273,608,9.964285714285714,0.04833725794323573,0.4816462487915274,Forecast Increase,Normal
P01692,47.080577062180986,1412.4173118654296,35.875125675488185,52.58122030025883,44.107142857142854,6.75729524003791,2470,46.214285714285715,0.018745098717981117,0.8662913478952703,Forecast Increase,Normal
P01693,14.678571428571429,440.3571428571429,14.678571428571429,14.678571428571429,14.303571428571429,3.0743492606767004,801,14.678571428571429,0.0,0.0,Stable,Normal
P01694,5.7,171.0,5.0,6.0,5.875,1.5847282531600284,329,5.321428571428571,0.07114093959731552,0.378571428571429,Forecast Increase,Normal
P01695,29.178571428571427,875.3571428571428,29.178571428571427,29.178571428571427,28.964285714285715,5.855733121446911,1622,29.178571428571427,0.0,0.0,Stable,Normal
P01696,12.104914314286438,363.1474294285931,12.104914314286438,12.104914314286438,13.946428571428571,4.473841720519374,781,12.214285714285714,-0.008954383625671703,-0.10937139999927581,Forecast Decrease,Normal
P01697,10.141985350219278,304.25956050657834,8.744383616758043,10.934269857517132,11.464285714285714,3.032936085495589,642,10.25,-0.010538014612753404,-0.1080146497807224,Forecast Decrease,Normal
P01698,27.20331487952839,816.0994463858517,22.448580148138884,30.38030080929275,31.142857142857142,7.556883848948155,1744,28.285714285714285,-0.03826664567323875,-1.0823994061858961,Forecast Decrease,Normal
P01699,230.02400570977665,6900.720171293299,199.0813429405527,246.0108695982571,213.85714285714286,30.189359095505864,11976,210.78571428571428,0.09126942729138365,19.238291424062368,Forecast Increase,Normal
P01700,110.91262973052554,3327.378891915766,83.23753574525065,127.89898692962365,103.41071428571429,14.85049957618725,5791,108.03571428571429,0.026629299985029713,2.876915444811246,Forecast Increase,Normal
P01701,209.5007987530508,6285.023962591524,182.09568561745803,226.52522950235056,216.55357142857142,27.80053605948643,12127,210.96428571428572,-0.006937131355100419,-1.4634869612349348,Forecast Decrease,Normal
P01702,25.494738301432257,764.8421490429677,18.600034720031797,29.91898501635594,25.285714285714285,3.4415339376731184,1416,25.678571428571427,-0.007159009123639453,-0.18383312713917022,Forecast Decrease,Normal
P01703,19.797596580564107,593.9278974169232,17.16626612769071,21.42552366777539,20.375,1.824704210151731,1141,20.285714285714285,-0.02406214039472705,-0.4881177051501773,Forecast Decrease,Normal
P01704,32.74965518087175,982.4896554261524,28.522105772329923,35.40544329172364,31.839285714285715,2.47736506440566,1783,32.607142857142854,0.0043705860508313705,0.14251232372889433,Forecast Increase,Normal
P01705,18.931719976764068,567.9515993029221,14.303453132298696,22.00425679843264,17.232142857142858,2.6491238443789564,965,17.892857142857142,0.05806019830218347,1.0388628339069257,Forecast Increase,Normal
P01706,22.405312672032725,672.1593801609818,22.405312672032725,22.405312672032725,22.732142857142858,7.324904148125134,1273,21.071428571428573,0.06330297426595975,1.333884100604152,Forecast Increase,Normal
P01707,57.330268439680076,1719.9080531904024,50.07809527798575,61.57126039167869,55.69642857142857,4.439163077784915,3119,56.535714285714285,0.014054021674694977,0.794554153965791,Forecast Increase,Normal
P01708,11.068577452150928,332.05732356452785,9.352427565658848,12.147122287484455,11.785714285714286,2.9339039193184577,660,10.75,0.029635111827993273,0.3185774521509277,Forecast Increase,Normal
P01709,399.95196180057786,11998.558854017336,344.5329367447395,435.3909993774286,363.60714285714283,48.560245083786434,20362,377.60714285714283,0.05917477824800727,22.34481894343503,Forecast Increase,Normal
P01710,59.35930654058807,1780.7791962176423,49.77619241690119,65.52682513262147,54.17857142857143,6.370691821593186,3034,56.142857142857146,0.0572904472878282,3.2164493977309263,Forecast Increase,Normal
P01711,22.089187322211263,662.6756196663379,19.21262923178342,23.92460361604433,24.589285714285715,6.239978979318577,1377,22.035714285714285,0.0024266531959730793,0.05347303649697821,Forecast Increase,Normal
P01712,17.44221245532413,523.2663736597239,14.332396820354584,19.539000479160062,19.5,5.530083017624434,1092,17.607142857142858,-0.009367243916682401,-0.16493040181872942,Forecast Decrease,Normal
P01713,243.27622151499818,7298.286645449945,213.5532396458676,260.6995665437232,237.125,18.4460515607492,13279,240.60714285714286,0.011093098177222658,2.669078657855323,Forecast Increase,Normal
P01714,30.29353193773722,908.8059581321166,25.6136098579315,33.77273270707347,28.946428571428573,3.4924315200269733,1621,30.071428571428573,0.0073858601622828314,0.22210336630864802,Forecast Increase,Normal
P01715,34.97543853468752,1049.2631560406255,30.22745847159923,38.29096971327204,32.589285714285715,8.285314029741325,1825,29.642857142857142,0.1798943120135549,5.332581391830377,Forecast Increase,Normal
P01716,124.14406908406532,3724.32207252196,124.14406908406532,124.14406908406532,130.82142857142858,33.97170327458757,7326,127.03571428571429,-0.02276245871413302,-2.89164520164897,Forecast Decrease,Normal
P01717,13.0,390.0,13.0,13.0,15.607142857142858,5.355298383771046,874,14.178571428571429,-0.08312342569269524,-1.1785714285714288,Forecast Decrease,Normal
P01718,0.0,0.0,0.0,0.0,142.78571428571428,180.8400311964054,7996,106.28571428571429,-1.0,-106.28571428571429,Forecast Decrease,Critical
P01719,232.25445256330036,6967.633576899011,232.25445256330036,232.25445256330036,233.73214285714286,54.678395624340965,13089,230.0,0.00980196766652331,2.2544525633003616,Forecast Increase,Normal
P01720,28.938028168366255,868.1408450509877,25.13636560148046,31.23925786653071,30.625,8.087167163307107,1715,27.571428571428573,0.049565788489967746,1.3665995969376823,Forecast Increase,Normal
P01721,16.774666367948825,503.2399910384647,14.667100115209742,18.117914649312496,17.946428571428573,4.598100963173001,1005,15.892857142857142,0.05548462539902723,0.8818092250916827,Forecast Increase,Normal
P01722,15.35303438827266,460.5910316481798,12.676885999018069,17.04801671437971,17.607142857142858,4.735469915929707,986,15.928571428571429,-0.03613237024297207,-0.5755370402987694,Forecast Decrease,Normal
P01723,28.127963967309515,843.8389190192854,21.2189939828167,31.929566518344803,26.964285714285715,3.9356842339814797,1510,27.035714285714285,0.040400252423601665,1.0922496815952307,Forecast Increase,Normal
P01724,23.938866275898427,718.1659882769528,19.522149600559363,26.5707607649011,26.196428571428573,6.501523298028333,1467,24.071428571428573,-0.00550703898344821,-0.1325622955301462,Forecast Decrease,Normal
P01725,260.21728471211264,7806.51854136338,216.24780420568948,288.4303936239386,240.875,25.849960436052022,13489,249.89285714285714,0.04131541688425813,10.324427569255505,Forecast Increase,Normal
P01726,5.779087954954258,173.37263864862774,5.779087954954258,5.779087954954258,5.75,1.5521246435421707,322,5.142857142857143,0.12371154679666127,0.6362308120971152,Forecast Increase,Normal
P01727,352.0024184073638,10560.072552220914,298.4694588362959,380.99131398216514,338.69642857142856,44.063144625477136,18967,353.42857142857144,-0.004035194481994169,-1.4261530212076536,Forecast Decrease,Normal
P01728,156.00834473500615,4680.250342050184,133.7512073345396,170.303371944153,157.01785714285714,23.206183401239148,8793,150.82142857142858,0.03439110882788818,5.186916163577564,Forecast Increase,Normal
P01729,187.2645666353184,5617.936999059552,187.2645666353184,187.2645666353184,204.07142857142858,49.198247249953255,11428,187.89285714285714,-0.003343876489466758,-0.6282905075387362,Forecast Decrease,Normal
P01730,235.124197034799,7053.72591104397,202.81607431590757,256.7660529389412,209.03571428571428,24.667213636149267,11706,215.85714285714286,0.08925835820224556,19.26705417765615,Forecast Increase,Normal
P01731,7.254295698419753,217.6288709525926,5.3210300271158415,8.42586332172429,7.035714285714286,1.0262781071652816,394,7.178571428571429,0.010548654506234224,0.07572426984832425,Forecast Increase,Normal
P01732,287.109331328488,8613.27993985464,244.92573824770253,311.1564036173305,259.625,31.597216505716,14539,270.2142857142857,0.06252462030103935,16.895045614202274,Forecast Increase,Normal
P01733,35.79838597317969,1073.9515791953907,31.05748639171225,38.90980246016552,35.357142857142854,2.856753220185278,1980,35.92857142857143,-0.003623452038736286,-0.13018545539173942,Forecast Decrease,Normal
P01734,13.121600460985933,393.64801382957796,13.121600460985931,13.121600460985931,14.5,3.856517505824039,812,13.464285714285714,-0.025451424648259568,-0.3426852532997806,Forecast Decrease,Normal
P01735,22.722327145097594,681.6698143529278,19.11428618328049,24.99220921239123,23.089285714285715,5.797418816599756,1293,21.678571428571427,0.04814688642954314,1.0437557165261673,Forecast Increase,Normal
P01736,178.43040613202533,5352.91218396076,152.7523320201709,194.7161403686432,182.83928571428572,25.917896088655382,10239,179.5,-0.0059587402115580754,-1.0695938679746746,Forecast Decrease,Normal
P01737,23.821428571428573,714.6428571428572,23.821428571428573,23.821428571428573,23.553571428571427,4.0850932685787,1319,23.821428571428573,0.0,0.0,Stable,Normal
P01738,31.567170589683553,947.0151176905066,26.45747649567207,34.87444093006934,34.339285714285715,9.119961693927301,1923,31.571428571428573,-0.0001348682000685177,-0.004257981745020345,Forecast Decrease,Normal
P01739,23.593123298592843,707.7936989577853,20.35394802996739,25.52692768132455,23.285714285714285,2.3719135789429657,1304,23.142857142857142,0.019455945000925345,0.45026615573570083,Forecast Increase,Normal
P01740,3.033333333333333,91.0,2.0,4.0,2.9107142857142856,0.4777517694857375,163,2.892857142857143,0.04855967078189299,0.14047619047619042,Forecast Increase,Normal
P01741,57.60126251842868,1728.0378755528604,50.26791704738496,62.17344046853043,58.982142857142854,7.489364753808195,3303,56.57142857142857,0.01820413542676969,1.0298339470001139,Forecast Increase,Normal
P01742,286.69488607505167,8600.84658225155,248.16080006325728,309.38303064415163,276.375,22.247829311888125,15477,284.57142857142856,0.0074619490589165685,2.123457503623115,Forecast Increase,Normal
P01743,760.3715357243364,22811.14607173009,643.3421446184459,833.2575704194094,685.875,86.09045190432512,38409,721.6428571428571,0.05366737604085019,38.728678581479244,Forecast Increase,Normal
P01744,24.58822734028929,737.6468202086787,18.25069267456676,28.32423908695569,23.964285714285715,6.301411921767389,1342,22.357142857142858,0.09979291617907364,2.2310844831464323,Forecast Increase,Normal
P01745,25.33277480073197,759.9832440219591,22.212974584467663,27.39610412475276,25.214285714285715,2.27807163838418,1412,24.857142857142858,0.019134618420251583,0.47563194358911076,Forecast Increase,Normal
P01746,108.69728440773396,3260.9185322320186,81.61977752754039,125.61919901040864,100.125,15.557590956302855,5607,103.67857142857143,0.048406463457303074,5.01871297916253,Forecast Increase,Normal
P01747,18.935597925919247,568.0679377775774,16.251481236512767,20.629343780825955,18.303571428571427,4.516312425206866,1025,16.714285714285715,0.13289902120884375,2.2213122116335313,Forecast Increase,Normal
P01748,14.571428571428571,437.1428571428571,14.571428571428571,14.571428571428571,14.660714285714286,1.443188209414214,821,14.571428571428571,0.0,0.0,Stable,Normal
P01749,164.4447912644799,4933.343737934397,141.30570070612077,179.59118990674986,150.625,19.652029735558422,8435,157.71428571428572,0.04267530693057904,6.730505550194181,Forecast Increase,Normal
P01750,2.7,81.0,2.0,3.0,2.857142857142857,0.7960943623504901,160,2.7142857142857144,-0.005263157894736823,-0.014285714285714235,Forecast Decrease,Normal
P01751,413.21485416569243,12396.445624970773,352.73650415450925,450.8473824035661,387.07142857142856,50.869479023319016,21676,406.85714285714283,0.015626397176912634,6.357711308549597,Forecast Increase,Normal
P01752,10.802810429731716,324.08431289195147,9.064685087811052,11.8110536709822,12.089285714285714,3.2878663195247064,677,11.0,-0.017926324569844,-0.197189570268284,Forecast Decrease,Normal
P01753,8.433333333333334,253.0,7.0,9.0,9.160714285714286,2.387671255841982,513,8.214285714285714,0.02666666666666679,0.21904761904762005,Forecast Increase,Normal
P01754,3.905355378382988,117.16066135148965,3.905355378382988,3.905355378382988,4.375,1.4467832657940922,245,3.8214285714285716,0.021962155090875363,0.08392680695441657,Forecast Increase,Normal
P01755,381.50646666295313,11445.193999888594,329.79607952195295,412.9279940816242,384.875,64.28517784768967,21553,378.57142857142856,0.0077529308078007645,2.935038091524575,Forecast Increase,Normal
P01756,237.5436864089021,7126.310592267063,202.50410292141416,257.04227050252604,235.33928571428572,33.181197734814866,13179,229.60714285714286,0.034565751975308506,7.936543551759229,Forecast Increase,Normal
P01757,283.36712822302917,8501.013846690876,245.1249965299149,307.038474332945,275.14285714285717,40.8235353559811,15408,276.89285714285717,0.023381863826237075,6.474271080172002,Forecast Increase,Normal
P01758,271.3626867830273,8140.880603490818,235.1422278854717,293.8741573617503,262.26785714285717,23.242196009083894,14687,267.0357142857143,0.016203722070986307,4.326972497313022,Forecast Increase,Normal
P01759,11.686339719787046,350.5901915936114,8.763145912114048,13.446023300277716,11.392857142857142,3.0071343739276335,638,10.607142857142858,0.10174246516510868,1.0791968626441886,Forecast Increase,Normal
P01760,207.33386747349533,6220.01602420486,155.31753859087763,238.0036804772484,189.58928571428572,29.693450018917847,10617,201.21428571428572,0.03041325687928098,6.119581759209609,Forecast Increase,Normal
P01761,43.47311600648059,1304.1934801944176,36.68598557805863,47.1455745733632,40.25,5.461435042850248,2254,42.32142857142857,0.027212867663676383,1.1516874350520183,Forecast Increase,Normal
P01762,58.72529703674798,1761.7589111024395,51.64213099738335,63.3888938738456,57.535714285714285,7.710593151842907,3222,55.67857142857143,0.05471989546436397,3.0467256081765512,Forecast Increase,Normal
P01763,19.17577462130802,575.2732386392406,19.175774621308022,19.175774621308022,23.5,8.381798461818647,1316,20.321428571428573,-0.05637664429415731,-1.145653950120554,Forecast Decrease,Normal
P01764,339.6675227474761,10190.025682424282,289.51583299129766,370.8922202545916,312.98214285714283,37.33557458872341,17527,324.39285714285717,0.04708693569628203,15.274665604618917,Forecast Increase,Normal
P01765,11.2,336.0,8.0,14.0,11.678571428571429,3.015759472306302,654,10.928571428571429,0.024836601307189454,0.27142857142857046,Forecast Increase,Normal
P01766,12.350500891801993,370.51502675405976,10.879948992091018,13.237642395113657,12.303571428571429,1.2048333397708488,689,12.25,0.008204154432815716,0.10050089180199251,Forecast Increase,Normal
P01767,74.33333333333333,2230.0,0.0,274.0,113.19642857142857,143.14333816053147,6339,104.21428571428571,-0.286726068083162,-29.88095238095238,Forecast Decrease,Moderate
P01768,20.80647831168987,624.194349350696,15.648488280299354,23.90056753181793,18.892857142857142,2.8962582219670407,1058,19.857142857142858,0.04780826030092862,0.9493354545470112,Forecast Increase,Normal
P01769,8.324273545073105,249.72820635219315,7.1207352209125645,9.051908563722307,8.589285714285714,0.8692062358954173,481,8.5,-0.020673700579634743,-0.17572645492689531,Forecast Decrease,Normal
P01770,7.33079740385043,219.9239221155129,6.311644018782746,8.068993069645316,7.660714285714286,0.7926201822100883,429,7.535714285714286,-0.027192761574350507,-0.2049168818638556,Forecast Decrease,Normal
P01771,125.71722129759976,3771.516638927993,106.29132510130144,136.73647266513544,119.5,13.306184481456187,6692,123.71428571428571,0.016190010488681742,2.0029355833140556,Forecast Increase,Normal
P01772,653.0625775104261,19591.877325312784,560.5835203193486,715.4372578604276,594.7142857142857,73.83217191976416,33304,634.6428571428571,0.029023757472815485,18.41972036756897,Forecast Increase,Normal
P01773,96.18611712389291,2885.5835137167874,96.18611712389291,96.18611712389291,99.0,23.086398986888753,5544,94.07142857142857,0.022479604961655894,2.1146885524643437,Forecast Increase,Normal
P01774,58.33078082145788,1749.9234246437363,51.12961702185932,62.74229663098191,58.392857142857146,7.232951293599619,3270,56.17857142857143,0.03831014812512431,2.152209392886448,Forecast Increase,Normal
P01775,272.01135240807827,8160.340572242349,238.8675319510202,292.98453210497206,259.9107142857143,21.710723605640595,14555,265.0,0.026457933615389687,7.011352408078267,Forecast Increase,Normal
P01776,26.479720304136254,794.3916091240876,19.71728373214997,30.537331717792775,24.446428571428573,3.667645481316778,1369,24.464285714285715,0.082382727760314,2.015434589850539,Forecast Increase,Normal
P01777,47.06666666666667,1412.0,0.0,164.0,55.660714285714285,70.26890603847592,3117,60.714285714285715,-0.22478431372549015,-13.647619047619045,Forecast Decrease,Moderate
P01778,4.417821622672696,132.53464868018088,4.417821622672696,4.417821622672696,4.339285714285714,0.8586836800228954,243,4.428571428571429,-0.0024273755255204,-0.0107498058987332,Forecast Decrease,Normal
P01779,12.466734197619477,374.0020259285843,9.36229692572035,14.448981496096335,10.928571428571429,1.6826077472687542,612,11.142857142857142,0.11880947927354285,1.3238770547623346,Forecast Increase,Normal
P01780,213.7145429213735,6411.436287641205,189.4159087010132,227.97363030943183,198.39285714285714,26.345728355796183,11110,191.10714285714286,0.11829699155269252,22.60740006423063,Forecast Increase,Normal
P01781,21.17838421855131,635.3515265565394,17.792839236423426,23.45681638475834,22.535714285714285,5.978641638713247,1262,20.964285714285715,0.010212535126808682,0.2140985042655963,Forecast Increase,Normal
P01782,339.7578944429602,10192.736833288805,295.20812355811574,370.9892333940565,334.57142857142856,50.27736058120978,18736,323.14285714285717,0.051417003139134075,16.61503730010304,Forecast Increase,Normal
P01783,399.04360945957467,11971.30828378724,333.43128908963405,440.8627010938529,374.0892857142857,48.20383869501539,20949,383.10714285714283,0.04159793650303826,15.936466602431835,Forecast Increase,Normal
P01784,363.99640941283644,10919.892282385093,312.8294048768879,391.612722076496,337.25,40.786027019066225,18886,346.9642857142857,0.04908898235300259,17.03212369855072,Forecast Increase,Normal
P01785,317.39287967401043,9521.786390220313,277.5389033119432,340.4141828094034,302.10714285714283,27.105637502475094,16918,308.5,0.028826190191281784,8.89287967401043,Forecast Increase,Normal
P01786,213.65441338933547,6409.6324016800645,186.2199714148961,231.9327125110441,205.375,29.72208392302385,11501,202.92857142857142,0.05285525781439522,10.725841960764058,Forecast Increase,Normal
P01787,32.177144984240535,965.314349527216,28.146461851915525,34.58535018847852,30.285714285714285,2.4842360136324735,1696,30.964285714285715,0.03916961886820639,1.2128592699548193,Forecast Increase,Normal
P01788,444.6629956163569,13339.889868490707,376.2968348934586,484.9948409406766,409.875,52.523955573537194,22953,422.85714285714283,0.05156789503868194,21.805852759214076,Forecast Increase,Normal
P01789,12.0,360.0,12.0,12.0,12.142857142857142,3.158990468364977,680,11.214285714285714,0.07006369426751599,0.7857142857142865,Forecast Increase,Normal
P01790,62.282382989230726,1868.4714896769217,54.434204943000665,66.77447301088694,60.57142857142857,4.961147751577959,3392,61.607142857142854,0.010960419535339369,0.6752401320878718,Forecast Increase,Normal
P01791,19.591989967516376,587.7596990254913,14.198878124408614,22.87903599082118,20.214285714285715,5.193402408000807,1132,18.642857142857142,0.05091133925375201,0.9491328246592339,Forecast Increase,Normal
P01792,246.8223765935741,7404.671297807223,209.11008617502276,268.8820883241528,235.30357142857142,26.4519596406612,13177,241.32142857142858,0.022795107979883707,5.500948022145508,Forecast Increase,Normal
P01793,267.6995704203134,8030.987112609403,227.68617623175828,292.8367577371745,248.26785714285714,31.152114226472985,13903,257.39285714285717,0.0400427323114715,10.306713277456254,Forecast Increase,Normal
P01794,475.38162644315724,14261.448793294718,402.31669042148906,527.4512840557072,429.05357142857144,53.38451244350903,24027,445.7142857142857,0.06656134137887841,29.667340728871523,Forecast Increase,Normal
P01795,14.715862115606289,441.47586346818866,14.715862115606289,14.715862115606289,13.482142857142858,3.5776633889558864,755,13.392857142857142,0.09878437129860292,1.3230049727491462,Forecast Increase,Normal
P01796,24.54290508326069,736.2871524978207,24.54290508326069,24.54290508326069,26.625,7.18220654876278,1491,23.75,0.03338547718992372,0.7929050832606883,Forecast Increase,Normal
P01797,0.0,0.0,0.0,0.0,67.08928571428571,82.01048198763469,3757,71.75,-1.0,-71.75,Forecast Decrease,Critical
P01798,13.833333333333334,415.0,12.0,15.0,15.553571428571429,4.071719060040378,871,13.964285714285714,-0.009377664109121813,-0.1309523809523796,Forecast Decrease,Normal
P01799,14.349030375069514,430.47091125208544,14.349030375069514,14.349030375069514,15.696428571428571,4.168800319503934,879,14.392857142857142,-0.003045035975319087,-0.043826767787628285,Forecast Decrease,Normal
P01800,19.79805532476661,593.9416597429984,17.160915695478064,21.521943667553742,21.607142857142858,5.548721626493055,1210,19.428571428571427,0.019017553480634497,0.3694838961951845,Forecast Increase,Normal
P01801,316.8043466486767,9504.1303994603,269.2419648942627,340.6457289243121,320.94642857142856,49.32947473795033,17973,316.17857142857144,0.0019791828942671537,0.625775220105254,Forecast Increase,Normal
P01802,0.0,0.0,0.0,0.0,68.39285714285714,105.18013614252948,3830,70.32142857142857,-1.0,-70.32142857142857,Forecast Decrease,Critical
P01803,19.410684596009464,582.320537880284,14.352755451341572,22.61996839180587,19.053571428571427,2.7130636346599544,1067,19.25,0.008347251740751368,0.16068459600946383,Forecast Increase,Normal
P01804,5.866666666666666,176.0,5.0,6.0,5.946428571428571,0.5852627337636214,333,5.821428571428571,0.007770961145194247,0.04523809523809508,Forecast Increase,Normal
P01805,29.083991938420176,872.5197581526053,21.7853880341392,33.45159253305026,26.660714285714285,3.8906731631348404,1493,26.964285714285715,0.07861162155730451,2.119706224134461,Forecast Increase,Normal
P01806,36.333333333333336,1090.0,0.0,218.0,76.96428571428571,106.1542555624878,4310,75.21428571428571,-0.5169357391579613,-38.88095238095237,Forecast Decrease,Critical
P01807,548.7208220355623,16461.624661066868,460.93243597563225,602.7151954096407,519.4821428571429,68.7326814078026,29091,537.9285714285714,0.020062609015784286,10.79225060699082,Forecast Increase,Normal
P01808,2.433333333333333,73.0,2.0,3.0,2.5,0.7135060680126756,140,2.357142857142857,0.032323232323232205,0.07619047619047592,Forecast Increase,Normal
P01809,7.721003393603586,231.63010180810758,5.765413829813005,8.987909036752265,7.607142857142857,2.0509737946871742,426,7.142857142857143,0.08094047510450195,0.5781462507464425,Forecast Increase,Normal
P01810,19.517462437810707,585.5238731343212,16.434489980272797,21.46546489925198,20.321428571428573,5.077963596336064,1138,18.392857142857142,0.06114358885184429,1.1246052949535645,Forecast Increase,Normal
P01811,438.5542013019084,13156.626039057252,381.1822083337013,471.1362612044571,423.89285714285717,36.12739004811048,23738,433.2857142857143,0.01215938315639921,5.268487016194115,Forecast Increase,Normal
P01812,453.2064728860715,13596.194186582145,381.3652257391973,501.6083251517813,410.25,56.563801466694535,22974,424.35714285714283,0.06798360888823449,28.849330028928648,Forecast Increase,Normal
P01813,28.703780046037163,861.113401381115,25.251939901619053,30.514226383300475,27.285714285714285,2.4547859430048113,1528,26.821428571428573,0.07018088054466116,1.8823514746085905,Forecast Increase,Normal
P01814,14.833333333333334,445.0,14.0,16.0,16.303571428571427,4.418636741049286,913,14.607142857142858,0.015484922575387128,0.22619047619047628,Forecast Increase,Normal
P01815,12.0,360.0,12.0,12.0,15.107142857142858,4.543441112511215,846,13.928571428571429,-0.13846153846153847,-1.9285714285714288,Forecast Decrease,Normal
P01816,61.91320736477019,1857.3962209431056,53.34236312223627,66.87876808126884,64.33928571428571,10.495499963342361,3603,61.785714285714285,0.002063471799748712,0.12749307905590257,Forecast Increase,Normal
P01817,24.18353922277043,725.5061766831129,21.00405295976924,26.283320403194992,23.857142857142858,2.235487105174752,1336,23.678571428571427,0.021325940026503943,0.5049677941990041,Forecast Increase,Normal
P01818,150.40484699977932,4512.14540999338,132.12884247652138,161.7218401420097,143.91071428571428,11.464215924050224,8059,147.10714285714286,0.022417022576795568,3.297704142636462,Forecast Increase,Normal
P01819,396.6643896648928,11899.931689946783,339.075818666542,431.8496174972372,374.4107142857143,47.686009682930276,20967,395.39285714285717,0.003215871250744935,1.2715325220356135,Forecast Increase,Normal
P01820,26.908997476967333,807.26992430902,19.68010717650021,31.280377091835863,25.982142857142858,4.056380255747825,1455,26.5,0.01543386705537104,0.4089974769673326,Forecast Increase,Normal
P01821,36.96153023814522,1108.8459071443567,31.389440901462294,40.485491896563055,38.535714285714285,9.676521324063978,2158,35.535714285714285,0.040123463988006286,1.4258159524309377,Forecast Increase,Normal
P01822,16.65740377224172,499.7221131672516,14.66696349003121,17.869094188910772,17.553571428571427,4.255134408120248,983,15.892857142857142,0.048106304770265666,0.7645466293845793,Forecast Increase,Normal
P01823,223.99758249721606,6719.9274749164815,166.5555646649075,259.53101938317354,209.30357142857142,33.48102292499285,11721,220.71428571428572,0.014875778304538737,3.2832967829303357,Forecast Increase,Normal
P01824,397.38338467062437,11921.50154011873,349.3742061987541,422.0382160822717,388.23214285714283,30.57449386865915,21741,394.17857142857144,0.00813035886359353,3.2048132420529214,Forecast Increase,Normal
P01825,63.6782880712469,1910.3486421374068,48.268158274764446,72.52532473096328,56.82142857142857,8.995164646241166,3182,60.07142857142857,0.06004284541909225,3.606859499818327,Forecast Increase,Normal
P01826,272.0350615453538,8161.051846360615,231.83299457502437,292.6230415959266,261.3392857142857,32.935350881117664,14635,268.32142857142856,0.013840240019953043,3.7136329739252574,Forecast Increase,Normal
P01827,2.607142857142857,78.21428571428572,2.607142857142857,2.607142857142857,2.7857142857142856,0.9669875568304563,156,2.607142857142857,0.0,0.0,Stable,Normal
P01828,172.34722073137982,5170.416621941395,172.34722073137982,172.34722073137982,172.51785714285714,40.703804187381245,9661,169.67857142857142,0.015727674274602258,2.6686493028084044,Forecast Increase,Normal
P01829,156.63805707307904,4699.141712192371,132.25412467361798,170.6652363230141,149.78571428571428,18.18262335879485,8388,154.96428571428572,0.010801013608253716,1.6737713587933172,Forecast Increase,Normal
P01830,6.899382915330998,206.98148745992992,5.075070280930181,7.939335367728868,6.607142857142857,1.0732884290571905,370,6.607142857142857,0.044230927725772695,0.292240058188141,Forecast Increase,Normal
P01831,130.0249895085263,3900.749685255789,130.0249895085263,130.0249895085263,135.23214285714286,35.50825311052403,7573,131.60714285714286,-0.01202178935176771,-1.582153348616572,Forecast Decrease,Normal
P01832,217.12629200771735,6513.78876023152,188.06872865767863,235.17610853030536,198.375,25.627799181925305,11109,209.10714285714286,0.03834947501555692,8.019149150574492,Forecast Increase,Normal
P01833,216.01375150879855,6480.412545263956,168.57276414005204,244.9649945350384,191.57142857142858,28.709109826203015,10728,199.46428571428572,0.08296956888923171,16.549465794512827,Forecast Increase,Normal
P01834,100.87276060344378,3026.1828181033134,85.37265996864835,110.67780953256602,93.46428571428571,11.241100375956862,5234,97.57142857142857,0.033835028146568774,3.3013320320152104,Forecast Increase,Normal
P01835,135.2616994238468,4057.850982715404,118.50809190293668,145.68198731939484,135.64285714285714,16.485176340004347,7596,132.60714285714286,0.020018201957368833,2.6545565667039455,Forecast Increase,Normal
P01836,115.54982637964196,3466.494791389259,99.88427234417856,123.35136496957315,112.5,8.669696440108869,6300,113.71428571428571,0.016141689268208213,1.8355406653562483,Forecast Increase,Normal
P01837,22.90062851363317,687.018855408995,18.985760173768544,25.33933682287627,24.160714285714285,5.886121691863715,1353,22.285714285714285,0.0275923050989243,0.6149142279188844,Forecast Increase,Normal
P01838,20.128474605753915,603.8542381726174,15.40039406279304,22.939747768571536,18.732142857142858,2.8122528751458744,1049,19.071428571428573,0.05542563475863217,1.0570460343253423,Forecast Increase,Normal
P01839,123.0,3690.0,123.0,123.0,194.55357142857142,46.271891975723086,10895,178.92857142857142,-0.31257485029940113,-55.928571428571416,Forecast Decrease,High
P01840,22.45637910613218,673.6913731839653,19.74173583573048,24.21190059991285,24.285714285714285,5.968749787516143,1360,21.785714285714285,0.03078461470770661,0.670664820417894,Forecast Increase,Normal
P01841,9.9972517121023,299.917551363069,9.9972517121023,9.9972517121023,10.785714285714286,2.2296700588716196,604,10.642857142857142,-0.0606609129568309,-0.6456054307548431,Forecast Decrease,Normal
P01842,25.15245040294739,754.5735120884217,18.984821332816956,28.91507863639233,22.803571428571427,3.3813372441153455,1277,23.321428571428573,0.07851242156589112,1.831021831518818,Forecast Increase,Normal
P01843,14.578948703706098,437.36846111118297,10.790346112415335,16.807217894858056,13.625,2.014154458282229,763,13.785714285714286,0.05754032047608997,0.7932344179918118,Forecast Increase,Normal
P01844,166.85572723475497,5005.671817042649,124.75919565932271,193.21053407360156,154.41071428571428,24.168933316601663,8647,160.89285714285714,0.03706112376762245,5.962870091897827,Forecast Increase,Normal
P01845,279.4248090624579,8382.744271873737,242.79607862519197,306.2773062462924,270.6607142857143,39.13718380062822,15157,266.2857142857143,0.04934209411867234,13.139094776743605,Forecast Increase,Normal
P01846,2.566666666666667,77.0,2.0,3.0,2.5714285714285716,0.8708855024867266,144,2.357142857142857,0.08888888888888895,0.20952380952380967,Forecast Increase,Normal
P01847,19.843797109297004,595.3139132789101,17.267818225033864,21.509705232503705,21.375,5.661874087421779,1197,19.107142857142858,0.03855386740245999,0.7366542521541461,Forecast Increase,Normal
P01848,17.194639290913805,515.8391787274142,17.194639290913805,17.194639290913805,19.5,6.063302430494159,1092,17.214285714285715,-0.0011412860050072084,-0.019646423371909805,Forecast Decrease,Normal
P01849,106.57417803807763,3197.225341142329,106.57417803807763,106.57417803807763,107.73214285714286,21.53600880675608,6033,106.71428571428571,-0.0013129233379605408,-0.14010767620807485,Forecast Decrease,Normal
P01850,45.35778548645306,1360.7335645935918,39.613590555155646,48.88101138482975,42.30357142857143,3.5874510721130655,2369,43.535714285714285,0.04185233274871676,1.822071200738776,Forecast Increase,Normal
P01851,4.0,120.0,4.0,4.0,4.5,0.5393598899705935,252,4.464285714285714,-0.10400000000000002,-0.4642857142857144,Forecast Decrease,Normal
P01852,247.6633414225922,7429.900242677766,217.20603549467856,264.96677602843914,242.35714285714286,29.077594355559985,13572,236.25,0.048310439883988136,11.413341422592197,Forecast Increase,Normal
P01853,224.25,6727.5,224.25,224.25,218.69642857142858,54.18819718615591,12247,224.25,0.0,0.0,Stable,Normal
P01854,64.21222218050632,1926.3666654151893,54.62753667035126,70.21454040283335,63.55357142857143,10.432326756694389,3559,63.607142857142854,0.009512757470060045,0.6050793233634622,Forecast Increase,Normal
P01855,104.02808283888855,3120.8424851666564,91.1243455396822,112.37891492402083,101.10714285714286,12.396008993262267,5662,98.82142857142857,0.05268750252579671,5.206654267459982,Forecast Increase,Normal
P01856,17.781224511856447,533.4367353556934,15.437419109562043,19.25118886418077,17.857142857142858,1.6995033651957536,1000,17.607142857142858,0.009886990531400608,0.17408165471358927,Forecast Increase,Normal
P01857,430.99098845379143,12929.729653613744,378.0385794671057,462.53717217791615,410.55357142857144,35.69156744965101,22991,420.9642857142857,0.023818416620527687,10.026702739505708,Forecast Increase,Normal
P01858,43.81189175352958,1314.3567526058873,37.043213554219285,47.59317599298207,42.285714285714285,4.923835481020444,2368,44.0,-0.0042751874197822885,-0.18810824647042068,Forecast Decrease,Normal
P01859,108.38456042058151,3251.5368126174453,92.97187157197364,117.94429840336544,105.91071428571429,16.218145601555275,5931,104.32142857142857,0.03894819985494087,4.0631318491529385,Forecast Increase,Normal
P01860,440.0,13200.0,440.0,440.0,179.08928571428572,226.13650557980276,10029,211.10714285714286,1.0842497039418033,228.89285714285714,Forecast Increase,Critical
P01861,55.31819529103932,1659.5458587311798,46.82045702139463,60.72536243101669,50.785714285714285,6.654360937048688,2844,53.25,0.038839348188531894,2.0681952910393235,Forecast Increase,Normal
P01862,97.0,2910.0,97.0,97.0,49.517857142857146,62.63080597551701,2773,45.607142857142854,1.1268598277212218,51.392857142857146,Forecast Increase,Critical
P01863,27.94715708393296,838.4147125179888,20.647452001554925,32.56357153617592,28.660714285714285,7.720755464011592,1605,26.25,0.06465360319744613,1.6971570839329608,Forecast Increase,Normal
P01864,200.15404459463062,6004.621337838918,149.54560903180436,230.30512271010048,185.75,26.0274330798731,10402,194.78571428571428,0.027560184937597647,5.368330308916342,Forecast Increase,Normal
P01865,91.67682118734754,2750.3046356204263,91.67682118734754,91.67682118734754,96.125,21.97276206413915,5383,92.28571428571429,-0.006597912830599453,-0.6088930983667495,Forecast Decrease,Normal
P01866,32.0,960.0,32.0,32.0,36.392857142857146,10.584170979565444,2038,35.107142857142854,-0.08850457782299076,-3.107142857142854,Forecast Decrease,Normal
P01867,2.1333333333333333,64.0,2.0,3.0,2.5357142857142856,0.8520410940641453,142,2.2857142857142856,-0.06666666666666662,-0.15238095238095228,Forecast Decrease,Normal
P01868,7.67464397617195,230.2393192851585,7.67464397617195,7.67464397617195,8.642857142857142,2.67940679614365,484,7.892857142857143,-0.027646917046087825,-0.2182131666851932,Forecast Decrease,Normal
P01869,26.06632652785086,781.9897958355258,22.683902430808928,28.21320963389574,28.071428571428573,7.25598722775548,1572,25.25,0.03232976347924191,0.8163265278508582,Forecast Increase,Normal
P01870,364.6014657728943,10938.043973186828,306.721336537388,402.1044918768524,329.64285714285717,41.106260780137575,18460,345.39285714285717,0.05561379812232858,19.208608630037133,Forecast Increase,Normal
P01871,194.80294248367625,5844.088274510287,170.95534148585466,208.85749857135343,190.0,23.815961034566698,10640,184.28571428571428,0.05707023053157658,10.51722819796197,Forecast Increase,Normal
P01872,24.20635727594277,726.1907182782832,24.20635727594277,24.20635727594277,28.321428571428573,10.050973978778272,1586,25.821428571428573,-0.06254771268824681,-1.6150712954858015,Forecast Decrease,Normal
P01873,136.80927017035629,4104.278105110689,101.42841573030938,157.63226922338384,127.71428571428571,20.06690109310652,7152,133.57142857142858,0.02424052533956568,3.2378415989277016,Forecast Increase,Normal
P01874,93.31888569176613,2799.566570752984,81.42638155435435,100.53963896128198,86.875,10.251496564803686,4865,85.5,0.09144895545925294,7.818885691766127,Forecast Increase,Normal
P01875,277.85573298773784,8335.671989632136,241.50141298954105,297.6357198304691,264.7142857142857,20.615717116020768,14824,272.67857142857144,0.01898631613053818,5.177161559166393,Forecast Increase,Normal
P01876,279.998597286963,8399.95791860889,244.7572866583849,300.8385106716548,262.4642857142857,20.70130807084797,14698,267.2142857142857,0.0478429195449029,12.784311572677268,Forecast Increase,Normal
P01877,268.3,8049.0,193.0,316.0,241.92857142857142,36.67293138138669,13548,256.35714285714283,0.0465867929785457,11.942857142857179,Forecast Increase,Normal
P01878,39.503338551207335,1185.10015653622,34.27486779715942,42.71005659617752,37.232142857142854,3.3897764551050265,2085,38.285714285714285,0.03180361887481848,1.2176242654930505,Forecast Increase,Normal
P01879,20.521680781936773,615.6504234581032,17.60988998538001,22.3297504500008,20.982142857142858,2.1105024944834314,1175,20.642857142857142,-0.005870135131090555,-0.12117636092036932,Forecast Decrease,Normal
P01880,180.31941184916573,5409.582355474972,156.83034094127584,196.50780678547295,175.17857142857142,15.434444529106898,9810,179.92857142857142,0.0021721976531641207,0.3908404205943157,Forecast Increase,Normal
P01881,463.4825069933458,13904.475209800374,403.0197008401054,498.7062018005666,445.19642857142856,37.51674517906863,24931,457.75,0.012523226637565906,5.732506993345794,Forecast Increase,Normal
P01882,45.0,1350.0,45.0,45.0,40.982142857142854,5.175083912990545,2295,39.464285714285715,0.14027149321266966,5.535714285714285,Forecast Increase,Normal
P01883,188.12825492683893,5643.847647805168,140.09617210018905,216.84286517190557,170.0,25.171412356083636,9520,177.0,0.06287149676180188,11.128254926838935,Forecast Increase,Normal
P01884,124.93333333333334,3748.0,0.0,501.0,106.08928571428571,196.12086039765603,5941,130.28571428571428,-0.04108187134502915,-5.3523809523809405,Forecast Decrease,Normal
P01885,12.15960710037571,364.7882130112713,12.15960710037571,12.15960710037571,13.821428571428571,4.928976079755834,774,11.5,0.057357139163105274,0.6596071003757107,Forecast Increase,Normal
P01886,157.23420908867897,4717.026272660369,137.96788507607462,169.9064656307191,147.875,12.707996766531767,8281,151.78571428571428,0.03589596576070854,5.448494802964689,Forecast Increase,Normal
P01887,3.566666666666667,107.0,3.0,4.0,3.732142857142857,1.0178599908823227,209,3.4285714285714284,0.0402777777777779,0.1380952380952385,Forecast Increase,Normal
P01888,9.805254061683083,294.1576218504925,7.199806739424648,11.39111821838126,9.982142857142858,2.766626244945418,559,9.321428571428571,0.05190465029550321,0.48382549025451205,Forecast Increase,Normal
P01889,285.14594984714415,8554.378495414325,237.3964770448788,313.6734183331734,262.76785714285717,32.05165777668553,14715,269.64285714285717,0.057494913340402055,15.503092704286985,Forecast Increase,Normal
P01890,251.20565981652214,7536.169794495664,219.91359408208652,271.3270300746289,249.625,31.385325175368752,13979,241.0,0.042347136168141675,10.205659816522143,Forecast Increase,Normal
P01891,9.266666666666667,278.0,6.0,11.0,9.589285714285714,2.695294119314326,537,8.892857142857142,0.042034805890227726,0.37380952380952515,Forecast Increase,Normal
P01892,15.535714285714286,466.0714285714286,15.535714285714286,15.535714285714286,15.428571428571429,3.421095746087225,864,15.535714285714286,0.0,0.0,Stable,Normal
P01893,170.4859184035204,5114.577552105612,147.90913271202626,184.14511978083863,174.69642857142858,21.45517072058274,9783,171.64285714285714,-0.00674038383300638,-1.1569387393367379,Forecast Decrease,Normal
P01894,8.0,240.0,8.0,8.0,8.964285714285714,2.256016486998796,502,8.321428571428571,-0.038626609442060054,-0.3214285714285712,Forecast Decrease,Normal
P01895,155.69200927306147,4670.760278191844,135.94506858637072,168.41777529580554,150.33928571428572,11.867873801630545,8419,153.57142857142858,0.013808432475749043,2.120580701632889,Forecast Increase,Normal
P01896,603.4144919363736,18102.434758091207,510.42556212822205,668.128054751441,532.4107142857143,66.26963565909814,29815,560.8928571428571,0.07581061917978102,42.521634793516455,Forecast Increase,Normal
P01897,274.8402103138118,8245.206309414354,239.54665521506664,296.526822529266,255.32142857142858,22.93477482130348,14298,261.75,0.0500103545895388,13.090210313811781,Forecast Increase,Normal
P01898,18.524047079743298,555.7214123922989,18.524047079743298,18.524047079743298,19.464285714285715,5.588833951287597,1090,17.857142857142858,0.03734663646562464,0.66690422260044,Forecast Increase,Normal
P01899,20.880947126870012,626.4284138061004,18.113916090334158,22.537850476011272,20.196428571428573,1.823280189480116,1131,20.035714285714285,0.042186309362496205,0.8452328411557275,Forecast Increase,Normal
P01900,90.11511085301234,2703.4533255903702,78.29937717669273,96.52938260641312,87.26785714285714,6.876814990646794,4887,89.14285714285714,0.010906692261356418,0.9722537101552007,Forecast Increase,Normal
P01901,295.74277205594,8872.2831616782,259.2836136356825,319.09655838345395,275.44642857142856,26.044660693688247,15425,281.35714285714283,0.05112942594139642,14.385629198797176,Forecast Increase,Normal
P01902,7.130109404584315,213.90328213752946,5.967400789093436,7.876693796596045,7.553571428571429,1.99926934705605,423,6.928571428571429,0.029087955300828992,0.2015379760128866,Forecast Increase,Normal
P01903,665.7385545744817,19972.15663723445,564.1612367972646,733.2757182385488,582.4642857142857,85.25575731787356,32618,610.6785714285714,0.09016197017869386,55.05998314591022,Forecast Increase,Normal
P01904,7.3041869322994994,219.12560796898498,7.3041869322994994,7.3041869322994994,8.285714285714286,2.4473680535649707,464,7.214285714285714,0.012461554972207826,0.08990121801378503,Forecast Increase,Normal
P01905,192.0,5760.0,0.0,562.0,186.5,244.87688929151912,10444,164.39285714285714,0.16793395611557682,27.60714285714286,Forecast Increase,Normal
P01906,21.87173028902161,656.1519086706483,21.87173028902161,21.87173028902161,23.535714285714285,6.0391579356255125,1318,21.071428571428573,0.03798042049594072,0.8003017175930367,Forecast Increase,Normal
P01907,319.4297864003954,9582.893592011862,278.99666738475446,347.2675918996593,307.14285714285717,45.4094217582165,17200,302.82142857142856,0.05484538497594906,16.60835782896686,Forecast Increase,Normal
P01908,8.290780171908839,248.72340515726518,6.165996709485135,9.56955233135668,7.732142857142857,1.34151978169363,433,7.821428571428571,0.06000842380569634,0.4693516004802678,Forecast Increase,Normal
P01909,14.531130782813166,435.933923484395,10.834009773720972,16.683951001357805,13.839285714285714,2.0250861774191304,775,14.0,0.03793791305808331,0.5311307828131664,Forecast Increase,Normal
P01910,18.98334866310906,569.5004598932718,16.26165152705942,20.66586359769224,20.357142857142858,4.9301616105857535,1140,18.392857142857142,0.03210439333408477,0.5904915202519163,Forecast Increase,Normal
P01911,22.27621194656264,668.2863583968792,22.27621194656264,22.27621194656264,22.732142857142858,4.6651164710338895,1273,22.071428571428573,0.00927821117112277,0.20478337513406686,Forecast Increase,Normal
P01912,59.005241105819216,1770.1572331745765,50.32946483490672,64.32206665582756,56.160714285714285,8.132486560845807,3145,55.964285714285715,0.05433742882127506,3.040955391533501,Forecast Increase,Normal
P01913,252.63218170741408,7578.965451222422,220.72944912849547,271.2632563748666,256.51785714285717,36.929412309248754,14365,245.28571428571428,0.029950653437331737,7.346467421699799,Forecast Increase,Normal
P01914,26.463151879275344,793.8945563782603,19.400353060404484,31.199335924844743,25.696428571428573,3.944707122932485,1439,26.25,0.008120071591441675,0.21315187927534396,Forecast Increase,Normal
P01915,10.121339427158889,303.64018281476666,7.602237762021978,11.594712054004374,9.428571428571429,1.4251908051797242,528,9.571428571428571,0.05745337298674958,0.5499108557303174,Forecast Increase,Normal
P01916,157.0065577705745,4710.1967331172345,157.0065577705745,157.0065577705745,138.0,204.02406275196608,7728,146.96428571428572,0.06833137729674008,10.042272056288766,Forecast Increase,Normal
P01917,225.7711109911018,6773.133329733054,195.85144509049985,246.5934638418062,212.73214285714286,28.072951116966387,11913,213.92857142857142,0.05535744703686994,11.84253956253039,Forecast Increase,Normal
P01918,218.18963665192013,6545.689099557604,185.02216173426507,237.8964651672925,203.625,27.183258551074136,11403,208.57142857142858,0.0461146962763293,9.618208080491542,Forecast Increase,Normal
P01919,10.940132478943658,328.20397436830973,9.567741978543063,11.894874454361869,10.714285714285714,1.0906926192151432,600,10.607142857142858,0.031392960977853254,0.3329896218008006,Forecast Increase,Normal
P01920,18.659079140340527,559.7723742102158,16.314486924674984,20.17034590218783,18.125,1.629974902204994,1015,17.928571428571427,0.04074545005883426,0.7305077117690999,Forecast Increase,Normal
P01921,0.0,0.0,0.0,0.0,142.91071428571428,180.19043227407184,8003,144.10714285714286,-1.0,-144.10714285714286,Forecast Decrease,Critical
P01922,10.949700660807627,328.49101982422883,10.949700660807627,10.949700660807627,11.964285714285714,3.6925688802058847,670,10.892857142857142,0.005218421320044518,0.05684351795048492,Forecast Increase,Normal
P01923,197.3978892957982,5921.936678873946,171.96224800041418,211.81393282811536,189.46428571428572,15.726022771438185,10610,194.07142857142858,0.01714039386866932,3.3264607243696105,Forecast Increase,Normal
P01924,21.27734309021109,638.3202927063327,18.74136068785396,23.04283700698977,21.089285714285715,2.2014605541386763,1181,20.642857142857142,0.030736343470433466,0.6344859473539479,Forecast Increase,Normal
P01925,121.21428571428572,3636.4285714285716,121.21428571428572,121.21428571428572,124.60714285714286,184.14526662605047,6978,121.21428571428571,1.1723745787438305e-16,1.4210854715202004e-14,Forecast Increase,Normal
P01926,4.169713444987662,125.09140334962986,3.4295989421919497,4.690934406774479,4.571428571428571,1.2913297284320797,256,4.107142857142857,0.015234577910039442,0.06257058784480485,Forecast Increase,Normal
P01927,274.06411806062835,8221.923541818851,205.85696368402543,314.58110233677417,258.0,39.99590888169348,14448,272.4642857142857,0.005871713946466568,1.5998323463426232,Forecast Increase,Normal
P01928,147.83377873519538,4435.013362055862,127.70458453352312,158.4220320190237,140.625,11.981140482972696,7875,143.35714285714286,0.031227156100017573,4.4766358780525195,Forecast Increase,Normal
P01929,103.36706320717478,3101.0118962152433,78.19389264282366,118.70382576327202,93.17857142857143,13.06363048920328,5218,97.78571428571429,0.05707734470449002,5.5813489214604886,Forecast Increase,Normal
P01930,11.080751774717672,332.4225532415302,11.080751774717672,11.080751774717672,11.5,3.2079446832682574,644,10.5,0.05530969283025452,0.5807517747176725,Forecast Increase,Normal
P01931,167.2187534982663,5016.562604947989,128.09813296304822,190.5442914471483,153.5,21.634988497171136,8596,159.21428571428572,0.050274808872017955,8.004467783980573,Forecast Increase,Normal
P01932,278.7693942014138,8363.081826042413,243.5774708007328,301.949552320645,260.1607142857143,23.345450626086976,14569,268.07142857142856,0.03990714596850335,10.69796562998522,Forecast Increase,Normal
P01933,125.12879181123107,3753.863754336932,108.40290259425156,135.64182008771778,120.51785714285714,10.128252243427466,6749,122.0,0.02564583451828744,3.1287918112310678,Forecast Increase,Normal
P01934,244.08692432363034,7322.6077297089105,183.29464432776652,281.1282150728325,224.53571428571428,33.835411404844244,12574,237.10714285714286,0.029437246733190158,6.979781466487481,Forecast Increase,Normal
P01935,107.37303983581003,3221.191195074301,89.94502133452187,117.7459981237933,105.0,12.647673160057403,5880,106.89285714285714,0.0044921869036689075,0.4801826929528943,Forecast Increase,Normal
P01936,154.89285714285714,4646.785714285714,154.89285714285714,154.89285714285714,156.19642857142858,37.05888171930872,8747,154.89285714285714,0.0,0.0,Stable,Normal
P01937,28.474282978393607,854.2284893518082,20.857910434980507,33.23661508707572,27.517857142857142,3.8705934307924292,1541,27.857142857142858,0.02215374794233458,0.617140121250749,Forecast Increase,Normal
P01938,298.69316415633256,8960.794924689977,252.9669463577975,328.302283148448,312.48214285714283,52.951432660308846,17499,301.4642857142857,-0.009192205144258812,-2.7711215579531654,Forecast Decrease,Normal
P01939,82.00350661230468,2460.1051983691405,60.76483580632602,95.22861695099752,77.35714285714286,12.146722073994159,4332,79.96428571428571,0.025501645888580216,2.039220898018968,Forecast Increase,Normal
P01940,19.425089272049068,582.752678161472,16.118168921874584,21.43061583522862,21.267857142857142,5.807490684619995,1191,19.25,0.00909554659995156,0.17508927204906755,Forecast Increase,Normal
P01941,7.192054989656016,215.7616496896805,7.192054989656016,7.192054989656016,7.714285714285714,2.387195278711254,432,7.107142857142857,0.011947435730494827,0.08491213251315965,Forecast Increase,Normal
P01942,12.800504414399027,384.0151324319708,11.039549976476502,13.875444359167686,13.178571428571429,1.3896650068159717,738,12.75,0.003961130541100173,0.0505044143990272,Forecast Increase,Normal
P01943,448.0,13440.0,448.0,448.0,177.16071428571428,208.91309866116052,9921,160.67857142857142,1.7881751500333407,287.32142857142856,Forecast Increase,Critical
P01944,601.1375037257772,18034.125111773315,507.03364991507806,657.6169585281845,552.1607142857143,69.60088212233948,30921,573.7857142857143,0.04766899690786498,27.351789440062817,Forecast Increase,Normal
P01945,139.17832767431622,4175.3498302294865,122.07961265695684,148.87068280339392,133.39285714285714,10.218839235680115,7470,135.53571428571428,0.02687567190536349,3.6426133886019443,Forecast Increase,Normal
P01946,305.9537363474287,9178.612090422861,233.1488194440185,349.7012847812556,267.69642857142856,39.849681026603946,14991,280.67857142857144,0.09005021220613339,25.27516491885723,Forecast Increase,Normal
P01947,18.830843502021924,564.9253050606577,16.455460433558404,20.410547172129625,18.5,1.684150716641368,1036,18.357142857142858,0.025804704390299346,0.4737006448790666,Forecast Increase,Normal
P01948,12.333333333333334,370.0,10.0,14.0,13.464285714285714,3.557140249307967,754,12.142857142857142,0.01568627450980401,0.19047619047619158,Forecast Increase,Normal
P01949,15.833333333333334,475.0,14.0,18.0,15.571428571428571,1.5938192307346968,872,15.571428571428571,0.01681957186544348,0.26190476190476275,Forecast Increase,Normal
P01950,19.41344077816433,582.4032233449299,14.448416679428624,22.38699016271823,18.446428571428573,2.6486335609630376,1033,18.607142857142858,0.043332709766988865,0.8062979210214714,Forecast Increase,Normal
P01951,17.7005828338046,531.017485014138,13.237804353025853,20.42891454622357,17.178571428571427,4.529126517661764,962,15.928571428571429,0.11124735279490756,1.7720114052331706,Forecast Increase,Normal
P01952,14.75533169940356,442.6599509821068,10.851820917529942,17.144236974603835,15.696428571428571,4.133761847637937,879,14.321428571428571,0.03029747527007409,0.43390312797498964,Forecast Increase,Normal
P01953,230.5028304924687,6915.084914774061,196.25734479709897,250.6116561528613,219.69642857142858,20.879672274384802,12303,227.92857142857142,0.011294148196352811,2.574259063897273,Forecast Increase,Normal
P01954,0.0,0.0,0.0,0.0,51.535714285714285,59.09498187762546,2886,46.214285714285715,-1.0,-46.214285714285715,Forecast Decrease,Critical
P01955,207.47943260679148,6224.382978203745,181.0018770741444,222.5393850285129,217.82142857142858,29.72425219969665,12198,209.42857142857142,-0.009306938439604078,-1.9491388217799397,Forecast Decrease,Normal
P01956,171.3563647074591,5140.690941223773,171.35636470745908,171.35636470745908,181.67857142857142,47.63768834283787,10174,172.25,-0.005188013309381089,-0.8936352925408926,Forecast Decrease,Normal
P01957,81.21269703902028,2436.3809111706087,68.87506333193141,88.11205599028693,79.28571428571429,10.019461581822165,4440,82.85714285714286,-0.019846759873893168,-1.644445818122577,Forecast Decrease,Normal
P01958,22.32754770366913,669.8264311100738,19.20024089557884,24.45856787279996,22.696428571428573,2.327071064720573,1271,22.285714285714285,0.001877140549255844,0.04183341795484452,Forecast Increase,Normal
P01959,419.28856454512635,12578.656936353791,354.08889144480986,461.2639993637197,395.4642857142857,49.15243979358843,22146,411.64285714285717,0.018573642830430077,7.645707402269181,Forecast Increase,Normal
P01960,488.11655826001163,14643.49674780035,428.58207406401095,528.7994607768437,463.9642857142857,35.95146439587391,25982,480.39285714285717,0.016077885010804024,7.723701117154462,Forecast Increase,Normal
P01961,12.454015297069793,373.6204589120938,10.92595025532799,13.436732567270685,12.982142857142858,3.332981583172375,727,11.714285714285714,0.06314764731083604,0.7397295827840793,Forecast Increase,Normal
P01962,5.964285714285714,178.92857142857144,5.964285714285714,5.964285714285714,5.910714285714286,1.2102108864203749,331,5.964285714285714,0.0,0.0,Stable,Normal
P01963,139.4765530120949,4184.296590362847,123.3080090916063,149.89768219978518,137.91071428571428,18.121084440471595,7723,131.78571428571428,0.05835866784245467,7.690838726380633,Forecast Increase,Normal
P01964,5.3,159.0,4.0,6.0,5.0,0.7385489458759963,280,5.035714285714286,0.05248226950354609,0.26428571428571423,Forecast Increase,Normal
P01965,300.0763608750218,9002.290826250653,226.3582222907968,341.3873669003312,275.75,43.49848482209675,15442,292.82142857142856,0.024775961031907674,7.25493230359325,Forecast Increase,Normal
P01966,103.289518688657,3098.68556065971,87.76015894424542,112.8483539309981,98.78571428571429,12.903437576812676,5532,102.96428571428571,0.003158696941517897,0.3252329743712892,Forecast Increase,Normal
P01967,8.525323304454087,255.7596991336226,8.525323304454087,8.525323304454087,9.178571428571429,2.9671360103466946,514,8.25,0.03337252175201055,0.27532330445408704,Forecast Increase,Normal
P01968,13.346998913809614,400.4099674142884,11.604475604550078,14.494093379649586,13.125,1.2069872334942837,735,12.964285714285714,0.029520577373744382,0.38271319952390037,Forecast Increase,Normal
P01969,12.911979917801927,387.35939753405785,9.623566136335842,14.978362208012854,11.946428571428571,1.8032258251875657,669,12.107142857142858,0.06647621739956919,0.8048370606590698,Forecast Increase,Normal
P01970,30.16639765512623,904.9919296537869,25.28173573669729,33.40621176106879,31.392857142857142,8.141205118360594,1758,28.714285714285715,0.05057106261633629,1.4521119408405134,Forecast Increase,Normal
P01971,14.62507306808244,438.7521920424732,12.780645505230035,15.886471630926136,15.446428571428571,4.017777055478872,865,13.857142857142858,0.055417644088423444,0.767930210939582,Forecast Increase,Normal
P01972,59.5951058192472,1787.853174577416,59.5951058192472,59.5951058192472,61.410714285714285,13.460753437935153,3439,57.42857142857143,0.03772572322072238,2.1665343906757712,Forecast Increase,Normal
P01973,9.803253704497214,294.0976111349164,7.6730609948425,11.085048964153536,8.767857142857142,1.2790773866498313,491,8.857142857142858,0.10681896663678217,0.9461108473543565,Forecast Increase,Normal
P01974,165.38598472876768,4961.5795418630305,146.26871956235084,178.59258094133605,155.07142857142858,12.443117327710484,8684,159.35714285714286,0.03783226633919654,6.02884187162482,Forecast Increase,Normal
P01975,5.412212378895879,162.3663713668764,5.412212378895879,5.412212378895879,5.714285714285714,1.3309502512973845,320,5.5,-0.01596138565529466,-0.08778762110412064,Forecast Decrease,Normal
P01976,214.1770712343917,6425.31213703175,214.1770712343917,214.1770712343917,205.5,48.12068162443255,11508,200.75,0.0668845391501454,13.42707123439169,Forecast Increase,Normal
P01977,17.75,532.5,17.75,17.75,17.053571428571427,3.574758188171069,955,17.75,0.0,0.0,Stable,Normal
P01978,22.560256841199955,676.8077052359987,16.796234872464552,26.00383741579663,21.196428571428573,2.962920198705342,1187,21.607142857142858,0.04411106041917144,0.9531139840570972,Forecast Increase,Normal
P01979,400.9129996336063,12027.38998900819,345.6685169846403,433.965248302434,379.51785714285717,60.09991410413725,21253,369.7857142857143,0.08417654913472833,31.12728534789204,Forecast Increase,Normal
P01980,370.72762835826813,11121.828850748045,318.90812513249125,407.211209834258,359.5892857142857,52.03417645625344,20137,350.39285714285717,0.05803420589455785,20.334771215410967,Forecast Increase,Normal
P01981,28.991567683852338,869.7470305155701,21.71526228497721,33.42029621416174,28.267857142857142,7.590642735820011,1583,25.785714285714285,0.12432672458153117,3.2058533981380535,Forecast Increase,Normal
P01982,103.99964404922413,3119.989321476724,88.54941026799338,113.84977812988195,105.10714285714286,14.932184363653224,5886,103.42857142857143,0.005521420365426657,0.5710726206526999,Forecast Increase,Normal
P01983,57.34572334259115,1720.3717002777346,50.18414578573991,61.927913139684144,54.482142857142854,4.3148414968405415,3051,55.642857142857146,0.03060350038032869,1.7028661997340038,Forecast Increase,Normal
P01984,143.9466257704931,4318.398773114794,119.74055830356504,157.58894279301137,138.51785714285714,18.63817301954495,7757,141.85714285714286,0.014729486801059182,2.0894829133502526,Forecast Increase,Normal
P01985,35.11033828930993,1053.310148679298,29.66245151261786,38.45550288143762,36.410714285714285,9.557056956110374,2039,32.82142857142857,0.06973827214437224,2.28890971788136,Forecast Increase,Normal
P01986,26.22460397719004,786.7381193157012,19.049264064717462,30.441431749895727,27.982142857142858,7.707118483887171,1567,25.464285714285715,0.029858220703115102,0.7603182629043239,Forecast Increase,Normal
P01987,658.5646529338139,19756.93958801442,567.4500285855797,712.9994031240276,609.9464285714286,62.620769033011065,34157,628.8214285714286,0.04729995354954226,29.743224362385376,Forecast Increase,Normal
P01988,50.476416048160175,1514.2924814448052,43.94383206645898,54.17905182668997,48.30357142857143,4.356477488051112,2705,49.42857142857143,0.02119916860439656,1.0478446195887443,Forecast Increase,Normal
P01989,27.750132040521788,832.5039612156536,27.750132040521788,27.750132040521788,27.714285714285715,6.335224142448704,1552,27.5,0.009095710564428636,0.2501320405217875,Forecast Increase,Normal
P01990,233.74745472961737,7012.423641888521,204.62953606432893,251.80992149504732,221.83928571428572,17.730073871265144,12423,226.75,0.030859778300407384,6.997454729617374,Forecast Increase,Normal
P01991,35.0,1050.0,35.0,35.0,15.839285714285714,17.925884571265588,887,19.464285714285715,0.7981651376146788,15.535714285714285,Forecast Increase,Critical
P01992,13.266666666666667,398.0,10.0,15.0,14.232142857142858,3.746470200206983,797,13.071428571428571,0.014936247723133051,0.19523809523809632,Forecast Increase,Normal
P01993,48.63466110394302,1459.0398331182905,41.31193982812344,53.04008406742507,45.839285714285715,5.365806846773661,2567,47.142857142857146,0.03164432644727606,1.4918039610858713,Forecast Increase,Normal
P01994,15.620175581003073,468.60526743009217,13.276483687044674,17.030204037678594,18.303571428571427,4.627662448824434,1025,16.392857142857142,-0.04713525867519378,-0.7726815618540694,Forecast Decrease,Normal
P01995,57.96666666666667,1739.0,0.0,219.0,61.57142857142857,91.09851952551291,3448,54.07142857142857,0.07203874944958176,3.895238095238099,Forecast Increase,Normal
P01996,381.7456230042709,11452.368690128127,321.03635501218747,416.1810960720263,357.5357142857143,48.85152432188201,20022,365.35714285714283,0.044856055143654525,16.388480147128064,Forecast Increase,Normal
P01997,198.3064580249853,5949.193740749559,198.3064580249853,198.3064580249853,206.125,50.14055245008775,11543,197.96428571428572,0.0017284547536691103,0.3421723106995671,Forecast Increase,Normal
P01998,25.515199122649683,765.4559736794905,18.771942354055103,29.690484814844524,25.107142857142858,6.471415670409435,1406,23.142857142857142,0.1025086040651098,2.372341979792541,Forecast Increase,Normal
P01999,18.120163308163537,543.6048992449062,13.357244351242574,20.85559810644812,19.625,5.115262367749001,1099,17.857142857142858,0.01472914525715805,0.2630204510206795,Forecast Increase,Normal
P02000,12.668903118589808,380.06709355769425,12.668903118589808,12.668903118589808,13.232142857142858,3.1564713983040757,741,12.857142857142858,-0.014640868554126048,-0.1882397385530492,Forecast Decrease,Normal
