product_id,residual_median,residual_robust_std,residual_pct_median,residual_pct_robust_std,historical_residual_count
P00001,1.0,2.2239,0.044466403162055336,0.10245511067193674,90
P00002,2.0,8.8956,0.017966484047695776,0.08783841281902088,90
P00003,6.0,16.3086,0.02406442901234568,0.0645553465648855,90
P00004,5.5,22.9803,0.02308429628840726,0.09759243242871833,90
P00005,1.0,1.4826,0.058823529411764705,0.08721176470588235,90
P00006,1.0,5.9304,0.06458333333333333,0.39844874999999996,90
P00007,1.0,2.9652,0.03393665158371041,0.11477534920322643,90
P00008,9.0,19.273799999999998,0.04369812040835798,0.09568774517153487,90
P00009,8.0,21.4977,0.04239456993434962,0.11676728038207607,90
P00010,0.0,330.6198,0.0,1.4826,90
P00011,0.0,4.4478,0.0,0.37065,90
P00012,18.0,47.4432,0.04851319940834007,0.1323419354274597,90
P00013,14.5,31.1346,0.06193665158371041,0.1301022629824461,90
P00014,0.0,1.4826,0.0,0.37065,90
P00015,0.5,6.6716999999999995,0.021739130434782608,0.30189173913043477,90
P00016,1.0,2.9652,0.054093567251461985,0.15627991228070176,90
P00017,0.0,1.4826,0.0,0.37065,90
P00018,2.0,29.651999999999997,0.010417797069994574,0.13466738431475767,90
P00019,1.0,1.4826,0.08333333333333333,0.12355,90
P00020,1.0,2.9652,0.041666666666666664,0.11668611111111109,90
P00021,2.5,6.6716999999999995,0.031734132933533235,0.09730665260590045,90
P00022,1.0,2.9652,0.058823529411764705,0.140847,90
P00023,1.0,1.4826,0.07142857142857142,0.1059,90
P00024,0.0,1.0,0.0,0.01,90
P00025,8.5,24.462899999999998,0.034493012191495684,0.0972903126377574,90
P00026,10.0,34.099799999999995,0.027691900623885917,0.09804488751613498,90
P00027,1.0,1.4826,0.09090909090909091,0.1617381818181818,90
P00028,5.0,10.3782,0.04,0.07346614925373134,90
P00029,18.5,37.065,0.05593864339994371,0.11617657909669199,90
P00030,1.0,2.9652,0.10555555555555556,0.39311363636363633,90
P00031,3.5,6.6716999999999995,0.04644321625958281,0.10388966766404026,90
P00032,0.0,1.4826,0.0,0.37065,90
P00033,0.0,1.4826,0.0,0.14826,90
P00034,35.0,60.0453,0.1435708898944193,0.29350113122171945,90
P00035,14.0,44.477999999999994,0.096846524497877,0.3167350221840561,90
P00036,3.5,22.238999999999997,0.04565047021943573,0.27366325,90
P00037,0.0,1.0,0.0,0.01,90
P00038,1.0,1.4826,0.06666666666666667,0.11404615384615385,90
P00039,0.0,119.3493,0.0,0.2634765990107453,90
P00040,1.0,4.4478,0.10555555555555556,0.3632053205128205,90
P00041,1.0,2.9652,0.037037037037037035,0.10982222222222221,90
P00042,4.0,11.119499999999999,0.02821939586645469,0.07959517432800935,90
P00043,0.0,1.4826,0.0,0.29652,90
P00044,14.5,45.2193,0.04709342142367965,0.14572819953696226,90
P00045,1.0,1.4826,0.08333333333333333,0.12355,90
P00046,6.5,22.9803,0.01842206945405954,0.0679955453730285,90
P00047,2.0,5.9304,0.0757142857142857,0.2620112068965517,90
P00048,1.0,4.4478,0.027820121951219513,0.10860906976744186,90
P00049,2.0,2.9652,0.05798319327731093,0.07884884096721691,90
P00050,0.0,1.4826,0.0,0.07413,90
P00051,7.5,20.0151,0.0648854961832061,0.19076169608049118,90
P00052,8.5,14.825999999999999,0.05303828591499824,0.1026019391025641,90
P00053,1.0,1.4826,0.05,0.09060333333333331,90
P00054,1.0,2.9652,0.047619047619047616,0.13959545454545455,90
P00055,1.5,16.3086,0.006388888888888888,0.07039408333333333,90
P00056,5.5,8.1543,0.09230769230769231,0.14059137931034482,90
P00057,0.5,1.0,0.03333333333333333,0.06462615384615385,90
P00058,2.0,2.9652,0.09307359307359307,0.1399965909090909,90
P00059,1.0,1.4826,0.08333333333333333,0.12355,90
P00060,0.0,1.4826,0.0,0.4942,90
P00061,2.0,6.6716999999999995,0.10025062656641603,0.3356844210526316,90
P00062,0.0,1.0,0.0,0.01,90
P00063,26.5,41.5128,0.1014405762304922,0.16091916101754067,90
P00064,2.0,7.412999999999999,0.09545454545454546,0.3268459090909091,90
P00065,0.0,2.9652,0.0,0.28304181818181817,90
P00066,2.5,11.119499999999999,0.01564870259481038,0.06906521739130435,90
P00067,1.0,1.4826,0.07142857142857142,0.1059,90
P00068,4.0,8.8956,0.03692988427501702,0.0986201673669632,90
P00069,1.0,2.9652,0.06666666666666667,0.10814636363636362,90
P00070,10.5,80.8017,0.049165018677213804,0.32128304988806533,90
P00071,0.0,1.0,0.0,0.01,90
P00072,1.0,1.4826,0.05131578947368421,0.0983427399380805,90
P00073,0.0,7.412999999999999,0.0,0.30780991379310346,90
P00074,30.5,53.373599999999996,0.09888963099014861,0.16912741502683362,90
P00075,0.0,1.0,0.0,0.01,90
P00076,13.0,39.2889,0.04050925925925926,0.12183759528759527,90
P00077,-1.0,25.2042,-0.004661246612466125,0.11146697354527557,90
P00078,2.0,4.4478,0.0625,0.13692907754010694,90
P00079,0.0,1.0,0.0,0.01,90
P00080,1.0,4.4478,0.058823529411764705,0.2670860294117647,90
P00081,6.5,15.5673,0.060874168179068364,0.14696395825771325,90
P00082,5.0,7.412999999999999,0.05154639175257732,0.07642268041237113,90
P00083,1.0,1.4826,0.07692307692307693,0.11404615384615385,90
P00084,1.0,2.9652,0.043478260869565216,0.14708333333333332,90
P00085,0.0,1.4826,0.0,0.37065,90
P00086,1.0,1.4826,0.05555555555555555,0.08236666666666666,90
P00087,0.0,1.0,0.0,0.01,90
P00088,1.0,4.4478,0.022474747474747474,0.0862710606060606,90
P00089,5.0,9.636899999999999,0.046536796536796536,0.08526967596759676,90
P00090,4.0,12.6021,0.028594771241830064,0.08566014738378779,90
P00091,0.0,1.4826,0.0,0.14826,90
P00092,0.0,232.76819999999998,0.0,1.4826,90
P00093,6.5,9.636899999999999,0.06711711711711713,0.10594313293237764,90
P00094,5.0,7.412999999999999,0.05131578947368421,0.08479539463121276,90
P00095,0.5,30.3933,0.0010330578512396695,0.06735268395812923,90
P00096,6.0,16.3086,0.022818966639191356,0.06591239719497322,90
P00097,4.0,11.119499999999999,0.039417475728155335,0.10737898587819944,90
P00098,0.0,1.4826,0.0,0.08721176470588235,90
P00099,2.0,2.9652,0.08333333333333333,0.12355,90
P00100,0.0,1.0,0.0,0.01,90
P00101,0.0,1.4826,0.0,0.0706,90
P00102,1.5,40.771499999999996,0.004063678257226644,0.10514089876963907,90
P00103,0.0,1.4826,0.0,0.37065,90
P00104,2.0,8.8956,0.021968787515006,0.1126900114155251,90
P00105,23.0,53.373599999999996,0.07381628787878788,0.16259893968760686,90
P00106,3.0,4.4478,0.23076923076923078,0.37065,90
P00107,0.0,1.0,0.0,0.2471,90
P00108,2.5,23.7216,0.012008939073159256,0.11378257648685876,90
P00109,0.0,1.4826,0.0,0.11404615384615385,90
P00110,1.0,5.9304,0.054411764705882354,0.3147273684210526,90
P00111,1.0,1.4826,0.07179487179487179,0.1064430769230769,90
P00112,2.0,2.9652,0.08166666666666667,0.14262455731225296,90
P00113,-1.0,36.323699999999995,-0.00838902812587023,0.3393658167310933,90
P00114,6.0,14.825999999999999,0.044466403162055336,0.11175395950350182,90
P00115,7.5,12.6021,0.044802867383512544,0.0814947347948098,90
P00116,10.5,35.5824,0.10506082725060828,0.31710494718763416,90
P00117,5.0,11.8608,0.0710112812248187,0.16443381818181818,90
P00118,1.0,2.9652,0.043478260869565216,0.11388086956521737,90
P00119,7.0,14.0847,0.03287258550416445,0.06448809121621621,90
P00120,7.0,23.7216,0.0352066199614174,0.12262911602240462,90
P00121,12.0,25.9455,0.06180784745141181,0.1261340419041904,90
P00122,3.0,5.1891,0.0496172772006561,0.08838620323139817,90
P00123,1.0,1.4826,0.06904761904761905,0.10237,90
P00124,1.0,5.9304,0.09090909090909091,0.2898315789473684,90
P00125,2.0,2.9652,0.09109730848861283,0.17706544622425627,90
P00126,2.0,2.9652,0.06458333333333333,0.09575124999999998,90
P00127,11.0,31.1346,0.047682526661197704,0.1427251951089728,90
P00128,3.0,10.3782,0.03094098883572568,0.10517318856885688,90
P00129,0.0,4.4478,0.0,0.2471,90
P00130,1.0,4.4478,0.01639344262295082,0.07173870967741935,90
P00131,0.0,1.4826,0.0,0.12355,90
P00132,1.0,2.9652,0.1111111111111111,0.33976249999999997,90
P00133,0.0,2.9652,0.0,0.185325,90
P00134,0.0,1.4826,0.0,0.06899545454545454,90
P00135,2.5,11.119499999999999,0.021072374227714033,0.08921529091465066,90
P00136,1.0,1.4826,0.045454545454545456,0.06739090909090908,90
P00137,10.5,24.462899999999998,0.047798698601689046,0.10912717265726819,90
P00138,5.5,26.686799999999998,0.021666152183979007,0.10465613674949836,90
P00139,0.0,7.412999999999999,0.0,0.2851153846153846,90
P00140,1.0,5.9304,0.015625,0.09005361685888738,90
P00141,9.5,14.0847,0.10416666666666667,0.15403636363636364,90
P00142,1.0,1.4826,0.06458333333333333,0.09575124999999998,90
P00143,3.0,13.343399999999999,0.025762936753648828,0.11058737704918033,90
P00144,0.0,1.0,0.0,0.01,90
P00145,1.0,2.9652,0.05263157894736842,0.16715588235294115,90
P00146,1.0,1.4826,0.07142857142857142,0.1059,90
P00147,6.0,7.412999999999999,0.047965457361430514,0.06273870131719704,90
P00148,5.0,16.3086,0.018655811536462844,0.06133172819227111,90
P00149,2.0,4.4478,0.13392857142857142,0.3689528846153846,90
P00150,1.0,2.9652,0.05131578947368421,0.12011805555555555,90
P00151,3.0,8.8956,0.047601199400299846,0.15087355769230767,90
P00152,1.0,1.4826,0.05718954248366013,0.09508504901960785,90
P00153,1.0,4.4478,0.0339080459770115,0.14592368186874305,90
P00154,2.0,10.3782,0.011461412151067323,0.058637723785166226,90
P00155,10.0,37.065,0.0412682221938884,0.140111233729485,90
P00156,1.0,1.4826,0.08333333333333333,0.12355,90
P00157,8.0,11.8608,0.09069448674992385,0.14136891208409777,90
P00158,3.5,15.5673,0.014130081300813009,0.06492547184119081,90
P00159,1.0,2.9652,0.0625,0.17987426470588233,90
P00160,0.0,106.74719999999999,0.0,0.2539269507976168,90
P00161,1.0,1.4826,0.125,0.185325,90
P00162,7.5,24.462899999999998,0.02835414102338667,0.0928441327053041,90
P00163,6.0,24.462899999999998,0.021441972661484857,0.09440065755334692,90
P00164,5.5,11.8608,0.053790165098526535,0.11748281249999999,90
P00165,0.0,1.4826,0.0,0.14826,90
P00166,15.5,40.0302,0.0459830866807611,0.12373410338334363,90
P00167,1.5,8.1543,0.0625,0.30446249999999997,90
P00168,0.0,1.4826,0.0,0.11404615384615385,90
P00169,1.0,2.2239,0.08712121212121213,0.1580878409090909,90
P00170,9.5,22.238999999999997,0.04860947904426165,0.10884477145408784,90
P00171,10.0,25.2042,0.03038125089627763,0.07838676470588234,90
P00172,1.0,1.4826,0.1111111111111111,0.16473333333333331,90
P00173,2.5,11.119499999999999,0.012235449735449735,0.05241355289780952,90
P00174,0.0,1.4826,0.0,0.4942,90
P00175,1.0,2.2239,0.03333333333333333,0.07089993464052287,90
P00176,0.0,1.4826,0.0,0.13478181818181817,90
P00177,3.0,13.343399999999999,0.015354484919702312,0.07436296902215808,90
P00178,0.5,1.0,0.045454545454545456,0.09734242424242423,90
P00179,13.5,25.9455,0.08037267080745342,0.1577173173974598,90
P00180,1.0,1.4826,0.08333333333333333,0.12355,90
P00181,0.0,1.0,0.0,0.01,90
P00182,1.0,1.4826,0.09090909090909091,0.13478181818181817,90
P00183,46.5,62.2692,0.13548046821832038,0.18771796668211177,90
P00184,9.0,30.3933,0.0590410905851826,0.20178250139195947,90
P00185,1.0,1.4826,0.08333333333333333,0.12355,90
P00186,23.5,41.5128,0.058684149988497816,0.1047826621898475,90
P00187,29.0,42.9954,0.08840811965811965,0.12664820656333714,90
P00188,3.0,5.9304,0.034523809523809526,0.0689304054054054,90
P00189,9.5,25.9455,0.03787590407308718,0.10298800046257703,90
P00190,2.0,2.9652,0.07142857142857142,0.12975536842105262,90
P00191,1.0,1.4826,0.07142857142857142,0.1059,90
P00192,1.0,2.9652,0.03774928774928775,0.11852352136752137,90
P00193,3.0,11.8608,0.02097902097902098,0.06961343160377359,90
P00194,1.0,2.9652,0.027402402402402402,0.08014054054054054,90
P00195,0.0,1.4826,0.0,0.08721176470588235,90
P00196,1.0,1.4826,0.05131578947368421,0.08721176470588235,90
P00197,6.5,17.7912,0.03902518454190186,0.10051525423728813,90
P00198,13.0,75.6126,0.050972222222222224,0.3100425727010741,90
P00199,0.5,6.6716999999999995,0.02,0.29007391304347824,90
P00200,6.0,24.462899999999998,0.014514803350646172,0.06409968179302712,90
P00201,10.0,13.343399999999999,0.08125750300120048,0.10906775856496444,90
P00202,0.0,2.9652,0.0,0.3500583333333333,90
P00203,0.0,1.4826,0.0,0.29652,90
P00204,10.0,23.7216,0.0416205177903918,0.10001895948372717,90
P00205,1.0,2.9652,0.02631578947368421,0.07655598178137651,90
P00206,0.0,1.4826,0.0,0.29652,90
P00207,1.0,1.4826,0.09545454545454546,0.14152090909090909,90
P00208,14.0,50.4084,0.036949583818519,0.13151349466776044,90
P00209,0.5,2.2239,0.03125,0.14208249999999997,90
P00210,0.0,1.0,0.0,0.01,90
P00211,3.0,15.5673,0.024917287014061207,0.11594692307692307,90
P00212,11.0,20.7564,0.06294014084507042,0.11335206259943022,90
P00213,2.0,8.8956,0.015936507936507936,0.07014112316272965,90
P00214,0.0,1.4826,0.0,0.11404615384615385,90
P00215,0.0,17.049899999999997,0.0,0.0439485634748325,90
P00216,1.0,1.4826,0.1111111111111111,0.16473333333333331,90
P00217,1.0,1.4826,0.08333333333333333,0.12355,90
P00218,0.0,152.7078,0.0,0.8766972602739725,90
P00219,16.5,49.6671,0.04181114903299203,0.13652120437789722,90
P00220,6.5,114.9015,0.024548422849953566,0.3764327182718271,90
P00221,6.0,28.9107,0.01614204002630371,0.07824643975072734,90
P00222,1.0,5.9304,0.011561079925153702,0.07690977527885105,90
P00223,0.0,1.4826,0.0,0.29652,90
P00224,0.0,2.9652,0.0,0.3129933333333333,90
P00225,0.0,1.4826,0.0,0.16473333333333331,90
P00226,1.0,1.4826,0.06666666666666667,0.09884,90
P00227,8.0,11.8608,0.04129124558626568,0.06673611296791443,90
P00228,0.0,5.9304,0.0,0.24059736842105262,90
P00229,20.5,69.6822,0.08348565804274466,0.2950939937509411,90
P00230,4.5,9.636899999999999,0.03888888888888889,0.09334888888888887,90
P00231,18.0,55.5975,0.037838192802731804,0.11186894309162514,90
P00232,5.0,7.412999999999999,0.05366743471582181,0.07956733870967742,90
P00233,2.0,2.9652,0.07407407407407407,0.0694481052631579,90
P00234,5.0,14.825999999999999,0.025695762175838077,0.07773473012231916,90
P00235,0.0,1.0,0.0,0.01,90
P00236,0.0,62.2692,0.0,0.29551121071389996,90
P00237,-0.5,2.2239,-0.041666666666666664,0.2618083333333333,90
P00238,1.0,1.4826,0.05263157894736842,0.07803157894736841,90
P00239,17.5,20.0151,0.08801964446288996,0.09691364275668073,90
P00240,1.0,1.4826,0.09090909090909091,0.1617381818181818,90
P00241,6.0,35.5824,0.02040276179516686,0.1166855020227065,90
P00242,6.0,14.825999999999999,0.05386473429951691,0.13240145383693044,90
P00243,5.0,34.099799999999995,0.037315510999721524,0.2590422563490353,90
P00244,0.5,2.2239,0.022727272727272728,0.10429545454545455,90
P00245,1.0,1.4826,0.06458333333333333,0.10192875,90
P00246,12.5,91.17989999999999,0.041503738766550044,0.2827342023807249,90
P00247,0.0,1.0,0.0,0.08236666666666666,90
P00248,6.0,16.3086,0.036269997808459346,0.09750879259001431,90
P00249,4.0,11.8608,0.02667733760170735,0.07778250122769684,90
P00250,21.5,51.149699999999996,0.05823990127404166,0.16271605118744234,90
P00251,0.0,1.4826,0.0,0.29652,90
P00252,0.0,1.4826,0.0,0.0743157894736842,90
P00253,14.5,57.8214,0.09704858363665136,0.3670170668953688,90
P00254,1.0,1.4826,0.10555555555555556,0.15649666666666665,90
P00255,1.0,2.9652,0.06971153846153846,0.17234978146853147,90
P00256,4.0,8.8956,0.0372359470103831,0.08740441781479225,90
P00257,6.5,13.343399999999999,0.043151595744680846,0.09717235561323814,90
P00258,0.0,46.701899999999995,0.0,0.1046872196666918,90
P00259,3.0,11.8608,0.017003426302475262,0.0735311633549252,90
P00260,2.0,4.4478,0.1125,0.3315258333333333,90
P00261,6.0,10.3782,0.04432166973603438,0.06786549295774648,90
P00262,1.0,1.4826,0.043478260869565216,0.08770070938215102,90
P00263,0.0,1.4826,0.0,0.2471,90
P00264,8.5,9.636899999999999,0.0625,0.07370880681818182,90
P00265,8.5,22.9803,0.09743679775280899,0.24410484848484848,90
P00266,0.0,46.701899999999995,0.0,0.4213705263157894,90
P00267,0.0,61.527899999999995,0.0,0.22652816161129835,90
P00268,13.5,21.4977,0.05922581984225819,0.09391253026634383,90
P00269,0.0,2.9652,0.0,0.29652,90
P00270,0.0,1.4826,0.0,0.1059,90
P00271,2.0,8.8956,0.035098522167487683,0.1637349494949495,90
P00272,21.0,38.547599999999996,0.06574718275355218,0.12114679790760556,90
P00273,-3.5,81.54299999999999,-0.016666666666666666,0.2963575704066507,90
P00274,25.0,44.477999999999994,0.1088888888888889,0.19273707349081365,90
P00275,2.0,2.9652,0.04772727272727273,0.07749954545454546,90
P00276,5.0,15.5673,0.022374164097225,0.0719054457193292,90
P00277,0.0,552.2685,0.0,1.4826,90
P00278,15.0,28.1694,0.04849498327759197,0.09263397406691376,90
P00279,2.0,4.4478,0.027783137179239824,0.05446431522365343,90
P00280,0.0,89.6973,0.0,0.24976537753222836,90
P00281,7.0,20.7564,0.03607578166401696,0.10411613880261777,90
P00282,1.0,1.4826,0.05555555555555555,0.08236666666666666,90
P00283,1.0,1.4826,0.058823529411764705,0.08721176470588235,90
P00284,1.0,1.4826,0.06666666666666667,0.09884,90
P00285,8.0,25.2042,0.040961270249973175,0.13144158653846152,90
P00286,0.0,1.4826,0.0,0.4942,90
P00287,6.0,13.343399999999999,0.03184713375796178,0.07485619622304167,90
P00288,2.0,4.4478,0.05012531328320802,0.11414193729003358,90
P00289,0.0,1.4826,0.0,0.1059,90
P00290,2.0,7.412999999999999,0.03128054740957967,0.08918063636363635,90
P00291,0.0,4.4478,0.0,0.30710999999999994,90
P00292,0.0,1.0,0.0,0.01,90
P00293,7.0,10.3782,0.03933701657458563,0.06790163101956126,90
P00294,0.0,5.9304,0.0,0.26965277777777774,90
P00295,0.0,1.4826,0.0,0.37065,90
P00296,0.5,3.7064999999999997,0.01,0.08401399999999999,90
P00297,3.5,8.1543,0.03684922244759973,0.0880815843915016,90
P00298,1.0,2.2239,0.047619047619047616,0.10214638009049774,90
P00299,9.5,16.3086,0.06150822893637927,0.11022473905300109,90
P00300,1.0,2.2239,0.06666666666666667,0.13225352226720646,90
P00301,0.0,1.0,0.0,0.01,90
P00302,16.0,32.6172,0.06570288056964074,0.14212411621425905,90
P00303,14.0,23.7216,0.055970928532642746,0.10037586048957572,90
P00304,6.0,17.049899999999997,0.027565818024012728,0.07734291729449862,90
P00305,0.0,1.0,0.0,0.01,90
P00306,1.0,2.9652,0.037037037037037035,0.1043311111111111,90
P00307,1.0,4.4478,0.02,0.08667507692307692,90
P00308,0.0,1.0,0.0,0.01,90
P00309,5.5,20.7564,0.027216748768472906,0.09926626033508504,90
P00310,0.5,2.2239,0.08333333333333333,0.37065,90
P00311,0.0,1.4826,0.0,0.14826,90
P00312,0.0,1.4826,0.0,0.12355,90
P00313,1.0,4.4478,0.028991596638655463,0.16943999999999998,90
P00314,16.5,57.080099999999995,0.09621112060704945,0.3553833223700474,90
P00315,32.0,82.2843,0.13783484325099393,0.3624453768441943,90
P00316,11.5,53.373599999999996,0.025150322009583982,0.10751134437596302,90
P00317,0.0,1.0,0.0,0.01,90
P00318,1.5,6.6716999999999995,0.09185606060606061,0.3580142045454545,90
P00319,0.0,1.4826,0.0,0.185325,90
P00320,1.0,1.4826,0.05131578947368421,0.12777671052631578,90
P00321,3.5,8.8956,0.0332093151439989,0.09216053629469123,90
P00322,0.0,12.6021,0.0,0.025775185625185625,90
P00323,1.5,9.636899999999999,0.010157305539471145,0.06893860057265569,90
P00324,0.0,1.4826,0.0,0.14826,90
P00325,29.0,83.0256,0.11645704506191776,0.3515862968353102,90
P00326,0.0,1.0,0.0,0.01,90
P00327,11.5,14.0847,0.06170032779951359,0.07852216589861752,90
P00328,8.0,18.5325,0.036764705882352935,0.08448639705882353,90
P00329,2.0,6.6716999999999995,0.09610983981693363,0.32747047014770125,90
P00330,1.0,2.9652,0.038461538461538464,0.11518661538461539,90
P00331,1.5,2.2239,0.06226053639846743,0.09230747126436781,90
P00332,0.0,76.3539,0.0,1.4826,90
P00333,1.0,4.4478,0.03571428571428571,0.15519827586206894,90
P00334,1.0,4.4478,0.041666666666666664,0.185325,90
P00335,1.0,1.4826,0.0625,0.0926625,90
P00336,0.0,1.0,0.0,0.01,90
P00337,16.0,36.323699999999995,0.07318787229770429,0.1672774881199384,90
P00338,20.0,81.54299999999999,0.0313491332555617,0.12906895443709895,90
P00339,10.0,22.238999999999997,0.03752464094621233,0.09542852781556056,90
P00340,0.0,1.4826,0.0,0.11879807692307691,90
P00341,2.0,4.4478,0.043055555555555555,0.1279851282051282,90
P00342,5.0,12.6021,0.03215467328370554,0.09046025408348457,90
P00343,3.0,7.412999999999999,0.13392857142857142,0.39447750000000004,90
P00344,1.0,1.4826,0.054093567251461985,0.08236666666666666,90
P00345,0.0,1.4826,0.0,0.1059,90
P00346,1.0,4.4478,0.018424611223799865,0.09709539836784753,90
P00347,4.0,10.3782,0.029197080291970802,0.08505304281058279,90
P00348,1.0,1.4826,0.08712121212121213,0.12916590909090908,90
P00349,1.0,8.8956,0.045548654244306416,0.3501216923076923,90
P00350,11.0,28.1694,0.04320369657296881,0.1179080108359133,90
P00351,4.0,10.3782,0.039994685091682164,0.110364504883072,90
P00352,8.5,40.0302,0.0487192118226601,0.2699092307692308,90
P00353,0.0,2.2239,0.0,0.036403124999999995,90
P00354,2.0,2.9652,0.08,0.11860799999999999,90
P00355,1.0,1.4826,0.08333333333333333,0.12355,90
P00356,6.0,9.636899999999999,0.042950255180471006,0.06683852459016393,90
P00357,1.0,2.9652,0.125,0.3500583333333333,90
P00358,14.5,34.099799999999995,0.06006310570205094,0.12922963393722506,90
P00359,13.0,42.2541,0.056982529214393146,0.17506654427523063,90
P00360,12.5,37.8063,0.04520426794476777,0.13441021172638434,90
P00361,0.0,2.9652,0.0,0.29652,90
P00362,7.0,7.412999999999999,0.07349537037037038,0.07212803240740742,90
P00363,1.0,4.4478,0.020833333333333332,0.09014107142857142,90
P00364,1.5,11.119499999999999,0.006944444444444444,0.06702337004639303,90
P00365,2.0,4.4478,0.0754985754985755,0.1626213675213675,90
P00366,1.0,1.4826,0.058823529411764705,0.08721176470588235,90
P00367,11.5,22.9803,0.05554516769895992,0.11006583586108594,90
P00368,11.5,22.238999999999997,0.06347194050033807,0.11675934263727661,90
P00369,1.0,1.4826,0.07692307692307693,0.11404615384615385,90
P00370,1.0,1.4826,0.07142857142857142,0.13169615384615385,90
P00371,0.0,1.0,0.0,0.01,90
P00372,0.5,2.2239,0.02,0.10857424242424242,90
P00373,0.0,1.4826,0.0,0.07803157894736841,90
P00374,3.5,21.4977,0.01735294117647059,0.11598571428571429,90
P00375,1.0,2.9652,0.1,0.29652,90
P00376,0.5,5.1891,0.018518518518518517,0.2849848970251716,90
P00377,9.5,28.9107,0.047786040223086024,0.13779290135396519,90
P00378,0.0,1.0,0.0,0.01,90
P00379,8.5,31.1346,0.043114111947221936,0.16346615384615384,90
P00380,0.0,1.4826,0.0,0.19856249999999998,90
P00381,0.0,1.0,0.0,0.01,90
P00382,16.5,66.717,0.024849397590361446,0.11681048463511345,90
P00383,5.0,15.5673,0.020127324564245447,0.07006802692085443,90
P00384,7.0,60.7866,0.028757359166715894,0.2824821095696972,90
P00385,1.0,2.9652,0.021749408983451537,0.06189767375886525,90
P00386,18.0,65.2344,0.0760721789642813,0.3211811320822065,90
P00387,1.0,1.4826,0.06666666666666667,0.09884,90
P00388,0.0,2.9652,0.0,0.37065,90
P00389,0.0,407.715,0.0,1.4826,90
P00390,1.0,8.8956,0.021315192743764172,0.2635733333333333,90
P00391,6.5,17.049899999999997,0.035274621212121215,0.10028926686217007,90
P00392,1.0,1.4826,0.06666666666666667,0.09884,90
P00393,0.0,1.0,0.0,0.01,90
P00394,9.0,20.7564,0.055094225154514086,0.13865443663280905,90
P00395,0.0,1.0,0.0,0.01,90
P00396,3.5,9.636899999999999,0.12007168458781362,0.351588,90
P00397,-1.0,13.343399999999999,-0.0063898415809243835,0.09406381560248347,90
P00398,1.0,2.2239,0.05263157894736842,0.09699758771929824,90
P00399,3.0,5.9304,0.06581319870176704,0.13142855072463766,90
P00400,0.0,11.119499999999999,0.0,0.2056509677419355,90
P00401,1.0,2.9652,0.04880952380952381,0.13682586956521736,90
P00402,9.0,26.686799999999998,0.04648782589959061,0.136503187144583,90
P00403,4.0,10.3782,0.041237113402061855,0.10272089662347487,90
P00404,6.0,19.273799999999998,0.044295521412226216,0.1379080344332855,90
P00405,1.0,1.4826,0.07142857142857142,0.1059,90
P00406,0.0,7.412999999999999,0.0,0.09398438818565401,90
P00407,0.0,1.0,0.0,0.01,90
P00408,0.5,2.2239,0.021739130434782608,0.11459710144927535,90
P00409,8.5,31.875899999999998,0.03315730767890132,0.13730692562293137,90
P00410,1.0,5.9304,0.08712121212121213,0.39080120320855616,90
P00411,1.0,1.4826,0.046536796536796536,0.10058297682709445,90
P00412,9.5,48.1845,0.054058441558441556,0.23334904545454543,90
P00413,6.0,10.3782,0.06737749546279492,0.12383509074410164,90
P00414,6.0,16.3086,0.04232909379968204,0.1114372549019608,90
P00415,0.0,5.9304,0.0,0.10586407734056986,90
P00416,0.0,1.4826,0.0,0.29652,90
P00417,1.0,1.4826,0.05,0.07413,90
P00418,2.0,2.9652,0.07692307692307693,0.11404615384615385,90
P00419,11.5,63.01049999999999,0.018092357081121127,0.11103860759493671,90
P00420,18.5,51.891,0.041611164275856094,0.11687140819277998,90
P00421,0.0,48.1845,0.0,0.45385714285714285,90
P00422,2.0,5.9304,0.025974025974025976,0.08042964782964783,90
P00423,1.0,4.4478,0.043478260869565216,0.1590208064516129,90
P00424,5.0,21.4977,0.03361344537815126,0.12718151633986927,90
P00425,1.0,2.9652,0.04904306220095694,0.16537374401913876,90
P00426,2.0,14.825999999999999,0.00904995904995905,0.06665942417468733,90
P00427,2.0,1.4826,0.1,0.08615986842105262,90
P00428,7.0,17.049899999999997,0.03538324420677362,0.0855296257406435,90
P00429,0.0,1.0,0.0,0.01,90
P00430,1.0,4.4478,0.043478260869565216,0.17850702341137123,90
P00431,1.0,2.9652,0.037037037037037035,0.10884166666666664,90
P00432,-1.0,11.8608,-0.006414473684210526,0.0733713596491228,90
P00433,7.0,14.825999999999999,0.04033624838993967,0.08836688741721854,90
P00434,0.5,3.7064999999999997,0.038461538461538464,0.366576923076923,90
P00435,1.5,3.7064999999999997,0.04772727272727273,0.12371045454545454,90
P00436,1.0,5.9304,0.01639344262295082,0.09782729508196722,90
P00437,1.0,2.9652,0.05263157894736842,0.14489045454545452,90
P00438,3.5,21.4977,0.059027777777777776,0.39102260638297875,90
P00439,0.0,27.428099999999997,7.3517999656916e-05,0.08463875826533325,90
P00440,0.0,1.0,0.0,0.01,90
P00441,1.0,2.9652,0.16666666666666666,0.4138925,90
P00442,3.5,9.636899999999999,0.028304405874499332,0.07557117761486118,90
P00443,1.0,2.9652,0.04083333333333333,0.11190795878136199,90
P00444,0.0,1.4826,0.0,0.185325,90
P00445,2.0,17.049899999999997,0.038926681783824635,0.3400853658536585,90
P00446,28.5,37.065,0.10874704491725767,0.16418526342728848,90
P00447,16.5,28.9107,0.09397064288368637,0.1650146459065796,90
P00448,5.5,31.875899999999998,0.011973211833019162,0.07241549657032303,90
P00449,0.0,1.4826,0.0,0.29652,90
P00450,1.0,2.9652,0.046536796536796536,0.1363863636363636,90
P00451,6.5,21.4977,0.02941359820463802,0.10955164830135904,90
P00452,2.0,4.4478,0.031054405392392875,0.07167190226933694,90
P00453,1.0,1.4826,0.05555555555555555,0.08721176470588235,90
P00454,13.0,42.2541,0.07093567251461988,0.2481150821596244,90
P00455,1.0,5.9304,0.04083333333333333,0.36006,90
P00456,0.5,8.1543,0.005263157894736842,0.07708958347125676,90
P00457,1.0,4.4478,0.1111111111111111,0.32946666666666663,90
P00458,4.5,9.636899999999999,0.03968503937007874,0.09558173200285101,90
P00459,0.0,7.412999999999999,0.0,0.30163241379310346,90
P00460,1.0,1.4826,0.07692307692307693,0.11404615384615385,90
P00461,0.0,2.9652,0.0,0.39712499999999995,90
P00462,5.0,10.3782,0.04836823020236285,0.08867180731889468,90
P00463,0.0,54.1149,0.0,0.1756595238095238,90
P00464,4.0,7.412999999999999,0.0484866294446077,0.08845629429709286,90
P00465,22.0,62.2692,0.062142647705615006,0.18297037237875985,90
P00466,0.0,1.4826,0.0,0.16473333333333331,90
P00467,1.0,2.9652,0.05012531328320802,0.1502107894736842,90
P00468,0.0,2.9652,0.0,0.08721176470588235,90
P00469,1.0,4.4478,0.06458333333333333,0.25614949561403505,90
P00470,33.0,75.6126,0.12523062730627305,0.2888403033088235,90
P00471,0.0,1.0,0.0,0.1059,90
P00472,5.0,87.4734,0.01508067141771877,0.31036405361450614,90
P00473,1.0,1.4826,0.07692307692307693,0.11404615384615385,90
P00474,17.0,89.6973,0.06428303303303304,0.3314201744872178,90
P00475,2.0,11.8608,0.010545010545010546,0.06651856648650938,90
P00476,3.0,5.9304,0.03647214854111406,0.07900211179043566,90
P00477,0.0,1.4826,0.0,0.2471,90
P00478,3.5,20.0151,0.025666684697354898,0.15493630434782607,90
P00479,2.0,5.9304,0.047619047619047616,0.11866808510638296,90
P00480,1.0,4.4478,0.019230769230769232,0.08665271493212669,90
P00481,0.5,5.1891,0.01,0.103782,90
P00482,20.0,37.065,0.07627118644067797,0.14204374652584767,90
P00483,14.5,33.3585,0.05659420289855072,0.11109334128097242,90
P00484,4.5,9.636899999999999,0.0614630467571644,0.13071167792260416,90
P00485,2.0,4.4478,0.04706533776301218,0.08308253737541528,90
P00486,17.0,32.6172,0.07341070957530994,0.14302718197882364,90
P00487,1.0,1.4826,0.16666666666666666,0.34594,90
P00488,0.0,1.0,0.0,0.01,90
P00489,4.5,11.119499999999999,0.06891324626865672,0.17221921641791044,90
P00490,22.0,53.373599999999996,0.06833680073971336,0.1734951914983165,90
P00491,5.5,14.825999999999999,0.025,0.06834403788634097,90
P00492,8.0,13.343399999999999,0.0807266210492017,0.13468865102639294,90
P00493,0.0,4.4478,0.0,0.22824236842105258,90
P00494,0.5,1.0,0.020833333333333332,0.08315865384615385,90
P00495,4.0,11.8608,0.020086588803866292,0.06192683993423319,90
P00496,1.0,5.9304,0.05277777777777778,0.29652,90
P00497,13.0,28.9107,0.05927749387178528,0.11980258839645533,90
P00498,1.0,1.4826,0.07738095238095238,0.114725,90
P00499,0.0,8.1543,0.0,0.34213846153846156,90
P00500,9.5,25.9455,0.05625879043600562,0.14319027428709316,90
P00501,2.0,31.875899999999998,0.004851823451137824,0.07446572462794844,90
P00502,5.5,32.6172,0.023526033267799156,0.15727525813334076,90
P00503,1.5,2.2239,0.0787878787878788,0.11704736842105262,90
P00504,21.0,47.4432,0.061314575383038104,0.14276076440981372,90
P00505,0.0,8.8956,0.0,0.09348413793103447,90
P00506,1.0,1.4826,0.05,0.07413,90
P00507,15.0,51.149699999999996,0.056764344621863486,0.20227372767857144,90
P00508,0.5,75.6126,0.0018115942028985507,0.26122669327101156,90
P00509,15.0,60.0453,0.04527107095245149,0.17092273163332175,90
P00510,2.0,28.1694,0.006231573304744036,0.08470990876214723,90
P00511,2.0,14.0847,0.017094017094017096,0.12342702331384671,90
P00512,0.0,2.9652,0.0,0.11404615384615385,90
P00513,1.0,8.8956,0.020842379504993486,0.15825244514106582,90
P00514,5.0,19.273799999999998,0.02386648439280018,0.09994533862876252,90
P00515,1.0,4.4478,0.03125,0.1419828629032258,90
P00516,0.0,1.4826,0.0,0.12355,90
P00517,1.0,1.4826,0.058823529411764705,0.13517823529411763,90
P00518,6.5,22.238999999999997,0.04229279298454727,0.14627970020433356,90
P00519,9.5,36.323699999999995,0.06923076923076923,0.26302529514603046,90
P00520,0.0,1.4826,0.0,0.15649666666666665,90
P00521,2.5,14.0847,0.011711651819350265,0.06369379396881557,90
P00522,1.0,2.9652,0.039230769230769236,0.11984349999999998,90
P00523,4.5,20.0151,0.019938924031807095,0.09126487556561086,90
P00524,2.5,17.7912,0.038255360623781674,0.311388121065074,90
P00525,13.0,16.3086,0.0633528866934239,0.0790876343917924,90
P00526,4.0,14.825999999999999,0.020254332888934468,0.07108279475331697,90
P00527,1.0,2.9652,0.1,0.4127693181818182,90
P00528,0.0,1.0,0.0,0.01,90
P00529,0.0,1.4826,0.0,0.16473333333333331,90
P00530,8.5,85.2495,0.03367289190718732,0.3175506255366123,90
P00531,13.0,42.2541,0.058687524596615505,0.17910016478536706,90
P00532,19.0,83.76689999999999,0.09268030819754958,0.3490104060389455,90
P00533,1.5,8.1543,0.022767295597484277,0.1123065819265144,90
P00534,6.0,37.8063,0.0236142083466072,0.14081050944400664,90
P00535,2.0,5.9304,0.04,0.10752182125859334,90
P00536,13.0,42.9954,0.11107159791370318,0.40909630434782607,90
P00537,29.5,57.080099999999995,0.18183962264150944,0.34337807583638463,90
P00538,0.0,1.4826,0.0,0.2118,90
P00539,25.0,35.5824,0.08530711728416658,0.1254484788523284,90
P00540,0.0,2.9652,0.0,0.37065,90
P00541,17.5,40.771499999999996,0.08080661540693457,0.17470990025676478,90
P00542,1.5,8.1543,0.011159659896079357,0.06532188995215311,90
P00543,1.5,3.7064999999999997,0.06971153846153846,0.14911741220735783,90
P00544,2.0,4.4478,0.030309988518943745,0.06554515654575356,90
P00545,1.0,1.4826,0.04257246376811594,0.0780820652173913,90
P00546,2.0,5.9304,0.10526315789473684,0.27194934210526317,90
P00547,1.0,1.4826,0.09090909090909091,0.13478181818181817,90
P00548,0.0,63.751799999999996,0.0,0.15424310314685313,90
P00549,14.0,25.9455,0.054623597043525866,0.10358327910775943,90
P00550,7.0,25.2042,0.03796296296296296,0.14686054562335363,90
P00551,1.0,5.9304,0.011248736097067745,0.06787503918495297,90
P00552,8.0,28.1694,0.031638781638781636,0.11657540322580645,90
P00553,-1.0,21.4977,-0.003639443628326782,0.07742130574176624,90
P00554,7.5,42.2541,0.020868586479636762,0.11329300829357906,90
P00555,10.5,25.9455,0.05601731601731602,0.1389018574108818,90
P00556,2.0,7.412999999999999,0.07614942528735633,0.34991433566433566,90
P00557,0.0,1.4826,0.0,0.2118,90
P00558,3.0,4.4478,0.08741554054054054,0.1296022804054054,90
P00559,11.0,31.875899999999998,0.024247817883467228,0.07158405679962206,90
P00560,2.0,5.9304,0.04,0.10101230769230769,90
P00561,3.0,11.8608,0.017860928556285773,0.07416453529000698,90
P00562,0.0,1.4826,0.0,0.29652,90
P00563,0.0,1.4826,0.0,0.185325,90
P00564,1.0,1.4826,0.05,0.11119499999999999,90
P00565,1.0,2.9652,0.09090909090909091,0.26956363636363634,90
P00566,2.0,4.4478,0.03278688524590164,0.07769160529634299,90
P00567,0.0,2.9652,0.0,0.23759615384615382,90
P00568,-1.0,5.9304,-0.027402402402402402,0.18354302884615384,90
P00569,4.0,52.632299999999994,0.023076923076923078,0.29170676178660043,90
P00570,0.0,1.4826,0.0,0.11404615384615385,90
P00571,2.0,4.4478,0.03076923076923077,0.07233414335664336,90
P00572,10.5,63.751799999999996,0.014436338940629304,0.10134203296703297,90
P00573,1.0,1.4826,0.043478260869565216,0.06446086956521739,90
P00574,5.5,17.049899999999997,0.04145671094823637,0.13458256133988028,90
P00575,1.0,1.4826,0.037037037037037035,0.06141596581196582,90
P00576,0.0,8.8956,0.0,0.30674482758620686,90
P00577,0.0,1.0,0.0,0.01,90
P00578,10.5,30.3933,0.051850131977710434,0.1425576111571339,90
P00579,6.0,17.049899999999997,0.022523664638269103,0.06998589413900322,90
P00580,0.0,4.4478,0.0,0.26956363636363634,90
P00581,11.5,38.547599999999996,0.03674327268264245,0.1242174209068719,90
P00582,0.0,48.1845,0.00018539117538005166,0.31186090225563906,90
P00583,14.0,19.273799999999998,0.06912442396313365,0.09942064782724608,90
P00584,1.0,1.4826,0.05718954248366013,0.0847892156862745,90
P00585,3.0,4.4478,0.04379795396419438,0.0708924490501697,90
P00586,1.0,1.4826,0.08712121212121213,0.14039772727272726,90
P00587,1.0,1.4826,0.05555555555555555,0.08721176470588235,90
P00588,0.0,1.0,0.0,0.01,90
P00589,1.0,1.4826,0.09090909090909091,0.13478181818181817,90
P00590,0.0,1.4826,0.0,0.1059,90
P00591,1.0,2.9652,0.041666666666666664,0.11451806896551724,90
P00592,5.0,22.9803,0.028590479819285305,0.11209528682170543,90
P00593,2.0,7.412999999999999,0.08514492753623187,0.3722049771167048,90
P00594,0.0,1.4826,0.0,0.11404615384615385,90
P00595,-2.0,70.42349999999999,-0.008758598624220125,0.2844577198573338,90
P00596,7.5,20.0151,0.05137287473128786,0.13319787516981796,90
P00597,11.5,69.6822,0.02242545361490562,0.11735313479623824,90
P00598,1.0,5.1891,0.10555555555555556,0.46772499999999995,90
P00599,1.0,1.4826,0.07142857142857142,0.1059,90
P00600,0.5,2.9652,0.020833333333333332,0.1407097222222222,90
P00601,0.0,1.4826,0.0,0.11404615384615385,90
P00602,0.0,1.0,0.0,0.01,90
P00603,0.0,1.0,0.0,0.01,90
P00604,0.0,1.0,0.0,0.01,90
P00605,0.0,5.9304,0.0,0.24737486095661843,90
P00606,0.5,6.6716999999999995,0.0058823529411764705,0.09658377524143984,90
P00607,0.0,1.4826,0.0,0.19856249999999998,90
P00608,1.0,6.6716999999999995,0.05131578947368421,0.32318078947368417,90
P00609,4.5,8.1543,0.04367561794324077,0.08969147005444646,90
P00610,0.0,17.049899999999997,0.0,0.06839460348162475,90
P00611,0.0,1.0,0.0,0.01,90
P00612,13.0,32.6172,0.030637596000206175,0.07184570727496474,90
P00613,13.0,25.9455,0.06380699232417478,0.1093948311592489,90
P00614,1.0,7.412999999999999,0.05263157894736842,0.35179783281733745,90
P00615,2.0,8.1543,0.021012101210121013,0.08119000000000001,90
P00616,10.5,85.9908,0.050038417210910485,0.345617822841776,90
P00617,0.0,1.4826,0.0,0.37065,90
P00618,0.0,1.0,0.0,0.01,90
P00619,2.0,2.9652,0.10818713450292397,0.16473333333333331,90
P00620,0.0,17.049899999999997,4.1480006636801124e-05,0.056484008982148816,90
P00621,0.0,1.4826,0.0,0.1059,90
P00622,1.0,1.4826,0.06458333333333333,0.09575124999999998,90
P00623,0.0,1.0,0.0,0.01,90
P00624,3.5,11.119499999999999,0.035508142650999795,0.08661526091018283,90
P00625,12.0,19.273799999999998,0.061215805471124624,0.08767282020703758,90
P00626,1.0,1.4826,0.07142857142857142,0.1059,90
P00627,7.5,34.099799999999995,0.025780054162251265,0.12311439970309891,90
P00628,4.0,7.412999999999999,0.03076923076923077,0.061135570719602975,90
P00629,2.0,3.7064999999999997,0.0754985754985755,0.13022381196581195,90
P00630,0.5,2.2239,0.027777777777777776,0.12355,90
P00631,4.0,10.3782,0.03708791208791209,0.08557757062146892,90
P00632,2.0,5.9304,0.030536130536130537,0.10008007404360345,90
P00633,10.5,28.9107,0.04587112622826908,0.13120325956937798,90
P00634,9.5,17.7912,0.03972506785745557,0.07685431334622823,90
P00635,0.5,5.1891,0.02631578947368421,0.4388685167464114,90
P00636,0.0,1.4826,0.0,0.16473333333333331,90
P00637,6.0,14.825999999999999,0.024931034482758622,0.0635597218806886,90
P00638,1.0,1.4826,0.05,0.1002935294117647,90
P00639,0.0,1.4826,0.0,0.11404615384615385,90
P00640,1.0,1.4826,0.06458333333333333,0.09575124999999998,90
P00641,0.0,1.4826,0.0,0.185325,90
P00642,1.0,1.4826,0.07142857142857142,0.1059,90
P00643,1.0,2.9652,0.06666666666666667,0.19768,90
P00644,1.0,2.9652,0.041666666666666664,0.12796249999999998,90
P00645,1.0,1.4826,0.07142857142857142,0.1059,90
P00646,5.0,11.119499999999999,0.045561393805309734,0.09609444444444444,90
P00647,9.0,13.343399999999999,0.060032760032760035,0.09061934288595531,90
P00648,0.0,1.0,0.0,0.01,90
P00649,37.0,53.373599999999996,0.06760391890361309,0.10979837879040699,90
P00650,5.0,13.343399999999999,0.03861061419200954,0.10824968537890439,90
P00651,1.0,1.4826,0.05,0.07803157894736841,90
P00652,7.0,17.7912,0.047247386759581886,0.1141092864814332,90
P00653,2.0,10.3782,0.014601652011723955,0.0712070889261745,90
P00654,9.5,18.5325,0.0648320895522388,0.11720030487804878,90
P00655,1.0,1.4826,0.07142857142857142,0.1059,90
P00656,0.0,1.4826,0.0,0.185325,90
P00657,0.0,7.412999999999999,0.0,0.3122224137931034,90
P00658,1.0,1.4826,0.1,0.14826,90
P00659,10.5,46.701899999999995,0.027548209366391185,0.13260857426909198,90
P00660,2.5,12.6021,0.01721841704718417,0.08710679175598902,90
P00661,1.0,4.4478,0.04673913043478261,0.2511288043478261,90
P00662,6.0,12.6021,0.043590418531192415,0.0996578893980668,90
P00663,2.0,4.4478,0.04772727272727273,0.09397287878787877,90
P00664,1.0,2.9652,0.1,0.34593999999999997,90
P00665,0.0,1.0,0.0,0.01,90
P00666,1.0,5.1891,0.05555555555555555,0.3257227272727272,90
P00667,1.0,1.4826,0.07692307692307693,0.11404615384615385,90
P00668,1.0,2.9652,0.047619047619047616,0.13506086956521737,90
P00669,1.0,2.9652,0.10416666666666666,0.43860250000000006,90
P00670,0.0,1.4826,0.0,0.2118,90
P00671,1.5,3.7064999999999997,0.13247863247863248,0.3436936363636363,90
P00672,18.5,53.373599999999996,0.06355569155446757,0.16140864246446437,90
P00673,1.0,1.4826,0.05555555555555555,0.08236666666666666,90
P00674,8.0,20.0151,0.04654135338345865,0.12898901328273243,90
P00675,1.0,4.4478,0.05718954248366013,0.2640578431372549,90
P00676,3.0,4.4478,0.0732142857142857,0.11531333333333332,90
P00677,2.0,7.412999999999999,0.06478578892371996,0.2957182474613509,90
P00678,1.0,1.4826,0.06066176470588235,0.08993713235294117,90
P00679,-1.0,20.7564,-0.009808612440191388,0.23064747863018112,90
P00680,11.0,33.3585,0.056286549707602336,0.15727875867646068,90
P00681,2.0,2.9652,0.05334281650071124,0.079425,90
P00682,1.0,2.9652,0.036375661375661374,0.1078611111111111,90
P00683,0.0,1.4826,0.0,0.2118,90
P00684,9.5,17.049899999999997,0.02997005988023952,0.05611790437307203,90
P00685,5.5,13.343399999999999,0.058525188055618876,0.1442851016432849,90
P00686,4.5,34.099799999999995,0.0196903725205612,0.11588101902748413,90
P00687,5.0,22.238999999999997,0.024396273807875637,0.11273874496714524,90
P00688,1.0,2.9652,0.04880952380952381,0.15473166666666666,90
P00689,20.0,48.1845,0.047483251082916386,0.12308695368367009,90
P00690,2.0,4.4478,0.0625,0.16803277027027025,90
P00691,0.0,1.4826,0.0,0.37065,90
P00692,0.0,1.4826,0.0,0.13478181818181817,90
P00693,4.0,11.8608,0.04124149659863945,0.10623214860955887,90
P00694,2.0,2.9652,0.07692307692307693,0.11404615384615385,90
P00695,1.0,1.4826,0.08333333333333333,0.12355,90
P00696,9.5,17.049899999999997,0.04973939611790079,0.08976363801275791,90
P00697,0.0,1.4826,0.0,0.07803157894736841,90
P00698,3.5,12.6021,0.03660714285714285,0.1297953846153846,90
P00699,1.0,1.4826,0.125,0.185325,90
P00700,2.0,6.6716999999999995,0.020833333333333332,0.0747092530576587,90
P00701,3.5,8.1543,0.02769791067663408,0.07547354445004427,90
P00702,0.0,1.4826,0.0,0.185325,90
P00703,0.0,1.0,0.0,0.01,90
P00704,2.0,2.9652,0.08333333333333333,0.12355,90
P00705,1.5,3.7064999999999997,0.06340579710144928,0.15100555555555553,90
P00706,2.0,7.412999999999999,0.022233201581027668,0.08235038866930172,90
P00707,1.0,1.4826,0.09090909090909091,0.13478181818181817,90
P00708,1.0,2.9652,0.058823529411764705,0.17442352941176473,90
P00709,1.0,1.4826,0.07142857142857142,0.1059,90
P00710,23.5,61.527899999999995,0.04197445033457896,0.10438249924932438,90
P00711,4.0,7.412999999999999,0.039744220363994096,0.07938221136954536,90
P00712,1.0,4.4478,0.017857142857142856,0.07849605263157894,90
P00713,4.5,14.0847,0.01991869918699187,0.06469565588188263,90
P00714,1.0,4.4478,0.058823529411764705,0.27253676470588234,90
P00715,0.0,1.4826,0.0,0.37065,90
P00716,17.0,55.5975,0.10109489051094891,0.29905621700879764,90
P00717,6.0,20.0151,0.05132533133283321,0.17226639485958445,90
P00718,-1.5,30.3933,-0.010388620777241554,0.23558916941833882,90
P00719,1.0,8.8956,0.05298913043478261,0.4431684782608695,90
P00720,37.0,63.01049999999999,0.06824113080571231,0.12011493965623372,90
P00721,10.0,28.9107,0.08496189773844641,0.23596186335403727,90
P00722,1.0,5.9304,0.03612903225806452,0.18123694852941177,90
P00723,0.0,2.9652,0.0,0.3129933333333333,90
P00724,0.0,55.5975,0.0,0.14521706555957276,90
P00725,5.5,12.6021,0.03678620901954748,0.0848507875425094,90
P00726,9.0,22.9803,0.044144144144144144,0.11205692782276439,90
P00727,2.0,2.9652,0.08695652173913043,0.13081764705882354,90
P00728,0.0,14.825999999999999,0.0,0.18735148148148148,90
P00729,3.0,8.1543,0.1396103896103896,0.3517163636363636,90
P00730,1.0,1.4826,0.045454545454545456,0.08477066985645933,90
P00731,1.0,4.4478,0.03337041156840934,0.1608111111111111,90
P00732,1.0,4.4478,0.019433962264150943,0.08424193291404612,90
P00733,6.5,28.1694,0.01616077230112318,0.08239781996618185,90
P00734,10.5,40.771499999999996,0.034709511568123394,0.1306378428549826,90
P00735,0.0,2.9652,0.0,0.32946666666666663,90
P00736,21.0,33.3585,0.06846093429249744,0.10190377358490565,90
P00737,0.0,1.4826,0.0,0.37065,90
P00738,3.5,16.3086,0.061381475667189954,0.3060470229490005,90
P00739,2.0,1.4826,0.11764705882352941,0.10356397058823529,90
P00740,1.0,1.4826,0.05555555555555555,0.08236666666666666,90
P00741,6.5,27.428099999999997,0.028157993966817497,0.11862047979797978,90
P00742,0.0,1.4826,0.0,0.4942,90
P00743,30.5,72.64739999999999,0.05097420971784299,0.11146650308347086,90
P00744,2.0,4.4478,0.04706533776301218,0.11582812499999999,90
P00745,1.0,1.4826,0.15000000000000002,0.51891,90
P00746,0.0,4.4478,0.0,0.29784375,90
P00747,0.0,1.4826,0.0,0.0926625,90
P00748,5.0,34.8411,0.01670150987224158,0.09643209570404128,90
P00749,11.0,51.891,0.05788471665248916,0.2732947073523001,90
P00750,10.5,22.9803,0.049027021576930827,0.09922938109702037,90
P00751,0.0,1.0,0.0,0.01,90
P00752,0.5,18.5325,0.0035971223021582736,0.13003597951344428,90
P00753,8.0,20.7564,0.04485304169514696,0.108961984874209,90
P00754,1.0,1.4826,0.06458333333333333,0.09884,90
P00755,0.0,1.0,0.0,0.01,90
P00756,8.0,24.462899999999998,0.02373887240356083,0.07168411232914622,90
P00757,2.5,11.119499999999999,0.01610857432775241,0.07201893593468935,90
P00758,6.5,31.875899999999998,0.02199530029718709,0.10189060605238526,90
P00759,9.0,47.4432,0.06261626756382348,0.3249534246575342,90
P00760,0.0,13.343399999999999,0.0,0.12141982758620688,90
P00761,1.0,5.9304,0.07692307692307693,0.4250811188811189,90
P00762,0.0,1.4826,0.0,0.29652,90
P00763,1.0,2.9652,0.06666666666666667,0.13525473684210523,90
P00764,0.0,94.8864,0.0,0.2801658227848101,90
P00765,0.0,1.0,0.0,0.01,90
P00766,8.0,48.925799999999995,0.023385416666666665,0.12725472258631712,90
P00767,4.0,20.7564,0.018066147383875047,0.0811425940554952,90
P00768,1.0,8.1543,0.0332244008714597,0.27289615384615384,90
P00769,2.0,2.9652,0.10526315789473684,0.15606315789473682,90
P00770,5.0,25.9455,0.05742971887550201,0.30439719355132894,90
P00771,1.0,2.9652,0.04880952380952381,0.1397559090909091,90
P00772,1.5,20.0151,0.0071463659968654236,0.10530131360324177,90
P00773,1.0,2.9652,0.038461538461538464,0.11404615384615385,90
P00774,0.0,1.4826,0.0,0.09884,90
P00775,0.0,1.0,0.0,0.01,90
P00776,1.0,2.9652,0.05263157894736842,0.14208249999999997,90
P00777,0.0,1.0,0.0,0.01,90
P00778,7.0,22.238999999999997,0.030255724055902468,0.08793942998760843,90
P00779,7.5,54.1149,0.02063844405686803,0.1340044365247223,90
P00780,2.0,2.9652,0.04083333333333333,0.09178328881987577,90
P00781,0.0,20.0151,0.0,0.0918057073889207,90
P00782,5.5,22.9803,0.028048397234443745,0.10201487022334733,90
P00783,1.0,2.9652,0.05263157894736842,0.11535102974828375,90
P00784,0.0,1.4826,0.0,0.29652,90
P00785,0.0,1.4826,0.0,0.29652,90
P00786,8.5,27.428099999999997,0.11284722222222221,0.34450185185185184,90
P00787,17.0,34.099799999999995,0.051196656544878705,0.10703092105263157,90
P00788,0.0,1.4826,0.0,0.29652,90
P00789,-3.0,19.273799999999998,-0.014026348561316116,0.09187987102142708,90
P00790,1.0,2.9652,0.038461538461538464,0.09291870967741933,90
P00791,1.0,1.4826,0.05555555555555555,0.08236666666666666,90
P00792,2.0,7.412999999999999,0.01613008130081301,0.07174026498819827,90
P00793,9.0,22.238999999999997,0.04371715241280459,0.10325205571404598,90
P00794,2.5,5.1891,0.030568023525770004,0.0616124593716143,90
P00795,1.0,2.9652,0.046536796536796536,0.16574954545454543,90
P00796,3.0,5.9304,0.04285714285714286,0.08955052631578947,90
P00797,3.0,15.5673,0.020411941680166627,0.08614788885918355,90
P00798,9.0,20.7564,0.03529411764705882,0.08900779388646288,90
P00799,0.0,74.87129999999999,0.0,0.998284,90
P00800,9.5,25.2042,0.04683406113537118,0.1274800853513299,90
P00801,31.0,50.4084,0.07742257742257742,0.12508254662004661,90
P00802,0.0,1.0,0.0,0.01,90
P00803,0.5,7.412999999999999,0.0032679738562091504,0.05691620820990266,90
P00804,1.0,4.4478,0.016807909604519774,0.0753864406779661,90
P00805,1.0,2.2239,0.047619047619047616,0.1297275,90
P00806,17.0,25.2042,0.046468216790165516,0.08082034029220983,90
P00807,4.0,7.412999999999999,0.07275132275132275,0.13752497665732957,90
P00808,14.5,28.9107,0.08541374474053295,0.1790713365569653,90
P00809,2.0,18.5325,0.009524025488106307,0.08140508454358762,90
P00810,2.5,3.7064999999999997,0.08054054054054055,0.163357443766347,90
P00811,7.5,54.1149,0.044378698224852076,0.36086852162708316,90
P00812,7.0,23.7216,0.02972734158040899,0.10826679383160123,90
P00813,0.5,1.0,0.020833333333333332,0.0679525,90
P00814,5.5,20.7564,0.03571555114622825,0.12990435457767385,90
P00815,13.5,47.4432,0.04587466755655331,0.1624120909090909,90
P00816,2.5,15.5673,0.018526785714285714,0.10493830128205127,90
P00817,8.0,11.8608,0.06206365255910251,0.08195431789737172,90
P00818,1.0,1.4826,0.07417582417582418,0.10997307692307692,90
P00819,2.0,4.4478,0.06904761904761905,0.16950821256038645,90
P00820,1.0,5.9304,0.041666666666666664,0.24872565789473683,90
P00821,3.0,33.3585,0.029678362573099415,0.3007402900963307,90
P00822,0.0,1.4826,0.0,0.13478181818181817,90
P00823,0.5,5.1891,0.03125,0.3647666666666667,90
P00824,0.5,2.2239,0.027777777777777776,0.12597254901960783,90
P00825,2.0,5.9304,0.02381289865343728,0.09513591781379771,90
P00826,18.0,49.6671,0.06941603907509444,0.16626367407818957,90
P00827,0.0,1.4826,0.0,0.09884,90
P00828,0.5,1.0,0.045454545454545456,0.06739090909090908,90
P00829,2.0,4.4478,0.025,0.058407315658657824,90
P00830,3.0,7.412999999999999,0.037037037037037035,0.10266341432225062,90
P00831,2.5,3.7064999999999997,0.06458333333333333,0.09575124999999998,90
P00832,1.0,8.1543,0.010158828382838284,0.08438698113207548,90
P00833,0.0,1.4826,0.0,0.2471,90
P00834,1.0,1.4826,0.07142857142857142,0.1059,90
P00835,2.0,7.412999999999999,0.02287199480181936,0.07326588412128043,90
P00836,0.0,1.0,0.0,0.01,90
P00837,9.5,20.0151,0.08095238095238094,0.1522991346153846,90
P00838,0.0,2.9652,0.0,0.21994615384615385,90
P00839,-3.0,28.1694,-0.015484076941495731,0.12390462828125541,90
P00840,0.0,8.8956,0.0,0.07638790458715596,90
P00841,1.0,2.9652,0.09090909090909091,0.26394772727272725,90
P00842,24.0,63.01049999999999,0.03590431880997979,0.09677153086608452,90
P00843,0.5,1.0,0.027777777777777776,0.10707666666666667,90
P00844,-1.5,30.3933,-0.014018691588785047,0.32649156352614295,90
P00845,0.0,1.4826,0.0,0.185325,90
P00846,0.5,3.7064999999999997,0.02631578947368421,0.27289615384615384,90
P00847,0.5,2.2239,0.021739130434782608,0.1045954347826087,90
P00848,7.0,12.6021,0.07409274193548387,0.15827988804049417,90
P00849,9.0,17.7912,0.04926114400352302,0.08902348364560178,90
P00850,0.0,1.4826,0.0,0.061775,90
P00851,1.0,1.4826,0.08333333333333333,0.12355,90
P00852,14.0,68.19959999999999,0.024967775362685133,0.13050056856640044,90
P00853,1.0,1.4826,0.09545454545454546,0.14152090909090909,90
P00854,6.0,13.343399999999999,0.046778303603931565,0.10350730313947502,90
P00855,0.0,1.4826,0.0,0.16473333333333331,90
P00856,3.0,5.9304,0.13664596273291924,0.3886430690537084,90
P00857,0.0,1.4826,0.0,0.4942,90
P00858,5.5,23.7216,0.025427837735916822,0.10814715705485647,90
P00859,3.5,11.119499999999999,0.03817204301075269,0.11899041666666667,90
P00860,2.0,5.9304,0.06896551724137931,0.18470656284760845,90
P00861,5.5,12.6021,0.03078794388980159,0.06950156887718181,90
P00862,6.5,14.0847,0.03077821710999281,0.06787136960600375,90
P00863,1.0,6.6716999999999995,0.009304137095378223,0.06957487373737374,90
P00864,1.5,2.2239,0.05829228243021346,0.10695847076461769,90
P00865,0.0,1.4826,0.0,0.2471,90
P00866,4.0,10.3782,0.0474671669793621,0.11718341728012398,90
P00867,1.0,2.9652,0.05718954248366013,0.16231078431372548,90
P00868,0.0,1.4826,0.0,0.37065,90
P00869,2.0,5.9304,0.03393730227207363,0.11441788898475695,90
P00870,19.0,68.19959999999999,0.06356607683723897,0.26313543908738696,90
P00871,2.0,7.412999999999999,0.0757142857142857,0.29112872727272726,90
P00872,1.0,2.9652,0.08012820512820512,0.2527159090909091,90
P00873,19.5,47.4432,0.0543908135461269,0.1340164778431091,90
P00874,1.0,1.4826,0.06666666666666667,0.09884,90
P00875,1.0,1.4826,0.09090909090909091,0.13478181818181817,90
P00876,1.0,1.4826,0.05555555555555555,0.08236666666666666,90
P00877,10.0,45.2193,0.023500248283689733,0.10137690399713216,90
P00878,15.0,23.7216,0.03245490873744465,0.05735746416144745,90
P00879,0.0,1.4826,0.0,0.16473333333333331,90
P00880,1.0,1.4826,0.05555555555555555,0.08236666666666666,90
P00881,0.0,1.0,0.0,0.01,90
P00882,0.0,11.119499999999999,0.0,0.13833404983570646,90
P00883,0.0,1.0,0.0,0.01,90
P00884,1.0,2.9652,0.037037037037037035,0.1078611111111111,90
P00885,15.0,29.651999999999997,0.04110105580693816,0.07635672638110272,90
P00886,1.0,2.9652,0.046536796536796536,0.11686376470588235,90
P00887,9.0,44.477999999999994,0.026322390900047576,0.12351860929810107,90
P00888,1.0,2.9652,0.10555555555555556,0.39947833333333327,90
P00889,0.0,1.4826,0.0,0.20591666666666666,90
P00890,0.0,2.9652,0.0,0.32946666666666663,90
P00891,0.0,14.825999999999999,0.0,0.07497249393436342,90
P00892,23.5,77.8365,0.13903543831601387,0.4011664408473221,90
P00893,4.0,13.343399999999999,0.03064864357457993,0.10730581173780489,90
P00894,0.0,1.0,0.0,0.01,90
P00895,0.0,34.099799999999995,0.0,1.1366599999999998,90
P00896,0.0,1.0,0.0,0.01,90
P00897,1.0,2.9652,0.08712121212121213,0.3174325757575757,90
P00898,-2.0,51.891,-0.005680858649353573,0.14394692908553125,90
P00899,1.0,1.4826,0.058823529411764705,0.10429073529411764,90
P00900,1.0,4.4478,0.038461538461538464,0.17106923076923078,90
P00901,1.0,1.4826,0.07142857142857142,0.1059,90
P00902,0.0,1.4826,0.0,0.13478181818181817,90
P00903,0.0,1.4826,0.0,0.37065,90
P00904,14.0,36.323699999999995,0.04471894517696044,0.10967664004655825,90
P00905,0.0,1.4826,0.0,0.0706,90
P00906,4.0,10.3782,0.056012534273403844,0.14096458183129054,90
P00907,5.0,14.825999999999999,0.03746632240682533,0.11475232198142415,90
P00908,0.0,5.9304,0.0,0.34213846153846156,90
P00909,1.0,1.4826,0.058823529411764705,0.11752823529411763,90
P00910,0.5,6.6716999999999995,0.013513513513513514,0.24952850122850123,90
P00911,7.0,14.0847,0.038783841856467556,0.0888234591476664,90
P00912,1.0,1.4826,0.06666666666666667,0.09884,90
P00913,0.0,2.9652,0.0,0.08236666666666666,90
P00914,0.0,1.0,0.0,0.01,90
P00915,0.0,4.4478,0.0,0.07004843749999999,90
P00916,0.0,1.4826,0.0,0.37065,90
P00917,0.0,5.9304,0.0,0.29081769230769233,90
P00918,11.0,20.7564,0.0621978021978022,0.11632707692307694,90
P00919,0.0,5.9304,0.0,0.07030286195286195,90
P00920,2.0,4.4478,0.07151979565772669,0.15996580459770116,90
P00921,2.0,2.9652,0.044444444444444446,0.07883666666666667,90
P00922,1.5,5.9304,0.015714943587381992,0.06334209667558575,90
P00923,2.0,5.9304,0.027777777777777776,0.09781041666666666,90
P00924,1.5,30.3933,0.00511008225385411,0.10184225610272346,90
P00925,0.0,1.0,0.0,0.01,90
P00926,2.0,4.4478,0.2,0.44477999999999995,90
P00927,0.0,4.4478,0.0,0.37065,90
P00928,5.0,50.4084,0.012363189075208354,0.1403229345613066,90
P00929,3.0,5.1891,0.06669960474308301,0.12209304245283019,90
P00930,0.0,1.4826,0.0,0.29652,90
P00931,0.0,1.0,0.0,0.01,90
P00932,6.5,55.5975,0.03944911297852474,0.27903650943396224,90
P00933,1.0,2.9652,0.044466403162055336,0.12770088932806323,90
P00934,5.0,20.7564,0.01855982376428473,0.10190790823211876,90
P00935,0.0,1.4826,0.0,0.09884,90
P00936,1.0,1.4826,0.07692307692307693,0.11404615384615385,90
P00937,1.0,2.9652,0.05555555555555555,0.16473333333333331,90
P00938,9.0,17.7912,0.1707841031149302,0.3314466346153846,90
P00939,0.0,1.4826,0.0,0.1600534090909091,90
P00940,4.0,8.8956,0.03987811340752517,0.0997596278317152,90
P00941,1.0,5.9304,0.06666666666666667,0.39536,90
P00942,1.0,2.9652,0.01324561403508772,0.04246879313956533,90
P00943,0.0,1.0,0.0,0.01,90
P00944,32.0,47.4432,0.1119004353208994,0.15686976901154942,90
P00945,0.0,1.4826,0.0,0.4942,90
P00946,1.5,6.6716999999999995,0.08391608391608392,0.36978601398601396,90
P00947,1.0,1.4826,0.05263157894736842,0.09884,90
P00948,2.0,7.412999999999999,0.024404761904761905,0.10067288461538462,90
P00949,1.0,2.9652,0.025,0.07610782744282744,90
P00950,5.0,8.8956,0.06295533734558124,0.122421992481203,90
P00951,5.0,12.6021,0.025445457370765565,0.06638541221834154,90
P00952,3.5,21.4977,0.011749047684611501,0.06573326321858447,90
P00953,1.0,4.4478,0.03333333333333333,0.14996413793103447,90
P00954,13.5,106.0059,0.05656108597285068,0.3900994332764632,90
P00955,1.0,1.4826,0.05,0.12443249999999999,90
P00956,0.0,1.4826,0.0,0.27181,90
P00957,2.0,13.343399999999999,0.02058174944870314,0.12145998641390443,90
P00958,1.0,1.4826,0.047619047619047616,0.08546315789473684,90
P00959,1.0,1.4826,0.1111111111111111,0.20591666666666666,90
P00960,0.0,1.0,0.0,0.01,90
P00961,2.0,4.4478,0.08333333333333333,0.18065755555555554,90
P00962,4.0,10.3782,0.03290659935088352,0.08276786705921069,90
P00963,3.0,5.9304,0.08514492753623187,0.17186513092885372,90
P00964,0.0,1.4826,0.0,0.07803157894736841,90
P00965,0.0,1.4826,0.0,0.4942,90
P00966,1.5,2.2239,0.06696428571428571,0.09928124999999999,90
P00967,0.0,45.2193,0.0,0.3253187050359712,90
P00968,0.0,2.9652,0.0,0.23759615384615382,90
P00969,10.0,20.7564,0.06248780487804878,0.1325606437789441,90
P00970,1.0,2.9652,0.035098522167487683,0.09564295131845842,90
P00971,4.0,45.9606,0.0115975935828877,0.13535502786363737,90
P00972,1.5,3.7064999999999997,0.040015243902439025,0.09593958841463414,90
P00973,0.0,88.2147,0.0,0.4580805391332646,90
P00974,1.0,1.4826,0.09090909090909091,0.13478181818181817,90
P00975,-1.0,7.412999999999999,-0.05263157894736842,0.3745515789473684,90
P00976,1.0,8.8956,0.04083333333333333,0.3968135294117647,90
P00977,2.0,4.4478,0.035098522167487683,0.07851206896551724,90
P00978,1.0,1.4826,0.09090909090909091,0.13478181818181817,90
P00979,8.0,16.3086,0.0495398773006135,0.10856052956246207,90
P00980,2.0,2.9652,0.0339080459770115,0.05562793103448275,90
P00981,1.5,6.6716999999999995,0.06798245614035087,0.32073694331983804,90
P00982,29.5,62.2692,0.06416584614067383,0.12808917464114833,90
P00983,0.0,1.4826,0.0,0.29652,90
P00984,0.0,1.4826,0.0,0.14826,90
P00985,2.0,10.3782,0.023268398268398268,0.09804654038202425,90
P00986,4.0,16.3086,0.024383057090239413,0.10134330065359477,90
P00987,1.5,8.1543,0.01774576774576775,0.0987147804054054,90
P00988,1.0,1.4826,0.03571428571428571,0.06565800000000001,90
P00989,3.0,7.412999999999999,0.19047619047619047,0.3915584615384615,90
P00990,8.5,44.477999999999994,0.0625776397515528,0.3581821142361288,90
P00991,14.5,57.080099999999995,0.03478370689425966,0.13394090190877636,90
P00992,0.0,561.9054,0.0,1.4826,90
P00993,1.0,1.4826,0.06666666666666667,0.09884,90
P00994,2.0,4.4478,0.04081821547574972,0.07606182282656256,90
P00995,0.0,1.4826,0.0,0.12916590909090908,90
P00996,1.0,2.9652,0.041666666666666664,0.12355,90
P00997,31.5,71.1648,0.17592326827401455,0.4130523513917517,90
P00998,1.0,2.9652,0.05555555555555555,0.1541123684210526,90
P00999,8.5,18.5325,0.0399511670624076,0.08832416387887183,90
P01000,-1.0,8.8956,-0.03229166666666666,0.303509821985447,90
P01001,2.0,2.9652,0.08514492753623187,0.12623586956521737,90
P01002,2.0,5.9304,0.03225806451612903,0.12001570298234936,90
P01003,7.0,35.5824,0.03658109313288317,0.17351425681750074,90
P01004,5.0,22.238999999999997,0.01426606102048126,0.06529623915802835,90
P01005,23.5,36.323699999999995,0.08932717065552319,0.13319893541257696,90
P01006,17.0,46.701899999999995,0.04063775510204082,0.11248335561497325,90
P01007,0.0,10.3782,0.0,0.09225583072100312,90
P01008,22.5,38.547599999999996,0.0882892219387755,0.14874647536093544,90
P01009,1.0,1.4826,0.05,0.1002935294117647,90
P01010,3.0,5.9304,0.05607966457023061,0.1244202893081761,90
P01011,1.0,1.4826,0.06666666666666667,0.09884,90
P01012,7.0,20.0151,0.11824760920134401,0.3630680300819583,90
P01013,4.0,6.6716999999999995,0.051787504176411626,0.07678015369194788,90
P01014,0.0,1.0,0.0,0.01,90
P01015,0.0,36.323699999999995,0.0,0.17844868778280543,90
P01016,10.5,31.1346,0.051674960553465224,0.15229186373006925,90
P01017,1.0,2.9652,0.0625,0.1706940789473684,90
P01018,9.0,17.7912,0.05090673575129534,0.09424265368607751,90
P01019,23.0,48.925799999999995,0.07992098154553029,0.17500847688636817,90
P01020,1.0,1.4826,0.1111111111111111,0.16473333333333331,90
P01021,0.0,7.412999999999999,0.0,0.0907398119122257,90
P01022,2.0,7.412999999999999,0.07333333333333333,0.2956214545454545,90
P01023,1.5,9.636899999999999,0.021274387712743877,0.1304517434620174,90
P01024,9.0,17.7912,0.040596179183135704,0.07986625,90
P01025,23.5,52.632299999999994,0.08418367346938775,0.18298706801767023,90
P01026,7.0,14.825999999999999,0.053613053613053616,0.10388311325545961,90
P01027,27.0,45.2193,0.0809896797006702,0.1446732125262755,90
P01028,1.0,2.9652,0.038461538461538464,0.1006289592760181,90
P01029,0.0,1.4826,0.0,0.15649666666666665,90
P01030,23.5,54.1149,0.12232905982905984,0.3387271225838023,90
P01031,0.0,1.4826,0.0,0.12355,90
P01032,8.0,30.3933,0.032752985124407975,0.11511072218894036,90
P01033,0.0,1.4826,0.0,0.37065,90
P01034,1.0,1.4826,0.0625,0.15443749999999998,90
P01035,1.0,5.9304,0.06458333333333333,0.34628319444444444,90
P01036,17.5,53.373599999999996,0.04141732811198452,0.12259023403676306,90
P01037,0.0,2.9652,0.0,0.29652,90
P01038,0.0,244.629,0.0,1.4826,90
P01039,1.0,1.4826,0.04257246376811594,0.08161206521739131,90
P01040,0.0,1.4826,0.0,0.2118,90
P01041,2.0,20.7564,0.008249141068816546,0.09459606741573033,90
P01042,10.5,17.049899999999997,0.04070923552806009,0.0657183972092865,90
P01043,2.0,5.9304,0.09307359307359307,0.31908130434782606,90
P01044,9.0,25.9455,0.030832586523279134,0.09679434628975264,90
P01045,2.0,22.238999999999997,0.031009615384615385,0.3400643639659521,90
P01046,8.0,13.343399999999999,0.051470588235294115,0.09089969794923426,90
P01047,2.0,2.9652,0.08695652173913043,0.12892173913043478,90
P01048,1.0,2.9652,0.0625,0.2038575,90
P01049,13.5,18.5325,0.05780670510042962,0.0798287887268409,90
P01050,0.0,4.4478,0.0,0.3787076086956522,90
P01051,4.0,11.119499999999999,0.0925531914893617,0.23111736170212763,90
P01052,4.0,11.8608,0.03198739245250873,0.10057520185955468,90
P01053,11.0,28.1694,0.05038071065989848,0.12274772727272729,90
P01054,0.0,51.149699999999996,0.0,0.2854005,90
P01055,26.0,51.891,0.08219088980506745,0.17627003257328988,90
P01056,0.5,7.412999999999999,0.021739130434782608,0.31417,90
P01057,0.0,1.0,0.0,0.01,90
P01058,0.0,1.0,0.0,0.01,90
P01059,11.0,19.273799999999998,0.059712171940814344,0.10213224591743114,90
P01060,3.5,9.636899999999999,0.0395010395010395,0.0963342662984454,90
P01061,7.5,36.323699999999995,0.02695620589456206,0.12759912034706336,90
P01062,2.5,10.3782,0.024092970521541947,0.09456797410510281,90
P01063,2.0,23.7216,0.008405735678462952,0.09246965810150776,90
P01064,1.0,2.9652,0.05,0.13859086956521738,90
P01065,0.0,2.9652,0.0,0.2471,90
P01066,6.5,15.5673,0.028803791991188734,0.06905836541132584,90
P01067,0.0,1.4826,0.0,0.12355,90
P01068,1.0,1.4826,0.1,0.14826,90
P01069,2.0,5.9304,0.1380952380952381,0.39536000000000004,90
P01070,1.0,1.4826,0.043478260869565216,0.08417070938215102,90
P01071,0.0,2.9652,0.0,0.26956363636363634,90
P01072,0.0,5.9304,0.0,0.3358025641025641,90
P01073,1.0,1.4826,0.05,0.08193315789473682,90
P01074,1.0,2.9652,0.125,0.37065,90
P01075,3.0,26.686799999999998,0.03317307692307692,0.269940054054054,90
P01076,3.0,7.412999999999999,0.1039426523297491,0.29644408602150535,90
P01077,1.0,1.4826,0.05,0.07413,90
P01078,0.0,211.2705,0.0,0.9258560165975104,90
P01079,3.0,4.4478,0.17424242424242425,0.2779875,90
P01080,2.0,4.4478,0.09903381642512077,0.14682753623188405,90
P01081,0.0,48.925799999999995,0.0,0.15078959188326493,90
P01082,0.0,4.4478,0.0,0.29652,90
P01083,0.0,1.4826,0.0,0.0926625,90
P01084,3.0,10.3782,0.03109559613319012,0.1195055661211853,90
P01085,2.5,9.636899999999999,0.07196969696969696,0.30178122009569375,90
P01086,1.0,5.9304,0.02150786308973173,0.08423863636363636,90
P01087,2.5,18.5325,0.008651682645274897,0.06731589749805372,90
P01088,1.0,2.9652,0.1111111111111111,0.32946666666666663,90
P01089,14.5,58.5627,0.11703096539162113,0.40802493851451055,90
P01090,0.0,1.4826,0.0,0.29652,90
P01091,2.0,2.9652,0.07407407407407407,0.11582812499999999,90
P01092,7.5,27.428099999999997,0.028152967207159603,0.10014189857445183,90
P01093,17.0,23.7216,0.0855845455245132,0.10995443807445125,90
P01094,-0.5,22.238999999999997,-0.002,0.10697863974883177,90
P01095,1.0,1.4826,0.11805555555555555,0.17502916666666665,90
P01096,1.0,1.4826,0.07142857142857142,0.1059,90
P01097,1.0,1.4826,0.125,0.185325,90
P01098,0.0,1.4826,0.0,0.185325,90
P01099,0.0,48.1845,0.0,0.21691448863636362,90
P01100,0.0,1.4826,0.0,0.14826,90
P01101,0.0,2.2239,0.0,0.3129933333333333,90
P01102,-4.5,68.19959999999999,-0.02061934562274675,0.30405684252486703,90
P01103,29.5,58.5627,0.18544179428106788,0.33343821565704473,90
P01104,-2.5,80.0604,-0.008195221148957803,0.33041328316964064,90
P01105,7.0,21.4977,0.044302911534154533,0.1351658477377162,90
P01106,0.0,1.0,0.0,0.01,90
P01107,0.0,1.4826,0.0,0.14826,90
P01108,19.0,28.9107,0.04670604370085839,0.06347545367024272,90
P01109,30.0,44.477999999999994,0.07848450984044204,0.11624498714652955,90
P01110,1.0,5.9304,0.059027777777777776,0.40242774122807007,90
P01111,1.0,1.4826,0.07692307692307693,0.11404615384615385,90
P01112,0.0,4.4478,0.0,0.34213846153846156,90
P01113,0.0,1.4826,0.0,0.43242499999999995,90
P01114,5.5,25.9455,0.025235089800067775,0.11352419784156549,90
P01115,3.0,20.0151,0.012712777418659772,0.07969892037786774,90
P01116,10.0,16.3086,0.040471723398552664,0.06543414634146341,90
P01117,1.0,1.4826,0.058823529411764705,0.08721176470588235,90
P01118,15.0,18.5325,0.10070984915705412,0.11369151326933935,90
P01119,1.5,2.2239,0.06828703703703703,0.10124236111111111,90
P01120,1.0,1.4826,0.07142857142857142,0.1059,90
P01121,2.5,5.9304,0.06991869918699187,0.17008181818181817,90
P01122,3.5,9.636899999999999,0.03166445623342175,0.0836137388429752,90
P01123,2.0,4.4478,0.03333333333333333,0.07412999999999999,90
P01124,11.0,26.686799999999998,0.07163170163170163,0.16787372950760576,90
P01125,24.5,41.5128,0.08132987036866783,0.1312413254957609,90
P01126,10.5,28.9107,0.05353802134918015,0.12793230645265444,90
P01127,1.0,1.4826,0.09090909090909091,0.13478181818181817,90
P01128,0.0,1.0,0.0,0.01,90
P01129,1.0,4.4478,0.07142857142857142,0.34593999999999997,90
P01130,-1.0,6.6716999999999995,-0.04257246376811594,0.25789144021739124,90
P01131,9.0,26.686799999999998,0.031001865174527046,0.08234237258140631,90
P01132,2.0,7.412999999999999,0.01835016835016835,0.07267647058823529,90
P01133,3.0,5.9304,0.10344827586206896,0.2004509420189099,90
P01134,2.0,5.9304,0.06896551724137931,0.18470656284760845,90
P01135,0.0,19.273799999999998,0.0,0.16269069667431194,90
P01136,0.0,1.0,0.0,0.01,90
P01137,17.0,42.9954,0.058751551905262156,0.18379326641824792,90
P01138,4.0,17.049899999999997,0.017793317793317796,0.07286031620553358,90
P01139,3.0,20.7564,0.012063953488372093,0.07509119043889713,90
P01140,6.5,42.9954,0.01934167805878332,0.127884879133146,90
P01141,3.5,11.119499999999999,0.02710989678202793,0.0756533364119141,90
P01142,1.0,1.4826,0.0625,0.0926625,90
P01143,0.5,2.2239,0.011111111111111112,0.05619611074489123,90
P01144,2.5,5.1891,0.03216675244467319,0.06536296868149673,90
P01145,1.0,1.4826,0.07142857142857142,0.1059,90
P01146,7.5,14.0847,0.05303334672559261,0.09474331103678929,90
P01147,19.0,34.099799999999995,0.049079484070113547,0.08847382789377438,90
P01148,0.0,48.925799999999995,0.0,0.1254562,90
P01149,3.5,5.1891,0.046474358974358976,0.06890288461538462,90
P01150,14.5,29.651999999999997,0.07772698522224139,0.15550982859493415,90
P01151,3.0,8.1543,0.033724895793861315,0.0819492384729189,90
P01152,3.0,10.3782,0.02631578947368421,0.10347665903890159,90
P01153,0.0,55.5975,0.0,0.1572934699072962,90
P01154,7.5,19.273799999999998,0.02282681254986242,0.06124053713049747,90
P01155,23.0,47.4432,0.06354857263948173,0.14208754102244034,90
P01156,0.0,6.6716999999999995,0.0,0.04238752436647173,90
P01157,1.0,2.9652,0.058823529411764705,0.16524334365325075,90
P01158,3.0,8.1543,0.0379746835443038,0.10277460535346603,90
P01159,14.0,46.701899999999995,0.12245989304812833,0.42241609121178497,90
P01160,1.0,4.4478,0.038461538461538464,0.16684529914529914,90
P01161,10.0,38.547599999999996,0.0358177491528931,0.1723753551059207,90
P01162,1.0,4.4478,0.041245791245791245,0.15372580645161288,90
P01163,0.0,1.0,0.0,0.01,90
P01164,0.0,1.0,0.0,0.01,90
P01165,0.0,1.0,0.0,0.01,90
P01166,13.0,22.238999999999997,0.06466547192353644,0.11169419191919192,90
P01167,3.0,8.8956,0.03471107544141252,0.10143792134831461,90
P01168,6.0,7.412999999999999,0.06515151515151515,0.08129446615087041,90
P01169,0.5,1.0,0.020833333333333332,0.08315865384615385,90
P01170,1.0,2.2239,0.04257246376811594,0.08687755016722408,90
P01171,1.0,1.4826,0.029411764705882353,0.05864239350912778,90
P01172,3.5,9.636899999999999,0.03915816326530612,0.1072043543956044,90
P01173,18.0,42.9954,0.06067484592947372,0.13563543022952276,90
P01174,1.0,1.4826,0.08333333333333333,0.12355,90
P01175,3.0,11.8608,0.03209286445885968,0.1278172364976911,90
P01176,2.0,10.3782,0.016825733474726053,0.0785773003033367,90
P01177,0.0,166.0512,0.0,0.8658383999999999,90
P01178,0.5,6.6716999999999995,0.02,0.27181,90
P01179,22.0,64.4931,0.04816846053747636,0.13466253441720202,90
P01180,11.5,24.462899999999998,0.05513115508513576,0.11435306513409961,90
P01181,21.5,53.373599999999996,0.06355187253914477,0.15321847781709308,90
P01182,1.0,1.4826,0.07692307692307693,0.11404615384615385,90
P01183,1.0,2.9652,0.02857142857142857,0.08245956140350875,90
P01184,3.0,5.9304,0.04918032786885246,0.08845554430379747,90
P01185,2.0,2.9652,0.11764705882352941,0.1744235294117647,90
P01186,-1.0,18.5325,-0.01835016835016835,0.2804481906016689,90
P01187,9.0,90.4386,0.011896898785934452,0.14734005943073586,90
P01188,0.0,1.4826,0.0,0.07413,90
P01189,0.0,1.4826,0.0,0.14826,90
P01190,0.0,1.0,0.0,0.01,90
P01191,1.0,1.4826,0.04880952380952381,0.10205852941176471,90
P01192,17.0,18.5325,0.06338039950480143,0.07497436576526345,90
P01193,0.5,2.2239,0.017241379310344827,0.08266962452107278,90
P01194,3.5,13.343399999999999,0.023026315789473683,0.08890585492938434,90
P01195,0.0,7.412999999999999,0.0,0.34213846153846156,90
P01196,5.0,12.6021,0.04034854034854035,0.09381501865671642,90
P01197,15.5,31.1346,0.0752995642701525,0.15835739863085835,90
P01198,-0.5,12.6021,-0.00909090909090909,0.2917374193548387,90
P01199,0.0,25.2042,0.0,0.27634818633066055,90
P01200,1.0,1.4826,0.07692307692307693,0.11404615384615385,90
P01201,3.5,9.636899999999999,0.023392736295962103,0.06430913553983786,90
P01202,0.0,1.0,0.0,0.01,90
P01203,1.0,2.9652,0.043478260869565216,0.14010215311004784,90
P01204,0.0,1.0,0.0,0.01,90
P01205,7.5,15.5673,0.04883250597536312,0.09118038657039863,90
P01206,0.5,35.5824,0.0015015015015015015,0.09459477124183006,90
P01207,20.5,79.31909999999999,0.03257666703044854,0.12147125405844156,90
P01208,1.0,1.4826,0.06666666666666667,0.09884,90
P01209,0.0,1.4826,0.0,0.43242499999999995,90
P01210,10.0,40.0302,0.04531864351245085,0.19667898013871374,90
P01211,1.0,2.9652,0.05555555555555555,0.10328063768115942,90
P01212,4.5,20.0151,0.015606009042734213,0.07960133696339151,90
P01213,1.0,1.4826,0.06349206349206349,0.09413333333333332,90
P01214,14.0,26.686799999999998,0.058648728080201155,0.10917535036855991,90
P01215,32.5,75.6126,0.05595026642984014,0.13410888466645865,90
P01216,0.0,1.0,0.0,0.01,90
P01217,1.0,1.4826,0.05718954248366013,0.09508504901960785,90
P01218,2.0,16.3086,0.010032687955745537,0.07636478574383349,90
P01219,0.0,37.065,0.0,0.88029375,90
P01220,1.0,2.9652,0.09090909090909091,0.28881818181818175,90
P01221,2.0,7.412999999999999,0.028370221327967807,0.09982532650448142,90
P01222,1.0,2.9652,0.039230769230769236,0.12118643478260868,90
P01223,1.0,2.9652,0.043478260869565216,0.11649793853073462,90
P01224,1.0,28.1694,0.011173533083645444,0.3157099509462729,90
P01225,1.5,2.2239,0.06944444444444445,0.10295833333333333,90
P01226,1.0,2.9652,0.030776515151515152,0.10518694553291534,90
P01227,1.0,1.4826,0.0625,0.09884,90
P01228,0.0,1.4826,0.0,0.37065,90
P01229,28.0,41.5128,0.08567255465790315,0.13136157260110673,90
P01230,1.0,2.9652,0.05,0.12804272727272725,90
P01231,7.5,39.2889,0.02765752765752766,0.15182202420277477,90
P01232,1.0,4.4478,0.034482758620689655,0.18647201591511936,90
P01233,0.0,4.4478,0.0,0.2790776470588235,90
P01234,1.5,3.7064999999999997,0.06274509803921569,0.15232988235294118,90
P01235,0.0,53.373599999999996,0.0,0.1593078787231771,90
P01236,2.0,2.9652,0.07846153846153847,0.11632707692307694,90
P01237,12.0,25.2042,0.06638198757763975,0.14529096899224805,90
P01238,1.0,4.4478,0.02631578947368421,0.0820127819548872,90
P01239,12.5,31.875899999999998,0.06793478260869565,0.16191517175572517,90
P01240,1.0,1.4826,0.16666666666666666,0.2471,90
P01241,15.5,31.875899999999998,0.07922240802675586,0.15900463896508962,90
P01242,1.0,18.5325,0.003894198778053354,0.07603320464967817,90
P01243,12.5,54.856199999999994,0.027991682974559687,0.12419343104405775,90
P01244,0.0,1.4826,0.0,0.12355,90
P01245,7.0,16.3086,0.05050290409406431,0.10656787836281498,90
P01246,8.0,11.8608,0.05553108309013821,0.08685050574065842,90
P01247,1.0,2.9652,0.039230769230769236,0.10362812820512819,90
P01248,1.0,1.4826,0.08333333333333333,0.12355,90
P01249,4.5,23.7216,0.024922600619195046,0.1469779018104866,90
P01250,9.5,31.1346,0.035667149525189124,0.10806001569290198,90
P01251,12.5,25.9455,0.044086865515436946,0.08766953171127187,90
P01252,3.0,8.1543,0.03578486730660643,0.0838677058279371,90
P01253,1.0,1.4826,0.1,0.14826,90
P01254,1.0,1.4826,0.14285714285714285,0.3765333333333333,90
P01255,25.5,98.5929,0.041751688713763016,0.1580066114505896,90
P01256,0.0,1.4826,0.0,0.37065,90
P01257,0.5,3.7064999999999997,0.041666666666666664,0.32010681818181813,90
P01258,1.0,2.9652,0.06066176470588235,0.0994166719948849,90
P01259,0.0,1.4826,0.0,0.16473333333333331,90
P01260,10.5,16.3086,0.05109159943046986,0.0765661971830986,90
P01261,0.0,1.0,0.0,0.01,90
P01262,1.0,4.4478,0.016504329004329004,0.06538522727272726,90
P01263,1.0,1.4826,0.08012820512820512,0.11879807692307691,90
P01264,0.0,1.4826,0.0,0.06739090909090908,90
P01265,0.0,1.0,0.0,0.01,90
P01266,1.0,8.8956,0.04805491990846682,0.3905754550255237,90
P01267,1.5,6.6716999999999995,0.06979405034324943,0.2891239633867277,90
P01268,9.5,18.5325,0.03815588459956519,0.08688456363012236,90
P01269,10.0,23.7216,0.03903345724907063,0.10741821238938054,90
P01270,1.0,1.4826,0.058823529411764705,0.08721176470588235,90
P01271,0.0,13.343399999999999,0.0,0.22641949956859359,90
P01272,3.0,16.3086,0.015154994259471873,0.08445886809269161,90
P01273,0.0,78.5778,0.0,0.18356535969376844,90
P01274,2.0,8.8956,0.11263157894736842,0.4337977777777778,90
P01275,6.5,14.0847,0.0543086500655308,0.1040533199195171,90
P01276,0.0,1.4826,0.0,0.16473333333333331,90
P01277,2.0,4.4478,0.06350806451612903,0.19038349875930521,90
P01278,9.5,16.3086,0.05540229885057471,0.09457617533942261,90
P01279,1.0,4.4478,0.031754032258064516,0.1294451948924731,90
P01280,3.0,5.9304,0.04724702380952381,0.11826017595307917,90
P01281,3.5,11.8608,0.03575942700653044,0.10175476226529377,90
P01282,2.0,10.3782,0.0150997150997151,0.08365130041675496,90
P01283,10.0,18.5325,0.05449604743083004,0.08663162225705329,90
P01284,0.0,1.4826,0.0,0.185325,90
P01285,0.0,1.0,0.0,0.01,90
P01286,15.0,40.0302,0.044686201236335696,0.11950958819768406,90
P01287,0.0,1.0,0.0,0.01,90
P01288,0.0,5.9304,0.0,0.25784347826086956,90
P01289,1.0,2.2239,0.08012820512820512,0.21066858974358973,90
P01290,3.0,7.412999999999999,0.14416475972540044,0.385476,90
P01291,1.0,1.4826,0.07142857142857142,0.1059,90
P01292,1.0,2.9652,0.04880952380952381,0.13413999999999998,90
P01293,21.0,35.5824,0.0619192125068883,0.11929377906328521,90
P01294,0.0,2.9652,0.0,0.08137578947368419,90
P01295,3.0,5.9304,0.0769736842105263,0.1469670348837209,90
P01296,1.0,1.4826,0.09090909090909091,0.1617381818181818,90
P01297,1.0,1.4826,0.09090909090909091,0.13478181818181817,90
P01298,1.0,1.4826,0.041666666666666664,0.079425,90
P01299,7.5,10.3782,0.06689243770583483,0.07637465928400314,90
P01300,16.5,40.771499999999996,0.039184652278177454,0.09813803268139255,90
P01301,0.0,1.4826,0.0,0.29652,90
P01302,22.5,46.701899999999995,0.07650670213854496,0.15986457249565125,90
P01303,1.0,2.9652,0.043478260869565216,0.13185177865612646,90
P01304,4.0,7.412999999999999,0.05183609493954322,0.09280660092853457,90
P01305,0.0,68.19959999999999,0.0,0.26575438839925586,90
P01306,1.0,2.9652,0.034482758620689655,0.10054413793103449,90
P01307,19.0,45.2193,0.043615107913669064,0.12115673359655779,90
P01308,5.0,48.925799999999995,0.034079059626504885,0.30774927600961394,90
P01309,0.0,1.0,0.0,0.01,90
P01310,2.5,10.3782,0.021933962264150945,0.09353267139877247,90
P01311,0.0,1.4826,0.0,0.13478181818181817,90
P01312,3.0,10.3782,0.02583148558758315,0.08204601784266018,90
P01313,2.0,8.8956,0.01138164063763055,0.05676485188968334,90
P01314,1.0,2.9652,0.05555555555555555,0.169578431372549,90
P01315,3.5,17.049899999999997,0.01666090961427749,0.0790476369092273,90
P01316,5.5,17.049899999999997,0.02758097165991903,0.08703724866194126,90
P01317,6.0,11.8608,0.058604917095483135,0.09953322935405597,90
P01318,1.0,2.9652,0.01770050125313283,0.06950848684210527,90
P01319,1.0,2.9652,0.05718954248366013,0.1571542156862745,90
P01320,1.0,2.9652,0.039230769230769236,0.09794766843501325,90
P01321,0.0,1.4826,0.0,0.16473333333333331,90
P01322,1.0,2.9652,0.1125,0.3150525,90
P01323,0.0,23.7216,0.0,0.3559637649138312,90
P01324,1.0,1.4826,0.06066176470588235,0.08993713235294117,90
P01325,5.0,9.636899999999999,0.07417230656667276,0.15307407376812193,90
P01326,0.0,1.4826,0.0,0.13478181818181817,90
P01327,0.0,5.9304,0.0,0.3177,90
P01328,11.0,19.273799999999998,0.03935611879160266,0.0708287767250185,90
P01329,16.0,26.686799999999998,0.05818181818181818,0.10038552221066706,90
P01330,4.5,11.8608,0.037275408956824886,0.1011972039473684,90
P01331,6.5,9.636899999999999,0.038880918220946914,0.05776363636363636,90
P01332,1.0,1.4826,0.03225806451612903,0.05101419354838709,90
P01333,0.0,1.0,0.0,0.01,90
P01334,16.0,81.54299999999999,0.07948717948717948,0.3050898474801061,90
P01335,1.5,11.119499999999999,0.04224738675958188,0.3127493902439024,90
P01336,1.5,22.9803,0.00421746163254034,0.07100013256006628,90
P01337,2.0,2.9652,0.08347826086956522,0.14579876679841897,90
P01338,0.0,3.7064999999999997,0.0,0.022879629629629628,90
P01339,1.0,1.4826,0.07692307692307693,0.1555174825174825,90
P01340,1.0,2.9652,0.05718954248366013,0.15234736842105262,90
P01341,1.0,1.4826,0.04257246376811594,0.0784029743083004,90
P01342,15.0,42.9954,0.048949537929658934,0.13284432954545453,90
P01343,18.0,29.651999999999997,0.07239899315864207,0.11877761857808483,90
P01344,0.0,3.7064999999999997,0.0,0.04802893071285809,90
P01345,0.0,48.925799999999995,0.0,0.1421484334818052,90
P01346,1.0,1.4826,0.08333333333333333,0.12355,90
P01347,1.0,1.4826,0.07417582417582418,0.10997307692307692,90
P01348,0.0,1.0,0.0,0.01,90
P01349,2.0,4.4478,0.04081632653061224,0.08902582417582416,90
P01350,0.0,1.4826,0.0,0.07803157894736841,90
P01351,4.0,10.3782,0.03377030493017954,0.0872907608695652,90
P01352,2.5,12.6021,0.01903795655287658,0.09962267530248395,90
P01353,1.0,1.4826,0.09090909090909091,0.13478181818181817,90
P01354,8.0,24.462899999999998,0.01971029268085468,0.06228260764781491,90
P01355,5.0,14.825999999999999,0.023643965478692484,0.07341806722689076,90
P01356,8.0,13.343399999999999,0.07498048399687744,0.13734083361500762,90
P01357,3.5,12.6021,0.08035714285714285,0.29027001942286346,90
P01358,0.0,1.4826,0.0,0.16473333333333331,90
P01359,1.0,1.4826,0.05555555555555555,0.08236666666666666,90
P01360,12.0,23.7216,0.05129607349885158,0.10630047783655394,90
P01361,11.0,53.373599999999996,0.06643939393939394,0.3240652379373238,90
P01362,1.0,2.9652,0.05555555555555555,0.16473333333333331,90
P01363,3.5,20.7564,0.0236731843575419,0.12474059265702758,90
P01364,0.0,16.3086,0.0,0.06994331710503802,90
P01365,2.0,17.7912,0.007390136485731037,0.06782103254907647,90
P01366,0.0,1.4826,0.0,0.29652,90
P01367,0.0,22.9803,0.0,0.27627152777777775,90
P01368,22.0,34.8411,0.1254056742043551,0.20871892171117934,90
P01369,1.0,2.9652,0.039230769230769236,0.12592596153846153,90
P01370,1.0,1.4826,0.09545454545454546,0.14152090909090909,90
P01371,5.0,95.62769999999999,0.01943384223918575,0.33599034236075626,90
P01372,1.0,7.412999999999999,0.06066176470588235,0.40426286764705877,90
P01373,5.0,28.1694,0.07010710808179163,0.3592709332557042,90
P01374,1.0,5.1891,0.02857142857142857,0.1378969844789357,90
P01375,0.0,1.0,0.0,0.01,90
P01376,21.0,91.9212,0.11173139158576051,0.46752085777531815,90
P01377,0.0,1.0,0.0,0.01,90
P01378,4.0,10.3782,0.037755174118810485,0.09445983297413792,90
P01379,0.0,4.4478,0.0,0.25833181818181816,90
P01380,5.0,16.3086,0.025195618153364633,0.07989140509725016,90
P01381,0.0,1.0,0.0,0.01,90
P01382,0.0,1.4826,0.0,0.11404615384615385,90
P01383,11.0,25.2042,0.05401617250673854,0.1452320159127074,90
P01384,0.0,4.4478,0.0,0.32946666666666663,90
P01385,21.0,59.303999999999995,0.03877865178042798,0.11423980824561228,90
P01386,0.0,1.0,0.0,0.01,90
P01387,0.0,538.1838,0.0,1.4826,90
P01388,1.0,2.9652,0.05012531328320802,0.1295979020979021,90
P01389,5.5,63.751799999999996,0.028790389395194696,0.35339487698078315,90
P01390,16.0,24.462899999999998,0.06092783505154639,0.09478336216216215,90
P01391,0.0,1.4826,0.0,0.11404615384615385,90
P01392,0.0,1.4826,0.0,0.2118,90
P01393,1.0,1.4826,0.05555555555555555,0.14572564102564103,90
P01394,6.5,15.5673,0.05666248001826901,0.1064430769230769,90
P01395,0.0,4.4478,0.0,0.2118,90
P01396,9.0,28.9107,0.08708942699592424,0.3029152345231845,90
P01397,1.0,1.4826,0.04,0.06961773913043477,90
P01398,1.5,3.7064999999999997,0.07333333333333333,0.1731848695652174,90
P01399,0.5,3.7064999999999997,0.010638297872340425,0.0880942916450441,90
P01400,5.0,16.3086,0.024340870939073764,0.07673739835684035,90
P01401,0.0,1.4826,0.0,0.0706,90
P01402,0.5,2.2239,0.020833333333333332,0.10696828947368421,90
P01403,1.0,1.4826,0.07692307692307693,0.11404615384615385,90
P01404,0.0,40.0302,0.0,0.09551602145065956,90
P01405,9.5,20.0151,0.04005702066999287,0.11572330316742081,90
P01406,5.0,10.3782,0.041666666666666664,0.0959392608695652,90
P01407,13.0,52.632299999999994,0.0432051282051282,0.16255547492662212,90
P01408,9.5,85.2495,0.03312757201646091,0.3593116559788759,90
P01409,4.0,16.3086,0.025510001980590218,0.08058618421052631,90
P01410,9.0,16.3086,0.04186046511627907,0.07920591783216782,90
P01411,0.0,1.0,0.0,0.01,90
P01412,1.0,2.9652,0.041666666666666664,0.13199130434782608,90
P01413,1.0,1.4826,0.09545454545454546,0.14152090909090909,90
P01414,0.0,2.9652,0.0,0.4236,90
P01415,6.0,11.8608,0.061533620999640416,0.1213781289527297,90
P01416,5.0,35.5824,0.04553843684801798,0.28083902747806566,90
P01417,1.0,1.4826,0.1,0.14826,90
P01418,1.0,1.4826,0.1,0.14826,90
P01419,2.5,6.6716999999999995,0.03684448462929475,0.09132253130711432,90
P01420,5.0,18.5325,0.043879731379731376,0.16721280101690686,90
P01421,1.0,1.4826,0.0625,0.0926625,90
P01422,4.5,8.1543,0.037248787248787246,0.06694685822505198,90
P01423,1.0,1.4826,0.06666666666666667,0.14825999999999998,90
P01424,1.0,7.412999999999999,0.047619047619047616,0.3668130434782609,90
P01425,6.0,25.9455,0.0263839492809649,0.11204887129432152,90
P01426,5.0,21.4977,0.029920589903573453,0.12123051159426172,90
P01427,1.0,2.9652,0.08333333333333333,0.22945,90
P01428,14.5,74.87129999999999,0.061187784466304504,0.3447330930473639,90
P01429,4.0,4.4478,0.0641025641025641,0.07229054590570719,90
P01430,3.5,14.825999999999999,0.06964573268921095,0.34593999999999997,90
P01431,6.5,18.5325,0.04686358417701701,0.12863195044521122,90
P01432,12.0,21.4977,0.048,0.10058146666666666,90
P01433,1.0,4.4478,0.012048192771084338,0.05337530120481927,90
P01434,0.0,80.0604,0.0,1.4826,90
P01435,0.0,1.4826,0.0,0.2118,90
P01436,1.0,2.9652,0.059027777777777776,0.1466993684210526,90
P01437,1.0,1.4826,0.05555555555555555,0.08236666666666666,90
P01438,2.0,25.2042,0.010101267760120398,0.12485029750158408,90
P01439,1.0,1.4826,0.06904761904761905,0.13522615384615383,90
P01440,20.0,41.5128,0.062266075700014065,0.12549048962630388,90
P01441,19.0,34.099799999999995,0.08486538461538462,0.1589237715163459,90
P01442,1.0,1.4826,0.09545454545454546,0.14152090909090909,90
P01443,0.0,1.0,0.0,0.01,90
P01444,1.0,1.4826,0.1,0.14826,90
P01445,8.5,65.9757,0.04478466517301469,0.3172229729729729,90
P01446,0.0,1.0,0.0,0.01,90
P01447,0.0,34.8411,0.0,0.14987913223140495,90
P01448,3.0,10.3782,0.032624113475177303,0.10888279635258358,90
P01449,15.5,62.2692,0.10576042143838754,0.4074676769709442,90
P01450,1.5,8.1543,0.01778115501519757,0.11383430340557275,90
P01451,11.5,20.0151,0.05532891381947986,0.08807769712140175,90
P01452,5.0,11.8608,0.05083943176926388,0.11511725963277052,90
P01453,2.0,17.7912,0.014242424242424244,0.10273080110497237,90
P01454,8.5,20.7564,0.043249959916626585,0.09724849027913544,90
P01455,1.0,2.9652,0.0625,0.185325,90
P01456,6.5,21.4977,0.03784935241990457,0.11749813187137043,90
P01457,3.0,20.7564,0.009464099119271534,0.06379027822479373,90
P01458,0.0,37.8063,0.0,0.18928267816954233,90
P01459,0.5,2.2239,0.014705882352941176,0.11004883747965588,90
P01460,13.0,22.238999999999997,0.06123376335505608,0.11358581484132664,90
P01461,0.0,1.4826,0.0,0.08721176470588235,90
P01462,9.5,28.9107,0.02700995870779694,0.08277499999999999,90
P01463,1.0,4.4478,0.08712121212121213,0.37626590909090907,90
P01464,5.0,29.651999999999997,0.02394506189572603,0.12846171117396923,90
P01465,4.0,8.8956,0.03404316963638998,0.07733794152467442,90
P01466,1.0,2.9652,0.04257246376811594,0.12489293478260867,90
P01467,7.5,27.428099999999997,0.034555271383915884,0.12240702643171807,90
P01468,0.0,1.4826,0.0,0.08721176470588235,90
P01469,18.0,26.686799999999998,0.07442355889724311,0.12268438995215311,90
P01470,0.0,32.6172,0.0,0.07406732823325635,90
P01471,3.0,8.8956,0.04651442307692308,0.14736145454545455,90
P01472,1.0,10.3782,0.00684931506849315,0.07547293478260869,90
P01473,5.0,17.7912,0.029026721410782795,0.09682751957442695,90
P01474,1.0,2.9652,0.04257246376811594,0.12365743478260868,90
P01475,1.0,1.4826,0.04,0.07547781818181817,90
P01476,15.0,41.5128,0.05333118971061093,0.1532545744680851,90
P01477,3.0,5.9304,0.0782520325203252,0.14863439393939396,90
P01478,6.5,32.6172,0.022719050719918962,0.10915354183994729,90
P01479,0.0,182.35979999999998,0.0,1.4826,90
P01480,0.0,1.0,0.0,0.06739090909090908,90
P01481,6.0,14.825999999999999,0.029843009478672987,0.07537616897239718,90
P01482,0.0,1.4826,0.0,0.29652,90
P01483,9.0,17.7912,0.03667219917012448,0.08814493422227514,90
P01484,1.0,1.4826,0.07142857142857142,0.1059,90
P01485,1.0,1.4826,0.058823529411764705,0.08721176470588235,90
P01486,0.0,1.0,0.0,0.01,90
P01487,0.0,1.4826,0.0,0.13478181818181817,90
P01488,3.5,12.6021,0.0345015345015345,0.14724641949641948,90
P01489,2.0,2.9652,0.07151979565772669,0.12661890480400825,90
P01490,1.0,2.9652,0.041666666666666664,0.12355000000000001,90
P01491,1.0,1.4826,0.07142857142857142,0.1059,90
P01492,0.0,1.4826,0.0,0.185325,90
P01493,1.0,2.9652,0.038461538461538464,0.11860799999999999,90
P01494,1.0,1.4826,0.09090909090909091,0.13478181818181817,90
P01495,1.0,8.8956,0.014129353233830846,0.1043419617405928,90
P01496,1.0,23.7216,0.0036101083032490976,0.08354062511710991,90
P01497,5.0,19.273799999999998,0.019423407657725614,0.0727855094421586,90
P01498,1.0,1.4826,0.05555555555555555,0.10368509803921568,90
P01499,1.0,1.4826,0.125,0.185325,90
P01500,17.5,78.5778,0.06621987032244933,0.29210544215246637,90
P01501,2.5,5.1891,0.042388059701492536,0.10354666666666666,90
P01502,2.0,4.4478,0.03851851851851852,0.09725388513513515,90
P01503,1.0,5.9304,0.06666666666666667,0.36047529411764706,90
P01504,1.0,1.4826,0.043478260869565216,0.06446086956521739,90
P01505,1.0,1.4826,0.06666666666666667,0.11295999999999998,90
P01506,1.5,8.8956,0.060798548094373864,0.32498807259528134,90
P01507,7.0,19.273799999999998,0.041852149164416555,0.10089916666666668,90
P01508,2.0,2.9652,0.05,0.09060333333333331,90
P01509,3.5,25.9455,0.013026787478476867,0.0962046031514444,90
P01510,0.0,49.6671,0.0,0.23409473684210524,90
P01511,9.0,27.428099999999997,0.11720983419096627,0.3350502421045024,90
P01512,14.0,40.0302,0.040465465465465464,0.1169382388623037,90
P01513,10.5,15.5673,0.09137291280148424,0.14700739839738752,90
P01514,0.0,1.0,0.0,0.01,90
P01515,0.0,1.0,0.0,0.01,90
P01516,2.0,2.9652,0.10427807486631016,0.15885,90
P01517,12.0,28.9107,0.03602100710534445,0.0878335187110187,90
P01518,7.0,10.3782,0.04812417312417312,0.07413,90
P01519,2.5,5.1891,0.07614942528735633,0.1650883620689655,90
P01520,3.0,7.412999999999999,0.039736842105263154,0.0990134035087719,90
P01521,1.0,1.4826,0.1111111111111111,0.16473333333333331,90
P01522,5.0,10.3782,0.0874072457442165,0.1693963973237262,90
P01523,0.0,1.0,0.0,0.01,90
P01524,0.0,1.4826,0.0,0.13478181818181817,90
P01525,2.5,20.0151,0.01304546841623436,0.09252018211072917,90
P01526,0.0,1.4826,0.0,0.059303999999999996,90
P01527,1.0,2.9652,0.038461538461538464,0.10906014588859415,90
P01528,0.0,1.4826,0.0,0.16473333333333331,90
P01529,20.0,83.0256,0.10231352718078382,0.37607654528938755,90
P01530,2.0,8.8956,0.020614263404476835,0.08110833292086601,90
P01531,0.0,1.4826,0.0,0.37065,90
P01532,8.0,22.238999999999997,0.033642964918898524,0.08873939905113336,90
P01533,0.0,409.9389,0.0,1.4826,90
P01534,0.0,1.4826,0.0,0.2118,90
P01535,2.0,4.4478,0.125,0.3567754010695187,90
P01536,0.0,2.9652,0.0,0.37065,90
P01537,0.5,6.6716999999999995,0.020833333333333332,0.349516447368421,90
P01538,3.0,15.5673,0.014003133568350961,0.07064633052608553,90
P01539,2.5,6.6716999999999995,0.08249158249158249,0.2071646464646464,90
P01540,2.0,2.9652,0.05714285714285714,0.08471999999999999,90
P01541,3.5,34.8411,0.01359240476471282,0.14472368762077623,90
P01542,0.0,2.9652,0.0,0.15606315789473682,90
P01543,2.5,11.119499999999999,0.016998166172943998,0.07189060772772156,90
P01544,1.0,1.4826,0.09090909090909091,0.13478181818181817,90
P01545,13.5,34.8411,0.05268136088738571,0.144148423073758,90
P01546,6.5,17.049899999999997,0.028565891472868216,0.0741424191656894,90
P01547,3.0,22.9803,0.014432395016151362,0.10538711632554583,90
P01548,6.0,17.049899999999997,0.025543478260869563,0.07943066803057283,90
P01549,1.5,5.1891,0.05397727272727273,0.18227498040752352,90
P01550,13.0,18.5325,0.0656858407079646,0.09279788043154023,90
P01551,25.5,37.065,0.09387306140308231,0.1342652628571463,90
P01552,3.0,5.9304,0.02926898914905768,0.06790919976635514,90
P01553,2.5,48.1845,0.025908416759362254,0.3615271904024768,90
P01554,9.5,17.7912,0.07517263025737603,0.14955347551119977,90
P01555,1.0,4.4478,0.1,0.34593999999999997,90
P01556,0.0,2.9652,0.0,0.3358025641025641,90
P01557,16.5,28.9107,0.06501668520578421,0.10189161104931406,90
P01558,0.0,1.4826,0.0,0.14826,90
P01559,4.0,7.412999999999999,0.08699763593380615,0.16437521739130434,90
P01560,12.5,44.477999999999994,0.0770398080180689,0.28433953670505024,90
P01561,0.0,1.0,0.0,0.01,90
P01562,0.0,1.4826,0.0,0.2118,90
P01563,6.0,22.238999999999997,0.03356918742396107,0.12742836225052653,90
P01564,0.5,3.7064999999999997,0.03571428571428571,0.3227613970588235,90
P01565,2.0,10.3782,0.0196078431372549,0.09952543689320388,90
P01566,1.0,2.9652,0.05263157894736842,0.14435842105263158,90
P01567,3.5,24.462899999999998,0.009659090909090909,0.06776232757833196,90
P01568,1.0,1.4826,0.07692307692307693,0.11404615384615385,90
P01569,3.0,11.8608,0.026906370656370658,0.11234779531058735,90
P01570,4.0,7.412999999999999,0.04985119047619048,0.073909375,90
P01571,4.5,16.3086,0.019388822474596532,0.07335845698176084,90
P01572,0.0,1.4826,0.0,0.29652,90
P01573,0.0,13.343399999999999,0.0,0.5026478632478633,90
P01574,24.0,37.065,0.07947507741484366,0.14939263878698947,90
P01575,1.0,2.9652,0.05555555555555555,0.16473333333333331,90
P01576,0.0,1.4826,0.0,0.29652,90
P01577,0.0,1.4826,0.0,0.16473333333333331,90
P01578,9.0,20.7564,0.03544694735740085,0.08011114316802954,90
P01579,12.0,36.323699999999995,0.045627376425855515,0.1147756260107243,90
P01580,8.5,15.5673,0.04015480291709543,0.08087407544378698,90
P01581,1.0,1.4826,0.07142857142857142,0.1059,90
P01582,0.0,1.4826,0.0,0.1059,90
P01583,18.0,51.891,0.051664050235478806,0.1409720076691325,90
P01584,10.5,46.701899999999995,0.02935714613233069,0.1349898948290555,90
P01585,4.0,13.343399999999999,0.047277015437392794,0.14514965034965036,90
P01586,1.0,2.9652,0.041666666666666664,0.11879807692307691,90
P01587,4.0,22.238999999999997,0.023361714006560123,0.13875992249459262,90
P01588,0.0,1.4826,0.0,0.185325,90
P01589,1.0,1.4826,0.05,0.1002935294117647,90
P01590,0.0,293.5548,0.0,1.4826,90
P01591,0.0,100.07549999999999,0.0,0.2243573122529644,90
P01592,2.0,4.4478,0.06559139784946236,0.1435770564516129,90
P01593,1.0,1.4826,0.07692307692307693,0.11404615384615385,90
P01594,1.0,2.9652,0.04,0.11632707692307694,90
P01595,40.5,81.54299999999999,0.07910185621300768,0.12329676389436342,90
P01596,4.0,7.412999999999999,0.048500881834215165,0.09956046493301811,90
P01597,1.0,2.9652,0.1111111111111111,0.32123,90
P01598,1.0,2.9652,0.05131578947368421,0.1367875,90
P01599,0.0,1.0,0.0,0.01,90
P01600,21.5,85.2495,0.07964502718260313,0.3121225951910633,90
P01601,3.0,8.8956,0.11878881987577639,0.423216304347826,90
P01602,0.0,1.0,0.0,0.01,90
P01603,0.0,1.4826,0.0,0.29652,90
P01604,0.0,1.0,0.0,0.01,90
P01605,1.0,10.3782,0.05,0.47269129554655864,90
P01606,2.0,4.4478,0.029411764705882353,0.06878974358974359,90
P01607,1.0,1.4826,0.0625,0.11913749999999998,90
P01608,6.5,12.6021,0.061946902654867256,0.1202085493046776,90
P01609,1.0,2.9652,0.044466403162055336,0.14005588932806326,90
P01610,3.0,5.1891,0.052655677655677656,0.11176276223776223,90
P01611,1.5,6.6716999999999995,0.023923444976076555,0.10233434343434342,90
P01612,18.0,63.01049999999999,0.029033879152832363,0.11185167825573322,90
P01613,19.0,37.065,0.05205167173252279,0.11953059390958955,90
P01614,0.5,6.6716999999999995,0.019230769230769232,0.32308395225464187,90
P01615,0.0,1.0,0.0,0.01,90
P01616,11.5,26.686799999999998,0.050637703104070814,0.10424531249999999,90
P01617,2.0,19.273799999999998,0.014407131011608624,0.11664347826086956,90
P01618,0.0,9.636899999999999,0.0,0.05835957165423754,90
P01619,10.5,15.5673,0.04776779567671761,0.07007313432835821,90
P01620,0.0,1.0,0.0,0.01,90
P01621,1.0,7.412999999999999,0.0186932215234102,0.13586876091796937,90
P01622,2.0,7.412999999999999,0.09347826086956522,0.35560913043478254,90
P01623,9.5,21.4977,0.04212843686527897,0.08778385564243778,90
P01624,1.0,2.9652,0.03333333333333333,0.10793653846153844,90
P01625,1.0,1.4826,0.07142857142857142,0.1059,90
P01626,3.0,13.343399999999999,0.018078193632700475,0.08151850457235073,90
P01627,0.0,2.9652,0.0,0.29652,90
P01628,3.5,5.1891,0.05572755417956656,0.08499424418067833,90
P01629,1.0,1.4826,0.06066176470588235,0.1381551753393665,90
P01630,7.5,20.7564,0.030387129855146775,0.07445698967985351,90
P01631,0.0,252.04199999999997,0.0,1.0395574218749999,90
P01632,0.0,1.4826,0.0,0.37065,90
P01633,0.0,48.1845,0.0,0.16090219787546112,90
P01634,10.0,20.7564,0.04619758351101634,0.08142869365116827,90
P01635,5.5,20.0151,0.026779422128259338,0.09538636798053808,90
P01636,1.0,1.4826,0.07692307692307693,0.11404615384615385,90
P01637,0.0,1.4826,0.0,0.2118,90
P01638,0.0,1.4826,0.0,0.2118,90
P01639,4.0,17.7912,0.021166391354257075,0.09700570708459934,90
P01640,6.5,20.7564,0.06650939116232646,0.25621593406593407,90
P01641,10.5,24.462899999999998,0.050157722712070536,0.11573872341384599,90
P01642,3.0,4.4478,0.054058441558441556,0.08014704545454544,90
P01643,5.5,15.5673,0.037212787212787216,0.10239590230220175,90
P01644,1.0,11.8608,0.008054082028722992,0.08302787856750884,90
P01645,1.0,5.1891,0.036375661375661374,0.17097792397660816,90
P01646,4.0,25.9455,0.008962623951182302,0.05792954493697832,90
P01647,1.0,2.9652,0.15476190476190477,0.4000666666666666,90
P01648,3.0,7.412999999999999,0.03278786430960344,0.0824087656529517,90
P01649,1.5,6.6716999999999995,0.01748297537977999,0.08028985219227425,90
P01650,0.0,77.09519999999999,0.0,0.3266745762711864,90
P01651,1.0,2.9652,0.058823529411764705,0.17987426470588233,90
P01652,1.0,2.9652,0.051587301587301584,0.13441153846153844,90
P01653,1.0,2.9652,0.038461538461538464,0.11404615384615385,90
P01654,0.0,2.9652,0.0,0.26956363636363634,90
P01655,0.0,1.4826,0.0,0.12355,90
P01656,30.5,45.9606,0.09156976744186046,0.14762788372093022,90
P01657,7.5,20.7564,0.0390869352225195,0.10187990947611618,90
P01658,0.0,1.0,0.0,0.01,90
P01659,1.0,1.4826,0.1,0.14826,90
P01660,1.0,1.4826,0.07692307692307693,0.11404615384615385,90
P01661,3.0,7.412999999999999,0.04096989966555184,0.10176523396306004,90
P01662,5.0,13.343399999999999,0.04813484708063022,0.12538282288806896,90
P01663,2.0,4.4478,0.0754985754985755,0.16198777777777776,90
P01664,4.0,11.119499999999999,0.020100502512562814,0.06786140696909927,90
P01665,7.0,16.3086,0.07106782106782106,0.15358960784313724,90
P01666,3.0,4.4478,0.09859913793103448,0.14618308189655171,90
P01667,0.0,1.4826,0.0,0.185325,90
P01668,5.5,19.273799999999998,0.029004678623148046,0.10271575912348628,90
P01669,1.0,1.4826,0.05555555555555555,0.10295833333333333,90
P01670,7.0,25.9455,0.03671373555840821,0.13933539495791683,90
P01671,0.0,2.9652,0.0,0.26956363636363634,90
P01672,6.5,61.527899999999995,0.02310331681280976,0.21659525576368877,90
P01673,2.0,5.9304,0.0367003367003367,0.10543552631578947,90
P01674,0.5,25.2042,0.007042253521126761,0.3527797504254112,90
P01675,3.5,28.9107,0.01584090626167061,0.12363091032869919,90
P01676,0.0,1.0,0.0,0.01,90
P01677,1.0,2.2239,0.07692307692307693,0.17008181818181817,90
P01678,0.0,2.9652,0.0,0.1059,90
P01679,0.0,1.4826,0.0,0.0926625,90
P01680,12.5,25.2042,0.04390784653942549,0.08839122728055288,90
P01681,1.0,2.9652,0.039230769230769236,0.11111353846153846,90
P01682,2.0,4.4478,0.058823529411764705,0.16414858012170386,90
P01683,1.0,4.4478,0.015476190476190477,0.06250913449564134,90
P01684,-2.5,51.891,-0.01,0.2973964137931034,90
P01685,1.5,3.7064999999999997,0.06631578947368422,0.1614377242562929,90
P01686,1.0,1.4826,0.05131578947368421,0.08431745614035087,90
P01687,12.0,16.3086,0.07742257742257742,0.11032507122507121,90
P01688,4.5,30.3933,0.01665051903114187,0.11377007988380537,90
P01689,12.0,47.4432,0.04035549154063729,0.1872689482418511,90
P01690,6.5,23.7216,0.019337016574585635,0.08173732220524273,90
P01691,0.0,1.4826,0.0,0.15649666666666665,90
P01692,1.0,2.9652,0.02072649572649573,0.09518997212931997,90
P01693,1.0,4.4478,0.06458333333333333,0.36952681818181815,90
P01694,0.0,1.0,0.0,0.01,90
P01695,0.0,5.9304,0.0,0.27598181818181816,90
P01696,1.0,4.4478,0.08012820512820512,0.3563942307692307,90
P01697,0.0,1.4826,0.0,0.14826,90
P01698,2.0,4.4478,0.07142857142857142,0.16692977777777776,90
P01699,11.5,26.686799999999998,0.059262510974539065,0.13799781586289359,90
P01700,3.0,7.412999999999999,0.03903274942878904,0.08495448883765715,90
P01701,7.0,20.0151,0.0359956641285956,0.10007822136563876,90
P01702,1.5,2.2239,0.07179487179487179,0.1064430769230769,90
P01703,1.0,1.4826,0.05,0.07413,90
P01704,0.0,2.9652,0.0,0.08721176470588235,90
P01705,1.0,1.4826,0.07142857142857142,0.13169615384615385,90
P01706,1.0,5.9304,0.0625,0.3628741258741259,90
P01707,1.0,4.4478,0.018031189083820662,0.08209079744816586,90
P01708,1.0,1.4826,0.1,0.14826,90
P01709,-2.5,41.5128,-0.006756756756756757,0.11469879726812444,90
P01710,1.0,5.9304,0.019419306184012067,0.12200258408574347,90
P01711,1.0,2.9652,0.05,0.1295260597826087,90
P01712,1.0,2.9652,0.06666666666666667,0.19768000000000002,90
P01713,8.0,14.825999999999999,0.03494613422665499,0.06775280449903803,90
P01714,1.0,2.9652,0.038461538461538464,0.1081472148541114,90
P01715,1.0,2.9652,0.039230769230769236,0.13558532517482516,90
P01716,14.5,33.3585,0.14642237419618248,0.3386667090251432,90
P01717,2.0,3.7064999999999997,0.18181818181818182,0.34947,90
P01718,0.0,1.0,0.0,0.01,90
P01719,-2.0,63.01049999999999,-0.0071174377224199285,0.28249286103047894,90
P01720,1.0,2.9652,0.03571428571428571,0.1059,90
P01721,0.0,1.4826,0.0,0.09884,90
P01722,0.0,1.4826,0.0,0.09884,90
P01723,1.0,2.9652,0.045548654244306416,0.1412,90
P01724,2.0,4.4478,0.08893280632411067,0.21421844532279316,90
P01725,2.0,22.238999999999997,0.008856997614671723,0.09061771499261224,90
P01726,0.0,1.0,0.0,0.01,90
P01727,9.0,29.651999999999997,0.02601242983159583,0.09395698591513248,90
P01728,4.0,17.7912,0.027517730496453903,0.12646324405506884,90
P01729,6.5,61.527899999999995,0.03877120160309168,0.3399420950622981,90
P01730,6.5,20.7564,0.03325672259250747,0.1127911004784689,90
P01731,0.0,1.4826,0.0,0.185325,90
P01732,7.0,26.686799999999998,0.034653465346534656,0.11939633830021709,90
P01733,0.0,2.9652,0.0,0.08236666666666666,90
P01734,1.0,4.4478,0.08333333333333333,0.37065,90
P01735,1.0,2.9652,0.05555555555555555,0.17982205459770115,90
P01736,10.0,26.686799999999998,0.06008661133164922,0.1659264831310348,90
P01737,-1.0,7.412999999999999,-0.044466403162055336,0.25217985779837354,90
P01738,3.0,4.4478,0.1076923076923077,0.17879493796526053,90
P01739,1.0,1.4826,0.047619047619047616,0.07766,90
P01740,0.0,1.0,0.0,0.01,90
P01741,2.0,4.4478,0.03851851851851852,0.08428410931174089,90
P01742,11.0,19.273799999999998,0.03888139488409273,0.07561928488459231,90
P01743,26.5,77.8365,0.04232817399094212,0.1268333800477525,90
P01744,1.5,2.2239,0.08333333333333333,0.12355,90
P01745,0.0,1.4826,0.0,0.06739090909090908,90
P01746,1.0,8.8956,0.010309278350515464,0.0803108518719479,90
P01747,1.0,2.9652,0.06458333333333333,0.18841375,90
P01748,1.0,1.4826,0.07142857142857142,0.1059,90
P01749,7.5,20.0151,0.05598786277100769,0.15080612207008584,90
P01750,0.0,1.0,0.0,0.01,90
P01751,19.5,45.9606,0.05453709712308025,0.12690061621263762,90
P01752,1.0,1.4826,0.1,0.14826,90
P01753,0.0,1.0,0.0,0.057023076923076926,90
P01754,0.0,1.4826,0.0,0.37065,90
P01755,22.5,49.6671,0.0652157443438135,0.17374820862081092,90
P01756,17.5,36.323699999999995,0.08494691607684529,0.17665812470038952,90
P01757,16.0,40.0302,0.07644757433489828,0.1779502094187231,90
P01758,5.0,17.7912,0.020504201680672268,0.07184874645030426,90
P01759,1.0,1.4826,0.09090909090909091,0.14826,90
P01760,7.5,15.5673,0.047244094488188976,0.08278442761125854,90
P01761,0.0,4.4478,0.0,0.1236454054054054,90
P01762,2.0,5.9304,0.037037037037037035,0.11193418803418803,90
P01763,1.0,5.9304,0.039968652037617555,0.32882115987460814,90
P01764,18.0,27.428099999999997,0.06276792955625073,0.09763034208159001,90
P01765,1.0,1.4826,0.1111111111111111,0.16473333333333331,90
P01766,0.0,1.4826,0.0,0.12916590909090908,90
P01767,0.0,1.0,0.0,0.01,90
P01768,1.0,1.4826,0.04880952380952381,0.072365,90
P01769,0.0,1.4826,0.0,0.16473333333333331,90
P01770,0.0,1.4826,0.0,0.185325,90
P01771,4.5,12.6021,0.04371715241280459,0.11197392276580852,90
P01772,33.5,68.19959999999999,0.06347027641045058,0.1260998123827392,90
P01773,10.0,23.7216,0.138996138996139,0.2996092252586228,90
P01774,1.0,4.4478,0.016968651136036815,0.0745914537663971,90
P01775,2.0,16.3086,0.007905261842269716,0.0635724102040894,90
P01776,1.0,2.9652,0.045454545454545456,0.13331679841897234,90
P01777,0.0,4.4478,0.0,0.03239947552447553,90
P01778,0.0,1.4826,0.0,0.37065,90
P01779,0.0,1.4826,0.0,0.14152090909090909,90
P01780,9.0,15.5673,0.05,0.09107014996591684,90
P01781,1.0,2.9652,0.047619047619047616,0.15781176470588235,90
P01782,15.0,43.7367,0.05662956006535648,0.14645284295075037,90
P01783,16.5,40.771499999999996,0.05025945144551519,0.11981356019151847,90
P01784,11.0,36.323699999999995,0.04020833333333333,0.12777726280029117,90
P01785,7.0,19.273799999999998,0.02374360167519777,0.06725100222862546,90
P01786,11.5,25.9455,0.06666911548633558,0.14190436373024135,90
P01787,0.0,1.4826,0.0,0.055967094017094016,90
P01788,11.0,40.0302,0.03006901084456129,0.09963274194873481,90
P01789,1.0,1.4826,0.09090909090909091,0.13478181818181817,90
P01790,2.0,5.9304,0.0333425951653237,0.0968276573241671,90
P01791,1.0,2.9652,0.06274509803921569,0.1540741176470588,90
P01792,10.0,25.9455,0.04111003809217233,0.10877656459574009,90
P01793,5.5,28.9107,0.020717205499814196,0.12441019322719263,90
P01794,15.5,46.701899999999995,0.038422545196738746,0.11768405487966466,90
P01795,1.0,3.7064999999999997,0.1,0.353,90
P01796,1.0,1.4826,0.046536796536796536,0.06899545454545454,90
P01797,0.0,15.5673,0.0,0.10454230769230768,90
P01798,0.0,1.4826,0.0,0.11404615384615385,90
P01799,2.0,4.4478,0.16025641025641024,0.3037657894736842,90
P01800,1.0,1.4826,0.05,0.08193315789473682,90
P01801,25.0,37.065,0.09399350389606234,0.15045678857603295,90
P01802,0.0,1.0,0.0,0.01,90
P01803,1.0,1.4826,0.058823529411764705,0.11046823529411764,90
P01804,0.0,1.0,0.0,0.01,90
P01805,1.0,2.9652,0.05263157894736842,0.08986970310391362,90
P01806,0.0,1.0,0.0,0.01,90
P01807,19.0,58.5627,0.04152704467740594,0.12248706256671923,90
P01808,0.0,1.0,0.0,0.01,90
P01809,0.0,1.4826,0.0,0.2118,90
P01810,1.0,2.9652,0.05555555555555555,0.16039824561403507,90
P01811,8.5,22.9803,0.02015904840530386,0.05536962975628229,90
P01812,14.0,41.5128,0.03662420382165605,0.11461151904819133,90
P01813,1.0,1.4826,0.038461538461538464,0.06674179264214046,90
P01814,0.0,1.4826,0.0,0.1059,90
P01815,0.0,4.4478,0.0,0.3177,90
P01816,4.0,7.412999999999999,0.06612021857923497,0.1505063636363636,90
P01817,1.0,2.9652,0.04257246376811594,0.12489293478260867,90
P01818,6.0,8.8956,0.048193548387096774,0.07145175483870968,90
P01819,18.0,42.9954,0.05412106703146374,0.12920761494587357,90
P01820,1.0,2.9652,0.044466403162055336,0.11198611067193676,90
P01821,1.0,4.4478,0.03279569892473118,0.14826,90
P01822,0.0,1.4826,0.0,0.09884,90
P01823,11.0,17.049899999999997,0.05307219662058372,0.09169258653163306,90
P01824,6.5,25.9455,0.018179476974223306,0.0712712410145124,90
P01825,3.0,5.1891,0.0625,0.09609444444444444,90
P01826,13.5,28.9107,0.06076554224516732,0.12691860618845804,90
P01827,0.0,1.4826,0.0,0.4942,90
P01828,14.0,36.323699999999995,0.09589490968801313,0.27011695616154147,90
P01829,3.0,14.0847,0.018862346263008513,0.11388229442970822,90
P01830,0.0,1.4826,0.0,0.19856249999999998,90
P01831,19.5,31.1346,0.198989898989899,0.29652,90
P01832,10.0,22.238999999999997,0.05518348369956274,0.12379769446672012,90
P01833,7.0,18.5325,0.039756336647528354,0.1134218601724296,90
P01834,6.0,11.119499999999999,0.07724046872421192,0.12902450797141285,90
P01835,3.0,12.6021,0.023529773622047244,0.09815975836989842,90
P01836,1.5,6.6716999999999995,0.013006230529595014,0.06596208658376457,90
P01837,1.0,1.4826,0.05555555555555555,0.09205686274509804,90
P01838,1.0,1.4826,0.05263157894736842,0.07803157894736841,90
P01839,9.0,56.3388,0.05790641387656313,0.35557377215189867,90
P01840,1.0,1.4826,0.047619047619047616,0.0706,90
P01841,0.0,2.9652,0.0,0.28304181818181817,90
P01842,1.0,1.4826,0.0625,0.0926625,90
P01843,1.0,1.4826,0.08333333333333333,0.12355,90
P01844,3.0,13.343399999999999,0.020725141740911907,0.10354190283400808,90
P01845,17.0,40.0302,0.07914431941669295,0.17102681059992395,90
P01846,0.0,1.0,0.0,0.185325,90
P01847,1.0,1.4826,0.05263157894736842,0.09699758771929824,90
P01848,1.0,5.9304,0.08712121212121213,0.3641473684210526,90
P01849,7.0,26.686799999999998,0.07263440860215054,0.274281,90
P01850,1.0,2.9652,0.025,0.0664281818181818,90
P01851,0.0,1.0,0.0,0.01,90
P01852,9.0,23.7216,0.04277489275231429,0.10027520324475031,90
P01853,9.5,51.149699999999996,0.05323523742209085,0.2562035810596447,90
P01854,5.0,7.412999999999999,0.09338662790697674,0.15760136330140012,90
P01855,1.5,11.119499999999999,0.016635041113219482,0.11415805618673827,90
P01856,0.0,1.4826,0.0,0.08721176470588235,90
P01857,8.0,32.6172,0.021475531452252436,0.0820574355939413,90
P01858,2.0,4.4478,0.05195681511470985,0.12488567567567567,90
P01859,6.5,12.6021,0.07333759590792839,0.14654848484848484,90
P01860,0.0,20.7564,0.0,0.04877915350184307,90
P01861,3.0,5.9304,0.059027777777777776,0.12367555894308943,90
P01862,0.0,28.9107,0.0,0.25973661601402687,90
P01863,1.0,2.9652,0.04257246376811594,0.12117403846153846,90
P01864,7.5,16.3086,0.05405405405405406,0.10293113051563393,90
P01865,8.0,29.651999999999997,0.08987441130298274,0.3601259655460346,90
P01866,1.0,8.8956,0.035759897828863345,0.2934392461426944,90
P01867,0.0,1.0,0.0,0.01,90
P01868,1.0,2.9652,0.14285714285714285,0.4236,90
P01869,1.0,1.4826,0.04,0.08542599999999999,90
P01870,14.0,50.4084,0.04800150298248086,0.16934247562296859,90
P01871,6.5,17.049899999999997,0.0396640826873385,0.10592736434108524,90
P01872,1.0,11.8608,0.03774928774928775,0.47109509401709404,90
P01873,2.0,8.1543,0.01455026455026455,0.06991491317671093,90
P01874,6.0,10.3782,0.08595258999122037,0.1373491680998713,90
P01875,10.0,16.3086,0.038461538461538464,0.06725429325187447,90
P01876,1.5,18.5325,0.005456821352665823,0.07380858677893679,90
P01877,2.0,18.5325,0.008368347338935574,0.08078426970954355,90
P01878,1.0,2.9652,0.02702702702702703,0.07808565488565489,90
P01879,0.0,2.2239,0.0,0.11099679144385025,90
P01880,4.0,8.8956,0.024127906976744187,0.053721909167367535,90
P01881,15.0,32.6172,0.0346843523449028,0.08219031140873559,90
P01882,1.0,2.9652,0.027777777777777776,0.08589666666666666,90
P01883,2.5,13.343399999999999,0.016363474228642767,0.08919783060452564,90
P01884,0.0,1.0,0.0,0.01,90
P01885,-1.0,4.4478,-0.07692307692307693,0.28131384615384614,90
P01886,4.0,11.8608,0.030090497737556562,0.08184407909970823,90
P01887,0.0,1.0,0.0,0.01,90
P01888,0.0,1.4826,0.0,0.16473333333333331,90
P01889,8.5,22.238999999999997,0.0328281807772614,0.0919406058462989,90
P01890,10.0,18.5325,0.04386049285343285,0.09119518616417872,90
P01891,0.5,1.0,0.05555555555555555,0.10295833333333333,90
P01892,1.0,4.4478,0.08012820512820512,0.35289281376518217,90
P01893,9.0,11.8608,0.05801776531089294,0.07871619448340345,90
P01894,1.0,1.4826,0.125,0.185325,90
P01895,4.0,13.343399999999999,0.027212143650499815,0.09416385296410981,90
P01896,34.5,55.5975,0.07363494673380605,0.11818398405724706,90
P01897,4.5,17.7912,0.018666121670413517,0.07098789773568152,90
P01898,0.0,5.1891,0.0,0.29652,90
P01899,0.0,1.4826,0.0,0.07803157894736841,90
P01900,3.0,5.9304,0.036585365853658534,0.08323819344811095,90
P01901,3.0,20.7564,0.011352986282695748,0.08102498162241847,90
P01902,0.0,1.4826,0.0,0.2471,90
P01903,-11.0,72.64739999999999,-0.021850800206504907,0.13821332987826546,90
P01904,0.0,1.4826,0.0,0.2471,90
P01905,0.0,30.3933,0.0,0.06576275622305659,90
P01906,0.0,1.4826,0.0,0.08236666666666666,90
P01907,12.0,35.5824,0.042158322831939515,0.1359637132676615,90
P01908,0.0,1.4826,0.0,0.185325,90
P01909,1.0,1.4826,0.08333333333333333,0.12355,90
P01910,0.0,1.4826,0.0,0.08236666666666666,90
P01911,1.0,5.9304,0.043478260869565216,0.2876949999999999,90
P01912,3.0,7.412999999999999,0.06,0.16207513636363635,90
P01913,8.5,22.238999999999997,0.042149657179499825,0.0936051083591331,90
P01914,1.0,2.9652,0.04257246376811594,0.12365743478260868,90
P01915,1.0,1.4826,0.11805555555555555,0.17502916666666665,90
P01916,-11.5,134.9166,-0.02595184194278658,0.31594603326660997,90
P01917,13.5,26.686799999999998,0.08127524075799938,0.1246170052811432,90
P01918,2.0,28.9107,0.010706943809958885,0.14195904328241882,90
P01919,1.0,1.4826,0.1,0.14826,90
P01920,1.0,1.4826,0.05555555555555555,0.08236666666666666,90
P01921,0.0,1.0,0.0,0.01,90
P01922,0.0,2.9652,0.0,0.34213846153846156,90
P01923,2.5,14.825999999999999,0.014892154024319629,0.07961584408789675,90
P01924,1.0,1.4826,0.045454545454545456,0.10218752228163991,90
P01925,0.0,10.3782,0.0,0.02531268292682927,90
P01926,0.0,1.0,0.0,0.01,90
P01927,12.0,20.7564,0.05476983749235058,0.09361818545790518,90
P01928,4.5,9.636899999999999,0.03325231992929739,0.07062704980842913,90
P01929,3.0,7.412999999999999,0.029352806414662085,0.09191558492402672,90
P01930,1.0,1.4826,0.1,0.14826,90
P01931,4.0,16.3086,0.031587750900669065,0.12186500179983153,90
P01932,4.0,17.7912,0.016824727783631893,0.06858795794012093,90
P01933,0.0,7.412999999999999,0.0,0.06229851694915253,90
P01934,11.5,17.049899999999997,0.0593607305936073,0.08985454545454545,90
P01935,6.0,10.3782,0.055213174378662355,0.11584535561779415,90
P01936,20.0,52.632299999999994,0.18136099324218136,0.3925878656913685,90
P01937,1.0,1.4826,0.04673913043478261,0.0754345652173913,90
P01938,24.0,38.547599999999996,0.09473131431306336,0.15071314489295298,90
P01939,1.5,6.6716999999999995,0.021698334506216277,0.09811323529411767,90
P01940,1.0,2.9652,0.05555555555555555,0.160615,90
P01941,0.0,2.9652,0.0,0.33358499999999996,90
P01942,0.0,1.4826,0.0,0.12355,90
P01943,0.0,542.6315999999999,0.0,1.4826,90
P01944,29.0,52.632299999999994,0.05726569347477861,0.10455696168375608,90
P01945,3.0,8.8956,0.02449346840842442,0.06676451923076923,90
P01946,5.5,24.462899999999998,0.02180524701153073,0.09474489695946389,90
P01947,1.0,1.4826,0.05555555555555555,0.08236666666666666,90
P01948,0.0,1.4826,0.0,0.12355,90
P01949,0.0,1.4826,0.0,0.09884,90
P01950,1.0,1.4826,0.05263157894736842,0.13376842105263156,90
P01951,1.0,1.4826,0.06666666666666667,0.09884,90
P01952,1.0,1.4826,0.06458333333333333,0.15134874999999998,90
P01953,8.5,31.875899999999998,0.04380176329147742,0.158607267604374,90
P01954,0.0,35.5824,0.0,0.3169645833333333,90
P01955,4.0,18.5325,0.020268044893719438,0.09627015849464343,90
P01956,-5.0,51.891,-0.02826823613340467,0.3069076433121019,90
P01957,4.0,10.3782,0.055771221532091096,0.1477577075098814,90
P01958,1.0,1.4826,0.043478260869565216,0.07032094861660079,90
P01959,12.0,37.8063,0.03556390977443609,0.10901347198641764,90
P01960,13.0,31.1346,0.027497213202151892,0.07349311920573344,90
P01961,0.0,1.4826,0.0,0.12355,90
P01962,0.0,1.4826,0.0,0.27181,90
P01963,3.0,11.119499999999999,0.02390779781559563,0.08404950606196677,90
P01964,0.0,1.0,0.0,0.01,90
P01965,11.0,21.4977,0.042669397508107186,0.09016880499574227,90
P01966,5.0,10.3782,0.05959775214433599,0.12168068793525315,90
P01967,1.0,2.9652,0.1111111111111111,0.33976249999999997,90
P01968,0.0,1.4826,0.0,0.11404615384615385,90
P01969,0.0,1.4826,0.0,0.13478181818181817,90
P01970,2.0,4.4478,0.0754985754985755,0.16895726495726496,90
P01971,1.0,1.4826,0.07142857142857142,0.1221923076923077,90
P01972,0.0,14.825999999999999,0.0,0.2529213691796009,90
P01973,0.0,1.4826,0.0,0.17502916666666665,90
P01974,2.5,8.1543,0.015927468757657437,0.05631190476190475,90
P01975,0.0,1.4826,0.0,0.29652,90
P01976,10.0,63.01049999999999,0.060477941176470595,0.3476556412729026,90
P01977,2.0,4.4478,0.13333333333333333,0.29343125,90
P01978,1.0,1.4826,0.05555555555555555,0.08236666666666666,90
P01979,18.5,60.7866,0.0665351019087674,0.18868231508883113,90
P01980,11.5,46.701899999999995,0.0380794701986755,0.14304494773519164,90
P01981,1.5,2.2239,0.067816091954023,0.10054413793103449,90
P01982,1.5,11.119499999999999,0.016373124592302675,0.12235597471022126,90
P01983,3.0,4.4478,0.05555555555555555,0.08236666666666666,90
P01984,2.5,18.5325,0.021466973886328726,0.1363396201294869,90
P01985,0.0,4.4478,0.0,0.13899375,90
P01986,1.0,2.9652,0.041666666666666664,0.12355,90
P01987,23.5,71.9061,0.044972527472527474,0.12887726438424255,90
P01988,1.0,2.9652,0.024390243902439025,0.06643072560975609,90
P01989,3.5,6.6716999999999995,0.1464285714285714,0.2909206896551724,90
P01990,4.0,13.343399999999999,0.01932547555140623,0.06255724045843997,90
P01991,0.0,8.1543,0.0,0.2328754934210526,90
P01992,1.0,1.4826,0.08333333333333333,0.12355,90
P01993,1.0,4.4478,0.02817460317460317,0.103866632070576,90
P01994,0.0,1.4826,0.0,0.10237,90
P01995,0.0,4.4478,0.0,0.02523422372227579,90
P01996,18.0,45.9606,0.054204235688823654,0.14252519150634171,90
P01997,26.0,65.2344,0.14290165588462223,0.37547088581599114,90
P01998,1.0,2.9652,0.054093567251461985,0.14465999237223492,90
P01999,0.0,1.4826,0.0,0.08721176470588235,90
P02000,0.0,2.9652,0.0,0.29652,90
