product_id,product_name,category,subcategory,brand,demand_class,selling_price,unit_cost,base_daily_demand,gross_profit,gross_margin_pct
P00001,ComfortMax Microwaves 00001,Home Appliances,Microwaves,ComfortMax,Seasonal,64796.21,51145.03,29.41,13651.18,0.2107
P00002,UrbanGear Cables 00002,Accessories,Cables,UrbanGear,Stable,4054.64,2441.22,110.98,1613.42,0.3979
P00003,OfficePro Desk Accessories 00003,Office Supplies,Desk Accessories,OfficePro,Stable,4221.89,3380.25,265.91,841.64,0.1994
P00004,DermaX Oral Care 00004,Personal Care,Oral Care,DermaX,Seasonal,698.37,493.13,274.78,205.24,0.2939
P00005,Apex Audio 00005,Electronics,Audio,Apex,Seasonal,98201.94,60755.95,22.08,37445.99,0.3813
P00006,Vertex Laptops 00006,Electronics,Laptops,Vertex,Volatile,60028.81,48819.98,18.3,11208.83,0.1867
P00007,Zenith Audio 00007,Electronics,Audio,Zenith,Stable,101552.45,61671.43,24.34,39881.02,0.3927
P00008,CarryPro Chargers 00008,Accessories,Chargers,CarryPro,Stable,6452.66,3956.32,217.45,2496.34,0.3869
P00009,CarePlus Grooming 00009,Personal Care,Grooming,CarePlus,Trending,767.76,482.81,147.93,284.95,0.3711
P00010,WriteWell Storage 00010,Office Supplies,Storage,WriteWell,Intermittent,805.15,641.19,253.3,163.96,0.2036
P00011,Zenith Laptops 00011,Electronics,Laptops,Zenith,Volatile,59737.14,41307.41,12.81,18429.73,0.3085
P00012,CarryPro Cables 00012,Accessories,Cables,CarryPro,Trending,15000.0,9896.66,242.01,5103.34,0.3402
P00013,CarryPro Chargers 00013,Accessories,Chargers,CarryPro,Trending,4765.05,2875.67,177.32,1889.38,0.3965
P00014,Apex Smartphones 00014,Electronics,Smartphones,Apex,Volatile,53945.54,43420.44,4.33,10525.1,0.1951
P00015,Vertex Smartphones 00015,Electronics,Smartphones,Vertex,Volatile,59234.32,39005.42,26.16,20228.9,0.3415
P00016,Zenith Laptops 00016,Electronics,Laptops,Zenith,Trending,37389.66,28614.3,15.46,8775.36,0.2347
P00017,EverHome Microwaves 00017,Home Appliances,Microwaves,EverHome,Stable,16347.4,13177.53,3.93,3169.87,0.1939
P00018,DermaX Skincare 00018,Personal Care,Skincare,DermaX,Trending,478.94,356.65,173.92,122.29,0.2553
P00019,EverHome Refrigerators 00019,Home Appliances,Refrigerators,EverHome,Seasonal,66723.21,43472.91,13.68,23250.3,0.3485
P00020,HomePro Microwaves 00020,Home Appliances,Microwaves,HomePro,Stable,59592.76,43728.43,26.58,15864.33,0.2662
P00021,PureLife Grooming 00021,Personal Care,Grooming,PureLife,Seasonal,504.21,360.82,77.12,143.39,0.2844
P00022,Zenith TVs 00022,Electronics,TVs,Zenith,Seasonal,79527.47,47812.72,25.14,31714.75,0.3988
P00023,Arctic Microwaves 00023,Home Appliances,Microwaves,Arctic,Seasonal,113606.65,85230.28,17.62,28376.37,0.2498
P00024,HomePro Washing Machines 00024,Home Appliances,Washing Machines,HomePro,Stable,54859.18,38190.21,3.53,16668.97,0.3039
P00025,CarePlus Haircare 00025,Personal Care,Haircare,CarePlus,Seasonal,389.74,295.69,292.12,94.05,0.2413
P00026,OfficePro Desk Accessories 00026,Office Supplies,Desk Accessories,OfficePro,Trending,2133.08,1603.66,270.93,529.42,0.2482
P00027,Apex Smartphones 00027,Electronics,Smartphones,Apex,Trending,109714.99,74177.19,10.14,35537.8,0.3239
P00028,DermaX Skincare 00028,Personal Care,Skincare,DermaX,Stable,1000.0,615.53,151.43,384.47,0.3845
P00029,PureLife Grooming 00029,Personal Care,Grooming,PureLife,Trending,377.3,269.55,260.2,107.75,0.2856
P00030,Vertex Laptops 00030,Electronics,Laptops,Vertex,Volatile,82239.7,54105.5,10.54,28134.2,0.3421
P00031,PureLife Skincare 00031,Personal Care,Skincare,PureLife,Seasonal,673.8,557.7,73.95,116.1,0.1723
P00032,NovaTech TVs 00032,Electronics,TVs,NovaTech,Volatile,42722.73,34059.01,5.61,8663.72,0.2028
P00033,NovaTech TVs 00033,Electronics,TVs,NovaTech,Stable,78455.24,56838.24,10.34,21617.0,0.2755
P00034,TechMate Chargers 00034,Accessories,Chargers,TechMate,Volatile,3133.48,2647.78,197.21,485.7,0.155
P00035,ConnectX Cables 00035,Accessories,Cables,ConnectX,Volatile,2612.0,2055.09,123.19,556.91,0.2132
P00036,UrbanGear Cables 00036,Accessories,Cables,UrbanGear,Volatile,9408.33,6780.11,64.6,2628.22,0.2794
P00037,Arctic Washing Machines 00037,Home Appliances,Washing Machines,Arctic,Seasonal,48847.95,41338.05,6.65,7509.9,0.1537
P00038,Zenith Audio 00038,Electronics,Audio,Zenith,Trending,87500.65,68588.56,11.32,18912.09,0.2161
P00039,DeskMate Storage 00039,Office Supplies,Storage,DeskMate,Intermittent,2498.03,1802.31,471.76,695.72,0.2785
P00040,HomePro Air Conditioners 00040,Home Appliances,Air Conditioners,HomePro,Volatile,34233.24,24193.07,11.6,10040.17,0.2933
P00041,Vertex Audio 00041,Electronics,Audio,Vertex,Stable,75423.99,46654.42,29.67,28769.57,0.3814
P00042,Glow Grooming 00042,Personal Care,Grooming,Glow,Stable,262.45,180.74,155.86,81.71,0.3113
P00043,Zenith TVs 00043,Electronics,TVs,Zenith,Volatile,150000.0,111947.41,7.02,38052.59,0.2537
P00044,UrbanGear Mobile Accessories 00044,Accessories,Mobile Accessories,UrbanGear,Trending,3346.67,2066.27,223.87,1280.4,0.3826
P00045,ComfortMax Air Conditioners 00045,Home Appliances,Air Conditioners,ComfortMax,Seasonal,54683.72,35751.08,14.89,18932.64,0.3462
P00046,WriteWell Paper 00046,Office Supplies,Paper,WriteWell,Stable,1351.04,1080.83,363.55,270.21,0.2
P00047,HomePro Washing Machines 00047,Home Appliances,Washing Machines,HomePro,Volatile,86599.14,70776.56,29.54,15822.58,0.1827
P00048,CarePlus Haircare 00048,Personal Care,Haircare,CarePlus,Trending,450.82,307.03,34.05,143.79,0.319
P00049,Glow Grooming 00049,Personal Care,Grooming,Glow,Seasonal,402.91,286.08,47.07,116.83,0.29
P00050,Vertex Audio 00050,Electronics,Audio,Vertex,Stable,129308.22,84384.16,22.17,44924.06,0.3474
P00051,CarryPro Mobile Accessories 00051,Accessories,Mobile Accessories,CarryPro,Trending,7684.5,5112.49,77.64,2572.01,0.3347
P00052,DeskMate Writing 00052,Office Supplies,Writing,DeskMate,Trending,3442.6,2388.12,116.62,1054.48,0.3063
P00053,TechMate Bags 00053,Accessories,Bags,TechMate,Stable,4190.21,2528.39,19.45,1661.82,0.3966
P00054,UrbanGear Bags 00054,Accessories,Bags,UrbanGear,Trending,3250.01,2328.97,15.24,921.04,0.2834
P00055,PureLife Haircare 00055,Personal Care,Haircare,PureLife,Stable,586.54,481.97,236.86,104.57,0.1783
P00056,TechMate Bags 00056,Accessories,Bags,TechMate,Trending,6235.38,4008.92,42.26,2226.46,0.3571
P00057,Vertex Laptops 00057,Electronics,Laptops,Vertex,Stable,112858.94,88824.12,15.1,24034.82,0.213
P00058,Apex Smartphones 00058,Electronics,Smartphones,Apex,Trending,73871.93,48435.94,18.97,25435.99,0.3443
P00059,Apex TVs 00059,Electronics,TVs,Apex,Seasonal,87647.5,53528.36,13.99,34119.14,0.3893
P00060,ComfortMax Air Conditioners 00060,Home Appliances,Air Conditioners,ComfortMax,Volatile,23219.85,15692.0,2.76,7527.85,0.3242
P00061,Arctic Washing Machines 00061,Home Appliances,Washing Machines,Arctic,Volatile,120000.0,84119.1,23.94,35880.9,0.299
P00062,ComfortMax Refrigerators 00062,Home Appliances,Refrigerators,ComfortMax,Seasonal,55728.52,40955.08,2.29,14773.44,0.2651
P00063,CarryPro Mobile Accessories 00063,Accessories,Mobile Accessories,CarryPro,Trending,11474.19,8707.73,192.85,2766.46,0.2411
P00064,EverHome Refrigerators 00064,Home Appliances,Refrigerators,EverHome,Volatile,37239.95,28367.49,27.01,8872.46,0.2383
P00065,Arctic Air Conditioners 00065,Home Appliances,Air Conditioners,Arctic,Volatile,73983.58,51115.76,14.12,22867.82,0.3091
P00066,PureLife Oral Care 00066,Personal Care,Oral Care,PureLife,Stable,251.69,166.66,169.95,85.03,0.3378
P00067,Zenith Smartphones 00067,Electronics,Smartphones,Zenith,Stable,101648.28,69158.51,15.36,32489.77,0.3196
P00068,TechMate Bags 00068,Accessories,Bags,TechMate,Stable,6098.01,4880.83,103.41,1217.18,0.1996
P00069,NovaTech Audio 00069,Electronics,Audio,NovaTech,Seasonal,78869.31,57298.81,26.85,21570.5,0.2735
P00070,TechMate Mobile Accessories 00070,Accessories,Mobile Accessories,TechMate,Volatile,11476.85,7483.94,224.54,3992.91,0.3479
P00071,WriteWell Paper 00071,Office Supplies,Paper,WriteWell,Intermittent,1205.29,881.16,187.83,324.13,0.2689
P00072,Apex Smartphones 00072,Electronics,Smartphones,Apex,Stable,51397.16,36792.36,19.22,14604.8,0.2842
P00073,Vertex Smartphones 00073,Electronics,Smartphones,Vertex,Volatile,101969.37,67015.9,27.95,34953.47,0.3428
P00074,UrbanGear Bags 00074,Accessories,Bags,UrbanGear,Trending,15000.0,10270.26,240.89,4729.74,0.3153
P00075,OfficePro Writing 00075,Office Supplies,Writing,OfficePro,Intermittent,2324.24,1737.75,269.21,586.49,0.2523
P00076,PaperWorks Paper 00076,Office Supplies,Paper,PaperWorks,Trending,3599.96,2254.1,242.83,1345.86,0.3739
P00077,WriteWell Storage 00077,Office Supplies,Storage,WriteWell,Trending,2368.03,1916.58,160.99,451.45,0.1906
P00078,Vertex TVs 00078,Electronics,TVs,Vertex,Trending,150000.0,90168.13,28.85,59831.87,0.3989
P00079,HomePro Washing Machines 00079,Home Appliances,Washing Machines,HomePro,Stable,21557.08,17682.99,6.0,3874.09,0.1797
P00080,Vertex Smartphones 00080,Electronics,Smartphones,Vertex,Volatile,82027.17,69416.52,18.24,12610.65,0.1537
P00081,UrbanGear Cables 00081,Accessories,Cables,UrbanGear,Trending,2846.87,1786.4,77.81,1060.47,0.3725
P00082,Glow Haircare 00082,Personal Care,Haircare,Glow,Seasonal,122.24,96.42,98.12,25.82,0.2112
P00083,Arctic Air Conditioners 00083,Home Appliances,Air Conditioners,Arctic,Stable,73516.83,49078.0,13.34,24438.83,0.3324
P00084,Vertex Smartphones 00084,Electronics,Smartphones,Vertex,Seasonal,84265.84,54540.74,29.97,29725.1,0.3528
P00085,HomePro Refrigerators 00085,Home Appliances,Refrigerators,HomePro,Volatile,51838.6,32930.65,3.54,18907.95,0.3647
P00086,EverHome Microwaves 00086,Home Appliances,Microwaves,EverHome,Stable,57703.67,34743.46,18.2,22960.21,0.3979
P00087,WriteWell Paper 00087,Office Supplies,Paper,WriteWell,Intermittent,5000.0,3882.45,68.81,1117.55,0.2235
P00088,PureLife Skincare 00088,Personal Care,Skincare,PureLife,Seasonal,471.07,316.77,63.27,154.3,0.3276
P00089,UrbanGear Chargers 00089,Accessories,Chargers,UrbanGear,Stable,10253.53,8419.69,115.5,1833.84,0.1788
P00090,Glow Grooming 00090,Personal Care,Grooming,Glow,Seasonal,372.52,278.76,162.93,93.76,0.2517
P00091,Vertex Laptops 00091,Electronics,Laptops,Vertex,Trending,92519.32,59027.98,9.25,33491.34,0.362
P00092,PaperWorks Desk Accessories 00092,Office Supplies,Desk Accessories,PaperWorks,Intermittent,2188.68,1659.21,178.73,529.47,0.2419
P00093,OfficePro Paper 00093,Office Supplies,Paper,OfficePro,Trending,1973.74,1386.01,70.87,587.73,0.2978
P00094,PureLife Oral Care 00094,Personal Care,Oral Care,PureLife,Seasonal,1000.0,724.06,104.9,275.94,0.2759
P00095,DeskMate Writing 00095,Office Supplies,Writing,DeskMate,Stable,5000.0,3442.56,484.28,1557.44,0.3115
P00096,PureLife Skincare 00096,Personal Care,Skincare,PureLife,Stable,597.03,362.26,284.52,234.77,0.3932
P00097,DermaX Skincare 00097,Personal Care,Skincare,DermaX,Seasonal,138.02,115.39,113.77,22.63,0.164
P00098,ComfortMax Washing Machines 00098,Home Appliances,Washing Machines,ComfortMax,Stable,49522.72,34988.28,17.98,14534.44,0.2935
P00099,Apex Laptops 00099,Electronics,Laptops,Apex,Seasonal,150000.0,95136.42,27.47,54863.58,0.3658
P00100,Apex Laptops 00100,Electronics,Laptops,Apex,Volatile,67483.35,49239.52,2.17,18243.83,0.2703
P00101,Vertex Laptops 00101,Electronics,Laptops,Vertex,Stable,150000.0,124555.23,24.7,25444.77,0.1696
P00102,Glow Haircare 00102,Personal Care,Haircare,Glow,Trending,1000.0,709.87,285.54,290.13,0.2901
P00103,HomePro Refrigerators 00103,Home Appliances,Refrigerators,HomePro,Volatile,70134.55,53791.9,4.56,16342.65,0.233
P00104,CarePlus Haircare 00104,Personal Care,Haircare,CarePlus,Trending,331.9,269.26,65.21,62.64,0.1887
P00105,TechMate Bags 00105,Accessories,Bags,TechMate,Trending,1751.3,1116.88,240.58,634.42,0.3623
P00106,Vertex Smartphones 00106,Electronics,Smartphones,Vertex,Volatile,116836.54,84075.59,17.05,32760.95,0.2804
P00107,EverHome Washing Machines 00107,Home Appliances,Washing Machines,EverHome,Volatile,37719.74,23261.04,2.4,14458.7,0.3833
P00108,PaperWorks Writing 00108,Office Supplies,Writing,PaperWorks,Trending,2806.48,1819.99,151.09,986.49,0.3515
P00109,Vertex Audio 00109,Electronics,Audio,Vertex,Seasonal,36612.35,24777.67,14.6,11834.68,0.3232
P00110,Vertex Smartphones 00110,Electronics,Smartphones,Vertex,Volatile,66097.8,56100.09,21.4,9997.71,0.1513
P00111,Arctic Washing Machines 00111,Home Appliances,Washing Machines,Arctic,Seasonal,62756.9,46631.15,22.53,16125.75,0.257
P00112,Vertex Laptops 00112,Electronics,Laptops,Vertex,Seasonal,91052.3,72899.06,29.87,18153.24,0.1994
P00113,CarryPro Chargers 00113,Accessories,Chargers,CarryPro,Volatile,3867.68,2406.86,79.0,1460.82,0.3777
P00114,CarryPro Mobile Accessories 00114,Accessories,Mobile Accessories,CarryPro,Stable,15000.0,12095.31,139.17,2904.69,0.1936
P00115,CarePlus Grooming 00115,Personal Care,Grooming,CarePlus,Seasonal,384.44,299.28,169.33,85.16,0.2215
P00116,CarryPro Cables 00116,Accessories,Cables,CarryPro,Volatile,2764.52,1992.64,107.35,771.88,0.2792
P00117,UrbanGear Bags 00117,Accessories,Bags,UrbanGear,Trending,7071.93,5545.52,50.6,1526.41,0.2158
P00118,Apex TVs 00118,Electronics,TVs,Apex,Seasonal,79115.05,63096.93,29.37,16018.12,0.2025
P00119,ConnectX Chargers 00119,Accessories,Chargers,ConnectX,Stable,8313.67,5821.44,214.8,2492.23,0.2998
P00120,DermaX Grooming 00120,Personal Care,Grooming,DermaX,Trending,1000.0,827.77,159.53,172.23,0.1722
P00121,CarryPro Mobile Accessories 00121,Accessories,Mobile Accessories,CarryPro,Trending,6551.4,5473.42,154.78,1077.98,0.1645
P00122,UrbanGear Cables 00122,Accessories,Cables,UrbanGear,Stable,7027.11,5319.09,64.54,1708.02,0.2431
P00123,Arctic Microwaves 00123,Home Appliances,Microwaves,Arctic,Seasonal,31725.68,21250.94,17.23,10474.74,0.3302
P00124,Zenith Laptops 00124,Electronics,Laptops,Zenith,Volatile,126799.87,90192.53,21.46,36607.34,0.2887
P00125,Zenith Audio 00125,Electronics,Audio,Zenith,Trending,86562.21,64426.6,16.42,22135.61,0.2557
P00126,ComfortMax Air Conditioners 00126,Home Appliances,Air Conditioners,ComfortMax,Seasonal,47799.76,33869.1,29.73,13930.66,0.2914
P00127,TechMate Chargers 00127,Accessories,Chargers,TechMate,Trending,2407.87,1826.7,156.72,581.17,0.2414
P00128,CarryPro Cables 00128,Accessories,Cables,CarryPro,Stable,15000.0,9239.45,99.03,5760.55,0.384
P00129,Apex Audio 00129,Electronics,Audio,Apex,Volatile,37101.97,31027.4,23.62,6074.57,0.1637
P00130,Glow Oral Care 00130,Personal Care,Oral Care,Glow,Stable,385.74,262.94,67.73,122.8,0.3183
P00131,Arctic Air Conditioners 00131,Home Appliances,Air Conditioners,Arctic,Seasonal,76252.02,47823.69,12.77,28428.33,0.3728
P00132,NovaTech Smartphones 00132,Electronics,Smartphones,NovaTech,Volatile,37801.29,24534.13,11.71,13267.16,0.351
P00133,Vertex Audio 00133,Electronics,Audio,Vertex,Trending,31632.09,25431.88,14.09,6200.21,0.196
P00134,Arctic Microwaves 00134,Home Appliances,Microwaves,Arctic,Stable,17195.86,13344.3,23.89,3851.56,0.224
P00135,CarryPro Cables 00135,Accessories,Cables,CarryPro,Stable,11636.49,7805.04,126.2,3831.45,0.3293
P00136,Arctic Refrigerators 00136,Home Appliances,Refrigerators,Arctic,Stable,44341.69,36756.26,24.23,7585.43,0.1711
P00137,CarePlus Grooming 00137,Personal Care,Grooming,CarePlus,Trending,1000.0,647.03,181.42,352.97,0.353
P00138,DeskMate Writing 00138,Office Supplies,Writing,DeskMate,Trending,1390.45,931.98,190.77,458.47,0.3297
P00139,Arctic Air Conditioners 00139,Home Appliances,Air Conditioners,Arctic,Volatile,35380.7,23620.1,24.68,11760.6,0.3324
P00140,UrbanGear Mobile Accessories 00140,Accessories,Mobile Accessories,UrbanGear,Stable,5377.97,4436.5,67.19,941.47,0.1751
P00141,UrbanGear Chargers 00141,Accessories,Chargers,UrbanGear,Trending,8735.79,5857.87,63.85,2877.92,0.3294
P00142,EverHome Microwaves 00142,Home Appliances,Microwaves,EverHome,Stable,46382.17,31541.98,16.13,14840.19,0.32
P00143,DermaX Haircare 00143,Personal Care,Haircare,DermaX,Trending,794.19,510.08,93.04,284.11,0.3577
P00144,Arctic Air Conditioners 00144,Home Appliances,Air Conditioners,Arctic,Stable,34188.32,28704.55,2.25,5483.77,0.1604
P00145,HomePro Microwaves 00145,Home Appliances,Microwaves,HomePro,Seasonal,26845.07,22663.21,20.15,4181.86,0.1558
P00146,Apex Audio 00146,Electronics,Audio,Apex,Seasonal,26346.86,19937.94,16.31,6408.92,0.2433
P00147,DermaX Skincare 00147,Personal Care,Skincare,DermaX,Seasonal,144.86,117.74,144.74,27.12,0.1872
P00148,CarePlus Oral Care 00148,Personal Care,Oral Care,CarePlus,Stable,403.06,286.34,290.75,116.72,0.2896
P00149,Zenith Laptops 00149,Electronics,Laptops,Zenith,Volatile,64695.38,40154.01,17.99,24541.37,0.3793
P00150,Arctic Microwaves 00150,Home Appliances,Microwaves,Arctic,Seasonal,42105.36,31668.71,26.18,10436.65,0.2479
P00151,UrbanGear Mobile Accessories 00151,Accessories,Mobile Accessories,UrbanGear,Trending,15000.0,9581.44,43.47,5418.56,0.3612
P00152,Zenith Laptops 00152,Electronics,Laptops,Zenith,Stable,150000.0,127490.97,17.94,22509.03,0.1501
P00153,NovaTech TVs 00153,Electronics,TVs,NovaTech,Trending,63395.71,51215.58,26.3,12180.13,0.1921
P00154,CarePlus Skincare 00154,Personal Care,Skincare,CarePlus,Stable,187.46,157.92,183.27,29.54,0.1576
P00155,ConnectX Bags 00155,Accessories,Bags,ConnectX,Trending,5373.74,4126.83,182.32,1246.91,0.232
P00156,NovaTech Audio 00156,Electronics,Audio,NovaTech,Stable,54075.71,33686.6,12.42,20389.11,0.377
P00157,WriteWell Writing 00157,Office Supplies,Writing,WriteWell,Trending,1702.27,1405.67,73.45,296.6,0.1742
P00158,OfficePro Storage 00158,Office Supplies,Storage,OfficePro,Stable,1661.32,1160.26,245.21,501.06,0.3016
P00159,Apex Laptops 00159,Electronics,Laptops,Apex,Trending,52363.0,38598.13,13.05,13764.87,0.2629
P00160,DeskMate Paper 00160,Office Supplies,Paper,DeskMate,Intermittent,2002.34,1232.21,437.52,770.13,0.3846
P00161,Arctic Air Conditioners 00161,Home Appliances,Air Conditioners,Arctic,Seasonal,42001.8,34415.02,8.83,7586.78,0.1806
P00162,CarePlus Haircare 00162,Personal Care,Haircare,CarePlus,Stable,623.23,496.71,290.69,126.52,0.203
P00163,DermaX Skincare 00163,Personal Care,Skincare,DermaX,Seasonal,682.76,575.3,288.28,107.46,0.1574
P00164,PureLife Grooming 00164,Personal Care,Grooming,PureLife,Trending,318.47,236.15,89.34,82.32,0.2585
P00165,Apex Laptops 00165,Electronics,Laptops,Apex,Seasonal,150000.0,117081.27,11.75,32918.73,0.2195
P00166,TechMate Cables 00166,Accessories,Cables,TechMate,Trending,4193.39,2652.42,224.93,1540.97,0.3675
P00167,Arctic Microwaves 00167,Home Appliances,Microwaves,Arctic,Volatile,23297.75,16279.65,29.07,7018.1,0.3012
P00168,Zenith Audio 00168,Electronics,Audio,Zenith,Stable,97392.07,67831.37,14.42,29560.7,0.3035
P00169,Vertex Smartphones 00169,Electronics,Smartphones,Vertex,Trending,47457.43,34028.04,10.99,13429.39,0.283
P00170,Glow Haircare 00170,Personal Care,Haircare,Glow,Trending,666.94,551.58,167.31,115.36,0.173
P00171,OfficePro Storage 00171,Office Supplies,Storage,OfficePro,Stable,596.93,440.98,353.25,155.95,0.2613
P00172,NovaTech TVs 00172,Electronics,TVs,NovaTech,Seasonal,150000.0,90018.56,9.66,59981.44,0.3999
P00173,DermaX Haircare 00173,Personal Care,Haircare,DermaX,Stable,823.28,527.88,226.21,295.4,0.3588
P00174,NovaTech TVs 00174,Electronics,TVs,NovaTech,Volatile,31500.14,19739.1,3.45,11761.04,0.3734
P00175,PureLife Grooming 00175,Personal Care,Grooming,PureLife,Stable,226.48,145.9,33.8,80.58,0.3558
P00176,NovaTech TVs 00176,Electronics,TVs,NovaTech,Seasonal,150000.0,123635.94,12.82,26364.06,0.1758
P00177,PaperWorks Paper 00177,Office Supplies,Paper,PaperWorks,Stable,1622.25,1286.67,196.13,335.58,0.2069
P00178,ComfortMax Air Conditioners 00178,Home Appliances,Air Conditioners,ComfortMax,Seasonal,37282.58,31661.1,10.84,5621.48,0.1508
P00179,UrbanGear Chargers 00179,Accessories,Chargers,UrbanGear,Trending,1938.5,1500.64,127.84,437.86,0.2259
P00180,NovaTech TVs 00180,Electronics,TVs,NovaTech,Trending,62790.95,51667.42,10.98,11123.53,0.1772
P00181,EverHome Air Conditioners 00181,Home Appliances,Air Conditioners,EverHome,Stable,53645.92,39258.17,7.38,14387.75,0.2682
P00182,Apex Smartphones 00182,Electronics,Smartphones,Apex,Trending,119053.6,81041.94,10.67,38011.66,0.3193
P00183,UrbanGear Cables 00183,Accessories,Cables,UrbanGear,Trending,3261.22,2059.05,243.98,1202.17,0.3686
P00184,ConnectX Cables 00184,Accessories,Cables,ConnectX,Trending,3032.46,2009.6,108.67,1022.86,0.3373
P00185,EverHome Microwaves 00185,Home Appliances,Microwaves,EverHome,Seasonal,80609.36,49603.26,14.45,31006.1,0.3846
P00186,OfficePro Storage 00186,Office Supplies,Storage,OfficePro,Trending,4619.47,3864.3,300.98,755.17,0.1635
P00187,UrbanGear Chargers 00187,Accessories,Chargers,UrbanGear,Trending,2941.31,2491.16,246.0,450.15,0.153
P00188,Glow Grooming 00188,Personal Care,Grooming,Glow,Stable,1000.0,684.67,87.65,315.33,0.3153
P00189,Glow Grooming 00189,Personal Care,Grooming,Glow,Trending,562.53,437.46,210.76,125.07,0.2223
P00190,Zenith Audio 00190,Electronics,Audio,Zenith,Trending,149210.96,117373.03,22.05,31837.93,0.2134
P00191,Zenith Audio 00191,Electronics,Audio,Zenith,Seasonal,74302.58,57010.75,19.01,17291.83,0.2327
P00192,ConnectX Bags 00192,Accessories,Bags,ConnectX,Stable,1662.26,1300.8,31.26,361.46,0.2175
P00193,TechMate Mobile Accessories 00193,Accessories,Mobile Accessories,TechMate,Stable,6892.04,4977.02,172.45,1915.02,0.2779
P00194,Glow Skincare 00194,Personal Care,Skincare,Glow,Stable,1000.0,739.96,37.95,260.04,0.26
P00195,HomePro Refrigerators 00195,Home Appliances,Refrigerators,HomePro,Stable,35973.75,25969.19,18.69,10004.56,0.2781
P00196,Arctic Microwaves 00196,Home Appliances,Microwaves,Arctic,Seasonal,48728.21,33223.95,22.71,15504.26,0.3182
P00197,WriteWell Desk Accessories 00197,Office Supplies,Desk Accessories,WriteWell,Trending,2271.77,1711.14,129.16,560.63,0.2468
P00198,CarryPro Bags 00198,Accessories,Bags,CarryPro,Volatile,1325.57,1043.45,211.99,282.12,0.2128
P00199,ConnectX Cables 00199,Accessories,Cables,ConnectX,Volatile,15000.0,12126.75,17.28,2873.25,0.1916
P00200,WriteWell Desk Accessories 00200,Office Supplies,Desk Accessories,WriteWell,Stable,1470.23,1121.24,426.59,348.99,0.2374
P00201,CarePlus Grooming 00201,Personal Care,Grooming,CarePlus,Seasonal,744.98,495.08,148.89,249.9,0.3354
P00202,Zenith Laptops 00202,Electronics,Laptops,Zenith,Volatile,73571.47,48617.78,8.09,24953.69,0.3392
P00203,Apex Audio 00203,Electronics,Audio,Apex,Seasonal,150000.0,102491.05,5.75,47508.95,0.3167
P00204,UrbanGear Chargers 00204,Accessories,Chargers,UrbanGear,Stable,9632.87,7624.35,238.79,2008.52,0.2085
P00205,CarePlus Haircare 00205,Personal Care,Haircare,CarePlus,Stable,477.69,335.81,40.35,141.88,0.297
P00206,NovaTech Audio 00206,Electronics,Audio,NovaTech,Volatile,45339.06,32069.57,7.57,13269.49,0.2927
P00207,Zenith Audio 00207,Electronics,Audio,Zenith,Seasonal,125084.36,91178.17,11.74,33906.19,0.2711
P00208,DeskMate Writing 00208,Office Supplies,Writing,DeskMate,Trending,820.51,584.62,321.51,235.89,0.2875
P00209,Apex Audio 00209,Electronics,Audio,Apex,Seasonal,114184.11,83017.82,17.25,31166.29,0.2729
P00210,Zenith Laptops 00210,Electronics,Laptops,Zenith,Seasonal,40078.94,28401.38,5.52,11677.56,0.2914
P00211,PureLife Oral Care 00211,Personal Care,Oral Care,PureLife,Trending,1000.0,671.12,101.12,328.88,0.3289
P00212,DeskMate Storage 00212,Office Supplies,Storage,DeskMate,Trending,2781.58,2288.11,142.21,493.47,0.1774
P00213,OfficePro Desk Accessories 00213,Office Supplies,Desk Accessories,OfficePro,Stable,3716.25,2462.36,130.37,1253.89,0.3374
P00214,Apex Smartphones 00214,Electronics,Smartphones,Apex,Stable,81407.81,66431.09,13.51,14976.72,0.184
P00215,WriteWell Desk Accessories 00215,Office Supplies,Desk Accessories,WriteWell,Intermittent,882.33,735.28,360.89,147.05,0.1667
P00216,Apex TVs 00216,Electronics,TVs,Apex,Trending,46239.78,28020.39,8.09,18219.39,0.394
P00217,EverHome Washing Machines 00217,Home Appliances,Washing Machines,EverHome,Stable,92062.78,56227.53,12.27,35835.25,0.3892
P00218,PaperWorks Desk Accessories 00218,Office Supplies,Desk Accessories,PaperWorks,Intermittent,2790.54,2329.8,213.73,460.74,0.1651
P00219,PureLife Grooming 00219,Personal Care,Grooming,PureLife,Trending,1000.0,739.19,293.41,260.81,0.2608
P00220,CarryPro Chargers 00220,Accessories,Chargers,CarryPro,Volatile,9616.81,7726.52,239.12,1890.29,0.1966
P00221,OfficePro Paper 00221,Office Supplies,Paper,OfficePro,Stable,1413.71,1030.12,406.06,383.59,0.2713
P00222,PureLife Grooming 00222,Personal Care,Grooming,PureLife,Stable,341.14,219.17,87.66,121.97,0.3575
P00223,Vertex Smartphones 00223,Electronics,Smartphones,Vertex,Trending,82436.51,50479.75,3.91,31956.76,0.3877
P00224,Arctic Air Conditioners 00224,Home Appliances,Air Conditioners,Arctic,Volatile,15342.25,10608.2,10.87,4734.05,0.3086
P00225,EverHome Microwaves 00225,Home Appliances,Microwaves,EverHome,Seasonal,120000.0,91382.83,9.47,28617.17,0.2385
P00226,NovaTech Audio 00226,Electronics,Audio,NovaTech,Stable,101020.75,70630.54,16.17,30390.21,0.3008
P00227,TechMate Bags 00227,Accessories,Bags,TechMate,Stable,15000.0,11580.0,196.65,3420.0,0.228
P00228,ComfortMax Microwaves 00228,Home Appliances,Microwaves,ComfortMax,Volatile,23823.56,14831.22,26.03,8992.34,0.3775
P00229,UrbanGear Mobile Accessories 00229,Accessories,Mobile Accessories,UrbanGear,Volatile,15000.0,9486.0,212.77,5514.0,0.3676
P00230,PureLife Grooming 00230,Personal Care,Grooming,PureLife,Seasonal,1000.0,710.44,120.71,289.56,0.2896
P00231,DeskMate Desk Accessories 00231,Office Supplies,Desk Accessories,DeskMate,Trending,1143.07,878.79,353.0,264.28,0.2312
P00232,CarePlus Skincare 00232,Personal Care,Skincare,CarePlus,Seasonal,873.72,678.58,107.59,195.14,0.2233
P00233,DermaX Grooming 00233,Personal Care,Grooming,DermaX,Seasonal,550.37,463.22,37.05,87.15,0.1583
P00234,DermaX Haircare 00234,Personal Care,Haircare,DermaX,Stable,217.73,140.66,216.44,77.07,0.354
P00235,Apex Laptops 00235,Electronics,Laptops,Apex,Stable,104168.35,76814.18,2.28,27354.17,0.2626
P00236,PaperWorks Writing 00236,Office Supplies,Writing,PaperWorks,Intermittent,4163.7,3200.71,222.32,962.99,0.2313
P00237,ComfortMax Washing Machines 00237,Home Appliances,Washing Machines,ComfortMax,Volatile,42878.1,31396.31,11.22,11481.79,0.2678
P00238,NovaTech TVs 00238,Electronics,TVs,NovaTech,Stable,150000.0,96797.33,21.41,53202.67,0.3547
P00239,PureLife Grooming 00239,Personal Care,Grooming,PureLife,Seasonal,202.32,165.67,234.55,36.65,0.1811
P00240,Vertex Smartphones 00240,Electronics,Smartphones,Vertex,Trending,31608.44,20089.88,10.51,11518.56,0.3644
P00241,UrbanGear Mobile Accessories 00241,Accessories,Mobile Accessories,UrbanGear,Trending,8194.85,5126.88,204.79,3067.97,0.3744
P00242,CarryPro Cables 00242,Accessories,Cables,CarryPro,Trending,7665.88,4701.66,80.54,2964.22,0.3867
P00243,TechMate Chargers 00243,Accessories,Chargers,TechMate,Volatile,4911.62,3686.8,117.12,1224.82,0.2494
P00244,Arctic Air Conditioners 00244,Home Appliances,Air Conditioners,Arctic,Stable,99962.37,79541.55,22.36,20420.82,0.2043
P00245,Zenith Audio 00245,Electronics,Audio,Zenith,Seasonal,106571.33,80630.78,21.4,25940.55,0.2434
P00246,CarryPro Bags 00246,Accessories,Bags,CarryPro,Volatile,12634.5,9687.78,246.97,2946.72,0.2332
P00247,HomePro Air Conditioners 00247,Home Appliances,Air Conditioners,HomePro,Stable,57120.06,46036.57,8.3,11083.49,0.194
P00248,ConnectX Bags 00248,Accessories,Bags,ConnectX,Stable,10838.4,7567.19,168.96,3271.21,0.3018
P00249,CarryPro Cables 00249,Accessories,Cables,CarryPro,Stable,5778.58,4223.24,156.32,1555.34,0.2692
P00250,ConnectX Bags 00250,Accessories,Bags,ConnectX,Trending,15000.0,9503.62,229.62,5496.38,0.3664
P00251,Arctic Refrigerators 00251,Home Appliances,Refrigerators,Arctic,Volatile,37769.8,31801.14,6.38,5968.66,0.158
P00252,HomePro Washing Machines 00252,Home Appliances,Washing Machines,HomePro,Stable,120000.0,82683.96,23.05,37316.04,0.311
P00253,CarryPro Bags 00253,Accessories,Bags,CarryPro,Volatile,7709.71,5082.72,146.38,2626.99,0.3407
P00254,EverHome Washing Machines 00254,Home Appliances,Washing Machines,EverHome,Seasonal,26943.19,17785.96,9.69,9157.23,0.3399
P00255,Vertex Audio 00255,Electronics,Audio,Vertex,Trending,150000.0,94272.23,15.28,55727.77,0.3715
P00256,Glow Grooming 00256,Personal Care,Grooming,Glow,Stable,593.16,396.08,113.46,197.08,0.3323
P00257,TechMate Chargers 00257,Accessories,Chargers,TechMate,Stable,12581.43,7775.92,149.04,4805.51,0.382
P00258,DeskMate Writing 00258,Office Supplies,Writing,DeskMate,Intermittent,5000.0,3834.18,447.83,1165.82,0.2332
P00259,Glow Oral Care 00259,Personal Care,Oral Care,Glow,Stable,673.64,487.85,179.41,185.79,0.2758
P00260,Vertex TVs 00260,Electronics,TVs,Vertex,Volatile,54322.22,45982.68,19.69,8339.54,0.1535
P00261,Glow Oral Care 00261,Personal Care,Oral Care,Glow,Seasonal,987.67,837.8,165.25,149.87,0.1517
P00262,CarryPro Mobile Accessories 00262,Accessories,Mobile Accessories,CarryPro,Stable,7553.42,5966.96,22.28,1586.46,0.21
P00263,Apex TVs 00263,Electronics,TVs,Apex,Volatile,116955.4,96464.6,8.52,20490.8,0.1752
P00264,DermaX Skincare 00264,Personal Care,Skincare,DermaX,Seasonal,151.06,118.57,157.76,32.49,0.2151
P00265,CarryPro Bags 00265,Accessories,Bags,CarryPro,Volatile,9872.34,7954.53,84.46,1917.81,0.1943
P00266,DeskMate Desk Accessories 00266,Office Supplies,Desk Accessories,DeskMate,Intermittent,1721.32,1450.85,115.43,270.47,0.1571
P00267,OfficePro Paper 00267,Office Supplies,Paper,OfficePro,Intermittent,5000.0,3113.37,266.94,1886.63,0.3773
P00268,PaperWorks Storage 00268,Office Supplies,Storage,PaperWorks,Trending,3669.64,3111.65,181.72,557.99,0.1521
P00269,Arctic Refrigerators 00269,Home Appliances,Refrigerators,Arctic,Volatile,71019.31,47297.4,9.23,23721.91,0.334
P00270,ComfortMax Microwaves 00270,Home Appliances,Microwaves,ComfortMax,Stable,82337.21,66854.77,14.99,15482.44,0.188
P00271,ConnectX Chargers 00271,Accessories,Chargers,ConnectX,Trending,4147.41,2579.45,41.99,1567.96,0.3781
P00272,ConnectX Chargers 00272,Accessories,Chargers,ConnectX,Trending,15000.0,9402.02,232.66,5597.98,0.3732
P00273,UrbanGear Chargers 00273,Accessories,Chargers,UrbanGear,Volatile,15000.0,10297.87,218.25,4702.13,0.3135
P00274,CarryPro Chargers 00274,Accessories,Chargers,CarryPro,Trending,9557.21,6517.46,179.83,3039.75,0.3181
P00275,DermaX Skincare 00275,Personal Care,Skincare,DermaX,Seasonal,1000.0,848.67,49.74,151.33,0.1513
P00276,CarePlus Oral Care 00276,Personal Care,Oral Care,CarePlus,Stable,390.89,236.01,237.25,154.88,0.3962
P00277,WriteWell Paper 00277,Office Supplies,Paper,WriteWell,Intermittent,1565.14,986.89,409.74,578.25,0.3695
P00278,DermaX Grooming 00278,Personal Care,Grooming,DermaX,Trending,563.67,352.98,234.97,210.69,0.3738
P00279,DeskMate Paper 00279,Office Supplies,Paper,DeskMate,Stable,3277.91,2245.99,83.56,1031.92,0.3148
P00280,WriteWell Paper 00280,Office Supplies,Paper,WriteWell,Intermittent,1993.41,1522.57,332.64,470.84,0.2362
P00281,ConnectX Mobile Accessories 00281,Accessories,Mobile Accessories,ConnectX,Stable,10425.02,6532.19,210.24,3892.83,0.3734
P00282,HomePro Washing Machines 00282,Home Appliances,Washing Machines,HomePro,Stable,73911.68,57438.3,18.17,16473.38,0.2229
P00283,HomePro Washing Machines 00283,Home Appliances,Washing Machines,HomePro,Seasonal,33786.22,23965.31,20.1,9820.91,0.2907
P00284,NovaTech Laptops 00284,Electronics,Laptops,NovaTech,Stable,105800.34,87292.4,14.83,18507.94,0.1749
P00285,Glow Oral Care 00285,Personal Care,Oral Care,Glow,Trending,923.37,572.04,168.04,351.33,0.3805
P00286,Apex Audio 00286,Electronics,Audio,Apex,Volatile,85897.91,69990.25,2.96,15907.66,0.1852
P00287,PureLife Grooming 00287,Personal Care,Grooming,PureLife,Stable,1000.0,793.78,198.91,206.22,0.2062
P00288,CarePlus Skincare 00288,Personal Care,Skincare,CarePlus,Seasonal,264.93,188.22,42.81,76.71,0.2895
P00289,HomePro Air Conditioners 00289,Home Appliances,Air Conditioners,HomePro,Stable,81435.19,53663.9,14.18,27771.29,0.341
P00290,DermaX Haircare 00290,Personal Care,Haircare,DermaX,Seasonal,272.53,189.45,101.94,83.08,0.3048
P00291,Zenith TVs 00291,Electronics,TVs,Zenith,Volatile,39718.98,31456.1,17.27,8262.88,0.208
P00292,NovaTech Audio 00292,Electronics,Audio,NovaTech,Seasonal,53075.71,45101.84,5.74,7973.87,0.1502
P00293,ConnectX Mobile Accessories 00293,Accessories,Mobile Accessories,ConnectX,Stable,4290.11,2834.53,175.99,1455.58,0.3393
P00294,HomePro Refrigerators 00294,Home Appliances,Refrigerators,HomePro,Volatile,44267.01,26723.91,24.26,17543.1,0.3963
P00295,NovaTech Smartphones 00295,Electronics,Smartphones,NovaTech,Volatile,68155.22,44131.99,6.57,24023.23,0.3525
P00296,Glow Grooming 00296,Personal Care,Grooming,Glow,Stable,908.88,667.98,49.21,240.9,0.2651
P00297,PaperWorks Writing 00297,Office Supplies,Writing,PaperWorks,Stable,2082.45,1299.57,98.39,782.88,0.3759
P00298,Apex Laptops 00298,Electronics,Laptops,Apex,Seasonal,29931.23,22374.73,26.56,7556.5,0.2525
P00299,PureLife Oral Care 00299,Personal Care,Oral Care,PureLife,Seasonal,1000.0,718.77,167.89,281.23,0.2812
P00300,Vertex Audio 00300,Electronics,Audio,Vertex,Trending,46900.29,34270.87,15.08,12629.42,0.2693
P00301,NovaTech Audio 00301,Electronics,Audio,NovaTech,Seasonal,74817.04,55222.01,4.99,19595.03,0.2619
P00302,Glow Haircare 00302,Personal Care,Haircare,Glow,Trending,718.98,471.8,201.88,247.18,0.3438
P00303,CarePlus Haircare 00303,Personal Care,Haircare,CarePlus,Seasonal,619.98,445.34,263.04,174.64,0.2817
P00304,CarePlus Grooming 00304,Personal Care,Grooming,CarePlus,Stable,1000.0,770.82,251.89,229.18,0.2292
P00305,PaperWorks Paper 00305,Office Supplies,Paper,PaperWorks,Intermittent,3365.72,2643.64,324.25,722.08,0.2145
P00306,ConnectX Mobile Accessories 00306,Accessories,Mobile Accessories,ConnectX,Stable,4503.08,3785.12,28.07,717.96,0.1594
P00307,Glow Grooming 00307,Personal Care,Grooming,Glow,Stable,1000.0,704.2,51.47,295.8,0.2958
P00308,EverHome Washing Machines 00308,Home Appliances,Washing Machines,EverHome,Stable,69105.7,54766.93,3.38,14338.77,0.2075
P00309,PaperWorks Writing 00309,Office Supplies,Writing,PaperWorks,Trending,2311.36,1879.06,151.02,432.3,0.187
P00310,Arctic Refrigerators 00310,Home Appliances,Refrigerators,Arctic,Volatile,109660.85,75286.84,5.8,34374.01,0.3135
P00311,EverHome Refrigerators 00311,Home Appliances,Refrigerators,EverHome,Stable,71429.27,48550.31,9.28,22878.96,0.3203
P00312,Apex TVs 00312,Electronics,TVs,Apex,Stable,98476.2,65187.43,12.78,33288.77,0.338
P00313,NovaTech Audio 00313,Electronics,Audio,NovaTech,Trending,150000.0,108615.87,28.4,41384.13,0.2759
P00314,CarryPro Chargers 00314,Accessories,Chargers,CarryPro,Volatile,6401.13,4010.22,156.49,2390.91,0.3735
P00315,TechMate Bags 00315,Accessories,Bags,TechMate,Volatile,6239.44,3842.96,210.39,2396.48,0.3841
P00316,WriteWell Desk Accessories 00316,Office Supplies,Desk Accessories,WriteWell,Trending,2707.94,1755.17,363.87,952.77,0.3518
P00317,Arctic Air Conditioners 00317,Home Appliances,Air Conditioners,Arctic,Seasonal,116973.42,80840.52,5.15,36132.9,0.3089
P00318,Apex Laptops 00318,Electronics,Laptops,Apex,Volatile,31385.86,24294.85,22.61,7091.01,0.2259
P00319,Vertex Laptops 00319,Electronics,Laptops,Vertex,Seasonal,23829.98,14399.59,9.7,9430.39,0.3957
P00320,EverHome Air Conditioners 00320,Home Appliances,Air Conditioners,EverHome,Seasonal,43240.09,33790.66,19.9,9449.43,0.2185
P00321,CarePlus Skincare 00321,Personal Care,Skincare,CarePlus,Seasonal,206.35,164.94,115.47,41.41,0.2007
P00322,WriteWell Desk Accessories 00322,Office Supplies,Desk Accessories,WriteWell,Intermittent,1956.86,1447.02,498.91,509.84,0.2605
P00323,OfficePro Storage 00323,Office Supplies,Storage,OfficePro,Stable,3413.51,2852.98,153.87,560.53,0.1642
P00324,HomePro Microwaves 00324,Home Appliances,Microwaves,HomePro,Stable,36038.5,21816.86,9.82,14221.64,0.3946
P00325,TechMate Chargers 00325,Accessories,Chargers,TechMate,Volatile,3207.37,2254.43,233.36,952.94,0.2971
P00326,WriteWell Paper 00326,Office Supplies,Paper,WriteWell,Intermittent,2632.26,1870.91,41.58,761.35,0.2892
P00327,DermaX Skincare 00327,Personal Care,Skincare,DermaX,Seasonal,922.83,633.11,215.07,289.72,0.3139
P00328,CarePlus Grooming 00328,Personal Care,Grooming,CarePlus,Seasonal,198.93,144.37,223.09,54.56,0.2743
P00329,HomePro Air Conditioners 00329,Home Appliances,Air Conditioners,HomePro,Volatile,100602.45,84705.67,25.42,15896.78,0.158
P00330,Apex Laptops 00330,Electronics,Laptops,Apex,Seasonal,126553.06,88197.63,29.28,38355.43,0.3031
P00331,Arctic Air Conditioners 00331,Home Appliances,Air Conditioners,Arctic,Seasonal,109015.3,73144.53,29.32,35870.77,0.329
P00332,PaperWorks Desk Accessories 00332,Office Supplies,Desk Accessories,PaperWorks,Intermittent,5000.0,3729.06,60.68,1270.94,0.2542
P00333,Zenith TVs 00333,Electronics,TVs,Zenith,Trending,150000.0,99101.42,25.01,50898.58,0.3393
P00334,Zenith Smartphones 00334,Electronics,Smartphones,Zenith,Trending,62591.08,49650.35,20.1,12940.73,0.2068
P00335,Apex Audio 00335,Electronics,Audio,Apex,Seasonal,82766.29,65772.79,20.13,16993.5,0.2053
P00336,NovaTech Smartphones 00336,Electronics,Smartphones,NovaTech,Seasonal,60365.33,48874.53,5.59,11490.8,0.1904
P00337,CarryPro Mobile Accessories 00337,Accessories,Mobile Accessories,CarryPro,Trending,7558.96,5722.14,166.04,1836.82,0.243
P00338,DeskMate Writing 00338,Office Supplies,Writing,DeskMate,Trending,5000.0,3191.23,491.77,1808.77,0.3618
P00339,Glow Haircare 00339,Personal Care,Haircare,Glow,Seasonal,245.4,157.8,275.31,87.6,0.357
P00340,Vertex TVs 00340,Electronics,TVs,Vertex,Seasonal,46230.89,34871.68,14.3,11359.21,0.2457
P00341,Glow Grooming 00341,Personal Care,Grooming,Glow,Trending,1000.0,702.72,31.19,297.28,0.2973
P00342,PureLife Grooming 00342,Personal Care,Grooming,PureLife,Trending,1000.0,669.8,121.44,330.2,0.3302
P00343,NovaTech Audio 00343,Electronics,Audio,NovaTech,Volatile,62327.26,49219.73,25.14,13107.53,0.2103
P00344,Arctic Air Conditioners 00344,Home Appliances,Air Conditioners,Arctic,Seasonal,102686.27,82966.88,21.64,19719.39,0.192
P00345,Arctic Air Conditioners 00345,Home Appliances,Air Conditioners,Arctic,Stable,75472.37,45809.92,14.86,29662.45,0.393
P00346,PureLife Haircare 00346,Personal Care,Haircare,PureLife,Trending,1000.0,695.61,35.43,304.39,0.3044
P00347,DermaX Skincare 00347,Personal Care,Skincare,DermaX,Stable,575.15,347.76,139.53,227.39,0.3954
P00348,NovaTech Audio 00348,Electronics,Audio,NovaTech,Seasonal,143402.76,109783.56,15.13,33619.2,0.2344
P00349,HomePro Microwaves 00349,Home Appliances,Microwaves,HomePro,Volatile,120000.0,80909.05,28.0,39090.95,0.3258
P00350,PureLife Skincare 00350,Personal Care,Skincare,PureLife,Trending,787.43,625.49,199.5,161.94,0.2057
P00351,Glow Grooming 00351,Personal Care,Grooming,Glow,Seasonal,566.52,444.55,107.26,121.97,0.2153
P00352,TechMate Cables 00352,Accessories,Cables,TechMate,Volatile,11646.62,8409.14,136.08,3237.48,0.278
P00353,OfficePro Desk Accessories 00353,Office Supplies,Desk Accessories,OfficePro,Intermittent,2028.05,1561.79,61.05,466.26,0.2299
P00354,Vertex Audio 00354,Electronics,Audio,Vertex,Seasonal,150000.0,121214.19,29.23,28785.81,0.1919
P00355,Apex TVs 00355,Electronics,TVs,Apex,Stable,86342.38,67716.59,12.08,18625.79,0.2157
P00356,CarePlus Oral Care 00356,Personal Care,Oral Care,CarePlus,Stable,466.92,392.71,153.8,74.21,0.1589
P00357,NovaTech Audio 00357,Electronics,Audio,NovaTech,Volatile,46939.73,31632.41,11.95,15307.32,0.3261
P00358,CarePlus Haircare 00358,Personal Care,Haircare,CarePlus,Trending,1000.0,726.97,211.1,273.03,0.273
P00359,TechMate Bags 00359,Accessories,Bags,TechMate,Trending,12703.28,10498.49,168.94,2204.79,0.1736
P00360,CarePlus Oral Care 00360,Personal Care,Oral Care,CarePlus,Trending,408.1,329.37,220.29,78.73,0.1929
P00361,ComfortMax Washing Machines 00361,Home Appliances,Washing Machines,ComfortMax,Volatile,86913.03,71648.18,9.51,15264.85,0.1756
P00362,DermaX Oral Care 00362,Personal Care,Oral Care,DermaX,Seasonal,222.47,155.03,108.39,67.44,0.3031
P00363,PureLife Oral Care 00363,Personal Care,Oral Care,PureLife,Stable,614.56,507.9,55.07,106.66,0.1736
P00364,PureLife Skincare 00364,Personal Care,Skincare,PureLife,Stable,721.67,477.33,203.54,244.34,0.3386
P00365,TechMate Cables 00365,Accessories,Cables,TechMate,Trending,15000.0,12673.08,19.55,2326.92,0.1551
P00366,EverHome Refrigerators 00366,Home Appliances,Refrigerators,EverHome,Stable,38727.34,30503.82,18.74,8223.52,0.2123
P00367,TechMate Bags 00367,Accessories,Bags,TechMate,Stable,3506.21,2199.56,218.73,1306.65,0.3727
P00368,CarryPro Bags 00368,Accessories,Bags,CarryPro,Stable,4411.84,2957.55,223.8,1454.29,0.3296
P00369,Zenith Laptops 00369,Electronics,Laptops,Zenith,Stable,34755.47,28908.14,14.57,5847.33,0.1682
P00370,Vertex Audio 00370,Electronics,Audio,Vertex,Stable,150000.0,96707.77,14.86,53292.23,0.3553
P00371,Apex Laptops 00371,Electronics,Laptops,Apex,Trending,150000.0,109011.18,4.16,40988.82,0.2733
P00372,NovaTech Audio 00372,Electronics,Audio,NovaTech,Trending,93916.67,59947.41,20.78,33969.26,0.3617
P00373,NovaTech Audio 00373,Electronics,Audio,NovaTech,Stable,150000.0,104972.26,25.0,45027.74,0.3002
P00374,OfficePro Paper 00374,Office Supplies,Paper,OfficePro,Trending,2736.33,1859.45,144.99,876.88,0.3205
P00375,Apex TVs 00375,Electronics,TVs,Apex,Volatile,73201.14,44039.61,13.8,29161.53,0.3984
P00376,Arctic Refrigerators 00376,Home Appliances,Refrigerators,Arctic,Volatile,50360.88,39881.59,25.49,10479.29,0.2081
P00377,TechMate Cables 00377,Accessories,Cables,TechMate,Stable,6267.1,4349.45,220.51,1917.65,0.306
P00378,Zenith Audio 00378,Electronics,Audio,Zenith,Seasonal,30618.27,22501.97,8.81,8116.3,0.2651
P00379,UrbanGear Bags 00379,Accessories,Bags,UrbanGear,Trending,8847.19,7432.85,142.14,1414.34,0.1599
P00380,HomePro Air Conditioners 00380,Home Appliances,Air Conditioners,HomePro,Seasonal,60029.54,50807.94,7.39,9221.6,0.1536
P00381,Apex Laptops 00381,Electronics,Laptops,Apex,Seasonal,121206.34,99412.57,4.85,21793.77,0.1798
P00382,WriteWell Desk Accessories 00382,Office Supplies,Desk Accessories,WriteWell,Trending,2670.74,1836.74,458.23,834.0,0.3123
P00383,DermaX Skincare 00383,Personal Care,Skincare,DermaX,Stable,498.85,353.29,249.74,145.56,0.2918
P00384,CarryPro Chargers 00384,Accessories,Chargers,CarryPro,Volatile,4476.46,3185.64,192.41,1290.82,0.2884
P00385,PaperWorks Desk Accessories 00385,Office Supplies,Desk Accessories,PaperWorks,Stable,2636.71,2220.2,52.92,416.51,0.158
P00386,UrbanGear Cables 00386,Accessories,Cables,UrbanGear,Volatile,11757.48,8614.4,212.49,3143.08,0.2673
P00387,EverHome Air Conditioners 00387,Home Appliances,Air Conditioners,EverHome,Seasonal,30970.46,19165.89,14.27,11804.57,0.3812
P00388,Vertex TVs 00388,Electronics,TVs,Vertex,Volatile,81676.16,61306.29,11.59,20369.87,0.2494
P00389,WriteWell Desk Accessories 00389,Office Supplies,Desk Accessories,WriteWell,Intermittent,2903.94,2014.66,286.84,889.28,0.3062
P00390,UrbanGear Chargers 00390,Accessories,Chargers,UrbanGear,Volatile,4907.23,3214.46,31.92,1692.77,0.345
P00391,ConnectX Mobile Accessories 00391,Accessories,Mobile Accessories,ConnectX,Stable,5305.98,3470.21,191.6,1835.77,0.346
P00392,Arctic Washing Machines 00392,Home Appliances,Washing Machines,Arctic,Seasonal,70626.38,50863.7,18.31,19762.68,0.2798
P00393,ComfortMax Washing Machines 00393,Home Appliances,Washing Machines,ComfortMax,Stable,31155.31,19799.57,7.22,11355.74,0.3645
P00394,PaperWorks Writing 00394,Office Supplies,Writing,PaperWorks,Trending,3114.89,2342.88,118.47,772.01,0.2478
P00395,HomePro Microwaves 00395,Home Appliances,Microwaves,HomePro,Stable,35939.05,22563.5,7.16,13375.55,0.3722
P00396,UrbanGear Bags 00396,Accessories,Bags,UrbanGear,Volatile,14285.71,11284.9,23.68,3000.81,0.2101
P00397,UrbanGear Mobile Accessories 00397,Accessories,Mobile Accessories,UrbanGear,Stable,15000.0,11699.19,151.07,3300.81,0.2201
P00398,HomePro Washing Machines 00398,Home Appliances,Washing Machines,HomePro,Seasonal,36692.89,30701.67,25.53,5991.22,0.1633
P00399,OfficePro Desk Accessories 00399,Office Supplies,Desk Accessories,OfficePro,Trending,3479.07,2265.24,38.22,1213.83,0.3489
P00400,WriteWell Desk Accessories 00400,Office Supplies,Desk Accessories,WriteWell,Intermittent,1632.64,1217.52,53.03,415.12,0.2543
P00401,Apex Laptops 00401,Electronics,Laptops,Apex,Trending,144727.18,114728.25,18.04,29998.93,0.2073
P00402,UrbanGear Cables 00402,Accessories,Cables,UrbanGear,Stable,3533.87,2799.01,206.68,734.86,0.2079
P00403,CarePlus Haircare 00403,Personal Care,Haircare,CarePlus,Seasonal,733.82,458.38,111.49,275.44,0.3754
P00404,CarryPro Cables 00404,Accessories,Cables,CarryPro,Trending,4471.64,2868.65,93.91,1602.99,0.3585
P00405,Arctic Microwaves 00405,Home Appliances,Microwaves,Arctic,Seasonal,54317.5,38653.27,18.7,15664.23,0.2884
P00406,UrbanGear Bags 00406,Accessories,Bags,UrbanGear,Stable,4067.11,2830.6,75.81,1236.51,0.304
P00407,Arctic Refrigerators 00407,Home Appliances,Refrigerators,Arctic,Stable,100730.38,73676.07,2.75,27054.31,0.2686
P00408,NovaTech Audio 00408,Electronics,Audio,NovaTech,Seasonal,46903.38,35275.25,22.59,11628.13,0.2479
P00409,ConnectX Mobile Accessories 00409,Accessories,Mobile Accessories,ConnectX,Trending,10514.19,6530.69,160.16,3983.5,0.3789
P00410,Apex Laptops 00410,Electronics,Laptops,Apex,Volatile,63043.13,51606.91,18.26,11436.22,0.1814
P00411,HomePro Washing Machines 00411,Home Appliances,Washing Machines,HomePro,Stable,57417.77,42798.53,22.77,14619.24,0.2546
P00412,TechMate Chargers 00412,Accessories,Chargers,TechMate,Volatile,8249.9,6301.76,172.06,1948.14,0.2361
P00413,CarryPro Cables 00413,Accessories,Cables,CarryPro,Trending,4780.06,3467.75,59.41,1312.31,0.2745
P00414,DermaX Haircare 00414,Personal Care,Haircare,DermaX,Trending,623.99,459.0,118.69,164.99,0.2644
P00415,CarePlus Grooming 00415,Personal Care,Grooming,CarePlus,Seasonal,1000.0,720.28,55.31,279.72,0.2797
P00416,Arctic Refrigerators 00416,Home Appliances,Refrigerators,Arctic,Volatile,38558.64,31426.07,5.64,7132.57,0.185
P00417,HomePro Air Conditioners 00417,Home Appliances,Air Conditioners,HomePro,Stable,120000.0,86605.75,20.93,33394.25,0.2783
P00418,ComfortMax Washing Machines 00418,Home Appliances,Washing Machines,ComfortMax,Seasonal,120000.0,94727.44,26.04,25272.56,0.2106
P00419,WriteWell Desk Accessories 00419,Office Supplies,Desk Accessories,WriteWell,Trending,1547.36,1243.95,482.48,303.41,0.1961
P00420,OfficePro Desk Accessories 00420,Office Supplies,Desk Accessories,OfficePro,Trending,1054.65,879.36,325.32,175.29,0.1662
P00421,OfficePro Writing 00421,Office Supplies,Writing,OfficePro,Intermittent,3026.53,1995.5,116.53,1031.03,0.3407
P00422,DeskMate Desk Accessories 00422,Office Supplies,Desk Accessories,DeskMate,Stable,1818.11,1351.11,79.66,467.0,0.2569
P00423,NovaTech Smartphones 00423,Electronics,Smartphones,NovaTech,Trending,150000.0,104000.86,24.76,45999.14,0.3067
P00424,CarePlus Grooming 00424,Personal Care,Grooming,CarePlus,Seasonal,561.61,375.21,182.05,186.4,0.3319
P00425,NovaTech Audio 00425,Electronics,Audio,NovaTech,Trending,47892.47,32575.06,19.31,15317.41,0.3198
P00426,DermaX Skincare 00426,Personal Care,Skincare,DermaX,Stable,276.34,202.38,238.81,73.96,0.2676
P00427,Arctic Air Conditioners 00427,Home Appliances,Air Conditioners,Arctic,Seasonal,118271.18,89061.2,21.69,29209.98,0.247
P00428,TechMate Chargers 00428,Accessories,Chargers,TechMate,Stable,5359.32,4051.7,210.27,1307.62,0.244
P00429,ComfortMax Air Conditioners 00429,Home Appliances,Air Conditioners,ComfortMax,Stable,63138.74,43564.96,3.57,19573.78,0.31
P00430,Zenith Smartphones 00430,Electronics,Smartphones,Zenith,Trending,137518.66,99880.0,22.93,37638.66,0.2737
P00431,Apex TVs 00431,Electronics,TVs,Apex,Trending,57958.25,36960.96,25.82,20997.29,0.3623
P00432,OfficePro Storage 00432,Office Supplies,Storage,OfficePro,Stable,2456.37,1550.77,164.48,905.6,0.3687
P00433,PureLife Oral Care 00433,Personal Care,Oral Care,PureLife,Seasonal,544.56,439.66,199.33,104.9,0.1926
P00434,Apex Smartphones 00434,Electronics,Smartphones,Apex,Volatile,116777.76,95283.83,10.8,21493.93,0.1841
P00435,Zenith Audio 00435,Electronics,Audio,Zenith,Stable,110467.85,76487.91,28.82,33979.94,0.3076
P00436,OfficePro Desk Accessories 00436,Office Supplies,Desk Accessories,OfficePro,Trending,2212.61,1714.09,45.71,498.52,0.2253
P00437,Vertex TVs 00437,Electronics,TVs,Vertex,Trending,80516.92,68065.57,18.23,12451.35,0.1546
P00438,UrbanGear Mobile Accessories 00438,Accessories,Mobile Accessories,UrbanGear,Volatile,6040.46,3792.44,49.96,2248.02,0.3722
P00439,WriteWell Writing 00439,Office Supplies,Writing,WriteWell,Stable,1040.47,825.38,364.74,215.09,0.2067
P00440,Zenith Audio 00440,Electronics,Audio,Zenith,Stable,90453.73,55871.45,6.92,34582.28,0.3823
P00441,Vertex Laptops 00441,Electronics,Laptops,Vertex,Volatile,150000.0,100596.21,8.59,49403.79,0.3294
P00442,ConnectX Bags 00442,Accessories,Bags,ConnectX,Stable,4442.94,2929.39,128.65,1513.55,0.3407
P00443,Arctic Refrigerators 00443,Home Appliances,Refrigerators,Arctic,Seasonal,38676.0,30926.67,27.62,7749.33,0.2004
P00444,Arctic Microwaves 00444,Home Appliances,Microwaves,Arctic,Stable,36474.03,28867.42,7.93,7606.61,0.2085
P00445,UrbanGear Mobile Accessories 00445,Accessories,Mobile Accessories,UrbanGear,Volatile,11661.61,8392.66,44.62,3268.95,0.2803
P00446,ConnectX Bags 00446,Accessories,Bags,ConnectX,Trending,9881.25,7973.92,192.15,1907.33,0.193
P00447,UrbanGear Chargers 00447,Accessories,Chargers,UrbanGear,Trending,6864.92,5310.99,130.15,1553.93,0.2264
P00448,WriteWell Paper 00448,Office Supplies,Paper,WriteWell,Stable,1455.62,1120.3,458.54,335.32,0.2304
P00449,ComfortMax Microwaves 00449,Home Appliances,Microwaves,ComfortMax,Volatile,65004.94,52660.02,6.11,12344.92,0.1899
P00450,Zenith Smartphones 00450,Electronics,Smartphones,Zenith,Trending,30310.82,24209.38,20.09,6101.44,0.2013
P00451,WriteWell Storage 00451,Office Supplies,Storage,WriteWell,Trending,2751.91,1796.62,139.45,955.29,0.3471
P00452,CarePlus Grooming 00452,Personal Care,Grooming,CarePlus,Stable,927.82,749.87,63.89,177.95,0.1918
P00453,Arctic Refrigerators 00453,Home Appliances,Refrigerators,Arctic,Stable,29029.65,24468.68,21.14,4560.97,0.1571
P00454,ConnectX Chargers 00454,Accessories,Chargers,ConnectX,Volatile,3010.29,2085.11,152.48,925.18,0.3073
P00455,Vertex TVs 00455,Electronics,TVs,Vertex,Volatile,150000.0,90900.63,23.14,59099.37,0.394
P00456,CarePlus Skincare 00456,Personal Care,Skincare,CarePlus,Stable,381.02,292.32,106.65,88.7,0.2328
P00457,Zenith TVs 00457,Electronics,TVs,Zenith,Volatile,150000.0,123050.41,14.54,26949.59,0.1797
P00458,CarePlus Skincare 00458,Personal Care,Skincare,CarePlus,Seasonal,501.46,354.73,133.53,146.73,0.2926
P00459,Zenith TVs 00459,Electronics,TVs,Zenith,Volatile,70323.43,43840.43,29.55,26483.0,0.3766
P00460,Vertex Laptops 00460,Electronics,Laptops,Vertex,Trending,100818.87,65933.98,10.18,34884.89,0.346
P00461,NovaTech Laptops 00461,Electronics,Laptops,NovaTech,Volatile,45598.67,31662.4,10.25,13936.27,0.3056
P00462,Glow Skincare 00462,Personal Care,Skincare,Glow,Seasonal,595.51,459.28,119.27,136.23,0.2288
P00463,PaperWorks Storage 00463,Office Supplies,Storage,PaperWorks,Intermittent,2008.42,1435.08,295.36,573.34,0.2855
P00464,CarePlus Oral Care 00464,Personal Care,Oral Care,CarePlus,Seasonal,249.04,206.0,90.65,43.04,0.1728
P00465,ConnectX Mobile Accessories 00465,Accessories,Mobile Accessories,ConnectX,Trending,9244.57,6288.74,229.67,2955.83,0.3197
P00466,ComfortMax Microwaves 00466,Home Appliances,Microwaves,ComfortMax,Stable,52512.57,35116.52,9.44,17396.05,0.3313
P00467,ComfortMax Microwaves 00467,Home Appliances,Microwaves,ComfortMax,Seasonal,55970.36,34071.51,27.08,21898.85,0.3913
P00468,CarryPro Chargers 00468,Accessories,Chargers,CarryPro,Stable,3652.64,2866.96,34.83,785.68,0.2151
P00469,Vertex Smartphones 00469,Electronics,Smartphones,Vertex,Volatile,150000.0,126807.88,20.38,23192.12,0.1546
P00470,CarryPro Bags 00470,Accessories,Bags,CarryPro,Volatile,12776.1,9117.0,227.68,3659.1,0.2864
P00471,Apex Laptops 00471,Electronics,Laptops,Apex,Seasonal,138209.61,93056.86,6.72,45152.75,0.3267
P00472,ConnectX Chargers 00472,Accessories,Chargers,ConnectX,Volatile,6285.72,4100.79,242.4,2184.93,0.3476
P00473,Apex Smartphones 00473,Electronics,Smartphones,Apex,Seasonal,27461.04,22011.82,14.68,5449.22,0.1984
P00474,ConnectX Mobile Accessories 00474,Accessories,Mobile Accessories,ConnectX,Volatile,15000.0,11768.43,236.97,3231.57,0.2154
P00475,DermaX Oral Care 00475,Personal Care,Oral Care,DermaX,Stable,530.2,382.73,209.51,147.47,0.2781
P00476,TechMate Cables 00476,Accessories,Cables,TechMate,Stable,4817.56,3696.75,82.38,1120.81,0.2327
P00477,Zenith TVs 00477,Electronics,TVs,Zenith,Seasonal,99520.03,63182.49,7.27,36337.54,0.3651
P00478,CarePlus Grooming 00478,Personal Care,Grooming,CarePlus,Trending,1000.0,731.56,105.05,268.44,0.2684
P00479,UrbanGear Bags 00479,Accessories,Bags,UrbanGear,Trending,7446.3,4840.88,32.32,2605.42,0.3499
P00480,PureLife Haircare 00480,Personal Care,Haircare,PureLife,Seasonal,1000.0,704.85,60.28,295.15,0.2951
P00481,CarePlus Skincare 00481,Personal Care,Skincare,CarePlus,Stable,1000.0,656.73,49.3,343.27,0.3433
P00482,OfficePro Storage 00482,Office Supplies,Storage,OfficePro,Trending,1323.68,1015.04,228.78,308.64,0.2332
P00483,Glow Haircare 00483,Personal Care,Haircare,Glow,Trending,367.1,235.73,242.76,131.37,0.3579
P00484,PureLife Grooming 00484,Personal Care,Grooming,PureLife,Trending,976.95,763.35,59.59,213.6,0.2186
P00485,CarePlus Oral Care 00485,Personal Care,Oral Care,CarePlus,Seasonal,108.02,77.07,56.49,30.95,0.2865
P00486,CarryPro Cables 00486,Accessories,Cables,CarryPro,Trending,6902.43,5497.77,164.42,1404.66,0.2035
P00487,Vertex Audio 00487,Electronics,Audio,Vertex,Volatile,32844.33,24013.09,7.52,8831.24,0.2689
P00488,EverHome Washing Machines 00488,Home Appliances,Washing Machines,EverHome,Seasonal,46205.78,35599.53,4.73,10606.25,0.2295
P00489,CarryPro Chargers 00489,Accessories,Chargers,CarryPro,Trending,6310.76,4943.37,50.04,1367.39,0.2167
P00490,ConnectX Bags 00490,Accessories,Bags,ConnectX,Trending,6089.71,3704.09,231.7,2385.62,0.3917
P00491,PureLife Oral Care 00491,Personal Care,Oral Care,PureLife,Stable,394.87,319.84,250.01,75.03,0.19
P00492,PureLife Skincare 00492,Personal Care,Skincare,PureLife,Seasonal,284.76,186.0,119.14,98.76,0.3468
P00493,Arctic Refrigerators 00493,Home Appliances,Refrigerators,Arctic,Volatile,120000.0,72475.05,20.36,47524.95,0.396
P00494,Vertex Audio 00494,Electronics,Audio,Vertex,Stable,150000.0,126753.69,17.04,23246.31,0.155
P00495,CarePlus Grooming 00495,Personal Care,Grooming,CarePlus,Stable,273.88,184.94,209.59,88.94,0.3247
P00496,HomePro Refrigerators 00496,Home Appliances,Refrigerators,HomePro,Volatile,120000.0,94412.65,21.11,25587.35,0.2132
P00497,Glow Oral Care 00497,Personal Care,Oral Care,Glow,Trending,432.78,363.48,196.05,69.3,0.1601
P00498,NovaTech Audio 00498,Electronics,Audio,NovaTech,Trending,83746.17,62749.13,9.45,20997.04,0.2507
P00499,ConnectX Bags 00499,Accessories,Bags,ConnectX,Volatile,7268.74,4478.97,19.36,2789.77,0.3838
P00500,UrbanGear Bags 00500,Accessories,Bags,UrbanGear,Trending,5081.97,4304.73,119.34,777.24,0.1529
P00501,PaperWorks Paper 00501,Office Supplies,Paper,PaperWorks,Stable,4556.49,3203.34,448.76,1353.15,0.297
P00502,CarePlus Skincare 00502,Personal Care,Skincare,CarePlus,Trending,593.15,429.83,179.46,163.32,0.2753
P00503,HomePro Refrigerators 00503,Home Appliances,Refrigerators,HomePro,Seasonal,46205.85,29186.11,25.31,17019.74,0.3683
P00504,TechMate Bags 00504,Accessories,Bags,TechMate,Trending,3451.45,2861.25,247.99,590.2,0.171
P00505,OfficePro Storage 00505,Office Supplies,Storage,OfficePro,Intermittent,1477.1,1003.86,106.9,473.24,0.3204
P00506,NovaTech TVs 00506,Electronics,TVs,NovaTech,Stable,28946.52,19682.84,21.37,9263.68,0.32
P00507,TechMate Bags 00507,Accessories,Bags,TechMate,Trending,7605.58,5192.56,171.83,2413.02,0.3173
P00508,UrbanGear Chargers 00508,Accessories,Chargers,UrbanGear,Volatile,3682.34,2262.49,245.19,1419.85,0.3856
P00509,UrbanGear Mobile Accessories 00509,Accessories,Mobile Accessories,UrbanGear,Trending,6437.96,4147.51,246.54,2290.45,0.3558
P00510,DeskMate Storage 00510,Office Supplies,Storage,DeskMate,Stable,5000.0,4197.53,352.74,802.47,0.1605
P00511,DermaX Skincare 00511,Personal Care,Skincare,DermaX,Trending,1000.0,732.23,88.21,267.77,0.2678
P00512,EverHome Microwaves 00512,Home Appliances,Microwaves,EverHome,Stable,60320.44,45271.2,24.36,15049.24,0.2495
P00513,ConnectX Bags 00513,Accessories,Bags,ConnectX,Trending,7165.64,5535.19,35.69,1630.45,0.2275
P00514,UrbanGear Cables 00514,Accessories,Cables,UrbanGear,Stable,15000.0,11057.49,197.37,3942.51,0.2628
P00515,Apex TVs 00515,Electronics,TVs,Apex,Trending,105925.03,79862.33,27.49,26062.7,0.246
P00516,NovaTech Audio 00516,Electronics,Audio,NovaTech,Stable,63662.4,47232.19,12.72,16430.21,0.2581
P00517,HomePro Microwaves 00517,Home Appliances,Microwaves,HomePro,Seasonal,26138.94,15818.88,19.66,10320.06,0.3948
P00518,ConnectX Chargers 00518,Accessories,Chargers,ConnectX,Trending,9562.71,7916.41,113.23,1646.3,0.1722
P00519,UrbanGear Mobile Accessories 00519,Accessories,Mobile Accessories,UrbanGear,Volatile,12417.94,7692.2,115.06,4725.74,0.3806
P00520,Apex Laptops 00520,Electronics,Laptops,Apex,Seasonal,53052.77,38725.38,10.69,14327.39,0.2701
P00521,CarePlus Oral Care 00521,Personal Care,Oral Care,CarePlus,Stable,655.0,454.61,233.4,200.39,0.3059
P00522,Arctic Air Conditioners 00522,Home Appliances,Air Conditioners,Arctic,Seasonal,49446.59,31767.17,28.21,17679.42,0.3575
P00523,UrbanGear Bags 00523,Accessories,Bags,UrbanGear,Stable,6760.71,5137.36,235.78,1623.35,0.2401
P00524,CarryPro Cables 00524,Accessories,Cables,CarryPro,Volatile,1696.99,1259.84,51.95,437.15,0.2576
P00525,UrbanGear Chargers 00525,Accessories,Chargers,UrbanGear,Stable,6609.31,4941.25,219.94,1668.06,0.2524
P00526,PureLife Grooming 00526,Personal Care,Grooming,PureLife,Stable,983.92,744.16,226.48,239.76,0.2437
P00527,HomePro Refrigerators 00527,Home Appliances,Refrigerators,HomePro,Volatile,42106.23,26047.66,9.08,16058.57,0.3814
P00528,Arctic Washing Machines 00528,Home Appliances,Washing Machines,Arctic,Seasonal,63469.09,40795.87,3.88,22673.22,0.3572
P00529,NovaTech Audio 00529,Electronics,Audio,NovaTech,Stable,49240.06,40512.26,9.5,8727.8,0.1772
P00530,CarryPro Bags 00530,Accessories,Bags,CarryPro,Volatile,9372.81,7713.53,228.93,1659.28,0.177
P00531,UrbanGear Cables 00531,Accessories,Cables,UrbanGear,Trending,6630.19,4926.45,161.96,1703.74,0.257
P00532,CarryPro Chargers 00532,Accessories,Chargers,CarryPro,Volatile,4297.37,3546.77,183.05,750.6,0.1747
P00533,UrbanGear Mobile Accessories 00533,Accessories,Mobile Accessories,UrbanGear,Stable,15000.0,10428.4,71.72,4571.6,0.3048
P00534,CarePlus Skincare 00534,Personal Care,Skincare,CarePlus,Trending,960.33,781.78,221.43,178.55,0.1859
P00535,DeskMate Paper 00535,Office Supplies,Paper,DeskMate,Trending,1756.45,1263.6,43.22,492.85,0.2806
P00536,UrbanGear Cables 00536,Accessories,Cables,UrbanGear,Volatile,10177.92,8632.86,100.08,1545.06,0.1518
P00537,UrbanGear Mobile Accessories 00537,Accessories,Mobile Accessories,UrbanGear,Volatile,10422.79,8034.42,160.42,2388.37,0.2291
P00538,Apex TVs 00538,Electronics,TVs,Apex,Seasonal,113938.48,77558.19,6.09,36380.29,0.3193
P00539,DermaX Oral Care 00539,Personal Care,Oral Care,DermaX,Trending,199.01,145.08,250.44,53.93,0.271
P00540,Vertex Audio 00540,Electronics,Audio,Vertex,Volatile,141775.08,85835.26,8.58,55939.82,0.3946
P00541,TechMate Mobile Accessories 00541,Accessories,Mobile Accessories,TechMate,Trending,5364.1,3387.29,166.55,1976.81,0.3685
P00542,DermaX Grooming 00542,Personal Care,Grooming,DermaX,Stable,443.73,337.34,133.46,106.39,0.2398
P00543,NovaTech Laptops 00543,Electronics,Laptops,NovaTech,Trending,150000.0,125794.25,18.69,24205.75,0.1614
P00544,WriteWell Storage 00544,Office Supplies,Storage,WriteWell,Stable,3026.37,1932.62,80.5,1093.75,0.3614
P00545,DermaX Skincare 00545,Personal Care,Skincare,DermaX,Seasonal,436.21,271.41,24.74,164.8,0.3778
P00546,HomePro Air Conditioners 00546,Home Appliances,Air Conditioners,HomePro,Volatile,16376.72,10560.42,27.47,5816.3,0.3552
P00547,Zenith Laptops 00547,Electronics,Laptops,Zenith,Trending,150000.0,122701.88,9.55,27298.12,0.182
P00548,PaperWorks Storage 00548,Office Supplies,Storage,PaperWorks,Intermittent,1126.5,676.49,415.25,450.01,0.3995
P00549,PureLife Haircare 00549,Personal Care,Haircare,PureLife,Seasonal,301.22,236.56,299.82,64.66,0.2147
P00550,OfficePro Storage 00550,Office Supplies,Storage,OfficePro,Trending,2069.75,1384.56,129.37,685.19,0.331
P00551,PureLife Haircare 00551,Personal Care,Haircare,PureLife,Stable,1000.0,622.99,94.25,377.01,0.377
P00552,ConnectX Cables 00552,Accessories,Cables,ConnectX,Trending,12007.02,9498.49,169.09,2508.53,0.2089
P00553,DermaX Oral Care 00553,Personal Care,Oral Care,DermaX,Stable,500.3,311.65,290.33,188.65,0.3771
P00554,PureLife Skincare 00554,Personal Care,Skincare,PureLife,Trending,661.75,511.29,276.43,150.46,0.2274
P00555,CarryPro Bags 00555,Accessories,Bags,CarryPro,Trending,5266.24,3190.8,130.69,2075.44,0.3941
P00556,EverHome Microwaves 00556,Home Appliances,Microwaves,EverHome,Volatile,66875.28,52141.65,24.26,14733.63,0.2203
P00557,Apex TVs 00557,Electronics,TVs,Apex,Trending,80986.3,49534.55,5.8,31451.75,0.3884
P00558,Vertex Laptops 00558,Electronics,Laptops,Vertex,Trending,138592.76,115948.62,29.37,22644.14,0.1634
P00559,OfficePro Writing 00559,Office Supplies,Writing,OfficePro,Stable,4511.13,3034.56,483.25,1476.57,0.3273
P00560,CarePlus Haircare 00560,Personal Care,Haircare,CarePlus,Seasonal,739.74,530.37,65.84,209.37,0.283
P00561,WriteWell Paper 00561,Office Supplies,Paper,WriteWell,Stable,2031.62,1484.16,170.73,547.46,0.2695
P00562,NovaTech Laptops 00562,Electronics,Laptops,NovaTech,Stable,120949.28,96049.02,4.8,24900.26,0.2059
P00563,Apex Smartphones 00563,Electronics,Smartphones,Apex,Seasonal,73339.32,49401.44,9.61,23937.88,0.3264
P00564,Apex Smartphones 00564,Electronics,Smartphones,Apex,Seasonal,40493.01,32487.45,24.85,8005.56,0.1977
P00565,Arctic Microwaves 00565,Home Appliances,Microwaves,Arctic,Volatile,48282.27,34366.82,12.59,13915.45,0.2882
P00566,PureLife Haircare 00566,Personal Care,Haircare,PureLife,Trending,578.61,455.19,44.75,123.42,0.2133
P00567,HomePro Washing Machines 00567,Home Appliances,Washing Machines,HomePro,Volatile,106183.28,64888.03,11.58,41295.25,0.3889
P00568,ComfortMax Air Conditioners 00568,Home Appliances,Air Conditioners,ComfortMax,Volatile,55087.36,46429.95,29.48,8657.41,0.1572
P00569,CarryPro Mobile Accessories 00569,Accessories,Mobile Accessories,CarryPro,Volatile,3654.75,2924.05,161.12,730.7,0.1999
P00570,ComfortMax Air Conditioners 00570,Home Appliances,Air Conditioners,ComfortMax,Stable,63629.82,50230.8,13.65,13399.02,0.2106
P00571,PureLife Grooming 00571,Personal Care,Grooming,PureLife,Stable,588.74,439.48,66.63,149.26,0.2535
P00572,WriteWell Writing 00572,Office Supplies,Writing,WriteWell,Trending,2822.84,2235.17,493.5,587.67,0.2082
P00573,Arctic Refrigerators 00573,Home Appliances,Refrigerators,Arctic,Stable,106800.23,77661.15,24.98,29139.08,0.2728
P00574,PureLife Skincare 00574,Personal Care,Skincare,PureLife,Trending,1000.0,631.88,98.81,368.12,0.3681
P00575,TechMate Bags 00575,Accessories,Bags,TechMate,Stable,5285.78,3551.96,26.82,1733.82,0.328
P00576,ConnectX Bags 00576,Accessories,Bags,ConnectX,Volatile,5216.68,3677.81,23.59,1538.87,0.295
P00577,Apex Smartphones 00577,Electronics,Smartphones,Apex,Stable,41519.31,34367.58,5.37,7151.73,0.1723
P00578,TechMate Cables 00578,Accessories,Cables,TechMate,Trending,11482.65,7768.04,149.38,3714.61,0.3235
P00579,DermaX Grooming 00579,Personal Care,Grooming,DermaX,Stable,1000.0,808.4,280.05,191.6,0.1916
P00580,Arctic Washing Machines 00580,Home Appliances,Washing Machines,Arctic,Volatile,50906.37,33262.64,15.91,17643.73,0.3466
P00581,DermaX Oral Care 00581,Personal Care,Oral Care,DermaX,Trending,475.83,374.71,256.02,101.12,0.2125
P00582,TechMate Mobile Accessories 00582,Accessories,Mobile Accessories,TechMate,Volatile,15000.0,11186.07,117.01,3813.93,0.2543
P00583,Glow Skincare 00583,Personal Care,Skincare,Glow,Seasonal,744.9,567.9,218.4,177.0,0.2376
P00584,Arctic Microwaves 00584,Home Appliances,Microwaves,Arctic,Seasonal,79900.22,50760.33,22.49,29139.89,0.3647
P00585,DermaX Grooming 00585,Personal Care,Grooming,DermaX,Seasonal,269.18,220.29,68.71,48.89,0.1816
P00586,Apex Smartphones 00586,Electronics,Smartphones,Apex,Seasonal,116456.15,82519.52,12.11,33936.63,0.2914
P00587,NovaTech Smartphones 00587,Electronics,Smartphones,NovaTech,Stable,44380.32,36147.09,19.84,8233.23,0.1855
P00588,Zenith Smartphones 00588,Electronics,Smartphones,Zenith,Seasonal,39246.64,26444.43,3.98,12802.21,0.3262
P00589,Zenith Laptops 00589,Electronics,Laptops,Zenith,Seasonal,62942.08,39258.89,12.12,23683.19,0.3763
P00590,Apex Smartphones 00590,Electronics,Smartphones,Apex,Seasonal,54532.8,40427.79,16.97,14105.01,0.2587
P00591,Zenith Laptops 00591,Electronics,Laptops,Zenith,Seasonal,67851.27,49394.16,29.89,18457.11,0.272
P00592,DermaX Skincare 00592,Personal Care,Skincare,DermaX,Trending,231.67,143.21,152.87,88.46,0.3818
P00593,NovaTech Laptops 00593,Electronics,Laptops,NovaTech,Volatile,137767.53,99158.48,24.85,38609.05,0.2802
P00594,HomePro Microwaves 00594,Home Appliances,Microwaves,HomePro,Stable,120000.0,87372.05,14.1,32627.95,0.2719
P00595,UrbanGear Cables 00595,Accessories,Cables,UrbanGear,Volatile,2347.01,1655.62,201.13,691.39,0.2946
P00596,Glow Grooming 00596,Personal Care,Grooming,Glow,Seasonal,989.3,670.44,186.72,318.86,0.3223
P00597,WriteWell Storage 00597,Office Supplies,Storage,WriteWell,Trending,1552.59,1278.21,446.7,274.38,0.1767
P00598,NovaTech Smartphones 00598,Electronics,Smartphones,NovaTech,Volatile,129601.36,83556.9,13.51,46044.46,0.3553
P00599,NovaTech Laptops 00599,Electronics,Laptops,NovaTech,Seasonal,74381.71,55126.05,18.92,19255.66,0.2589
P00600,Vertex TVs 00600,Electronics,TVs,Vertex,Trending,78849.68,65596.06,19.64,13253.62,0.1681
P00601,Apex Smartphones 00601,Electronics,Smartphones,Apex,Stable,69353.69,45319.47,13.69,24034.22,0.3465
P00602,EverHome Refrigerators 00602,Home Appliances,Refrigerators,EverHome,Stable,120000.0,90691.5,6.04,29308.5,0.2442
P00603,Zenith Smartphones 00603,Electronics,Smartphones,Zenith,Seasonal,36837.82,30387.82,4.62,6450.0,0.1751
P00604,NovaTech Audio 00604,Electronics,Audio,NovaTech,Seasonal,111606.82,77182.28,2.47,34424.54,0.3084
P00605,Apex Laptops 00605,Electronics,Laptops,Apex,Volatile,150000.0,94495.07,26.46,55504.93,0.37
P00606,Glow Haircare 00606,Personal Care,Haircare,Glow,Seasonal,845.33,530.92,86.21,314.41,0.3719
P00607,NovaTech TVs 00607,Electronics,TVs,NovaTech,Trending,150000.0,91587.62,7.92,58412.38,0.3894
P00608,ComfortMax Washing Machines 00608,Home Appliances,Washing Machines,ComfortMax,Volatile,44775.86,28346.42,22.61,16429.44,0.3669
P00609,CarePlus Haircare 00609,Personal Care,Haircare,CarePlus,Seasonal,976.82,829.77,109.6,147.05,0.1505
P00610,DeskMate Paper 00610,Office Supplies,Paper,DeskMate,Stable,2369.28,1788.66,267.84,580.62,0.2451
P00611,Vertex Smartphones 00611,Electronics,Smartphones,Vertex,Seasonal,150000.0,96804.65,6.55,53195.35,0.3546
P00612,WriteWell Storage 00612,Office Supplies,Storage,WriteWell,Stable,2513.38,1906.24,481.08,607.14,0.2416
P00613,DermaX Skincare 00613,Personal Care,Skincare,DermaX,Seasonal,435.8,304.89,258.44,130.91,0.3004
P00614,Zenith Smartphones 00614,Electronics,Smartphones,Zenith,Volatile,150000.0,104763.11,26.19,45236.89,0.3016
P00615,CarryPro Bags 00615,Accessories,Bags,CarryPro,Stable,5621.57,4265.33,107.63,1356.24,0.2413
P00616,CarryPro Bags 00616,Accessories,Bags,CarryPro,Volatile,3234.62,2018.02,192.97,1216.6,0.3761
P00617,Vertex Audio 00617,Electronics,Audio,Vertex,Volatile,56835.99,41160.22,6.03,15675.77,0.2758
P00618,EverHome Refrigerators 00618,Home Appliances,Refrigerators,EverHome,Stable,89162.18,65427.56,2.24,23734.62,0.2662
P00619,CarryPro Cables 00619,Accessories,Cables,CarryPro,Trending,15000.0,9009.32,14.79,5990.68,0.3994
P00620,PaperWorks Desk Accessories 00620,Office Supplies,Desk Accessories,PaperWorks,Stable,2699.1,1961.23,305.7,737.87,0.2734
P00621,Zenith TVs 00621,Electronics,TVs,Zenith,Stable,150000.0,120810.07,14.75,29189.93,0.1946
P00622,Apex TVs 00622,Electronics,TVs,Apex,Stable,34307.81,24761.07,16.5,9546.74,0.2783
P00623,Arctic Refrigerators 00623,Home Appliances,Refrigerators,Arctic,Volatile,47137.98,30474.51,2.21,16663.47,0.3535
P00624,CarePlus Oral Care 00624,Personal Care,Oral Care,CarePlus,Seasonal,462.56,303.34,138.35,159.22,0.3442
P00625,CarePlus Skincare 00625,Personal Care,Skincare,CarePlus,Seasonal,513.47,335.22,221.06,178.25,0.3471
P00626,EverHome Microwaves 00626,Home Appliances,Microwaves,EverHome,Seasonal,64682.7,43531.07,14.4,21151.63,0.327
P00627,CarePlus Oral Care 00627,Personal Care,Oral Care,CarePlus,Trending,832.53,654.74,225.02,177.79,0.2136
P00628,WriteWell Writing 00628,Office Supplies,Writing,WriteWell,Stable,1933.55,1226.8,139.52,706.75,0.3655
P00629,Apex TVs 00629,Electronics,TVs,Apex,Trending,84242.13,52789.42,24.77,31452.71,0.3734
P00630,Arctic Air Conditioners 00630,Home Appliances,Air Conditioners,Arctic,Stable,59857.3,47973.34,18.48,11883.96,0.1985
P00631,WriteWell Paper 00631,Office Supplies,Paper,WriteWell,Stable,1448.76,1184.2,129.06,264.56,0.1826
P00632,TechMate Cables 00632,Accessories,Cables,TechMate,Stable,7052.26,4274.37,66.81,2777.89,0.3939
P00633,PureLife Haircare 00633,Personal Care,Haircare,PureLife,Trending,504.58,319.36,195.85,185.22,0.3671
P00634,PureLife Skincare 00634,Personal Care,Skincare,PureLife,Seasonal,498.13,312.17,252.38,185.96,0.3733
P00635,Zenith Smartphones 00635,Electronics,Smartphones,Zenith,Volatile,78990.98,49638.4,13.64,29352.58,0.3716
P00636,ComfortMax Microwaves 00636,Home Appliances,Microwaves,ComfortMax,Seasonal,64356.72,45987.92,9.23,18368.8,0.2854
P00637,DermaX Grooming 00637,Personal Care,Grooming,DermaX,Stable,424.34,292.12,262.76,132.22,0.3116
P00638,Vertex TVs 00638,Electronics,TVs,Vertex,Stable,150000.0,107048.89,20.74,42951.11,0.2863
P00639,HomePro Microwaves 00639,Home Appliances,Microwaves,HomePro,Seasonal,30488.48,25524.91,14.55,4963.57,0.1628
P00640,EverHome Microwaves 00640,Home Appliances,Microwaves,EverHome,Stable,39903.14,26480.69,15.66,13422.45,0.3364
P00641,Apex Audio 00641,Electronics,Audio,Apex,Stable,150000.0,108550.05,7.72,41449.95,0.2763
P00642,EverHome Refrigerators 00642,Home Appliances,Refrigerators,EverHome,Seasonal,32991.25,22700.38,19.55,10290.87,0.3119
P00643,NovaTech Smartphones 00643,Electronics,Smartphones,NovaTech,Trending,34398.92,24916.52,12.04,9482.4,0.2757
P00644,EverHome Refrigerators 00644,Home Appliances,Refrigerators,EverHome,Seasonal,95557.03,69474.47,29.88,26082.56,0.273
P00645,Zenith Audio 00645,Electronics,Audio,Zenith,Stable,22287.06,17986.83,15.45,4300.23,0.1929
P00646,UrbanGear Bags 00646,Accessories,Bags,UrbanGear,Stable,6556.02,5115.8,126.61,1440.22,0.2197
P00647,Glow Grooming 00647,Personal Care,Grooming,Glow,Seasonal,1000.0,810.29,178.44,189.71,0.1897
P00648,WriteWell Paper 00648,Office Supplies,Paper,WriteWell,Intermittent,999.28,800.51,460.88,198.77,0.1989
P00649,OfficePro Paper 00649,Office Supplies,Paper,OfficePro,Trending,768.79,466.47,406.38,302.32,0.3932
P00650,DermaX Haircare 00650,Personal Care,Haircare,DermaX,Seasonal,223.72,181.6,146.32,42.12,0.1883
P00651,NovaTech TVs 00651,Electronics,TVs,NovaTech,Stable,132859.7,103986.95,22.12,28872.75,0.2173
P00652,Glow Grooming 00652,Personal Care,Grooming,Glow,Seasonal,1000.0,702.35,184.15,297.65,0.2976
P00653,CarePlus Haircare 00653,Personal Care,Haircare,CarePlus,Stable,404.38,282.04,157.86,122.34,0.3025
P00654,PaperWorks Paper 00654,Office Supplies,Paper,PaperWorks,Trending,3804.44,3087.33,120.39,717.11,0.1885
P00655,Arctic Microwaves 00655,Home Appliances,Microwaves,Arctic,Seasonal,120000.0,78188.48,14.99,41811.52,0.3484
P00656,Zenith Smartphones 00656,Electronics,Smartphones,Zenith,Stable,150000.0,98054.89,8.88,51945.11,0.3463
P00657,HomePro Air Conditioners 00657,Home Appliances,Air Conditioners,HomePro,Volatile,53050.06,41945.12,27.62,11104.94,0.2093
P00658,ComfortMax Washing Machines 00658,Home Appliances,Washing Machines,ComfortMax,Seasonal,15458.42,12024.08,11.39,3434.34,0.2222
P00659,PureLife Oral Care 00659,Personal Care,Oral Care,PureLife,Trending,336.09,206.86,286.63,129.23,0.3845
P00660,CarePlus Haircare 00660,Personal Care,Haircare,CarePlus,Seasonal,425.74,274.0,169.26,151.74,0.3564
P00661,EverHome Refrigerators 00661,Home Appliances,Refrigerators,EverHome,Volatile,52650.4,35568.02,19.68,17082.38,0.3244
P00662,TechMate Cables 00662,Accessories,Cables,TechMate,Stable,6745.21,5594.76,140.31,1150.45,0.1706
P00663,PureLife Oral Care 00663,Personal Care,Oral Care,PureLife,Seasonal,1000.0,745.43,56.23,254.57,0.2546
P00664,Apex Smartphones 00664,Electronics,Smartphones,Apex,Volatile,150000.0,106526.18,12.52,43473.82,0.2898
P00665,Apex TVs 00665,Electronics,TVs,Apex,Seasonal,69914.55,56151.67,4.78,13762.88,0.1969
P00666,Zenith Audio 00666,Electronics,Audio,Zenith,Volatile,149810.16,110551.41,19.44,39258.75,0.2621
P00667,NovaTech Laptops 00667,Electronics,Laptops,NovaTech,Seasonal,96050.56,67210.76,14.51,28839.8,0.3003
P00668,Apex Laptops 00668,Electronics,Laptops,Apex,Stable,80558.33,61881.35,23.78,18676.98,0.2318
P00669,Zenith Laptops 00669,Electronics,Laptops,Zenith,Volatile,133513.74,87419.96,8.17,46093.78,0.3452
P00670,Arctic Microwaves 00670,Home Appliances,Microwaves,Arctic,Stable,64224.73,41096.61,6.61,23128.12,0.3601
P00671,NovaTech Laptops 00671,Electronics,Laptops,NovaTech,Volatile,150000.0,115364.64,13.38,34635.36,0.2309
P00672,ConnectX Bags 00672,Accessories,Bags,ConnectX,Trending,3185.15,2039.57,232.38,1145.58,0.3597
P00673,NovaTech TVs 00673,Electronics,TVs,NovaTech,Stable,56893.18,46886.0,21.89,10007.18,0.1759
P00674,DermaX Grooming 00674,Personal Care,Grooming,DermaX,Trending,509.79,326.56,137.3,183.23,0.3594
P00675,ComfortMax Washing Machines 00675,Home Appliances,Washing Machines,ComfortMax,Volatile,80054.59,64989.31,16.48,15065.28,0.1882
P00676,CarryPro Bags 00676,Accessories,Bags,CarryPro,Trending,15000.0,12439.02,30.21,2560.98,0.1707
P00677,Apex TVs 00677,Electronics,TVs,Apex,Volatile,76373.73,52663.98,29.57,23709.75,0.3104
P00678,HomePro Air Conditioners 00678,Home Appliances,Air Conditioners,HomePro,Seasonal,26198.43,19177.66,20.66,7020.77,0.268
P00679,TechMate Mobile Accessories 00679,Accessories,Mobile Accessories,TechMate,Volatile,12516.6,7798.18,78.5,4718.42,0.377
P00680,ConnectX Mobile Accessories 00680,Accessories,Mobile Accessories,ConnectX,Trending,11876.04,9016.32,150.59,2859.72,0.2408
P00681,TechMate Mobile Accessories 00681,Accessories,Mobile Accessories,TechMate,Stable,2354.74,1832.49,36.28,522.25,0.2218
P00682,Arctic Refrigerators 00682,Home Appliances,Refrigerators,Arctic,Stable,61359.79,44474.57,29.04,16885.22,0.2752
P00683,NovaTech Smartphones 00683,Electronics,Smartphones,NovaTech,Stable,29850.24,21970.18,6.89,7880.06,0.264
P00684,OfficePro Storage 00684,Office Supplies,Storage,OfficePro,Stable,1694.61,1294.5,334.57,400.11,0.2361
P00685,ConnectX Chargers 00685,Accessories,Chargers,ConnectX,Trending,4392.34,2971.7,68.91,1420.64,0.3234
P00686,Glow Oral Care 00686,Personal Care,Oral Care,Glow,Trending,893.8,590.01,220.92,303.79,0.3399
P00687,Glow Oral Care 00687,Personal Care,Oral Care,Glow,Seasonal,589.94,375.65,237.51,214.29,0.3632
P00688,EverHome Refrigerators 00688,Home Appliances,Refrigerators,EverHome,Seasonal,28436.76,17255.02,20.86,11181.74,0.3932
P00689,WriteWell Desk Accessories 00689,Office Supplies,Desk Accessories,WriteWell,Trending,4281.4,3353.77,318.81,927.63,0.2167
P00690,NovaTech Laptops 00690,Electronics,Laptops,NovaTech,Trending,32785.77,21998.49,26.99,10787.28,0.329
P00691,HomePro Air Conditioners 00691,Home Appliances,Air Conditioners,HomePro,Volatile,74971.31,56336.1,4.2,18635.21,0.2486
P00692,ComfortMax Refrigerators 00692,Home Appliances,Refrigerators,ComfortMax,Stable,37736.61,25688.42,11.27,12048.19,0.3193
P00693,Glow Skincare 00693,Personal Care,Skincare,Glow,Trending,441.65,322.85,89.52,118.8,0.269
P00694,Zenith Laptops 00694,Electronics,Laptops,Zenith,Seasonal,104882.47,63092.76,29.66,41789.71,0.3984
P00695,Zenith Laptops 00695,Electronics,Laptops,Zenith,Seasonal,105969.1,70763.46,12.9,35205.64,0.3322
P00696,DermaX Oral Care 00696,Personal Care,Oral Care,DermaX,Seasonal,1000.0,611.88,225.13,388.12,0.3881
P00697,ComfortMax Air Conditioners 00697,Home Appliances,Air Conditioners,ComfortMax,Stable,58538.52,37538.27,21.17,21000.25,0.3587
P00698,PureLife Skincare 00698,Personal Care,Skincare,PureLife,Trending,661.02,412.66,79.38,248.36,0.3757
P00699,Zenith Laptops 00699,Electronics,Laptops,Zenith,Seasonal,59598.81,38524.38,8.69,21074.43,0.3536
P00700,PureLife Haircare 00700,Personal Care,Haircare,PureLife,Stable,613.46,451.02,98.76,162.44,0.2648
P00701,CarePlus Haircare 00701,Personal Care,Haircare,CarePlus,Seasonal,715.95,563.49,135.12,152.46,0.2129
P00702,Vertex TVs 00702,Electronics,TVs,Vertex,Seasonal,73060.8,55337.71,8.56,17723.09,0.2426
P00703,Arctic Washing Machines 00703,Home Appliances,Washing Machines,Arctic,Volatile,20838.18,17607.03,2.55,3231.15,0.1551
P00704,Vertex Smartphones 00704,Electronics,Smartphones,Vertex,Seasonal,94553.0,67983.77,26.62,26569.23,0.281
P00705,Zenith Smartphones 00705,Electronics,Smartphones,Zenith,Seasonal,96449.04,69803.6,29.04,26645.44,0.2763
P00706,ConnectX Cables 00706,Accessories,Cables,ConnectX,Stable,5020.07,3607.86,91.98,1412.21,0.2813
P00707,EverHome Microwaves 00707,Home Appliances,Microwaves,EverHome,Seasonal,28457.31,17259.14,11.48,11198.17,0.3935
P00708,CarryPro Cables 00708,Accessories,Cables,CarryPro,Trending,15000.0,9332.05,11.7,5667.95,0.3779
P00709,ComfortMax Microwaves 00709,Home Appliances,Microwaves,ComfortMax,Seasonal,82591.31,66863.6,21.05,15727.71,0.1904
P00710,PaperWorks Writing 00710,Office Supplies,Writing,PaperWorks,Trending,2200.74,1667.68,417.96,533.06,0.2422
P00711,OfficePro Desk Accessories 00711,Office Supplies,Desk Accessories,OfficePro,Stable,1276.37,949.63,98.91,326.74,0.256
P00712,Glow Skincare 00712,Personal Care,Skincare,Glow,Stable,335.91,255.25,64.71,80.66,0.2401
P00713,Glow Haircare 00713,Personal Care,Haircare,Glow,Stable,1000.0,650.38,241.22,349.62,0.3496
P00714,Arctic Refrigerators 00714,Home Appliances,Refrigerators,Arctic,Volatile,66795.41,48025.27,19.26,18770.14,0.281
P00715,EverHome Washing Machines 00715,Home Appliances,Washing Machines,EverHome,Volatile,44198.24,31247.05,3.26,12951.19,0.293
P00716,CarryPro Cables 00716,Accessories,Cables,CarryPro,Volatile,10250.85,6527.19,159.41,3723.66,0.3633
P00717,ConnectX Mobile Accessories 00717,Accessories,Mobile Accessories,ConnectX,Trending,4631.63,3003.7,84.14,1627.93,0.3515
P00718,CarryPro Chargers 00718,Accessories,Chargers,CarryPro,Volatile,15000.0,12254.21,98.49,2745.79,0.1831
P00719,Vertex Audio 00719,Electronics,Audio,Vertex,Volatile,150000.0,100728.2,23.55,49271.8,0.3285
P00720,WriteWell Writing 00720,Office Supplies,Writing,WriteWell,Trending,1908.46,1414.44,411.14,494.02,0.2589
P00721,TechMate Bags 00721,Accessories,Bags,TechMate,Volatile,5177.62,4019.58,106.09,1158.04,0.2237
P00722,NovaTech Smartphones 00722,Electronics,Smartphones,NovaTech,Trending,16109.32,13491.48,28.52,2617.84,0.1625
P00723,Zenith Laptops 00723,Electronics,Laptops,Zenith,Volatile,31859.3,23199.55,13.38,8659.75,0.2718
P00724,WriteWell Storage 00724,Office Supplies,Storage,WriteWell,Intermittent,1130.39,860.39,392.76,270.0,0.2389
P00725,Glow Oral Care 00725,Personal Care,Oral Care,Glow,Seasonal,596.47,469.49,155.49,126.98,0.2129
P00726,UrbanGear Cables 00726,Accessories,Cables,UrbanGear,Stable,6207.8,4198.53,225.41,2009.27,0.3237
P00727,Apex Smartphones 00727,Electronics,Smartphones,Apex,Seasonal,34573.12,22736.27,27.42,11836.85,0.3424
P00728,DeskMate Desk Accessories 00728,Office Supplies,Desk Accessories,DeskMate,Intermittent,2133.03,1682.54,71.09,450.49,0.2112
P00729,Vertex Smartphones 00729,Electronics,Smartphones,Vertex,Volatile,104949.6,87909.79,28.22,17039.81,0.1624
P00730,Apex TVs 00730,Electronics,TVs,Apex,Stable,106376.17,67847.98,25.11,38528.19,0.3622
P00731,Vertex Laptops 00731,Electronics,Laptops,Vertex,Trending,24790.88,21010.52,24.16,3780.36,0.1525
P00732,UrbanGear Bags 00732,Accessories,Bags,UrbanGear,Stable,6990.76,4304.36,58.22,2686.4,0.3843
P00733,OfficePro Paper 00733,Office Supplies,Paper,OfficePro,Stable,1101.02,763.11,408.41,337.91,0.3069
P00734,Glow Haircare 00734,Personal Care,Haircare,Glow,Trending,944.78,727.04,258.04,217.74,0.2305
P00735,HomePro Refrigerators 00735,Home Appliances,Refrigerators,HomePro,Volatile,98447.66,77614.22,10.1,20833.44,0.2116
P00736,TechMate Cables 00736,Accessories,Cables,TechMate,Trending,4404.96,3734.3,238.54,670.66,0.1523
P00737,EverHome Air Conditioners 00737,Home Appliances,Air Conditioners,EverHome,Volatile,38838.42,30726.32,3.4,8112.1,0.2089
P00738,UrbanGear Bags 00738,Accessories,Bags,UrbanGear,Volatile,5724.68,4668.87,45.98,1055.81,0.1844
P00739,Arctic Air Conditioners 00739,Home Appliances,Air Conditioners,Arctic,Seasonal,15916.58,11093.19,17.05,4823.39,0.303
P00740,Arctic Microwaves 00740,Home Appliances,Microwaves,Arctic,Stable,75235.12,60817.33,18.12,14417.79,0.1916
P00741,PureLife Skincare 00741,Personal Care,Skincare,PureLife,Trending,466.95,335.2,200.64,131.75,0.2822
P00742,ComfortMax Washing Machines 00742,Home Appliances,Washing Machines,ComfortMax,Volatile,110072.83,77322.96,2.48,32749.87,0.2975
P00743,PaperWorks Storage 00743,Office Supplies,Storage,PaperWorks,Trending,1306.3,1013.02,481.37,293.28,0.2245
P00744,CarePlus Skincare 00744,Personal Care,Skincare,CarePlus,Trending,379.34,319.11,32.48,60.23,0.1588
P00745,Vertex Laptops 00745,Electronics,Laptops,Vertex,Volatile,31386.03,26385.81,6.01,5000.22,0.1593
P00746,ConnectX Cables 00746,Accessories,Cables,ConnectX,Volatile,4132.87,3485.72,13.36,647.15,0.1566
P00747,ComfortMax Washing Machines 00747,Home Appliances,Washing Machines,ComfortMax,Stable,30260.64,20129.95,17.87,10130.69,0.3348
P00748,PureLife Grooming 00748,Personal Care,Grooming,PureLife,Trending,999.75,770.3,281.03,229.45,0.2295
P00749,CarryPro Cables 00749,Accessories,Cables,CarryPro,Volatile,4965.88,3232.42,169.83,1733.46,0.3491
P00750,CarePlus Skincare 00750,Personal Care,Skincare,CarePlus,Seasonal,592.54,439.7,250.34,152.84,0.2579
P00751,Zenith TVs 00751,Electronics,TVs,Zenith,Trending,61671.38,45436.42,2.37,16234.96,0.2632
P00752,TechMate Bags 00752,Accessories,Bags,TechMate,Stable,3524.96,2544.24,140.08,980.72,0.2782
P00753,CarePlus Skincare 00753,Personal Care,Skincare,CarePlus,Trending,497.17,333.97,148.68,163.2,0.3283
P00754,ComfortMax Washing Machines 00754,Home Appliances,Washing Machines,ComfortMax,Stable,88102.35,68862.94,15.97,19239.41,0.2184
P00755,Vertex Laptops 00755,Electronics,Laptops,Vertex,Stable,37548.08,30774.53,4.02,6773.55,0.1804
P00756,PaperWorks Writing 00756,Office Supplies,Writing,PaperWorks,Stable,4102.96,2917.15,351.68,1185.81,0.289
P00757,DermaX Grooming 00757,Personal Care,Grooming,DermaX,Stable,330.33,253.78,160.9,76.55,0.2317
P00758,Glow Grooming 00758,Personal Care,Grooming,Glow,Trending,411.63,304.35,234.24,107.28,0.2606
P00759,UrbanGear Chargers 00759,Accessories,Chargers,UrbanGear,Volatile,10380.79,7144.72,126.47,3236.07,0.3117
P00760,PaperWorks Storage 00760,Office Supplies,Storage,PaperWorks,Intermittent,1695.84,1231.97,100.21,463.87,0.2735
P00761,Zenith TVs 00761,Electronics,TVs,Zenith,Volatile,79267.08,55085.1,20.15,24181.98,0.3051
P00762,HomePro Air Conditioners 00762,Home Appliances,Air Conditioners,HomePro,Volatile,50918.31,36353.13,6.83,14565.18,0.286
P00763,Zenith Audio 00763,Electronics,Audio,Zenith,Seasonal,83755.24,55701.5,26.43,28053.74,0.3349
P00764,PaperWorks Storage 00764,Office Supplies,Storage,PaperWorks,Intermittent,605.2,407.61,318.16,197.59,0.3265
P00765,NovaTech TVs 00765,Electronics,TVs,NovaTech,Seasonal,25854.09,18523.23,6.4,7330.86,0.2835
P00766,PureLife Skincare 00766,Personal Care,Skincare,PureLife,Trending,795.92,541.44,289.45,254.48,0.3197
P00767,DeskMate Desk Accessories 00767,Office Supplies,Desk Accessories,DeskMate,Stable,4704.64,2971.5,273.63,1733.14,0.3684
P00768,ConnectX Cables 00768,Accessories,Cables,ConnectX,Volatile,4372.15,3243.84,27.5,1128.31,0.2581
P00769,Arctic Microwaves 00769,Home Appliances,Microwaves,Arctic,Seasonal,53123.54,39673.15,19.55,13450.39,0.2532
P00770,UrbanGear Cables 00770,Accessories,Cables,UrbanGear,Volatile,9010.4,5937.3,70.77,3073.1,0.3411
P00771,NovaTech Audio 00771,Electronics,Audio,NovaTech,Seasonal,117473.0,82743.46,24.5,34729.54,0.2956
P00772,TechMate Mobile Accessories 00772,Accessories,Mobile Accessories,TechMate,Stable,2236.56,1861.37,206.28,375.19,0.1678
P00773,Apex Laptops 00773,Electronics,Laptops,Apex,Stable,45542.86,28554.1,29.41,16988.76,0.373
P00774,ComfortMax Air Conditioners 00774,Home Appliances,Air Conditioners,ComfortMax,Stable,50374.72,42430.84,16.05,7943.88,0.1577
P00775,OfficePro Paper 00775,Office Supplies,Paper,OfficePro,Intermittent,3850.2,2552.3,243.83,1297.9,0.3371
P00776,Zenith Laptops 00776,Electronics,Laptops,Zenith,Seasonal,150000.0,99045.22,23.1,50954.78,0.3397
P00777,Zenith Audio 00777,Electronics,Audio,Zenith,Seasonal,67590.98,41346.9,5.71,26244.08,0.3883
P00778,WriteWell Storage 00778,Office Supplies,Storage,WriteWell,Stable,1085.52,908.0,287.05,177.52,0.1635
P00779,WriteWell Paper 00779,Office Supplies,Paper,WriteWell,Trending,3214.28,2252.52,286.74,961.76,0.2992
P00780,DermaX Grooming 00780,Personal Care,Grooming,DermaX,Seasonal,1000.0,743.04,45.05,256.96,0.257
P00781,WriteWell Desk Accessories 00781,Office Supplies,Desk Accessories,WriteWell,Intermittent,2694.06,2067.26,226.45,626.8,0.2327
P00782,PureLife Haircare 00782,Personal Care,Haircare,PureLife,Seasonal,319.24,264.15,258.92,55.09,0.1726
P00783,EverHome Microwaves 00783,Home Appliances,Microwaves,EverHome,Seasonal,109271.27,77510.1,25.97,31761.17,0.2907
P00784,Arctic Microwaves 00784,Home Appliances,Microwaves,Arctic,Volatile,91575.57,66872.13,4.78,24703.44,0.2698
P00785,Apex Smartphones 00785,Electronics,Smartphones,Apex,Trending,41872.51,34497.14,4.54,7375.37,0.1761
P00786,TechMate Cables 00786,Accessories,Cables,TechMate,Volatile,9491.56,6614.46,73.05,2877.1,0.3031
P00787,DermaX Grooming 00787,Personal Care,Grooming,DermaX,Trending,1000.0,665.51,264.93,334.49,0.3345
P00788,ComfortMax Refrigerators 00788,Home Appliances,Refrigerators,ComfortMax,Volatile,120000.0,78981.65,5.61,41018.35,0.3418
P00789,PureLife Grooming 00789,Personal Care,Grooming,PureLife,Stable,528.5,329.6,221.6,198.9,0.3763
P00790,CarryPro Bags 00790,Accessories,Bags,CarryPro,Stable,6090.32,4553.32,34.28,1537.0,0.2524
P00791,Zenith Smartphones 00791,Electronics,Smartphones,Zenith,Stable,150000.0,91759.77,19.45,58240.23,0.3883
P00792,PureLife Oral Care 00792,Personal Care,Oral Care,PureLife,Stable,266.09,168.61,119.7,97.48,0.3663
P00793,Glow Grooming 00793,Personal Care,Grooming,Glow,Seasonal,715.56,555.18,240.9,160.38,0.2241
P00794,Glow Oral Care 00794,Personal Care,Oral Care,Glow,Stable,241.75,195.86,85.43,45.89,0.1898
P00795,Vertex Smartphones 00795,Electronics,Smartphones,Vertex,Trending,146863.52,108848.29,19.9,38015.23,0.2588
P00796,TechMate Chargers 00796,Accessories,Chargers,TechMate,Stable,6467.05,4847.22,66.56,1619.83,0.2505
P00797,CarryPro Mobile Accessories 00797,Accessories,Mobile Accessories,CarryPro,Stable,15000.0,10591.05,181.28,4408.95,0.2939
P00798,PureLife Haircare 00798,Personal Care,Haircare,PureLife,Stable,738.61,520.09,264.63,218.52,0.2959
P00799,WriteWell Storage 00799,Office Supplies,Storage,WriteWell,Intermittent,1212.04,802.98,89.6,409.06,0.3375
P00800,UrbanGear Cables 00800,Accessories,Cables,UrbanGear,Stable,15000.0,10837.91,217.98,4162.09,0.2775
P00801,PaperWorks Desk Accessories 00801,Office Supplies,Desk Accessories,PaperWorks,Trending,5000.0,4118.97,308.98,881.03,0.1762
P00802,Vertex TVs 00802,Electronics,TVs,Vertex,Stable,131584.58,83612.42,5.56,47972.16,0.3646
P00803,DermaX Oral Care 00803,Personal Care,Oral Care,DermaX,Stable,348.27,269.06,139.71,79.21,0.2274
P00804,CarePlus Oral Care 00804,Personal Care,Oral Care,CarePlus,Stable,457.74,277.93,65.04,179.81,0.3928
P00805,EverHome Washing Machines 00805,Home Appliances,Washing Machines,EverHome,Seasonal,67107.35,55063.93,21.61,12043.42,0.1795
P00806,PaperWorks Desk Accessories 00806,Office Supplies,Desk Accessories,PaperWorks,Stable,1655.35,1010.49,386.67,644.86,0.3896
P00807,CarryPro Bags 00807,Accessories,Bags,CarryPro,Trending,15000.0,12408.71,35.39,2591.29,0.1728
P00808,UrbanGear Bags 00808,Accessories,Bags,UrbanGear,Trending,8232.94,6522.47,131.47,1710.47,0.2078
P00809,CarePlus Haircare 00809,Personal Care,Haircare,CarePlus,Stable,108.63,91.07,248.1,17.56,0.1616
P00810,Apex Audio 00810,Electronics,Audio,Apex,Trending,95001.38,64004.49,28.21,30996.89,0.3263
P00811,TechMate Bags 00811,Accessories,Bags,TechMate,Volatile,6126.68,3905.3,133.24,2221.38,0.3626
P00812,UrbanGear Mobile Accessories 00812,Accessories,Mobile Accessories,UrbanGear,Stable,7218.1,5352.09,238.07,1866.01,0.2585
P00813,Vertex Laptops 00813,Electronics,Laptops,Vertex,Stable,62122.38,38383.52,17.0,23738.86,0.3821
P00814,CarryPro Mobile Accessories 00814,Accessories,Mobile Accessories,CarryPro,Trending,12253.06,8606.86,104.61,3646.2,0.2976
P00815,UrbanGear Mobile Accessories 00815,Accessories,Mobile Accessories,UrbanGear,Trending,14781.26,10236.0,213.57,4545.26,0.3075
P00816,CarePlus Grooming 00816,Personal Care,Grooming,CarePlus,Stable,651.81,416.28,158.04,235.53,0.3613
P00817,CarePlus Grooming 00817,Personal Care,Grooming,CarePlus,Seasonal,448.69,348.09,152.13,100.6,0.2242
P00818,ComfortMax Washing Machines 00818,Home Appliances,Washing Machines,ComfortMax,Seasonal,59993.42,45681.0,15.73,14312.42,0.2386
P00819,Apex Smartphones 00819,Electronics,Smartphones,Apex,Trending,78416.76,48893.79,25.71,29522.97,0.3765
P00820,EverHome Air Conditioners 00820,Home Appliances,Air Conditioners,EverHome,Volatile,37999.73,23740.68,25.29,14259.05,0.3752
P00821,UrbanGear Mobile Accessories 00821,Accessories,Mobile Accessories,UrbanGear,Volatile,10685.68,6474.23,106.84,4211.45,0.3941
P00822,NovaTech Smartphones 00822,Electronics,Smartphones,NovaTech,Stable,102135.8,63787.94,11.33,38347.86,0.3755
P00823,HomePro Refrigerators 00823,Home Appliances,Refrigerators,HomePro,Volatile,120000.0,98178.84,15.77,21821.16,0.1818
P00824,ComfortMax Washing Machines 00824,Home Appliances,Washing Machines,ComfortMax,Stable,120000.0,77288.27,18.04,42711.73,0.3559
P00825,DermaX Skincare 00825,Personal Care,Skincare,DermaX,Seasonal,364.5,272.48,86.73,92.02,0.2525
P00826,CarryPro Chargers 00826,Accessories,Chargers,CarryPro,Trending,12350.87,7438.92,200.55,4911.95,0.3977
P00827,ComfortMax Microwaves 00827,Home Appliances,Microwaves,ComfortMax,Stable,34759.93,25441.83,15.62,9318.1,0.2681
P00828,HomePro Microwaves 00828,Home Appliances,Microwaves,HomePro,Stable,93372.46,66438.33,11.35,26934.13,0.2885
P00829,DeskMate Desk Accessories 00829,Office Supplies,Desk Accessories,DeskMate,Stable,1852.01,1328.92,80.21,523.09,0.2824
P00830,Glow Oral Care 00830,Personal Care,Oral Care,Glow,Seasonal,297.66,229.07,86.88,68.59,0.2304
P00831,Apex TVs 00831,Electronics,TVs,Apex,Trending,91680.08,76208.56,28.58,15471.52,0.1688
P00832,Glow Skincare 00832,Personal Care,Skincare,Glow,Stable,110.52,69.2,105.43,41.32,0.3739
P00833,Apex Audio 00833,Electronics,Audio,Apex,Volatile,27104.31,17599.67,6.73,9504.64,0.3507
P00834,Zenith Laptops 00834,Electronics,Laptops,Zenith,Stable,69670.91,56790.03,14.9,12880.88,0.1849
P00835,DermaX Oral Care 00835,Personal Care,Oral Care,DermaX,Stable,577.89,378.98,105.98,198.91,0.3442
P00836,HomePro Washing Machines 00836,Home Appliances,Washing Machines,HomePro,Stable,49276.43,34175.09,2.98,15101.34,0.3065
P00837,CarryPro Chargers 00837,Accessories,Chargers,CarryPro,Trending,2926.73,2188.36,87.55,738.37,0.2523
P00838,Arctic Air Conditioners 00838,Home Appliances,Air Conditioners,Arctic,Volatile,37648.84,29610.61,17.24,8038.23,0.2135
P00839,Glow Grooming 00839,Personal Care,Grooming,Glow,Trending,695.51,441.7,174.48,253.81,0.3649
P00840,CarePlus Oral Care 00840,Personal Care,Oral Care,CarePlus,Stable,779.76,526.3,119.84,253.46,0.325
P00841,Vertex Laptops 00841,Electronics,Laptops,Vertex,Volatile,76749.28,54727.23,14.52,22022.05,0.2869
P00842,PaperWorks Desk Accessories 00842,Office Supplies,Desk Accessories,PaperWorks,Trending,5000.0,3488.04,483.79,1511.96,0.3024
P00843,Vertex Laptops 00843,Electronics,Laptops,Vertex,Stable,98368.06,81373.35,12.57,16994.71,0.1728
P00844,UrbanGear Chargers 00844,Accessories,Chargers,UrbanGear,Volatile,4821.45,3526.99,71.97,1294.46,0.2685
P00845,Zenith TVs 00845,Electronics,TVs,Zenith,Seasonal,65495.19,52499.3,8.82,12995.89,0.1984
P00846,EverHome Refrigerators 00846,Home Appliances,Refrigerators,EverHome,Volatile,26504.58,21148.11,14.82,5356.47,0.2021
P00847,Zenith TVs 00847,Electronics,TVs,Zenith,Stable,72631.2,49728.69,23.27,22902.51,0.3153
P00848,CarryPro Bags 00848,Accessories,Bags,CarryPro,Trending,14714.13,9154.93,59.44,5559.2,0.3778
P00849,CarePlus Haircare 00849,Personal Care,Haircare,CarePlus,Seasonal,829.72,621.51,218.6,208.21,0.2509
P00850,DermaX Haircare 00850,Personal Care,Haircare,DermaX,Stable,1000.0,798.06,25.92,201.94,0.2019
P00851,Apex Smartphones 00851,Electronics,Smartphones,Apex,Stable,64621.48,44447.51,13.73,20173.97,0.3122
P00852,WriteWell Writing 00852,Office Supplies,Writing,WriteWell,Trending,5000.0,3161.02,394.66,1838.98,0.3678
P00853,Apex Smartphones 00853,Electronics,Smartphones,Apex,Seasonal,69013.04,45750.15,11.48,23262.89,0.3371
P00854,CarryPro Bags 00854,Accessories,Bags,CarryPro,Stable,15000.0,9492.16,145.3,5507.84,0.3672
P00855,Zenith Laptops 00855,Electronics,Laptops,Zenith,Trending,76490.3,54756.45,7.74,21733.85,0.2841
P00856,NovaTech Audio 00856,Electronics,Audio,NovaTech,Volatile,118464.91,78427.44,22.78,40037.47,0.338
P00857,NovaTech Smartphones 00857,Electronics,Smartphones,NovaTech,Volatile,150000.0,122247.58,3.46,27752.42,0.185
P00858,PureLife Oral Care 00858,Personal Care,Oral Care,PureLife,Seasonal,489.73,373.63,258.71,116.1,0.2371
P00859,Glow Oral Care 00859,Personal Care,Oral Care,Glow,Trending,627.0,471.89,75.49,155.11,0.2474
P00860,Apex Laptops 00860,Electronics,Laptops,Apex,Trending,150000.0,108326.41,26.48,41673.59,0.2778
P00861,OfficePro Storage 00861,Office Supplies,Storage,OfficePro,Stable,2331.33,1440.13,195.69,891.2,0.3823
P00862,DermaX Haircare 00862,Personal Care,Haircare,DermaX,Stable,248.98,157.21,222.35,91.77,0.3686
P00863,PureLife Grooming 00863,Personal Care,Grooming,PureLife,Stable,1000.0,816.37,109.38,183.63,0.1836
P00864,HomePro Refrigerators 00864,Home Appliances,Refrigerators,HomePro,Seasonal,46394.39,37431.11,27.37,8963.28,0.1932
P00865,ComfortMax Refrigerators 00865,Home Appliances,Refrigerators,ComfortMax,Stable,67646.17,51450.99,5.55,16195.18,0.2394
P00866,CarePlus Skincare 00866,Personal Care,Skincare,CarePlus,Trending,1000.0,777.31,69.99,222.69,0.2227
P00867,Apex Smartphones 00867,Electronics,Smartphones,Apex,Trending,53795.06,37457.89,15.8,16337.17,0.3037
P00868,Vertex TVs 00868,Electronics,TVs,Vertex,Volatile,42332.59,26428.49,4.29,15904.1,0.3757
P00869,ConnectX Cables 00869,Accessories,Cables,ConnectX,Stable,8791.54,5357.8,57.04,3433.74,0.3906
P00870,UrbanGear Chargers 00870,Accessories,Chargers,UrbanGear,Volatile,2574.62,1767.73,236.5,806.89,0.3134
P00871,ComfortMax Microwaves 00871,Home Appliances,Microwaves,ComfortMax,Volatile,51743.23,33139.48,29.34,18603.75,0.3595
P00872,HomePro Refrigerators 00872,Home Appliances,Refrigerators,HomePro,Volatile,71240.42,51200.45,12.54,20039.97,0.2813
P00873,DermaX Skincare 00873,Personal Care,Skincare,DermaX,Trending,467.76,373.23,278.52,94.53,0.2021
P00874,EverHome Microwaves 00874,Home Appliances,Microwaves,EverHome,Seasonal,24360.59,17511.07,17.26,6849.52,0.2812
P00875,Apex Audio 00875,Electronics,Audio,Apex,Trending,150000.0,106684.4,9.55,43315.6,0.2888
P00876,Apex Laptops 00876,Electronics,Laptops,Apex,Stable,82467.22,54790.03,21.67,27677.19,0.3356
P00877,PaperWorks Storage 00877,Office Supplies,Storage,PaperWorks,Trending,5000.0,3975.15,339.68,1024.85,0.205
P00878,DeskMate Paper 00878,Office Supplies,Paper,DeskMate,Stable,2160.24,1637.29,494.89,522.95,0.2421
P00879,Vertex Smartphones 00879,Electronics,Smartphones,Vertex,Stable,45707.88,34691.97,9.42,11015.91,0.241
P00880,Vertex Smartphones 00880,Electronics,Smartphones,Vertex,Seasonal,91084.39,55574.24,20.82,35510.15,0.3899
P00881,Apex Smartphones 00881,Electronics,Smartphones,Apex,Seasonal,68088.32,50318.21,3.46,17770.11,0.261
P00882,PaperWorks Paper 00882,Office Supplies,Paper,PaperWorks,Intermittent,1245.56,823.6,83.41,421.96,0.3388
P00883,NovaTech Laptops 00883,Electronics,Laptops,NovaTech,Volatile,150000.0,99344.57,2.11,50655.43,0.3377
P00884,Apex Smartphones 00884,Electronics,Smartphones,Apex,Stable,53352.23,41807.55,29.98,11544.68,0.2164
P00885,DeskMate Writing 00885,Office Supplies,Writing,DeskMate,Stable,837.01,591.79,407.07,245.22,0.293
P00886,NovaTech Smartphones 00886,Electronics,Smartphones,NovaTech,Stable,150000.0,93963.64,24.03,56036.36,0.3736
P00887,DeskMate Desk Accessories 00887,Office Supplies,Desk Accessories,DeskMate,Trending,1865.75,1364.24,269.57,501.51,0.2688
P00888,NovaTech TVs 00888,Electronics,TVs,NovaTech,Volatile,53816.69,33028.41,10.4,20788.28,0.3863
P00889,Zenith TVs 00889,Electronics,TVs,Zenith,Stable,26870.94,21399.63,6.24,5471.31,0.2036
P00890,Vertex TVs 00890,Electronics,TVs,Vertex,Volatile,150000.0,124719.03,9.97,25280.97,0.1685
P00891,PaperWorks Writing 00891,Office Supplies,Writing,PaperWorks,Intermittent,1164.8,730.49,206.71,434.31,0.3729
P00892,ConnectX Chargers 00892,Accessories,Chargers,ConnectX,Volatile,7819.47,4989.45,191.51,2830.02,0.3619
P00893,UrbanGear Mobile Accessories 00893,Accessories,Mobile Accessories,UrbanGear,Stable,13054.33,7856.78,139.52,5197.55,0.3981
P00894,Arctic Refrigerators 00894,Home Appliances,Refrigerators,Arctic,Stable,79207.21,53872.91,4.17,25334.3,0.3198
P00895,PaperWorks Desk Accessories 00895,Office Supplies,Desk Accessories,PaperWorks,Intermittent,2436.22,1500.29,38.47,935.93,0.3842
P00896,Vertex Laptops 00896,Electronics,Laptops,Vertex,Stable,27918.19,17958.73,4.87,9959.46,0.3567
P00897,HomePro Refrigerators 00897,Home Appliances,Refrigerators,HomePro,Volatile,37833.78,24171.75,13.49,13662.03,0.3611
P00898,ConnectX Bags 00898,Accessories,Bags,ConnectX,Trending,8450.52,5980.56,233.97,2469.96,0.2923
P00899,Apex Laptops 00899,Electronics,Laptops,Apex,Seasonal,48326.18,36457.7,19.85,11868.48,0.2456
P00900,Zenith TVs 00900,Electronics,TVs,Zenith,Trending,87557.32,53966.87,24.45,33590.45,0.3836
P00901,Apex Audio 00901,Electronics,Audio,Apex,Stable,116667.03,86563.52,15.06,30103.51,0.258
P00902,NovaTech Smartphones 00902,Electronics,Smartphones,NovaTech,Stable,138072.6,98762.66,12.13,39309.94,0.2847
P00903,Vertex Audio 00903,Electronics,Audio,Vertex,Volatile,37135.39,27423.42,5.04,9711.97,0.2615
P00904,CarePlus Oral Care 00904,Personal Care,Oral Care,CarePlus,Trending,1000.0,708.8,265.26,291.2,0.2912
P00905,ComfortMax Air Conditioners 00905,Home Appliances,Air Conditioners,ComfortMax,Stable,97468.06,71383.05,23.93,26085.01,0.2676
P00906,ConnectX Mobile Accessories 00906,Accessories,Mobile Accessories,ConnectX,Trending,7542.24,6320.46,50.35,1221.78,0.162
P00907,ConnectX Cables 00907,Accessories,Cables,ConnectX,Stable,14516.26,9137.81,132.94,5378.45,0.3705
P00908,EverHome Refrigerators 00908,Home Appliances,Refrigerators,EverHome,Volatile,120000.0,88668.19,15.65,31331.81,0.2611
P00909,ComfortMax Microwaves 00909,Home Appliances,Microwaves,ComfortMax,Stable,25940.49,18230.04,19.5,7710.45,0.2972
P00910,ComfortMax Air Conditioners 00910,Home Appliances,Air Conditioners,ComfortMax,Volatile,53725.06,43796.83,28.49,9928.23,0.1848
P00911,PureLife Grooming 00911,Personal Care,Grooming,PureLife,Seasonal,132.01,112.1,182.34,19.91,0.1508
P00912,EverHome Refrigerators 00912,Home Appliances,Refrigerators,EverHome,Seasonal,69036.0,54447.14,17.13,14588.86,0.2113
P00913,PureLife Oral Care 00913,Personal Care,Oral Care,PureLife,Stable,684.82,461.47,34.09,223.35,0.3261
P00914,ComfortMax Refrigerators 00914,Home Appliances,Refrigerators,ComfortMax,Seasonal,60071.76,49571.3,3.76,10500.46,0.1748
P00915,PureLife Oral Care 00915,Personal Care,Oral Care,PureLife,Stable,371.37,231.28,72.46,140.09,0.3772
P00916,ComfortMax Washing Machines 00916,Home Appliances,Washing Machines,ComfortMax,Volatile,17981.23,14317.45,2.91,3663.78,0.2038
P00917,ComfortMax Air Conditioners 00917,Home Appliances,Air Conditioners,ComfortMax,Volatile,76950.12,61471.73,22.81,15478.39,0.2011
P00918,UrbanGear Mobile Accessories 00918,Accessories,Mobile Accessories,UrbanGear,Stable,15000.0,12069.35,183.6,2930.65,0.1954
P00919,OfficePro Desk Accessories 00919,Office Supplies,Desk Accessories,OfficePro,Stable,1771.15,1499.29,93.95,271.86,0.1535
P00920,Vertex Smartphones 00920,Electronics,Smartphones,Vertex,Trending,100918.56,66308.4,25.41,34610.16,0.343
P00921,ConnectX Bags 00921,Accessories,Bags,ConnectX,Stable,2946.63,1860.03,47.15,1086.6,0.3688
P00922,Glow Oral Care 00922,Personal Care,Oral Care,Glow,Stable,723.61,503.96,104.33,219.65,0.3035
P00923,CarryPro Mobile Accessories 00923,Accessories,Mobile Accessories,CarryPro,Stable,5962.67,4787.73,69.75,1174.94,0.197
P00924,OfficePro Writing 00924,Office Supplies,Writing,OfficePro,Trending,1598.06,1244.38,204.98,353.68,0.2213
P00925,EverHome Microwaves 00925,Home Appliances,Microwaves,EverHome,Stable,38971.05,28488.55,9.13,10482.5,0.269
P00926,Apex Laptops 00926,Electronics,Laptops,Apex,Volatile,61197.78,37417.15,15.69,23780.63,0.3886
P00927,EverHome Refrigerators 00927,Home Appliances,Refrigerators,EverHome,Volatile,77362.11,60973.89,13.41,16388.22,0.2118
P00928,PureLife Grooming 00928,Personal Care,Grooming,PureLife,Trending,250.29,166.97,296.24,83.32,0.3329
P00929,CarePlus Haircare 00929,Personal Care,Haircare,CarePlus,Trending,433.39,320.77,35.66,112.62,0.2599
P00930,EverHome Air Conditioners 00930,Home Appliances,Air Conditioners,EverHome,Volatile,59988.57,46523.43,5.98,13465.14,0.2245
P00931,Zenith Smartphones 00931,Electronics,Smartphones,Zenith,Seasonal,40079.08,29499.05,3.48,10580.03,0.264
P00932,ConnectX Cables 00932,Accessories,Cables,ConnectX,Volatile,15000.0,12482.97,160.2,2517.03,0.1678
P00933,ConnectX Bags 00933,Accessories,Bags,ConnectX,Stable,4524.24,2942.24,23.08,1582.0,0.3497
P00934,Glow Grooming 00934,Personal Care,Grooming,Glow,Seasonal,368.06,290.46,254.2,77.6,0.2108
P00935,Apex Audio 00935,Electronics,Audio,Apex,Stable,43090.1,28812.06,16.33,14278.04,0.3314
P00936,HomePro Refrigerators 00936,Home Appliances,Refrigerators,HomePro,Seasonal,120000.0,99949.55,16.76,20050.45,0.1671
P00937,NovaTech Smartphones 00937,Electronics,Smartphones,NovaTech,Trending,107988.1,66005.07,17.72,41983.03,0.3888
P00938,ConnectX Bags 00938,Accessories,Bags,ConnectX,Volatile,4304.2,3450.88,51.0,853.32,0.1983
P00939,Vertex Audio 00939,Electronics,Audio,Vertex,Stable,150000.0,94397.17,7.54,55602.83,0.3707
P00940,Glow Haircare 00940,Personal Care,Haircare,Glow,Seasonal,620.38,401.78,109.27,218.6,0.3524
P00941,EverHome Air Conditioners 00941,Home Appliances,Air Conditioners,EverHome,Volatile,71764.45,43635.3,18.62,28129.15,0.392
P00942,Glow Oral Care 00942,Personal Care,Oral Care,Glow,Stable,447.3,326.76,78.83,120.54,0.2695
P00943,PaperWorks Storage 00943,Office Supplies,Storage,PaperWorks,Intermittent,1610.58,1076.11,84.68,534.47,0.3318
P00944,UrbanGear Cables 00944,Accessories,Cables,UrbanGear,Trending,9246.15,7002.32,242.83,2243.83,0.2427
P00945,Apex Smartphones 00945,Electronics,Smartphones,Apex,Volatile,55881.07,44923.24,2.62,10957.83,0.1961
P00946,Apex Laptops 00946,Electronics,Laptops,Apex,Volatile,150000.0,110884.65,24.48,39115.35,0.2608
P00947,Apex TVs 00947,Electronics,TVs,Apex,Seasonal,36187.12,29259.56,24.06,6927.56,0.1914
P00948,CarryPro Chargers 00948,Accessories,Chargers,CarryPro,Stable,15000.0,9067.33,81.33,5932.67,0.3955
P00949,TechMate Bags 00949,Accessories,Bags,TechMate,Stable,7062.2,5832.94,42.55,1229.26,0.1741
P00950,DermaX Oral Care 00950,Personal Care,Oral Care,DermaX,Trending,658.11,462.45,60.78,195.66,0.2973
P00951,Glow Grooming 00951,Personal Care,Grooming,Glow,Stable,906.7,628.69,215.28,278.01,0.3066
P00952,PaperWorks Writing 00952,Office Supplies,Writing,PaperWorks,Stable,1729.95,1237.74,332.12,492.21,0.2845
P00953,Vertex Smartphones 00953,Electronics,Smartphones,Vertex,Trending,130168.14,89094.04,23.92,41074.1,0.3155
P00954,ConnectX Chargers 00954,Accessories,Chargers,ConnectX,Volatile,1487.39,1221.08,235.0,266.31,0.179
P00955,ComfortMax Air Conditioners 00955,Home Appliances,Air Conditioners,ComfortMax,Seasonal,39926.63,28397.63,21.37,11529.0,0.2888
P00956,EverHome Air Conditioners 00956,Home Appliances,Air Conditioners,EverHome,Volatile,35325.3,27490.04,6.36,7835.26,0.2218
P00957,DermaX Grooming 00957,Personal Care,Grooming,DermaX,Trending,259.26,159.43,88.16,99.83,0.3851
P00958,Vertex Smartphones 00958,Electronics,Smartphones,Vertex,Seasonal,68122.33,44925.46,25.58,23196.87,0.3405
P00959,Vertex Smartphones 00959,Electronics,Smartphones,Vertex,Trending,97683.04,59281.04,7.86,38402.0,0.3931
P00960,OfficePro Storage 00960,Office Supplies,Storage,OfficePro,Intermittent,3849.09,3235.59,64.09,613.5,0.1594
P00961,NovaTech Audio 00961,Electronics,Audio,NovaTech,Trending,89550.61,69734.56,21.69,19816.05,0.2213
P00962,Glow Skincare 00962,Personal Care,Skincare,Glow,Seasonal,368.89,295.53,132.71,73.36,0.1989
P00963,NovaTech Laptops 00963,Electronics,Laptops,NovaTech,Trending,96707.19,81931.43,27.76,14775.76,0.1528
P00964,HomePro Washing Machines 00964,Home Appliances,Washing Machines,HomePro,Stable,66261.47,52308.03,20.21,13953.44,0.2106
P00965,Arctic Microwaves 00965,Home Appliances,Microwaves,Arctic,Volatile,107842.4,73365.83,4.53,34476.57,0.3197
P00966,Arctic Washing Machines 00966,Home Appliances,Washing Machines,Arctic,Seasonal,98022.71,77656.31,28.54,20366.4,0.2078
P00967,PaperWorks Paper 00967,Office Supplies,Paper,PaperWorks,Intermittent,2571.6,1858.62,151.52,712.98,0.2773
P00968,Arctic Air Conditioners 00968,Home Appliances,Air Conditioners,Arctic,Volatile,35898.14,22545.66,11.44,13352.48,0.372
P00969,Glow Oral Care 00969,Personal Care,Oral Care,Glow,Trending,371.72,251.49,132.63,120.23,0.3234
P00970,CarePlus Haircare 00970,Personal Care,Haircare,CarePlus,Seasonal,395.46,297.13,34.34,98.33,0.2486
P00971,PaperWorks Storage 00971,Office Supplies,Storage,PaperWorks,Trending,2089.83,1581.76,263.36,508.07,0.2431
P00972,TechMate Mobile Accessories 00972,Accessories,Mobile Accessories,TechMate,Stable,8867.37,6526.97,39.6,2340.4,0.2639
P00973,PaperWorks Storage 00973,Office Supplies,Storage,PaperWorks,Intermittent,3878.1,3124.74,218.46,753.36,0.1943
P00974,Apex Audio 00974,Electronics,Audio,Apex,Stable,75159.06,51972.48,11.82,23186.58,0.3085
P00975,Vertex Audio 00975,Electronics,Audio,Vertex,Volatile,78253.44,59391.37,23.64,18862.07,0.241
P00976,EverHome Washing Machines 00976,Home Appliances,Washing Machines,EverHome,Volatile,67022.0,42686.89,24.49,24335.11,0.3631
P00977,DermaX Oral Care 00977,Personal Care,Oral Care,DermaX,Seasonal,403.58,266.71,62.96,136.87,0.3391
P00978,NovaTech TVs 00978,Electronics,TVs,NovaTech,Seasonal,44480.13,31019.18,12.26,13460.95,0.3026
P00979,DermaX Haircare 00979,Personal Care,Haircare,DermaX,Trending,191.84,145.6,124.54,46.24,0.241
P00980,Glow Grooming 00980,Personal Care,Grooming,Glow,Stable,362.43,289.04,62.39,73.39,0.2025
P00981,Arctic Washing Machines 00981,Home Appliances,Washing Machines,Arctic,Volatile,81689.42,53585.16,24.36,28104.26,0.344
P00982,OfficePro Desk Accessories 00982,Office Supplies,Desk Accessories,OfficePro,Trending,1656.15,1206.34,362.4,449.81,0.2716
P00983,Zenith Smartphones 00983,Electronics,Smartphones,Zenith,Volatile,67194.66,53339.96,7.33,13854.7,0.2062
P00984,Zenith Laptops 00984,Electronics,Laptops,Zenith,Seasonal,102528.08,82146.15,12.27,20381.93,0.1988
P00985,PaperWorks Storage 00985,Office Supplies,Storage,PaperWorks,Trending,3450.97,2790.63,79.73,660.34,0.1913
P00986,CarePlus Oral Care 00986,Personal Care,Oral Care,CarePlus,Seasonal,287.78,188.7,195.9,99.08,0.3443
P00987,PaperWorks Desk Accessories 00987,Office Supplies,Desk Accessories,PaperWorks,Stable,4592.74,3640.91,87.04,951.83,0.2072
P00988,Arctic Air Conditioners 00988,Home Appliances,Air Conditioners,Arctic,Stable,120000.0,86200.73,29.61,33799.27,0.2817
P00989,Vertex TVs 00989,Electronics,TVs,Vertex,Volatile,39344.97,29001.7,23.86,10343.27,0.2629
P00990,CarryPro Mobile Accessories 00990,Accessories,Mobile Accessories,CarryPro,Volatile,4605.47,3247.3,103.66,1358.17,0.2949
P00991,DeskMate Paper 00991,Office Supplies,Paper,DeskMate,Trending,5000.0,3153.56,301.93,1846.44,0.3693
P00992,PaperWorks Desk Accessories 00992,Office Supplies,Desk Accessories,PaperWorks,Intermittent,2312.04,1463.67,458.33,848.37,0.3669
P00993,HomePro Washing Machines 00993,Home Appliances,Washing Machines,HomePro,Seasonal,16235.02,11968.96,17.51,4266.06,0.2628
P00994,CarePlus Skincare 00994,Personal Care,Skincare,CarePlus,Seasonal,237.49,200.95,68.86,36.54,0.1539
P00995,ComfortMax Air Conditioners 00995,Home Appliances,Air Conditioners,ComfortMax,Seasonal,52953.57,39365.1,12.6,13588.47,0.2566
P00996,Zenith Smartphones 00996,Electronics,Smartphones,Zenith,Stable,38569.14,26938.68,25.61,11630.46,0.3015
P00997,TechMate Chargers 00997,Accessories,Chargers,TechMate,Volatile,5891.4,4186.19,164.61,1705.21,0.2894
P00998,Apex TVs 00998,Electronics,TVs,Apex,Stable,79021.16,54300.65,20.22,24720.51,0.3128
P00999,UrbanGear Chargers 00999,Accessories,Chargers,UrbanGear,Stable,15000.0,12172.22,218.04,2827.78,0.1885
P01000,ComfortMax Microwaves 01000,Home Appliances,Microwaves,ComfortMax,Volatile,51664.19,35563.88,27.03,16100.31,0.3116
P01001,Zenith TVs 01001,Electronics,TVs,Zenith,Seasonal,147496.29,118636.74,27.75,28859.55,0.1957
P01002,DermaX Oral Care 01002,Personal Care,Oral Care,DermaX,Trending,1000.0,662.37,46.56,337.63,0.3376
P01003,CarryPro Cables 01003,Accessories,Cables,CarryPro,Trending,15000.0,11478.42,140.59,3521.58,0.2348
P01004,OfficePro Desk Accessories 01004,Office Supplies,Desk Accessories,OfficePro,Stable,2995.45,2014.52,378.04,980.93,0.3275
P01005,CarryPro Mobile Accessories 01005,Accessories,Mobile Accessories,CarryPro,Trending,2324.66,1948.14,191.66,376.52,0.162
P01006,DeskMate Desk Accessories 01006,Office Supplies,Desk Accessories,DeskMate,Trending,3329.21,2490.37,315.16,838.84,0.252
P01007,PaperWorks Paper 01007,Office Supplies,Paper,PaperWorks,Intermittent,4736.42,3191.12,108.39,1545.3,0.3263
P01008,UrbanGear Cables 01008,Accessories,Cables,UrbanGear,Trending,7191.55,5704.93,201.38,1486.62,0.2067
P01009,Vertex Audio 01009,Electronics,Audio,Vertex,Stable,150000.0,97676.74,22.16,52323.26,0.3488
P01010,PureLife Oral Care 01010,Personal Care,Oral Care,PureLife,Trending,921.33,637.84,44.12,283.49,0.3077
P01011,Apex Smartphones 01011,Electronics,Smartphones,Apex,Stable,108988.46,76630.83,14.99,32357.63,0.2969
P01012,CarryPro Mobile Accessories 01012,Accessories,Mobile Accessories,CarryPro,Volatile,14488.8,11034.86,51.75,3453.94,0.2384
P01013,CarryPro Mobile Accessories 01013,Accessories,Mobile Accessories,CarryPro,Stable,9221.79,6726.25,90.99,2495.54,0.2706
P01014,NovaTech Smartphones 01014,Electronics,Smartphones,NovaTech,Trending,17367.34,12168.65,2.51,5198.69,0.2993
P01015,PaperWorks Paper 01015,Office Supplies,Paper,PaperWorks,Intermittent,1871.53,1369.74,218.16,501.79,0.2681
P01016,CarryPro Bags 01016,Accessories,Bags,CarryPro,Trending,15000.0,10131.33,141.97,4868.67,0.3246
P01017,Apex Smartphones 01017,Electronics,Smartphones,Apex,Seasonal,47737.78,35401.18,19.35,12336.6,0.2584
P01018,PureLife Skincare 01018,Personal Care,Skincare,PureLife,Seasonal,480.98,384.51,205.78,96.47,0.2006
P01019,ConnectX Mobile Accessories 01019,Accessories,Mobile Accessories,ConnectX,Trending,4033.55,3212.79,210.71,820.76,0.2035
P01020,Vertex Audio 01020,Electronics,Audio,Vertex,Trending,150000.0,127282.36,8.03,22717.64,0.1515
P01021,PaperWorks Desk Accessories 01021,Office Supplies,Desk Accessories,PaperWorks,Intermittent,5000.0,3873.8,86.63,1126.2,0.2252
P01022,EverHome Air Conditioners 01022,Home Appliances,Air Conditioners,EverHome,Volatile,36187.58,23984.06,25.84,12203.52,0.3372
P01023,CarryPro Chargers 01023,Accessories,Chargers,CarryPro,Trending,8247.63,5373.0,47.59,2874.63,0.3485
P01024,UrbanGear Cables 01024,Accessories,Cables,UrbanGear,Stable,5019.1,4012.18,243.94,1006.92,0.2006
P01025,CarryPro Cables 01025,Accessories,Cables,CarryPro,Trending,10919.11,6663.27,212.21,4255.84,0.3898
P01026,DermaX Skincare 01026,Personal Care,Skincare,DermaX,Seasonal,746.75,540.95,160.25,205.8,0.2756
P01027,UrbanGear Bags 01027,Accessories,Bags,UrbanGear,Trending,12287.36,7627.44,245.54,4659.92,0.3792
P01028,UrbanGear Cables 01028,Accessories,Cables,UrbanGear,Stable,9213.77,6203.71,33.37,3010.06,0.3267
P01029,EverHome Washing Machines 01029,Home Appliances,Washing Machines,EverHome,Seasonal,120000.0,80327.0,10.49,39673.0,0.3306
P01030,ConnectX Bags 01030,Accessories,Bags,ConnectX,Volatile,4074.68,3376.85,163.17,697.83,0.1713
P01031,Vertex TVs 01031,Electronics,TVs,Vertex,Trending,27768.88,22076.32,11.8,5692.56,0.205
P01032,PureLife Oral Care 01032,Personal Care,Oral Care,PureLife,Seasonal,434.44,368.32,279.94,66.12,0.1522
P01033,Apex Audio 01033,Electronics,Audio,Apex,Volatile,30249.66,20296.56,3.84,9953.1,0.329
P01034,Vertex Laptops 01034,Electronics,Laptops,Vertex,Seasonal,31651.98,24178.64,17.38,7473.34,0.2361
P01035,Apex Audio 01035,Electronics,Audio,Apex,Volatile,42499.37,27766.41,18.54,14732.96,0.3467
P01036,WriteWell Writing 01036,Office Supplies,Writing,WriteWell,Trending,1451.98,1111.15,336.78,340.83,0.2347
P01037,Arctic Refrigerators 01037,Home Appliances,Refrigerators,Arctic,Volatile,34683.58,22376.69,9.16,12306.89,0.3548
P01038,DeskMate Writing 01038,Office Supplies,Writing,DeskMate,Intermittent,3445.86,2816.39,201.35,629.47,0.1827
P01039,Zenith TVs 01039,Electronics,TVs,Zenith,Stable,57200.61,46141.26,25.62,11059.35,0.1933
P01040,Arctic Air Conditioners 01040,Home Appliances,Air Conditioners,Arctic,Stable,55220.18,42231.34,7.46,12988.84,0.2352
P01041,Glow Haircare 01041,Personal Care,Haircare,Glow,Stable,940.54,703.41,251.52,237.13,0.2521
P01042,DeskMate Writing 01042,Office Supplies,Writing,DeskMate,Stable,1594.32,1216.19,294.45,378.13,0.2372
P01043,EverHome Washing Machines 01043,Home Appliances,Washing Machines,EverHome,Volatile,52473.57,34584.71,23.34,17888.86,0.3409
P01044,Glow Grooming 01044,Personal Care,Grooming,Glow,Trending,684.97,565.62,219.81,119.35,0.1742
P01045,ConnectX Chargers 01045,Accessories,Chargers,ConnectX,Volatile,2355.16,1795.09,59.8,560.07,0.2378
P01046,DermaX Skincare 01046,Personal Care,Skincare,DermaX,Seasonal,131.5,84.25,179.27,47.25,0.3593
P01047,Vertex Audio 01047,Electronics,Audio,Vertex,Seasonal,95387.58,79486.54,26.3,15901.04,0.1667
P01048,Zenith Audio 01048,Electronics,Audio,Zenith,Trending,104114.01,63969.12,14.1,40144.89,0.3856
P01049,TechMate Chargers 01049,Accessories,Chargers,TechMate,Stable,15000.0,9051.31,241.98,5948.69,0.3966
P01050,Apex Smartphones 01050,Electronics,Smartphones,Apex,Volatile,85211.37,70542.91,14.66,14668.46,0.1721
P01051,UrbanGear Mobile Accessories 01051,Accessories,Mobile Accessories,UrbanGear,Volatile,12346.73,9595.65,44.27,2751.08,0.2228
P01052,DermaX Oral Care 01052,Personal Care,Oral Care,DermaX,Seasonal,489.13,370.22,129.04,118.91,0.2431
P01053,CarryPro Mobile Accessories 01053,Accessories,Mobile Accessories,CarryPro,Stable,9023.97,5918.84,238.41,3105.13,0.3441
P01054,OfficePro Writing 01054,Office Supplies,Writing,OfficePro,Intermittent,5000.0,3505.09,180.27,1494.91,0.299
P01055,ConnectX Bags 01055,Accessories,Bags,ConnectX,Trending,2110.98,1454.27,218.34,656.71,0.3111
P01056,HomePro Washing Machines 01056,Home Appliances,Washing Machines,HomePro,Volatile,78823.17,52072.36,26.68,26750.81,0.3394
P01057,PaperWorks Desk Accessories 01057,Office Supplies,Desk Accessories,PaperWorks,Intermittent,5000.0,4102.53,194.59,897.47,0.1795
P01058,EverHome Air Conditioners 01058,Home Appliances,Air Conditioners,EverHome,Stable,72839.45,46740.9,4.33,26098.55,0.3583
P01059,DermaX Oral Care 01059,Personal Care,Oral Care,DermaX,Seasonal,1000.0,673.6,222.88,326.4,0.3264
P01060,DermaX Haircare 01060,Personal Care,Haircare,DermaX,Seasonal,377.05,266.07,107.22,110.98,0.2943
P01061,TechMate Mobile Accessories 01061,Accessories,Mobile Accessories,TechMate,Trending,7406.21,4647.89,197.9,2758.32,0.3724
P01062,CarryPro Chargers 01062,Accessories,Chargers,CarryPro,Stable,7703.4,5199.21,116.24,2504.19,0.3251
P01063,PaperWorks Paper 01063,Office Supplies,Paper,PaperWorks,Stable,667.43,533.66,258.08,133.77,0.2004
P01064,ComfortMax Microwaves 01064,Home Appliances,Microwaves,ComfortMax,Seasonal,30512.32,22657.34,23.78,7854.98,0.2574
P01065,Arctic Air Conditioners 01065,Home Appliances,Air Conditioners,Arctic,Volatile,31846.01,23135.78,12.71,8710.23,0.2735
P01066,PaperWorks Writing 01066,Office Supplies,Writing,PaperWorks,Stable,4134.97,3457.64,238.27,677.33,0.1638
P01067,Zenith TVs 01067,Electronics,TVs,Zenith,Stable,130786.97,79955.39,12.53,50831.58,0.3887
P01068,NovaTech TVs 01068,Electronics,TVs,NovaTech,Seasonal,94132.16,76986.52,12.29,17145.64,0.1821
P01069,Arctic Refrigerators 01069,Home Appliances,Refrigerators,Arctic,Volatile,100836.35,68128.54,16.73,32707.81,0.3244
P01070,EverHome Microwaves 01070,Home Appliances,Microwaves,EverHome,Stable,55731.61,40318.6,24.65,15413.01,0.2766
P01071,EverHome Refrigerators 01071,Home Appliances,Refrigerators,EverHome,Volatile,120000.0,101231.03,12.13,18768.97,0.1564
P01072,Vertex Smartphones 01072,Electronics,Smartphones,Vertex,Volatile,77909.74,48211.57,16.68,29698.17,0.3812
P01073,Apex Smartphones 01073,Electronics,Smartphones,Apex,Stable,80237.93,51114.83,20.78,29123.1,0.363
P01074,Zenith TVs 01074,Electronics,TVs,Zenith,Volatile,66083.72,47509.93,9.54,18573.79,0.2811
P01075,UrbanGear Bags 01075,Accessories,Bags,UrbanGear,Volatile,11384.1,9024.91,76.61,2359.19,0.2072
P01076,EverHome Refrigerators 01076,Home Appliances,Refrigerators,EverHome,Volatile,47766.18,39148.89,28.14,8617.29,0.1804
P01077,HomePro Microwaves 01077,Home Appliances,Microwaves,HomePro,Seasonal,110486.79,83876.25,22.26,26610.54,0.2408
P01078,OfficePro Storage 01078,Office Supplies,Storage,OfficePro,Intermittent,1280.12,1006.36,301.28,273.76,0.2139
P01079,Zenith Smartphones 01079,Electronics,Smartphones,Zenith,Volatile,40082.03,28992.42,20.14,11089.61,0.2767
P01080,TechMate Mobile Accessories 01080,Accessories,Mobile Accessories,TechMate,Trending,11404.45,6938.44,17.03,4466.01,0.3916
P01081,OfficePro Storage 01081,Office Supplies,Storage,OfficePro,Intermittent,2394.36,1691.04,320.51,703.32,0.2937
P01082,Vertex Smartphones 01082,Electronics,Smartphones,Vertex,Volatile,59023.94,37038.54,16.27,21985.4,0.3725
P01083,Arctic Air Conditioners 01083,Home Appliances,Air Conditioners,Arctic,Stable,104906.75,72100.34,17.28,32806.41,0.3127
P01084,TechMate Bags 01084,Accessories,Bags,TechMate,Stable,5244.56,3834.76,96.26,1409.8,0.2688
P01085,CarryPro Mobile Accessories 01085,Accessories,Mobile Accessories,CarryPro,Volatile,6695.44,4260.63,29.55,2434.81,0.3637
P01086,Glow Oral Care 01086,Personal Care,Oral Care,Glow,Seasonal,1000.0,732.16,74.13,267.84,0.2678
P01087,DermaX Haircare 01087,Personal Care,Haircare,DermaX,Stable,1000.0,632.84,286.21,367.16,0.3672
P01088,Vertex TVs 01088,Electronics,TVs,Vertex,Volatile,150000.0,116565.87,13.44,33434.13,0.2229
P01089,CarryPro Mobile Accessories 01089,Accessories,Mobile Accessories,CarryPro,Volatile,6374.29,5212.87,122.0,1161.42,0.1822
P01090,Zenith TVs 01090,Electronics,TVs,Zenith,Trending,150000.0,95425.71,3.48,54574.29,0.3638
P01091,CarryPro Bags 01091,Accessories,Bags,CarryPro,Trending,4272.4,3004.12,19.02,1268.28,0.2969
P01092,DermaX Haircare 01092,Personal Care,Haircare,DermaX,Trending,319.19,200.36,220.81,118.83,0.3723
P01093,CarePlus Haircare 01093,Personal Care,Haircare,CarePlus,Trending,134.24,82.63,170.67,51.61,0.3845
P01094,Glow Haircare 01094,Personal Care,Haircare,Glow,Trending,1000.0,836.59,162.44,163.41,0.1634
P01095,Vertex Audio 01095,Electronics,Audio,Vertex,Seasonal,46149.68,33447.33,8.81,12702.35,0.2752
P01096,Apex Audio 01096,Electronics,Audio,Apex,Seasonal,71834.03,54325.12,22.85,17508.91,0.2437
P01097,Apex Laptops 01097,Electronics,Laptops,Apex,Trending,44884.09,31128.71,6.71,13755.38,0.3065
P01098,Apex TVs 01098,Electronics,TVs,Apex,Seasonal,117610.36,76635.17,7.32,40975.19,0.3484
P01099,PaperWorks Writing 01099,Office Supplies,Writing,PaperWorks,Intermittent,2015.49,1571.78,246.53,443.71,0.2201
P01100,Arctic Air Conditioners 01100,Home Appliances,Air Conditioners,Arctic,Seasonal,28110.61,19981.03,10.02,8129.58,0.2892
P01101,Zenith TVs 01101,Electronics,TVs,Zenith,Volatile,101015.65,67965.13,8.93,33050.52,0.3272
P01102,ConnectX Mobile Accessories 01102,Accessories,Mobile Accessories,ConnectX,Volatile,3194.11,2607.65,164.86,586.46,0.1836
P01103,UrbanGear Cables 01103,Accessories,Cables,UrbanGear,Volatile,4568.13,2953.22,166.23,1614.91,0.3535
P01104,TechMate Chargers 01104,Accessories,Chargers,TechMate,Volatile,2132.75,1489.67,207.88,643.08,0.3015
P01105,ConnectX Mobile Accessories 01105,Accessories,Mobile Accessories,ConnectX,Trending,3212.9,1968.27,110.25,1244.63,0.3874
P01106,Vertex Smartphones 01106,Electronics,Smartphones,Vertex,Seasonal,86262.54,66001.0,4.05,20261.54,0.2349
P01107,EverHome Refrigerators 01107,Home Appliances,Refrigerators,EverHome,Stable,18921.82,15571.97,9.66,3349.85,0.177
P01108,PaperWorks Storage 01108,Office Supplies,Storage,PaperWorks,Stable,1038.27,751.06,490.6,287.21,0.2766
P01109,WriteWell Writing 01109,Office Supplies,Writing,WriteWell,Trending,2521.41,2089.11,310.24,432.3,0.1715
P01110,Zenith Smartphones 01110,Electronics,Smartphones,Zenith,Volatile,55930.72,33984.53,21.87,21946.19,0.3924
P01111,CarryPro Bags 01111,Accessories,Bags,CarryPro,Stable,15000.0,12604.93,11.77,2395.07,0.1597
P01112,Zenith TVs 01112,Electronics,TVs,Zenith,Volatile,150000.0,99243.6,16.51,50756.4,0.3384
P01113,Zenith TVs 01113,Electronics,TVs,Zenith,Volatile,46040.64,33090.53,3.05,12950.11,0.2813
P01114,DermaX Haircare 01114,Personal Care,Haircare,DermaX,Trending,768.32,582.27,179.38,186.05,0.2422
P01115,Glow Grooming 01115,Personal Care,Grooming,Glow,Stable,862.2,718.68,277.82,143.52,0.1665
P01116,CarePlus Haircare 01116,Personal Care,Haircare,CarePlus,Stable,384.3,266.88,291.16,117.42,0.3055
P01117,NovaTech Audio 01117,Electronics,Audio,NovaTech,Stable,31593.55,22232.22,17.14,9361.33,0.2963
P01118,UrbanGear Bags 01118,Accessories,Bags,UrbanGear,Trending,7494.49,5844.05,119.97,1650.44,0.2202
P01119,ComfortMax Air Conditioners 01119,Home Appliances,Air Conditioners,ComfortMax,Seasonal,55441.58,34509.31,28.46,20932.27,0.3776
P01120,Apex Laptops 01120,Electronics,Laptops,Apex,Seasonal,59669.39,46182.47,20.86,13486.92,0.226
P01121,CarryPro Chargers 01121,Accessories,Chargers,CarryPro,Trending,9844.74,7261.17,25.58,2583.57,0.2624
P01122,ConnectX Mobile Accessories 01122,Accessories,Mobile Accessories,ConnectX,Stable,4811.99,3436.05,121.77,1375.94,0.2859
P01123,UrbanGear Mobile Accessories 01123,Accessories,Mobile Accessories,UrbanGear,Stable,3782.36,3120.23,67.66,662.13,0.1751
P01124,CarryPro Chargers 01124,Accessories,Chargers,CarryPro,Trending,8060.68,4973.11,122.75,3087.57,0.383
P01125,WriteWell Storage 01125,Office Supplies,Storage,WriteWell,Trending,3183.0,2407.51,244.07,775.49,0.2436
P01126,PureLife Haircare 01126,Personal Care,Haircare,PureLife,Trending,271.49,225.28,183.0,46.21,0.1702
P01127,Zenith Laptops 01127,Electronics,Laptops,Zenith,Seasonal,135251.0,101867.97,11.99,33383.03,0.2468
P01128,Arctic Washing Machines 01128,Home Appliances,Washing Machines,Arctic,Stable,21258.32,14879.75,6.6,6378.57,0.3001
P01129,HomePro Refrigerators 01129,Home Appliances,Refrigerators,HomePro,Volatile,43474.26,31370.45,16.1,12103.81,0.2784
P01130,Arctic Microwaves 01130,Home Appliances,Microwaves,Arctic,Volatile,52679.8,35630.75,25.25,17049.05,0.3236
P01131,OfficePro Desk Accessories 01131,Office Supplies,Desk Accessories,OfficePro,Stable,1723.76,1441.29,342.09,282.47,0.1639
P01132,PureLife Oral Care 01132,Personal Care,Oral Care,PureLife,Stable,391.85,305.2,114.74,86.65,0.2211
P01133,Zenith Audio 01133,Electronics,Audio,Zenith,Trending,150000.0,96778.85,28.19,53221.15,0.3548
P01134,Vertex Laptops 01134,Electronics,Laptops,Vertex,Trending,46513.73,38607.63,27.54,7906.1,0.17
P01135,DeskMate Desk Accessories 01135,Office Supplies,Desk Accessories,DeskMate,Intermittent,5000.0,3180.64,128.39,1819.36,0.3639
P01136,Zenith TVs 01136,Electronics,TVs,Zenith,Trending,100741.11,83315.51,3.1,17425.6,0.173
P01137,TechMate Mobile Accessories 01137,Accessories,Mobile Accessories,TechMate,Trending,7978.74,5117.46,187.91,2861.28,0.3586
P01138,PureLife Oral Care 01138,Personal Care,Oral Care,PureLife,Stable,731.91,556.11,251.73,175.8,0.2402
P01139,CarePlus Haircare 01139,Personal Care,Haircare,CarePlus,Stable,1000.0,696.95,291.0,303.05,0.303
P01140,Glow Grooming 01140,Personal Care,Grooming,Glow,Trending,303.01,245.98,269.15,57.03,0.1882
P01141,CarryPro Chargers 01141,Accessories,Chargers,CarryPro,Stable,3854.71,3212.74,154.13,641.97,0.1665
P01142,ComfortMax Air Conditioners 01142,Home Appliances,Air Conditioners,ComfortMax,Seasonal,39099.8,31124.04,16.84,7975.76,0.204
P01143,DeskMate Desk Accessories 01143,Office Supplies,Desk Accessories,DeskMate,Stable,2574.17,2105.77,43.09,468.4,0.182
P01144,CarePlus Haircare 01144,Personal Care,Haircare,CarePlus,Stable,195.28,150.74,89.06,44.54,0.2281
P01145,ComfortMax Refrigerators 01145,Home Appliances,Refrigerators,ComfortMax,Stable,62329.87,44965.03,14.87,17364.84,0.2786
P01146,UrbanGear Cables 01146,Accessories,Cables,UrbanGear,Stable,15000.0,10542.15,160.84,4457.85,0.2972
P01147,OfficePro Paper 01147,Office Supplies,Paper,OfficePro,Trending,2765.12,1804.33,291.91,960.79,0.3475
P01148,PaperWorks Desk Accessories 01148,Office Supplies,Desk Accessories,PaperWorks,Intermittent,2118.33,1453.05,379.04,665.28,0.3141
P01149,UrbanGear Bags 01149,Accessories,Bags,UrbanGear,Stable,5210.37,3635.85,77.14,1574.52,0.3022
P01150,TechMate Bags 01150,Accessories,Bags,TechMate,Trending,12944.29,9670.09,145.59,3274.2,0.2529
P01151,PaperWorks Paper 01151,Office Supplies,Paper,PaperWorks,Trending,1538.4,1125.41,71.43,412.99,0.2685
P01152,ConnectX Chargers 01152,Accessories,Chargers,ConnectX,Stable,15000.0,11195.55,109.28,3804.45,0.2536
P01153,DeskMate Paper 01153,Office Supplies,Paper,DeskMate,Intermittent,5000.0,3197.29,382.58,1802.71,0.3605
P01154,OfficePro Paper 01154,Office Supplies,Paper,OfficePro,Stable,2945.54,2334.34,355.9,611.2,0.2075
P01155,Glow Skincare 01155,Personal Care,Skincare,Glow,Trending,546.21,463.5,297.38,82.71,0.1514
P01156,OfficePro Desk Accessories 01156,Office Supplies,Desk Accessories,OfficePro,Intermittent,4686.27,3220.26,160.61,1466.01,0.3128
P01157,Zenith Smartphones 01157,Electronics,Smartphones,Zenith,Trending,149479.17,119491.32,15.95,29987.85,0.2006
P01158,UrbanGear Cables 01158,Accessories,Cables,UrbanGear,Stable,4655.05,2920.91,89.09,1734.14,0.3725
P01159,CarryPro Bags 01159,Accessories,Bags,CarryPro,Volatile,5504.77,3496.84,115.74,2007.93,0.3648
P01160,Zenith Smartphones 01160,Electronics,Smartphones,Zenith,Trending,35053.29,29122.91,25.99,5930.38,0.1692
P01161,TechMate Chargers 01161,Accessories,Chargers,TechMate,Trending,9650.28,7946.07,174.21,1704.21,0.1766
P01162,Vertex TVs 01162,Electronics,TVs,Vertex,Trending,115613.72,83959.5,26.71,31654.22,0.2738
P01163,ComfortMax Refrigerators 01163,Home Appliances,Refrigerators,ComfortMax,Stable,27359.99,19088.91,7.7,8271.08,0.3023
P01164,PaperWorks Desk Accessories 01164,Office Supplies,Desk Accessories,PaperWorks,Intermittent,1921.53,1501.24,440.48,420.29,0.2187
P01165,Apex TVs 01165,Electronics,TVs,Apex,Stable,34533.35,23164.99,3.67,11368.36,0.3292
P01166,UrbanGear Mobile Accessories 01166,Accessories,Mobile Accessories,UrbanGear,Stable,4402.92,3087.64,223.26,1315.28,0.2987
P01167,CarryPro Chargers 01167,Accessories,Chargers,CarryPro,Stable,10508.22,8078.66,88.98,2429.56,0.2312
P01168,DermaX Haircare 01168,Personal Care,Haircare,DermaX,Seasonal,354.19,298.81,108.08,55.38,0.1564
P01169,Vertex Laptops 01169,Electronics,Laptops,Vertex,Stable,64701.37,42862.23,16.34,21839.14,0.3375
P01170,EverHome Microwaves 01170,Home Appliances,Microwaves,EverHome,Stable,23165.18,18446.7,28.34,4718.48,0.2037
P01171,CarePlus Grooming 01171,Personal Care,Grooming,CarePlus,Stable,615.3,394.64,33.38,220.66,0.3586
P01172,CarryPro Chargers 01172,Accessories,Chargers,CarryPro,Stable,7352.08,5476.77,94.54,1875.31,0.2551
P01173,DermaX Grooming 01173,Personal Care,Grooming,DermaX,Trending,355.15,250.64,259.84,104.51,0.2943
P01174,ComfortMax Microwaves 01174,Home Appliances,Microwaves,ComfortMax,Stable,54906.33,34687.78,13.09,20218.55,0.3682
P01175,PureLife Grooming 01175,Personal Care,Grooming,PureLife,Trending,612.83,388.59,75.76,224.24,0.3659
P01176,DermaX Haircare 01176,Personal Care,Haircare,DermaX,Stable,337.31,255.38,138.94,81.93,0.2429
P01177,WriteWell Writing 01177,Office Supplies,Writing,WriteWell,Intermittent,1041.31,830.73,211.21,210.58,0.2022
P01178,Zenith Laptops 01178,Electronics,Laptops,Zenith,Volatile,150000.0,98432.02,27.63,51567.98,0.3438
P01179,OfficePro Storage 01179,Office Supplies,Storage,OfficePro,Trending,1726.81,1280.83,388.11,445.98,0.2583
P01180,PureLife Haircare 01180,Personal Care,Haircare,PureLife,Trending,518.98,416.22,161.43,102.76,0.198
P01181,UrbanGear Mobile Accessories 01181,Accessories,Mobile Accessories,UrbanGear,Trending,13846.76,8638.91,247.21,5207.85,0.3761
P01182,HomePro Refrigerators 01182,Home Appliances,Refrigerators,HomePro,Seasonal,120000.0,96056.87,15.03,23943.13,0.1995
P01183,PureLife Grooming 01183,Personal Care,Grooming,PureLife,Seasonal,260.66,219.88,36.31,40.78,0.1564
P01184,ConnectX Cables 01184,Accessories,Cables,ConnectX,Stable,9889.21,8355.69,72.95,1533.52,0.1551
P01185,Apex Laptops 01185,Electronics,Laptops,Apex,Trending,50690.91,35200.84,14.21,15490.07,0.3056
P01186,UrbanGear Chargers 01186,Accessories,Chargers,UrbanGear,Volatile,5464.5,3740.89,47.66,1723.61,0.3154
P01187,OfficePro Desk Accessories 01187,Office Supplies,Desk Accessories,OfficePro,Trending,1639.05,1265.74,475.36,373.31,0.2278
P01188,Zenith Audio 01188,Electronics,Audio,Zenith,Stable,39444.12,30371.86,23.47,9072.26,0.23
P01189,Arctic Refrigerators 01189,Home Appliances,Refrigerators,Arctic,Seasonal,59995.07,45903.82,9.51,14091.25,0.2349
P01190,WriteWell Desk Accessories 01190,Office Supplies,Desk Accessories,WriteWell,Intermittent,1042.41,708.8,307.68,333.61,0.32
P01191,Apex TVs 01191,Electronics,TVs,Apex,Stable,136778.45,114273.82,22.2,22504.63,0.1645
P01192,Glow Grooming 01192,Personal Care,Grooming,Glow,Seasonal,568.45,351.14,283.56,217.31,0.3823
P01193,EverHome Washing Machines 01193,Home Appliances,Washing Machines,EverHome,Stable,79241.34,62946.92,26.69,16294.42,0.2056
P01194,DermaX Grooming 01194,Personal Care,Grooming,DermaX,Stable,415.8,249.51,164.25,166.29,0.3999
P01195,Apex TVs 01195,Electronics,TVs,Apex,Volatile,62175.16,50182.77,23.69,11992.39,0.1929
P01196,TechMate Cables 01196,Accessories,Cables,TechMate,Stable,8971.8,5895.49,144.91,3076.31,0.3429
P01197,UrbanGear Chargers 01197,Accessories,Chargers,UrbanGear,Trending,3755.11,2982.11,142.65,773.0,0.2059
P01198,UrbanGear Chargers 01198,Accessories,Chargers,UrbanGear,Volatile,6090.64,5053.94,37.54,1036.7,0.1702
P01199,PaperWorks Writing 01199,Office Supplies,Writing,PaperWorks,Intermittent,1507.53,951.65,89.28,555.88,0.3687
P01200,Apex Audio 01200,Electronics,Audio,Apex,Seasonal,45419.28,28855.42,16.83,16563.86,0.3647
P01201,WriteWell Writing 01201,Office Supplies,Writing,WriteWell,Stable,712.01,533.37,156.36,178.64,0.2509
P01202,Apex TVs 01202,Electronics,TVs,Apex,Volatile,150000.0,101160.14,2.59,48839.86,0.3256
P01203,Vertex TVs 01203,Electronics,TVs,Vertex,Trending,51334.07,36484.84,22.24,14849.23,0.2893
P01204,EverHome Refrigerators 01204,Home Appliances,Refrigerators,EverHome,Stable,120000.0,76411.32,2.91,43588.68,0.3632
P01205,DermaX Grooming 01205,Personal Care,Grooming,DermaX,Seasonal,1000.0,771.24,186.68,228.76,0.2288
P01206,OfficePro Paper 01206,Office Supplies,Paper,OfficePro,Trending,1167.24,839.34,283.42,327.9,0.2809
P01207,WriteWell Desk Accessories 01207,Office Supplies,Desk Accessories,WriteWell,Trending,1314.16,957.57,485.34,356.59,0.2713
P01208,ComfortMax Refrigerators 01208,Home Appliances,Refrigerators,ComfortMax,Seasonal,120000.0,91382.83,15.56,28617.17,0.2385
P01209,EverHome Air Conditioners 01209,Home Appliances,Air Conditioners,EverHome,Volatile,120000.0,75256.35,3.78,44743.65,0.3729
P01210,CarryPro Bags 01210,Accessories,Bags,CarryPro,Trending,7408.56,5990.05,142.41,1418.51,0.1915
P01211,HomePro Washing Machines 01211,Home Appliances,Washing Machines,HomePro,Seasonal,71769.6,58321.62,25.55,13447.98,0.1874
P01212,Glow Skincare 01212,Personal Care,Skincare,Glow,Stable,376.69,265.86,299.12,110.83,0.2942
P01213,Vertex Laptops 01213,Electronics,Laptops,Vertex,Stable,100452.96,68873.21,14.05,31579.75,0.3144
P01214,PaperWorks Writing 01214,Office Supplies,Writing,PaperWorks,Trending,1642.03,1315.83,180.54,326.2,0.1987
P01215,WriteWell Storage 01215,Office Supplies,Storage,WriteWell,Trending,745.89,561.15,456.13,184.74,0.2477
P01216,Zenith Laptops 01216,Electronics,Laptops,Zenith,Stable,35069.94,21510.46,7.35,13559.48,0.3866
P01217,NovaTech Laptops 01217,Electronics,Laptops,NovaTech,Stable,78487.05,61874.92,19.23,16612.13,0.2117
P01218,WriteWell Paper 01218,Office Supplies,Paper,WriteWell,Stable,1280.95,874.77,220.69,406.18,0.3171
P01219,PaperWorks Desk Accessories 01219,Office Supplies,Desk Accessories,PaperWorks,Intermittent,2425.1,1612.6,49.31,812.5,0.335
P01220,ComfortMax Microwaves 01220,Home Appliances,Microwaves,ComfortMax,Volatile,32273.31,23816.66,11.72,8456.65,0.262
P01221,TechMate Chargers 01221,Accessories,Chargers,TechMate,Stable,4721.54,2906.67,73.65,1814.87,0.3844
P01222,Vertex Audio 01222,Electronics,Audio,Vertex,Trending,129305.41,86096.17,21.21,43209.24,0.3342
P01223,HomePro Refrigerators 01223,Home Appliances,Refrigerators,HomePro,Stable,71344.87,52475.5,28.57,18869.37,0.2645
P01224,ConnectX Chargers 01224,Accessories,Chargers,ConnectX,Volatile,7506.35,5311.99,74.33,2194.36,0.2923
P01225,Arctic Refrigerators 01225,Home Appliances,Refrigerators,Arctic,Seasonal,104210.78,70534.72,24.72,33676.06,0.3232
P01226,DermaX Grooming 01226,Personal Care,Grooming,DermaX,Seasonal,733.83,515.11,35.5,218.72,0.2981
P01227,ComfortMax Refrigerators 01227,Home Appliances,Refrigerators,ComfortMax,Seasonal,120000.0,75639.07,17.07,44360.93,0.3697
P01228,Arctic Microwaves 01228,Home Appliances,Microwaves,Arctic,Volatile,46670.94,35506.22,3.98,11164.72,0.2392
P01229,CarryPro Bags 01229,Accessories,Bags,CarryPro,Trending,5834.37,4521.8,234.17,1312.57,0.225
P01230,EverHome Microwaves 01230,Home Appliances,Microwaves,EverHome,Seasonal,28173.21,22441.1,23.46,5732.11,0.2035
P01231,CarryPro Cables 01231,Accessories,Cables,CarryPro,Trending,5836.66,4906.03,167.91,930.63,0.1594
P01232,Zenith Smartphones 01232,Electronics,Smartphones,Zenith,Trending,138260.54,116034.68,25.07,22225.86,0.1608
P01233,NovaTech Smartphones 01233,Electronics,Smartphones,NovaTech,Volatile,150000.0,94872.93,20.13,55127.07,0.3675
P01234,Apex TVs 01234,Electronics,TVs,Apex,Seasonal,137890.66,93821.04,29.13,44069.62,0.3196
P01235,DeskMate Desk Accessories 01235,Office Supplies,Desk Accessories,DeskMate,Intermittent,860.47,589.31,365.56,271.16,0.3151
P01236,HomePro Refrigerators 01236,Home Appliances,Refrigerators,HomePro,Seasonal,117792.46,82023.52,27.89,35768.94,0.3037
P01237,CarryPro Cables 01237,Accessories,Cables,CarryPro,Trending,2505.37,1597.66,134.11,907.71,0.3623
P01238,PureLife Haircare 01238,Personal Care,Haircare,PureLife,Seasonal,942.74,688.14,52.78,254.6,0.2701
P01239,ConnectX Mobile Accessories 01239,Accessories,Mobile Accessories,ConnectX,Trending,6054.95,3829.13,136.76,2225.82,0.3676
P01240,Zenith Audio 01240,Electronics,Audio,Zenith,Trending,118131.44,89796.28,5.55,28335.16,0.2399
P01241,UrbanGear Mobile Accessories 01241,Accessories,Mobile Accessories,UrbanGear,Trending,3394.24,2098.74,152.2,1295.5,0.3817
P01242,DeskMate Writing 01242,Office Supplies,Writing,DeskMate,Stable,5000.0,3376.68,256.77,1623.32,0.3247
P01243,OfficePro Desk Accessories 01243,Office Supplies,Desk Accessories,OfficePro,Trending,1048.39,823.73,322.61,224.66,0.2143
P01244,CarryPro Cables 01244,Accessories,Cables,CarryPro,Stable,5055.49,3584.24,12.41,1471.25,0.291
P01245,WriteWell Paper 01245,Office Supplies,Paper,WriteWell,Trending,1387.33,994.36,121.58,392.97,0.2833
P01246,PureLife Oral Care 01246,Personal Care,Oral Care,PureLife,Seasonal,191.97,156.56,157.57,35.41,0.1845
P01247,Vertex Smartphones 01247,Electronics,Smartphones,Vertex,Stable,82022.57,57595.37,28.61,24427.2,0.2978
P01248,Zenith Laptops 01248,Electronics,Laptops,Zenith,Stable,150000.0,115695.54,12.74,34304.46,0.2287
P01249,CarryPro Mobile Accessories 01249,Accessories,Mobile Accessories,CarryPro,Trending,15000.0,12553.69,111.85,2446.31,0.1631
P01250,CarePlus Grooming 01250,Personal Care,Grooming,CarePlus,Trending,583.01,357.29,220.11,225.72,0.3872
P01251,WriteWell Storage 01251,Office Supplies,Storage,WriteWell,Stable,4934.49,3402.96,313.78,1531.53,0.3104
P01252,DermaX Oral Care 01252,Personal Care,Oral Care,DermaX,Seasonal,632.18,398.76,103.7,233.42,0.3692
P01253,NovaTech Smartphones 01253,Electronics,Smartphones,NovaTech,Seasonal,104543.98,71192.99,13.5,33350.99,0.319
P01254,NovaTech Smartphones 01254,Electronics,Smartphones,NovaTech,Volatile,63116.91,48016.45,8.1,15100.46,0.2392
P01255,DeskMate Writing 01255,Office Supplies,Writing,DeskMate,Trending,2838.53,2048.93,484.03,789.6,0.2782
P01256,Arctic Air Conditioners 01256,Home Appliances,Air Conditioners,Arctic,Volatile,84904.27,57825.18,5.66,27079.09,0.3189
P01257,Vertex Laptops 01257,Electronics,Laptops,Vertex,Volatile,54773.26,33408.23,12.41,21365.03,0.3901
P01258,PureLife Skincare 01258,Personal Care,Skincare,PureLife,Seasonal,525.01,412.96,27.23,112.05,0.2134
P01259,Zenith Smartphones 01259,Electronics,Smartphones,Zenith,Trending,74830.07,47236.91,8.21,27593.16,0.3687
P01260,DermaX Grooming 01260,Personal Care,Grooming,DermaX,Seasonal,903.03,558.96,238.53,344.07,0.381
P01261,HomePro Air Conditioners 01261,Home Appliances,Air Conditioners,HomePro,Seasonal,32440.83,22137.5,7.63,10303.33,0.3176
P01262,OfficePro Paper 01262,Office Supplies,Paper,OfficePro,Stable,2448.11,1510.93,67.63,937.18,0.3828
P01263,Arctic Microwaves 01263,Home Appliances,Microwaves,Arctic,Seasonal,120000.0,90063.64,15.28,29936.36,0.2495
P01264,DermaX Oral Care 01264,Personal Care,Oral Care,DermaX,Stable,1000.0,611.75,22.79,388.25,0.3882
P01265,NovaTech Laptops 01265,Electronics,Laptops,NovaTech,Stable,150000.0,101145.64,4.37,48854.36,0.3257
P01266,NovaTech TVs 01266,Electronics,TVs,NovaTech,Volatile,78644.45,66021.9,24.61,12622.55,0.1605
P01267,ComfortMax Air Conditioners 01267,Home Appliances,Air Conditioners,ComfortMax,Volatile,74562.35,46473.36,23.6,28088.99,0.3767
P01268,PureLife Skincare 01268,Personal Care,Skincare,PureLife,Seasonal,1000.0,728.88,276.24,271.12,0.2711
P01269,PureLife Skincare 01269,Personal Care,Skincare,PureLife,Seasonal,1000.0,734.92,259.26,265.08,0.2651
P01270,EverHome Air Conditioners 01270,Home Appliances,Air Conditioners,EverHome,Seasonal,19069.22,13508.32,21.13,5560.9,0.2916
P01271,WriteWell Paper 01271,Office Supplies,Paper,WriteWell,Intermittent,1146.8,931.95,54.6,214.85,0.1873
P01272,TechMate Bags 01272,Accessories,Bags,TechMate,Stable,15000.0,10990.63,197.88,4009.37,0.2673
P01273,WriteWell Paper 01273,Office Supplies,Paper,WriteWell,Intermittent,2138.51,1373.39,427.39,765.12,0.3578
P01274,Apex Audio 01274,Electronics,Audio,Apex,Volatile,51792.51,43823.16,24.37,7969.35,0.1539
P01275,PureLife Grooming 01275,Personal Care,Grooming,PureLife,Seasonal,259.15,202.6,162.37,56.55,0.2182
P01276,Apex TVs 01276,Electronics,TVs,Apex,Trending,55549.13,47182.67,8.52,8366.46,0.1506
P01277,Vertex Smartphones 01277,Electronics,Smartphones,Vertex,Trending,33410.04,24926.3,25.67,8483.74,0.2539
P01278,TechMate Mobile Accessories 01278,Accessories,Mobile Accessories,TechMate,Stable,15000.0,10018.82,184.52,4981.18,0.3321
P01279,Zenith TVs 01279,Electronics,TVs,Zenith,Trending,76463.71,49724.89,29.46,26738.82,0.3497
P01280,CarePlus Skincare 01280,Personal Care,Skincare,CarePlus,Seasonal,531.2,326.0,63.59,205.2,0.3863
P01281,Glow Haircare 01281,Personal Care,Haircare,Glow,Trending,782.71,546.23,83.19,236.48,0.3021
P01282,DeskMate Paper 01282,Office Supplies,Paper,DeskMate,Stable,4498.07,3537.03,129.55,961.04,0.2137
P01283,CarePlus Skincare 01283,Personal Care,Skincare,CarePlus,Seasonal,970.15,600.49,241.91,369.66,0.381
P01284,NovaTech Audio 01284,Electronics,Audio,NovaTech,Stable,147591.91,96845.54,7.23,50746.37,0.3438
P01285,ComfortMax Air Conditioners 01285,Home Appliances,Air Conditioners,ComfortMax,Seasonal,42120.3,29753.48,3.87,12366.82,0.2936
P01286,PureLife Oral Care 01286,Personal Care,Oral Care,PureLife,Trending,459.99,310.99,299.6,149.0,0.3239
P01287,NovaTech Audio 01287,Electronics,Audio,NovaTech,Stable,122940.06,76090.17,2.69,46849.89,0.3811
P01288,EverHome Refrigerators 01288,Home Appliances,Refrigerators,EverHome,Volatile,44817.73,30113.1,25.39,14704.63,0.3281
P01289,NovaTech Laptops 01289,Electronics,Laptops,NovaTech,Trending,77262.91,58558.05,12.23,18704.86,0.2421
P01290,NovaTech Smartphones 01290,Electronics,Smartphones,NovaTech,Volatile,98448.76,66132.26,25.57,32316.5,0.3283
P01291,EverHome Refrigerators 01291,Home Appliances,Refrigerators,EverHome,Seasonal,98509.03,82740.73,17.53,15768.3,0.1601
P01292,Apex Laptops 01292,Electronics,Laptops,Apex,Seasonal,26673.47,20095.69,27.25,6577.78,0.2466
P01293,Glow Grooming 01293,Personal Care,Grooming,Glow,Trending,844.52,632.06,279.33,212.46,0.2516
P01294,WriteWell Desk Accessories 01294,Office Supplies,Desk Accessories,WriteWell,Stable,2194.61,1773.88,34.28,420.73,0.1917
P01295,ConnectX Mobile Accessories 01295,Accessories,Mobile Accessories,ConnectX,Trending,11542.34,9744.37,28.1,1797.97,0.1558
P01296,Apex Audio 01296,Electronics,Audio,Apex,Trending,123524.18,100876.6,9.01,22647.58,0.1833
P01297,NovaTech Smartphones 01297,Electronics,Smartphones,NovaTech,Seasonal,150000.0,102951.69,20.74,47048.31,0.3137
P01298,Vertex TVs 01298,Electronics,TVs,Vertex,Stable,150000.0,97414.17,26.87,52585.83,0.3506
P01299,CarePlus Oral Care 01299,Personal Care,Oral Care,CarePlus,Seasonal,1000.0,602.95,148.78,397.05,0.397
P01300,OfficePro Storage 01300,Office Supplies,Storage,OfficePro,Trending,5000.0,3817.05,315.28,1182.95,0.2366
P01301,Zenith Laptops 01301,Electronics,Laptops,Zenith,Volatile,92305.65,64628.28,7.28,27677.37,0.2998
P01302,ConnectX Mobile Accessories 01302,Accessories,Mobile Accessories,ConnectX,Trending,7697.22,4739.28,203.19,2957.94,0.3843
P01303,NovaTech Laptops 01303,Electronics,Laptops,NovaTech,Seasonal,130839.08,105749.32,29.09,25089.76,0.1918
P01304,Glow Oral Care 01304,Personal Care,Oral Care,Glow,Seasonal,853.35,572.25,95.21,281.1,0.3294
P01305,WriteWell Storage 01305,Office Supplies,Storage,WriteWell,Intermittent,2097.62,1387.06,262.57,710.56,0.3387
P01306,ConnectX Bags 01306,Accessories,Bags,ConnectX,Stable,9625.75,7967.77,30.67,1657.98,0.1722
P01307,OfficePro Storage 01307,Office Supplies,Storage,OfficePro,Trending,2472.38,1569.19,292.79,903.19,0.3653
P01308,CarryPro Cables 01308,Accessories,Cables,CarryPro,Volatile,4523.06,2925.17,130.67,1597.89,0.3533
P01309,HomePro Refrigerators 01309,Home Appliances,Refrigerators,HomePro,Seasonal,120000.0,100997.91,6.04,19002.09,0.1584
P01310,ConnectX Bags 01310,Accessories,Bags,ConnectX,Stable,7804.24,6455.89,116.1,1348.35,0.1728
P01311,NovaTech Laptops 01311,Electronics,Laptops,NovaTech,Stable,150000.0,125657.74,11.35,24342.26,0.1623
P01312,TechMate Bags 01312,Accessories,Bags,TechMate,Stable,2846.96,2181.67,135.24,665.29,0.2337
P01313,CarePlus Skincare 01313,Personal Care,Skincare,CarePlus,Stable,393.8,284.59,183.98,109.21,0.2773
P01314,UrbanGear Mobile Accessories 01314,Accessories,Mobile Accessories,UrbanGear,Trending,7699.31,5519.74,12.04,2179.57,0.2831
P01315,DermaX Oral Care 01315,Personal Care,Oral Care,DermaX,Stable,1000.0,783.08,233.08,216.92,0.2169
P01316,CarePlus Haircare 01316,Personal Care,Haircare,CarePlus,Stable,698.96,434.82,219.64,264.14,0.3779
P01317,DermaX Grooming 01317,Personal Care,Grooming,DermaX,Seasonal,662.62,502.22,122.56,160.4,0.2421
P01318,DeskMate Paper 01318,Office Supplies,Paper,DeskMate,Stable,1283.87,1076.67,54.88,207.2,0.1614
P01319,NovaTech Smartphones 01319,Electronics,Smartphones,NovaTech,Seasonal,38710.59,29998.51,23.14,8712.08,0.2251
P01320,Zenith Laptops 01320,Electronics,Laptops,Zenith,Stable,94045.69,67451.7,28.74,26593.99,0.2828
P01321,Vertex TVs 01321,Electronics,TVs,Vertex,Stable,34185.94,25569.19,8.72,8616.75,0.2521
P01322,Zenith Laptops 01322,Electronics,Laptops,Zenith,Volatile,56325.72,44020.77,11.06,12304.95,0.2185
P01323,CarryPro Mobile Accessories 01323,Accessories,Mobile Accessories,CarryPro,Volatile,10197.04,8332.71,54.12,1864.33,0.1828
P01324,NovaTech Laptops 01324,Electronics,Laptops,NovaTech,Stable,42986.38,27735.19,18.15,15251.19,0.3548
P01325,CarryPro Bags 01325,Accessories,Bags,CarryPro,Trending,15000.0,9014.46,47.16,5985.54,0.399
P01326,EverHome Microwaves 01326,Home Appliances,Microwaves,EverHome,Seasonal,120000.0,92113.74,11.97,27886.26,0.2324
P01327,Zenith Smartphones 01327,Electronics,Smartphones,Zenith,Volatile,30187.44,22779.28,21.52,7408.16,0.2454
P01328,WriteWell Desk Accessories 01328,Office Supplies,Desk Accessories,WriteWell,Stable,1443.14,1003.69,293.25,439.45,0.3045
P01329,OfficePro Paper 01329,Office Supplies,Paper,OfficePro,Trending,640.68,429.51,211.64,211.17,0.3296
P01330,PureLife Skincare 01330,Personal Care,Skincare,PureLife,Seasonal,343.9,258.61,137.67,85.29,0.248
P01331,DermaX Haircare 01331,Personal Care,Haircare,DermaX,Stable,871.1,543.36,177.39,327.74,0.3762
P01332,OfficePro Paper 01332,Office Supplies,Paper,OfficePro,Stable,1969.75,1398.52,32.76,571.23,0.29
P01333,Vertex Audio 01333,Electronics,Audio,Vertex,Seasonal,102182.08,75349.32,4.2,26832.76,0.2626
P01334,CarryPro Mobile Accessories 01334,Accessories,Mobile Accessories,CarryPro,Volatile,3028.74,2084.78,221.5,943.96,0.3117
P01335,UrbanGear Cables 01335,Accessories,Cables,UrbanGear,Volatile,12186.55,7455.72,28.69,4730.83,0.3882
P01336,PaperWorks Storage 01336,Office Supplies,Storage,PaperWorks,Stable,1809.73,1178.79,362.2,630.94,0.3486
P01337,Apex Laptops 01337,Electronics,Laptops,Apex,Seasonal,78067.96,65576.83,27.76,12491.13,0.16
P01338,DeskMate Desk Accessories 01338,Office Supplies,Desk Accessories,DeskMate,Intermittent,2388.14,1831.52,157.22,556.62,0.2331
P01339,Vertex Audio 01339,Electronics,Audio,Vertex,Trending,36138.14,26466.27,12.37,9671.87,0.2676
P01340,Zenith Laptops 01340,Electronics,Laptops,Zenith,Trending,38800.28,29929.4,17.93,8870.88,0.2286
P01341,HomePro Microwaves 01341,Home Appliances,Microwaves,HomePro,Stable,109915.72,74187.96,26.69,35727.76,0.325
P01342,DermaX Grooming 01342,Personal Care,Grooming,DermaX,Trending,698.76,449.61,283.73,249.15,0.3566
P01343,CarryPro Bags 01343,Accessories,Bags,CarryPro,Trending,14176.38,9457.97,187.5,4718.41,0.3328
P01344,PaperWorks Storage 01344,Office Supplies,Storage,PaperWorks,Intermittent,3068.03,1849.0,70.71,1219.03,0.3973
P01345,OfficePro Storage 01345,Office Supplies,Storage,OfficePro,Intermittent,2751.2,2151.06,344.5,600.14,0.2181
P01346,HomePro Washing Machines 01346,Home Appliances,Washing Machines,HomePro,Seasonal,21833.18,13782.25,13.49,8050.93,0.3687
P01347,Arctic Washing Machines 01347,Home Appliances,Washing Machines,Arctic,Seasonal,52290.63,34425.24,15.18,17865.39,0.3417
P01348,HomePro Refrigerators 01348,Home Appliances,Refrigerators,HomePro,Seasonal,60497.77,45945.35,3.38,14552.42,0.2405
P01349,UrbanGear Mobile Accessories 01349,Accessories,Mobile Accessories,UrbanGear,Stable,15000.0,9997.03,55.85,5002.97,0.3335
P01350,Zenith Smartphones 01350,Electronics,Smartphones,Zenith,Stable,117032.53,96432.58,24.13,20599.95,0.176
P01351,TechMate Mobile Accessories 01351,Accessories,Mobile Accessories,TechMate,Stable,15000.0,9790.0,118.95,5210.0,0.3473
P01352,CarePlus Oral Care 01352,Personal Care,Oral Care,CarePlus,Trending,787.17,564.34,104.47,222.83,0.2831
P01353,Arctic Air Conditioners 01353,Home Appliances,Air Conditioners,Arctic,Seasonal,40135.26,31182.19,12.75,8953.07,0.2231
P01354,PaperWorks Paper 01354,Office Supplies,Paper,PaperWorks,Stable,2708.83,1858.41,431.57,850.42,0.3139
P01355,PureLife Skincare 01355,Personal Care,Skincare,PureLife,Stable,633.75,437.03,229.72,196.72,0.3104
P01356,CarryPro Bags 01356,Accessories,Bags,CarryPro,Trending,4297.59,3427.88,75.36,869.71,0.2024
P01357,TechMate Chargers 01357,Accessories,Chargers,TechMate,Volatile,5994.94,5050.14,38.2,944.8,0.1576
P01358,Arctic Washing Machines 01358,Home Appliances,Washing Machines,Arctic,Stable,54357.19,40310.99,9.06,14046.2,0.2584
P01359,Arctic Washing Machines 01359,Home Appliances,Washing Machines,Arctic,Seasonal,120000.0,84914.64,27.78,35085.36,0.2924
P01360,CarePlus Skincare 01360,Personal Care,Skincare,CarePlus,Trending,157.82,99.56,182.84,58.26,0.3692
P01361,CarryPro Mobile Accessories 01361,Accessories,Mobile Accessories,CarryPro,Volatile,15000.0,9269.19,138.04,5730.81,0.3821
P01362,Apex TVs 01362,Electronics,TVs,Apex,Trending,44176.85,31710.09,18.7,12466.76,0.2822
P01363,CarePlus Skincare 01363,Personal Care,Skincare,CarePlus,Trending,241.45,159.73,122.49,81.72,0.3385
P01364,CarePlus Haircare 01364,Personal Care,Haircare,CarePlus,Stable,1000.0,740.17,245.99,259.83,0.2598
P01365,OfficePro Writing 01365,Office Supplies,Writing,OfficePro,Stable,3917.21,2598.99,275.94,1318.22,0.3365
P01366,NovaTech Smartphones 01366,Electronics,Smartphones,NovaTech,Seasonal,150000.0,119819.94,5.27,30180.06,0.2012
P01367,PaperWorks Paper 01367,Office Supplies,Paper,PaperWorks,Intermittent,4082.31,3091.26,90.66,991.05,0.2428
P01368,ConnectX Chargers 01368,Accessories,Chargers,ConnectX,Trending,15000.0,10371.65,138.85,4628.35,0.3086
P01369,NovaTech Audio 01369,Electronics,Audio,NovaTech,Stable,108365.77,91618.98,28.22,16746.79,0.1545
P01370,NovaTech Laptops 01370,Electronics,Laptops,NovaTech,Seasonal,70554.93,47228.39,10.63,23326.54,0.3306
P01371,UrbanGear Chargers 01371,Accessories,Chargers,UrbanGear,Volatile,9274.82,5946.24,218.69,3328.58,0.3589
P01372,Zenith Smartphones 01372,Electronics,Smartphones,Zenith,Volatile,150000.0,112532.19,23.39,37467.81,0.2498
P01373,CarryPro Mobile Accessories 01373,Accessories,Mobile Accessories,CarryPro,Volatile,4729.99,3490.8,69.47,1239.19,0.262
P01374,DermaX Haircare 01374,Personal Care,Haircare,DermaX,Trending,371.96,237.01,30.18,134.95,0.3628
P01375,Vertex Laptops 01375,Electronics,Laptops,Vertex,Stable,64386.37,42243.02,4.85,22143.35,0.3439
P01376,ConnectX Cables 01376,Accessories,Cables,ConnectX,Volatile,2135.71,1661.5,184.84,474.21,0.222
P01377,Arctic Refrigerators 01377,Home Appliances,Refrigerators,Arctic,Stable,66812.1,51378.9,7.59,15433.2,0.231
P01378,Glow Oral Care 01378,Personal Care,Oral Care,Glow,Seasonal,177.37,120.66,123.96,56.71,0.3197
P01379,HomePro Air Conditioners 01379,Home Appliances,Air Conditioners,HomePro,Volatile,63489.39,45026.71,16.05,18462.68,0.2908
P01380,PureLife Haircare 01380,Personal Care,Haircare,PureLife,Stable,924.35,748.21,223.13,176.14,0.1906
P01381,Zenith Smartphones 01381,Electronics,Smartphones,Zenith,Stable,58215.52,44972.51,5.17,13243.01,0.2275
P01382,ComfortMax Microwaves 01382,Home Appliances,Microwaves,ComfortMax,Stable,120000.0,75000.5,13.38,44999.5,0.375
P01383,ConnectX Chargers 01383,Accessories,Chargers,ConnectX,Trending,3143.22,2130.97,126.42,1012.25,0.322
P01384,EverHome Microwaves 01384,Home Appliances,Microwaves,EverHome,Volatile,120000.0,72420.77,17.14,47579.23,0.3965
P01385,OfficePro Storage 01385,Office Supplies,Storage,OfficePro,Trending,3786.05,2492.16,414.63,1293.89,0.3418
P01386,HomePro Refrigerators 01386,Home Appliances,Refrigerators,HomePro,Stable,21964.27,13497.18,6.81,8467.09,0.3855
P01387,DeskMate Desk Accessories 01387,Office Supplies,Desk Accessories,DeskMate,Intermittent,5000.0,3979.76,409.68,1020.24,0.204
P01388,Apex Smartphones 01388,Electronics,Smartphones,Apex,Trending,74591.81,49016.43,21.4,25575.38,0.3429
P01389,CarryPro Mobile Accessories 01389,Accessories,Mobile Accessories,CarryPro,Volatile,4459.59,3768.11,143.41,691.48,0.1551
P01390,DermaX Haircare 01390,Personal Care,Haircare,DermaX,Trending,236.43,161.32,215.87,75.11,0.3177
P01391,NovaTech Audio 01391,Electronics,Audio,NovaTech,Stable,67915.69,49760.43,13.54,18155.26,0.2673
P01392,NovaTech Laptops 01392,Electronics,Laptops,NovaTech,Trending,71796.36,54802.88,5.88,16993.48,0.2367
P01393,Apex Laptops 01393,Electronics,Laptops,Apex,Seasonal,82423.06,52289.1,20.64,30133.96,0.3656
P01394,Glow Skincare 01394,Personal Care,Skincare,Glow,Seasonal,460.01,292.77,166.91,167.24,0.3636
P01395,ComfortMax Microwaves 01395,Home Appliances,Microwaves,ComfortMax,Volatile,89924.67,75934.6,19.9,13990.07,0.1556
P01396,TechMate Cables 01396,Accessories,Cables,TechMate,Volatile,5983.28,4174.08,91.12,1809.2,0.3024
P01397,ComfortMax Microwaves 01397,Home Appliances,Microwaves,ComfortMax,Stable,19260.55,14600.3,27.39,4660.25,0.242
P01398,Apex Audio 01398,Electronics,Audio,Apex,Trending,70856.81,52865.19,18.45,17991.62,0.2539
P01399,DermaX Oral Care 01399,Personal Care,Oral Care,DermaX,Stable,132.88,85.31,43.91,47.57,0.358
P01400,DeskMate Paper 01400,Office Supplies,Paper,DeskMate,Stable,3122.09,2411.94,241.41,710.15,0.2275
P01401,NovaTech Audio 01401,Electronics,Audio,NovaTech,Stable,43064.45,26451.81,23.18,16612.64,0.3858
P01402,Vertex Audio 01402,Electronics,Audio,Vertex,Seasonal,85481.0,68820.03,24.24,16660.97,0.1949
P01403,Apex Laptops 01403,Electronics,Laptops,Apex,Seasonal,150000.0,102647.91,15.85,47352.09,0.3157
P01404,PaperWorks Storage 01404,Office Supplies,Storage,PaperWorks,Intermittent,1429.02,974.55,450.53,454.47,0.318
P01405,WriteWell Desk Accessories 01405,Office Supplies,Desk Accessories,WriteWell,Trending,4773.09,3756.19,155.8,1016.9,0.213
P01406,DermaX Haircare 01406,Personal Care,Haircare,DermaX,Seasonal,424.06,326.02,134.97,98.04,0.2312
P01407,ConnectX Bags 01407,Accessories,Bags,ConnectX,Trending,15000.0,9619.51,225.66,5380.49,0.3587
P01408,ConnectX Chargers 01408,Accessories,Chargers,ConnectX,Volatile,6064.52,3999.85,225.1,2064.67,0.3405
P01409,CarePlus Oral Care 01409,Personal Care,Oral Care,CarePlus,Seasonal,332.16,255.01,212.0,77.15,0.2323
P01410,UrbanGear Cables 01410,Accessories,Cables,UrbanGear,Stable,11403.16,8170.49,216.16,3232.67,0.2835
P01411,Apex Laptops 01411,Electronics,Laptops,Apex,Stable,59668.49,49798.12,4.49,9870.37,0.1654
P01412,Zenith Smartphones 01412,Electronics,Smartphones,Zenith,Stable,46777.78,37319.95,26.22,9457.83,0.2022
P01413,EverHome Washing Machines 01413,Home Appliances,Washing Machines,EverHome,Seasonal,46170.14,33637.02,10.98,12533.12,0.2715
P01414,Vertex Smartphones 01414,Electronics,Smartphones,Vertex,Volatile,75453.31,62513.56,6.99,12939.75,0.1715
P01415,Glow Haircare 01415,Personal Care,Haircare,Glow,Trending,1000.0,639.17,87.02,360.83,0.3608
P01416,UrbanGear Cables 01416,Accessories,Cables,UrbanGear,Volatile,2365.75,1586.23,110.31,779.52,0.3295
P01417,Apex Audio 01417,Electronics,Audio,Apex,Trending,78580.72,48255.76,9.03,30324.96,0.3859
P01418,Zenith Audio 01418,Electronics,Audio,Zenith,Seasonal,112755.31,76293.99,10.98,36461.32,0.3234
P01419,Glow Skincare 01419,Personal Care,Skincare,Glow,Trending,617.69,379.82,57.79,237.87,0.3851
P01420,UrbanGear Bags 01420,Accessories,Bags,UrbanGear,Trending,15000.0,10670.58,81.08,4329.42,0.2886
P01421,EverHome Refrigerators 01421,Home Appliances,Refrigerators,EverHome,Seasonal,58816.94,41168.64,18.02,17648.3,0.3001
P01422,Glow Oral Care 01422,Personal Care,Oral Care,Glow,Stable,492.35,298.24,143.72,194.11,0.3943
P01423,Zenith Laptops 01423,Electronics,Laptops,Zenith,Trending,110572.97,76236.49,11.71,34336.48,0.3105
P01424,NovaTech TVs 01424,Electronics,TVs,NovaTech,Volatile,82258.46,69286.58,22.9,12971.88,0.1577
P01425,UrbanGear Mobile Accessories 01425,Accessories,Mobile Accessories,UrbanGear,Stable,5973.32,3996.45,224.44,1976.87,0.3309
P01426,TechMate Bags 01426,Accessories,Bags,TechMate,Stable,10290.63,6417.57,191.63,3873.06,0.3764
P01427,Apex Laptops 01427,Electronics,Laptops,Apex,Trending,52392.37,34112.93,11.3,18279.44,0.3489
P01428,TechMate Mobile Accessories 01428,Accessories,Mobile Accessories,TechMate,Volatile,5232.25,3683.72,188.67,1548.53,0.296
P01429,Glow Grooming 01429,Personal Care,Grooming,Glow,Seasonal,400.66,273.32,62.55,127.34,0.3178
P01430,CarryPro Mobile Accessories 01430,Accessories,Mobile Accessories,CarryPro,Volatile,15000.0,9036.78,41.28,5963.22,0.3975
P01431,Glow Oral Care 01431,Personal Care,Oral Care,Glow,Trending,100.0,82.73,116.78,17.27,0.1727
P01432,DermaX Skincare 01432,Personal Care,Skincare,DermaX,Seasonal,697.34,476.41,246.16,220.93,0.3168
P01433,CarePlus Grooming 01433,Personal Care,Grooming,CarePlus,Stable,561.43,437.44,88.98,123.99,0.2208
P01434,WriteWell Paper 01434,Office Supplies,Paper,WriteWell,Intermittent,921.01,635.48,59.73,285.53,0.31
P01435,Zenith TVs 01435,Electronics,TVs,Zenith,Trending,93327.42,65151.32,5.69,28176.1,0.3019
P01436,Zenith Audio 01436,Electronics,Audio,Zenith,Seasonal,103103.07,83682.14,26.04,19420.93,0.1884
P01437,ComfortMax Air Conditioners 01437,Home Appliances,Air Conditioners,ComfortMax,Stable,87603.48,69935.03,19.75,17668.45,0.2017
P01438,PaperWorks Desk Accessories 01438,Office Supplies,Desk Accessories,PaperWorks,Trending,514.35,357.26,149.0,157.09,0.3054
P01439,NovaTech Smartphones 01439,Electronics,Smartphones,NovaTech,Seasonal,150000.0,122691.38,17.55,27308.62,0.1821
P01440,WriteWell Storage 01440,Office Supplies,Storage,WriteWell,Trending,1621.9,1271.09,277.96,350.81,0.2163
P01441,ConnectX Cables 01441,Accessories,Cables,ConnectX,Trending,11398.57,7308.63,167.3,4089.94,0.3588
P01442,Zenith Audio 01442,Electronics,Audio,Zenith,Trending,120894.98,92874.8,8.53,28020.18,0.2318
P01443,PaperWorks Paper 01443,Office Supplies,Paper,PaperWorks,Intermittent,1492.16,1086.27,436.27,405.89,0.272
P01444,HomePro Air Conditioners 01444,Home Appliances,Air Conditioners,HomePro,Seasonal,91406.19,56188.75,10.66,35217.44,0.3853
P01445,CarryPro Bags 01445,Accessories,Bags,CarryPro,Volatile,5990.96,4752.11,176.59,1238.85,0.2068
P01446,Zenith Audio 01446,Electronics,Audio,Zenith,Stable,22363.98,16830.99,2.45,5532.99,0.2474
P01447,PaperWorks Storage 01447,Office Supplies,Storage,PaperWorks,Intermittent,5000.0,3491.93,205.15,1508.07,0.3016
P01448,TechMate Bags 01448,Accessories,Bags,TechMate,Stable,4742.29,3135.44,94.41,1606.85,0.3388
P01449,TechMate Chargers 01449,Accessories,Chargers,TechMate,Volatile,4521.53,2824.09,140.44,1697.44,0.3754
P01450,WriteWell Desk Accessories 01450,Office Supplies,Desk Accessories,WriteWell,Trending,1982.58,1231.44,64.19,751.14,0.3789
P01451,DermaX Grooming 01451,Personal Care,Grooming,DermaX,Seasonal,647.59,424.72,241.24,222.87,0.3442
P01452,Glow Grooming 01452,Personal Care,Grooming,Glow,Trending,531.42,421.37,80.98,110.05,0.2071
P01453,TechMate Cables 01453,Accessories,Cables,TechMate,Stable,10489.64,8851.13,172.49,1638.51,0.1562
P01454,CarePlus Skincare 01454,Personal Care,Skincare,CarePlus,Seasonal,246.22,185.66,244.9,60.56,0.246
P01455,NovaTech Smartphones 01455,Electronics,Smartphones,NovaTech,Trending,49642.44,40439.37,17.73,9203.07,0.1854
P01456,CarryPro Bags 01456,Accessories,Bags,CarryPro,Stable,7042.4,4735.33,187.81,2307.07,0.3276
P01457,PaperWorks Writing 01457,Office Supplies,Writing,PaperWorks,Stable,5000.0,3423.59,341.07,1576.41,0.3153
P01458,PaperWorks Writing 01458,Office Supplies,Writing,PaperWorks,Intermittent,2358.33,1978.66,197.1,379.67,0.161
P01459,Zenith Audio 01459,Electronics,Audio,Zenith,Stable,148622.76,95245.13,24.65,53377.63,0.3591
P01460,DeskMate Paper 01460,Office Supplies,Paper,DeskMate,Trending,2584.09,2035.78,168.51,548.31,0.2122
P01461,EverHome Air Conditioners 01461,Home Appliances,Air Conditioners,EverHome,Stable,46009.23,34136.24,17.99,11872.99,0.2581
P01462,DeskMate Storage 01462,Office Supplies,Storage,DeskMate,Stable,2177.56,1487.31,380.34,690.25,0.317
P01463,Vertex TVs 01463,Electronics,TVs,Vertex,Volatile,70051.18,52023.18,12.61,18028.0,0.2574
P01464,OfficePro Storage 01464,Office Supplies,Storage,OfficePro,Trending,3627.08,2682.87,172.3,944.21,0.2603
P01465,UrbanGear Chargers 01465,Accessories,Chargers,UrbanGear,Stable,15000.0,12503.9,120.24,2496.1,0.1664
P01466,Apex Audio 01466,Electronics,Audio,Apex,Stable,96167.02,72090.56,24.9,24076.46,0.2504
P01467,ConnectX Chargers 01467,Accessories,Chargers,ConnectX,Stable,15000.0,9881.82,233.18,5118.18,0.3412
P01468,ComfortMax Microwaves 01468,Home Appliances,Microwaves,ComfortMax,Stable,34472.55,21414.55,17.26,13058.0,0.3788
P01469,ConnectX Bags 01469,Accessories,Bags,ConnectX,Trending,5887.13,4395.48,168.75,1491.65,0.2534
P01470,PaperWorks Desk Accessories 01470,Office Supplies,Desk Accessories,PaperWorks,Stable,1635.03,1216.63,454.54,418.4,0.2559
P01471,Glow Skincare 01471,Personal Care,Skincare,Glow,Trending,664.2,447.9,47.59,216.3,0.3257
P01472,WriteWell Storage 01472,Office Supplies,Storage,WriteWell,Stable,2035.75,1250.58,139.08,785.17,0.3857
P01473,ConnectX Mobile Accessories 01473,Accessories,Mobile Accessories,ConnectX,Stable,11697.92,9162.22,180.14,2535.7,0.2168
P01474,HomePro Microwaves 01474,Home Appliances,Microwaves,HomePro,Stable,35178.54,26030.85,25.06,9147.69,0.26
P01475,Arctic Washing Machines 01475,Home Appliances,Washing Machines,Arctic,Stable,63108.52,41084.07,26.0,22024.45,0.349
P01476,PaperWorks Desk Accessories 01476,Office Supplies,Desk Accessories,PaperWorks,Trending,3812.77,2659.7,225.1,1153.07,0.3024
P01477,TechMate Cables 01477,Accessories,Cables,TechMate,Trending,2186.64,1798.19,31.44,388.45,0.1776
P01478,PaperWorks Storage 01478,Office Supplies,Storage,PaperWorks,Trending,5000.0,3465.33,235.76,1534.67,0.3069
P01479,WriteWell Storage 01479,Office Supplies,Storage,WriteWell,Intermittent,2130.49,1711.45,138.45,419.04,0.1967
P01480,ComfortMax Washing Machines 01480,Home Appliances,Washing Machines,ComfortMax,Stable,18247.23,13182.64,10.15,5064.59,0.2776
P01481,CarryPro Bags 01481,Accessories,Bags,CarryPro,Stable,8301.23,5957.99,195.34,2343.24,0.2823
P01482,Zenith Smartphones 01482,Electronics,Smartphones,Zenith,Trending,79070.83,49889.67,4.11,29181.16,0.3691
P01483,PureLife Oral Care 01483,Personal Care,Oral Care,PureLife,Seasonal,523.63,384.54,251.72,139.09,0.2656
P01484,Apex Laptops 01484,Electronics,Laptops,Apex,Stable,140469.81,109586.03,13.97,30883.78,0.2199
P01485,Arctic Microwaves 01485,Home Appliances,Microwaves,Arctic,Seasonal,96303.45,76297.22,18.69,20006.23,0.2077
P01486,ComfortMax Air Conditioners 01486,Home Appliances,Air Conditioners,ComfortMax,Stable,73535.1,46432.79,4.51,27102.31,0.3686
P01487,EverHome Washing Machines 01487,Home Appliances,Washing Machines,EverHome,Stable,80570.34,65040.19,11.45,15530.15,0.1928
P01488,OfficePro Paper 01488,Office Supplies,Paper,OfficePro,Trending,2371.75,1763.47,72.16,608.28,0.2565
P01489,ComfortMax Washing Machines 01489,Home Appliances,Washing Machines,ComfortMax,Seasonal,120000.0,96384.81,28.92,23615.19,0.1968
P01490,ComfortMax Refrigerators 01490,Home Appliances,Refrigerators,ComfortMax,Stable,25318.1,16625.74,24.6,8692.36,0.3433
P01491,Zenith Laptops 01491,Electronics,Laptops,Zenith,Stable,84273.62,61638.3,14.87,22635.32,0.2686
P01492,HomePro Air Conditioners 01492,Home Appliances,Air Conditioners,HomePro,Seasonal,63946.83,48741.17,8.26,15205.66,0.2378
P01493,NovaTech Smartphones 01493,Electronics,Smartphones,NovaTech,Stable,126247.74,95913.58,28.14,30334.16,0.2403
P01494,Zenith TVs 01494,Electronics,TVs,Zenith,Stable,46710.34,29751.99,11.65,16958.35,0.3631
P01495,Glow Oral Care 01495,Personal Care,Oral Care,Glow,Trending,193.2,137.47,65.08,55.73,0.2885
P01496,DeskMate Paper 01496,Office Supplies,Paper,DeskMate,Stable,2774.12,1860.14,294.69,913.98,0.3295
P01497,Glow Skincare 01497,Personal Care,Skincare,Glow,Stable,651.1,407.42,284.26,243.68,0.3743
P01498,CarePlus Grooming 01498,Personal Care,Grooming,CarePlus,Seasonal,1000.0,624.56,21.07,375.44,0.3754
P01499,ComfortMax Microwaves 01499,Home Appliances,Microwaves,ComfortMax,Seasonal,28697.79,22036.25,8.67,6661.54,0.2321
P01500,ConnectX Mobile Accessories 01500,Accessories,Mobile Accessories,ConnectX,Volatile,15000.0,9178.31,235.23,5821.69,0.3881
P01501,DermaX Oral Care 01501,Personal Care,Oral Care,DermaX,Seasonal,1000.0,843.78,67.9,156.22,0.1562
P01502,DermaX Oral Care 01502,Personal Care,Oral Care,DermaX,Seasonal,438.46,331.38,51.71,107.08,0.2442
P01503,Apex Audio 01503,Electronics,Audio,Apex,Volatile,35720.07,22362.56,17.97,13357.51,0.3739
P01504,EverHome Air Conditioners 01504,Home Appliances,Air Conditioners,EverHome,Stable,48175.59,37641.55,26.13,10534.04,0.2187
P01505,ComfortMax Air Conditioners 01505,Home Appliances,Air Conditioners,ComfortMax,Stable,62018.96,48482.06,15.36,13536.9,0.2183
P01506,EverHome Refrigerators 01506,Home Appliances,Refrigerators,EverHome,Volatile,86255.16,66791.2,29.85,19463.96,0.2257
P01507,CarePlus Skincare 01507,Personal Care,Skincare,CarePlus,Seasonal,385.71,268.81,210.17,116.9,0.3031
P01508,DermaX Oral Care 01508,Personal Care,Oral Care,DermaX,Seasonal,1000.0,740.42,40.74,259.58,0.2596
P01509,PureLife Grooming 01509,Personal Care,Grooming,PureLife,Stable,281.8,188.33,297.99,93.47,0.3317
P01510,WriteWell Writing 01510,Office Supplies,Writing,WriteWell,Intermittent,889.33,556.96,221.71,332.37,0.3737
P01511,UrbanGear Mobile Accessories 01511,Accessories,Mobile Accessories,UrbanGear,Volatile,14666.61,9994.56,78.98,4672.05,0.3186
P01512,WriteWell Writing 01512,Office Supplies,Writing,WriteWell,Trending,644.98,515.26,292.2,129.72,0.2011
P01513,ConnectX Mobile Accessories 01513,Accessories,Mobile Accessories,ConnectX,Trending,6679.68,4120.22,83.03,2559.46,0.3832
P01514,Apex Smartphones 01514,Electronics,Smartphones,Apex,Stable,150000.0,117581.52,4.42,32418.48,0.2161
P01515,Vertex TVs 01515,Electronics,TVs,Vertex,Trending,76941.99,62517.4,2.04,14424.59,0.1875
P01516,NovaTech TVs 01516,Electronics,TVs,NovaTech,Trending,39559.95,32736.18,14.59,6823.77,0.1725
P01517,PureLife Skincare 01517,Personal Care,Skincare,PureLife,Trending,531.38,376.83,254.32,154.55,0.2908
P01518,TechMate Chargers 01518,Accessories,Chargers,TechMate,Stable,7323.34,6016.56,147.36,1306.78,0.1784
P01519,NovaTech Laptops 01519,Electronics,Laptops,NovaTech,Trending,85342.1,69579.93,29.98,15762.17,0.1847
P01520,TechMate Chargers 01520,Accessories,Chargers,TechMate,Stable,11233.56,8705.92,78.84,2527.64,0.225
P01521,Vertex Smartphones 01521,Electronics,Smartphones,Vertex,Seasonal,41546.41,32389.03,9.85,9157.38,0.2204
P01522,UrbanGear Chargers 01522,Accessories,Chargers,UrbanGear,Trending,15000.0,10484.1,48.34,4515.9,0.3011
P01523,Arctic Refrigerators 01523,Home Appliances,Refrigerators,Arctic,Stable,71243.65,46010.12,6.59,25233.53,0.3542
P01524,NovaTech Audio 01524,Electronics,Audio,NovaTech,Trending,119863.59,79069.53,9.99,40794.06,0.3403
P01525,PureLife Grooming 01525,Personal Care,Grooming,PureLife,Seasonal,377.3,295.95,242.0,81.35,0.2156
P01526,EverHome Refrigerators 01526,Home Appliances,Refrigerators,EverHome,Stable,120000.0,94640.69,27.36,25359.31,0.2113
P01527,Arctic Air Conditioners 01527,Home Appliances,Air Conditioners,Arctic,Stable,52710.03,32076.8,29.3,20633.23,0.3914
P01528,HomePro Microwaves 01528,Home Appliances,Microwaves,HomePro,Stable,72643.85,61597.69,8.5,11046.16,0.1521
P01529,CarryPro Chargers 01529,Accessories,Chargers,CarryPro,Volatile,4313.22,2717.63,221.51,1595.59,0.3699
P01530,Glow Skincare 01530,Personal Care,Skincare,Glow,Seasonal,302.4,241.94,111.91,60.46,0.1999
P01531,Arctic Washing Machines 01531,Home Appliances,Washing Machines,Arctic,Volatile,92940.58,56989.2,5.16,35951.38,0.3868
P01532,Glow Haircare 01532,Personal Care,Haircare,Glow,Stable,421.47,322.18,263.61,99.29,0.2356
P01533,PaperWorks Desk Accessories 01533,Office Supplies,Desk Accessories,PaperWorks,Intermittent,1512.78,1119.32,328.97,393.46,0.2601
P01534,ComfortMax Washing Machines 01534,Home Appliances,Washing Machines,ComfortMax,Seasonal,41809.65,28147.09,6.61,13662.56,0.3268
P01535,Arctic Air Conditioners 01535,Home Appliances,Air Conditioners,Arctic,Volatile,93541.86,65767.67,14.04,27774.19,0.2969
P01536,NovaTech Audio 01536,Electronics,Audio,NovaTech,Volatile,53136.03,40942.12,10.04,12193.91,0.2295
P01537,NovaTech Smartphones 01537,Electronics,Smartphones,NovaTech,Volatile,72217.69,51385.94,22.63,20831.75,0.2885
P01538,PaperWorks Writing 01538,Office Supplies,Writing,PaperWorks,Stable,2547.87,1700.25,243.11,847.62,0.3327
P01539,NovaTech Smartphones 01539,Electronics,Smartphones,NovaTech,Trending,24529.31,20590.3,29.7,3939.01,0.1606
P01540,Glow Haircare 01540,Personal Care,Haircare,Glow,Seasonal,227.52,192.75,35.33,34.77,0.1528
P01541,OfficePro Paper 01541,Office Supplies,Paper,OfficePro,Trending,3089.5,2272.28,196.86,817.22,0.2645
P01542,Vertex Laptops 01542,Electronics,Laptops,Vertex,Trending,49802.26,40690.48,15.49,9111.78,0.183
P01543,PureLife Haircare 01543,Personal Care,Haircare,PureLife,Stable,1000.0,683.91,160.88,316.09,0.3161
P01544,ComfortMax Washing Machines 01544,Home Appliances,Washing Machines,ComfortMax,Seasonal,109850.62,87494.58,10.85,22356.04,0.2035
P01545,TechMate Chargers 01545,Accessories,Chargers,TechMate,Trending,11623.73,8622.33,185.02,3001.4,0.2582
P01546,DermaX Haircare 01546,Personal Care,Haircare,DermaX,Stable,1000.0,800.58,264.93,199.42,0.1994
P01547,CarryPro Chargers 01547,Accessories,Chargers,CarryPro,Stable,7182.83,5120.49,235.29,2062.34,0.2871
P01548,CarePlus Haircare 01548,Personal Care,Haircare,CarePlus,Stable,811.79,666.47,245.43,145.32,0.179
P01549,Zenith Laptops 01549,Electronics,Laptops,Zenith,Trending,54578.35,46076.31,25.82,8502.04,0.1558
P01550,CarePlus Haircare 01550,Personal Care,Haircare,CarePlus,Trending,1000.0,837.22,174.15,162.78,0.1628
P01551,ConnectX Bags 01551,Accessories,Bags,ConnectX,Trending,15000.0,9171.53,208.21,5828.47,0.3886
P01552,PureLife Oral Care 01552,Personal Care,Oral Care,PureLife,Stable,553.93,451.14,104.98,102.79,0.1856
P01553,TechMate Chargers 01553,Accessories,Chargers,TechMate,Volatile,9520.99,6406.49,105.63,3114.5,0.3271
P01554,CarryPro Cables 01554,Accessories,Cables,CarryPro,Trending,15000.0,12495.28,86.06,2504.72,0.167
P01555,Vertex Laptops 01555,Electronics,Laptops,Vertex,Volatile,70951.34,58390.11,15.09,12561.23,0.177
P01556,Zenith Laptops 01556,Electronics,Laptops,Zenith,Volatile,52263.78,37775.26,10.0,14488.52,0.2772
P01557,CarePlus Skincare 01557,Personal Care,Skincare,CarePlus,Seasonal,929.19,681.82,289.25,247.37,0.2662
P01558,EverHome Microwaves 01558,Home Appliances,Microwaves,EverHome,Stable,64463.6,39458.49,10.76,25005.11,0.3879
P01559,CarryPro Mobile Accessories 01559,Accessories,Mobile Accessories,CarryPro,Trending,8426.19,5171.92,33.53,3254.27,0.3862
P01560,TechMate Bags 01560,Accessories,Bags,TechMate,Volatile,4576.73,2998.21,136.44,1578.52,0.3449
P01561,Arctic Air Conditioners 01561,Home Appliances,Air Conditioners,Arctic,Seasonal,21942.69,15348.35,3.6,6594.34,0.3005
P01562,Vertex Audio 01562,Electronics,Audio,Vertex,Trending,89296.6,65745.51,5.1,23551.09,0.2637
P01563,OfficePro Paper 01563,Office Supplies,Paper,OfficePro,Trending,4345.84,3306.99,133.11,1038.85,0.239
P01564,EverHome Refrigerators 01564,Home Appliances,Refrigerators,EverHome,Volatile,53707.53,32934.97,15.0,20772.56,0.3868
P01565,UrbanGear Mobile Accessories 01565,Accessories,Mobile Accessories,UrbanGear,Stable,15000.0,10489.09,113.98,4510.91,0.3007
P01566,EverHome Air Conditioners 01566,Home Appliances,Air Conditioners,EverHome,Seasonal,40313.54,28430.39,24.39,11883.15,0.2948
P01567,DeskMate Paper 01567,Office Supplies,Paper,DeskMate,Stable,1341.0,1062.11,377.55,278.89,0.208
P01568,Apex Laptops 01568,Electronics,Laptops,Apex,Stable,74436.0,62401.6,13.94,12034.4,0.1617
P01569,PureLife Oral Care 01569,Personal Care,Oral Care,PureLife,Seasonal,523.41,321.22,113.44,202.19,0.3863
P01570,DermaX Oral Care 01570,Personal Care,Oral Care,DermaX,Seasonal,872.97,673.55,108.61,199.42,0.2284
P01571,PureLife Grooming 01571,Personal Care,Grooming,PureLife,Stable,345.48,255.43,236.72,90.05,0.2607
P01572,Vertex Audio 01572,Electronics,Audio,Vertex,Trending,150000.0,123201.0,3.46,26799.0,0.1787
P01573,OfficePro Writing 01573,Office Supplies,Writing,OfficePro,Intermittent,5000.0,3203.84,36.03,1796.16,0.3592
P01574,UrbanGear Bags 01574,Accessories,Bags,UrbanGear,Trending,7374.74,6217.58,200.93,1157.16,0.1569
P01575,Apex Audio 01575,Electronics,Audio,Apex,Trending,150000.0,96225.35,15.36,53774.65,0.3585
P01576,NovaTech Audio 01576,Electronics,Audio,NovaTech,Volatile,41115.27,33506.02,5.66,7609.25,0.1851
P01577,Zenith TVs 01577,Electronics,TVs,Zenith,Trending,147733.63,92829.75,8.6,54903.88,0.3716
P01578,CarePlus Grooming 01578,Personal Care,Grooming,CarePlus,Stable,1000.0,667.56,281.1,332.44,0.3324
P01579,PureLife Grooming 01579,Personal Care,Grooming,PureLife,Trending,923.32,746.81,260.66,176.51,0.1912
P01580,Glow Grooming 01580,Personal Care,Grooming,Glow,Stable,544.89,386.08,218.74,158.81,0.2915
P01581,NovaTech Audio 01581,Electronics,Audio,NovaTech,Stable,13167.2,10162.92,15.5,3004.28,0.2282
P01582,HomePro Air Conditioners 01582,Home Appliances,Air Conditioners,HomePro,Seasonal,41846.2,33704.68,16.57,8141.52,0.1946
P01583,PureLife Haircare 01583,Personal Care,Haircare,PureLife,Trending,377.8,239.98,293.07,137.82,0.3648
P01584,CarePlus Haircare 01584,Personal Care,Haircare,CarePlus,Trending,305.81,229.09,290.42,76.72,0.2509
P01585,TechMate Bags 01585,Accessories,Bags,TechMate,Trending,8124.57,6096.39,61.66,2028.18,0.2496
P01586,Vertex Audio 01586,Electronics,Audio,Vertex,Stable,60273.94,48672.91,24.71,11601.03,0.1925
P01587,OfficePro Desk Accessories 01587,Office Supplies,Desk Accessories,OfficePro,Trending,1539.52,1161.16,122.7,378.36,0.2458
P01588,EverHome Refrigerators 01588,Home Appliances,Refrigerators,EverHome,Seasonal,32581.91,20594.89,7.98,11987.02,0.3679
P01589,EverHome Refrigerators 01589,Home Appliances,Refrigerators,EverHome,Stable,40034.01,30394.53,20.93,9639.48,0.2408
P01590,DeskMate Writing 01590,Office Supplies,Writing,DeskMate,Intermittent,4948.78,3029.14,220.35,1919.64,0.3879
P01591,WriteWell Desk Accessories 01591,Office Supplies,Desk Accessories,WriteWell,Intermittent,1698.3,1041.78,467.83,656.52,0.3866
P01592,CarryPro Cables 01592,Accessories,Cables,CarryPro,Stable,5543.27,4510.98,31.36,1032.29,0.1862
P01593,Zenith TVs 01593,Electronics,TVs,Zenith,Seasonal,58924.64,47473.94,16.32,11450.7,0.1943
P01594,Zenith Laptops 01594,Electronics,Laptops,Zenith,Stable,94980.73,60249.27,27.72,34731.46,0.3657
P01595,PaperWorks Writing 01595,Office Supplies,Writing,PaperWorks,Trending,3320.09,2496.08,454.93,824.01,0.2482
P01596,CarePlus Haircare 01596,Personal Care,Haircare,CarePlus,Trending,100.0,84.89,63.83,15.11,0.1511
P01597,Arctic Washing Machines 01597,Home Appliances,Washing Machines,Arctic,Volatile,113524.46,88723.0,12.27,24801.46,0.2185
P01598,NovaTech Laptops 01598,Electronics,Laptops,NovaTech,Trending,150000.0,105088.91,19.34,44911.09,0.2994
P01599,Apex Audio 01599,Electronics,Audio,Apex,Seasonal,41271.25,26833.89,6.46,14437.36,0.3498
P01600,TechMate Mobile Accessories 01600,Accessories,Mobile Accessories,TechMate,Volatile,4212.97,3440.53,242.33,772.44,0.1833
P01601,Apex TVs 01601,Electronics,TVs,Apex,Volatile,59152.92,48645.27,27.61,10507.65,0.1776
P01602,EverHome Refrigerators 01602,Home Appliances,Refrigerators,EverHome,Seasonal,39073.12,24204.89,6.67,14868.23,0.3805
P01603,NovaTech TVs 01603,Electronics,TVs,NovaTech,Volatile,88644.51,58701.54,5.39,29942.97,0.3378
P01604,HomePro Refrigerators 01604,Home Appliances,Refrigerators,HomePro,Seasonal,19127.4,13438.05,4.39,5689.35,0.2974
P01605,Vertex Laptops 01605,Electronics,Laptops,Vertex,Volatile,39627.42,26063.09,27.46,13564.33,0.3423
P01606,DermaX Skincare 01606,Personal Care,Skincare,DermaX,Seasonal,1000.0,742.79,74.21,257.21,0.2572
P01607,Vertex TVs 01607,Electronics,TVs,Vertex,Trending,44404.73,29324.26,13.66,15080.47,0.3396
P01608,ConnectX Cables 01608,Accessories,Cables,ConnectX,Stable,15000.0,11355.74,117.72,3644.26,0.243
P01609,NovaTech Smartphones 01609,Electronics,Smartphones,NovaTech,Trending,95916.77,75676.06,18.77,20240.71,0.211
P01610,CarePlus Grooming 01610,Personal Care,Grooming,CarePlus,Trending,185.74,124.03,40.09,61.71,0.3322
P01611,CarryPro Chargers 01611,Accessories,Chargers,CarryPro,Stable,11053.48,8235.75,64.42,2817.73,0.2549
P01612,WriteWell Writing 01612,Office Supplies,Writing,WriteWell,Trending,2352.88,1422.68,467.8,930.2,0.3953
P01613,PureLife Oral Care 01613,Personal Care,Oral Care,PureLife,Trending,418.48,319.14,274.35,99.34,0.2374
P01614,EverHome Microwaves 01614,Home Appliances,Microwaves,EverHome,Volatile,71236.93,44136.13,23.88,27100.8,0.3804
P01615,ComfortMax Refrigerators 01615,Home Appliances,Refrigerators,ComfortMax,Seasonal,81762.38,50427.71,2.54,31334.67,0.3832
P01616,WriteWell Writing 01616,Office Supplies,Writing,WriteWell,Trending,3860.5,3048.01,183.69,812.49,0.2105
P01617,CarryPro Mobile Accessories 01617,Accessories,Mobile Accessories,CarryPro,Stable,15000.0,9756.67,160.71,5243.33,0.3496
P01618,DeskMate Writing 01618,Office Supplies,Writing,DeskMate,Intermittent,3225.61,2392.54,159.34,833.07,0.2583
P01619,DermaX Grooming 01619,Personal Care,Grooming,DermaX,Seasonal,240.94,149.53,274.68,91.41,0.3794
P01620,OfficePro Storage 01620,Office Supplies,Storage,OfficePro,Intermittent,1900.38,1401.47,327.93,498.91,0.2625
P01621,DermaX Oral Care 01621,Personal Care,Oral Care,DermaX,Trending,1000.0,663.92,40.13,336.08,0.3361
P01622,NovaTech Laptops 01622,Electronics,Laptops,NovaTech,Volatile,119698.08,87769.59,27.45,31928.49,0.2667
P01623,CarePlus Skincare 01623,Personal Care,Skincare,CarePlus,Seasonal,1000.0,793.05,288.17,206.95,0.207
P01624,ConnectX Cables 01624,Accessories,Cables,ConnectX,Stable,15000.0,12002.44,28.65,2997.56,0.1998
P01625,Zenith TVs 01625,Electronics,TVs,Zenith,Seasonal,89600.35,66630.6,16.91,22969.75,0.2564
P01626,OfficePro Paper 01626,Office Supplies,Paper,OfficePro,Stable,3025.53,2000.26,172.58,1025.27,0.3389
P01627,Apex TVs 01627,Electronics,TVs,Apex,Volatile,75817.56,52976.17,13.0,22841.39,0.3013
P01628,PureLife Grooming 01628,Personal Care,Grooming,PureLife,Seasonal,193.88,131.42,70.3,62.46,0.3222
P01629,NovaTech Audio 01629,Electronics,Audio,NovaTech,Seasonal,78343.76,61062.57,18.19,17281.19,0.2206
P01630,PureLife Haircare 01630,Personal Care,Haircare,PureLife,Stable,1000.0,729.64,288.23,270.36,0.2704
P01631,DeskMate Writing 01631,Office Supplies,Writing,DeskMate,Intermittent,1762.01,1478.15,266.44,283.86,0.1611
P01632,Arctic Refrigerators 01632,Home Appliances,Refrigerators,Arctic,Volatile,78744.54,50838.81,4.32,27905.73,0.3544
P01633,WriteWell Writing 01633,Office Supplies,Writing,WriteWell,Intermittent,4208.88,2535.96,321.4,1672.92,0.3975
P01634,WriteWell Storage 01634,Office Supplies,Storage,WriteWell,Trending,1462.92,1094.67,189.9,368.25,0.2517
P01635,UrbanGear Bags 01635,Accessories,Bags,UrbanGear,Stable,5759.01,4879.37,215.42,879.64,0.1527
P01636,Apex Smartphones 01636,Electronics,Smartphones,Apex,Seasonal,42078.25,33980.37,14.17,8097.88,0.1924
P01637,HomePro Washing Machines 01637,Home Appliances,Washing Machines,HomePro,Stable,37552.42,25793.57,7.4,11758.85,0.3131
P01638,Vertex Audio 01638,Electronics,Audio,Vertex,Stable,35791.66,24946.08,7.35,10845.58,0.303
P01639,ConnectX Bags 01639,Accessories,Bags,ConnectX,Stable,4398.57,2872.41,194.5,1526.16,0.347
P01640,CarryPro Mobile Accessories 01640,Accessories,Mobile Accessories,CarryPro,Volatile,15000.0,11797.93,73.74,3202.07,0.2135
P01641,PureLife Grooming 01641,Personal Care,Grooming,PureLife,Seasonal,317.55,209.29,234.83,108.26,0.3409
P01642,TechMate Mobile Accessories 01642,Accessories,Mobile Accessories,TechMate,Stable,8145.15,5522.44,59.41,2622.71,0.322
P01643,DermaX Haircare 01643,Personal Care,Haircare,DermaX,Trending,406.75,312.91,110.07,93.84,0.2307
P01644,Glow Oral Care 01644,Personal Care,Oral Care,Glow,Stable,1000.0,713.63,150.34,286.37,0.2864
P01645,Apex TVs 01645,Electronics,TVs,Apex,Trending,150000.0,121977.23,28.41,28022.77,0.1868
P01646,OfficePro Paper 01646,Office Supplies,Paper,OfficePro,Stable,4240.51,3124.66,467.91,1115.85,0.2631
P01647,NovaTech Audio 01647,Electronics,Audio,NovaTech,Volatile,93126.49,58641.81,7.79,34484.68,0.3703
P01648,ConnectX Chargers 01648,Accessories,Chargers,ConnectX,Stable,6572.62,4894.64,95.97,1677.98,0.2553
P01649,WriteWell Storage 01649,Office Supplies,Storage,WriteWell,Stable,1235.06,790.57,100.22,444.49,0.3599
P01650,OfficePro Storage 01650,Office Supplies,Storage,OfficePro,Intermittent,5000.0,3512.18,269.69,1487.82,0.2976
P01651,NovaTech Laptops 01651,Electronics,Laptops,NovaTech,Trending,49130.21,39403.94,14.9,9726.27,0.198
P01652,Arctic Air Conditioners 01652,Home Appliances,Air Conditioners,Arctic,Seasonal,91581.11,64539.35,27.22,27041.76,0.2953
P01653,HomePro Microwaves 01653,Home Appliances,Microwaves,HomePro,Stable,116137.7,84026.11,28.04,32111.59,0.2765
P01654,EverHome Microwaves 01654,Home Appliances,Microwaves,EverHome,Volatile,44073.95,33070.43,12.74,11003.52,0.2497
P01655,Vertex TVs 01655,Electronics,TVs,Vertex,Seasonal,144471.96,118480.35,15.77,25991.61,0.1799
P01656,UrbanGear Chargers 01656,Accessories,Chargers,UrbanGear,Trending,11942.17,8906.74,225.1,3035.43,0.2542
P01657,Glow Skincare 01657,Personal Care,Skincare,Glow,Seasonal,1000.0,831.81,245.88,168.19,0.1682
P01658,ComfortMax Air Conditioners 01658,Home Appliances,Air Conditioners,ComfortMax,Seasonal,46406.02,38299.25,2.1,8106.77,0.1747
P01659,Arctic Refrigerators 01659,Home Appliances,Refrigerators,Arctic,Seasonal,28432.1,21210.94,10.96,7221.16,0.254
P01660,Arctic Refrigerators 01660,Home Appliances,Refrigerators,Arctic,Seasonal,45410.5,35132.04,13.81,10278.46,0.2263
P01661,CarePlus Oral Care 01661,Personal Care,Oral Care,CarePlus,Seasonal,623.43,385.66,84.32,237.77,0.3814
P01662,DermaX Grooming 01662,Personal Care,Grooming,DermaX,Trending,569.55,430.62,75.88,138.93,0.2439
P01663,UrbanGear Bags 01663,Accessories,Bags,UrbanGear,Trending,5962.47,3938.42,19.07,2024.05,0.3395
P01664,CarePlus Skincare 01664,Personal Care,Skincare,CarePlus,Stable,174.93,125.5,200.14,49.43,0.2826
P01665,ConnectX Chargers 01665,Accessories,Chargers,ConnectX,Trending,10012.53,6748.23,73.0,3264.3,0.326
P01666,UrbanGear Mobile Accessories 01666,Accessories,Mobile Accessories,UrbanGear,Trending,15000.0,11774.57,22.56,3225.43,0.215
P01667,Apex Smartphones 01667,Electronics,Smartphones,Apex,Stable,102394.06,62923.58,8.47,39470.48,0.3855
P01668,UrbanGear Chargers 01668,Accessories,Chargers,UrbanGear,Stable,10881.12,7806.96,202.46,3074.16,0.2825
P01669,NovaTech Audio 01669,Electronics,Audio,NovaTech,Seasonal,109261.61,70164.42,25.84,39097.19,0.3578
P01670,CarryPro Cables 01670,Accessories,Cables,CarryPro,Trending,9580.94,7269.43,125.94,2311.51,0.2413
P01671,HomePro Air Conditioners 01671,Home Appliances,Air Conditioners,HomePro,Volatile,107558.7,88730.24,13.65,18828.46,0.1751
P01672,TechMate Chargers 01672,Accessories,Chargers,TechMate,Volatile,9571.33,6523.55,244.68,3047.78,0.3184
P01673,CarryPro Cables 01673,Accessories,Cables,CarryPro,Stable,6258.5,5307.58,58.14,950.92,0.1519
P01674,TechMate Bags 01674,Accessories,Bags,TechMate,Volatile,4683.07,3424.15,61.69,1258.92,0.2688
P01675,WriteWell Storage 01675,Office Supplies,Storage,WriteWell,Trending,2174.63,1743.62,167.18,431.01,0.1982
P01676,HomePro Refrigerators 01676,Home Appliances,Refrigerators,HomePro,Stable,74255.72,51470.81,6.84,22784.91,0.3068
P01677,Vertex Smartphones 01677,Electronics,Smartphones,Vertex,Trending,64111.78,38796.93,12.62,25314.85,0.3949
P01678,Arctic Air Conditioners 01678,Home Appliances,Air Conditioners,Arctic,Seasonal,74265.05,54503.07,27.5,19761.98,0.2661
P01679,NovaTech Smartphones 01679,Electronics,Smartphones,NovaTech,Stable,100863.49,65120.03,19.23,35743.46,0.3544
P01680,DeskMate Desk Accessories 01680,Office Supplies,Desk Accessories,DeskMate,Trending,4162.64,3009.81,223.61,1152.83,0.2769
P01681,HomePro Microwaves 01681,Home Appliances,Microwaves,HomePro,Stable,120000.0,87124.8,28.16,32875.2,0.274
P01682,ConnectX Mobile Accessories 01682,Accessories,Mobile Accessories,ConnectX,Trending,7911.77,4884.68,21.63,3027.09,0.3826
P01683,Glow Skincare 01683,Personal Care,Skincare,Glow,Stable,250.95,157.47,78.88,93.48,0.3725
P01684,CarryPro Chargers 01684,Accessories,Chargers,CarryPro,Volatile,6137.91,4011.43,145.81,2126.48,0.3465
P01685,NovaTech TVs 01685,Electronics,TVs,NovaTech,Trending,79576.23,61746.07,19.24,17830.16,0.2241
P01686,ConnectX Cables 01686,Accessories,Cables,ConnectX,Stable,2509.51,1791.16,19.49,718.35,0.2863
P01687,TechMate Bags 01687,Accessories,Bags,TechMate,Trending,15000.0,11910.39,106.73,3089.61,0.206
P01688,Glow Oral Care 01688,Personal Care,Oral Care,Glow,Trending,599.05,442.71,201.76,156.34,0.261
P01689,Glow Oral Care 01689,Personal Care,Oral Care,Glow,Trending,691.41,504.0,215.46,187.41,0.2711
P01690,DeskMate Writing 01690,Office Supplies,Writing,DeskMate,Stable,5000.0,3210.45,329.93,1789.55,0.3579
P01691,Zenith Laptops 01691,Electronics,Laptops,Zenith,Seasonal,53100.81,33240.73,10.98,19860.08,0.374
P01692,Glow Skincare 01692,Personal Care,Skincare,Glow,Seasonal,776.15,579.28,46.19,196.87,0.2536
P01693,Arctic Washing Machines 01693,Home Appliances,Washing Machines,Arctic,Volatile,57576.74,48685.39,13.96,8891.35,0.1544
P01694,Zenith Smartphones 01694,Electronics,Smartphones,Zenith,Stable,69395.76,44035.53,5.61,25360.23,0.3654
P01695,HomePro Microwaves 01695,Home Appliances,Microwaves,HomePro,Volatile,38695.44,31205.18,28.53,7490.26,0.1936
P01696,NovaTech Smartphones 01696,Electronics,Smartphones,NovaTech,Volatile,150000.0,104179.43,15.3,45820.57,0.3055
P01697,Vertex Audio 01697,Electronics,Audio,Vertex,Stable,61866.44,52200.26,10.88,9666.18,0.1562
P01698,Vertex Smartphones 01698,Electronics,Smartphones,Vertex,Trending,117914.11,88450.13,23.46,29463.98,0.2499
P01699,UrbanGear Cables 01699,Accessories,Cables,UrbanGear,Trending,2451.12,1479.28,129.51,971.84,0.3965
P01700,CarePlus Haircare 01700,Personal Care,Haircare,CarePlus,Seasonal,1000.0,824.83,106.81,175.17,0.1752
P01701,TechMate Mobile Accessories 01701,Accessories,Mobile Accessories,TechMate,Stable,14194.78,10562.01,204.87,3632.77,0.2559
P01702,EverHome Refrigerators 01702,Home Appliances,Refrigerators,EverHome,Seasonal,65202.49,50415.38,26.28,14787.11,0.2268
P01703,ComfortMax Washing Machines 01703,Home Appliances,Washing Machines,ComfortMax,Stable,53670.94,33476.07,20.84,20194.87,0.3763
P01704,CarePlus Skincare 01704,Personal Care,Skincare,CarePlus,Stable,699.19,442.35,33.15,256.84,0.3673
P01705,ComfortMax Washing Machines 01705,Home Appliances,Washing Machines,ComfortMax,Seasonal,120000.0,94869.04,17.86,25130.96,0.2094
P01706,Apex Laptops 01706,Electronics,Laptops,Apex,Volatile,26905.64,22323.69,23.37,4581.95,0.1703
P01707,CarePlus Skincare 01707,Personal Care,Skincare,CarePlus,Stable,879.31,609.55,58.22,269.76,0.3068
P01708,Apex Audio 01708,Electronics,Audio,Apex,Trending,44849.28,34350.41,8.4,10498.87,0.2341
P01709,DermaX Grooming 01709,Personal Care,Grooming,DermaX,Trending,543.47,370.64,267.1,172.83,0.318
P01710,DeskMate Desk Accessories 01710,Office Supplies,Desk Accessories,DeskMate,Trending,2176.05,1832.17,39.46,343.88,0.158
P01711,NovaTech Laptops 01711,Electronics,Laptops,NovaTech,Stable,59936.58,48947.22,23.08,10989.36,0.1833
P01712,Apex TVs 01712,Electronics,TVs,Apex,Trending,77014.9,52247.44,15.27,24767.46,0.3216
P01713,DeskMate Desk Accessories 01713,Office Supplies,Desk Accessories,DeskMate,Stable,1278.57,1018.9,239.98,259.67,0.2031
P01714,DermaX Skincare 01714,Personal Care,Skincare,DermaX,Trending,1000.0,635.6,21.99,364.4,0.3644
P01715,Zenith Smartphones 01715,Electronics,Smartphones,Zenith,Trending,26411.3,22062.74,24.94,4348.56,0.1646
P01716,CarryPro Bags 01716,Accessories,Bags,CarryPro,Volatile,10437.51,8309.61,96.36,2127.9,0.2039
P01717,Zenith Laptops 01717,Electronics,Laptops,Zenith,Volatile,63710.95,38249.5,17.14,25461.45,0.3996
P01718,WriteWell Paper 01718,Office Supplies,Paper,WriteWell,Intermittent,1250.68,927.67,348.33,323.01,0.2583
P01719,TechMate Bags 01719,Accessories,Bags,TechMate,Volatile,8524.78,5747.91,178.63,2776.87,0.3257
P01720,Zenith Laptops 01720,Electronics,Laptops,Zenith,Stable,30450.65,24492.5,28.77,5958.15,0.1957
P01721,Zenith Laptops 01721,Electronics,Laptops,Zenith,Stable,79368.87,55362.39,16.88,24006.48,0.3025
P01722,Zenith Audio 01722,Electronics,Audio,Zenith,Trending,33001.46,22060.6,13.19,10940.86,0.3315
P01723,HomePro Refrigerators 01723,Home Appliances,Refrigerators,HomePro,Seasonal,81109.53,62566.34,28.7,18543.19,0.2286
P01724,NovaTech Smartphones 01724,Electronics,Smartphones,NovaTech,Trending,44507.76,28608.51,19.98,15899.25,0.3572
P01725,OfficePro Paper 01725,Office Supplies,Paper,OfficePro,Trending,1926.38,1346.82,170.13,579.56,0.3009
P01726,Apex Audio 01726,Electronics,Audio,Apex,Stable,92448.12,69587.48,5.54,22860.64,0.2473
P01727,CarePlus Skincare 01727,Personal Care,Skincare,CarePlus,Trending,345.98,245.85,255.92,100.13,0.2894
P01728,ConnectX Mobile Accessories 01728,Accessories,Mobile Accessories,ConnectX,Trending,7291.94,5146.72,96.92,2145.22,0.2942
P01729,UrbanGear Cables 01729,Accessories,Cables,UrbanGear,Volatile,3044.23,2461.61,168.51,582.62,0.1914
P01730,CarePlus Grooming 01730,Personal Care,Grooming,CarePlus,Trending,803.07,601.75,151.83,201.32,0.2507
P01731,EverHome Air Conditioners 01731,Home Appliances,Air Conditioners,EverHome,Seasonal,120000.0,91697.08,7.57,28302.92,0.2359
P01732,DermaX Skincare 01732,Personal Care,Skincare,DermaX,Trending,1000.0,749.77,188.47,250.23,0.2502
P01733,PureLife Oral Care 01733,Personal Care,Oral Care,PureLife,Stable,580.92,383.25,36.99,197.67,0.3403
P01734,Arctic Microwaves 01734,Home Appliances,Microwaves,Arctic,Volatile,98687.63,71979.34,13.57,26708.29,0.2706
P01735,Vertex Laptops 01735,Electronics,Laptops,Vertex,Trending,26626.38,16373.12,17.31,10253.26,0.3851
P01736,TechMate Cables 01736,Accessories,Cables,TechMate,Trending,15000.0,11648.71,114.65,3351.29,0.2234
P01737,Arctic Air Conditioners 01737,Home Appliances,Air Conditioners,Arctic,Volatile,97981.07,73101.14,22.96,24879.93,0.2539
P01738,NovaTech Smartphones 01738,Electronics,Smartphones,NovaTech,Trending,57969.55,37869.23,25.18,20100.32,0.3467
P01739,EverHome Microwaves 01739,Home Appliances,Microwaves,EverHome,Stable,120000.0,85619.26,23.59,34380.74,0.2865
P01740,ComfortMax Air Conditioners 01740,Home Appliances,Air Conditioners,ComfortMax,Seasonal,52791.57,37653.22,3.09,15138.35,0.2868
P01741,CarryPro Cables 01741,Accessories,Cables,CarryPro,Stable,5735.83,4798.97,56.59,936.86,0.1633
P01742,WriteWell Desk Accessories 01742,Office Supplies,Desk Accessories,WriteWell,Stable,3358.32,2519.92,282.21,838.4,0.2496
P01743,PaperWorks Desk Accessories 01743,Office Supplies,Desk Accessories,PaperWorks,Trending,1334.06,1043.66,469.37,290.4,0.2177
P01744,Zenith Laptops 01744,Electronics,Laptops,Zenith,Seasonal,143058.38,85858.81,25.38,57199.57,0.3998
P01745,ComfortMax Microwaves 01745,Home Appliances,Microwaves,ComfortMax,Stable,32636.89,25225.42,25.59,7411.47,0.2271
P01746,DermaX Skincare 01746,Personal Care,Skincare,DermaX,Seasonal,292.92,184.21,104.9,108.71,0.3711
P01747,Zenith Smartphones 01747,Electronics,Smartphones,Zenith,Trending,44901.18,30575.08,14.02,14326.1,0.3191
P01748,EverHome Washing Machines 01748,Home Appliances,Washing Machines,EverHome,Stable,97002.54,74184.72,15.18,22817.82,0.2352
P01749,WriteWell Storage 01749,Office Supplies,Storage,WriteWell,Trending,1743.99,1245.41,103.96,498.58,0.2859
P01750,Zenith TVs 01750,Electronics,TVs,Zenith,Seasonal,34517.98,22086.88,2.87,12431.1,0.3601
P01751,PureLife Haircare 01751,Personal Care,Haircare,PureLife,Trending,382.42,240.6,285.13,141.82,0.3708
P01752,Vertex Audio 01752,Electronics,Audio,Vertex,Trending,76024.26,61572.16,8.74,14452.1,0.1901
P01753,Zenith TVs 01753,Electronics,TVs,Zenith,Stable,38156.44,29193.75,8.72,8962.69,0.2349
P01754,Zenith Laptops 01754,Electronics,Laptops,Zenith,Volatile,38832.96,29753.59,4.33,9079.37,0.2338
P01755,UrbanGear Mobile Accessories 01755,Accessories,Mobile Accessories,UrbanGear,Trending,15000.0,12592.33,232.84,2407.67,0.1605
P01756,ConnectX Bags 01756,Accessories,Bags,ConnectX,Trending,4505.09,3155.55,149.14,1349.54,0.2996
P01757,CarryPro Bags 01757,Accessories,Bags,CarryPro,Trending,6219.7,3957.56,170.09,2262.14,0.3637
P01758,CarePlus Grooming 01758,Personal Care,Grooming,CarePlus,Stable,441.23,332.95,275.24,108.28,0.2454
P01759,Vertex Smartphones 01759,Electronics,Smartphones,Vertex,Seasonal,60187.45,40024.11,11.68,20163.34,0.335
P01760,DermaX Grooming 01760,Personal Care,Grooming,DermaX,Seasonal,798.49,553.41,194.02,245.08,0.3069
P01761,DermaX Oral Care 01761,Personal Care,Oral Care,DermaX,Trending,971.46,734.51,30.86,236.95,0.2439
P01762,CarryPro Mobile Accessories 01762,Accessories,Mobile Accessories,CarryPro,Stable,6283.8,5119.63,54.83,1164.17,0.1853
P01763,Apex TVs 01763,Electronics,TVs,Apex,Volatile,36906.62,24825.94,25.27,12080.68,0.3273
P01764,CarePlus Haircare 01764,Personal Care,Haircare,CarePlus,Trending,1000.0,636.36,234.7,363.64,0.3636
P01765,NovaTech Audio 01765,Electronics,Audio,NovaTech,Seasonal,73191.06,49662.8,11.82,23528.26,0.3215
P01766,ComfortMax Washing Machines 01766,Home Appliances,Washing Machines,ComfortMax,Stable,120000.0,101463.65,12.55,18536.35,0.1545
P01767,OfficePro Paper 01767,Office Supplies,Paper,OfficePro,Intermittent,656.32,522.39,280.77,133.93,0.2041
P01768,Glow Oral Care 01768,Personal Care,Oral Care,Glow,Seasonal,618.42,514.92,20.07,103.5,0.1674
P01769,EverHome Microwaves 01769,Home Appliances,Microwaves,EverHome,Stable,120000.0,84888.42,8.75,35111.58,0.2926
P01770,ComfortMax Washing Machines 01770,Home Appliances,Washing Machines,ComfortMax,Stable,49753.39,32881.05,7.83,16872.34,0.3391
P01771,DermaX Oral Care 01771,Personal Care,Oral Care,DermaX,Trending,480.4,395.06,90.14,85.34,0.1776
P01772,PaperWorks Desk Accessories 01772,Office Supplies,Desk Accessories,PaperWorks,Trending,3014.84,1930.75,408.78,1084.09,0.3596
P01773,CarryPro Bags 01773,Accessories,Bags,CarryPro,Volatile,5399.3,3839.57,77.12,1559.73,0.2889
P01774,CarryPro Bags 01774,Accessories,Bags,CarryPro,Stable,6260.78,4241.73,55.97,2019.05,0.3225
P01775,WriteWell Desk Accessories 01775,Office Supplies,Desk Accessories,WriteWell,Stable,2061.74,1251.78,267.0,809.96,0.3929
P01776,HomePro Air Conditioners 01776,Home Appliances,Air Conditioners,HomePro,Seasonal,42206.94,34992.92,26.24,7214.02,0.1709
P01777,OfficePro Storage 01777,Office Supplies,Storage,OfficePro,Intermittent,5000.0,3123.47,143.43,1876.53,0.3753
P01778,EverHome Air Conditioners 01778,Home Appliances,Air Conditioners,EverHome,Volatile,81100.08,66378.33,4.2,14721.75,0.1815
P01779,ComfortMax Microwaves 01779,Home Appliances,Microwaves,ComfortMax,Seasonal,71479.74,53735.63,11.98,17744.11,0.2482
P01780,ConnectX Cables 01780,Accessories,Cables,ConnectX,Stable,12264.27,7814.06,189.44,4450.21,0.3629
P01781,Vertex Smartphones 01781,Electronics,Smartphones,Vertex,Trending,66132.77,41229.58,17.42,24903.19,0.3766
P01782,ConnectX Mobile Accessories 01782,Accessories,Mobile Accessories,ConnectX,Trending,4744.69,3432.34,206.03,1312.35,0.2766
P01783,Glow Haircare 01783,Personal Care,Haircare,Glow,Trending,383.12,268.75,288.69,114.37,0.2985
P01784,Glow Skincare 01784,Personal Care,Skincare,Glow,Trending,550.59,370.53,241.95,180.06,0.327
P01785,OfficePro Storage 01785,Office Supplies,Storage,OfficePro,Stable,1337.38,858.34,313.79,479.04,0.3582
P01786,UrbanGear Mobile Accessories 01786,Accessories,Mobile Accessories,UrbanGear,Trending,5592.3,4583.57,128.4,1008.73,0.1804
P01787,PureLife Haircare 01787,Personal Care,Haircare,PureLife,Stable,403.53,261.28,31.22,142.25,0.3525
P01788,CarePlus Grooming 01788,Personal Care,Grooming,CarePlus,Trending,1000.0,729.68,295.61,270.32,0.2703
P01789,Zenith TVs 01789,Electronics,TVs,Zenith,Seasonal,14672.71,10818.84,12.74,3853.87,0.2627
P01790,Glow Haircare 01790,Personal Care,Haircare,Glow,Stable,493.81,367.41,62.62,126.4,0.256
P01791,Apex Smartphones 01791,Electronics,Smartphones,Apex,Seasonal,150000.0,108404.57,20.67,41595.43,0.2773
P01792,WriteWell Paper 01792,Office Supplies,Paper,WriteWell,Trending,2716.51,1667.22,163.62,1049.29,0.3863
P01793,PureLife Oral Care 01793,Personal Care,Oral Care,PureLife,Trending,864.34,616.23,184.02,248.11,0.2871
P01794,DeskMate Paper 01794,Office Supplies,Paper,DeskMate,Trending,2680.86,1639.9,305.78,1040.96,0.3883
P01795,NovaTech Audio 01795,Electronics,Audio,NovaTech,Volatile,51929.03,41799.1,14.48,10129.93,0.1951
P01796,Vertex Audio 01796,Electronics,Audio,Vertex,Stable,20188.81,13505.63,25.41,6683.18,0.331
P01797,WriteWell Desk Accessories 01797,Office Supplies,Desk Accessories,WriteWell,Intermittent,2856.26,1847.83,154.53,1008.43,0.3531
P01798,Zenith Smartphones 01798,Electronics,Smartphones,Zenith,Stable,48662.76,33101.28,14.56,15561.48,0.3198
P01799,Vertex Smartphones 01799,Electronics,Smartphones,Vertex,Volatile,47946.06,33479.27,17.06,14466.79,0.3017
P01800,NovaTech TVs 01800,Electronics,TVs,NovaTech,Stable,57448.31,40719.18,20.58,16729.13,0.2912
P01801,ConnectX Chargers 01801,Accessories,Chargers,ConnectX,Trending,15000.0,9521.51,198.15,5478.49,0.3652
P01802,PaperWorks Paper 01802,Office Supplies,Paper,PaperWorks,Intermittent,5000.0,3222.94,215.56,1777.06,0.3554
P01803,EverHome Washing Machines 01803,Home Appliances,Washing Machines,EverHome,Seasonal,70060.69,57409.68,20.09,12651.01,0.1806
P01804,HomePro Refrigerators 01804,Home Appliances,Refrigerators,HomePro,Stable,46533.7,29681.66,6.22,16852.04,0.3621
P01805,ComfortMax Refrigerators 01805,Home Appliances,Refrigerators,ComfortMax,Seasonal,30347.11,22653.6,28.11,7693.51,0.2535
P01806,WriteWell Paper 01806,Office Supplies,Paper,WriteWell,Intermittent,3344.66,2630.83,210.04,713.83,0.2134
P01807,PaperWorks Paper 01807,Office Supplies,Paper,PaperWorks,Trending,5000.0,3162.79,372.88,1837.21,0.3674
P01808,Vertex Audio 01808,Electronics,Audio,Vertex,Seasonal,66811.4,49573.64,2.57,17237.76,0.258
P01809,Vertex Laptops 01809,Electronics,Laptops,Vertex,Seasonal,18594.77,12047.72,7.75,6547.05,0.3521
P01810,Apex Laptops 01810,Electronics,Laptops,Apex,Trending,115851.33,90844.72,15.64,25006.61,0.2159
P01811,PaperWorks Paper 01811,Office Supplies,Paper,PaperWorks,Stable,4560.72,3872.13,442.78,688.59,0.151
P01812,WriteWell Paper 01812,Office Supplies,Paper,WriteWell,Trending,975.05,708.02,277.81,267.03,0.2739
P01813,EverHome Washing Machines 01813,Home Appliances,Washing Machines,EverHome,Stable,68369.56,56400.99,28.04,11968.57,0.1751
P01814,NovaTech Audio 01814,Electronics,Audio,NovaTech,Stable,101596.95,67196.83,15.55,34400.12,0.3386
P01815,NovaTech TVs 01815,Electronics,TVs,NovaTech,Volatile,74173.99,57928.49,15.73,16245.5,0.219
P01816,ConnectX Cables 01816,Accessories,Cables,ConnectX,Trending,4697.76,3472.06,38.74,1225.7,0.2609
P01817,EverHome Washing Machines 01817,Home Appliances,Washing Machines,EverHome,Stable,113137.0,93704.77,24.47,19432.23,0.1718
P01818,WriteWell Paper 01818,Office Supplies,Paper,WriteWell,Stable,1982.21,1542.82,146.07,439.39,0.2217
P01819,DermaX Skincare 01819,Personal Care,Skincare,DermaX,Trending,225.61,147.69,271.89,77.92,0.3454
P01820,EverHome Microwaves 01820,Home Appliances,Microwaves,EverHome,Seasonal,17981.66,14602.96,27.5,3378.7,0.1879
P01821,Apex TVs 01821,Electronics,TVs,Apex,Trending,150000.0,103231.52,28.41,46768.48,0.3118
P01822,Apex Audio 01822,Electronics,Audio,Apex,Stable,112199.25,69635.74,16.57,42563.51,0.3794
P01823,CarePlus Oral Care 01823,Personal Care,Oral Care,CarePlus,Seasonal,579.81,394.29,209.59,185.52,0.32
P01824,WriteWell Writing 01824,Office Supplies,Writing,WriteWell,Stable,1938.81,1254.88,395.9,683.93,0.3528
P01825,CarePlus Oral Care 01825,Personal Care,Oral Care,CarePlus,Seasonal,400.42,329.45,56.68,70.97,0.1772
P01826,CarePlus Grooming 01826,Personal Care,Grooming,CarePlus,Trending,288.44,227.09,188.27,61.35,0.2127
P01827,NovaTech Audio 01827,Electronics,Audio,NovaTech,Volatile,59823.86,37471.59,2.96,22352.27,0.3736
P01828,TechMate Mobile Accessories 01828,Accessories,Mobile Accessories,TechMate,Volatile,2115.93,1420.26,129.42,695.67,0.3288
P01829,PaperWorks Writing 01829,Office Supplies,Writing,PaperWorks,Trending,1623.53,1120.42,102.78,503.11,0.3099
P01830,ComfortMax Air Conditioners 01830,Home Appliances,Air Conditioners,ComfortMax,Seasonal,51033.11,34909.62,7.12,16123.49,0.3159
P01831,TechMate Cables 01831,Accessories,Cables,TechMate,Volatile,10885.98,8125.84,97.61,2760.14,0.2535
P01832,PureLife Grooming 01832,Personal Care,Grooming,PureLife,Trending,536.98,450.45,141.08,86.53,0.1611
P01833,PureLife Oral Care 01833,Personal Care,Oral Care,PureLife,Seasonal,886.14,579.44,194.49,306.7,0.3461
P01834,DeskMate Paper 01834,Office Supplies,Paper,DeskMate,Trending,5000.0,3401.61,64.98,1598.39,0.3197
P01835,UrbanGear Bags 01835,Accessories,Bags,UrbanGear,Stable,14245.62,10424.93,130.89,3820.69,0.2682
P01836,PaperWorks Paper 01836,Office Supplies,Paper,PaperWorks,Stable,3348.62,2093.09,115.83,1255.53,0.3749
P01837,Vertex TVs 01837,Electronics,TVs,Vertex,Trending,78053.58,59785.93,18.07,18267.65,0.234
P01838,EverHome Washing Machines 01838,Home Appliances,Washing Machines,EverHome,Seasonal,34143.23,26509.47,19.85,7633.76,0.2236
P01839,ConnectX Chargers 01839,Accessories,Chargers,ConnectX,Volatile,11769.53,7436.0,143.61,4333.53,0.3682
P01840,Apex Laptops 01840,Electronics,Laptops,Apex,Stable,150000.0,97612.96,22.67,52387.04,0.3492
P01841,Arctic Washing Machines 01841,Home Appliances,Washing Machines,Arctic,Volatile,75512.7,54463.92,11.4,21048.78,0.2787
P01842,HomePro Refrigerators 01842,Home Appliances,Refrigerators,HomePro,Seasonal,120000.0,98077.96,23.42,21922.04,0.1827
P01843,EverHome Refrigerators 01843,Home Appliances,Refrigerators,EverHome,Seasonal,24623.32,19605.88,14.12,5017.44,0.2038
P01844,Glow Grooming 01844,Personal Care,Grooming,Glow,Seasonal,275.18,188.76,155.57,86.42,0.314
P01845,TechMate Cables 01845,Accessories,Cables,TechMate,Trending,12612.25,9506.35,165.54,3105.9,0.2463
P01846,Apex TVs 01846,Electronics,TVs,Apex,Volatile,90817.51,58203.28,2.51,32614.23,0.3591
P01847,Apex Laptops 01847,Electronics,Laptops,Apex,Stable,150000.0,91876.69,20.31,58123.31,0.3875
P01848,NovaTech Smartphones 01848,Electronics,Smartphones,NovaTech,Volatile,76783.9,49801.33,19.32,26982.57,0.3514
P01849,CarryPro Chargers 01849,Accessories,Chargers,CarryPro,Volatile,4485.11,3389.01,84.36,1096.1,0.2444
P01850,Glow Grooming 01850,Personal Care,Grooming,Glow,Stable,483.84,315.86,44.02,167.98,0.3472
P01851,ComfortMax Air Conditioners 01851,Home Appliances,Air Conditioners,ComfortMax,Stable,24518.47,18686.5,4.55,5831.97,0.2379
P01852,UrbanGear Cables 01852,Accessories,Cables,UrbanGear,Stable,3835.86,3100.24,231.57,735.62,0.1918
P01853,TechMate Chargers 01853,Accessories,Chargers,TechMate,Volatile,13531.41,11388.73,175.43,2142.68,0.1583
P01854,TechMate Mobile Accessories 01854,Accessories,Mobile Accessories,TechMate,Trending,12746.03,9605.04,40.5,3140.99,0.2464
P01855,CarryPro Cables 01855,Accessories,Cables,CarryPro,Stable,9387.23,5858.67,95.61,3528.56,0.3759
P01856,Arctic Microwaves 01856,Home Appliances,Microwaves,Arctic,Stable,21897.9,17304.89,18.59,4593.01,0.2097
P01857,OfficePro Storage 01857,Office Supplies,Storage,OfficePro,Stable,2036.43,1625.83,422.72,410.6,0.2016
P01858,Glow Haircare 01858,Personal Care,Haircare,Glow,Trending,263.73,160.23,32.23,103.5,0.3924
P01859,UrbanGear Bags 01859,Accessories,Bags,UrbanGear,Trending,15000.0,12656.23,66.79,2343.77,0.1563
P01860,DeskMate Writing 01860,Office Supplies,Writing,DeskMate,Intermittent,1778.92,1162.62,448.18,616.3,0.3464
P01861,OfficePro Paper 01861,Office Supplies,Paper,OfficePro,Trending,1316.26,1013.07,34.31,303.19,0.2303
P01862,OfficePro Storage 01862,Office Supplies,Storage,OfficePro,Intermittent,2570.55,2160.88,124.66,409.67,0.1594
P01863,Apex Smartphones 01863,Electronics,Smartphones,Apex,Seasonal,52782.79,32754.33,28.85,20028.46,0.3795
P01864,Glow Grooming 01864,Personal Care,Grooming,Glow,Seasonal,1000.0,815.09,191.75,184.91,0.1849
P01865,CarryPro Cables 01865,Accessories,Cables,CarryPro,Volatile,4858.17,3459.29,72.8,1398.88,0.2879
P01866,UrbanGear Cables 01866,Accessories,Cables,UrbanGear,Volatile,3260.92,2548.36,26.08,712.56,0.2185
P01867,Apex TVs 01867,Electronics,TVs,Apex,Volatile,21296.22,17754.7,2.79,3541.52,0.1663
P01868,NovaTech Laptops 01868,Electronics,Laptops,NovaTech,Volatile,76081.57,63719.79,8.85,12361.78,0.1625
P01869,Apex Laptops 01869,Electronics,Laptops,Apex,Stable,55319.19,45423.19,26.68,9896.0,0.1789
P01870,PaperWorks Storage 01870,Office Supplies,Storage,PaperWorks,Trending,1071.33,891.52,225.48,179.81,0.1678
P01871,TechMate Cables 01871,Accessories,Cables,TechMate,Stable,15000.0,9897.91,182.88,5102.09,0.3401
P01872,Apex Laptops 01872,Electronics,Laptops,Apex,Volatile,115656.55,84268.34,27.71,31388.21,0.2714
P01873,Glow Oral Care 01873,Personal Care,Oral Care,Glow,Seasonal,540.77,413.3,134.25,127.47,0.2357
P01874,UrbanGear Chargers 01874,Accessories,Chargers,UrbanGear,Trending,15000.0,11181.12,55.91,3818.88,0.2546
P01875,PaperWorks Paper 01875,Office Supplies,Paper,PaperWorks,Stable,3757.53,2321.26,273.05,1436.27,0.3822
P01876,Glow Skincare 01876,Personal Care,Skincare,Glow,Stable,335.7,208.91,274.26,126.79,0.3777
P01877,PureLife Oral Care 01877,Personal Care,Oral Care,PureLife,Seasonal,294.83,197.85,245.22,96.98,0.3289
P01878,DermaX Grooming 01878,Personal Care,Grooming,DermaX,Stable,898.48,564.99,38.43,333.49,0.3712
P01879,EverHome Washing Machines 01879,Home Appliances,Washing Machines,EverHome,Stable,78011.59,60075.79,21.39,17935.8,0.2299
P01880,CarePlus Haircare 01880,Personal Care,Haircare,CarePlus,Stable,608.97,459.6,180.13,149.37,0.2453
P01881,OfficePro Paper 01881,Office Supplies,Paper,OfficePro,Stable,1519.44,1058.4,456.51,461.04,0.3034
P01882,ConnectX Bags 01882,Accessories,Bags,ConnectX,Stable,10873.36,7547.13,39.4,3326.23,0.3059
P01883,Glow Grooming 01883,Personal Care,Grooming,Glow,Seasonal,349.54,255.02,169.53,94.52,0.2704
P01884,WriteWell Storage 01884,Office Supplies,Storage,WriteWell,Intermittent,2375.12,1780.95,443.35,594.17,0.2502
P01885,NovaTech Audio 01885,Electronics,Audio,NovaTech,Volatile,150000.0,90518.24,13.48,59481.76,0.3965
P01886,Glow Oral Care 01886,Personal Care,Oral Care,Glow,Stable,369.97,238.53,154.96,131.44,0.3553
P01887,Vertex Smartphones 01887,Electronics,Smartphones,Vertex,Seasonal,30159.03,22355.53,3.97,7803.5,0.2587
P01888,Vertex TVs 01888,Electronics,TVs,Vertex,Seasonal,41212.83,27537.46,9.79,13675.37,0.3318
P01889,DeskMate Paper 01889,Office Supplies,Paper,DeskMate,Trending,4585.14,3588.37,182.52,996.77,0.2174
P01890,CarryPro Bags 01890,Accessories,Bags,CarryPro,Stable,8796.78,7256.97,236.83,1539.81,0.175
P01891,NovaTech Laptops 01891,Electronics,Laptops,NovaTech,Seasonal,71733.04,54652.85,9.91,17080.19,0.2381
P01892,HomePro Refrigerators 01892,Home Appliances,Refrigerators,HomePro,Volatile,45312.41,33950.63,14.9,11361.78,0.2507
P01893,ConnectX Bags 01893,Accessories,Bags,ConnectX,Stable,10102.3,8545.19,171.11,1557.11,0.1541
P01894,Apex TVs 01894,Electronics,TVs,Apex,Trending,46563.41,30094.02,6.54,16469.39,0.3537
P01895,DermaX Skincare 01895,Personal Care,Skincare,DermaX,Stable,660.71,502.27,156.2,158.44,0.2398
P01896,PaperWorks Desk Accessories 01896,Office Supplies,Desk Accessories,PaperWorks,Trending,1628.22,1147.72,377.11,480.5,0.2951
P01897,Glow Grooming 01897,Personal Care,Grooming,Glow,Stable,320.96,266.88,262.72,54.08,0.1685
P01898,Vertex Smartphones 01898,Electronics,Smartphones,Vertex,Volatile,52867.33,42624.33,19.54,10243.0,0.1937
P01899,ComfortMax Refrigerators 01899,Home Appliances,Refrigerators,ComfortMax,Stable,49096.74,30811.96,20.73,18284.78,0.3724
P01900,DeskMate Desk Accessories 01900,Office Supplies,Desk Accessories,DeskMate,Stable,2452.1,1711.14,89.35,740.96,0.3022
P01901,CarePlus Grooming 01901,Personal Care,Grooming,CarePlus,Stable,633.46,387.95,284.82,245.51,0.3876
P01902,NovaTech Laptops 01902,Electronics,Laptops,NovaTech,Trending,8476.17,5088.35,5.71,3387.82,0.3997
P01903,OfficePro Storage 01903,Office Supplies,Storage,OfficePro,Trending,1555.27,1177.39,394.1,377.88,0.243
P01904,Vertex TVs 01904,Electronics,TVs,Vertex,Volatile,61272.8,47504.75,9.41,13768.05,0.2247
P01905,OfficePro Storage 01905,Office Supplies,Storage,OfficePro,Intermittent,5000.0,3177.05,468.79,1822.95,0.3646
P01906,Apex TVs 01906,Electronics,TVs,Apex,Stable,40539.48,24337.76,22.16,16201.72,0.3997
P01907,CarryPro Cables 01907,Accessories,Cables,CarryPro,Trending,8324.69,5765.59,190.92,2559.1,0.3074
P01908,HomePro Washing Machines 01908,Home Appliances,Washing Machines,HomePro,Seasonal,120000.0,78145.78,8.13,41854.22,0.3488
P01909,EverHome Refrigerators 01909,Home Appliances,Refrigerators,EverHome,Seasonal,27973.46,18310.41,14.41,9663.05,0.3454
P01910,Vertex TVs 01910,Electronics,TVs,Vertex,Stable,98166.31,74720.77,19.3,23445.54,0.2388
P01911,EverHome Air Conditioners 01911,Home Appliances,Air Conditioners,EverHome,Volatile,38003.34,26846.79,23.56,11156.55,0.2936
P01912,ConnectX Chargers 01912,Accessories,Chargers,ConnectX,Trending,5577.65,3579.38,34.95,1998.27,0.3583
P01913,TechMate Cables 01913,Accessories,Cables,TechMate,Stable,4663.1,3161.45,240.97,1501.65,0.322
P01914,HomePro Refrigerators 01914,Home Appliances,Refrigerators,HomePro,Seasonal,39643.33,33487.08,26.93,6156.25,0.1553
P01915,Arctic Washing Machines 01915,Home Appliances,Washing Machines,Arctic,Seasonal,120000.0,91898.83,9.57,28101.17,0.2342
P01916,WriteWell Paper 01916,Office Supplies,Paper,WriteWell,Intermittent,4190.9,3410.89,416.7,780.01,0.1861
P01917,ConnectX Bags 01917,Accessories,Bags,ConnectX,Trending,14622.92,11577.8,134.4,3045.12,0.2082
P01918,CarePlus Haircare 01918,Personal Care,Haircare,CarePlus,Trending,738.86,460.77,149.31,278.09,0.3764
P01919,ComfortMax Air Conditioners 01919,Home Appliances,Air Conditioners,ComfortMax,Stable,23459.68,19724.35,10.8,3735.33,0.1592
P01920,EverHome Refrigerators 01920,Home Appliances,Refrigerators,EverHome,Stable,77945.66,61970.68,18.27,15974.98,0.205
P01921,OfficePro Paper 01921,Office Supplies,Paper,OfficePro,Intermittent,4806.64,3713.65,373.05,1092.99,0.2274
P01922,Apex Smartphones 01922,Electronics,Smartphones,Apex,Volatile,46443.58,32314.47,13.51,14129.11,0.3042
P01923,Glow Skincare 01923,Personal Care,Skincare,Glow,Stable,981.53,703.24,196.18,278.29,0.2835
P01924,ComfortMax Washing Machines 01924,Home Appliances,Washing Machines,ComfortMax,Stable,93844.48,74646.96,21.58,19197.52,0.2046
P01925,OfficePro Writing 01925,Office Supplies,Writing,OfficePro,Intermittent,5000.0,4044.7,364.23,955.3,0.1911
P01926,Apex Audio 01926,Electronics,Audio,Apex,Trending,60316.65,47698.44,3.46,12618.21,0.2092
P01927,Glow Grooming 01927,Personal Care,Grooming,Glow,Seasonal,284.68,206.21,260.73,78.47,0.2756
P01928,DermaX Skincare 01928,Personal Care,Skincare,DermaX,Stable,442.72,346.3,148.31,96.42,0.2178
P01929,Glow Oral Care 01929,Personal Care,Oral Care,Glow,Seasonal,1000.0,613.1,93.48,386.9,0.3869
P01930,NovaTech Smartphones 01930,Electronics,Smartphones,NovaTech,Trending,25873.89,18992.31,8.77,6881.58,0.266
P01931,DermaX Oral Care 01931,Personal Care,Oral Care,DermaX,Seasonal,159.0,132.81,155.24,26.19,0.1647
P01932,CarePlus Skincare 01932,Personal Care,Skincare,CarePlus,Stable,580.31,387.46,268.31,192.85,0.3323
P01933,CarePlus Grooming 01933,Personal Care,Grooming,CarePlus,Stable,421.73,323.8,125.94,97.93,0.2322
P01934,CarePlus Grooming 01934,Personal Care,Grooming,CarePlus,Seasonal,552.56,379.4,229.92,173.16,0.3134
P01935,PaperWorks Desk Accessories 01935,Office Supplies,Desk Accessories,PaperWorks,Trending,4452.33,3473.27,75.5,979.06,0.2199
P01936,ConnectX Bags 01936,Accessories,Bags,ConnectX,Volatile,5419.51,3833.3,124.25,1586.21,0.2927
P01937,EverHome Air Conditioners 01937,Home Appliances,Air Conditioners,EverHome,Seasonal,19990.03,13132.69,29.77,6857.34,0.343
P01938,TechMate Mobile Accessories 01938,Accessories,Mobile Accessories,TechMate,Trending,15000.0,9269.97,194.91,5730.03,0.382
P01939,PureLife Skincare 01939,Personal Care,Skincare,PureLife,Seasonal,302.35,237.26,78.95,65.09,0.2153
P01940,Zenith Smartphones 01940,Electronics,Smartphones,Zenith,Trending,41052.66,31458.07,16.04,9594.59,0.2337
P01941,Apex TVs 01941,Electronics,TVs,Apex,Volatile,150000.0,110090.01,8.54,39909.99,0.2661
P01942,Arctic Washing Machines 01942,Home Appliances,Washing Machines,Arctic,Stable,48829.94,30186.98,13.47,18642.96,0.3818
P01943,WriteWell Desk Accessories 01943,Office Supplies,Desk Accessories,WriteWell,Intermittent,2430.77,1518.39,396.64,912.38,0.3753
P01944,WriteWell Storage 01944,Office Supplies,Storage,WriteWell,Trending,3373.38,2791.57,392.48,581.81,0.1725
P01945,DeskMate Storage 01945,Office Supplies,Storage,DeskMate,Stable,4837.47,3952.3,137.21,885.17,0.183
P01946,CarePlus Grooming 01946,Personal Care,Grooming,CarePlus,Seasonal,450.27,326.95,278.22,123.32,0.2739
P01947,ComfortMax Microwaves 01947,Home Appliances,Microwaves,ComfortMax,Stable,120000.0,98801.42,18.59,21198.58,0.1767
P01948,Apex Audio 01948,Electronics,Audio,Apex,Stable,21516.03,16429.74,12.64,5086.29,0.2364
P01949,ComfortMax Washing Machines 01949,Home Appliances,Washing Machines,ComfortMax,Stable,97019.26,78867.31,16.05,18151.95,0.1871
P01950,EverHome Refrigerators 01950,Home Appliances,Refrigerators,EverHome,Seasonal,37163.26,25679.44,18.94,11483.82,0.309
P01951,Apex TVs 01951,Electronics,TVs,Apex,Seasonal,150000.0,91893.92,17.68,58106.08,0.3874
P01952,Apex TVs 01952,Electronics,TVs,Apex,Seasonal,84394.7,50705.73,15.62,33688.97,0.3992
P01953,CarePlus Grooming 01953,Personal Care,Grooming,CarePlus,Trending,367.3,277.75,161.38,89.55,0.2438
P01954,DeskMate Desk Accessories 01954,Office Supplies,Desk Accessories,DeskMate,Intermittent,3758.22,2631.68,112.91,1126.54,0.2998
P01955,ConnectX Mobile Accessories 01955,Accessories,Mobile Accessories,ConnectX,Stable,12903.01,8205.45,205.06,4697.56,0.3641
P01956,CarryPro Chargers 01956,Accessories,Chargers,CarryPro,Volatile,11097.1,9106.66,140.02,1990.44,0.1794
P01957,DermaX Haircare 01957,Personal Care,Haircare,DermaX,Trending,296.52,200.92,56.7,95.6,0.3224
P01958,EverHome Refrigerators 01958,Home Appliances,Refrigerators,EverHome,Stable,45999.33,34397.8,23.45,11601.53,0.2522
P01959,DermaX Haircare 01959,Personal Care,Haircare,DermaX,Trending,548.66,438.08,281.08,110.58,0.2015
P01960,OfficePro Writing 01960,Office Supplies,Writing,OfficePro,Stable,2463.26,1845.75,475.23,617.51,0.2507
P01961,Vertex Smartphones 01961,Electronics,Smartphones,Vertex,Stable,121525.63,100989.01,12.33,20536.62,0.169
P01962,ComfortMax Air Conditioners 01962,Home Appliances,Air Conditioners,ComfortMax,Volatile,18358.57,12413.11,5.79,5945.46,0.3239
P01963,UrbanGear Mobile Accessories 01963,Accessories,Mobile Accessories,UrbanGear,Stable,9227.09,7260.01,134.42,1967.08,0.2132
P01964,ComfortMax Microwaves 01964,Home Appliances,Microwaves,ComfortMax,Seasonal,51678.84,39903.74,5.15,11775.1,0.2279
P01965,PureLife Oral Care 01965,Personal Care,Oral Care,PureLife,Seasonal,332.56,272.61,281.52,59.95,0.1803
P01966,PureLife Skincare 01966,Personal Care,Skincare,PureLife,Trending,352.28,223.29,71.4,128.99,0.3662
P01967,Zenith TVs 01967,Electronics,TVs,Zenith,Volatile,68139.38,49512.73,9.08,18626.65,0.2734
P01968,EverHome Washing Machines 01968,Home Appliances,Washing Machines,EverHome,Stable,7087.88,5010.87,13.39,2077.01,0.293
P01969,HomePro Refrigerators 01969,Home Appliances,Refrigerators,HomePro,Seasonal,40377.13,28572.55,12.73,11804.58,0.2924
P01970,Zenith Smartphones 01970,Electronics,Smartphones,Zenith,Trending,45823.13,34247.14,24.25,11575.99,0.2526
P01971,NovaTech Smartphones 01971,Electronics,Smartphones,NovaTech,Stable,106692.18,85552.99,14.78,21139.19,0.1981
P01972,ConnectX Mobile Accessories 01972,Accessories,Mobile Accessories,ConnectX,Volatile,4656.35,3090.5,50.98,1565.85,0.3363
P01973,EverHome Air Conditioners 01973,Home Appliances,Air Conditioners,EverHome,Seasonal,54053.21,44228.28,9.48,9824.93,0.1818
P01974,DermaX Skincare 01974,Personal Care,Skincare,DermaX,Stable,1000.0,824.03,162.55,175.97,0.176
P01975,EverHome Refrigerators 01975,Home Appliances,Refrigerators,EverHome,Volatile,111681.17,75101.54,6.13,36579.63,0.3275
P01976,ConnectX Bags 01976,Accessories,Bags,ConnectX,Volatile,12973.52,10350.15,156.8,2623.37,0.2022
P01977,HomePro Air Conditioners 01977,Home Appliances,Air Conditioners,HomePro,Volatile,45563.81,35234.8,17.84,10329.01,0.2267
P01978,ComfortMax Microwaves 01978,Home Appliances,Microwaves,ComfortMax,Seasonal,85187.66,62288.63,22.01,22899.03,0.2688
P01979,TechMate Chargers 01979,Accessories,Chargers,TechMate,Trending,6561.43,4840.12,235.05,1721.31,0.2623
P01980,UrbanGear Mobile Accessories 01980,Accessories,Mobile Accessories,UrbanGear,Trending,6711.96,4516.18,228.94,2195.78,0.3271
P01981,Vertex Smartphones 01981,Electronics,Smartphones,Vertex,Seasonal,99096.01,68786.71,28.49,30309.3,0.3059
P01982,CarryPro Mobile Accessories 01982,Accessories,Mobile Accessories,CarryPro,Trending,5276.97,3635.31,68.73,1641.66,0.3111
P01983,DermaX Grooming 01983,Personal Care,Grooming,DermaX,Stable,1000.0,671.49,56.84,328.51,0.3285
P01984,Glow Haircare 01984,Personal Care,Haircare,Glow,Trending,499.62,388.13,104.64,111.49,0.2231
P01985,Vertex TVs 01985,Electronics,TVs,Vertex,Trending,112313.52,86415.89,27.06,25897.63,0.2306
P01986,Apex TVs 01986,Electronics,TVs,Apex,Seasonal,150000.0,111075.08,29.22,38924.92,0.2595
P01987,OfficePro Storage 01987,Office Supplies,Storage,OfficePro,Trending,4689.07,3625.28,433.88,1063.79,0.2269
P01988,DermaX Grooming 01988,Personal Care,Grooming,DermaX,Stable,236.17,142.59,50.8,93.58,0.3962
P01989,EverHome Air Conditioners 01989,Home Appliances,Air Conditioners,EverHome,Volatile,80316.47,51923.56,28.53,28392.91,0.3535
P01990,OfficePro Desk Accessories 01990,Office Supplies,Desk Accessories,OfficePro,Stable,4206.68,3402.52,228.98,804.16,0.1912
P01991,OfficePro Writing 01991,Office Supplies,Writing,OfficePro,Intermittent,4311.81,3659.01,34.38,652.8,0.1514
P01992,NovaTech Smartphones 01992,Electronics,Smartphones,NovaTech,Seasonal,39737.73,33352.04,14.39,6385.69,0.1607
P01993,CarePlus Grooming 01993,Personal Care,Grooming,CarePlus,Trending,370.81,292.56,32.9,78.25,0.211
P01994,Apex TVs 01994,Electronics,TVs,Apex,Stable,140753.89,115619.07,17.23,25134.82,0.1786
P01995,PaperWorks Storage 01995,Office Supplies,Storage,PaperWorks,Intermittent,1598.69,1145.73,189.12,452.96,0.2833
P01996,DeskMate Storage 01996,Office Supplies,Storage,DeskMate,Trending,2109.44,1340.55,252.51,768.89,0.3645
P01997,ConnectX Cables 01997,Accessories,Cables,ConnectX,Volatile,15000.0,9987.19,157.16,5012.81,0.3342
P01998,Zenith Laptops 01998,Electronics,Laptops,Zenith,Seasonal,75308.9,59953.24,26.33,15355.66,0.2039
P01999,Apex Audio 01999,Electronics,Audio,Apex,Seasonal,50109.64,37591.01,20.53,12518.63,0.2498
P02000,HomePro Washing Machines 02000,Home Appliances,Washing Machines,HomePro,Volatile,36323.57,26262.9,14.15,10060.67,0.277
