action_rank,priority_rank,management_priority,product_id,product_name,category,demand_class,risk_score,risk_class,confidence_score,confidence_class,business_impact_score,business_impact_class,primary_risk_driver,primary_risk_driver_score,anomaly_severity_score,max_anomaly_deviation,max_anomaly_z,forecast_change_pct,wape,inventory_risk_score,stockout_risk,service_risk,supplier_risk,volatility_risk,excess_inventory_risk,inventory_days,fill_rate,estimated_financial_exposure,at_risk_value,lost_sales_exposure,supplier_delay_exposure,inventory_obsolescence_exposure,optimization_opportunity,compound_risk_count,compound_risk_score,recommended_action
1,1,P1 - Immediate,P01620,OfficePro Storage 01620,Office Supplies,Intermittent,85.29,Critical,100.0,High,64.91,High,Forecast Accuracy,100.0,3,1.0,120.6786,0.0,189.5952,21.2,5.5328,0.0,58.5417,71.7511,0.0,24.5188,0.9611,2187761.5101,1582845.4525,1601501.1,586260.4101,0.0,4006.08,3,35.0,Validate demand signal and supplier capacity; prepare alternate sourcing if demand persists
2,2,P2 - High,P01905,OfficePro Storage 01905,Office Supplies,Intermittent,56.01,High,100.0,High,96.34,Very High,Forecast Accuracy,100.0,3,1.6218,8.833,0.0,129.2737,17.91,3.2498,0.0,46.6667,66.2431,0.0,23.51,0.9785,9147111.9199,3465840.7064,5087853.45,4059258.4699,0.0,5159.73,1,10.0,Review forecast model performance; recalibrate demand assumptions before next planning cycle
3,2,P2 - High,P01633,WriteWell Writing 01633,Office Supplies,Intermittent,55.28,High,100.0,High,89.31,Very High,Forecast Accuracy,100.0,3,1.2036,4.2056,0.0,147.4706,17.74,3.4052,0.0,42.2917,69.1895,0.0,24.5266,0.9769,5367438.351,2009032.1748,3283941.96,2083496.391,0.0,21923.27,1,10.0,Review forecast model performance; recalibrate demand assumptions before next planning cycle
4,2,P2 - High,P01884,WriteWell Storage 01884,Office Supplies,Intermittent,53.55,High,100.0,High,73.96,High,Forecast Accuracy,100.0,3,1.0,130.2857,0.0,140.5408,17.08,3.3608,0.0,33.125,74.0483,0.0,26.0264,0.976,2849490.7775,1033795.2541,1532364.43,1317126.3475,0.0,4139.3,1,10.0,Review forecast model performance; recalibrate demand assumptions before next planning cycle
5,2,P2 - High,P01344,PaperWorks Storage 01344,Office Supplies,Intermittent,53.19,High,100.0,High,46.65,Medium,Forecast Accuracy,100.0,3,1.0,7.7952,0.0,117.8651,17.43,3.806,0.0,40.0,68.5789,0.0,24.1491,0.9729,1055131.4165,389660.0321,624143.36,430988.0565,0.0,7.0,1,10.0,Review forecast model performance; recalibrate demand assumptions before next planning cycle
6,2,P2 - High,P00215,WriteWell Desk Accessories 00215,Office Supplies,Intermittent,52.87,High,100.0,High,31.47,Low,Forecast Accuracy,100.0,3,2.8019,16.944,0.0,178.0719,17.14,2.0623,0.0,42.7083,67.4128,0.0,22.6064,0.9862,426396.6836,158491.6473,198958.65,227438.0336,0.0,10329.94,1,10.0,Review forecast model performance; recalibrate demand assumptions before next planning cycle
7,2,P2 - High,P01338,DeskMate Desk Accessories 01338,Office Supplies,Intermittent,52.76,High,100.0,High,41.98,Medium,Forecast Accuracy,100.0,3,1.3576,30.1401,0.0,123.9066,17.27,2.9057,0.0,35.0,74.2896,0.0,26.7676,0.9792,747518.3952,274040.2437,422474.58,325043.8152,0.0,5400.87,1,10.0,Review forecast model performance; recalibrate demand assumptions before next planning cycle
8,2,P2 - High,P01925,OfficePro Writing 01925,Office Supplies,Intermittent,52.47,High,100.0,High,74.47,High,Forecast Accuracy,100.0,3,1.8555,21.9141,0.0,149.9772,15.55,1.0681,0.0,32.9,68.6517,0.0,24.6958,0.9934,2256499.1181,794287.6896,616168.5,1640330.6181,0.0,9834.54,1,10.0,Review forecast model performance; recalibrate demand assumptions before next planning cycle
9,2,P2 - High,P01860,DeskMate Writing 01860,Office Supplies,Intermittent,52.42,High,100.0,High,75.89,High,Forecast Accuracy,100.0,3,1.2519,11.7847,0.0,132.7488,16.02,3.1288,0.0,29.375,71.1648,0.0,24.4344,0.9797,3058746.204,1073619.9176,1401466.2,1657280.004,0.0,6333.38,1,10.0,Review forecast model performance; recalibrate demand assumptions before next planning cycle
10,2,P2 - High,P01802,PaperWorks Paper 01802,Office Supplies,Intermittent,52.23,High,100.0,High,79.65,High,Forecast Accuracy,100.0,3,1.0,70.3214,0.0,131.4993,15.75,2.0543,0.0,25.4167,75.4944,0.0,26.9324,0.9849,3034265.9758,1055317.7064,1348788.54,1685477.4358,0.0,21660.57,1,10.0,Review forecast model performance; recalibrate demand assumptions before next planning cycle
11,2,P2 - High,P01156,OfficePro Desk Accessories 01156,Office Supplies,Intermittent,52.2,High,100.0,High,61.74,High,Forecast Accuracy,100.0,3,1.0,8.8915,0.0,237.1755,15.79,0.9373,0.0,32.5,70.9213,0.0,25.6218,0.9934,1407851.289,498097.786,398754.72,1009096.569,0.0,12415.58,1,10.0,Review forecast model performance; recalibrate demand assumptions before next planning cycle
12,2,P2 - High,P00648,WriteWell Paper 00648,Office Supplies,Intermittent,51.98,High,100.0,High,42.07,Medium,Forecast Accuracy,100.0,3,0.837,186.3571,0.0,121.7718,16.49,2.3168,0.0,33.125,72.1567,0.0,25.1464,0.9837,734359.7404,263341.4029,367923.27,366436.4704,0.0,13721.28,1,10.0,Review forecast model performance; recalibrate demand assumptions before next planning cycle
13,2,P2 - High,P00071,WriteWell Paper 00071,Office Supplies,Intermittent,51.74,High,100.0,High,36.53,Low,Forecast Accuracy,100.0,3,1.0,70.5357,0.0,122.8262,16.47,3.059,0.0,34.5833,69.09,0.0,24.5126,0.979,633128.6855,226723.3823,337419.33,295709.3555,0.0,5837.15,1,10.0,Review forecast model performance; recalibrate demand assumptions before next planning cycle
14,2,P2 - High,P01153,DeskMate Paper 01153,Office Supplies,Intermittent,51.5,High,100.0,High,85.48,Very High,Forecast Accuracy,100.0,3,1.0,4.2416,0.0,123.2781,14.39,0.3282,0.0,28.0,67.2649,0.0,26.097,0.9981,3119265.1672,1056807.0386,360542.0,2758723.1672,0.0,26.0,1,10.0,Review forecast model performance; recalibrate demand assumptions before next planning cycle
15,2,P2 - High,P01718,WriteWell Paper 01718,Office Supplies,Intermittent,51.13,High,100.0,High,53.05,Medium,Forecast Accuracy,100.0,3,1.0,106.2857,0.0,138.6203,16.16,5.3282,0.0,24.375,72.695,0.0,26.8813,0.9632,1397445.2692,483516.0632,1014897.42,382547.8492,0.0,37548.05,1,10.0,Review forecast model performance; recalibrate demand assumptions before next planning cycle
16,2,P2 - High,P01057,PaperWorks Desk Accessories 01057,Office Supplies,Intermittent,51.0,High,100.0,High,62.66,High,Forecast Accuracy,100.0,3,2.8908,166.4286,0.0,131.4996,15.47,3.4595,0.0,20.4167,75.8235,0.0,26.4043,0.975,1884642.1265,643605.2862,1011448.69,873193.4365,0.0,11074.12,1,10.0,Review forecast model performance; recalibrate demand assumptions before next planning cycle
17,2,P2 - High,P00075,OfficePro Writing 00075,Office Supplies,Intermittent,50.93,High,100.0,High,44.87,Medium,Forecast Accuracy,100.0,3,1.0,75.6071,0.0,213.0816,15.09,0.3792,0.0,30.7,69.1362,0.0,25.6551,0.9989,607289.4489,210668.7098,43400.26,563889.1889,0.0,4772.4,1,10.0,Review forecast model performance; recalibrate demand assumptions before next planning cycle
18,2,P2 - High,P01007,PaperWorks Paper 01007,Office Supplies,Intermittent,50.83,High,100.0,High,50.71,Medium,Forecast Accuracy,100.0,3,2.6659,8.1283,0.0,126.2,15.01,0.5604,0.0,25.1,73.8593,0.0,26.3852,0.9971,868080.0015,298532.7125,114352.2,753727.8015,0.0,0.0,1,10.0,Review forecast model performance; recalibrate demand assumptions before next planning cycle
19,2,P2 - High,P01404,PaperWorks Storage 01404,Office Supplies,Intermittent,50.25,High,100.0,High,53.97,Medium,Forecast Accuracy,100.0,3,2.0054,9.6847,0.0,138.2358,14.24,0.0,0.0,25.1,69.8265,0.0,24.6772,1.0,941860.8979,317407.1226,0.0,941860.8979,0.0,17122.38,1,10.0,Review forecast model performance; recalibrate demand assumptions before next planning cycle
20,2,P2 - High,P01164,PaperWorks Desk Accessories 01164,Office Supplies,Intermittent,50.07,High,100.0,High,53.29,Medium,Forecast Accuracy,100.0,3,1.0,118.3214,0.0,129.7201,14.6,1.0681,0.0,20.0,75.1776,0.0,26.9608,0.9921,973236.9733,326521.0045,343797.22,629439.7533,0.0,4709.01,1,10.0,Review forecast model performance; recalibrate demand assumptions before next planning cycle
21,2,P2 - High,P01995,PaperWorks Storage 01995,Office Supplies,Intermittent,50.01,High,100.0,High,46.21,Medium,Forecast Accuracy,100.0,3,1.0,12.1569,0.0,141.743,15.29,4.648,0.0,21.4583,71.1552,0.0,26.4292,0.9658,1032299.4637,348091.3792,741042.56,291256.9037,0.0,11395.87,1,10.0,Review forecast model performance; recalibrate demand assumptions before next planning cycle
22,2,P2 - High,P00326,WriteWell Paper 00326,Office Supplies,Intermittent,49.98,Moderate,100.0,High,23.42,Low,Forecast Accuracy,100.0,3,1.0,18.0357,0.0,125.3698,15.31,2.3972,0.0,28.75,68.5436,0.0,23.7706,0.9842,297912.4482,102720.2122,131713.55,166198.8982,0.0,3555.29,1,10.0,Review forecast model performance; recalibrate demand assumptions before next planning cycle
23,2,P2 - High,P00087,WriteWell Paper 00087,Office Supplies,Intermittent,49.82,Moderate,100.0,High,36.7,Low,Forecast Accuracy,100.0,3,4.6477,58.4286,0.0,147.9138,14.62,2.0853,0.0,24.1667,69.1548,0.0,25.6095,0.986,559575.1658,189472.1511,282740.15,276835.0158,0.0,0.0,1,10.0,Review forecast model performance; recalibrate demand assumptions before next planning cycle
24,2,P2 - High,P00943,PaperWorks Storage 00943,Office Supplies,Intermittent,49.81,Moderate,100.0,High,28.53,Low,Forecast Accuracy,100.0,3,2.0856,63.5357,0.0,147.1401,15.11,2.8988,0.0,26.0417,68.8662,0.0,25.3083,0.9806,374650.6427,127868.2644,229822.1,144828.5427,0.0,0.0,1,10.0,Review forecast model performance; recalibrate demand assumptions before next planning cycle
25,2,P2 - High,P01777,OfficePro Storage 01777,Office Supplies,Intermittent,49.74,Moderate,100.0,High,64.0,High,Forecast Accuracy,100.0,3,1.0,14.9914,0.0,114.386,13.75,0.7853,0.0,21.9,68.1669,0.0,26.158,0.9949,1496356.2812,492001.9453,365923.35,1130432.9312,0.0,773.56,1,10.0,Review forecast model performance; recalibrate demand assumptions before next planning cycle
26,2,P2 - High,P00322,WriteWell Desk Accessories 00322,Office Supplies,Intermittent,49.48,Moderate,100.0,High,62.36,High,Forecast Accuracy,100.0,3,1.0,16.9898,0.0,116.2661,13.63,0.7354,0.0,20.0,69.3969,0.0,26.6494,0.9968,1384718.3022,452525.9412,214642.64,1170075.6622,0.0,5909.95,1,10.0,Review forecast model performance; recalibrate demand assumptions before next planning cycle
27,2,P2 - High,P00305,PaperWorks Paper 00305,Office Supplies,Intermittent,49.32,Moderate,100.0,High,68.06,High,Forecast Accuracy,100.0,3,1.0,129.3571,0.0,122.5271,13.86,3.2064,0.0,16.6667,69.3072,0.0,27.2588,0.9789,2059236.77,666163.0951,1298299.84,760936.93,0.0,19894.87,1,10.0,Review forecast model performance; recalibrate demand assumptions before next planning cycle
28,2,P2 - High,P00775,OfficePro Paper 00775,Office Supplies,Intermittent,49.25,Moderate,100.0,High,78.35,High,Forecast Accuracy,100.0,3,1.0,105.6429,0.0,118.2344,13.54,3.4,0.0,15.8333,67.6177,0.0,23.938,0.977,3271123.328,1045451.0156,2005255.5,1265867.828,0.0,10072.55,1,10.0,Review forecast model performance; recalibrate demand assumptions before next planning cycle
29,2,P2 - High,P00891,PaperWorks Writing 00891,Office Supplies,Intermittent,49.2,Moderate,100.0,High,48.16,Medium,Forecast Accuracy,100.0,3,1.6747,8.7419,0.0,142.0984,14.33,4.0008,0.0,19.5833,67.9529,0.0,25.0238,0.9723,1138425.3155,374086.5587,667100.16,471325.1555,0.0,7775.07,1,10.0,Review forecast model performance; recalibrate demand assumptions before next planning cycle
30,2,P2 - High,P01921,OfficePro Paper 01921,Office Supplies,Intermittent,48.65,Moderate,100.0,High,84.64,Very High,Forecast Accuracy,100.0,3,1.0,144.1071,0.0,112.0424,12.77,2.5491,0.0,12.5,67.5592,0.0,25.2993,0.9814,4343487.6105,1355602.4832,2032961.4,2310526.2105,0.0,16077.69,1,10.0,Review forecast model performance; recalibrate demand assumptions before next planning cycle
31,2,P2 - High,P00882,PaperWorks Paper 00882,Office Supplies,Intermittent,48.24,Moderate,100.0,High,26.59,Low,Forecast Accuracy,100.0,3,6.5349,6.3177,0.0,162.4977,13.94,3.3527,0.0,14.1667,72.0441,0.0,27.2389,0.9761,371428.8835,121085.816,207182.36,164246.5235,0.0,5294.81,1,10.0,Review forecast model performance; recalibrate demand assumptions before next planning cycle
32,2,P2 - High,P01797,WriteWell Desk Accessories 01797,Office Supplies,Intermittent,48.2,Moderate,100.0,High,48.46,Medium,Forecast Accuracy,100.0,3,1.0,4.983,0.0,147.1657,12.88,0.0,0.0,16.0,69.8364,0.0,26.47,1.0,779163.4395,248319.3882,0.0,779163.4395,0.0,12332.83,1,10.0,Review forecast model performance; recalibrate demand assumptions before next planning cycle
33,2,P2 - High,P01190,WriteWell Desk Accessories 01190,Office Supplies,Intermittent,48.0,Moderate,100.0,High,45.35,Medium,Forecast Accuracy,100.0,3,1.0,113.0357,0.0,140.0677,13.02,1.7912,0.0,16.7,66.5331,0.0,25.6819,0.9889,829154.294,263422.3192,315928.67,513225.624,0.0,6183.25,1,10.0,Review forecast model performance; recalibrate demand assumptions before next planning cycle
34,2,P2 - High,P01767,OfficePro Paper 01767,Office Supplies,Intermittent,48.0,Moderate,100.0,High,30.29,Low,Forecast Accuracy,100.0,3,1.0,114.1429,0.0,122.7085,13.77,3.4582,0.0,17.0833,67.7884,0.0,24.5194,0.975,477141.6966,153830.483,251520.54,225621.1566,0.0,8609.04,1,10.0,Review forecast model performance; recalibrate demand assumptions before next planning cycle
35,2,P2 - High,P01806,WriteWell Paper 01806,Office Supplies,Intermittent,47.85,Moderate,100.0,High,51.23,Medium,Forecast Accuracy,100.0,3,1.0,75.2143,0.0,129.7357,12.61,0.8005,0.0,14.7,67.7938,0.0,26.1929,0.9947,1010935.5637,317838.1412,211293.68,799641.8837,0.0,8809.07,1,10.0,Review forecast model performance; recalibrate demand assumptions before next planning cycle
36,2,P2 - High,P01458,PaperWorks Writing 01458,Office Supplies,Intermittent,47.79,Moderate,100.0,High,32.85,Low,Forecast Accuracy,100.0,3,2.4118,4.3379,0.0,132.1052,12.84,0.7275,0.0,18.7,65.4333,0.0,25.7988,0.9955,393110.318,125598.7466,93778.49,299331.828,0.0,16693.03,1,10.0,Review forecast model performance; recalibrate demand assumptions before next planning cycle
37,2,P2 - High,P01443,PaperWorks Paper 01443,Office Supplies,Intermittent,47.08,Moderate,100.0,High,52.78,Medium,Forecast Accuracy,100.0,3,1.0,170.3929,0.0,132.403,12.17,1.0083,0.0,8.0,71.0846,0.0,26.2242,0.994,973356.6912,298333.8259,265046.17,708310.5212,0.0,56566.54,1,10.0,Review forecast model performance; recalibrate demand assumptions before next planning cycle
38,2,P2 - High,P00760,PaperWorks Storage 00760,Office Supplies,Intermittent,46.86,Moderate,100.0,High,27.79,Low,Forecast Accuracy,100.0,2,1.0,3.335,0.0,115.8269,15.72,2.3956,0.0,30.8333,69.1748,0.0,25.0071,0.9843,355201.4944,110787.3461,192506.05,162695.4444,0.0,4220.68,1,10.0,Review forecast model performance; recalibrate demand assumptions before next planning cycle
39,2,P2 - High,P00505,OfficePro Storage 00505,Office Supplies,Intermittent,46.55,Moderate,100.0,High,32.44,Low,Forecast Accuracy,100.0,2,1.0,3.0633,0.0,139.1767,15.78,2.3424,0.0,26.25,74.268,0.0,25.6577,0.9834,476529.018,146485.0201,198287.56,278241.458,0.0,1117.36,1,10.0,Review forecast model performance; recalibrate demand assumptions before next planning cycle
40,2,P2 - High,P01618,DeskMate Writing 01618,Office Supplies,Intermittent,45.91,Moderate,100.0,High,40.12,Medium,Forecast Accuracy,100.0,3,1.0,5.3774,0.0,144.3949,11.18,0.0,0.0,8.0,66.5658,0.0,27.1819,1.0,464594.8083,138913.8477,0.0,464594.8083,0.0,641.81,1,10.0,Review forecast model performance; recalibrate demand assumptions before next planning cycle
41,2,P2 - High,P00039,DeskMate Storage 00039,Office Supplies,Intermittent,45.46,Moderate,100.0,High,76.55,High,Forecast Accuracy,100.0,2,2.9637,3.3204,0.0,121.6801,13.3,1.257,0.0,15.5,70.6833,0.0,24.9519,0.9915,2831190.7968,806040.0198,697807.16,2133383.6368,0.0,22082.6,1,10.0,Review forecast model performance; recalibrate demand assumptions before next planning cycle
42,2,P2 - High,P01305,WriteWell Storage 01305,Office Supplies,Intermittent,45.32,Moderate,100.0,High,58.67,Medium,Forecast Accuracy,100.0,1,1.4153,2.1308,0.0,138.0021,17.39,1.3696,0.0,43.7,69.4771,0.0,24.2361,0.9904,1402538.856,404211.6983,469680.16,932858.696,0.0,2837.29,1,10.0,Review forecast model performance; recalibrate demand assumptions before next planning cycle
43,2,P2 - High,P01591,WriteWell Desk Accessories 01591,Office Supplies,Intermittent,45.14,Moderate,100.0,High,67.7,High,Forecast Accuracy,100.0,2,2.841,3.725,0.0,148.6113,12.92,0.7493,0.0,12.0,72.6119,0.0,27.7256,0.9952,1690055.3636,480144.7288,359116.44,1330938.9236,0.0,129.56,1,10.0,Review forecast model performance; recalibrate demand assumptions before next planning cycle
44,2,P2 - High,P01916,WriteWell Paper 01916,Office Supplies,Intermittent,45.03,Moderate,100.0,High,81.92,Very High,Forecast Accuracy,100.0,1,2.0315,2.082,0.0,139.2567,17.15,4.7534,0.0,40.625,64.2067,0.0,24.414,0.9675,4449937.5498,1243312.5514,3068559.34,1381378.2098,0.0,11851.83,1,10.0,Review forecast model performance; recalibrate demand assumptions before next planning cycle
45,2,P2 - High,P01081,OfficePro Storage 01081,Office Supplies,Intermittent,45.01,Moderate,100.0,High,65.73,High,Forecast Accuracy,100.0,1,1.0,2.8096,0.0,127.3304,16.45,1.5228,0.0,38.5,68.121,0.0,24.137,0.9903,1882425.9326,533479.5093,594305.4,1288120.5326,0.0,17007.81,1,10.0,Review forecast model performance; recalibrate demand assumptions before next planning cycle
46,2,P2 - High,P00724,WriteWell Storage 00724,Office Supplies,Intermittent,44.51,Moderate,100.0,High,46.39,Medium,Forecast Accuracy,100.0,2,1.5713,3.6821,0.0,154.1141,13.03,1.8527,0.0,15.1,68.0343,0.0,23.6456,0.987,902286.0,256068.7668,372060.0,530226.0,0.0,0.0,1,10.0,Review forecast model performance; recalibrate demand assumptions before next planning cycle
47,2,P2 - High,P00463,PaperWorks Storage 00463,Office Supplies,Intermittent,44.43,Moderate,100.0,High,58.66,Medium,Forecast Accuracy,100.0,1,1.0,2.2505,0.0,129.618,16.67,1.9986,0.0,40.0,67.1461,0.0,23.8258,0.9869,1521863.8673,425969.6965,602580.34,919283.5273,0.0,18983.99,1,10.0,Review forecast model performance; recalibrate demand assumptions before next planning cycle
48,2,P2 - High,P01099,PaperWorks Writing 01099,Office Supplies,Intermittent,44.36,Moderate,100.0,High,38.02,Low,Forecast Accuracy,100.0,2,2.3524,3.597,0.0,145.689,12.65,0.7612,0.0,21.1,61.7285,0.0,25.6304,0.9951,447249.9184,127332.0518,162841.57,284408.3484,0.0,0.0,1,10.0,Review forecast model performance; recalibrate demand assumptions before next planning cycle
49,2,P2 - High,P01021,PaperWorks Desk Accessories 01021,Office Supplies,Intermittent,44.33,Moderate,100.0,High,37.7,Low,Forecast Accuracy,100.0,2,1.0,3.8012,0.0,130.6648,12.75,0.603,0.0,16.1,67.6948,0.0,24.8135,0.9967,475842.024,135377.0558,85591.2,390250.824,0.0,3444.07,1,10.0,Review forecast model performance; recalibrate demand assumptions before next planning cycle
50,2,P2 - High,P01345,OfficePro Storage 01345,Office Supplies,Intermittent,44.12,Moderate,100.0,High,63.45,High,Forecast Accuracy,100.0,2,1.0,3.6571,0.0,109.6308,12.5,2.0657,0.0,10.0,69.2006,0.0,24.9151,0.9862,1782715.87,491673.0369,748974.72,1033741.15,0.0,38039.52,1,10.0,Review forecast model performance; recalibrate demand assumptions before next planning cycle
51,2,P2 - High,P01273,WriteWell Paper 01273,Office Supplies,Intermittent,42.93,Moderate,88.0,High,79.42,High,Forecast Accuracy,100.0,0,1.0,1.7867,0.0,164.6104,18.64,3.2518,0.0,48.3333,69.4103,0.0,23.6208,0.9771,3484875.8052,910249.5603,1972479.36,1512396.4452,0.0,15782.63,1,10.0,Review forecast model performance; recalibrate demand assumptions before next planning cycle
52,2,P2 - High,P01943,WriteWell Desk Accessories 01943,Office Supplies,Intermittent,41.58,Moderate,88.0,High,85.65,Very High,Forecast Accuracy,100.0,0,1.8227,0.5331,0.0,116.9251,18.88,5.8345,0.0,47.7083,66.5171,0.0,23.3049,0.9595,5979154.5968,1482232.4245,4079250.98,1899903.6168,0.0,39334.1,1,10.0,Review forecast model performance; recalibrate demand assumptions before next planning cycle
53,2,P2 - High,P00266,DeskMate Desk Accessories 00266,Office Supplies,Intermittent,40.69,Moderate,88.0,High,28.91,Low,Forecast Accuracy,100.0,0,1.43,1.3987,0.0,145.6666,18.73,5.6155,0.0,42.9167,70.7039,0.0,24.0881,0.9589,473776.8896,119676.0423,331055.28,142721.6096,0.0,10350.14,1,10.0,Review forecast model performance; recalibrate demand assumptions before next planning cycle
54,2,P2 - High,P00973,PaperWorks Storage 00973,Office Supplies,Intermittent,40.65,Moderate,88.0,High,58.64,Medium,Forecast Accuracy,100.0,0,1.0,1.0648,0.0,121.4087,17.7,2.5701,0.0,45.0,67.8405,0.0,22.8658,0.9825,1546179.1134,379586.9723,785001.12,761177.9934,0.0,9717.13,1,10.0,Review forecast model performance; recalibrate demand assumptions before next planning cycle
55,2,P2 - High,P01954,DeskMate Desk Accessories 01954,Office Supplies,Intermittent,40.5,Moderate,88.0,High,51.8,Medium,Forecast Accuracy,100.0,0,1.0,1.4313,0.0,108.5196,17.7,2.8446,0.0,38.75,73.5642,0.0,25.9253,0.9811,1166149.1464,286522.8453,584674.26,581474.8864,0.0,7150.47,1,10.0,Review forecast model performance; recalibrate demand assumptions before next planning cycle
56,2,P2 - High,P00548,PaperWorks Storage 00548,Office Supplies,Intermittent,40.49,Moderate,100.0,High,69.03,High,Forecast Accuracy,100.0,1,1.0,2.2459,0.0,125.5474,14.11,4.8384,0.0,16.0417,68.3537,0.0,24.7291,0.9667,2767336.495,669418.6981,1646136.58,1121199.915,0.0,15530.58,1,10.0,Review forecast model performance; recalibrate demand assumptions before next planning cycle
57,2,P2 - High,P01054,OfficePro Writing 01054,Office Supplies,Intermittent,40.31,Moderate,88.0,High,69.94,High,Forecast Accuracy,100.0,0,1.0,1.837,0.0,120.4829,16.43,1.8074,0.0,38.9,67.0009,0.0,23.584,0.9888,2063112.4775,495353.3058,831169.96,1231942.5175,0.0,3316.71,1,10.0,Review forecast model performance; recalibrate demand assumptions before next planning cycle
58,2,P2 - High,P01716,CarryPro Bags 01716,Accessories,Volatile,40.24,Moderate,93.0,High,79.7,High,Supplier,51.46,0,0.1729,0.2195,0.0,21.6809,11.54,6.8893,0.0,51.4583,11.6941,0.0,17.9272,0.9654,6983546.4984,1658592.2934,6245386.5,738159.9984,0.0,0.0,2,22.0,Review supplier reliability and establish contingency replenishment coverage
59,2,P2 - High,P01447,PaperWorks Storage 01447,Office Supplies,Intermittent,40.21,Moderate,100.0,High,75.1,High,Forecast Accuracy,100.0,1,1.0,2.5832,0.0,151.3554,12.88,1.347,0.0,13.5,69.6822,0.0,25.3053,0.9906,2605794.153,620439.5878,749510.79,1856283.363,0.0,15291.08,1,10.0,Review forecast model performance; recalibrate demand assumptions before next planning cycle
60,2,P2 - High,P00781,WriteWell Desk Accessories 00781,Office Supplies,Intermittent,40.13,Moderate,100.0,High,62.95,High,Forecast Accuracy,100.0,1,1.0,2.5177,0.0,164.6385,13.85,5.0262,0.0,12.0833,70.1685,0.0,25.6723,0.9648,2179336.59,523040.7816,1256734.0,922602.59,0.0,7209.91,1,10.0,Review forecast model performance; recalibrate demand assumptions before next planning cycle
61,2,P2 - High,P00267,OfficePro Paper 00267,Office Supplies,Intermittent,40.13,Moderate,100.0,High,78.4,High,Forecast Accuracy,100.0,1,1.5667,2.5099,0.0,122.5119,12.46,0.3301,0.0,16.0,66.3888,0.0,26.0125,0.9981,2160238.5158,511328.4567,271674.72,1888563.7958,0.0,1018.64,1,10.0,Review forecast model performance; recalibrate demand assumptions before next planning cycle
62,3,P3 - Monitor,P00960,OfficePro Storage 00960,Office Supplies,Intermittent,47.27,Moderate,100.0,High,23.44,Low,Forecast Accuracy,100.0,3,1.0,24.0714,0.0,172.6532,12.85,1.0632,0.0,17.1,66.435,0.0,23.8849,0.9935,246875.4675,78358.2734,69939.0,176936.4675,0.0,1740.17,1,10.0,Review forecast model performance; recalibrate demand assumptions before next planning cycle
63,3,P3 - Monitor,P00353,OfficePro Desk Accessories 00353,Office Supplies,Intermittent,46.89,Moderate,100.0,High,18.72,Low,Forecast Accuracy,100.0,3,1.0,13.1365,0.0,124.5263,12.48,0.0,0.0,16.0,67.1867,0.0,26.4585,1.0,177907.3312,56040.8093,0.0,177907.3312,0.0,203.02,1,10.0,Review forecast model performance; recalibrate demand assumptions before next planning cycle
64,3,P3 - Monitor,P00400,WriteWell Desk Accessories 00400,Office Supplies,Intermittent,45.78,Moderate,100.0,High,18.46,Low,Forecast Accuracy,100.0,2,1.535,3.5941,0.0,106.5465,14.81,2.9524,0.0,27.9167,64.9438,0.0,24.2379,0.9801,206276.449,62728.6681,127026.72,79249.729,0.0,0.0,1,10.0,Review forecast model performance; recalibrate demand assumptions before next planning cycle
65,3,P3 - Monitor,P01038,DeskMate Writing 01038,Office Supplies,Intermittent,39.72,Moderate,88.0,High,55.52,Medium,Forecast Accuracy,100.0,0,1.0,0.3497,0.0,140.3022,17.93,3.7741,0.0,42.5,69.4833,0.0,25.1535,0.9732,1544401.1479,367567.4732,882516.94,661884.2079,0.0,9772.1,1,10.0,Review forecast model performance; recalibrate demand assumptions before next planning cycle
66,3,P3 - Monitor,P01271,WriteWell Paper 01271,Office Supplies,Intermittent,39.25,Moderate,100.0,High,8.56,Low,Forecast Accuracy,100.0,1,2.1468,2.5053,0.0,120.5561,13.33,0.863,0.0,16.3,70.8593,0.0,25.7392,0.9955,63176.6425,15408.7831,13320.7,49855.9425,0.0,3067.64,1,10.0,Review forecast model performance; recalibrate demand assumptions before next planning cycle
67,3,P3 - Monitor,P01510,WriteWell Writing 01510,Office Supplies,Intermittent,39.15,Moderate,100.0,High,34.96,Low,Forecast Accuracy,100.0,1,1.0,2.4628,0.0,118.027,13.15,2.1924,0.0,11.4583,71.8321,0.0,26.9165,0.9863,472673.3481,112118.1182,251604.09,221069.2581,0.0,5675.66,1,10.0,Review forecast model performance; recalibrate demand assumptions before next planning cycle
68,3,P3 - Monitor,P00389,WriteWell Desk Accessories 00389,Office Supplies,Intermittent,39.07,Moderate,88.0,High,72.85,High,Forecast Accuracy,100.0,0,2.8791,0.6426,0.0,161.6198,16.53,2.9482,0.0,37.5,66.7792,0.0,24.0183,0.9801,2736472.0896,625831.1669,1424626.56,1311845.5296,0.0,26839.47,1,10.0,Review forecast model performance; recalibrate demand assumptions before next planning cycle
69,3,P3 - Monitor,P01862,OfficePro Storage 01862,Office Supplies,Intermittent,38.77,Moderate,88.0,High,28.41,Low,Forecast Accuracy,100.0,0,1.3017,1.8975,0.0,116.4148,15.93,1.2489,0.0,34.1,69.6011,0.0,25.4574,0.9916,343251.9586,80732.8607,109791.56,233460.3986,0.0,14516.95,1,10.0,Review forecast model performance; recalibrate demand assumptions before next planning cycle
70,3,P3 - Monitor,P00280,WriteWell Paper 00280,Office Supplies,Intermittent,38.28,Moderate,88.0,High,47.04,Medium,Forecast Accuracy,100.0,0,1.0,1.5071,0.0,125.6189,15.42,0.0,0.0,30.3,72.4748,0.0,25.9818,1.0,715978.1376,162527.0372,0.0,715978.1376,0.0,7007.89,1,10.0,Review forecast model performance; recalibrate demand assumptions before next planning cycle
71,3,P3 - Monitor,P01148,PaperWorks Desk Accessories 01148,Office Supplies,Intermittent,38.2,Moderate,100.0,High,63.01,High,Forecast Accuracy,100.0,1,1.0,2.2819,0.0,123.498,11.65,1.2602,0.0,9.1,66.0332,0.0,25.1286,0.9915,1472690.4192,328557.2325,590103.36,882587.0592,0.0,11063.11,1,10.0,Review forecast model performance; recalibrate demand assumptions before next planning cycle
72,3,P3 - Monitor,P01533,PaperWorks Desk Accessories 01533,Office Supplies,Intermittent,37.86,Moderate,88.0,High,49.64,Medium,Forecast Accuracy,100.0,0,1.0,0.3636,0.0,129.5552,16.19,2.1603,0.0,36.0417,67.6039,0.0,24.1988,0.9866,1004061.0185,223704.7949,467823.94,536237.0785,0.0,7789.3,1,10.0,Review forecast model performance; recalibrate demand assumptions before next planning cycle
73,3,P3 - Monitor,P01219,PaperWorks Desk Accessories 01219,Office Supplies,Intermittent,37.58,Moderate,88.0,High,29.95,Low,Forecast Accuracy,100.0,0,1.0,0.4307,0.0,120.9606,16.43,3.2296,0.0,36.875,66.1709,0.0,23.4073,0.9787,443436.7708,99418.524,236437.5,206999.2708,0.0,1388.7,1,10.0,Review forecast model performance; recalibrate demand assumptions before next planning cycle
74,3,P3 - Monitor,P01387,DeskMate Desk Accessories 01387,Office Supplies,Intermittent,37.32,Moderate,88.0,High,79.34,High,Forecast Accuracy,100.0,0,1.0,0.3338,0.0,130.1619,15.2,1.1159,0.0,29.5,69.5774,0.0,25.2541,0.993,2788438.3488,593100.8368,768240.72,2020197.6288,0.0,710.99,1,10.0,Review forecast model performance; recalibrate demand assumptions before next planning cycle
75,3,P3 - Monitor,P00799,WriteWell Storage 00799,Office Supplies,Intermittent,37.17,Moderate,88.0,High,22.13,Low,Forecast Accuracy,100.0,0,1.0,0.3883,0.0,134.0183,15.98,0.5412,0.0,33.3,72.1768,0.0,24.8491,0.9973,227928.232,50622.8603,23725.48,204202.752,0.0,392.66,1,10.0,Review forecast model performance; recalibrate demand assumptions before next planning cycle
76,3,P3 - Monitor,P01177,WriteWell Writing 01177,Office Supplies,Intermittent,37.04,Moderate,88.0,High,31.48,Low,Forecast Accuracy,100.0,0,0.9091,0.5764,0.0,126.8812,15.87,3.0597,0.0,32.5,67.1924,0.0,22.487,0.979,479080.029,105014.3424,256697.02,222383.009,0.0,0.0,1,10.0,Review forecast model performance; recalibrate demand assumptions before next planning cycle
77,3,P3 - Monitor,P01434,WriteWell Paper 01434,Office Supplies,Intermittent,36.89,Moderate,88.0,High,16.85,Low,Forecast Accuracy,100.0,0,1.3788,0.4416,0.0,141.2387,16.22,3.1058,0.0,31.875,70.014,0.0,23.5849,0.9785,187169.198,41308.242,93368.31,93800.8879,0.0,1470.68,1,10.0,Review forecast model performance; recalibrate demand assumptions before next planning cycle
78,3,P3 - Monitor,P00992,PaperWorks Desk Accessories 00992,Office Supplies,Intermittent,36.61,Moderate,88.0,High,83.51,Very High,Forecast Accuracy,100.0,0,1.0,0.2387,0.0,234.3874,15.2,3.4704,0.0,23.5417,70.8782,0.0,24.8903,0.9763,4136921.9017,852619.6039,2348288.16,1788633.7417,0.0,27472.12,1,10.0,Review forecast model performance; recalibrate demand assumptions before next planning cycle
79,3,P3 - Monitor,P01135,DeskMate Desk Accessories 01135,Office Supplies,Intermittent,36.52,Moderate,88.0,High,65.44,High,Forecast Accuracy,100.0,0,1.0,1.8864,0.0,145.9359,13.58,1.6408,0.0,20.3,66.9209,0.0,24.9934,0.9891,1802717.4044,375866.5788,693176.16,1109541.2444,0.0,2411.35,1,10.0,Review forecast model performance; recalibrate demand assumptions before next planning cycle
80,3,P3 - Monitor,P00218,PaperWorks Desk Accessories 00218,Office Supplies,Intermittent,36.49,Moderate,88.0,High,42.06,Medium,Forecast Accuracy,100.0,0,2.7627,1.0674,0.0,116.4431,14.6,1.9579,0.0,25.625,67.7868,0.0,25.669,0.9859,700524.454,148791.394,372277.92,328246.534,0.0,4577.44,1,10.0,Review forecast model performance; recalibrate demand assumptions before next planning cycle
81,3,P3 - Monitor,P01078,OfficePro Storage 01078,Office Supplies,Intermittent,36.33,Moderate,88.0,High,44.76,Medium,Forecast Accuracy,100.0,0,1.1334,0.7267,0.0,155.8499,15.09,3.7283,0.0,26.4583,66.6743,0.0,25.5901,0.9737,955082.9376,201044.9584,583930.08,371152.8576,0.0,13241.15,1,10.0,Review forecast model performance; recalibrate demand assumptions before next planning cycle
82,3,P3 - Monitor,P00010,WriteWell Storage 00010,Office Supplies,Intermittent,36.32,Moderate,88.0,High,23.41,Low,Forecast Accuracy,100.0,0,1.9588,0.4926,0.0,136.9491,15.34,1.038,0.0,26.1,74.0801,0.0,27.2409,0.9937,235350.9167,50459.2365,62304.8,173046.1167,0.0,0.0,1,10.0,Review forecast model performance; recalibrate demand assumptions before next planning cycle
83,3,P3 - Monitor,P00258,DeskMate Writing 00258,Office Supplies,Intermittent,36.18,Moderate,88.0,High,80.67,Very High,Forecast Accuracy,100.0,0,1.0,1.9998,0.0,139.3649,12.81,0.3997,0.0,16.0,68.5933,0.0,25.5576,0.9987,2521942.6277,511954.3534,172541.36,2349401.2677,0.0,21483.88,1,10.0,Review forecast model performance; recalibrate demand assumptions before next planning cycle
84,3,P3 - Monitor,P01650,OfficePro Storage 01650,Office Supplies,Intermittent,35.94,Moderate,88.0,High,83.56,Very High,Forecast Accuracy,100.0,0,1.0,0.8561,0.0,164.8858,14.06,2.2785,0.0,16.0417,73.1326,0.0,26.2651,0.9841,4073705.7134,816777.9955,1532454.6,2541251.1134,0.0,0.0,1,10.0,Review forecast model performance; recalibrate demand assumptions before next planning cycle
85,3,P3 - Monitor,P01015,PaperWorks Paper 01015,Office Supplies,Intermittent,35.75,Moderate,88.0,High,45.08,Medium,Forecast Accuracy,100.0,0,1.0,1.289,0.0,146.359,13.74,1.1547,0.0,21.1,68.1633,0.0,24.7694,0.9926,790489.8586,162445.6659,215769.7,574720.1586,0.0,0.0,1,10.0,Review forecast model performance; recalibrate demand assumptions before next planning cycle
86,3,P3 - Monitor,P01573,OfficePro Writing 01573,Office Supplies,Intermittent,35.75,Moderate,88.0,High,27.95,Low,Forecast Accuracy,100.0,0,1.0,1.0733,0.0,122.6898,14.09,0.4763,0.0,24.0,68.9497,0.0,25.7234,0.9966,283981.8768,59238.6195,57477.12,226504.7568,0.0,823.89,1,10.0,Review forecast model performance; recalibrate demand assumptions before next planning cycle
87,3,P3 - Monitor,P00728,DeskMate Desk Accessories 00728,Office Supplies,Intermittent,35.73,Moderate,88.0,High,22.64,Low,Forecast Accuracy,100.0,0,1.0,1.3273,0.0,145.958,14.3,2.1081,0.0,21.6667,69.4225,0.0,25.2996,0.9858,262592.8734,54986.9477,118478.87,144114.0035,0.0,4575.89,1,10.0,Review forecast model performance; recalibrate demand assumptions before next planning cycle
88,3,P3 - Monitor,P00764,PaperWorks Storage 00764,Office Supplies,Intermittent,35.72,Moderate,88.0,High,40.57,Medium,Forecast Accuracy,100.0,0,1.0,1.2029,0.0,125.7446,14.56,4.0815,0.0,17.7083,71.1733,0.0,25.8753,0.9701,805246.4306,165880.7647,475203.95,330042.4806,0.0,5385.0,1,10.0,Review forecast model performance; recalibrate demand assumptions before next planning cycle
89,3,P3 - Monitor,P01631,DeskMate Writing 01631,Office Supplies,Intermittent,35.69,Moderate,88.0,High,34.04,Low,Forecast Accuracy,100.0,0,1.0,0.425,0.0,153.0982,14.73,2.0873,0.0,26.3,67.7277,0.0,23.4532,0.9873,426496.8114,88284.84,256325.58,170171.2314,0.0,7905.46,1,10.0,Review forecast model performance; recalibrate demand assumptions before next planning cycle
90,3,P3 - Monitor,P01991,OfficePro Writing 01991,Office Supplies,Intermittent,35.62,Moderate,88.0,High,19.34,Low,Forecast Accuracy,100.0,0,0.7883,1.8921,0.0,113.699,13.71,2.0129,0.0,20.4167,66.9403,0.0,24.0233,0.9867,223740.672,46761.8004,81600.0,142140.672,0.0,1124.56,1,10.0,Review forecast model performance; recalibrate demand assumptions before next planning cycle
91,3,P3 - Monitor,P01199,PaperWorks Writing 01199,Office Supplies,Intermittent,35.58,Moderate,88.0,High,27.89,Low,Forecast Accuracy,100.0,0,1.0,1.0627,0.0,122.493,14.09,0.7982,0.0,21.7,70.648,0.0,24.6723,0.9948,339664.9152,70344.6039,66705.6,272959.3152,0.0,2333.78,1,10.0,Review forecast model performance; recalibrate demand assumptions before next planning cycle
92,3,P3 - Monitor,P00160,DeskMate Paper 00160,Office Supplies,Intermittent,35.52,Moderate,88.0,High,70.75,High,Forecast Accuracy,100.0,0,1.0,1.1663,0.0,150.3094,13.29,0.8819,0.0,16.7,70.1076,0.0,25.7398,0.9939,1871477.5104,372798.3201,523688.4,1347789.1104,0.0,8930.29,1,10.0,Review forecast model performance; recalibrate demand assumptions before next planning cycle
93,3,P3 - Monitor,P00236,PaperWorks Writing 00236,Office Supplies,Intermittent,35.27,Moderate,88.0,High,53.08,Medium,Forecast Accuracy,100.0,0,1.0,1.1964,0.0,134.9613,13.28,0.1644,0.0,16.0,72.2371,0.0,26.7202,0.9997,817289.613,163539.6516,14444.85,802844.763,0.0,5513.18,1,10.0,Review forecast model performance; recalibrate demand assumptions before next planning cycle
94,3,P3 - Monitor,P00092,PaperWorks Desk Accessories 00092,Office Supplies,Intermittent,35.22,Moderate,88.0,High,35.2,Low,Forecast Accuracy,100.0,0,1.0,0.2177,0.0,129.1299,14.29,0.518,0.0,24.3,69.9043,0.0,25.9374,0.9962,394950.7339,80056.5138,92127.78,302822.9539,0.0,0.0,1,10.0,Review forecast model performance; recalibrate demand assumptions before next planning cycle
95,3,P3 - Monitor,P01590,DeskMate Writing 01590,Office Supplies,Intermittent,35.18,Moderate,88.0,High,83.98,Very High,Forecast Accuracy,100.0,0,1.0,0.2413,0.0,121.454,13.71,2.4149,0.0,20.8333,65.7244,0.0,26.3616,0.9841,3930808.4352,763756.079,1900443.6,2030364.8352,0.0,16619.5,1,10.0,Review forecast model performance; recalibrate demand assumptions before next planning cycle
96,3,P3 - Monitor,P00277,WriteWell Paper 00277,Office Supplies,Intermittent,34.73,Moderate,88.0,High,70.57,High,Forecast Accuracy,100.0,0,1.0,0.2486,0.0,159.0266,14.01,3.938,0.0,16.25,69.2898,0.0,24.7334,0.9716,2412250.83,465081.96,1780431.75,631819.08,0.0,13559.07,1,10.0,Review forecast model performance; recalibrate demand assumptions before next planning cycle
97,3,P3 - Monitor,P01367,PaperWorks Paper 01367,Office Supplies,Intermittent,34.21,Moderate,88.0,High,30.81,Low,Forecast Accuracy,100.0,0,1.0,1.6536,0.0,124.5426,12.68,0.7963,0.0,8.0,74.911,0.0,27.4717,0.9948,290694.786,56656.4138,110997.6,179697.186,0.0,3929.08,1,10.0,Review forecast model performance; recalibrate demand assumptions before next planning cycle
98,3,P3 - Monitor,P01235,DeskMate Desk Accessories 01235,Office Supplies,Intermittent,33.47,Moderate,88.0,High,44.59,Medium,Forecast Accuracy,100.0,0,1.0,1.4962,0.0,145.6225,11.93,2.0075,0.0,8.9583,66.5696,0.0,25.3684,0.9868,802096.7032,149591.0351,356033.08,446063.6232,0.0,30565.33,1,10.0,Review forecast model performance; recalibrate demand assumptions before next planning cycle
99,3,P3 - Monitor,P01479,WriteWell Storage 01479,Office Supplies,Intermittent,33.4,Moderate,88.0,High,30.2,Low,Forecast Accuracy,100.0,0,1.0,0.2767,0.0,137.9483,13.1,1.3613,0.0,13.9,70.6815,0.0,25.8336,0.9905,372442.752,70056.4817,140378.4,232064.352,0.0,3646.19,1,10.0,Review forecast model performance; recalibrate demand assumptions before next planning cycle
100,3,P3 - Monitor,P00332,PaperWorks Desk Accessories 00332,Office Supplies,Intermittent,33.34,Moderate,88.0,High,32.87,Low,Forecast Accuracy,100.0,0,1.0,0.3676,0.0,129.9518,12.52,0.1606,0.0,16.9,66.226,0.0,25.0011,0.9998,390686.956,73136.5982,5083.76,385603.196,0.0,570.91,1,10.0,Review forecast model performance; recalibrate demand assumptions before next planning cycle
101,3,P3 - Monitor,P00967,PaperWorks Paper 00967,Office Supplies,Intermittent,33.34,Moderate,88.0,High,34.95,Low,Forecast Accuracy,100.0,0,1.0,1.4232,0.0,122.3185,11.79,0.4061,0.0,9.3,68.4867,0.0,26.1097,0.9987,361880.1288,67635.3961,37787.94,324092.1888,0.0,0.0,1,10.0,Review forecast model performance; recalibrate demand assumptions before next planning cycle
102,3,P3 - Monitor,P00895,PaperWorks Desk Accessories 00895,Office Supplies,Intermittent,33.31,Moderate,88.0,High,26.2,Low,Forecast Accuracy,100.0,0,1.0,0.3781,0.0,171.0162,13.31,2.9609,0.0,12.5,70.2812,0.0,25.5743,0.9814,359559.3479,67597.1574,167531.47,192027.8779,0.0,1401.28,1,10.0,Review forecast model performance; recalibrate demand assumptions before next planning cycle
103,3,P3 - Monitor,P00421,OfficePro Writing 00421,Office Supplies,Intermittent,31.79,Moderate,88.0,High,45.4,Medium,Forecast Accuracy,100.0,0,1.0,0.9762,0.0,130.092,10.97,1.8781,0.0,4.0,65.3955,0.0,26.649,0.9881,771818.7477,133293.0977,411380.97,360437.7777,0.0,0.0,1,10.0,Review forecast model performance; recalibrate demand assumptions before next planning cycle
104,4,P4 - Routine,P01000,ComfortMax Microwaves 01000,Home Appliances,Volatile,18.72,Low,100.0,High,80.09,Very High,Demand Anomaly,50.98,2,0.9921,3.1356,0.0,24.2373,3.86,1.2659,0.0,11.0417,12.1537,0.0,18.9112,0.9942,2818520.2686,217026.0607,1948137.51,870382.7586,0.0,0.0,0,0.0,Investigate demand anomaly and increase short-term demand monitoring
105,4,P4 - Routine,P01060,DermaX Haircare 01060,Personal Care,Seasonal,18.06,Low,100.0,High,7.94,Low,Demand Anomaly,52.87,2,0.3424,3.554,0.0,11.051,4.87,0.684,0.0,21.25,9.8499,0.0,18.1391,0.9973,56019.5966,4279.8972,25081.48,30938.1166,0.0,22.0,0,0.0,Investigate demand anomaly and increase short-term demand monitoring
106,4,P4 - Routine,P01605,Vertex Laptops 01605,Electronics,Volatile,17.18,Low,88.0,High,89.34,Very High,Forecast Accuracy,70.0,0,0.234,0.4336,0.0,32.0073,9.23,6.7697,0.0,33.75,14.244,0.0,17.9325,0.9666,10182561.6733,687322.9129,8816814.5,1365747.1733,0.0,4003.21,0,0.0,Review forecast model performance; recalibrate demand assumptions before next planning cycle
107,4,P4 - Routine,P00983,Zenith Smartphones 00983,Electronics,Volatile,16.24,Low,100.0,High,52.72,Medium,Forecast Accuracy,40.0,1,0.5556,2.168,0.0,25.2289,6.11,3.1395,0.0,21.4583,13.023,0.0,18.8593,0.985,1436108.9285,91192.917,1080666.6,355442.3285,0.0,321.27,0,0.0,Monitor forecast accuracy and review model error drivers
108,4,P4 - Routine,P00286,Apex Audio 00286,Electronics,Volatile,16.0,Low,88.0,High,38.19,Low,Forecast Accuracy,70.0,0,0.1515,0.2409,0.0,33.0725,8.21,4.01,0.0,31.6667,15.0627,0.0,18.5378,0.9818,784989.9955,49140.3737,604491.08,180498.9155,0.0,333.88,0,0.0,Review forecast model performance; recalibrate demand assumptions before next planning cycle
109,4,P4 - Routine,P00903,Vertex Audio 00903,Electronics,Volatile,15.74,Low,88.0,High,38.37,Low,Forecast Accuracy,70.0,0,0.1382,0.4095,0.0,34.6077,7.78,3.8954,0.0,30.8333,13.2354,0.0,18.6412,0.983,783173.2608,47851.8862,611854.11,171319.1508,0.0,369.23,0,0.0,Review forecast model performance; recalibrate demand assumptions before next planning cycle
110,4,P4 - Routine,P01323,CarryPro Mobile Accessories 01323,Accessories,Volatile,15.74,Low,100.0,High,42.45,Medium,Forecast Accuracy,40.0,1,0.7116,2.0506,0.0,25.1472,5.39,1.011,0.0,21.875,12.0659,0.0,19.3317,0.9954,701659.2388,42731.0476,398966.62,302692.6188,0.0,0.0,0,0.0,Monitor forecast accuracy and review model error drivers
111,4,P4 - Routine,P00414,DermaX Haircare 00414,Personal Care,Trending,15.6,Low,100.0,High,12.33,Low,Demand Anomaly,51.9,2,0.353,3.3593,0.0,12.084,2.94,0.4523,0.0,10.2083,8.471,0.0,16.8895,0.9982,90096.0893,5504.8711,31348.1,58747.9893,0.0,10.0,0,0.0,Investigate demand anomaly and increase short-term demand monitoring
112,4,P4 - Routine,P00719,Vertex Audio 00719,Electronics,Volatile,15.26,Low,88.0,High,98.22,Very High,Forecast Accuracy,70.0,0,0.1707,0.5059,0.0,31.6595,6.61,1.7461,0.0,27.9167,12.6462,0.0,18.1638,0.9921,10547614.226,594885.4423,6602421.2,3945193.026,0.0,1915.58,0,0.0,Review forecast model performance; recalibrate demand assumptions before next planning cycle
113,4,P4 - Routine,P00617,Vertex Audio 00617,Electronics,Volatile,15.15,Low,88.0,High,54.5,Medium,Supplier,42.29,0,0.1586,0.554,0.0,26.3112,9.53,3.842,0.0,42.2917,13.5772,0.0,17.3309,0.9794,1705725.3216,97567.4884,1395143.53,310581.7916,0.0,413.55,0,0.0,Monitor supplier performance and lead-time stability
114,4,P4 - Routine,P00065,Arctic Air Conditioners 00065,Home Appliances,Volatile,14.74,Low,88.0,High,85.06,Very High,Forecast Accuracy,40.0,0,0.1227,0.5661,0.0,21.8429,9.19,4.525,0.0,39.1667,13.0556,0.0,18.2267,0.978,6609028.6582,356887.5475,5236730.78,1372297.8782,0.0,88.12,0,0.0,Monitor forecast accuracy and review model error drivers
115,4,P4 - Routine,P01228,Arctic Microwaves 01228,Home Appliances,Volatile,14.66,Low,88.0,High,35.3,Low,Forecast Accuracy,70.0,0,0.3861,0.9395,0.0,33.1122,6.38,3.1855,0.0,22.7083,13.4305,0.0,18.4841,0.9846,680154.7424,37408.5108,502412.4,177742.3424,0.0,298.27,0,0.0,Review forecast model performance; recalibrate demand assumptions before next planning cycle
116,4,P4 - Routine,P01941,Apex TVs 01941,Electronics,Volatile,14.57,Low,88.0,High,87.99,Very High,Forecast Accuracy,40.0,0,0.4428,1.072,0.0,26.7018,9.14,6.927,0.0,33.3333,13.7265,0.0,18.97,0.965,9500972.2194,502601.4304,8381097.9,1119874.3194,0.0,787.47,0,0.0,Monitor forecast accuracy and review model error drivers
117,4,P4 - Routine,P00124,Zenith Laptops 00124,Electronics,Volatile,14.53,Low,88.0,High,95.67,Very High,Forecast Accuracy,40.0,0,0.5642,1.6561,0.0,29.1736,7.75,2.6855,0.0,32.7083,13.6195,0.0,18.9789,0.9882,9131544.0744,480319.2183,6662535.88,2469008.1944,0.0,0.0,0,0.0,Monitor forecast accuracy and review model error drivers
118,4,P4 - Routine,P00759,UrbanGear Chargers 00759,Accessories,Volatile,14.49,Low,100.0,High,85.28,Very High,Forecast Accuracy,40.0,1,0.6834,2.095,0.0,20.4812,4.44,2.1733,0.0,13.3333,11.8901,0.0,19.4608,0.9906,4700607.413,247251.9499,3336388.17,1364219.243,0.0,32666.74,0,0.0,Monitor forecast accuracy and review model error drivers
119,4,P4 - Routine,P00540,Vertex Audio 00540,Electronics,Volatile,14.27,Low,88.0,High,91.65,Very High,Forecast Accuracy,40.0,0,0.3548,0.7949,0.0,26.7718,8.62,4.4468,0.0,35.0,13.5653,0.0,18.4619,0.9788,8630874.9138,442763.8831,7328116.42,1302758.4938,0.0,10.92,0,0.0,Monitor forecast accuracy and review model error drivers
120,4,P4 - Routine,P00844,UrbanGear Chargers 00844,Accessories,Volatile,14.23,Low,88.0,High,49.12,Medium,Forecast Accuracy,40.0,0,0.4202,1.3149,0.0,24.2096,7.86,2.4321,0.0,35.8333,11.6892,0.0,18.1842,0.9894,1173757.1527,61270.1234,854343.6,319413.5527,0.0,6396.14,0,0.0,Monitor forecast accuracy and review model error drivers
121,4,P4 - Routine,P01043,EverHome Washing Machines 01043,Home Appliances,Volatile,14.21,Low,88.0,High,88.18,Very High,Forecast Accuracy,40.0,0,0.0531,0.536,0.0,21.8252,8.66,3.8802,0.0,37.2917,12.6876,0.0,17.3875,0.9831,6563601.6226,334743.6828,5241435.98,1322165.6426,0.0,595.84,0,0.0,Monitor forecast accuracy and review model error drivers
122,4,P4 - Routine,P01603,NovaTech TVs 01603,Electronics,Volatile,14.19,Low,88.0,High,69.58,High,Forecast Accuracy,40.0,0,0.1831,0.6263,0.0,24.8297,8.7,4.2,0.0,36.875,12.7267,0.0,17.9401,0.9785,3174553.6794,163172.0591,2575095.42,599458.2594,0.0,294.86,0,0.0,Monitor forecast accuracy and review model error drivers
123,4,P4 - Routine,P00868,Vertex TVs 00868,Electronics,Volatile,13.87,Low,88.0,High,42.69,Medium,Forecast Accuracy,40.0,0,0.3208,0.819,0.0,27.912,8.23,3.0407,0.0,34.375,14.4234,0.0,17.6832,0.986,915837.5985,46158.215,699780.4,216057.1985,0.0,740.45,0,0.0,Monitor forecast accuracy and review model error drivers
124,4,P4 - Routine,P00768,ConnectX Cables 00768,Accessories,Volatile,13.86,Low,100.0,High,28.18,Low,Demand Anomaly,29.56,1,0.6236,2.3739,0.0,19.0503,5.62,2.581,0.0,20.8333,11.4606,0.0,19.9901,0.9879,443425.83,22526.0322,319311.73,124114.1,0.0,900.11,0,0.0,Investigate demand anomaly and increase short-term demand monitoring
125,4,P4 - Routine,P00737,EverHome Air Conditioners 00737,Home Appliances,Volatile,13.85,Low,88.0,High,32.48,Low,Forecast Accuracy,40.0,0,0.1515,0.3613,0.0,21.296,9.09,5.6096,0.0,36.4583,12.9352,0.0,18.4946,0.9727,686283.66,34794.5816,575959.1,110324.56,0.0,0.0,0,0.0,Monitor forecast accuracy and review model error drivers
126,4,P4 - Routine,P00295,NovaTech Smartphones 00295,Electronics,Volatile,13.74,Low,88.0,High,66.33,High,Forecast Accuracy,40.0,0,0.4268,1.614,0.0,28.0766,7.5,3.7236,0.0,29.1667,13.3865,0.0,18.894,0.9819,2568083.287,126092.8894,2041974.55,526108.737,0.0,633.08,0,0.0,Monitor forecast accuracy and review model error drivers
127,4,P4 - Routine,P01564,EverHome Refrigerators 01564,Home Appliances,Volatile,13.64,Low,100.0,High,82.53,Very High,Demand Anomaly,29.55,1,0.6771,2.3704,0.0,17.5436,5.51,3.7244,0.0,16.6667,12.6492,0.0,19.4787,0.9833,4969834.98,239546.046,3801378.48,1168456.5,0.0,579.15,0,0.0,Investigate demand anomaly and increase short-term demand monitoring
128,4,P4 - Routine,P01270,EverHome Air Conditioners 01270,Home Appliances,Seasonal,13.64,Low,100.0,High,57.0,Medium,Demand Anomaly,32.15,1,0.2704,2.9148,0.0,11.598,5.1,3.4808,0.0,15.625,11.3825,0.0,16.9352,0.983,1778514.8425,86791.5243,1484760.3,293754.5425,0.0,1559.22,0,0.0,Investigate demand anomaly and increase short-term demand monitoring
129,4,P4 - Routine,P00624,CarePlus Oral Care 00624,Personal Care,Seasonal,13.6,Low,100.0,High,16.5,Low,Demand Anomaly,31.6,1,0.2525,2.804,0.0,11.5607,4.86,1.5088,0.0,19.375,10.0034,0.0,17.7127,0.9931,158216.914,7863.3806,114160.74,44056.174,0.0,0.0,0,0.0,Investigate demand anomaly and increase short-term demand monitoring
130,4,P4 - Routine,P00349,HomePro Microwaves 00349,Home Appliances,Volatile,13.59,Low,88.0,High,98.38,Very High,Forecast Accuracy,40.0,0,0.032,0.2128,0.0,20.7223,8.13,2.6318,0.0,36.875,12.0802,0.0,18.9136,0.9888,13232286.575,628533.6123,9264555.15,3967731.425,0.0,1203.11,0,0.0,Monitor forecast accuracy and review model error drivers
131,4,P4 - Routine,P00011,Zenith Laptops 00011,Electronics,Volatile,13.49,Low,88.0,High,75.8,High,Forecast Accuracy,40.0,0,0.2222,0.5139,0.0,29.0646,8.13,3.6569,0.0,33.9583,12.9508,0.0,17.8014,0.984,3579790.7552,170398.0399,2635451.39,944339.3652,0.0,602.9,0,0.0,Monitor forecast accuracy and review model error drivers
132,4,P4 - Routine,P00770,UrbanGear Cables 00770,Accessories,Volatile,13.42,Low,88.0,High,76.84,High,Forecast Accuracy,40.0,0,0.0876,0.1115,0.0,23.2827,8.52,4.2307,0.0,35.2083,13.1615,0.0,18.7045,0.9796,4485281.643,211705.2935,3770693.7,714587.943,0.0,11481.7,0,0.0,Monitor forecast accuracy and review model error drivers
133,4,P4 - Routine,P00325,TechMate Chargers 00325,Accessories,Volatile,13.38,Low,88.0,High,77.47,High,Forecast Accuracy,40.0,0,0.1619,0.9915,0.0,20.7139,7.75,4.2762,0.0,31.0417,12.0681,0.0,18.5112,0.9792,4651376.3752,218614.6896,3984242.14,667134.2352,0.0,0.0,0,0.0,Monitor forecast accuracy and review model error drivers
134,4,P4 - Routine,P00841,Vertex Laptops 00841,Electronics,Volatile,13.36,Low,88.0,High,80.8,Very High,Forecast Accuracy,40.0,0,0.0888,0.6986,0.0,21.8254,7.66,2.6112,0.0,32.9167,12.9518,0.0,18.8858,0.9862,4042367.498,189182.7989,3083087.0,959280.498,0.0,1068.55,0,0.0,Monitor forecast accuracy and review model error drivers
135,4,P4 - Routine,P00116,CarryPro Cables 00116,Accessories,Volatile,13.32,Low,88.0,High,45.62,Medium,Forecast Accuracy,40.0,0,0.203,1.0469,0.0,22.3384,7.38,2.4207,0.0,32.7083,11.6394,0.0,18.1134,0.9895,1011806.0333,47959.606,735601.64,276204.3933,0.0,4288.82,0,0.0,Monitor forecast accuracy and review model error drivers
136,4,P4 - Routine,P00671,NovaTech Laptops 00671,Electronics,Volatile,13.23,Low,88.0,High,87.01,Very High,Forecast Accuracy,70.0,0,0.0581,0.5878,0.0,32.6112,5.1,1.8291,0.0,16.6667,13.6852,0.0,19.8046,0.9913,4797690.0672,220693.7431,2944005.6,1853684.4672,0.0,761.24,0,0.0,Review forecast model performance; recalibrate demand assumptions before next planning cycle
137,4,P4 - Routine,P01076,EverHome Refrigerators 01076,Home Appliances,Volatile,13.23,Low,88.0,High,71.56,High,Forecast Accuracy,40.0,0,0.1796,1.084,0.0,22.1155,7.11,2.0125,0.0,31.6667,11.7321,0.0,18.172,0.9908,2537705.7321,117495.7754,1688988.84,848716.8921,0.0,701.3,0,0.0,Monitor forecast accuracy and review model error drivers
138,4,P4 - Routine,P00723,Zenith Laptops 00723,Electronics,Volatile,13.21,Low,88.0,High,59.56,Medium,Forecast Accuracy,70.0,0,0.3311,1.1683,0.0,32.2912,5.18,4.2565,0.0,12.7083,13.2864,0.0,18.0241,0.9794,2027593.865,94283.1147,1679991.5,347602.365,0.0,273.67,0,0.0,Review forecast model performance; recalibrate demand assumptions before next planning cycle
139,4,P4 - Routine,P01198,UrbanGear Chargers 01198,Accessories,Volatile,13.17,Low,88.0,High,33.09,Low,Forecast Accuracy,40.0,0,0.2583,0.9551,0.0,20.7678,7.56,3.3157,0.0,32.0833,11.6954,0.0,18.2058,0.986,625029.8857,29313.9016,475845.3,149184.5857,0.0,0.0,0,0.0,Monitor forecast accuracy and review model error drivers
140,4,P4 - Routine,P01839,ConnectX Chargers 01839,Accessories,Volatile,13.16,Low,88.0,High,95.6,Very High,Forecast Accuracy,40.0,0,0.3152,1.1645,0.0,22.0413,7.47,4.8368,0.0,28.5417,11.5828,0.0,17.4217,0.9763,14819090.8616,672786.7251,12640907.01,2178183.8515,0.0,69.0,0,0.0,Monitor forecast accuracy and review model error drivers
141,4,P4 - Routine,P00343,NovaTech Audio 00343,Electronics,Volatile,13.09,Low,88.0,High,82.92,Very High,Forecast Accuracy,70.0,0,0.1447,0.0385,0.0,32.6511,5.8,3.5598,0.0,17.7083,13.8325,0.0,18.5976,0.985,4909556.4368,222402.9066,3591463.22,1318093.2168,0.0,0.0,0,0.0,Review forecast model performance; recalibrate demand assumptions before next planning cycle
142,4,P4 - Routine,P01674,TechMate Bags 01674,Accessories,Volatile,13.06,Low,88.0,High,39.12,Low,Forecast Accuracy,40.0,0,0.1107,0.3457,0.0,27.4076,7.58,1.3879,0.0,35.8333,11.9272,0.0,17.4509,0.9943,662794.1034,30621.0876,365086.8,297707.3034,0.0,7381.92,0,0.0,Monitor forecast accuracy and review model error drivers
143,4,P4 - Routine,P00954,ConnectX Chargers 00954,Accessories,Volatile,13.04,Low,88.0,High,45.86,Medium,Forecast Accuracy,40.0,0,0.4439,1.0471,0.0,23.1653,7.49,3.9766,0.0,29.7917,12.1651,0.0,17.7947,0.9822,1198661.31,55138.4203,960846.48,237814.83,0.0,37939.42,0,0.0,Monitor forecast accuracy and review model error drivers
144,4,P4 - Routine,P00073,Vertex Smartphones 00073,Electronics,Volatile,13.02,Low,100.0,High,95.02,Very High,Forecast Accuracy,40.0,1,0.9451,2.8184,0.0,26.2123,2.75,2.0608,0.0,0.2083,14.0279,0.0,19.6191,0.9904,6641159.3,296859.8207,6641159.3,0.0,0.0,0.0,0,0.0,Monitor forecast accuracy and review model error drivers
145,4,P4 - Routine,P00472,ConnectX Chargers 00472,Accessories,Volatile,12.96,Low,88.0,High,90.94,Very High,Forecast Accuracy,40.0,0,0.1023,0.4009,0.0,23.1373,7.45,2.1601,0.0,32.9167,12.4066,0.0,18.8887,0.9894,6779213.5243,301675.0018,4887688.41,1891525.1143,0.0,26396.18,0,0.0,Monitor forecast accuracy and review model error drivers
146,4,P4 - Routine,P00445,UrbanGear Mobile Accessories 00445,Accessories,Volatile,12.9,Low,88.0,High,55.92,Medium,Forecast Accuracy,40.0,0,0.4364,1.2903,0.0,23.2371,6.65,1.5432,0.0,29.375,11.863,0.0,18.7413,0.9928,1420707.463,63931.8358,885885.45,534822.013,0.0,0.0,0,0.0,Monitor forecast accuracy and review model error drivers
147,4,P4 - Routine,P01967,Zenith TVs 01967,Electronics,Volatile,12.87,Low,88.0,High,66.68,High,Forecast Accuracy,40.0,0,0.0345,0.4336,0.0,24.7111,7.67,3.1688,0.0,31.6667,13.1097,0.0,18.3212,0.9848,2501434.9173,111563.9973,1881291.65,620143.2673,0.0,1121.2,0,0.0,Monitor forecast accuracy and review model error drivers
148,4,P4 - Routine,P01868,NovaTech Laptops 01868,Electronics,Volatile,12.87,Low,88.0,High,54.75,Medium,Forecast Accuracy,40.0,0,0.2466,0.9997,0.0,27.258,7.23,2.9198,0.0,28.3333,13.9962,0.0,18.2115,0.9859,1596771.1226,71535.3463,1137283.76,459487.3626,0.0,1424.37,0,0.0,Monitor forecast accuracy and review model error drivers
149,4,P4 - Routine,P01050,Apex Smartphones 01050,Electronics,Volatile,12.83,Low,88.0,High,64.97,High,Forecast Accuracy,70.0,0,0.046,0.1285,0.0,30.4564,5.22,1.7206,0.0,17.7083,13.6308,0.0,19.3063,0.9924,1872355.5767,83132.5876,1173476.8,698878.7767,0.0,1867.64,0,0.0,Review forecast model performance; recalibrate demand assumptions before next planning cycle
150,4,P4 - Routine,P00825,DermaX Skincare 00825,Personal Care,Seasonal,12.81,Low,100.0,High,11.75,Low,Demand Anomaly,29.24,1,0.1799,2.3366,0.0,12.2174,5.11,3.886,0.0,16.25,10.0597,0.0,17.3696,0.9817,132442.5456,6039.3801,111160.16,21282.3856,0.0,3113.22,0,0.0,Investigate demand anomaly and increase short-term demand monitoring
151,4,P4 - Routine,P00666,Zenith Audio 00666,Electronics,Volatile,12.77,Low,88.0,High,96.78,Very High,Forecast Accuracy,40.0,0,0.0286,0.2891,0.0,23.4168,7.76,3.8689,0.0,30.625,13.3603,0.0,18.0151,0.9805,13774796.13,597826.152,10874673.75,2900122.38,0.0,468.45,0,0.0,Monitor forecast accuracy and review model error drivers
152,4,P4 - Routine,P00149,Zenith Laptops 00149,Electronics,Volatile,12.75,Low,88.0,High,90.05,Very High,Forecast Accuracy,40.0,0,0.0024,0.4416,0.0,27.3955,7.69,4.0833,0.0,29.5833,13.5078,0.0,18.817,0.9797,7680712.5689,334110.9967,6356214.83,1324497.7389,0.0,2395.35,0,0.0,Monitor forecast accuracy and review model error drivers
153,4,P4 - Routine,P00294,HomePro Refrigerators 00294,Home Appliances,Volatile,12.71,Low,88.0,High,88.02,Very High,Forecast Accuracy,40.0,0,0.1889,0.7769,0.0,20.238,7.18,3.231,0.0,28.9583,12.4287,0.0,18.6355,0.9855,6102659.72,264245.1659,4684007.7,1418652.02,0.0,2864.07,0,0.0,Monitor forecast accuracy and review model error drivers
154,4,P4 - Routine,P00396,UrbanGear Bags 00396,Accessories,Volatile,12.65,Low,88.0,High,45.85,Medium,Forecast Accuracy,40.0,0,0.0876,0.6523,0.0,21.7835,7.31,3.0576,0.0,31.0417,11.5626,0.0,18.309,0.9859,1118781.9896,49114.5293,858231.66,260550.3296,0.0,543.81,0,0.0,Monitor forecast accuracy and review model error drivers
155,4,P4 - Routine,P01266,NovaTech TVs 01266,Electronics,Volatile,12.63,Low,88.0,High,77.74,High,Forecast Accuracy,40.0,0,0.1181,0.1606,0.0,28.9399,7.54,2.6359,0.0,32.0833,12.9324,0.0,18.8036,0.9901,3128246.5665,134827.427,2196323.7,931922.8665,0.0,0.0,0,0.0,Monitor forecast accuracy and review model error drivers
156,4,P4 - Routine,P01898,Vertex Smartphones 01898,Electronics,Volatile,12.59,Low,88.0,High,74.1,High,Forecast Accuracy,40.0,0,0.1146,0.3992,0.0,25.7186,7.69,4.1126,0.0,28.75,14.2802,0.0,18.2063,0.9794,3842763.88,165238.8468,3042171.0,800592.88,0.0,0.0,0,0.0,Monitor forecast accuracy and review model error drivers
157,4,P4 - Routine,P00413,CarryPro Cables 00413,Accessories,Trending,12.56,Low,100.0,High,36.13,Low,Demand Anomaly,29.11,1,0.3211,2.3022,0.0,13.7263,4.25,1.0174,0.0,16.6667,9.6521,0.0,18.4956,0.9953,508940.0642,22240.6808,353011.39,155928.6742,0.0,0.0,0,0.0,Investigate demand anomaly and increase short-term demand monitoring
158,4,P4 - Routine,P00455,Vertex TVs 00455,Electronics,Volatile,12.55,Low,88.0,High,99.73,Very High,Forecast Accuracy,40.0,0,0.1361,0.6203,0.0,25.6348,7.21,3.3786,0.0,27.9167,13.4163,0.0,18.2356,0.984,20858058.8528,880210.0836,15661333.05,5196725.8028,0.0,5096.05,0,0.0,Monitor forecast accuracy and review model error drivers
159,4,P4 - Routine,P01371,UrbanGear Chargers 01371,Accessories,Volatile,12.51,Low,88.0,High,96.13,Very High,Forecast Accuracy,40.0,0,0.1871,0.5296,0.0,24.4398,7.11,2.8781,0.0,29.5833,12.079,0.0,17.8041,0.9863,11831430.9528,498103.2431,8774136.88,3057294.0728,0.0,11400.96,0,0.0,Monitor forecast accuracy and review model error drivers
160,4,P4 - Routine,P01016,CarryPro Bags 01016,Accessories,Trending,12.51,Low,100.0,High,95.49,Very High,Demand Anomaly,27.87,1,0.3407,2.0544,0.0,12.1875,4.53,2.5616,0.0,15.4167,9.6506,0.0,17.5466,0.9867,10733404.9664,451876.3491,8890191.42,1843213.5464,0.0,3960.86,0,0.0,Investigate demand anomaly and increase short-term demand monitoring
161,4,P4 - Routine,P01872,Apex Laptops 01872,Electronics,Volatile,12.51,Low,88.0,High,96.54,Very High,Forecast Accuracy,70.0,0,0.3039,0.7468,0.0,30.9995,4.38,1.9225,0.0,12.0833,13.2777,0.0,18.7498,0.9904,9227662.9168,388484.6088,6183477.37,3044185.5468,0.0,2614.02,0,0.0,Review forecast model performance; recalibrate demand assumptions before next planning cycle
162,4,P4 - Routine,P01357,TechMate Chargers 01357,Accessories,Volatile,12.5,Low,88.0,High,32.76,Low,Forecast Accuracy,40.0,0,0.4592,1.4453,0.0,20.2755,6.68,3.5274,0.0,25.8333,11.6742,0.0,17.8122,0.9839,631362.6,27464.2731,496020.0,135342.6,0.0,2619.22,0,0.0,Monitor forecast accuracy and review model error drivers
163,4,P4 - Routine,P01327,Zenith Smartphones 01327,Electronics,Volatile,12.49,Low,88.0,High,64.03,High,Forecast Accuracy,40.0,0,0.0703,0.2168,0.0,25.3935,7.48,2.8965,0.0,31.4583,12.6096,0.0,18.4634,0.9875,2142834.9739,91499.0534,1451999.36,690835.6139,0.0,1978.52,0,0.0,Monitor forecast accuracy and review model error drivers
164,4,P4 - Routine,P00677,Apex TVs 00677,Electronics,Volatile,12.45,Low,88.0,High,95.5,Very High,Forecast Accuracy,40.0,0,0.0149,0.3228,0.0,25.7139,7.4,3.3054,0.0,28.75,13.9657,0.0,17.9679,0.9834,10403743.461,434876.4767,8440671.0,1963072.461,0.0,12.0,0,0.0,Monitor forecast accuracy and review model error drivers
165,4,P4 - Routine,P00107,EverHome Washing Machines 00107,Home Appliances,Volatile,12.4,Low,88.0,High,30.61,Low,Forecast Accuracy,40.0,0,0.1765,0.4286,0.0,21.6124,7.46,3.2546,0.0,29.5833,13.6151,0.0,17.2151,0.9853,537863.64,23128.1365,390384.9,147478.74,0.0,192.38,0,0.0,Monitor forecast accuracy and review model error drivers
166,4,P4 - Routine,P01911,EverHome Air Conditioners 01911,Home Appliances,Volatile,12.32,Low,88.0,High,79.62,High,Forecast Accuracy,40.0,0,0.3225,1.0238,0.0,20.9238,6.84,3.8422,0.0,25.0,12.9459,0.0,19.649,0.9808,4657413.363,193282.6546,3737444.25,919969.113,0.0,1263.9,0,0.0,Monitor forecast accuracy and review model error drivers
167,4,P4 - Routine,P01684,CarryPro Chargers 01684,Accessories,Volatile,12.3,Low,88.0,High,81.14,Very High,Forecast Accuracy,40.0,0,0.129,0.3999,0.0,20.2843,6.98,2.4025,0.0,30.2083,11.522,0.0,18.631,0.9883,4255596.8352,176181.709,3015348.64,1240248.1952,0.0,8897.83,0,0.0,Monitor forecast accuracy and review model error drivers
168,4,P4 - Routine,P00938,ConnectX Bags 00938,Accessories,Volatile,12.27,Low,88.0,High,35.69,Low,Forecast Accuracy,40.0,0,0.0128,0.4597,0.0,21.0952,7.28,3.405,0.0,30.0,11.7135,0.0,18.6819,0.9851,711668.88,30032.4267,552098.04,159570.84,0.0,765.9,0,0.0,Monitor forecast accuracy and review model error drivers
169,4,P4 - Routine,P01104,TechMate Chargers 01104,Accessories,Volatile,12.25,Low,88.0,High,55.57,Medium,Forecast Accuracy,40.0,0,0.1591,0.5438,0.0,22.4037,6.88,2.2417,0.0,30.0,11.3778,0.0,18.4199,0.9899,1516605.5744,63242.4525,1160116.32,356489.2544,0.0,10301.15,0,0.0,Monitor forecast accuracy and review model error drivers
170,4,P4 - Routine,P00043,Zenith TVs 00043,Electronics,Volatile,12.21,Low,88.0,High,78.18,High,Forecast Accuracy,40.0,0,0.2174,0.8431,0.0,27.6173,6.83,3.2029,0.0,25.0,14.1456,0.0,19.6677,0.9844,3909523.0966,160290.447,2930049.43,979473.6666,0.0,111.12,0,0.0,Monitor forecast accuracy and review model error drivers
171,4,P4 - Routine,P01601,Apex TVs 01601,Electronics,Volatile,12.2,Low,88.0,High,79.55,High,Forecast Accuracy,70.0,0,0.3817,0.7187,0.0,32.6042,4.49,3.2602,0.0,10.0,13.4408,0.0,18.5829,0.9838,3984711.033,162974.6812,3404478.6,580232.433,0.0,0.0,0,0.0,Review forecast model performance; recalibrate demand assumptions before next planning cycle
172,4,P4 - Routine,P01750,Zenith TVs 01750,Electronics,Seasonal,12.19,Low,88.0,High,30.38,Low,Forecast Accuracy,40.0,0,0.12,0.3214,0.0,22.075,7.3,3.0278,0.0,29.7917,12.8482,0.0,17.3398,0.9848,504826.971,21152.2501,397795.2,107031.771,0.0,494.21,0,0.0,Monitor forecast accuracy and review model error drivers
173,4,P4 - Routine,P01112,Zenith TVs 01112,Electronics,Volatile,12.17,Low,88.0,High,87.97,Very High,Forecast Accuracy,70.0,0,0.0394,0.1365,0.0,37.7627,4.4,0.6873,0.0,14.7917,13.1711,0.0,19.0895,0.9972,3401693.928,138108.7735,1725717.6,1675976.328,0.0,1183.69,0,0.0,Review forecast model performance; recalibrate demand assumptions before next planning cycle
174,4,P4 - Routine,P01424,NovaTech TVs 01424,Electronics,Volatile,12.16,Low,88.0,High,55.47,Medium,Forecast Accuracy,40.0,1,0.9667,2.3848,0.0,26.2856,2.31,0.8821,0.0,0.0,13.6143,0.0,19.6864,0.9967,726425.28,29928.7215,726425.28,0.0,0.0,39.33,0,0.0,Monitor forecast accuracy and review model error drivers
175,4,P4 - Routine,P00106,Vertex Smartphones 00106,Electronics,Volatile,12.11,Low,88.0,High,90.28,Very High,Forecast Accuracy,40.0,0,0.1934,1.4293,0.0,25.2193,5.98,2.1175,0.0,22.9167,12.7363,0.0,19.0053,0.9912,5680093.511,228907.7685,3669226.4,2010867.111,0.0,0.0,0,0.0,Monitor forecast accuracy and review model error drivers
176,4,P4 - Routine,P01384,EverHome Microwaves 01384,Home Appliances,Volatile,12.09,Low,88.0,High,97.03,Very High,Forecast Accuracy,40.0,0,0.3486,1.2205,0.0,23.2639,6.4,3.6453,0.0,22.7083,12.6888,0.0,19.0931,0.9827,12913954.6066,516558.1843,10467430.6,2446524.0066,0.0,2015.05,0,0.0,Monitor forecast accuracy and review model error drivers
177,4,P4 - Routine,P01372,Zenith Smartphones 01372,Electronics,Volatile,12.09,Low,88.0,High,94.9,Very High,Forecast Accuracy,40.0,0,0.0694,0.0578,0.0,27.8681,6.96,1.4964,0.0,29.7917,13.6217,0.0,18.5711,0.9933,6975382.1877,279712.8257,4346265.96,2629116.2277,0.0,1319.41,0,0.0,Monitor forecast accuracy and review model error drivers
178,4,P4 - Routine,P01103,UrbanGear Cables 01103,Accessories,Volatile,12.09,Low,88.0,High,77.81,High,Supplier,34.79,0,0.2262,1.3221,0.0,19.4522,7.76,2.7507,0.0,34.7917,11.4333,0.0,17.6228,0.9876,3789878.8626,153111.106,2850316.15,939562.7126,0.0,5601.04,0,0.0,Monitor supplier performance and lead-time stability
179,4,P4 - Routine,P00745,Vertex Laptops 00745,Electronics,Volatile,12.06,Low,88.0,High,23.84,Low,Forecast Accuracy,40.0,0,0.3086,1.8789,0.0,29.7117,5.78,1.9889,0.0,21.25,13.3334,0.0,18.8346,0.9911,320214.0888,13256.8633,200008.8,120205.2888,0.0,227.14,0,0.0,Monitor forecast accuracy and review model error drivers
180,4,P4 - Routine,P00457,Zenith TVs 00457,Electronics,Volatile,12.04,Low,88.0,High,88.25,Very High,Forecast Accuracy,40.0,0,0.234,0.8431,0.0,26.7226,6.81,3.9886,0.0,23.75,13.6502,0.0,19.0364,0.9793,7334600.4144,293384.0166,5767212.26,1567388.1544,0.0,1285.62,0,0.0,Monitor forecast accuracy and review model error drivers
181,4,P4 - Routine,P01178,Zenith Laptops 01178,Electronics,Volatile,11.97,Low,88.0,High,99.52,Very High,Forecast Accuracy,40.0,0,0.0324,0.0428,0.0,25.1464,7.1,2.7698,0.0,28.9583,12.8177,0.0,17.789,0.9887,16240922.7572,639892.3566,11396523.58,4844399.1772,0.0,3336.51,0,0.0,Monitor forecast accuracy and review model error drivers
182,4,P4 - Routine,P00532,CarryPro Chargers 00532,Accessories,Volatile,11.96,Low,88.0,High,62.08,High,Forecast Accuracy,40.0,0,0.1113,0.078,0.0,20.9846,7.12,2.7362,0.0,30.2083,11.7532,0.0,18.4526,0.9863,2105558.1,84432.8798,1647567.0,457991.1,0.0,4505.53,0,0.0,Monitor forecast accuracy and review model error drivers
183,4,P4 - Routine,P00687,Glow Oral Care 00687,Personal Care,Seasonal,11.94,Low,100.0,High,28.05,Low,Demand Anomaly,27.91,1,0.2125,2.0684,0.0,11.5684,4.04,1.2058,0.0,14.5833,9.9597,0.0,17.8051,0.9948,338441.0544,13774.5509,202718.34,135722.7144,0.0,0.0,0,0.0,Investigate demand anomaly and increase short-term demand monitoring
184,4,P4 - Routine,P00735,HomePro Refrigerators 00735,Home Appliances,Volatile,11.93,Low,88.0,High,74.01,High,Forecast Accuracy,40.0,0,0.1667,0.53,0.0,20.6222,6.99,3.8573,0.0,25.4167,13.4479,0.0,18.5733,0.982,3548351.5008,140869.5546,2875014.72,673336.7808,0.0,399.41,0,0.0,Monitor forecast accuracy and review model error drivers
185,4,P4 - Routine,P00070,TechMate Mobile Accessories 00070,Accessories,Volatile,11.92,Low,88.0,High,97.68,Very High,Forecast Accuracy,40.0,0,0.3289,1.3552,0.0,22.2601,5.94,2.7449,0.0,22.7083,11.3913,0.0,18.5178,0.9862,12782163.3856,501060.8047,10764885.36,2017278.0256,0.0,0.0,0,0.0,Monitor forecast accuracy and review model error drivers
186,4,P4 - Routine,P01687,TechMate Bags 01687,Accessories,Trending,11.9,Low,100.0,High,83.15,Very High,Demand Anomaly,27.73,1,0.1241,2.0388,0.0,12.4936,4.18,2.8706,0.0,12.5,9.628,0.0,18.2216,0.9864,4994230.9806,196772.7006,4334722.83,659508.1506,0.0,149.83,0,0.0,Investigate demand anomaly and increase short-term demand monitoring
187,4,P4 - Routine,P01717,Zenith Laptops 01717,Electronics,Volatile,11.88,Low,88.0,High,88.18,Very High,Forecast Accuracy,40.0,0,0.0831,0.8576,0.0,24.5509,6.55,3.4614,0.0,23.5417,13.2272,0.0,18.9926,0.9846,6019596.009,235968.1636,4710368.25,1309227.759,0.0,2088.0,0,0.0,Monitor forecast accuracy and review model error drivers
188,4,P4 - Routine,P01885,NovaTech Audio 01885,Electronics,Volatile,11.88,Low,88.0,High,91.72,Very High,Forecast Accuracy,70.0,0,0.0435,0.1124,0.0,32.2571,4.34,1.2783,0.0,12.5,13.853,0.0,19.8163,0.9941,5053570.3296,197594.5999,3449942.08,1603628.2496,0.0,0.0,0,0.0,Review forecast model performance; recalibrate demand assumptions before next planning cycle
189,4,P4 - Routine,P00434,Apex Smartphones 00434,Electronics,Volatile,11.86,Low,88.0,High,67.37,High,Forecast Accuracy,40.0,0,0.2923,0.5974,0.0,26.4287,6.46,1.7309,0.0,26.25,13.3569,0.0,19.5988,0.9923,1986039.132,78448.5457,1289635.8,696403.332,0.0,500.95,0,0.0,Monitor forecast accuracy and review model error drivers
190,4,P4 - Routine,P00202,Zenith Laptops 00202,Electronics,Volatile,11.86,Low,88.0,High,57.96,Medium,Forecast Accuracy,70.0,0,0.0208,0.0482,0.0,30.7122,4.39,0.9785,0.0,14.1667,13.1391,0.0,19.1984,0.9957,1229468.3063,48809.8918,623842.25,605626.0563,0.0,1616.12,0,0.0,Review forecast model performance; recalibrate demand assumptions before next planning cycle
191,4,P4 - Routine,P01072,Vertex Smartphones 01072,Electronics,Volatile,11.84,Low,88.0,High,92.71,Very High,Forecast Accuracy,70.0,0,0.0187,0.0482,0.0,30.0992,4.97,4.3516,0.0,10.625,13.7885,0.0,19.184,0.9784,10089062.3124,392464.524,8107600.41,1981461.9024,0.0,686.39,0,0.0,Review forecast model performance; recalibrate demand assumptions before next planning cycle
192,4,P4 - Routine,P01449,TechMate Chargers 01449,Accessories,Volatile,11.78,Low,88.0,High,75.23,High,Forecast Accuracy,40.0,0,0.2737,1.0416,0.0,25.6429,6.23,3.0511,0.0,23.5417,11.8863,0.0,18.1195,0.9859,3415232.3056,132852.5367,2878858.24,536374.0656,0.0,13091.37,0,0.0,Monitor forecast accuracy and review model error drivers
193,4,P4 - Routine,P00784,Arctic Microwaves 00784,Home Appliances,Volatile,11.75,Low,88.0,High,56.14,Medium,Forecast Accuracy,40.0,0,0.3333,1.0117,0.0,20.3637,6.32,3.1029,0.0,23.3333,12.5909,0.0,18.2598,0.9854,1697867.4312,66556.4033,1284578.88,413288.5512,0.0,457.12,0,0.0,Monitor forecast accuracy and review model error drivers
194,4,P4 - Routine,P00892,ConnectX Chargers 00892,Accessories,Volatile,11.73,Low,88.0,High,86.32,Very High,Forecast Accuracy,40.0,0,0.1496,0.7585,0.0,21.9768,5.96,1.007,0.0,26.4583,11.2362,0.0,19.2561,0.9954,3827455.8323,147357.0495,2111194.92,1716260.9123,0.0,3200.53,0,0.0,Monitor forecast accuracy and review model error drivers
195,4,P4 - Routine,P00616,CarryPro Bags 00616,Accessories,Volatile,11.71,Low,88.0,High,74.83,High,Forecast Accuracy,40.0,0,0.0814,0.1159,0.0,21.6839,6.85,2.6706,0.0,28.3333,12.0215,0.0,18.7964,0.987,3371285.7897,130131.6315,2627856.0,743429.7897,0.0,0.0,0,0.0,Monitor forecast accuracy and review model error drivers
196,4,P4 - Routine,P01922,Apex Smartphones 01922,Electronics,Volatile,11.69,Low,88.0,High,70.42,High,Forecast Accuracy,40.0,0,0.085,0.3132,0.0,25.67,6.98,3.7909,0.0,25.4167,13.5428,0.0,17.8692,0.9826,2923418.8273,112843.9667,2303044.93,620373.8973,0.0,704.63,0,0.0,Monitor forecast accuracy and review model error drivers
197,4,P4 - Routine,P01842,HomePro Refrigerators 01842,Home Appliances,Seasonal,11.67,Low,88.0,High,91.99,Very High,Supplier,28.96,0,0.1649,1.903,0.0,12.4826,7.12,3.8149,0.0,28.9583,10.9108,0.0,17.4259,0.9824,7866504.8336,299713.8342,6839676.48,1026828.3536,0.0,760.03,0,0.0,Monitor supplier performance and lead-time stability
198,4,P4 - Routine,P00823,HomePro Refrigerators 00823,Home Appliances,Volatile,11.67,Low,88.0,High,84.56,Very High,Forecast Accuracy,40.0,0,0.0299,0.0069,0.0,23.2114,7.11,3.6964,0.0,27.5,12.4989,0.0,18.3043,0.9822,5661805.4582,216280.9685,4560622.44,1101183.0182,0.0,672.02,0,0.0,Monitor forecast accuracy and review model error drivers
199,4,P4 - Routine,P00946,Apex Laptops 00946,Electronics,Volatile,11.63,Low,88.0,High,98.69,Very High,Forecast Accuracy,40.0,0,0.1095,0.5567,0.0,23.6705,7.12,6.1624,0.0,21.875,13.2562,0.0,18.0836,0.9685,24470562.96,924987.2799,21278750.4,3191812.56,0.0,1674.18,0,0.0,Monitor forecast accuracy and review model error drivers
200,4,P4 - Routine,P01706,Apex Laptops 01706,Electronics,Volatile,11.6,Low,88.0,High,40.51,Medium,Forecast Accuracy,40.0,0,0.0971,0.1746,0.0,26.2383,6.48,0.7304,0.0,28.5417,13.1735,0.0,18.8133,0.9968,599777.255,23211.3798,242843.35,356933.905,0.0,96.26,0,0.0,Monitor forecast accuracy and review model error drivers
201,4,P4 - Routine,P02000,HomePro Washing Machines 02000,Home Appliances,Volatile,11.59,Low,88.0,High,68.08,High,Forecast Accuracy,40.0,0,0.1515,0.6624,0.0,20.3361,6.88,5.2715,0.0,22.7083,12.6382,0.0,19.3566,0.9747,3207039.7759,122188.2155,2666077.55,540962.2259,0.0,0.0,0,0.0,Monitor forecast accuracy and review model error drivers
202,4,P4 - Routine,P00461,NovaTech Laptops 00461,Electronics,Volatile,11.56,Low,88.0,High,68.3,High,Forecast Accuracy,40.0,0,0.3029,0.8792,0.0,28.5649,6.72,5.2119,0.0,20.4167,13.956,0.0,19.0938,0.9739,3254990.0619,123689.6224,2647891.3,607098.7619,0.0,579.94,0,0.0,Monitor forecast accuracy and review model error drivers
203,4,P4 - Routine,P00614,Zenith Smartphones 00614,Electronics,Volatile,11.55,Low,88.0,High,99.19,Very High,Forecast Accuracy,70.0,0,0.0314,0.2313,0.0,32.8041,4.38,3.2591,0.0,8.3333,14.3733,0.0,19.5713,0.9838,16532952.3728,618332.4187,13571067.0,2961885.3728,0.0,0.0,0,0.0,Review forecast model performance; recalibrate demand assumptions before next planning cycle
204,4,P4 - Routine,P00361,ComfortMax Washing Machines 00361,Home Appliances,Volatile,11.53,Low,88.0,High,62.98,High,Forecast Accuracy,40.0,0,0.0294,0.0964,0.0,20.4169,6.93,3.4083,0.0,27.0833,12.2793,0.0,19.1667,0.9851,2156694.3322,81738.7152,1648603.8,508090.5322,0.0,566.76,0,0.0,Monitor forecast accuracy and review model error drivers
205,4,P4 - Routine,P00635,Zenith Smartphones 00635,Electronics,Volatile,11.49,Low,88.0,High,82.1,Very High,Forecast Accuracy,70.0,0,0.0633,0.0413,0.0,32.0803,4.31,2.462,0.0,11.0417,12.7876,0.0,19.0618,0.9904,3530528.3224,132041.7593,2729789.94,800738.3824,0.0,0.0,0,0.0,Review forecast model performance; recalibrate demand assumptions before next planning cycle
206,4,P4 - Routine,P01101,Zenith TVs 01101,Electronics,Volatile,11.45,Low,88.0,High,83.91,Very High,Forecast Accuracy,40.0,0,0.0155,0.0482,0.0,26.8008,7.19,4.8327,0.0,24.5833,13.6902,0.0,19.1184,0.975,6402546.7344,238174.7385,5221982.16,1180564.5744,0.0,531.75,0,0.0,Monitor forecast accuracy and review model error drivers
207,4,P4 - Routine,P00657,HomePro Air Conditioners 00657,Home Appliances,Volatile,11.44,Low,88.0,High,80.49,Very High,Forecast Accuracy,40.0,0,0.3406,1.1996,0.0,20.6509,5.75,2.6472,0.0,21.0417,11.9773,0.0,18.6143,0.9872,4059688.4405,151020.41,2909494.28,1150194.1605,0.0,367.12,0,0.0,Monitor forecast accuracy and review model error drivers
208,4,P4 - Routine,P01503,Apex Audio 01503,Electronics,Volatile,11.44,Low,88.0,High,68.84,High,Forecast Accuracy,40.0,0,0.4591,0.9455,0.0,29.4339,5.84,1.5772,0.0,21.875,13.8847,0.0,19.4502,0.9924,2085080.596,77982.0143,1268963.45,816117.146,0.0,2703.85,0,0.0,Monitor forecast accuracy and review model error drivers
209,4,P4 - Routine,P01597,Arctic Washing Machines 01597,Home Appliances,Volatile,11.38,Low,88.0,High,82.57,Very High,Forecast Accuracy,40.0,0,0.1054,0.7347,0.0,21.8242,6.33,3.6406,0.0,21.6667,13.2227,0.0,19.6687,0.9814,5250915.5083,193758.7823,4216248.2,1034667.3083,0.0,1669.52,0,0.0,Monitor forecast accuracy and review model error drivers
210,4,P4 - Routine,P01715,Zenith Smartphones 01715,Electronics,Trending,11.37,Low,100.0,High,44.66,Medium,Demand Anomaly,32.35,1,0.3333,2.9509,0.0,17.8012,2.84,1.2965,0.0,6.4583,9.8962,0.0,17.8606,0.9939,773521.8528,29007.0695,556615.68,216906.1728,0.0,0.0,0,0.0,Investigate demand anomaly and increase short-term demand monitoring
211,4,P4 - Routine,P01209,EverHome Air Conditioners 01209,Home Appliances,Volatile,11.36,Low,88.0,High,69.49,High,Forecast Accuracy,40.0,0,0.16,0.3854,0.0,20.6406,6.67,3.9084,0.0,23.5417,13.1215,0.0,19.5769,0.9801,3035946.1398,112330.0072,2460900.75,575045.3898,0.0,112.56,0,0.0,Monitor forecast accuracy and review model error drivers
212,4,P4 - Routine,P00738,UrbanGear Bags 00738,Accessories,Volatile,11.36,Low,88.0,High,35.6,Low,Forecast Accuracy,40.0,0,0.1083,0.5869,0.0,21.641,6.33,2.775,0.0,25.0,11.6656,0.0,18.7397,0.9873,660873.7114,24848.8515,515235.28,145638.4314,0.0,28.0,0,0.0,Monitor forecast accuracy and review model error drivers
213,4,P4 - Routine,P00487,Vertex Audio 00487,Electronics,Volatile,11.35,Low,88.0,High,43.62,Medium,Forecast Accuracy,40.0,0,0.28,0.5059,0.0,24.5197,6.59,3.5134,0.0,23.125,13.7834,0.0,18.6252,0.9827,995104.1232,37216.8942,812474.08,182630.0432,0.0,103.08,0,0.0,Monitor forecast accuracy and review model error drivers
214,4,P4 - Routine,P00164,PureLife Grooming 00164,Personal Care,Trending,11.34,Low,100.0,High,7.63,Low,Demand Anomaly,30.58,1,0.2937,2.5986,0.0,12.3791,3.21,1.5939,0.0,9.7917,8.4534,0.0,17.8128,0.9923,68848.332,2616.2366,50462.16,18386.172,0.0,0.0,0,0.0,Investigate demand anomaly and increase short-term demand monitoring
215,4,P4 - Routine,P01981,Vertex Smartphones 01981,Electronics,Seasonal,11.33,Low,100.0,High,90.83,Very High,Demand Anomaly,28.49,1,0.2479,2.1841,0.0,19.0855,3.32,1.0878,0.0,8.3333,11.6202,0.0,18.3962,0.996,4303314.414,157070.9761,2576290.5,1727023.914,0.0,1350.91,0,0.0,Investigate demand anomaly and increase short-term demand monitoring
216,4,P4 - Routine,P01102,ConnectX Mobile Accessories 01102,Accessories,Volatile,11.3,Low,88.0,High,55.34,Medium,Forecast Accuracy,40.0,0,0.1676,0.4446,0.0,21.598,6.55,3.8022,0.0,24.1667,11.8933,0.0,17.9376,0.9825,1769229.5957,65461.495,1455007.26,314222.3357,0.0,21659.05,0,0.0,Monitor forecast accuracy and review model error drivers
217,4,P4 - Routine,P01535,Arctic Air Conditioners 01535,Home Appliances,Volatile,11.28,Low,88.0,High,86.77,Very High,Forecast Accuracy,40.0,0,0.3187,1.5015,0.0,22.2882,5.5,3.2681,0.0,17.9167,12.242,0.0,18.5035,0.9851,6031443.1004,218941.3845,4471644.59,1559798.5104,0.0,1742.27,0,0.0,Monitor forecast accuracy and review model error drivers
218,4,P4 - Routine,P00598,NovaTech Smartphones 00598,Electronics,Volatile,11.27,Low,88.0,High,94.83,Very High,Forecast Accuracy,40.0,0,0.0898,0.0138,0.0,29.7758,6.78,3.5302,0.0,24.5833,13.5401,0.0,18.907,0.9825,10532301.8693,380216.0975,7919647.12,2612654.7493,0.0,508.61,0,0.0,Monitor forecast accuracy and review model error drivers
219,4,P4 - Routine,P00997,TechMate Chargers 00997,Accessories,Volatile,11.26,Low,88.0,High,75.87,High,Forecast Accuracy,40.0,0,0.3678,1.5382,0.0,22.3927,5.21,1.949,0.0,18.75,12.0617,0.0,19.1218,0.9915,3018451.9034,109871.6493,2036020.74,982431.1634,0.0,0.0,0,0.0,Monitor forecast accuracy and review model error drivers
220,4,P4 - Routine,P00170,Glow Haircare 00170,Personal Care,Trending,11.25,Low,100.0,High,15.2,Low,Demand Anomaly,27.88,1,0.2329,2.062,0.0,11.3245,3.45,1.1264,0.0,12.5,8.2187,0.0,18.2962,0.9942,145975.3904,5459.4796,100940.0,45035.3904,0.0,3239.79,0,0.0,Investigate demand anomaly and increase short-term demand monitoring
221,4,P4 - Routine,P00015,Vertex Smartphones 00015,Electronics,Volatile,11.23,Low,88.0,High,93.05,Very High,Forecast Accuracy,40.0,0,0.1765,0.6852,0.0,22.1449,6.33,4.2321,0.0,20.8333,12.8815,0.0,19.7588,0.9796,9562443.7768,344247.976,7869042.1,1693401.6768,0.0,2125.28,0,0.0,Monitor forecast accuracy and review model error drivers
222,4,P4 - Routine,P01828,TechMate Mobile Accessories 01828,Accessories,Volatile,11.23,Low,88.0,High,43.56,Medium,Forecast Accuracy,40.0,0,0.0278,0.2556,0.0,20.8466,6.27,1.5898,0.0,26.0417,12.5826,0.0,18.5019,0.9937,804213.9988,29595.0752,498099.72,306114.2788,0.0,2219.96,0,0.0,Monitor forecast accuracy and review model error drivers
223,4,P4 - Routine,P01096,Apex Audio 01096,Electronics,Seasonal,11.22,Low,100.0,High,85.52,Very High,Demand Anomaly,30.34,1,0.2367,2.5534,0.0,18.314,3.25,2.5477,0.0,4.7917,11.8066,0.0,18.2152,0.9869,5087213.8005,183139.6968,3886978.02,1200235.7805,0.0,3356.76,0,0.0,Investigate demand anomaly and increase short-term demand monitoring
224,4,P4 - Routine,P00113,CarryPro Chargers 00113,Accessories,Volatile,11.21,Low,88.0,High,48.05,Medium,Forecast Accuracy,40.0,0,0.3572,1.0855,0.0,20.9775,5.44,1.1938,0.0,22.2917,11.5597,0.0,18.5089,0.9949,967062.84,35394.4999,505443.72,461619.12,0.0,0.0,0,0.0,Monitor forecast accuracy and review model error drivers
225,4,P4 - Routine,P00454,ConnectX Chargers 00454,Accessories,Volatile,11.19,Low,88.0,High,57.38,Medium,Forecast Accuracy,40.0,0,0.3431,1.2763,0.0,21.0032,5.46,2.1877,0.0,20.2083,11.8084,0.0,18.8743,0.9905,1639122.9024,59664.0736,1145372.84,493750.0624,0.0,1341.56,0,0.0,Monitor forecast accuracy and review model error drivers
226,4,P4 - Routine,P01799,Vertex Smartphones 01799,Electronics,Volatile,11.18,Low,88.0,High,78.1,High,Forecast Accuracy,40.0,0,0.1165,0.8351,0.0,22.5113,6.23,4.374,0.0,20.0,12.8128,0.0,18.098,0.9795,4284773.8622,154251.859,3544363.55,740410.3122,0.0,159.32,0,0.0,Monitor forecast accuracy and review model error drivers
227,4,P4 - Routine,P01556,Zenith Laptops 01556,Electronics,Volatile,11.18,Low,88.0,High,54.55,Medium,Forecast Accuracy,40.0,0,0.0382,0.1204,0.0,29.935,6.33,1.594,0.0,25.8333,13.1625,0.0,19.4296,0.9923,1260501.24,45882.2451,825845.64,434655.6,0.0,1423.4,0,0.0,Monitor forecast accuracy and review model error drivers
228,4,P4 - Routine,P01671,HomePro Air Conditioners 01671,Home Appliances,Volatile,11.16,Low,88.0,High,81.8,Very High,Supplier,33.54,0,0.0225,0.0964,0.0,17.2072,8.62,5.418,0.0,33.5417,13.1073,0.0,19.0071,0.9732,6334835.367,226787.1061,5196654.96,1138180.407,0.0,376.55,0,0.0,Monitor supplier performance and lead-time stability
229,4,P4 - Routine,P01976,ConnectX Bags 01976,Accessories,Volatile,11.13,Low,88.0,High,81.16,Very High,Forecast Accuracy,40.0,0,0.1046,0.4925,0.0,23.878,5.8,1.2781,0.0,24.375,11.7096,0.0,18.137,0.9954,3155914.11,112666.1337,1613372.55,1542541.56,0.0,0.0,0,0.0,Monitor forecast accuracy and review model error drivers
230,4,P4 - Routine,P00524,CarryPro Cables 00524,Accessories,Volatile,11.09,Low,88.0,High,18.46,Low,Forecast Accuracy,40.0,0,0.0938,0.4778,0.0,20.7895,5.92,1.1083,0.0,25.4167,11.8376,0.0,18.6411,0.9944,202483.5085,7410.8964,107101.75,95381.7585,0.0,19.0,0,0.0,Monitor forecast accuracy and review model error drivers
231,4,P4 - Routine,P00110,Vertex Smartphones 00110,Electronics,Volatile,11.07,Low,88.0,High,66.04,High,Forecast Accuracy,40.0,0,0.1401,0.6082,0.0,25.8151,5.95,2.1634,0.0,21.6667,13.6746,0.0,18.6581,0.9921,1968549.099,70080.3479,1219720.62,748828.479,0.0,0.0,0,0.0,Monitor forecast accuracy and review model error drivers
232,4,P4 - Routine,P01506,EverHome Refrigerators 01506,Home Appliances,Volatile,11.0,Low,88.0,High,91.0,Very High,Forecast Accuracy,40.0,0,0.0248,0.0843,0.0,20.4096,6.16,1.926,0.0,24.7917,12.402,0.0,18.6828,0.9917,5983221.304,208814.4235,3659224.48,2323996.824,0.0,0.0,0,0.0,Monitor forecast accuracy and review model error drivers
233,4,P4 - Routine,P00932,ConnectX Cables 00932,Accessories,Volatile,11.0,Low,88.0,High,86.16,Very High,Forecast Accuracy,40.0,0,0.049,0.0495,0.0,20.0767,6.26,2.2582,0.0,25.0,12.1959,0.0,19.9756,0.9884,5430240.522,190058.4183,3951737.1,1478503.422,0.0,15039.12,0,0.0,Monitor forecast accuracy and review model error drivers
234,4,P4 - Routine,P01186,UrbanGear Chargers 01186,Accessories,Volatile,11.0,Low,88.0,High,47.81,Medium,Forecast Accuracy,40.0,0,0.0585,0.239,0.0,23.0018,6.27,2.715,0.0,24.7917,11.6099,0.0,18.9107,0.9879,1177411.7799,41915.8594,865252.22,312159.5599,0.0,3492.42,0,0.0,Monitor forecast accuracy and review model error drivers
235,4,P4 - Routine,P00014,Apex Smartphones 00014,Electronics,Volatile,10.99,Low,88.0,High,29.85,Low,Forecast Accuracy,40.0,0,0.3084,0.7949,0.0,24.961,5.74,1.5427,0.0,20.8333,14.344,0.0,20.6324,0.9928,415257.2954,14907.7369,242077.3,173179.9954,0.0,480.02,0,0.0,Monitor forecast accuracy and review model error drivers
236,4,P4 - Routine,P00132,NovaTech Smartphones 00132,Electronics,Volatile,10.98,Low,88.0,High,63.59,High,Forecast Accuracy,40.0,0,0.3754,0.9515,0.0,26.7537,5.75,2.9627,0.0,19.1667,13.2293,0.0,18.3777,0.9868,2133890.0144,75326.3175,1512456.24,621433.7744,0.0,1363.33,0,0.0,Monitor forecast accuracy and review model error drivers
237,4,P4 - Routine,P01773,CarryPro Bags 01773,Accessories,Volatile,10.95,Low,88.0,High,57.39,Medium,Forecast Accuracy,40.0,0,0.2722,0.6519,0.0,20.8105,5.87,2.5644,0.0,21.6667,12.3313,0.0,17.7705,0.9881,1787284.2088,62912.4041,1225947.78,561336.4288,0.0,0.0,0,0.0,Monitor forecast accuracy and review model error drivers
238,4,P4 - Routine,P01361,CarryPro Mobile Accessories 01361,Accessories,Volatile,10.85,Low,88.0,High,95.34,Very High,Forecast Accuracy,40.0,0,0.1731,0.3413,0.0,23.86,5.86,2.2252,0.0,22.7083,11.9032,0.0,18.3402,0.9914,8625671.3634,294135.3935,5856887.82,2768783.5434,0.0,6210.99,0,0.0,Monitor forecast accuracy and review model error drivers
239,4,P4 - Routine,P01778,EverHome Air Conditioners 01778,Home Appliances,Volatile,10.84,Low,88.0,High,42.3,Medium,Supplier,29.79,0,0.3333,1.0117,0.0,18.7986,7.19,2.7923,0.0,29.7917,12.533,0.0,18.5891,0.9858,945136.35,33079.7723,677200.5,267935.85,0.0,424.61,0,0.0,Monitor supplier performance and lead-time stability
240,4,P4 - Routine,P01274,Apex Audio 01274,Electronics,Volatile,10.81,Low,88.0,High,73.68,High,Forecast Accuracy,40.0,0,0.1163,0.5059,0.0,29.7766,6.28,4.5998,0.0,19.5833,13.075,0.0,19.2407,0.9773,3803730.9082,130467.9702,3123985.2,679745.7082,0.0,0.0,0,0.0,Monitor forecast accuracy and review model error drivers
241,4,P4 - Routine,P01672,TechMate Chargers 01672,Accessories,Volatile,10.8,Low,88.0,High,94.26,Very High,Supplier,25.42,0,0.3575,1.8238,0.0,18.0874,6.2,2.1698,0.0,25.4167,11.5974,0.0,18.7155,0.9906,7541109.8629,255643.6244,5900502.08,1640607.7829,0.0,26920.45,0,0.0,Monitor supplier performance and lead-time stability
242,4,P4 - Routine,P01831,TechMate Cables 01831,Accessories,Volatile,10.78,Low,88.0,High,69.77,High,Forecast Accuracy,40.0,0,0.0925,0.2374,0.0,21.6419,5.77,1.1893,0.0,23.75,12.3401,0.0,18.8494,0.995,2048995.4493,70075.6444,1186860.2,862135.2493,0.0,0.0,0,0.0,Monitor forecast accuracy and review model error drivers
243,4,P4 - Routine,P01511,UrbanGear Mobile Accessories 01511,Accessories,Volatile,10.77,Low,88.0,High,81.37,Very High,Forecast Accuracy,40.0,0,0.325,0.8164,0.0,22.5597,5.41,2.0879,0.0,20.2083,11.659,0.0,18.7349,0.9914,3604252.9725,122544.6011,2681756.7,922496.2725,0.0,0.0,0,0.0,Monitor forecast accuracy and review model error drivers
244,4,P4 - Routine,P00376,Arctic Refrigerators 00376,Home Appliances,Volatile,10.76,Low,88.0,High,79.24,High,Forecast Accuracy,40.0,0,0.072,0.2271,0.0,21.3614,6.2,3.428,0.0,21.875,12.6035,0.0,18.4364,0.9835,4313144.7729,146646.9223,3311455.64,1001689.1329,0.0,2303.28,0,0.0,Monitor forecast accuracy and review model error drivers
245,4,P4 - Routine,P00357,NovaTech Audio 00357,Electronics,Volatile,10.76,Low,88.0,High,59.03,Medium,Forecast Accuracy,40.0,0,0.1039,0.012,0.0,25.8835,6.1,1.5911,0.0,23.75,13.7461,0.0,19.1264,0.9923,1491851.4072,51170.5033,979668.48,512182.9272,0.0,0.0,0,0.0,Monitor forecast accuracy and review model error drivers
246,4,P4 - Routine,P00384,CarryPro Chargers 00384,Accessories,Volatile,10.76,Low,88.0,High,62.34,High,Forecast Accuracy,40.0,0,0.0775,0.4095,0.0,21.8117,5.55,0.8609,0.0,23.5417,11.7178,0.0,18.2053,0.9969,1405999.8686,48225.7955,660899.84,745100.0286,0.0,0.0,0,0.0,Monitor forecast accuracy and review model error drivers
247,4,P4 - Routine,P00718,CarryPro Chargers 00718,Accessories,Volatile,10.75,Low,88.0,High,79.04,High,Forecast Accuracy,40.0,0,0.2388,0.9929,0.0,20.2526,5.46,2.9774,0.0,18.3333,12.0898,0.0,18.4953,0.9867,4165253.5984,141202.097,3083522.17,1081731.4284,0.0,5650.93,0,0.0,Monitor forecast accuracy and review model error drivers
248,4,P4 - Routine,P00283,HomePro Washing Machines 00283,Home Appliances,Seasonal,10.74,Low,88.0,High,73.11,High,Supplier,26.46,0,0.0649,1.5176,0.0,10.7206,6.85,4.1839,0.0,26.4583,10.8248,0.0,17.2136,0.9801,3538473.873,120308.1117,2946273.0,592200.873,0.0,1548.19,0,0.0,Monitor supplier performance and lead-time stability
249,4,P4 - Routine,P01113,Zenith TVs 01113,Electronics,Volatile,10.74,Low,88.0,High,37.12,Low,Forecast Accuracy,40.0,0,0.1667,0.2891,0.0,26.2166,6.5,4.4655,0.0,20.4167,13.9685,0.0,19.2523,0.9773,798698.0342,27634.952,660455.61,138242.4242,0.0,463.24,0,0.0,Monitor forecast accuracy and review model error drivers
250,4,P4 - Routine,P00956,EverHome Air Conditioners 00956,Home Appliances,Volatile,10.74,Low,88.0,High,33.94,Low,Supplier,32.92,0,0.082,0.3613,0.0,19.379,7.64,2.6346,0.0,32.9167,12.7767,0.0,17.9867,0.9887,580436.0608,20083.0877,430939.3,149496.7608,0.0,859.86,0,0.0,Monitor supplier performance and lead-time stability
251,4,P4 - Routine,P00721,TechMate Bags 00721,Accessories,Volatile,10.73,Low,88.0,High,53.18,Medium,Forecast Accuracy,40.0,0,0.2797,0.924,0.0,22.4117,5.29,1.7176,0.0,20.4167,11.4114,0.0,18.7316,0.9924,1296263.6544,44461.8433,804837.8,491425.8544,0.0,4186.76,0,0.0,Monitor forecast accuracy and review model error drivers
252,4,P4 - Routine,P01962,ComfortMax Air Conditioners 01962,Home Appliances,Volatile,10.72,Low,88.0,High,31.56,Low,Supplier,33.75,0,0.006,0.0241,0.0,16.7204,8.15,3.816,0.0,33.75,12.9643,0.0,17.9613,0.9824,595497.2736,20604.2057,457800.42,137696.8536,0.0,400.31,0,0.0,Monitor supplier performance and lead-time stability
253,4,P4 - Routine,P00975,Vertex Audio 00975,Electronics,Volatile,10.7,Low,88.0,High,88.06,Very High,Forecast Accuracy,70.0,0,0.1032,0.3999,0.0,31.9351,3.44,2.486,0.0,4.1667,13.8247,0.0,19.9081,0.9875,5706907.8992,191181.4146,3923310.56,1783597.3392,0.0,0.0,0,0.0,Review forecast model performance; recalibrate demand assumptions before next planning cycle
254,4,P4 - Routine,P00990,CarryPro Mobile Accessories 00990,Accessories,Volatile,10.68,Low,88.0,High,59.11,Medium,Forecast Accuracy,40.0,0,0.5656,1.4253,0.0,24.1923,4.93,2.23,0.0,16.6667,11.7545,0.0,18.8908,0.9887,1801657.7773,61076.1987,1332364.77,469293.0073,0.0,7601.87,0,0.0,Monitor forecast accuracy and review model error drivers
255,4,P4 - Routine,P01599,Apex Audio 01599,Electronics,Seasonal,10.64,Low,88.0,High,55.86,Medium,Supplier,31.67,0,0.05,0.2857,0.0,19.1351,7.95,4.7315,0.0,31.6667,11.8798,0.0,17.8091,0.976,1857923.2336,62797.8053,1631421.68,226501.5536,0.0,861.8,0,0.0,Monitor supplier performance and lead-time stability
256,4,P4 - Routine,P01045,ConnectX Chargers 01045,Accessories,Volatile,10.63,Low,88.0,High,26.35,Low,Forecast Accuracy,40.0,0,0.0914,0.3886,0.0,21.0532,5.77,1.9679,0.0,23.125,11.3934,0.0,19.1494,0.9913,373163.4396,12762.1896,252591.57,120571.8696,0.0,1102.0,0,0.0,Monitor forecast accuracy and review model error drivers
257,4,P4 - Routine,P01553,TechMate Chargers 01553,Accessories,Volatile,10.61,Low,88.0,High,83.43,Very High,Forecast Accuracy,40.0,0,0.101,0.3083,0.0,25.0072,5.89,3.1086,0.0,21.6667,11.3512,0.0,18.498,0.9854,5263855.3812,174759.9987,4030163.0,1233692.3812,0.0,9565.17,0,0.0,Monitor forecast accuracy and review model error drivers
258,4,P4 - Routine,P00260,Vertex TVs 00260,Electronics,Volatile,10.59,Low,88.0,High,53.98,Medium,Forecast Accuracy,40.0,0,0.207,1.2125,0.0,26.5004,4.95,1.3095,0.0,16.875,13.5311,0.0,19.4185,0.9951,1109096.2735,37265.6348,575428.26,533668.0135,0.0,0.0,0,0.0,Monitor forecast accuracy and review model error drivers
259,4,P4 - Routine,P00251,Arctic Refrigerators 00251,Home Appliances,Volatile,10.57,Low,88.0,High,39.09,Low,Forecast Accuracy,40.0,0,0.0244,0.0964,0.0,21.6711,6.76,5.798,0.0,20.2083,13.2749,0.0,18.9594,0.9708,956955.2578,32249.3922,823675.08,133280.1778,0.0,729.44,0,0.0,Monitor forecast accuracy and review model error drivers
260,4,P4 - Routine,P00995,ComfortMax Air Conditioners 00995,Home Appliances,Seasonal,10.56,Low,88.0,High,69.76,High,Supplier,28.96,0,0.0997,0.7949,0.0,12.4389,7.35,4.3715,0.0,28.9583,11.315,0.0,17.3854,0.9796,3050611.515,101280.3023,2622574.71,428036.805,0.0,461.22,0,0.0,Monitor supplier performance and lead-time stability
261,4,P4 - Routine,P01056,HomePro Washing Machines 01056,Home Appliances,Volatile,10.54,Low,88.0,High,94.18,Very High,Forecast Accuracy,40.0,0,0.0925,0.2409,0.0,20.2544,5.7,2.0062,0.0,21.25,12.7266,0.0,18.5946,0.9909,7750244.6732,253433.0008,4895398.23,2854846.4432,0.0,0.0,0,0.0,Monitor forecast accuracy and review model error drivers
262,4,P4 - Routine,P01647,NovaTech Audio 01647,Electronics,Volatile,10.54,Low,88.0,High,71.59,High,Forecast Accuracy,40.0,0,0.134,0.6504,0.0,27.5867,5.38,1.5966,0.0,18.9583,13.692,0.0,19.1926,0.9936,2315991.1088,76659.3057,1241448.48,1074542.6288,0.0,158.88,0,0.0,Monitor forecast accuracy and review model error drivers
263,4,P4 - Routine,P01430,CarryPro Mobile Accessories 01430,Accessories,Volatile,10.52,Low,88.0,High,75.28,High,Forecast Accuracy,40.0,0,0.0543,0.4336,0.0,23.292,5.65,2.5073,0.0,20.625,12.0097,0.0,18.7584,0.9886,3320320.896,109238.5575,2397214.44,923106.456,0.0,1292.95,0,0.0,Monitor forecast accuracy and review model error drivers
264,4,P4 - Routine,P00386,UrbanGear Cables 00386,Accessories,Volatile,10.51,Low,88.0,High,93.58,Very High,Forecast Accuracy,40.0,0,0.2385,1.1979,0.0,20.2902,4.91,2.298,0.0,16.6667,11.5029,0.0,20.1404,0.9893,7701638.2203,251073.406,5864987.28,1836650.9403,0.0,11979.08,0,0.0,Monitor forecast accuracy and review model error drivers
265,4,P4 - Routine,P00129,Apex Audio 00129,Electronics,Volatile,10.51,Low,88.0,High,59.34,Medium,Forecast Accuracy,40.0,0,0.0195,0.0803,0.0,22.832,6.05,2.4848,0.0,21.25,14.0926,0.0,18.6902,0.9875,1789416.4578,59229.6848,1251361.42,538055.0378,0.0,2541.25,0,0.0,Monitor forecast accuracy and review model error drivers
266,4,P4 - Routine,P00981,Arctic Washing Machines 00981,Home Appliances,Volatile,10.46,Low,88.0,High,95.56,Very High,Supplier,31.67,0,0.0674,0.0214,0.0,19.5594,7.71,3.5302,0.0,31.6667,12.6631,0.0,19.1246,0.9825,11508132.3848,371712.676,8965258.94,2542873.4448,0.0,1869.44,0,0.0,Monitor supplier performance and lead-time stability
267,4,P4 - Routine,P01537,NovaTech Smartphones 01537,Electronics,Volatile,10.46,Low,88.0,High,86.91,Very High,Forecast Accuracy,40.0,0,0.0769,0.1606,0.0,26.6599,5.76,1.9934,0.0,20.625,13.8127,0.0,17.9739,0.991,4696170.8417,152625.5524,3124762.5,1571408.3417,0.0,711.29,0,0.0,Monitor forecast accuracy and review model error drivers
268,4,P4 - Routine,P00365,TechMate Cables 00365,Accessories,Trending,10.46,Low,100.0,High,27.8,Low,Demand Anomaly,28.78,1,0.3839,2.2322,0.0,12.3061,2.77,1.4237,0.0,5.8333,9.7803,0.0,17.9179,0.994,356251.452,11898.7985,265268.88,90982.572,0.0,0.0,0,0.0,Investigate demand anomaly and increase short-term demand monitoring
269,4,P4 - Routine,P01946,CarePlus Grooming 01946,Personal Care,Seasonal,10.46,Low,100.0,High,25.57,Low,Demand Anomaly,28.8,1,0.2171,2.2468,0.0,11.1178,3.06,2.8541,0.0,4.5833,10.1176,0.0,18.0741,0.9879,348159.4904,11628.527,313849.4,34310.0904,0.0,0.0,0,0.0,Investigate demand anomaly and increase short-term demand monitoring
270,4,P4 - Routine,P01206,OfficePro Paper 01206,Office Supplies,Trending,10.45,Low,88.0,High,48.15,Medium,Demand Anomaly,31.94,1,0.241,2.8726,0.0,9.4396,3.88,2.0248,0.0,12.9167,8.9055,0.0,18.1071,0.9893,1103986.836,36431.5656,918120.0,185866.836,0.0,269.92,0,0.0,Investigate demand anomaly and increase short-term demand monitoring
271,4,P4 - Routine,P00945,Apex Smartphones 00945,Electronics,Volatile,10.45,Low,88.0,High,34.39,Low,Forecast Accuracy,40.0,0,0.2537,0.4095,0.0,25.9504,6.49,5.8988,0.0,17.0833,14.3761,0.0,18.8583,0.9711,757186.053,25138.577,613638.48,143547.573,0.0,28.94,0,0.0,Monitor forecast accuracy and review model error drivers
272,4,P4 - Routine,P00691,HomePro Air Conditioners 00691,Home Appliances,Volatile,10.44,Low,88.0,High,50.87,Medium,Forecast Accuracy,40.0,0,0.2174,0.6022,0.0,23.4542,5.98,4.5262,0.0,17.0833,13.7209,0.0,18.8589,0.978,1520633.136,50028.8302,1285829.49,234803.646,0.0,303.71,0,0.0,Monitor forecast accuracy and review model error drivers
273,4,P4 - Routine,P00474,ConnectX Mobile Accessories 00474,Accessories,Volatile,10.41,Low,88.0,High,95.8,Very High,Forecast Accuracy,40.0,0,0.0737,0.0545,0.0,24.239,5.73,2.0843,0.0,21.875,12.184,0.0,19.5379,0.9901,9603838.2516,308283.2079,6540697.68,3063140.5716,0.0,18538.66,0,0.0,Monitor forecast accuracy and review model error drivers
274,4,P4 - Routine,P00605,Apex Laptops 00605,Electronics,Volatile,10.35,Low,88.0,High,99.94,Very High,Forecast Accuracy,40.0,0,0.2749,0.9816,0.0,22.1466,5.31,3.5695,0.0,13.9583,14.2835,0.0,19.551,0.9807,26244951.1012,834589.445,20370309.31,5874641.7912,0.0,4449.78,0,0.0,Monitor forecast accuracy and review model error drivers
275,4,P4 - Routine,P00820,EverHome Air Conditioners 00820,Home Appliances,Volatile,10.35,Low,88.0,High,86.12,Very High,Supplier,30.62,0,0.0786,0.1385,0.0,19.2754,7.61,3.8622,0.0,30.625,12.3662,0.0,17.6749,0.9819,6405421.9229,204973.5015,4890854.15,1514567.7729,0.0,2610.41,0,0.0,Monitor supplier performance and lead-time stability
276,4,P4 - Routine,P00196,Arctic Microwaves 00196,Home Appliances,Seasonal,10.35,Low,88.0,High,82.2,Very High,Supplier,24.58,0,0.1589,1.638,0.0,11.804,6.09,2.4267,0.0,24.5833,11.1437,0.0,17.4465,0.9881,4133249.6649,132677.3142,3147364.78,985884.8849,0.0,1012.54,0,0.0,Monitor supplier performance and lead-time stability
277,4,P4 - Routine,P00174,NovaTech TVs 00174,Electronics,Volatile,10.35,Low,88.0,High,25.94,Low,Forecast Accuracy,40.0,0,0.2444,0.53,0.0,27.2185,5.4,1.4902,0.0,19.7917,13.2137,0.0,18.8101,0.9933,321664.444,10582.7602,199937.68,121726.764,0.0,387.9,0,0.0,Monitor forecast accuracy and review model error drivers
278,4,P4 - Routine,P01089,CarryPro Mobile Accessories 01089,Accessories,Volatile,10.32,Low,88.0,High,59.75,Medium,Forecast Accuracy,40.0,0,0.1124,0.0561,0.0,22.2136,5.84,2.5295,0.0,21.875,12.0297,0.0,18.4559,0.9884,1861756.26,59948.5516,1436676.54,425079.72,0.0,6547.17,0,0.0,Monitor forecast accuracy and review model error drivers
279,4,P4 - Routine,P01669,NovaTech Audio 01669,Electronics,Seasonal,10.31,Low,88.0,High,98.85,Very High,Supplier,27.08,0,0.0092,0.819,0.0,17.1142,7.01,4.007,0.0,27.0833,11.6304,0.0,17.7062,0.9791,18098349.8989,571907.8568,15404292.86,2694057.0389,0.0,1018.61,0,0.0,Monitor supplier performance and lead-time stability
280,4,P4 - Routine,P01202,Apex TVs 01202,Electronics,Volatile,10.3,Low,88.0,High,59.71,Medium,Forecast Accuracy,40.0,0,0.0345,0.0714,0.0,28.0404,6.17,3.7996,0.0,18.9583,14.6012,0.0,19.2868,0.9826,1942361.2322,62349.7956,1562875.52,379485.7122,0.0,380.32,0,0.0,Monitor forecast accuracy and review model error drivers
281,4,P4 - Routine,P01846,Apex TVs 01846,Electronics,Volatile,10.3,Low,88.0,High,46.27,Medium,Forecast Accuracy,40.0,0,0.2923,0.6786,0.0,26.2449,5.39,2.2673,0.0,17.0833,14.3363,0.0,20.0378,0.9883,1065425.3585,34413.2391,717513.06,347912.2985,0.0,0.0,0,0.0,Monitor forecast accuracy and review model error drivers
282,4,P4 - Routine,P01867,Apex TVs 01867,Electronics,Volatile,10.3,Low,88.0,High,18.01,Low,Forecast Accuracy,40.0,0,0.125,0.2857,0.0,23.4769,6.6,6.1968,0.0,16.4583,15.1647,0.0,19.2816,0.9654,273759.496,8979.3115,240823.36,32936.136,0.0,332.4,0,0.0,Monitor forecast accuracy and review model error drivers
283,4,P4 - Routine,P01560,TechMate Bags 01560,Accessories,Volatile,10.29,Low,88.0,High,70.15,High,Forecast Accuracy,40.0,0,0.4516,1.4887,0.0,20.3825,4.45,1.6466,0.0,14.375,11.9943,0.0,18.5057,0.9918,2589088.504,82850.8321,1512222.16,1076866.344,0.0,13636.37,0,0.0,Monitor forecast accuracy and review model error drivers
284,4,P4 - Routine,P00206,NovaTech Audio 00206,Electronics,Volatile,10.27,Low,88.0,High,53.8,Medium,Forecast Accuracy,40.0,0,0.2222,0.9636,0.0,26.5413,5.34,3.5624,0.0,15.2083,13.2679,0.0,19.0582,0.9836,1556245.7872,49955.4898,1154445.63,401800.1572,0.0,151.71,0,0.0,Monitor forecast accuracy and review model error drivers
285,4,P4 - Routine,P01385,OfficePro Storage 01385,Office Supplies,Trending,10.27,Low,100.0,High,69.43,High,Demand Anomaly,30.38,1,0.2883,2.5588,0.0,11.2242,1.99,0.4109,0.0,4.1667,8.2672,0.0,18.4705,0.9986,1202838.9607,38370.5628,666353.35,536485.6107,0.0,0.0,0,0.0,Investigate demand anomaly and increase short-term demand monitoring
286,4,P4 - Routine,P00034,TechMate Chargers 00034,Accessories,Volatile,10.22,Low,88.0,High,48.0,Medium,Supplier,27.08,0,0.1165,1.0682,0.0,19.5277,6.42,1.6396,0.0,27.0833,12.441,0.0,18.2889,0.9918,1068462.288,34190.7932,685322.7,383139.588,0.0,0.0,0,0.0,Monitor supplier performance and lead-time stability
287,4,P4 - Routine,P00059,Apex TVs 00059,Electronics,Seasonal,10.19,Low,88.0,High,88.47,Very High,Supplier,30.21,0,0.049,0.265,0.0,18.24,7.14,2.7749,0.0,30.2083,11.8246,0.0,18.0745,0.9873,5560591.2123,173490.4458,4401369.06,1159222.1523,0.0,1560.8,0,0.0,Monitor supplier performance and lead-time stability
288,4,P4 - Routine,P01445,CarryPro Bags 01445,Accessories,Volatile,10.16,Low,88.0,High,74.25,High,Supplier,26.46,0,0.2357,0.9516,0.0,19.1382,6.7,3.314,0.0,26.4583,11.554,0.0,18.4171,0.986,3444055.0317,107798.9225,2612734.65,831320.3817,0.0,5596.51,0,0.0,Monitor supplier performance and lead-time stability
289,4,P4 - Routine,P00930,EverHome Air Conditioners 00930,Home Appliances,Volatile,10.12,Low,88.0,High,41.59,Medium,Forecast Accuracy,40.0,0,0.0345,0.1204,0.0,20.3794,5.6,1.9516,0.0,20.4167,13.0401,0.0,18.7692,0.9914,759905.1759,24013.0036,498210.18,261694.9959,0.0,0.0,0,0.0,Monitor forecast accuracy and review model error drivers
290,4,P4 - Routine,P00139,Arctic Air Conditioners 00139,Home Appliances,Volatile,10.11,Low,88.0,High,80.95,Very High,Forecast Accuracy,40.0,0,0.0989,0.3035,0.0,20.9773,5.72,3.8509,0.0,17.7083,12.7466,0.0,18.5792,0.9834,4589770.16,142282.875,3622264.8,967505.36,0.0,2723.97,0,0.0,Monitor forecast accuracy and review model error drivers
291,4,P4 - Routine,P00887,DeskMate Desk Accessories 00887,Office Supplies,Trending,10.09,Low,100.0,High,47.67,Medium,Demand Anomaly,28.46,1,0.2809,2.1744,0.0,10.9329,2.4,1.3842,0.0,5.0,8.2454,0.0,18.0038,0.9944,822260.7507,25736.7615,687068.7,135192.0507,0.0,0.0,0,0.0,Investigate demand anomaly and increase short-term demand monitoring
292,4,P4 - Routine,P01763,Apex TVs 01763,Electronics,Volatile,10.08,Low,88.0,High,70.61,High,Forecast Accuracy,40.0,0,0.1634,0.7287,0.0,26.8673,4.87,1.1883,0.0,16.6667,13.416,0.0,19.3896,0.995,1938858.5349,60104.6146,1099341.88,839516.6549,0.0,5021.87,0,0.0,Monitor forecast accuracy and review model error drivers
293,4,P4 - Routine,P00291,Zenith TVs 00291,Electronics,Volatile,10.08,Low,88.0,High,55.11,Medium,Forecast Accuracy,40.0,0,0.2183,0.6906,0.0,27.1848,5.09,1.9615,0.0,16.6667,13.3739,0.0,20.1788,0.9913,1367052.1816,42652.0281,867602.4,499449.7816,0.0,857.28,0,0.0,Monitor forecast accuracy and review model error drivers
294,4,P4 - Routine,P00352,TechMate Cables 00352,Accessories,Volatile,10.07,Low,88.0,High,82.63,Very High,Supplier,32.08,0,0.0622,0.0303,0.0,16.9062,6.97,1.3788,0.0,32.0833,11.6237,0.0,17.992,0.9944,3323467.4688,102362.798,2075224.68,1248242.7888,0.0,11988.84,0,0.0,Monitor supplier performance and lead-time stability
295,4,P4 - Routine,P01531,Arctic Washing Machines 01531,Home Appliances,Volatile,10.06,Low,88.0,High,60.15,High,Forecast Accuracy,40.0,0,0.0141,0.0482,0.0,20.764,5.46,1.5566,0.0,21.0417,12.2341,0.0,18.656,0.9927,1563166.0024,48458.1461,1006638.64,556527.3624,0.0,152.4,0,0.0,Monitor forecast accuracy and review model error drivers
296,4,P4 - Routine,P01012,CarryPro Mobile Accessories 01012,Accessories,Volatile,10.05,Low,88.0,High,50.05,Medium,Forecast Accuracy,40.0,0,0.0445,0.1945,0.0,25.4994,5.16,0.5647,0.0,20.8333,12.4507,0.0,18.7092,0.9985,774546.045,24088.382,238321.86,536224.185,0.0,0.0,0,0.0,Monitor forecast accuracy and review model error drivers
297,4,P4 - Routine,P01529,CarryPro Chargers 01529,Accessories,Volatile,10.03,Low,88.0,High,74.17,High,Forecast Accuracy,40.0,0,0.2308,0.4998,0.0,23.791,4.89,0.9268,0.0,18.75,12.0256,0.0,18.3129,0.9962,2170848.0627,66645.0355,1110530.64,1060317.4227,0.0,0.0,0,0.0,Monitor forecast accuracy and review model error drivers
298,4,P4 - Routine,P01438,PaperWorks Desk Accessories 01438,Office Supplies,Trending,10.02,Low,88.0,High,27.04,Low,Supplier,23.96,0,0.2148,1.7727,0.0,10.652,6.02,3.6994,0.0,23.9583,8.7437,0.0,16.7205,0.9822,453204.65,14185.3055,382985.42,70219.23,0.0,21510.55,0,0.0,Monitor supplier performance and lead-time stability
299,4,P4 - Routine,P01795,NovaTech Audio 01795,Electronics,Volatile,10.0,Low,88.0,High,67.31,High,Forecast Accuracy,40.0,0,0.0241,0.3565,0.0,24.8283,5.87,4.9449,0.0,15.8333,13.4251,0.0,19.404,0.9752,2923632.8637,89463.1656,2532482.5,391150.3637,0.0,1132.53,0,0.0,Monitor forecast accuracy and review model error drivers
300,4,P4 - Routine,P01085,CarryPro Mobile Accessories 01085,Accessories,Volatile,9.98,Low,88.0,High,33.72,Low,Forecast Accuracy,40.0,0,0.0837,0.5818,0.0,20.4297,4.86,0.721,0.0,18.9583,12.0317,0.0,19.2451,0.9969,428617.8654,13330.0156,194784.8,233833.0654,0.0,1113.29,0,0.0,Monitor forecast accuracy and review model error drivers
301,4,P4 - Routine,P01033,Apex Audio 01033,Electronics,Volatile,9.97,Low,88.0,High,25.94,Low,Forecast Accuracy,40.0,0,0.1765,0.4336,0.0,22.9405,5.17,1.5229,0.0,18.75,12.6511,0.0,18.3796,0.993,339201.648,10549.1713,199062.0,140139.648,0.0,792.52,0,0.0,Monitor forecast accuracy and review model error drivers
302,4,P4 - Routine,P00273,UrbanGear Chargers 00273,Accessories,Volatile,9.95,Low,88.0,High,95.33,Very High,Forecast Accuracy,40.0,0,0.1628,0.5768,0.0,22.5513,4.7,0.888,0.0,17.9167,11.6171,0.0,19.265,0.9966,6791932.9019,203757.9871,2943533.38,3848399.5219,0.0,0.0,0,0.0,Monitor forecast accuracy and review model error drivers
303,4,P4 - Routine,P01082,Vertex Smartphones 01082,Electronics,Volatile,9.94,Low,88.0,High,84.15,Very High,Forecast Accuracy,40.0,0,0.0235,0.0723,0.0,24.7418,5.63,3.0362,0.0,18.125,13.3421,0.0,19.172,0.9861,5081870.2465,153472.4814,3561634.8,1520235.4465,0.0,3065.66,0,0.0,Monitor forecast accuracy and review model error drivers
304,4,P4 - Routine,P00608,ComfortMax Washing Machines 00608,Home Appliances,Volatile,9.93,Low,88.0,High,78.46,High,Forecast Accuracy,40.0,0,0.047,0.3051,0.0,20.5211,5.13,1.5439,0.0,18.3333,12.7735,0.0,18.2777,0.9942,2881176.128,87011.5191,1642944.0,1238232.128,0.0,399.41,0,0.0,Monitor forecast accuracy and review model error drivers
305,4,P4 - Routine,P01429,Glow Grooming 01429,Personal Care,Seasonal,9.9,Low,88.0,High,8.37,Low,Supplier,27.29,0,0.0143,1.1081,0.0,11.5059,6.29,2.5013,0.0,27.2917,9.6633,0.0,16.8106,0.9901,77053.434,2388.6565,61123.2,15930.234,0.0,0.0,0,0.0,Monitor supplier performance and lead-time stability
306,4,P4 - Routine,P00493,Arctic Refrigerators 00493,Home Appliances,Volatile,9.88,Low,88.0,High,97.41,Very High,Forecast Accuracy,40.0,0,0.0538,0.2409,0.0,20.676,5.14,1.835,0.0,18.125,12.4964,0.0,19.335,0.9912,10143725.328,301268.6422,6273293.4,3870431.928,0.0,287.41,0,0.0,Monitor forecast accuracy and review model error drivers
307,4,P4 - Routine,P00469,Vertex Smartphones 00469,Electronics,Volatile,9.88,Low,88.0,High,89.36,Very High,Forecast Accuracy,40.0,0,0.3413,1.1482,0.0,23.7837,4.57,2.4828,0.0,12.5,12.9695,0.0,19.668,0.9875,6273932.3024,186963.1826,4383310.68,1890621.6224,0.0,44.16,0,0.0,Monitor forecast accuracy and review model error drivers
308,4,P4 - Routine,P00443,Arctic Refrigerators 00443,Home Appliances,Seasonal,9.87,Low,88.0,High,74.67,High,Supplier,26.88,0,0.1003,0.554,0.0,11.885,6.94,4.1213,0.0,26.875,11.1432,0.0,17.1907,0.9807,3691284.8549,110738.5456,3091982.67,599302.1849,0.0,2045.47,0,0.0,Monitor supplier performance and lead-time stability
309,4,P4 - Routine,P00777,Zenith Audio 00777,Electronics,Seasonal,9.84,Low,88.0,High,50.91,Medium,Forecast Accuracy,40.0,0,0.1507,0.7857,0.0,20.1079,4.65,1.3367,0.0,16.6667,11.6499,0.0,18.7279,0.9949,989467.4262,29881.9163,577369.76,412097.6662,0.0,213.3,0,0.0,Monitor forecast accuracy and review model error drivers
310,4,P4 - Routine,P00339,Glow Haircare 00339,Personal Care,Seasonal,9.84,Low,100.0,High,8.54,Low,Demand Anomaly,28.23,1,0.2076,2.1327,0.0,11.2211,2.16,0.1687,0.0,4.1667,9.9207,0.0,18.7457,0.9997,29898.756,917.8918,5781.6,24117.156,0.0,0.0,0,0.0,Investigate demand anomaly and increase short-term demand monitoring
311,4,P4 - Routine,P01233,NovaTech Smartphones 01233,Electronics,Volatile,9.83,Low,88.0,High,98.81,Very High,Forecast Accuracy,40.0,0,0.3476,1.4373,0.0,24.8897,4.29,2.465,0.0,10.4167,13.2612,0.0,19.0856,0.9877,15636793.4055,461285.4055,10088253.81,5548539.5955,0.0,572.75,0,0.0,Monitor forecast accuracy and review model error drivers
312,4,P4 - Routine,P01290,NovaTech Smartphones 01290,Electronics,Volatile,9.83,Low,88.0,High,96.86,Very High,Forecast Accuracy,40.0,0,0.2013,0.1831,0.0,25.7885,5.37,2.7683,0.0,16.6667,13.594,0.0,19.9046,0.9874,10738126.62,316774.7353,7432795.0,3305331.62,0.0,0.0,0,0.0,Monitor forecast accuracy and review model error drivers
313,4,P4 - Routine,P00318,Apex Laptops 00318,Electronics,Volatile,9.83,Low,88.0,High,56.73,Medium,Forecast Accuracy,40.0,0,0.1142,0.1285,0.0,25.4044,5.22,1.502,0.0,19.1667,12.6568,0.0,18.9628,0.9932,1388331.1204,41649.9336,787102.11,601229.0104,0.0,655.36,0,0.0,Monitor forecast accuracy and review model error drivers
314,4,P4 - Routine,P01224,ConnectX Chargers 01224,Accessories,Volatile,9.83,Low,88.0,High,54.55,Medium,Forecast Accuracy,40.0,0,0.2276,0.6884,0.0,21.8944,4.64,0.9679,0.0,17.2917,11.6957,0.0,19.4585,0.9958,1158962.2058,34884.7624,588088.48,570873.7258,0.0,0.0,0,0.0,Monitor forecast accuracy and review model error drivers
315,4,P4 - Routine,P00103,HomePro Refrigerators 00103,Home Appliances,Volatile,9.8,Low,88.0,High,45.72,Medium,Forecast Accuracy,40.0,0,0.1111,0.3372,0.0,20.5057,5.38,3.0278,0.0,16.875,12.921,0.0,18.735,0.9848,1073385.252,32201.5576,849817.8,223567.452,0.0,0.0,0,0.0,Monitor forecast accuracy and review model error drivers
316,4,P4 - Routine,P00838,Arctic Air Conditioners 00838,Home Appliances,Volatile,9.79,Low,88.0,High,64.14,High,Supplier,22.29,0,0.2176,1.3128,0.0,17.2049,6.25,3.7804,0.0,22.2917,11.8142,0.0,19.3818,0.98,2477961.2386,73595.4488,2089939.8,388021.4386,0.0,502.06,0,0.0,Monitor supplier performance and lead-time stability
317,4,P4 - Routine,P00229,UrbanGear Mobile Accessories 00229,Accessories,Volatile,9.78,Low,88.0,High,98.45,Very High,Forecast Accuracy,40.0,0,0.096,0.0718,0.0,20.4689,5.14,1.7554,0.0,19.1667,11.6042,0.0,18.9828,0.992,11454287.34,334465.1903,7934646.0,3519641.34,0.0,698.71,0,0.0,Monitor forecast accuracy and review model error drivers
318,4,P4 - Routine,P00715,EverHome Washing Machines 00715,Home Appliances,Volatile,9.78,Low,88.0,High,44.82,Medium,Forecast Accuracy,40.0,0,0.0769,0.1686,0.0,20.1952,6.33,7.2978,0.0,15.4167,12.2131,0.0,18.6544,0.964,1329698.6773,39890.9603,1139704.72,189993.9573,0.0,380.78,0,0.0,Monitor forecast accuracy and review model error drivers
319,4,P4 - Routine,P00989,Vertex TVs 00989,Electronics,Volatile,9.77,Low,88.0,High,76.79,High,Forecast Accuracy,40.0,0,0.104,0.7179,0.0,29.1364,5.14,3.5953,0.0,12.9167,14.1708,0.0,18.5793,0.9832,3801979.1866,112158.386,3061607.92,740371.2666,0.0,853.72,0,0.0,Monitor forecast accuracy and review model error drivers
320,4,P4 - Routine,P00030,Vertex Laptops 00030,Electronics,Volatile,9.77,Low,88.0,High,77.53,High,Forecast Accuracy,40.0,0,0.5909,1.5417,0.0,25.0735,4.1,1.9356,0.0,9.7917,13.7018,0.0,19.4865,0.9902,3239934.472,95578.0669,2053796.6,1186137.872,0.0,619.32,0,0.0,Monitor forecast accuracy and review model error drivers
321,4,P4 - Routine,P01761,DermaX Oral Care 01761,Personal Care,Trending,9.77,Low,100.0,High,4.82,Low,Demand Anomaly,29.06,1,0.2444,2.2965,0.0,11.5436,1.97,0.4319,0.0,4.1667,8.0957,0.0,18.3549,0.9984,32125.681,979.8333,10188.85,21936.831,0.0,0.0,0,0.0,Investigate demand anomaly and increase short-term demand monitoring
322,4,P4 - Routine,P01428,TechMate Mobile Accessories 01428,Accessories,Volatile,9.75,Low,88.0,High,76.32,High,Forecast Accuracy,40.0,0,0.3363,1.2898,0.0,21.1348,4.22,1.7944,0.0,12.5,12.0349,0.0,19.5881,0.9916,2991775.4453,87958.1981,2115291.98,876483.4653,0.0,10079.28,0,0.0,Monitor forecast accuracy and review model error drivers
323,4,P4 - Routine,P01308,CarryPro Cables 01308,Accessories,Volatile,9.75,Low,88.0,High,64.35,High,Forecast Accuracy,40.0,0,0.0212,0.035,0.0,20.8544,5.18,1.5102,0.0,20.0,11.5115,0.0,18.8739,0.9931,1869015.9805,55322.873,1190428.05,678587.9305,0.0,0.0,0,0.0,Monitor forecast accuracy and review model error drivers
324,4,P4 - Routine,P00061,Arctic Washing Machines 00061,Home Appliances,Volatile,9.73,Low,88.0,High,95.49,Very High,Forecast Accuracy,40.0,0,0.2551,1.1723,0.0,20.6983,4.21,1.4367,0.0,12.5,12.6697,0.0,19.7182,0.9939,7740945.366,225261.5102,4018660.8,3722284.566,0.0,0.0,0,0.0,Monitor forecast accuracy and review model error drivers
325,4,P4 - Routine,P00769,Arctic Microwaves 00769,Home Appliances,Seasonal,9.71,Low,88.0,High,80.18,Very High,Supplier,25.63,0,0.1938,0.53,0.0,11.8742,6.93,4.6197,0.0,25.625,11.3066,0.0,17.476,0.9771,4979199.8741,145392.6363,4505880.65,473319.2241,0.0,1704.27,0,0.0,Monitor supplier performance and lead-time stability
326,4,P4 - Routine,P00897,HomePro Refrigerators 00897,Home Appliances,Volatile,9.71,Low,88.0,High,70.64,High,Forecast Accuracy,40.0,0,0.2222,1.3008,0.0,20.4275,4.6,3.6159,0.0,10.2083,13.2495,0.0,19.1904,0.983,3059748.2388,89650.6234,2322545.1,737203.1388,0.0,0.0,0,0.0,Monitor forecast accuracy and review model error drivers
327,4,P4 - Routine,P00381,Apex Laptops 00381,Electronics,Seasonal,9.71,Low,88.0,High,48.44,Medium,Forecast Accuracy,40.0,0,0.0588,0.25,0.0,20.5618,5.15,2.0838,0.0,18.125,12.0255,0.0,17.2535,0.9901,1044648.042,30921.582,762781.95,281866.092,0.0,361.46,0,0.0,Monitor forecast accuracy and review model error drivers
328,4,P4 - Routine,P01394,Glow Skincare 01394,Personal Care,Seasonal,9.71,Low,88.0,High,29.19,Low,Supplier,29.58,0,0.0564,0.1927,0.0,10.8073,7.14,4.0387,0.0,29.5833,9.9508,0.0,17.5527,0.9802,518809.4194,15460.5207,421110.32,97699.0994,0.0,16284.41,0,0.0,Monitor supplier performance and lead-time stability
329,4,P4 - Routine,P01254,NovaTech Smartphones 01254,Electronics,Volatile,9.69,Low,88.0,High,59.13,Medium,Forecast Accuracy,40.0,0,0.1295,1.2767,0.0,22.3398,4.65,3.6395,0.0,10.4167,13.3222,0.0,19.1637,0.9828,1923043.581,56537.4813,1494945.54,428098.041,0.0,533.95,0,0.0,Monitor forecast accuracy and review model error drivers
330,4,P4 - Routine,P00100,Apex Laptops 00100,Electronics,Volatile,9.69,Low,88.0,High,25.43,Low,Forecast Accuracy,40.0,0,0.0566,0.1071,0.0,27.4682,5.26,1.5771,0.0,18.3333,13.5643,0.0,18.8559,0.9924,311300.5526,9276.7565,218925.96,92374.5926,0.0,223.29,0,0.0,Monitor forecast accuracy and review model error drivers
331,4,P4 - Routine,P01129,HomePro Refrigerators 01129,Home Appliances,Volatile,9.68,Low,88.0,High,55.03,Medium,Supplier,25.83,0,0.3184,0.9154,0.0,18.5923,5.93,0.9472,0.0,25.8333,11.8085,0.0,18.4912,0.9974,1049884.4794,30866.6037,387321.92,662562.5594,0.0,0.0,0,0.0,Monitor supplier performance and lead-time stability
332,4,P4 - Routine,P01654,EverHome Microwaves 01654,Home Appliances,Volatile,9.66,Low,88.0,High,63.65,High,Supplier,25.63,0,0.1329,0.554,0.0,18.3215,6.69,3.3292,0.0,25.625,12.296,0.0,18.6398,0.9831,2343309.6192,68190.3099,1782570.24,560739.3792,0.0,658.34,0,0.0,Monitor supplier performance and lead-time stability
333,4,P4 - Routine,P01114,DermaX Haircare 01114,Personal Care,Trending,9.66,Low,88.0,High,29.16,Low,Supplier,31.88,0,0.0281,0.0564,0.0,10.9185,6.97,3.154,0.0,31.875,8.3109,0.0,17.4434,0.9863,470173.3339,13917.1307,408193.7,61979.6339,0.0,1876.63,0,0.0,Monitor supplier performance and lead-time stability
334,4,P4 - Routine,P00593,NovaTech Laptops 00593,Electronics,Volatile,9.61,Low,88.0,High,95.68,Very High,Forecast Accuracy,40.0,0,0.4253,0.978,0.0,23.6168,4.33,1.7504,0.0,12.5,12.8661,0.0,20.0837,0.9921,7439963.935,212038.9721,5521094.15,1918869.785,0.0,0.0,0,0.0,Monitor forecast accuracy and review model error drivers
335,4,P4 - Routine,P00027,Apex Smartphones 00027,Electronics,Trending,9.61,Low,88.0,High,86.67,Very High,Supplier,27.5,0,0.04,0.3372,0.0,16.5989,6.77,3.7436,0.0,27.5,10.1148,0.0,16.7876,0.9804,6905278.8424,197490.9749,6112501.6,792777.2424,0.0,173.8,0,0.0,Monitor supplier performance and lead-time stability
336,4,P4 - Routine,P01256,Arctic Air Conditioners 01256,Home Appliances,Volatile,9.61,Low,88.0,High,56.37,Medium,Forecast Accuracy,40.0,0,0.3086,1.2044,0.0,23.5175,4.23,1.6374,0.0,11.875,13.068,0.0,18.8975,0.9918,1407571.0982,40960.319,947768.15,459802.9482,0.0,234.95,0,0.0,Monitor forecast accuracy and review model error drivers
337,4,P4 - Routine,P00208,DeskMate Writing 00208,Office Supplies,Trending,9.6,Low,88.0,High,45.94,Medium,Supplier,20.83,0,0.2475,1.9654,0.0,11.0512,5.34,3.0166,0.0,20.8333,8.7588,0.0,18.3243,0.9863,1079130.229,31402.6897,942616.44,136513.789,0.0,0.0,0,0.0,Monitor supplier performance and lead-time stability
338,4,P4 - Routine,P00537,UrbanGear Mobile Accessories 00537,Accessories,Volatile,9.58,Low,88.0,High,68.87,High,Forecast Accuracy,40.0,0,0.0731,0.7615,0.0,21.9905,4.26,0.3895,0.0,15.2083,12.436,0.0,19.2159,0.9988,1524401.0362,43750.3097,374974.09,1149426.9462,0.0,1410.2,0,0.0,Monitor forecast accuracy and review model error drivers
339,4,P4 - Routine,P00111,Arctic Washing Machines 00111,Home Appliances,Seasonal,9.55,Low,88.0,High,85.7,Very High,Supplier,24.17,0,0.0971,0.6986,0.0,12.866,6.55,4.0251,0.0,24.1667,11.4556,0.0,17.523,0.9817,5967882.063,169487.8506,4950605.25,1017276.813,0.0,1492.48,0,0.0,Monitor supplier performance and lead-time stability
340,4,P4 - Routine,P01389,CarryPro Mobile Accessories 01389,Accessories,Volatile,9.55,Low,88.0,High,50.07,Medium,Forecast Accuracy,40.0,0,0.1622,0.4129,0.0,22.5469,4.88,2.0267,0.0,16.4583,12.0105,0.0,18.9653,0.9907,1199468.8672,34664.6503,802808.28,396660.5872,0.0,0.0,0,0.0,Monitor forecast accuracy and review model error drivers
341,4,P4 - Routine,P01554,CarryPro Cables 01554,Accessories,Trending,9.54,Low,88.0,High,67.38,High,Supplier,21.25,0,0.2996,1.7725,0.0,13.6925,5.18,1.6504,0.0,21.25,9.9517,0.0,18.0532,0.9917,2103734.3658,60166.8029,1715733.2,388001.1658,0.0,21.78,0,0.0,Monitor supplier performance and lead-time stability
342,4,P4 - Routine,P00857,NovaTech Smartphones 00857,Electronics,Volatile,9.54,Low,88.0,High,46.22,Medium,Forecast Accuracy,40.0,0,0.7949,1.4935,0.0,28.3054,4.05,1.7299,0.0,8.3333,15.2246,0.0,20.4593,0.9909,946635.0462,27357.7528,610553.24,336081.8062,0.0,352.45,0,0.0,Monitor forecast accuracy and review model error drivers
343,4,P4 - Routine,P01997,ConnectX Cables 01997,Accessories,Volatile,9.52,Low,88.0,High,95.11,Very High,Forecast Accuracy,40.0,0,0.0555,0.231,0.0,23.7444,4.86,1.8343,0.0,16.6667,12.0875,0.0,19.642,0.9926,8164062.8784,229410.1669,5012810.0,3151252.8784,0.0,19102.07,0,0.0,Monitor forecast accuracy and review model error drivers
344,4,P4 - Routine,P00479,UrbanGear Bags 00479,Accessories,Trending,9.52,Low,88.0,High,43.14,Medium,Supplier,22.71,0,0.2234,1.5718,0.0,11.6144,5.42,1.9142,0.0,22.7083,9.5821,0.0,17.6836,0.9918,821165.8539,23649.5766,669592.94,151572.9139,0.0,3972.85,0,0.0,Monitor supplier performance and lead-time stability
345,4,P4 - Routine,P00926,Apex Laptops 00926,Electronics,Volatile,9.51,Low,88.0,High,82.59,Very High,Forecast Accuracy,40.0,0,0.1468,0.8752,0.0,26.2711,4.45,2.0567,0.0,12.5,13.0409,0.0,19.8978,0.989,4020591.1141,113782.7285,2901236.86,1119354.2541,0.0,943.42,0,0.0,Monitor forecast accuracy and review model error drivers
346,4,P4 - Routine,P00310,Arctic Refrigerators 00310,Home Appliances,Volatile,9.51,Low,88.0,High,59.09,Medium,Forecast Accuracy,40.0,0,0.4834,0.9475,0.0,23.3278,4.22,1.1274,0.0,13.3333,12.5214,0.0,19.5033,0.9956,1384126.8027,39447.6139,653106.19,731020.6127,0.0,162.89,0,0.0,Monitor forecast accuracy and review model error drivers
347,4,P4 - Routine,P01729,UrbanGear Cables 01729,Accessories,Volatile,9.51,Low,88.0,High,46.97,Medium,Forecast Accuracy,40.0,0,0.1475,0.3436,0.0,23.0245,4.78,1.4277,0.0,17.2917,11.7205,0.0,18.3915,0.9939,990191.821,28418.5053,499305.34,490886.481,0.0,0.0,0,0.0,Monitor forecast accuracy and review model error drivers
348,4,P4 - Routine,P00303,CarePlus Haircare 00303,Personal Care,Seasonal,9.51,Low,88.0,High,36.12,Low,Supplier,28.96,0,0.0326,0.2243,0.0,11.5198,6.8,3.3355,0.0,28.9583,9.727,0.0,17.5312,0.9845,711043.2672,20549.1504,542606.48,168436.7872,0.0,32240.65,0,0.0,Monitor supplier performance and lead-time stability
349,4,P4 - Routine,P01678,Arctic Air Conditioners 01678,Home Appliances,Seasonal,9.5,Low,88.0,High,90.63,Very High,Supplier,23.54,0,0.117,1.0599,0.0,10.9291,5.82,2.1877,0.0,23.5417,10.8923,0.0,17.7554,0.9891,6096570.83,171313.6403,4466207.48,1630363.35,0.0,288.53,0,0.0,Monitor supplier performance and lead-time stability
350,4,P4 - Routine,P00788,ComfortMax Refrigerators 00788,Home Appliances,Volatile,9.5,Low,88.0,High,73.16,High,Forecast Accuracy,40.0,0,0.1358,0.53,0.0,20.5899,4.87,2.8842,0.0,14.375,12.356,0.0,19.2553,0.9876,3017720.0095,85401.4763,2173972.55,843747.4595,0.0,652.52,0,0.0,Monitor forecast accuracy and review model error drivers
351,4,P4 - Routine,P01283,CarePlus Skincare 01283,Personal Care,Seasonal,9.49,Low,88.0,High,54.75,Medium,Supplier,25.63,0,0.0871,0.6109,0.0,10.6525,6.68,4.5739,0.0,25.625,9.7301,0.0,17.4366,0.9775,1793860.1718,51125.0149,1525586.82,268273.3518,0.0,8805.1,0,0.0,Monitor supplier performance and lead-time stability
352,4,P4 - Routine,P00811,TechMate Bags 00811,Accessories,Volatile,9.47,Low,88.0,High,79.17,High,Forecast Accuracy,40.0,0,0.273,0.9642,0.0,24.1348,4.35,2.2927,0.0,12.5,11.8967,0.0,20.1096,0.9894,3721107.684,104563.1259,2734518.78,986588.904,0.0,6827.46,0,0.0,Monitor forecast accuracy and review model error drivers
353,4,P4 - Routine,P01536,NovaTech Audio 01536,Electronics,Volatile,9.47,Low,88.0,High,49.85,Medium,Forecast Accuracy,40.0,0,0.3115,0.9154,0.0,27.4166,4.41,1.8258,0.0,12.5,13.2347,0.0,19.5872,0.9913,1053878.9949,30035.5514,768216.33,285662.6649,0.0,0.0,0,0.0,Monitor forecast accuracy and review model error drivers
354,4,P4 - Routine,P00047,HomePro Washing Machines 00047,Home Appliances,Volatile,9.45,Low,88.0,High,82.85,Very High,Supplier,25.63,0,0.0606,0.6203,0.0,18.1732,5.96,0.9986,0.0,25.625,12.0796,0.0,18.4029,0.9955,3233249.2875,90530.9801,1550612.84,1682636.4475,0.0,565.83,0,0.0,Monitor supplier performance and lead-time stability
355,4,P4 - Routine,P01477,TechMate Cables 01477,Accessories,Trending,9.45,Low,88.0,High,14.81,Low,Supplier,28.12,0,0.1258,0.5119,0.0,12.6834,6.4,2.5642,0.0,28.125,9.4073,0.0,17.518,0.9881,166007.992,4797.631,137511.3,28496.692,0.0,0.0,0,0.0,Monitor supplier performance and lead-time stability
356,4,P4 - Routine,P00519,UrbanGear Mobile Accessories 00519,Accessories,Volatile,9.44,Low,88.0,High,93.68,Very High,Forecast Accuracy,20.0,0,0.3064,1.5387,0.0,17.3792,5.68,3.6069,0.0,19.1667,11.4625,0.0,19.1371,0.9831,10128394.9976,281569.3809,7953420.42,2174974.5776,0.0,6018.08,0,0.0,Monitor forecast accuracy and review model error drivers
357,4,P4 - Routine,P01904,Vertex TVs 01904,Electronics,Volatile,9.44,Low,88.0,High,61.56,High,Forecast Accuracy,40.0,0,0.12,0.5781,0.0,22.6435,5.01,3.6265,0.0,12.7083,13.4422,0.0,18.6464,0.9815,2119384.7767,59766.6507,1665934.05,453450.7268,0.0,322.69,0,0.0,Monitor forecast accuracy and review model error drivers
358,4,P4 - Routine,P00565,Arctic Microwaves 00565,Home Appliances,Volatile,9.44,Low,88.0,High,64.18,High,Forecast Accuracy,40.0,0,0.1411,0.8913,0.0,21.7942,4.43,2.1517,0.0,12.5,12.7079,0.0,19.7071,0.9894,2033928.5568,57356.7853,1391545.0,642383.5568,0.0,440.26,0,0.0,Monitor forecast accuracy and review model error drivers
359,4,P4 - Routine,P01655,Vertex TVs 01655,Electronics,Seasonal,9.42,Low,88.0,High,81.37,Very High,Supplier,23.96,0,0.0938,0.8672,0.0,18.2867,5.91,1.9675,0.0,23.9583,11.4956,0.0,17.6684,0.9913,3254981.3035,90813.9784,2599161.0,655820.3035,0.0,781.0,0,0.0,Monitor supplier performance and lead-time stability
360,4,P4 - Routine,P01079,Zenith Smartphones 01079,Electronics,Volatile,9.39,Low,88.0,High,66.65,High,Forecast Accuracy,40.0,0,0.0057,0.6504,0.0,24.1411,4.45,1.3402,0.0,13.3333,13.6759,0.0,19.4641,0.9934,1969071.1516,54937.0851,1075692.17,893378.9816,0.0,213.06,0,0.0,Monitor forecast accuracy and review model error drivers
361,4,P4 - Routine,P01346,HomePro Washing Machines 01346,Home Appliances,Seasonal,9.39,Low,88.0,High,56.29,Medium,Supplier,25.83,0,0.0343,0.3613,0.0,11.2557,6.76,4.1432,0.0,25.8333,10.9359,0.0,17.1433,0.9819,1771800.3688,49610.4103,1489422.05,282378.3188,0.0,0.0,0,0.0,Monitor supplier performance and lead-time stability
362,4,P4 - Routine,P01451,DermaX Grooming 01451,Personal Care,Seasonal,9.39,Low,88.0,High,36.3,Low,Supplier,28.96,0,0.0578,0.116,0.0,11.5792,6.74,3.0751,0.0,28.9583,9.8367,0.0,17.4708,0.9871,659940.357,18676.3121,525527.46,134412.897,0.0,7056.33,0,0.0,Monitor supplier performance and lead-time stability
363,4,P4 - Routine,P01734,Arctic Microwaves 01734,Home Appliances,Volatile,9.38,Low,88.0,High,78.68,High,Forecast Accuracy,40.0,0,0.3472,1.3008,0.0,24.4092,3.87,1.4536,0.0,10.2083,12.6591,0.0,19.2997,0.9937,2977840.7936,82486.19,1709330.56,1268510.2336,0.0,0.0,0,0.0,Monitor forecast accuracy and review model error drivers
364,4,P4 - Routine,P01865,CarryPro Cables 01865,Accessories,Volatile,9.38,Low,88.0,High,57.42,Medium,Supplier,25.0,0,0.0652,0.4721,0.0,19.9934,6.57,3.4908,0.0,25.0,11.8134,0.0,18.6763,0.9829,1904770.9632,53333.587,1517784.8,386986.1632,0.0,2667.99,0,0.0,Monitor supplier performance and lead-time stability
365,4,P4 - Routine,P01030,ConnectX Bags 01030,Accessories,Volatile,9.38,Low,88.0,High,44.29,Medium,Forecast Accuracy,40.0,0,0.0438,0.2739,0.0,26.5009,4.63,0.7894,0.0,17.2917,11.9637,0.0,18.6866,0.9962,741723.507,20916.6029,362173.77,379549.737,0.0,16619.64,0,0.0,Monitor forecast accuracy and review model error drivers
366,4,P4 - Routine,P01848,NovaTech Smartphones 01848,Electronics,Volatile,9.37,Low,88.0,High,93.97,Very High,Forecast Accuracy,40.0,0,0.0083,0.1927,0.0,25.1778,5.67,6.0254,0.0,12.5,13.2264,0.0,19.7874,0.9685,13744921.158,377985.3318,12007243.65,1737677.508,0.0,722.27,0,0.0,Monitor forecast accuracy and review model error drivers
367,4,P4 - Routine,P00459,Zenith TVs 00459,Electronics,Volatile,9.37,Low,88.0,High,94.51,Very High,Forecast Accuracy,40.0,0,0.0861,0.2794,0.0,24.4094,4.75,1.8495,0.0,15.0,12.9782,0.0,19.0871,0.9911,7507930.5,206468.0888,4899355.0,2608575.5,0.0,0.0,0,0.0,Monitor forecast accuracy and review model error drivers
368,4,P4 - Routine,P01483,PureLife Oral Care 01483,Personal Care,Seasonal,9.34,Low,88.0,High,25.1,Low,Supplier,29.58,0,0.0279,0.1044,0.0,12.2151,6.56,2.1751,0.0,29.5833,9.807,0.0,18.0777,0.9906,331084.2724,9336.5765,251057.45,80026.8224,0.0,19125.27,0,0.0,Monitor supplier performance and lead-time stability
369,4,P4 - Routine,P01335,UrbanGear Cables 01335,Accessories,Volatile,9.32,Low,88.0,High,52.05,Medium,Forecast Accuracy,40.0,0,0.0147,0.0867,0.0,21.3563,4.81,1.3854,0.0,17.7083,11.6009,0.0,19.447,0.9944,1132631.6644,31487.1603,657585.37,475046.2944,0.0,1766.6,0,0.0,Monitor forecast accuracy and review model error drivers
370,4,P4 - Routine,P01521,Vertex Smartphones 01521,Electronics,Seasonal,9.32,Low,88.0,High,46.61,Medium,Supplier,24.79,0,0.012,0.6022,0.0,19.7248,6.25,2.5468,0.0,24.7917,11.7751,0.0,17.5575,0.9882,1021780.4604,28507.6748,769219.92,252560.5404,0.0,153.41,0,0.0,Monitor supplier performance and lead-time stability
371,4,P4 - Routine,P00965,Arctic Microwaves 00965,Home Appliances,Volatile,9.3,Low,88.0,High,59.45,Medium,Forecast Accuracy,40.0,0,0.0938,0.2891,0.0,25.3506,4.86,2.3488,0.0,14.7917,12.9225,0.0,19.0255,0.9902,1710382.6377,47206.5608,1137726.81,572655.8277,0.0,147.09,0,0.0,Monitor forecast accuracy and review model error drivers
372,4,P4 - Routine,P00582,TechMate Mobile Accessories 00582,Accessories,Volatile,9.29,Low,88.0,High,84.78,Very High,Forecast Accuracy,40.0,0,0.1946,0.5967,0.0,22.6397,4.27,1.1048,0.0,14.1667,12.0836,0.0,18.3393,0.9944,3970453.6872,108393.3857,2185381.89,1785071.7972,0.0,90.0,0,0.0,Monitor forecast accuracy and review model error drivers
373,4,P4 - Routine,P01352,CarePlus Oral Care 01352,Personal Care,Trending,9.28,Low,88.0,High,21.59,Low,Supplier,27.5,0,0.0688,0.598,0.0,10.1466,6.18,2.8482,0.0,27.5,8.0158,0.0,16.7805,0.988,293254.5302,8211.1268,251352.24,41902.2902,0.0,0.0,0,0.0,Monitor supplier performance and lead-time stability
374,4,P4 - Routine,P01069,Arctic Refrigerators 01069,Home Appliances,Volatile,9.27,Low,88.0,High,92.6,Very High,Forecast Accuracy,40.0,0,0.2838,0.4456,0.0,22.216,4.67,2.5923,0.0,13.3333,12.6376,0.0,18.6275,0.9864,7847257.7752,212660.6857,5658451.13,2188806.6452,0.0,931.03,0,0.0,Monitor forecast accuracy and review model error drivers
375,4,P4 - Routine,P00405,Arctic Microwaves 00405,Home Appliances,Seasonal,9.27,Low,88.0,High,76.73,High,Supplier,25.0,0,0.1024,0.5781,0.0,12.9058,6.07,2.2335,0.0,25.0,10.9984,0.0,18.651,0.9886,3060790.542,83559.5818,2474948.34,585842.202,0.0,1955.12,0,0.0,Monitor supplier performance and lead-time stability
376,4,P4 - Routine,P00246,CarryPro Bags 00246,Accessories,Volatile,9.27,Low,88.0,High,85.14,Very High,Supplier,28.12,0,0.0029,0.1469,0.0,19.1827,6.02,0.1785,0.0,28.125,11.6475,0.0,18.9562,0.9996,2927733.3008,79634.3458,259311.36,2668421.9408,0.0,14605.39,0,0.0,Monitor supplier performance and lead-time stability
377,4,P4 - Routine,P01972,ConnectX Mobile Accessories 01972,Accessories,Volatile,9.27,Low,88.0,High,50.47,Medium,Supplier,26.04,0,0.0544,0.2096,0.0,19.5565,6.72,3.631,0.0,26.0417,11.5223,0.0,18.5273,0.9829,1466769.2754,40482.832,1163426.55,303342.7254,0.0,47.0,0,0.0,Monitor supplier performance and lead-time stability
378,4,P4 - Routine,P00623,Arctic Refrigerators 00623,Home Appliances,Volatile,9.26,Low,88.0,High,33.52,Low,Supplier,24.38,0,0.0667,0.1429,0.0,19.3867,6.97,3.9066,0.0,24.375,14.2475,0.0,18.6756,0.9815,656507.3911,18250.9055,516567.57,139939.8211,0.0,375.33,0,0.0,Monitor supplier performance and lead-time stability
379,4,P4 - Routine,P00253,CarryPro Bags 00253,Accessories,Volatile,9.25,Low,88.0,High,83.81,Very High,Forecast Accuracy,40.0,0,0.0529,0.097,0.0,21.7562,4.76,1.847,0.0,16.6667,11.354,0.0,18.8375,0.9911,4304918.5661,116663.2931,2894942.98,1409975.5861,0.0,0.0,0,0.0,Monitor forecast accuracy and review model error drivers
380,4,P4 - Routine,P01781,Vertex Smartphones 01781,Electronics,Trending,9.23,Low,88.0,High,75.03,High,Supplier,27.92,0,0.0086,0.277,0.0,17.4769,5.98,0.8711,0.0,27.9167,10.2222,0.0,17.7687,0.9968,1965774.808,53272.4973,1170449.93,795324.878,0.0,0.0,0,0.0,Monitor supplier performance and lead-time stability
381,4,P4 - Routine,P00856,NovaTech Audio 00856,Electronics,Volatile,9.22,Low,88.0,High,98.06,Very High,Forecast Accuracy,40.0,0,0.1429,1.0117,0.0,27.319,4.37,3.4766,0.0,9.1667,12.9889,0.0,19.3375,0.983,14402679.0831,385991.7994,11210491.6,3192187.4831,0.0,722.4,0,0.0,Monitor forecast accuracy and review model error drivers
382,4,P4 - Routine,P01892,HomePro Refrigerators 01892,Home Appliances,Volatile,9.22,Low,88.0,High,65.06,High,Forecast Accuracy,40.0,0,0.3023,0.819,0.0,20.7015,4.36,2.4543,0.0,11.4583,12.7294,0.0,19.0679,0.9878,2171804.247,59073.0755,1579287.42,592516.827,0.0,14.53,0,0.0,Monitor forecast accuracy and review model error drivers
383,4,P4 - Routine,P00438,UrbanGear Mobile Accessories 00438,Accessories,Volatile,9.22,Low,88.0,High,48.44,Medium,Forecast Accuracy,40.0,0,0.3568,0.9137,0.0,24.9142,4.08,1.3912,0.0,12.5,11.9127,0.0,19.7141,0.9929,1013587.2576,27772.2909,676654.02,336933.2376,0.0,2314.56,0,0.0,Monitor forecast accuracy and review model error drivers
384,4,P4 - Routine,P00660,CarePlus Haircare 00660,Personal Care,Seasonal,9.22,Low,88.0,High,22.29,Low,Forecast Accuracy,20.0,0,0.1453,1.7542,0.0,10.7244,5.32,3.0351,0.0,19.5833,9.8008,0.0,17.5801,0.9875,297185.8248,8232.0473,245818.8,51367.0248,0.0,0.0,0,0.0,Monitor forecast accuracy and review model error drivers
385,4,P4 - Routine,P01765,NovaTech Audio 01765,Electronics,Seasonal,9.21,Low,88.0,High,80.88,Very High,Forecast Accuracy,40.0,0,0.0879,1.3249,0.0,20.7336,4.2,4.0145,0.0,8.3333,11.6392,0.0,17.5521,0.9804,4857644.5596,131156.4031,4023332.46,834312.0996,0.0,894.65,0,0.0,Monitor forecast accuracy and review model error drivers
386,4,P4 - Routine,P00265,CarryPro Bags 00265,Accessories,Volatile,9.21,Low,88.0,High,58.43,Medium,Forecast Accuracy,40.0,0,0.1091,0.8656,0.0,20.5288,4.15,1.6554,0.0,12.5,11.8741,0.0,19.8829,0.993,1550907.3762,42184.6806,956987.19,593920.1862,0.0,781.19,0,0.0,Monitor forecast accuracy and review model error drivers
387,4,P4 - Routine,P01376,ConnectX Cables 01376,Accessories,Volatile,9.18,Low,88.0,High,36.9,Low,Forecast Accuracy,40.0,0,0.0994,0.0322,0.0,22.9726,4.67,0.7463,0.0,17.5,12.1404,0.0,18.6561,0.998,498091.2156,13647.6993,147479.31,350611.9056,0.0,6485.37,0,0.0,Monitor forecast accuracy and review model error drivers
388,4,P4 - Routine,P00639,HomePro Microwaves 00639,Home Appliances,Seasonal,9.16,Low,88.0,High,43.8,Medium,Supplier,21.67,0,0.126,1.1322,0.0,12.4239,5.66,2.4624,0.0,21.6667,11.1685,0.0,17.1838,0.9863,964359.6064,26230.5813,729644.79,234714.8164,0.0,1183.62,0,0.0,Monitor supplier performance and lead-time stability
389,4,P4 - Routine,P00821,UrbanGear Mobile Accessories 00821,Accessories,Volatile,9.15,Low,88.0,High,89.0,Very High,Supplier,24.17,0,0.1629,0.5107,0.0,19.5946,6.1,2.723,0.0,24.1667,11.0667,0.0,17.9725,0.9878,6343959.822,168749.3313,4544154.55,1799805.272,0.0,0.0,0,0.0,Monitor supplier performance and lead-time stability
390,4,P4 - Routine,P00517,HomePro Microwaves 00517,Home Appliances,Seasonal,9.13,Low,88.0,High,73.22,High,Forecast Accuracy,20.0,0,0.0544,1.3731,0.0,12.2708,5.67,3.8694,0.0,18.75,11.2972,0.0,17.8318,0.9805,3449325.2541,92096.9843,2992817.4,456507.8541,0.0,1.0,0,0.0,Monitor forecast accuracy and review model error drivers
391,4,P4 - Routine,P01936,ConnectX Bags 01936,Accessories,Volatile,9.12,Low,88.0,High,69.71,High,Forecast Accuracy,40.0,0,0.3043,0.511,0.0,22.2631,4.51,2.5789,0.0,13.125,11.7542,0.0,19.5868,0.9879,2796488.23,74666.2357,2008141.86,788346.37,0.0,2201.98,0,0.0,Monitor forecast accuracy and review model error drivers
392,4,P4 - Routine,P01267,ComfortMax Air Conditioners 01267,Home Appliances,Volatile,9.11,Low,88.0,High,94.44,Very High,Supplier,22.5,0,0.0726,0.4711,0.0,19.0993,6.28,3.3655,0.0,22.5,12.6656,0.0,18.3132,0.9855,9069934.871,239446.2806,7246959.42,1822975.451,0.0,1542.94,0,0.0,Monitor supplier performance and lead-time stability
393,4,P4 - Routine,P01408,ConnectX Chargers 01408,Accessories,Volatile,9.11,Low,88.0,High,84.72,Very High,Forecast Accuracy,40.0,0,0.0241,0.0306,0.0,21.233,4.59,1.2168,0.0,16.6667,11.5246,0.0,19.8343,0.9947,3790992.2038,100461.2934,2048152.64,1742839.5638,0.0,0.0,0,0.0,Monitor forecast accuracy and review model error drivers
394,4,P4 - Routine,P00419,WriteWell Desk Accessories 00419,Office Supplies,Trending,9.11,Low,88.0,High,49.89,Medium,Supplier,21.87,0,0.1535,1.5298,0.0,11.4978,4.96,1.36,0.0,21.875,8.4835,0.0,17.0681,0.9946,935024.6652,25152.1635,715440.78,219583.8852,0.0,0.0,0,0.0,Monitor supplier performance and lead-time stability
395,4,P4 - Routine,P01337,Apex Laptops 01337,Electronics,Seasonal,9.09,Low,88.0,High,86.18,Very High,Supplier,22.29,0,0.0196,0.5059,0.0,19.7242,6.49,4.7334,0.0,22.2917,11.4965,0.0,17.2326,0.9773,6799421.7042,179504.733,5845848.84,953572.8642,0.0,0.0,0,0.0,Monitor supplier performance and lead-time stability
396,4,P4 - Routine,P00402,UrbanGear Cables 00402,Accessories,Stable,9.09,Low,88.0,High,47.79,Medium,Supplier,26.46,0,0.082,0.9729,0.0,10.5192,5.26,1.0567,0.0,26.4583,6.4808,0.0,17.0116,0.9949,762142.9023,20425.4298,584948.56,177194.3423,0.0,0.0,0,0.0,Monitor supplier performance and lead-time stability
397,4,P4 - Routine,P00536,UrbanGear Cables 00536,Accessories,Volatile,9.07,Low,88.0,High,61.47,High,Supplier,25.21,0,0.0114,0.3381,0.0,19.5774,6.17,2.2537,0.0,25.2083,11.3857,0.0,17.789,0.9898,1908581.7168,50768.2737,1367378.1,541203.6168,0.0,5728.98,0,0.0,Monitor supplier performance and lead-time stability
398,4,P4 - Routine,P00888,NovaTech TVs 00888,Electronics,Volatile,9.06,Low,88.0,High,57.94,Medium,Forecast Accuracy,40.0,0,0.1159,0.0482,0.0,29.4359,4.64,1.1382,0.0,15.4167,13.2283,0.0,18.1653,0.9955,1159986.024,30855.6282,727589.8,432396.224,0.0,751.01,0,0.0,Monitor forecast accuracy and review model error drivers
399,4,P4 - Routine,P01106,Vertex Smartphones 01106,Electronics,Seasonal,9.01,Low,88.0,High,46.51,Medium,Forecast Accuracy,40.0,0,0.0467,0.1786,0.0,20.106,4.8,2.7496,0.0,14.375,12.1061,0.0,18.1678,0.9848,1075887.774,28511.026,911769.3,164118.474,0.0,153.06,0,0.0,Monitor forecast accuracy and review model error drivers
400,4,P4 - Routine,P00746,ConnectX Cables 00746,Accessories,Volatile,9.0,Low,88.0,High,5.76,Low,Forecast Accuracy,40.0,0,0.0678,0.2569,0.0,21.1609,4.29,0.2593,0.0,16.6667,11.3819,0.0,19.791,0.9988,39320.834,1057.7304,9060.1,30260.734,0.0,758.66,0,0.0,Monitor forecast accuracy and review model error drivers
401,4,P4 - Routine,P01629,NovaTech Audio 01629,Electronics,Seasonal,8.98,Low,88.0,High,84.13,Very High,Forecast Accuracy,20.0,0,0.1902,1.3731,0.0,19.5856,5.67,4.4991,0.0,17.0833,11.6952,0.0,18.3548,0.9769,5995320.0437,155278.7891,5288044.14,707275.9037,0.0,0.0,0,0.0,Monitor forecast accuracy and review model error drivers
402,4,P4 - Routine,P01815,NovaTech TVs 01815,Electronics,Volatile,8.98,Low,88.0,High,67.73,High,Forecast Accuracy,40.0,0,0.1385,0.4336,0.0,25.0547,4.3,1.4034,0.0,12.5,13.3816,0.0,20.08,0.9928,1912149.5017,49907.102,1315885.5,596264.0017,0.0,2081.88,0,0.0,Monitor forecast accuracy and review model error drivers
403,4,P4 - Routine,P00569,CarryPro Mobile Accessories 00569,Accessories,Volatile,8.98,Low,88.0,High,44.51,Medium,Forecast Accuracy,40.0,0,0.3193,1.3415,0.0,21.3908,3.43,0.6779,0.0,9.1667,12.3314,0.0,19.3693,0.9973,740549.836,19550.5157,269628.3,470921.536,0.0,10342.1,0,0.0,Monitor forecast accuracy and review model error drivers
404,4,P4 - Routine,P01696,NovaTech Smartphones 01696,Electronics,Volatile,8.97,Low,88.0,High,90.5,Very High,Forecast Accuracy,40.0,0,0.3526,1.2044,0.0,26.8244,3.6,1.3398,0.0,8.3333,13.0171,0.0,20.4131,0.9935,4960076.7025,127969.9789,3207439.9,1752636.8025,0.0,0.0,0,0.0,Monitor forecast accuracy and review model error drivers
405,4,P4 - Routine,P01064,ComfortMax Microwaves 01064,Home Appliances,Seasonal,8.97,Low,88.0,High,63.85,High,Supplier,20.62,0,0.1825,1.1201,0.0,11.9105,5.43,2.289,0.0,20.625,10.9987,0.0,17.459,0.9894,1912726.9049,49922.1722,1492446.2,420280.7049,0.0,99.63,0,0.0,Monitor supplier performance and lead-time stability
406,4,P4 - Routine,P01418,Zenith Audio 01418,Electronics,Seasonal,8.96,Low,88.0,High,82.98,Very High,Supplier,25.21,0,0.1282,0.1686,0.0,18.644,6.16,2.23,0.0,25.2083,11.3894,0.0,18.084,0.99,3851044.6184,99742.0556,2916905.6,934139.0184,0.0,775.81,0,0.0,Monitor supplier performance and lead-time stability
407,4,P4 - Routine,P01189,Arctic Refrigerators 01189,Home Appliances,Seasonal,8.94,Low,88.0,High,64.73,High,Supplier,20.21,0,0.1382,0.819,0.0,12.835,6.15,4.6847,0.0,20.2083,11.4405,0.0,17.52,0.9764,2640665.0219,68657.2906,2339147.5,301517.5219,0.0,596.47,0,0.0,Monitor supplier performance and lead-time stability
408,4,P4 - Routine,P00729,Vertex Smartphones 00729,Electronics,Volatile,8.93,Low,88.0,High,88.12,Very High,Forecast Accuracy,40.0,0,0.2072,0.9767,0.0,27.1267,3.99,2.4509,0.0,8.5417,13.1341,0.0,18.6587,0.9892,5259507.7546,135169.3493,3816917.44,1442590.3146,0.0,213.42,0,0.0,Monitor forecast accuracy and review model error drivers
409,4,P4 - Routine,P00917,ComfortMax Air Conditioners 00917,Home Appliances,Volatile,8.93,Low,88.0,High,70.79,High,Supplier,25.0,0,0.085,0.3132,0.0,19.4299,5.7,0.3225,0.0,25.0,12.3871,0.0,19.8018,0.9981,1833234.7143,47480.7791,479830.09,1353404.6243,0.0,0.0,0,0.0,Monitor supplier performance and lead-time stability
410,4,P4 - Routine,P00890,Vertex TVs 00890,Electronics,Volatile,8.92,Low,88.0,High,70.19,High,Forecast Accuracy,40.0,0,0.1318,0.4095,0.0,27.6388,4.31,1.6867,0.0,12.5,12.8367,0.0,19.9778,0.9927,2205343.283,56897.8567,1365172.38,840170.903,0.0,635.28,0,0.0,Monitor forecast accuracy and review model error drivers
411,4,P4 - Routine,P00224,Arctic Air Conditioners 00224,Home Appliances,Volatile,8.91,Low,88.0,High,35.01,Low,Supplier,21.88,0,0.2249,0.7829,0.0,18.6882,5.74,2.2213,0.0,21.875,11.9467,0.0,18.4448,0.9901,610290.0558,15989.5995,378724.0,231566.0558,0.0,517.68,0,0.0,Monitor supplier performance and lead-time stability
412,4,P4 - Routine,P01619,DermaX Grooming 01619,Personal Care,Seasonal,8.88,Low,88.0,High,22.44,Low,Forecast Accuracy,20.0,0,0.1506,1.9661,0.0,10.7256,4.85,2.8789,0.0,16.6667,9.8984,0.0,18.2837,0.9863,305006.8329,7991.179,261066.96,43939.8729,0.0,2788.42,0,0.0,Monitor forecast accuracy and review model error drivers
413,4,P4 - Routine,P00388,Vertex TVs 00388,Electronics,Volatile,8.87,Low,88.0,High,60.46,High,Forecast Accuracy,40.0,0,0.1189,0.4095,0.0,28.2877,4.17,1.0393,0.0,12.5,13.2386,0.0,20.0464,0.9965,1240660.8821,31884.9847,611096.1,629564.7821,0.0,591.73,0,0.0,Monitor forecast accuracy and review model error drivers
414,4,P4 - Routine,P01866,UrbanGear Cables 01866,Accessories,Volatile,8.87,Low,88.0,High,14.92,Low,Forecast Accuracy,40.0,0,0.0829,0.4376,0.0,22.2031,4.24,1.1631,0.0,13.5417,12.4193,0.0,18.481,0.9952,141286.3968,3701.7036,76243.92,65042.4768,0.0,0.0,0,0.0,Monitor forecast accuracy and review model error drivers
415,4,P4 - Routine,P00947,Apex TVs 00947,Electronics,Seasonal,8.86,Low,88.0,High,70.47,High,Forecast Accuracy,20.0,0,0.1824,1.9271,0.0,17.8421,5.2,4.6787,0.0,13.5417,11.7435,0.0,18.1518,0.9765,3319409.6496,84976.887,2874937.4,444472.2496,0.0,0.0,0,0.0,Monitor forecast accuracy and review model error drivers
416,4,P4 - Routine,P01593,Zenith TVs 01593,Electronics,Seasonal,8.85,Low,88.0,High,67.22,High,Forecast Accuracy,20.0,0,0.1841,1.1081,0.0,18.527,5.47,2.7817,0.0,19.1667,11.7567,0.0,17.7937,0.9859,2355638.004,60304.3329,1935168.3,420469.704,0.0,797.3,0,0.0,Monitor forecast accuracy and review model error drivers
417,4,P4 - Routine,P00180,NovaTech TVs 00180,Electronics,Trending,8.85,Low,88.0,High,55.64,Medium,Supplier,24.79,0,0.037,0.3372,0.0,17.9207,6.0,2.4833,0.0,24.7917,10.2656,0.0,17.4214,0.9875,1594580.2726,40980.713,1301453.01,293127.2626,0.0,466.04,0,0.0,Monitor supplier performance and lead-time stability
418,4,P4 - Routine,P00976,EverHome Washing Machines 00976,Home Appliances,Volatile,8.84,Low,88.0,High,93.77,Very High,Forecast Accuracy,40.0,0,0.0833,0.1124,0.0,20.3068,4.81,3.6902,0.0,12.5,12.1771,0.0,18.6929,0.9823,8954833.7778,225661.8112,7762900.09,1191933.6878,0.0,1682.91,0,0.0,Monitor forecast accuracy and review model error drivers
419,4,P4 - Routine,P01463,Vertex TVs 01463,Electronics,Volatile,8.84,Low,88.0,High,75.14,High,Forecast Accuracy,40.0,0,0.2704,0.8913,0.0,25.9831,4.23,3.3891,0.0,7.5,13.9357,0.0,18.9632,0.9839,3541420.32,89952.0761,2632088.0,909332.32,0.0,0.0,0,0.0,Monitor forecast accuracy and review model error drivers
420,4,P4 - Routine,P01439,NovaTech Smartphones 01439,Electronics,Seasonal,8.83,Low,88.0,High,91.23,Very High,Forecast Accuracy,20.0,0,0.0667,1.3972,0.0,18.7382,5.42,3.9388,0.0,16.4583,11.7816,0.0,17.4409,0.9798,7848497.388,197782.1342,7209475.68,639021.708,0.0,0.0,0,0.0,Monitor forecast accuracy and review model error drivers
421,4,P4 - Routine,P01195,Apex TVs 01195,Electronics,Volatile,8.82,Low,88.0,High,77.13,High,Forecast Accuracy,40.0,0,0.2237,0.583,0.0,25.8892,4.1,1.74,0.0,10.4167,13.4505,0.0,19.3866,0.9908,3255334.2655,82359.9569,1834835.67,1420498.5955,0.0,2547.28,0,0.0,Monitor forecast accuracy and review model error drivers
422,4,P4 - Routine,P01402,Vertex Audio 01402,Electronics,Seasonal,8.81,Low,88.0,High,89.73,Very High,Supplier,22.08,0,0.0016,0.2088,0.0,18.7175,6.54,4.8635,0.0,22.0833,11.7713,0.0,18.2389,0.9733,8997323.6633,225832.8239,7947282.69,1050040.9733,0.0,0.0,0,0.0,Monitor supplier performance and lead-time stability
423,4,P4 - Routine,P00032,NovaTech TVs 00032,Electronics,Volatile,8.81,Low,88.0,High,24.34,Low,Forecast Accuracy,40.0,0,0.0145,0.0482,0.0,29.3544,4.45,0.8467,0.0,15.0,12.9608,0.0,19.0735,0.997,233573.8912,6049.5638,103964.64,129609.2512,0.0,1112.9,0,0.0,Monitor forecast accuracy and review model error drivers
424,4,P4 - Routine,P01772,PaperWorks Desk Accessories 01772,Office Supplies,Trending,8.8,Low,88.0,High,65.28,High,Supplier,25.0,0,0.028,0.7515,0.0,10.8088,5.05,0.0,0.0,25.0,8.6718,0.0,18.0614,1.0,1034026.7238,26264.2788,0.0,1034026.7238,0.0,0.0,0,0.0,Monitor supplier performance and lead-time stability
425,4,P4 - Routine,P01775,WriteWell Desk Accessories 01775,Office Supplies,Stable,8.8,Low,76.0,Medium,54.69,Medium,Supplier,33.54,0,0.0988,1.476,0.0,6.5773,6.23,1.3534,0.0,33.5417,5.2516,0.0,16.3989,0.9961,940710.6857,23988.1225,631768.8,308941.8857,0.0,0.0,0,0.0,Monitor supplier performance and lead-time stability
426,4,P4 - Routine,P00178,ComfortMax Air Conditioners 00178,Home Appliances,Seasonal,8.76,Low,88.0,High,33.79,Low,Supplier,20.21,0,0.1626,1.1786,0.0,12.2437,5.11,1.4721,0.0,20.2083,10.9468,0.0,17.4631,0.9935,480748.9696,12259.0987,297938.44,182810.5296,0.0,175.0,0,0.0,Monitor supplier performance and lead-time stability
427,4,P4 - Routine,P00991,DeskMate Paper 00991,Office Supplies,Trending,8.75,Low,88.0,High,91.34,Very High,Supplier,22.92,0,0.1232,0.7277,0.0,11.3356,5.43,2.2559,0.0,22.9167,8.7883,0.0,16.974,0.9898,6432738.4584,160175.1876,5317747.2,1114991.2584,0.0,0.0,0,0.0,Monitor supplier performance and lead-time stability
428,4,P4 - Routine,P00480,PureLife Haircare 00480,Personal Care,Seasonal,8.74,Low,88.0,High,16.0,Low,Supplier,24.17,0,0.0535,0.5059,0.0,11.5278,5.83,2.386,0.0,24.1667,9.8965,0.0,17.456,0.9898,165416.2272,4251.197,136949.6,28466.6272,0.0,1817.39,0,0.0,Monitor supplier performance and lead-time stability
429,4,P4 - Routine,P01841,Arctic Washing Machines 01841,Home Appliances,Volatile,8.72,Low,88.0,High,78.6,High,Forecast Accuracy,20.0,0,0.2558,0.9274,0.0,19.0527,5.77,4.1043,0.0,18.125,12.1413,0.0,18.4464,0.9795,4622312.088,115095.571,3662487.72,959824.368,0.0,729.83,0,0.0,Monitor forecast accuracy and review model error drivers
430,4,P4 - Routine,P00911,PureLife Grooming 00911,Personal Care,Seasonal,8.72,Low,88.0,High,4.07,Low,Forecast Accuracy,20.0,0,0.1471,1.4428,0.0,11.488,5.02,2.099,0.0,19.375,9.8991,0.0,17.592,0.9913,32219.6562,828.0452,24051.28,8168.3762,0.0,9410.05,0,0.0,Monitor forecast accuracy and review model error drivers
431,4,P4 - Routine,P00661,EverHome Refrigerators 00661,Home Appliances,Volatile,8.71,Low,88.0,High,85.98,Very High,Supplier,21.25,0,0.0889,0.1606,0.0,19.5849,6.48,4.4919,0.0,21.25,12.9932,0.0,18.7712,0.9784,6879416.0736,170609.5186,5534691.12,1344724.9536,0.0,0.0,0,0.0,Monitor supplier performance and lead-time stability
432,4,P4 - Routine,P00576,ConnectX Bags 00576,Accessories,Volatile,8.7,Low,88.0,High,29.43,Low,Forecast Accuracy,40.0,0,0.3759,1.2285,0.0,21.57,3.52,1.7382,0.0,8.3333,11.6438,0.0,19.5695,0.9908,452666.3048,11497.7241,289307.56,163358.7448,0.0,1646.65,0,0.0,Monitor forecast accuracy and review model error drivers
433,4,P4 - Routine,P01396,TechMate Cables 01396,Accessories,Volatile,8.68,Low,88.0,High,62.68,High,Supplier,23.54,0,0.0121,0.3582,0.0,19.1603,5.77,2.0448,0.0,23.5417,10.8284,0.0,19.0508,0.9905,1934497.9552,48168.9991,1308051.6,626446.3552,0.0,7622.13,0,0.0,Monitor supplier performance and lead-time stability
434,4,P4 - Routine,P00695,Zenith Laptops 00695,Electronics,Seasonal,8.67,Low,88.0,High,92.44,Very High,Supplier,20.33,0,0.1098,0.1927,0.0,18.8265,6.81,6.7732,0.0,20.3261,11.5195,0.0,17.1012,0.9665,12452234.868,305079.7543,11089776.6,1362458.268,0.0,302.13,0,0.0,Monitor supplier performance and lead-time stability
435,4,P4 - Routine,P00779,WriteWell Paper 00779,Office Supplies,Trending,8.67,Low,88.0,High,78.79,High,Supplier,21.87,0,0.1163,0.7854,0.0,10.8941,5.53,3.1544,0.0,21.875,8.6617,0.0,17.1477,0.9863,3952636.4392,97630.12,3470030.08,482606.3592,0.0,376.27,0,0.0,Monitor supplier performance and lead-time stability
436,4,P4 - Routine,P01192,Glow Grooming 01192,Personal Care,Seasonal,8.67,Low,88.0,High,36.4,Low,Forecast Accuracy,20.0,0,0.1581,1.5802,0.0,11.0196,4.76,1.8526,0.0,18.125,9.9222,0.0,17.1226,0.9911,626765.502,15731.8141,421364.09,205401.412,0.0,19082.55,0,0.0,Monitor forecast accuracy and review model error drivers
437,4,P4 - Routine,P00351,Glow Grooming 00351,Personal Care,Seasonal,8.67,Low,88.0,High,13.44,Low,Supplier,25.21,0,0.0657,0.2856,0.0,10.5157,5.91,2.2136,0.0,25.2083,9.7754,0.0,17.3212,0.9902,133353.2162,3387.1717,96722.21,36631.0062,0.0,0.0,0,0.0,Monitor supplier performance and lead-time stability
438,4,P4 - Routine,P00198,CarryPro Bags 00198,Accessories,Volatile,8.65,Low,88.0,High,34.96,Low,Forecast Accuracy,40.0,0,0.0546,0.0137,0.0,22.1326,4.37,1.2867,0.0,14.5833,11.9833,0.0,19.1316,0.994,565826.4548,14145.6614,306664.44,259162.0148,0.0,7187.81,0,0.0,Monitor forecast accuracy and review model error drivers
439,4,P4 - Routine,P01888,Vertex TVs 01888,Electronics,Seasonal,8.64,Low,88.0,High,59.4,Medium,Supplier,21.04,0,0.0811,0.5059,0.0,19.0424,5.93,3.3913,0.0,21.0417,11.7098,0.0,17.3809,0.9839,1881457.4046,46471.9979,1613693.66,267763.7446,0.0,1284.56,0,0.0,Monitor supplier performance and lead-time stability
440,4,P4 - Routine,P01220,ComfortMax Microwaves 01220,Home Appliances,Volatile,8.64,Low,88.0,High,56.3,Medium,Supplier,20.83,0,0.0191,0.4095,0.0,19.3883,6.17,4.0302,0.0,20.8333,12.2204,0.0,19.6266,0.9802,1850991.552,45904.5905,1454543.8,396447.752,0.0,0.0,0,0.0,Monitor supplier performance and lead-time stability
441,4,P4 - Routine,P00762,HomePro Air Conditioners 00762,Home Appliances,Volatile,8.61,Low,88.0,High,45.07,Medium,Forecast Accuracy,40.0,0,0.2308,1.0117,0.0,20.0617,3.7,2.0788,0.0,7.9167,12.621,0.0,18.7486,0.9915,825263.0988,20466.5249,626302.74,198960.3588,0.0,89.47,0,0.0,Monitor forecast accuracy and review model error drivers
442,4,P4 - Routine,P01525,PureLife Grooming 01525,Personal Care,Seasonal,8.61,Low,88.0,High,13.97,Low,Supplier,21.04,0,0.103,1.1063,0.0,12.2768,5.0,1.1904,0.0,21.0417,9.9018,0.0,18.0894,0.9949,118315.44,2969.7175,75004.7,43310.74,0.0,1772.51,0,0.0,Monitor supplier performance and lead-time stability
443,4,P4 - Routine,P01975,EverHome Refrigerators 01975,Home Appliances,Volatile,8.6,Low,88.0,High,78.05,High,Forecast Accuracy,20.0,0,0.2774,1.0358,0.0,19.0051,5.77,4.8567,0.0,16.0417,12.6808,0.0,17.9285,0.9761,4959649.1335,121015.4389,3950600.04,1009049.0935,0.0,237.08,0,0.0,Monitor forecast accuracy and review model error drivers
444,4,P4 - Routine,P01162,Vertex TVs 01162,Electronics,Trending,8.59,Low,88.0,High,97.05,Very High,Supplier,24.17,0,0.0554,0.1767,0.0,17.1155,5.83,2.4574,0.0,24.1667,9.7554,0.0,17.4622,0.9864,11197237.1659,270973.1394,9844462.42,1352774.7459,0.0,281.73,0,0.0,Monitor supplier performance and lead-time stability
445,4,P4 - Routine,P01088,Vertex TVs 01088,Electronics,Volatile,8.59,Low,88.0,High,88.2,Very High,Forecast Accuracy,40.0,0,0.0945,0.012,0.0,25.5239,4.63,2.8515,0.0,11.0417,14.102,0.0,18.9935,0.9879,5776080.2988,140358.7513,3978661.47,1797418.8288,0.0,263.42,0,0.0,Monitor forecast accuracy and review model error drivers
446,4,P4 - Routine,P00688,EverHome Refrigerators 00688,Home Appliances,Seasonal,8.59,Low,88.0,High,73.91,High,Supplier,22.71,0,0.0889,0.2409,0.0,11.1776,5.97,2.9334,0.0,22.7083,11.1981,0.0,17.8064,0.9857,3124267.6099,76232.1297,2471164.54,653103.0699,0.0,0.0,0,0.0,Monitor supplier performance and lead-time stability
447,4,P4 - Routine,P01279,Zenith TVs 01279,Electronics,Trending,8.58,Low,88.0,High,95.39,Very High,Forecast Accuracy,20.0,0,0.0906,0.9636,0.0,16.602,5.13,2.1524,0.0,20.0,9.9126,0.0,17.4455,0.9894,8687977.3944,209380.2552,7112526.12,1575451.2744,0.0,921.86,0,0.0,Monitor forecast accuracy and review model error drivers
448,4,P4 - Routine,P00319,Vertex Laptops 00319,Electronics,Seasonal,8.58,Low,88.0,High,59.69,Medium,Forecast Accuracy,20.0,0,0.082,0.4818,0.0,18.884,6.45,6.1395,0.0,18.9583,11.7563,0.0,17.201,0.9701,2353510.9977,57661.0194,2018103.46,335407.5377,0.0,0.0,0,0.0,Monitor forecast accuracy and review model error drivers
449,4,P4 - Routine,P00036,UrbanGear Cables 00036,Accessories,Volatile,8.55,Low,88.0,High,60.38,High,Forecast Accuracy,20.0,0,0.2716,1.1466,0.0,18.763,5.04,1.8608,0.0,17.9167,11.9398,0.0,19.3807,0.991,1704400.67,41416.9363,1279943.14,424457.53,0.0,3265.48,0,0.0,Monitor forecast accuracy and review model error drivers
450,4,P4 - Routine,P01785,OfficePro Storage 01785,Office Supplies,Stable,8.55,Low,88.0,High,47.91,Medium,Demand Anomaly,29.79,1,0.1766,2.4478,0.0,6.8667,2.39,0.9731,0.0,8.5417,5.4383,0.0,17.1837,0.9957,772969.3632,18937.7494,472333.44,300635.9232,0.0,3980.5,0,0.0,Investigate demand anomaly and increase short-term demand monitoring
451,4,P4 - Routine,P00968,Arctic Air Conditioners 00968,Home Appliances,Volatile,8.54,Low,88.0,High,66.13,High,Supplier,20.0,0,0.0845,0.2891,0.0,18.5609,6.19,3.9184,0.0,20.0,13.4132,0.0,18.0239,0.9827,2611389.0219,63456.7532,1949462.08,661926.9419,0.0,2165.36,0,0.0,Monitor supplier performance and lead-time stability
452,4,P4 - Routine,P01240,Zenith Audio 01240,Electronics,Trending,8.53,Low,88.0,High,57.26,Medium,Forecast Accuracy,40.0,0,0.1144,0.1204,0.0,20.0648,4.2,1.8549,0.0,13.9583,10.306,0.0,17.9514,0.991,1480512.11,35976.4443,1218411.88,262100.23,0.0,77.82,0,0.0,Monitor forecast accuracy and review model error drivers
453,4,P4 - Routine,P01303,NovaTech Laptops 01303,Electronics,Seasonal,8.52,Low,88.0,High,97.02,Very High,Forecast Accuracy,20.0,0,0.0515,0.1084,0.0,18.2342,6.94,7.6574,0.0,19.2391,11.7295,0.0,17.4082,0.9604,23919573.5936,571677.8089,21000129.12,2919444.4736,0.0,0.0,0,0.0,Monitor forecast accuracy and review model error drivers
454,4,P4 - Routine,P00761,Zenith TVs 00761,Electronics,Volatile,8.52,Low,88.0,High,91.3,Very High,Forecast Accuracy,40.0,0,0.1232,0.5239,0.0,26.7142,4.22,3.3935,0.0,8.3333,12.9806,0.0,19.9704,0.9825,7726747.1595,184669.2571,6021313.02,1705434.1395,0.0,642.82,0,0.0,Monitor forecast accuracy and review model error drivers
455,4,P4 - Routine,P00525,UrbanGear Chargers 00525,Accessories,Stable,8.52,Low,88.0,High,77.14,High,Supplier,22.5,0,0.012,0.9592,0.0,10.7684,5.0,2.2273,0.0,22.5,6.3521,0.0,16.2006,0.9928,2640363.8337,63368.732,1998335.88,642027.9537,0.0,0.0,0,0.0,Monitor supplier performance and lead-time stability
456,4,P4 - Routine,P01615,ComfortMax Refrigerators 01615,Home Appliances,Seasonal,8.52,Low,88.0,High,36.66,Low,Supplier,22.29,0,0.1667,0.4286,0.0,12.0582,5.52,1.2168,0.0,22.2917,12.0829,0.0,18.1367,0.9947,536198.873,13136.8724,313346.7,222852.173,0.0,352.79,0,0.0,Monitor supplier performance and lead-time stability
457,4,P4 - Routine,P00749,CarryPro Cables 00749,Accessories,Volatile,8.51,Low,88.0,High,81.58,Very High,Supplier,21.46,0,0.0198,0.2904,0.0,19.7375,5.94,3.3405,0.0,21.4583,11.4524,0.0,18.6654,0.9844,4841462.7734,116195.1066,3884683.86,956778.9134,0.0,1067.9,0,0.0,Monitor supplier performance and lead-time stability
458,4,P4 - Routine,P00185,EverHome Microwaves 00185,Home Appliances,Seasonal,8.51,Low,88.0,High,84.59,Very High,Supplier,21.04,0,0.1382,0.554,0.0,12.8309,5.48,2.1681,0.0,21.0417,11.1701,0.0,17.47,0.9906,3884676.7538,93232.2421,3100610.0,784066.7537,0.0,386.51,0,0.0,Monitor supplier performance and lead-time stability
459,4,P4 - Routine,P01227,ComfortMax Refrigerators 01227,Home Appliances,Seasonal,8.5,Low,88.0,High,90.77,Very High,Forecast Accuracy,20.0,0,0.024,0.9395,0.0,11.7368,4.94,1.1167,0.0,19.5833,11.1075,0.0,17.5996,0.9943,4752830.0402,113117.355,3238347.89,1514482.1502,0.0,529.5,0,0.0,Monitor forecast accuracy and review model error drivers
460,4,P4 - Routine,P00026,OfficePro Desk Accessories 00026,Office Supplies,Trending,8.5,Low,88.0,High,62.45,High,Supplier,25.21,0,0.0251,0.0094,0.0,11.9206,6.07,3.2223,0.0,25.2083,8.8046,0.0,17.2529,0.987,2100430.4376,50620.3735,1727497.46,372932.9776,0.0,27582.36,0,0.0,Monitor supplier performance and lead-time stability
461,4,P4 - Routine,P00908,EverHome Refrigerators 00908,Home Appliances,Volatile,8.49,Low,88.0,High,91.16,Very High,Forecast Accuracy,40.0,0,0.2684,0.6805,0.0,22.6388,4.07,3.4649,0.0,7.2917,12.9108,0.0,19.0593,0.9832,7643395.0495,181912.8022,6172366.57,1471028.4795,0.0,682.37,0,0.0,Monitor forecast accuracy and review model error drivers
462,4,P4 - Routine,P00412,TechMate Chargers 00412,Accessories,Volatile,8.49,Low,88.0,High,76.14,High,Forecast Accuracy,20.0,0,0.1938,1.0903,0.0,19.8943,4.89,1.2272,0.0,18.125,12.0164,0.0,19.1138,0.9946,2659590.9873,63830.1837,1570200.84,1089390.1473,0.0,0.0,0,0.0,Monitor forecast accuracy and review model error drivers
463,4,P4 - Routine,P00580,Arctic Washing Machines 00580,Home Appliances,Volatile,8.49,Low,88.0,High,61.12,High,Supplier,20.83,0,0.1845,0.6103,0.0,18.6328,5.14,0.2223,0.0,20.8333,12.998,0.0,20.1757,0.9991,1130857.2306,27253.6593,176437.3,954419.9306,0.0,601.53,0,0.0,Monitor supplier performance and lead-time stability
464,4,P4 - Routine,P01989,EverHome Air Conditioners 01989,Home Appliances,Volatile,8.48,Low,88.0,High,95.67,Very High,Forecast Accuracy,40.0,0,0.2031,1.365,0.0,22.9838,3.12,1.7447,0.0,5.625,11.6643,0.0,19.2346,0.9921,8848650.4015,209713.0145,4798401.79,4050248.6115,0.0,0.0,0,0.0,Monitor forecast accuracy and review model error drivers
465,4,P4 - Routine,P00871,ComfortMax Microwaves 00871,Home Appliances,Volatile,8.48,Low,88.0,High,89.42,Very High,Forecast Accuracy,20.0,0,0.1083,0.6793,0.0,19.6298,5.39,2.0907,0.0,19.1667,12.5746,0.0,18.9791,0.9914,5271465.5812,125460.8808,3497505.0,1773960.5812,0.0,55.92,0,0.0,Monitor forecast accuracy and review model error drivers
466,4,P4 - Routine,P00527,HomePro Refrigerators 00527,Home Appliances,Volatile,8.48,Low,88.0,High,51.13,Medium,Forecast Accuracy,40.0,0,0.1801,0.2288,0.0,25.6466,4.0,1.1115,0.0,12.5,11.9153,0.0,19.6776,0.9944,1015115.7383,24565.8009,626284.23,388831.5083,0.0,0.0,0,0.0,Monitor forecast accuracy and review model error drivers
467,4,P4 - Routine,P00667,NovaTech Laptops 00667,Electronics,Seasonal,8.47,Low,88.0,High,84.69,Very High,Forecast Accuracy,20.0,0,0.0345,0.9876,0.0,18.0911,5.11,2.1214,0.0,18.3333,11.4714,0.0,18.0435,0.9897,4247381.545,101087.6808,3201217.8,1046163.745,0.0,1069.18,0,0.0,Monitor forecast accuracy and review model error drivers
468,4,P4 - Routine,P00845,Zenith TVs 00845,Electronics,Seasonal,8.46,Low,88.0,High,49.36,Medium,Supplier,20.83,0,0.1101,0.6022,0.0,18.5238,5.43,1.9428,0.0,20.8333,11.4907,0.0,18.5677,0.9902,1060984.4596,25569.7255,831736.96,229247.4996,0.0,157.25,0,0.0,Monitor supplier performance and lead-time stability
469,4,P4 - Routine,P01827,NovaTech Audio 01827,Electronics,Volatile,8.46,Low,88.0,High,32.82,Low,Forecast Accuracy,40.0,0,0.2432,0.4336,0.0,27.3573,3.94,1.0208,0.0,9.5833,14.6215,0.0,19.2804,0.9953,422010.8576,10254.8638,223522.7,198488.1576,0.0,564.74,0,0.0,Monitor forecast accuracy and review model error drivers
470,4,P4 - Routine,P00210,Zenith Laptops 00210,Electronics,Seasonal,8.45,Low,88.0,High,39.59,Low,Forecast Accuracy,20.0,0,0.2086,1.0357,0.0,18.8416,5.23,2.5816,0.0,17.9167,11.772,0.0,17.4451,0.9865,749699.352,18067.7544,642265.8,107433.552,0.0,348.48,0,0.0,Monitor forecast accuracy and review model error drivers
471,4,P4 - Routine,P00654,PaperWorks Paper 00654,Office Supplies,Trending,8.44,Low,88.0,High,45.03,Medium,Forecast Accuracy,20.0,0,0.1939,1.3451,0.0,12.5673,4.77,2.2412,0.0,18.75,8.5978,0.0,16.9782,0.9899,946334.2115,22712.0211,802446.09,143888.1215,0.0,5036.29,0,0.0,Monitor forecast accuracy and review model error drivers
472,4,P4 - Routine,P00380,HomePro Air Conditioners 00380,Home Appliances,Seasonal,8.44,Low,88.0,High,34.09,Low,Supplier,20.83,0,0.1606,0.7468,0.0,13.876,5.16,1.1327,0.0,20.8333,11.2739,0.0,18.5453,0.9942,458645.4976,11099.221,295091.2,163554.2976,0.0,142.12,0,0.0,Monitor supplier performance and lead-time stability
473,4,P4 - Routine,P01853,TechMate Chargers 01853,Accessories,Volatile,8.43,Low,88.0,High,83.61,Very High,Supplier,20.42,0,0.0628,0.458,0.0,19.4801,5.56,2.3497,0.0,20.4167,11.9441,0.0,18.8202,0.9902,4330672.3253,102203.8669,3109028.68,1221643.6453,0.0,10957.0,0,0.0,Monitor supplier performance and lead-time stability
474,4,P4 - Routine,P01110,Zenith Smartphones 01110,Electronics,Volatile,8.43,Low,88.0,High,80.59,Very High,Forecast Accuracy,40.0,0,0.0728,0.0602,0.0,24.9794,3.98,0.6787,0.0,12.5,12.6767,0.0,19.9018,0.9973,2681604.9561,63554.0375,921739.98,1759864.9761,0.0,250.07,0,0.0,Monitor forecast accuracy and review model error drivers
475,4,P4 - Routine,P00704,Vertex Smartphones 00704,Electronics,Seasonal,8.42,Low,88.0,High,95.7,Very High,Supplier,20.62,0,0.1217,0.3132,0.0,18.6692,5.85,3.3927,0.0,20.625,11.5766,0.0,17.5116,0.9825,10678040.6909,250933.9562,9086676.66,1591364.0308,0.0,0.0,0,0.0,Monitor supplier performance and lead-time stability
476,4,P4 - Routine,P01277,Vertex Smartphones 01277,Electronics,Trending,8.42,Low,88.0,High,76.89,High,Supplier,20.62,0,0.0011,0.4577,0.0,17.9782,5.86,4.1311,0.0,20.625,10.1732,0.0,17.1688,0.9792,4480899.3745,106197.3152,3936455.36,544444.0145,0.0,1180.9,0,0.0,Monitor supplier performance and lead-time stability
477,4,P4 - Routine,P00585,DermaX Grooming 00585,Personal Care,Seasonal,8.42,Low,88.0,High,2.57,Low,Forecast Accuracy,20.0,0,0.1516,1.7826,0.0,11.3377,4.33,1.1816,0.0,16.6667,9.8109,0.0,18.7849,0.995,20367.4518,496.9658,12809.18,7558.2718,0.0,2906.8,0,0.0,Monitor forecast accuracy and review model error drivers
478,4,P4 - Routine,P00941,EverHome Air Conditioners 00941,Home Appliances,Volatile,8.41,Low,88.0,High,91.15,Very High,Forecast Accuracy,40.0,0,0.0747,0.0542,0.0,20.621,4.35,2.7163,0.0,11.25,12.3244,0.0,18.9598,0.9879,6970122.0785,163797.8688,4613180.6,2356941.4785,0.0,0.0,0,0.0,Monitor forecast accuracy and review model error drivers
479,4,P4 - Routine,P00709,ComfortMax Microwaves 00709,Home Appliances,Seasonal,8.36,Low,88.0,High,83.85,Very High,Forecast Accuracy,20.0,0,0.1139,0.8431,0.0,12.4038,5.45,3.7641,0.0,17.5,11.3032,0.0,17.3312,0.9815,5396701.558,125743.1463,4513852.77,882848.788,0.0,0.0,0,0.0,Monitor forecast accuracy and review model error drivers
480,4,P4 - Routine,P00080,Vertex Smartphones 00080,Electronics,Volatile,8.35,Low,88.0,High,77.74,High,Forecast Accuracy,40.0,0,0.1037,0.1767,0.0,26.6855,4.59,4.2989,0.0,8.5417,13.46,0.0,19.585,0.9789,4553453.502,106550.8119,3518371.35,1035082.152,0.0,2232.89,0,0.0,Monitor forecast accuracy and review model error drivers
481,4,P4 - Routine,P00664,Apex Smartphones 00664,Electronics,Volatile,8.35,Low,88.0,High,85.96,Very High,Forecast Accuracy,40.0,0,0.0096,0.3734,0.0,27.9807,3.78,1.1224,0.0,9.5833,13.363,0.0,19.4304,0.9956,3643975.5924,84904.6313,1738952.8,1905022.7924,0.0,0.0,0,0.0,Monitor forecast accuracy and review model error drivers
482,4,P4 - Routine,P00650,DermaX Haircare 00650,Personal Care,Seasonal,8.34,Low,88.0,High,9.79,Low,Forecast Accuracy,20.0,0,0.1633,1.456,0.0,11.8649,5.06,3.8823,0.0,16.0417,9.9307,0.0,17.4599,0.9831,99012.888,2376.3093,78469.56,20543.328,0.0,2489.22,0,0.0,Monitor forecast accuracy and review model error drivers
483,4,P4 - Routine,P01776,HomePro Air Conditioners 01776,Home Appliances,Seasonal,8.33,Low,88.0,High,65.55,High,Forecast Accuracy,20.0,0,0.1889,1.2165,0.0,11.533,4.83,2.0989,0.0,16.875,11.1115,0.0,18.037,0.9886,2081966.172,48718.0084,1608726.46,473239.712,0.0,0.0,0,0.0,Monitor forecast accuracy and review model error drivers
484,4,P4 - Routine,P01622,NovaTech Laptops 01622,Electronics,Volatile,8.32,Low,88.0,High,97.11,Very High,Forecast Accuracy,40.0,0,0.3011,1.1996,0.0,25.7195,3.3,2.3485,0.0,4.1667,13.1345,0.0,19.7809,0.9875,10387934.2215,239961.2805,7758623.07,2629311.1515,0.0,2083.79,0,0.0,Monitor forecast accuracy and review model error drivers
485,4,P4 - Routine,P01288,EverHome Refrigerators 01288,Home Appliances,Volatile,8.32,Low,88.0,High,81.26,Very High,Forecast Accuracy,20.0,0,0.1793,0.7949,0.0,18.7406,5.09,1.6738,0.0,18.3333,12.2226,0.0,19.1994,0.9929,3507936.5328,81384.1276,2014534.31,1493402.2228,0.0,361.13,0,0.0,Monitor forecast accuracy and review model error drivers
486,4,P4 - Routine,P01291,EverHome Refrigerators 01291,Home Appliances,Seasonal,8.32,Low,88.0,High,73.62,High,Forecast Accuracy,20.0,0,0.0083,0.7708,0.0,11.4064,5.11,1.809,0.0,19.375,11.0422,0.0,17.6102,0.9915,2595304.497,60470.5948,1766049.6,829254.897,0.0,1238.25,0,0.0,Monitor forecast accuracy and review model error drivers
487,4,P4 - Routine,P00833,Apex Audio 00833,Electronics,Volatile,8.32,Low,88.0,High,30.19,Low,Forecast Accuracy,40.0,0,0.1463,0.5781,0.0,23.6335,3.75,1.3186,0.0,8.3333,14.0615,0.0,19.6244,0.995,356043.8144,8438.2384,228111.36,127932.4544,0.0,0.0,0,0.0,Monitor forecast accuracy and review model error drivers
488,4,P4 - Routine,P00488,EverHome Washing Machines 00488,Home Appliances,Seasonal,8.3,Low,88.0,High,29.32,Low,Supplier,20.21,0,0.157,0.6786,0.0,11.8225,5.17,1.4172,0.0,20.2083,11.4545,0.0,17.6173,0.994,373233.9375,8808.3209,222731.25,150502.6875,0.0,290.23,0,0.0,Monitor supplier performance and lead-time stability
489,4,P4 - Routine,P00912,EverHome Refrigerators 00912,Home Appliances,Seasonal,8.29,Low,88.0,High,78.37,High,Forecast Accuracy,20.0,0,0.0159,0.5059,0.0,11.729,5.78,4.2485,0.0,18.75,11.2949,0.0,17.7967,0.9794,4322095.6636,99840.4098,3822281.32,499814.3436,0.0,829.5,0,0.0,Monitor forecast accuracy and review model error drivers
490,4,P4 - Routine,P01977,HomePro Air Conditioners 01977,Home Appliances,Volatile,8.29,Low,88.0,High,66.15,High,Forecast Accuracy,40.0,0,0.1313,0.0723,0.0,20.6746,4.29,2.6302,0.0,10.4167,12.9205,0.0,19.1416,0.9874,2185618.516,50706.3496,1724944.67,460673.846,0.0,1532.46,0,0.0,Monitor forecast accuracy and review model error drivers
491,4,P4 - Routine,P01210,CarryPro Bags 01210,Accessories,Trending,8.29,Low,88.0,High,65.9,High,Supplier,20.83,0,0.0748,0.6879,0.0,13.3929,5.05,1.5175,0.0,20.8333,9.8214,0.0,18.6812,0.9917,2040980.5582,47350.749,1636960.54,404020.0182,0.0,4912.33,0,0.0,Monitor supplier performance and lead-time stability
492,4,P4 - Routine,P01416,UrbanGear Cables 01416,Accessories,Volatile,8.29,Low,88.0,High,41.33,Medium,Supplier,22.08,0,0.034,0.275,0.0,19.2688,5.5,1.5496,0.0,22.0833,11.4893,0.0,18.4896,0.9941,732815.0592,17147.8724,431854.08,300960.9792,0.0,4752.19,0,0.0,Monitor supplier performance and lead-time stability
493,4,P4 - Routine,P00064,EverHome Refrigerators 00064,Home Appliances,Volatile,8.28,Low,88.0,High,75.52,High,Forecast Accuracy,20.0,0,0.0753,0.5444,0.0,19.8682,5.57,3.1829,0.0,18.5417,12.2482,0.0,19.0402,0.986,3436192.8522,79376.0549,2537523.56,898669.2922,0.0,0.0,0,0.0,Monitor forecast accuracy and review model error drivers
494,4,P4 - Routine,P01421,EverHome Refrigerators 01421,Home Appliances,Seasonal,8.26,Low,88.0,High,86.43,Very High,Forecast Accuracy,20.0,0,0.0701,0.1204,0.0,11.6993,6.43,6.1945,0.0,19.375,11.0842,0.0,17.7924,0.9696,8251727.3895,188964.5572,7218154.7,1033572.6895,0.0,1274.26,0,0.0,Monitor forecast accuracy and review model error drivers
495,4,P4 - Routine,P01625,Zenith TVs 01625,Electronics,Seasonal,8.26,Low,88.0,High,84.76,Very High,Forecast Accuracy,20.0,0,0.0278,0.9636,0.0,17.5686,5.11,2.8255,0.0,16.875,11.558,0.0,18.1437,0.9854,4763122.2088,109075.4986,4180494.5,582627.7088,0.0,628.98,0,0.0,Monitor forecast accuracy and review model error drivers
496,4,P4 - Routine,P00243,TechMate Chargers 00243,Accessories,Volatile,8.26,Low,88.0,High,49.69,Medium,Supplier,22.5,0,0.0906,0.2336,0.0,19.8528,5.36,0.8872,0.0,22.5,11.4547,0.0,19.3191,0.9966,936536.5662,21727.6483,420113.26,516423.3062,0.0,3324.3,0,0.0,Monitor supplier performance and lead-time stability
497,4,P4 - Routine,P00955,ComfortMax Air Conditioners 00955,Home Appliances,Seasonal,8.25,Low,88.0,High,71.25,High,Forecast Accuracy,20.0,0,0.1546,1.4935,0.0,10.694,4.47,1.8051,0.0,15.2083,10.9594,0.0,17.5382,0.9915,2482847.01,57105.4812,1579473.0,903374.01,0.0,705.15,0,0.0,Monitor forecast accuracy and review model error drivers
498,4,P4 - Routine,P01652,Arctic Air Conditioners 01652,Home Appliances,Seasonal,8.24,Low,88.0,High,91.24,Very High,Supplier,22.08,0,0.0196,0.1686,0.0,12.1244,5.41,1.3723,0.0,22.0833,11.2233,0.0,17.8946,0.9931,5230958.0544,119265.8436,3758804.64,1472153.4144,0.0,555.78,0,0.0,Monitor supplier performance and lead-time stability
499,4,P4 - Routine,P00040,HomePro Air Conditioners 00040,Home Appliances,Volatile,8.21,Low,88.0,High,52.95,Medium,Forecast Accuracy,40.0,0,0.0633,0.0642,0.0,22.4659,4.13,2.0612,0.0,10.8333,12.5699,0.0,18.8344,0.9903,1339358.678,30805.2496,873494.79,465863.888,0.0,0.0,0,0.0,Monitor forecast accuracy and review model error drivers
500,4,P4 - Routine,P00471,Apex Laptops 00471,Electronics,Seasonal,8.19,Low,88.0,High,77.45,High,Forecast Accuracy,20.0,0,0.1195,0.6786,0.0,18.8957,5.14,2.0133,0.0,18.3333,11.9129,0.0,18.0965,0.9895,3137213.07,71214.7367,2302790.25,834422.82,0.0,0.0,0,0.0,Monitor forecast accuracy and review model error drivers
501,4,P4 - Routine,P00441,Vertex Laptops 00441,Electronics,Volatile,8.18,Low,88.0,High,85.25,Very High,Forecast Accuracy,40.0,0,0.037,0.2409,0.0,28.1441,3.98,2.1187,0.0,8.3333,13.9465,0.0,19.7016,0.9898,4434978.2283,100230.508,3161842.56,1273135.6683,0.0,0.0,0,0.0,Monitor forecast accuracy and review model error drivers
502,4,P4 - Routine,P00702,Vertex TVs 00702,Electronics,Seasonal,8.18,Low,88.0,High,56.98,Medium,Forecast Accuracy,20.0,0,0.0874,0.4336,0.0,18.4478,5.37,1.9908,0.0,19.7917,12.0151,0.0,17.757,0.9897,1513551.886,34508.983,1134277.76,379274.126,0.0,1051.18,0,0.0,Monitor forecast accuracy and review model error drivers
503,4,P4 - Routine,P00390,UrbanGear Chargers 00390,Accessories,Volatile,8.17,Low,88.0,High,31.11,Low,Forecast Accuracy,40.0,0,0.0285,0.012,0.0,22.6702,3.94,1.0677,0.0,12.7083,11.4029,0.0,19.3785,0.9948,413712.988,9556.77,233602.26,180110.728,0.0,0.0,0,0.0,Monitor forecast accuracy and review model error drivers
504,4,P4 - Routine,P00496,HomePro Refrigerators 00496,Home Appliances,Volatile,8.15,Low,88.0,High,88.05,Very High,Supplier,21.04,0,0.095,0.1385,0.0,19.6933,5.44,1.5473,0.0,21.0417,12.112,0.0,19.4369,0.9927,4562992.1255,102211.0236,2942545.25,1620446.8755,0.0,0.0,0,0.0,Monitor supplier performance and lead-time stability
505,4,P4 - Routine,P00595,UrbanGear Cables 00595,Accessories,Volatile,8.15,Low,88.0,High,51.41,Medium,Forecast Accuracy,40.0,0,0.14,0.5183,0.0,21.8187,3.51,1.1768,0.0,9.375,11.648,0.0,19.3499,0.9951,1070240.6074,24401.4858,583533.16,486707.4474,0.0,0.0,0,0.0,Monitor forecast accuracy and review model error drivers
506,4,P4 - Routine,P00263,Apex TVs 00263,Electronics,Volatile,8.14,Low,88.0,High,60.27,High,Forecast Accuracy,40.0,0,0.2174,1.084,0.0,24.2628,3.39,2.6867,0.0,3.9583,13.294,0.0,18.9106,0.9868,1680245.6,37973.5506,1680245.6,0.0,0.0,1237.04,0,0.0,Monitor forecast accuracy and review model error drivers
507,4,P4 - Routine,P01600,TechMate Mobile Accessories 01600,Accessories,Volatile,8.14,Low,88.0,High,60.3,High,Forecast Accuracy,40.0,0,0.0867,0.0473,0.0,21.0357,3.91,1.4416,0.0,11.4583,11.7572,0.0,18.9357,0.9938,1560321.0756,35263.2563,998764.92,561556.1556,0.0,0.0,0,0.0,Monitor forecast accuracy and review model error drivers
508,4,P4 - Routine,P01044,Glow Grooming 01044,Personal Care,Trending,8.13,Low,88.0,High,23.19,Low,Supplier,20.83,0,0.0862,0.7089,0.0,11.6235,5.12,2.4674,0.0,20.8333,8.3985,0.0,18.5674,0.989,323503.4264,7440.5788,260541.05,62962.3764,0.0,13726.85,0,0.0,Monitor supplier performance and lead-time stability
509,4,P4 - Routine,P00148,CarePlus Oral Care 00148,Personal Care,Stable,8.13,Low,88.0,High,13.43,Low,Demand Anomaly,28.72,1,0.1473,2.2359,0.0,6.3674,2.11,0.0,0.0,8.3333,5.7617,0.0,17.1835,1.0,67872.68,1567.8589,0.0,67872.68,0.0,0.0,0,0.0,Investigate demand anomaly and increase short-term demand monitoring
510,4,P4 - Routine,P01492,HomePro Air Conditioners 01492,Home Appliances,Seasonal,8.12,Low,88.0,High,58.71,Medium,Forecast Accuracy,20.0,0,0.1507,0.7949,0.0,11.0818,5.32,3.637,0.0,17.0833,11.0836,0.0,17.4907,0.9828,1878203.1232,42447.3906,1627005.62,251197.5032,0.0,262.92,0,0.0,Monitor forecast accuracy and review model error drivers
511,4,P4 - Routine,P00716,CarryPro Cables 00716,Accessories,Volatile,8.11,Low,88.0,High,93.22,Very High,Forecast Accuracy,40.0,0,0.0018,0.3128,0.0,20.0585,3.69,1.7787,0.0,9.375,11.6458,0.0,19.3936,0.9904,7853385.123,174345.1497,4885441.92,2967943.203,0.0,1658.01,0,0.0,Monitor forecast accuracy and review model error drivers
512,4,P4 - Routine,P01973,EverHome Air Conditioners 01973,Home Appliances,Seasonal,8.11,Low,88.0,High,47.54,Medium,Forecast Accuracy,20.0,0,0.1336,0.7949,0.0,10.877,5.07,2.3206,0.0,17.9167,11.2719,0.0,17.9868,0.9878,1054509.7369,23831.9201,844943.98,209565.7569,0.0,874.5,0,0.0,Monitor forecast accuracy and review model error drivers
513,4,P4 - Routine,P01929,Glow Oral Care 01929,Personal Care,Seasonal,8.08,Low,88.0,High,19.76,Low,Forecast Accuracy,20.0,0,0.1525,1.5947,0.0,10.8261,4.19,1.3069,0.0,15.625,9.7168,0.0,16.8048,0.9952,171195.512,3903.2577,135028.1,36167.412,0.0,3296.77,0,0.0,Monitor forecast accuracy and review model error drivers
514,4,P4 - Routine,P00742,ComfortMax Washing Machines 00742,Home Appliances,Volatile,8.07,Low,88.0,High,36.45,Low,Forecast Accuracy,40.0,0,0.0968,0.1445,0.0,21.2053,3.75,0.6548,0.0,10.0,13.6864,0.0,19.3292,0.9962,513517.9616,11605.5059,229249.09,284268.8716,0.0,233.33,0,0.0,Monitor forecast accuracy and review model error drivers
515,4,P4 - Routine,P01702,EverHome Refrigerators 01702,Home Appliances,Seasonal,8.05,Low,88.0,High,83.34,Very High,Forecast Accuracy,20.0,0,0.0264,0.9796,0.0,11.2087,4.77,2.1255,0.0,16.6667,10.9063,0.0,18.1895,0.9897,4100021.9897,90610.486,3031357.55,1068664.4397,0.0,1870.05,0,0.0,Monitor forecast accuracy and review model error drivers
516,4,P4 - Routine,P00165,Apex Laptops 00165,Electronics,Seasonal,8.05,Low,88.0,High,81.65,Very High,Forecast Accuracy,20.0,0,0.1507,1.0599,0.0,18.0016,4.73,2.1109,0.0,15.625,11.7015,0.0,17.644,0.9912,3500358.29,77357.9182,2468904.75,1031453.54,0.0,1041.9,0,0.0,Monitor forecast accuracy and review model error drivers
517,4,P4 - Routine,P00679,TechMate Mobile Accessories 00679,Accessories,Volatile,8.05,Low,88.0,High,78.39,High,Forecast Accuracy,40.0,0,0.0938,0.4818,0.0,20.4124,3.49,1.5054,0.0,8.3333,11.933,0.0,19.836,0.9945,2880595.41,63661.1586,1769407.5,1111187.91,0.0,8121.18,0,0.0,Monitor forecast accuracy and review model error drivers
518,4,P4 - Routine,P00186,OfficePro Storage 00186,Office Supplies,Trending,8.04,Low,88.0,High,72.09,High,Forecast Accuracy,20.0,0,0.2354,1.9125,0.0,10.0176,4.01,2.5296,0.0,13.125,8.5523,0.0,18.022,0.9884,2843184.8432,62834.385,2388602.71,454582.1332,0.0,4801.95,0,0.0,Monitor forecast accuracy and review model error drivers
519,4,P4 - Routine,P01555,Vertex Laptops 01555,Electronics,Volatile,8.04,Low,88.0,High,63.07,High,Forecast Accuracy,40.0,0,0.1805,0.819,0.0,25.7395,3.42,2.0088,0.0,4.7917,13.9623,0.0,19.404,0.9922,1851022.8528,41092.7073,1092827.01,758195.8428,0.0,1814.81,0,0.0,Monitor forecast accuracy and review model error drivers
520,4,P4 - Routine,P01051,UrbanGear Mobile Accessories 01051,Accessories,Volatile,8.04,Low,88.0,High,53.49,Medium,Forecast Accuracy,20.0,0,0.2627,1.6734,0.0,17.6004,4.21,1.8635,0.0,13.125,11.1982,0.0,19.4375,0.991,1379180.5959,30755.7273,932616.12,446564.4759,0.0,0.0,0,0.0,Monitor forecast accuracy and review model error drivers
521,4,P4 - Routine,P01059,DermaX Oral Care 01059,Personal Care,Seasonal,8.04,Low,88.0,High,47.44,Medium,Supplier,20.0,0,0.0192,0.3428,0.0,12.4413,5.63,3.817,0.0,20.0,9.9106,0.0,16.7613,0.9824,1208963.84,26959.8936,966470.4,242493.44,0.0,23631.02,0,0.0,Monitor supplier performance and lead-time stability
522,4,P4 - Routine,P01359,Arctic Washing Machines 01359,Home Appliances,Seasonal,8.03,Low,88.0,High,98.7,Very High,Forecast Accuracy,20.0,0,0.0889,0.8672,0.0,11.8378,5.38,4.884,0.0,14.7917,11.2872,0.0,17.845,0.9772,19054157.3088,415380.6293,16455033.84,2599123.4688,0.0,2543.21,0,0.0,Monitor forecast accuracy and review model error drivers
523,4,P4 - Routine,P00883,NovaTech Laptops 00883,Electronics,Volatile,8.0,Low,88.0,High,53.06,Medium,Forecast Accuracy,40.0,0,0.1429,0.25,0.0,27.6447,4.02,2.454,0.0,6.25,15.611,0.0,19.4512,0.9878,1446212.5265,31961.2968,911797.74,534414.7865,0.0,379.99,0,0.0,Monitor forecast accuracy and review model error drivers
524,4,P4 - Routine,P01275,PureLife Grooming 01275,Personal Care,Seasonal,8.0,Low,88.0,High,15.27,Low,Forecast Accuracy,20.0,0,0.0129,0.6086,0.0,10.7198,5.71,5.1109,0.0,17.9167,9.9474,0.0,18.0729,0.9749,202941.1264,4566.1753,173099.55,29841.5764,0.0,1974.35,0,0.0,Monitor forecast accuracy and review model error drivers
525,4,P4 - Routine,P00609,CarePlus Haircare 00609,Personal Care,Seasonal,7.99,Low,88.0,High,14.4,Low,Forecast Accuracy,20.0,0,0.1055,0.876,0.0,11.6155,4.78,1.6234,0.0,18.75,9.8831,0.0,17.7181,0.9934,137285.88,3088.9323,80877.5,56408.38,0.0,0.0,0,0.0,Monitor forecast accuracy and review model error drivers
526,4,P4 - Routine,P01576,NovaTech Audio 01576,Electronics,Volatile,7.98,Low,88.0,High,26.97,Low,Forecast Accuracy,40.0,0,0.0606,0.1927,0.0,26.8742,3.83,1.37,0.0,8.3333,14.4837,0.0,20.2266,0.9931,342264.065,7632.4886,213059.0,129205.065,0.0,754.01,0,0.0,Monitor forecast accuracy and review model error drivers
527,4,P4 - Routine,P00082,Glow Haircare 00082,Personal Care,Seasonal,7.98,Low,88.0,High,3.88,Low,Forecast Accuracy,20.0,0,0.0654,1.5706,0.0,10.1789,4.53,3.1038,0.0,14.1667,9.8058,0.0,17.9203,0.9854,32701.8907,735.7925,28479.46,4222.4307,0.0,911.31,0,0.0,Monitor forecast accuracy and review model error drivers
528,4,P4 - Routine,P01787,PureLife Haircare 01787,Personal Care,Stable,7.98,Low,88.0,High,2.07,Low,Demand Anomaly,31.75,1,0.1369,2.8425,0.0,6.5149,1.66,0.6318,0.0,4.1667,5.6171,0.0,17.2778,0.9978,11695.795,263.1554,7254.75,4441.045,0.0,0.0,0,0.0,Investigate demand anomaly and increase short-term demand monitoring
529,4,P4 - Routine,P00398,HomePro Washing Machines 00398,Home Appliances,Seasonal,7.97,Low,88.0,High,64.58,High,Forecast Accuracy,20.0,0,0.165,1.3972,0.0,11.228,4.62,3.1613,0.0,13.3333,11.1234,0.0,18.1423,0.9848,2316265.5642,50726.2159,1755427.46,560838.1042,0.0,2425.03,0,0.0,Monitor forecast accuracy and review model error drivers
530,4,P4 - Routine,P01301,Zenith Laptops 01301,Electronics,Volatile,7.97,Low,88.0,High,62.4,High,Forecast Accuracy,40.0,0,0.0175,0.0723,0.0,23.0436,3.95,1.8793,0.0,8.3333,14.2576,0.0,19.8935,0.9922,1711568.5608,37483.3515,1107094.8,604473.7608,0.0,1288.32,0,0.0,Monitor forecast accuracy and review model error drivers
531,4,P4 - Routine,P00415,CarePlus Grooming 00415,Personal Care,Seasonal,7.96,Low,88.0,High,14.38,Low,Forecast Accuracy,20.0,0,0.0707,0.6685,0.0,10.8421,4.97,1.8766,0.0,19.5833,9.8111,0.0,17.5721,0.9908,140033.4264,3122.7454,109090.8,30942.6264,0.0,1002.0,0,0.0,Monitor forecast accuracy and review model error drivers
532,4,P4 - Routine,P00301,NovaTech Audio 00301,Electronics,Seasonal,7.95,Low,88.0,High,47.23,Medium,Forecast Accuracy,20.0,0,0.0894,0.3929,0.0,18.4465,5.23,1.9252,0.0,18.9583,12.0649,0.0,17.1861,0.9903,1011756.7157,22258.6477,685826.05,325930.6657,0.0,0.0,0,0.0,Monitor forecast accuracy and review model error drivers
533,4,P4 - Routine,P01918,CarePlus Haircare 01918,Personal Care,Trending,7.95,Low,88.0,High,20.51,Low,Supplier,20.83,0,0.1139,0.7511,0.0,11.3764,4.57,0.5793,0.0,20.8333,8.4864,0.0,18.2995,0.9969,164399.0215,3649.6583,114573.08,49825.9415,0.0,0.0,0,0.0,Monitor supplier performance and lead-time stability
534,4,P4 - Routine,P01334,CarryPro Mobile Accessories 01334,Accessories,Volatile,7.94,Low,88.0,High,61.56,High,Forecast Accuracy,40.0,0,0.1115,0.201,0.0,20.9782,3.53,0.9565,0.0,10.2083,11.3877,0.0,19.0747,0.9959,1568861.52,34201.1811,732512.96,836348.56,0.0,1574.73,0,0.0,Monitor forecast accuracy and review model error drivers
535,4,P4 - Routine,P00220,CarryPro Chargers 00220,Accessories,Volatile,7.93,Low,88.0,High,80.52,Very High,Forecast Accuracy,40.0,0,0.1207,0.3885,0.0,22.7493,3.32,0.7373,0.0,8.5417,12.1378,0.0,19.6543,0.9967,2816380.8768,60833.8269,1234359.37,1582021.5068,0.0,2579.05,0,0.0,Monitor forecast accuracy and review model error drivers
536,4,P4 - Routine,P00914,ComfortMax Refrigerators 00914,Home Appliances,Seasonal,7.93,Low,88.0,High,30.14,Low,Forecast Accuracy,20.0,0,0.0467,0.1786,0.0,13.1308,5.51,2.464,0.0,20.0,11.8292,0.0,17.8048,0.9877,456349.9916,10039.6998,367516.1,88833.8916,0.0,478.58,0,0.0,Monitor forecast accuracy and review model error drivers
537,4,P4 - Routine,P00906,ConnectX Mobile Accessories 00906,Accessories,Trending,7.92,Low,88.0,High,37.88,Low,Forecast Accuracy,20.0,0,0.1472,0.7399,0.0,11.5489,4.88,2.1247,0.0,18.75,9.5351,0.0,17.713,0.9897,699499.5945,15388.9911,607224.66,92274.9345,0.0,0.0,0,0.0,Monitor forecast accuracy and review model error drivers
538,4,P4 - Routine,P00530,CarryPro Bags 00530,Accessories,Volatile,7.91,Low,88.0,High,78.49,High,Forecast Accuracy,40.0,0,0.107,0.2371,0.0,21.0515,3.54,1.335,0.0,9.1667,11.7443,0.0,19.4546,0.9935,2840455.0608,61069.7838,2080737.12,759717.9408,0.0,2256.92,0,0.0,Monitor forecast accuracy and review model error drivers
539,4,P4 - Routine,P00531,UrbanGear Cables 00531,Accessories,Trending,7.91,Low,88.0,High,69.9,High,Forecast Accuracy,20.0,0,0.0828,0.7928,0.0,13.201,4.68,1.6844,0.0,18.5417,9.2881,0.0,16.8459,0.9941,2005188.3973,43312.0694,1545292.18,459896.2173,0.0,0.0,0,0.0,Monitor forecast accuracy and review model error drivers
540,4,P4 - Routine,P00931,Zenith Smartphones 00931,Electronics,Seasonal,7.91,Low,88.0,High,24.26,Low,Forecast Accuracy,20.0,0,0.2727,0.8571,0.0,17.4631,4.84,1.8765,0.0,16.6667,11.8274,0.0,18.7674,0.9922,294442.2349,6477.7292,211600.6,82841.6349,0.0,282.78,0,0.0,Monitor forecast accuracy and review model error drivers
541,4,P4 - Routine,P01068,NovaTech TVs 01068,Electronics,Seasonal,7.89,Low,88.0,High,68.32,High,Forecast Accuracy,20.0,0,0.0032,0.6986,0.0,17.8089,4.96,2.3274,0.0,16.875,11.544,0.0,17.4312,0.9891,2312432.4668,49717.298,1680272.72,632159.7468,0.0,1199.35,0,0.0,Monitor forecast accuracy and review model error drivers
542,4,P4 - Routine,P01197,UrbanGear Chargers 01197,Accessories,Trending,7.88,Low,88.0,High,51.57,Medium,Supplier,20.83,0,0.0241,0.3212,0.0,12.6407,5.1,1.8249,0.0,20.8333,9.5493,0.0,18.1059,0.9913,1236351.66,26828.831,927600.0,308751.66,0.0,3536.91,0,0.0,Monitor supplier performance and lead-time stability
543,4,P4 - Routine,P00418,ComfortMax Washing Machines 00418,Home Appliances,Seasonal,7.87,Low,88.0,High,86.32,Very High,Forecast Accuracy,20.0,0,0.16,0.6745,0.0,12.3215,4.66,1.0451,0.0,17.9167,11.0366,0.0,17.9584,0.9964,3414322.856,72725.0768,1769079.2,1645243.656,0.0,0.0,0,0.0,Monitor forecast accuracy and review model error drivers
544,4,P4 - Routine,P00556,EverHome Microwaves 00556,Home Appliances,Volatile,7.85,Low,88.0,High,80.08,Very High,Forecast Accuracy,40.0,0,0.0182,0.212,0.0,25.7759,3.55,1.4097,0.0,8.3333,12.5429,0.0,19.8146,0.9941,3393154.989,72274.2013,1605965.67,1787189.319,0.0,72.99,0,0.0,Monitor forecast accuracy and review model error drivers
545,4,P4 - Routine,P01982,CarryPro Mobile Accessories 01982,Accessories,Trending,7.85,Low,88.0,High,51.28,Medium,Supplier,21.04,0,0.0431,0.2666,0.0,11.9101,5.14,1.9933,0.0,21.0417,9.2679,0.0,17.22,0.991,1206033.2066,25929.7139,952162.8,253870.4066,0.0,254.08,0,0.0,Monitor supplier performance and lead-time stability
546,4,P4 - Routine,P00470,CarryPro Bags 00470,Accessories,Volatile,7.84,Low,88.0,High,91.7,Very High,Forecast Accuracy,40.0,0,0.0839,0.119,0.0,21.4886,3.43,0.7533,0.0,10.0,11.3447,0.0,19.104,0.9966,4958226.864,105114.4095,2458915.2,2499311.664,0.0,0.0,0,0.0,Monitor forecast accuracy and review model error drivers
547,4,P4 - Routine,P01147,OfficePro Paper 01147,Office Supplies,Trending,7.84,Low,88.0,High,76.24,High,Forecast Accuracy,20.0,0,0.011,0.7038,0.0,10.4233,4.76,2.1309,0.0,18.5417,8.9419,0.0,17.776,0.9896,3064812.0111,65280.4958,2714231.75,350580.2611,0.0,10698.05,0,0.0,Monitor forecast accuracy and review model error drivers
548,4,P4 - Routine,P00786,TechMate Cables 00786,Accessories,Volatile,7.84,Low,88.0,High,61.43,High,Forecast Accuracy,40.0,0,0.4285,1.1446,0.0,24.503,2.76,1.3353,0.0,4.1667,11.5505,0.0,19.8184,0.9949,1554065.565,33257.0031,923549.1,630516.465,0.0,229.72,0,0.0,Monitor forecast accuracy and review model error drivers
549,4,P4 - Routine,P01730,CarePlus Grooming 01730,Personal Care,Trending,7.84,Low,88.0,High,16.14,Low,Forecast Accuracy,20.0,0,0.1861,1.6071,0.0,11.0903,3.85,0.8728,0.0,15.625,8.2966,0.0,17.4292,0.9968,120556.4556,2628.1307,89990.04,30566.4156,0.0,8036.38,0,0.0,Monitor forecast accuracy and review model error drivers
550,4,P4 - Routine,P01666,UrbanGear Mobile Accessories 01666,Accessories,Trending,7.83,Low,88.0,High,37.62,Low,Forecast Accuracy,20.0,0,0.073,1.2767,0.0,14.1521,4.25,1.4736,0.0,15.8333,9.5289,0.0,17.5049,0.9935,621346.8352,13421.0916,451560.2,169786.6352,0.0,634.57,0,0.0,Monitor forecast accuracy and review model error drivers
551,4,P4 - Routine,P00793,Glow Grooming 00793,Personal Care,Seasonal,7.83,Low,76.0,Medium,28.17,Low,Supplier,26.46,0,0.1428,1.129,0.0,9.597,6.22,2.6191,0.0,26.4583,9.7681,0.0,17.8259,0.9889,395440.947,8581.0685,324609.12,70831.827,0.0,3624.5,0,0.0,Monitor supplier performance and lead-time stability
552,4,P4 - Routine,P00669,Zenith Laptops 00669,Electronics,Volatile,7.82,Low,88.0,High,76.34,High,Forecast Accuracy,40.0,0,0.0316,0.265,0.0,26.1682,3.35,0.6101,0.0,8.3333,12.7983,0.0,19.8706,0.9966,2428220.3304,51478.271,921875.6,1506344.7304,0.0,710.29,0,0.0,Monitor forecast accuracy and review model error drivers
553,4,P4 - Routine,P00927,EverHome Refrigerators 00927,Home Appliances,Volatile,7.81,Low,88.0,High,54.52,Medium,Forecast Accuracy,40.0,0,0.3878,1.0679,0.0,21.6881,2.72,0.6919,0.0,4.1667,12.5556,0.0,20.0253,0.9972,898402.2204,19135.9673,458870.16,439532.0604,0.0,0.0,0,0.0,Monitor forecast accuracy and review model error drivers
554,4,P4 - Routine,P00849,CarePlus Haircare 00849,Personal Care,Seasonal,7.81,Low,88.0,High,34.09,Low,Forecast Accuracy,20.0,0,0.1009,0.7046,0.0,10.8064,5.04,3.1172,0.0,17.5,9.86,0.0,18.0184,0.9853,619737.065,13324.3469,505950.3,113786.765,0.0,0.0,0,0.0,Monitor forecast accuracy and review model error drivers
555,4,P4 - Routine,P00009,CarePlus Grooming 00009,Personal Care,Trending,7.8,Low,88.0,High,33.28,Low,Forecast Accuracy,20.0,0,0.0195,0.5599,0.0,11.4536,5.07,3.0075,0.0,19.375,8.4057,0.0,16.66,0.9864,602629.357,12956.5312,518324.05,84305.307,0.0,0.0,0,0.0,Monitor forecast accuracy and review model error drivers
556,4,P4 - Routine,P00658,ComfortMax Washing Machines 00658,Home Appliances,Seasonal,7.79,Low,88.0,High,36.26,Low,Forecast Accuracy,20.0,0,0.0839,0.0482,0.0,12.7893,5.96,4.9305,0.0,18.75,11.1254,0.0,17.9311,0.9767,761667.9252,16299.6936,683433.66,78234.2652,0.0,1134.38,0,0.0,Monitor forecast accuracy and review model error drivers
557,4,P4 - Routine,P00031,PureLife Skincare 00031,Personal Care,Seasonal,7.79,Low,88.0,High,10.98,Low,Forecast Accuracy,20.0,0,0.1341,1.0171,0.0,11.1093,4.81,3.1553,0.0,16.25,9.5018,0.0,17.4362,0.9863,113336.82,2459.409,90441.9,22894.92,0.0,4321.9,0,0.0,Monitor forecast accuracy and review model error drivers
558,4,P4 - Routine,P01863,Apex Smartphones 01863,Electronics,Seasonal,7.78,Low,88.0,High,93.83,Very High,Forecast Accuracy,20.0,0,0.0681,0.265,0.0,17.8567,5.39,3.4032,0.0,17.5,11.6457,0.0,18.178,0.9824,9388590.9808,196221.5515,7510672.5,1877918.4808,0.0,1138.88,0,0.0,Monitor forecast accuracy and review model error drivers
559,4,P4 - Routine,P00138,DeskMate Writing 00138,Office Supplies,Trending,7.77,Low,88.0,High,40.01,Medium,Forecast Accuracy,20.0,0,0.1348,1.2232,0.0,10.8225,4.21,1.5657,0.0,16.4583,8.4989,0.0,17.3105,0.9939,659985.9038,14057.6998,485061.26,174924.6438,0.0,13947.98,0,0.0,Monitor forecast accuracy and review model error drivers
560,4,P4 - Routine,P00169,Vertex Smartphones 00169,Electronics,Trending,7.74,Low,88.0,High,62.58,High,Forecast Accuracy,20.0,0,0.1321,0.3372,0.0,18.5445,5.2,2.9505,0.0,18.75,10.0229,0.0,16.825,0.9856,2081286.8622,43707.0241,1786108.87,295177.9922,0.0,1079.12,0,0.0,Monitor forecast accuracy and review model error drivers
561,4,P4 - Routine,P01159,CarryPro Bags 01159,Accessories,Volatile,7.74,Low,88.0,High,63.82,High,Forecast Accuracy,40.0,0,0.2067,0.3128,0.0,24.1431,3.25,0.7314,0.0,8.3333,11.8703,0.0,19.9003,0.9968,1680296.0619,35286.2173,634505.88,1045790.1819,0.0,0.0,0,0.0,Monitor forecast accuracy and review model error drivers
562,4,P4 - Routine,P01366,NovaTech Smartphones 01366,Electronics,Seasonal,7.74,Low,88.0,High,58.92,Medium,Forecast Accuracy,20.0,0,0.0769,0.2409,0.0,19.3021,5.13,1.7234,0.0,18.5417,12.1982,0.0,17.8853,0.9896,1644586.9196,34536.3253,1207202.4,437384.5196,0.0,723.37,0,0.0,Monitor forecast accuracy and review model error drivers
563,4,P4 - Routine,P00223,Vertex Smartphones 00223,Electronics,Trending,7.73,Low,88.0,High,43.46,Medium,Forecast Accuracy,40.0,0,0.3023,0.9395,0.0,20.2445,2.76,0.94,0.0,5.8333,10.7024,0.0,18.2503,0.9961,665339.7432,14038.6686,415437.88,249901.8632,0.0,254.37,0,0.0,Monitor forecast accuracy and review model error drivers
564,4,P4 - Routine,P01931,DermaX Oral Care 01931,Personal Care,Seasonal,7.7,Low,88.0,High,4.9,Low,Forecast Accuracy,20.0,0,0.0718,0.4533,0.0,11.9959,4.98,2.0212,0.0,19.375,9.8094,0.0,17.6859,0.9907,41944.0707,893.4087,28730.43,13213.6407,0.0,0.0,0,0.0,Monitor forecast accuracy and review model error drivers
565,4,P4 - Routine,P01234,Apex TVs 01234,Electronics,Seasonal,7.69,Low,88.0,High,99.58,Very High,Forecast Accuracy,20.0,0,0.1699,0.7708,0.0,18.9832,4.94,3.5276,0.0,14.1667,11.6877,0.0,17.0925,0.9825,20710738.2671,424570.1345,16217620.16,4493118.1071,0.0,1166.6,0,0.0,Monitor forecast accuracy and review model error drivers
566,4,P4 - Routine,P00176,NovaTech TVs 00176,Electronics,Seasonal,7.69,Low,88.0,High,78.98,High,Forecast Accuracy,20.0,0,0.0467,0.3613,0.0,18.9083,5.02,2.1234,0.0,17.7083,11.5069,0.0,18.0724,0.9897,3233288.3184,66929.0682,2557313.82,675974.4984,0.0,0.0,0,0.0,Monitor forecast accuracy and review model error drivers
567,4,P4 - Routine,P01695,HomePro Microwaves 01695,Home Appliances,Volatile,7.69,Low,88.0,High,69.66,High,Forecast Accuracy,20.0,0,0.1067,0.5239,0.0,17.974,5.1,2.8531,0.0,15.4167,12.8944,0.0,18.9496,0.9879,2517326.5808,52108.6602,1947467.6,569858.9808,0.0,2005.78,0,0.0,Monitor forecast accuracy and review model error drivers
568,4,P4 - Routine,P00084,Vertex Smartphones 00084,Electronics,Seasonal,7.68,Low,88.0,High,97.63,Very High,Forecast Accuracy,20.0,0,0.0885,0.4577,0.0,18.5261,5.05,2.8559,0.0,16.25,11.7371,0.0,17.5395,0.9851,12600469.89,258309.6327,9630932.4,2969537.49,0.0,1035.97,0,0.0,Monitor forecast accuracy and review model error drivers
569,4,P4 - Routine,P01409,CarePlus Oral Care 01409,Personal Care,Seasonal,7.68,Low,88.0,High,13.95,Low,Forecast Accuracy,20.0,0,0.082,0.8606,0.0,10.6113,4.61,1.9613,0.0,17.0833,9.7537,0.0,17.2175,0.9927,129431.9833,2743.958,91268.45,38163.5333,0.0,23007.96,0,0.0,Monitor forecast accuracy and review model error drivers
570,4,P4 - Routine,P01287,NovaTech Audio 01287,Electronics,Stable,7.67,Low,88.0,High,44.01,Medium,Forecast Accuracy,40.0,0,0.1507,0.3929,0.0,23.6597,3.22,1.2796,0.0,8.3333,10.5809,0.0,17.7636,0.9941,688224.8841,14383.9001,562198.68,126026.2041,0.0,113.27,0,0.0,Monitor forecast accuracy and review model error drivers
571,4,P4 - Routine,P00203,Apex Audio 00203,Electronics,Seasonal,7.66,Low,88.0,High,76.38,High,Forecast Accuracy,20.0,0,0.1429,0.5059,0.0,17.8779,4.99,2.708,0.0,16.25,11.626,0.0,17.5561,0.988,3242485.8375,66470.9597,2422956.45,819529.3875,0.0,512.09,0,0.0,Monitor forecast accuracy and review model error drivers
572,4,P4 - Routine,P01037,Arctic Refrigerators 01037,Home Appliances,Volatile,7.66,Low,88.0,High,56.42,Medium,Forecast Accuracy,20.0,0,0.3488,1.084,0.0,17.6696,4.73,3.4673,0.0,12.2917,12.3224,0.0,18.8103,0.9845,1755454.7896,36337.9141,1304530.34,450924.4496,0.0,973.5,0,0.0,Monitor forecast accuracy and review model error drivers
573,4,P4 - Routine,P00872,HomePro Refrigerators 00872,Home Appliances,Volatile,7.65,Low,88.0,High,76.27,High,Forecast Accuracy,20.0,0,0.0494,0.53,0.0,15.6767,5.09,3.0576,0.0,15.0,12.8387,0.0,19.1605,0.9859,3526633.9206,72295.9954,2605196.1,921437.8206,0.0,0.0,0,0.0,Monitor forecast accuracy and review model error drivers
574,4,P4 - Routine,P01120,Apex Laptops 01120,Electronics,Seasonal,7.64,Low,88.0,High,64.34,High,Forecast Accuracy,20.0,0,0.1073,0.6986,0.0,17.9819,4.46,0.7958,0.0,16.6667,11.4808,0.0,18.2624,0.9962,1428736.8702,29431.9795,795728.28,633008.5902,0.0,1710.71,0,0.0,Monitor forecast accuracy and review model error drivers
575,4,P4 - Routine,P01230,EverHome Microwaves 01230,Home Appliances,Seasonal,7.64,Low,88.0,High,52.61,Medium,Forecast Accuracy,20.0,0,0.042,0.6624,0.0,11.4669,4.69,1.8097,0.0,16.6667,10.9996,0.0,18.3885,0.9915,1196004.7515,24757.2984,859816.5,336188.2515,0.0,0.0,0,0.0,Monitor forecast accuracy and review model error drivers
576,4,P4 - Routine,P00782,PureLife Haircare 00782,Personal Care,Seasonal,7.64,Low,88.0,High,14.93,Low,Forecast Accuracy,20.0,0,0.1622,1.5883,0.0,10.4101,4.21,3.0414,0.0,12.0833,9.922,0.0,17.466,0.9874,158294.5042,3324.1846,136898.65,21395.8542,0.0,12702.92,0,0.0,Monitor forecast accuracy and review model error drivers
577,4,P4 - Routine,P01712,Apex TVs 01712,Electronics,Trending,7.63,Low,88.0,High,74.41,High,Forecast Accuracy,20.0,0,0.0364,0.554,0.0,17.5913,4.52,0.9375,0.0,18.3333,9.9537,0.0,17.9931,0.9961,2089321.007,42831.0806,1238373.0,850948.0069,0.0,112.25,0,0.0,Monitor forecast accuracy and review model error drivers
578,4,P4 - Routine,P01705,ComfortMax Washing Machines 01705,Home Appliances,Seasonal,7.62,Low,88.0,High,90.28,Very High,Forecast Accuracy,20.0,0,0.0683,0.1445,0.0,12.3865,5.44,3.8176,0.0,17.5,11.1465,0.0,17.2238,0.981,7655560.5749,155407.8797,6458656.72,1196903.8549,0.0,0.0,0,0.0,Monitor forecast accuracy and review model error drivers
579,4,P4 - Routine,P00105,TechMate Bags 00105,Accessories,Trending,7.62,Low,88.0,High,64.85,High,Forecast Accuracy,20.0,0,0.0051,0.3955,0.0,12.8886,5.1,3.1554,0.0,17.9167,9.7431,0.0,17.0868,0.9863,2371051.7017,48606.5599,2014917.92,356133.7817,0.0,12615.2,0,0.0,Monitor forecast accuracy and review model error drivers
580,4,P4 - Routine,P00350,PureLife Skincare 00350,Personal Care,Trending,7.61,Low,88.0,High,17.98,Low,Forecast Accuracy,20.0,0,0.1449,1.065,0.0,10.9443,4.07,0.668,0.0,17.2917,8.4795,0.0,17.0762,0.9974,150523.23,3130.8832,75140.16,75383.07,0.0,8289.84,0,0.0,Monitor forecast accuracy and review model error drivers
581,4,P4 - Routine,P00545,DermaX Skincare 00545,Personal Care,Seasonal,7.59,Low,88.0,High,4.4,Low,Forecast Accuracy,20.0,0,0.0411,1.3972,0.0,11.9921,4.05,1.6288,0.0,14.1667,9.5927,0.0,17.779,0.9919,34727.7547,725.8101,25214.4,9513.3547,0.0,0.0,0,0.0,Monitor forecast accuracy and review model error drivers
582,4,P4 - Routine,P00133,Vertex Audio 00133,Electronics,Trending,7.58,Low,88.0,High,39.19,Low,Forecast Accuracy,20.0,0,0.2199,1.2767,0.0,18.073,4.01,1.1772,0.0,14.1667,10.1888,0.0,17.869,0.9951,627895.2667,12871.853,365812.39,262082.8767,0.0,735.97,0,0.0,Monitor forecast accuracy and review model error drivers
583,4,P4 - Routine,P01500,ConnectX Mobile Accessories 01500,Accessories,Volatile,7.56,Low,88.0,High,99.54,Very High,Forecast Accuracy,40.0,0,0.0904,0.1245,0.0,21.5398,3.42,1.809,0.0,7.2917,11.8876,0.0,18.8928,0.9915,16767340.4535,335346.8091,9920159.76,6847180.6935,0.0,3590.5,0,0.0,Monitor forecast accuracy and review model error drivers
584,4,P4 - Routine,P01512,WriteWell Writing 01512,Office Supplies,Trending,7.55,Low,88.0,High,30.43,Low,Forecast Accuracy,20.0,0,0.1468,1.2169,0.0,11.3395,4.2,2.207,0.0,15.0,8.554,0.0,17.6156,0.9889,485957.064,9962.1198,384879.24,101077.824,0.0,9101.7,0,0.0,Monitor forecast accuracy and review model error drivers
585,4,P4 - Routine,P01373,CarryPro Mobile Accessories 01373,Accessories,Volatile,7.53,Low,88.0,High,37.36,Low,Forecast Accuracy,40.0,0,0.1,0.1357,0.0,21.4781,3.34,1.1356,0.0,8.3333,11.665,0.0,20.2576,0.9955,543601.6732,11035.114,328385.35,215216.3232,0.0,0.0,0,0.0,Monitor forecast accuracy and review model error drivers
586,4,P4 - Routine,P00004,DermaX Oral Care 00004,Personal Care,Seasonal,7.53,Low,88.0,High,30.76,Low,Forecast Accuracy,20.0,0,0.1507,1.6241,0.0,10.8186,3.7,1.2072,0.0,12.5,9.7811,0.0,18.5561,0.9948,393514.8616,8027.7032,224327.32,169187.5416,0.0,0.0,0,0.0,Monitor forecast accuracy and review model error drivers
587,4,P4 - Routine,P01657,Glow Skincare 01657,Personal Care,Seasonal,7.53,Low,88.0,High,26.4,Low,Forecast Accuracy,20.0,0,0.0128,0.2065,0.0,11.5174,4.91,1.4632,0.0,19.7917,10.042,0.0,17.6007,0.9936,336398.5009,6896.1693,201996.19,134402.3109,0.0,35159.89,0,0.0,Monitor forecast accuracy and review model error drivers
588,4,P4 - Routine,P01719,TechMate Bags 01719,Accessories,Volatile,7.52,Low,88.0,High,89.28,Very High,Forecast Accuracy,40.0,0,0.0854,0.2868,0.0,22.7339,3.26,1.7326,0.0,6.4583,11.7823,0.0,19.1387,0.9923,5806851.7005,115556.3488,3326690.26,2480161.4405,0.0,34013.59,0,0.0,Monitor forecast accuracy and review model error drivers
589,4,P4 - Routine,P01914,HomePro Refrigerators 01914,Home Appliances,Seasonal,7.51,Low,88.0,High,70.31,High,Forecast Accuracy,20.0,0,0.0314,0.0602,0.0,12.5876,5.63,4.6993,0.0,17.0833,11.0221,0.0,17.4253,0.9763,3286575.625,65731.5125,2955000.0,331575.625,0.0,2751.55,0,0.0,Monitor forecast accuracy and review model error drivers
590,4,P4 - Routine,P00957,DermaX Grooming 00957,Personal Care,Trending,7.5,Low,88.0,High,10.1,Low,Forecast Accuracy,20.0,0,0.102,0.8003,0.0,11.5544,4.51,2.2577,0.0,17.5,8.08,0.0,17.0806,0.9898,95031.5047,1948.1458,80363.15,14668.3547,0.0,0.0,0,0.0,Monitor forecast accuracy and review model error drivers
591,4,P4 - Routine,P01168,DermaX Haircare 01168,Personal Care,Seasonal,7.5,Low,88.0,High,8.96,Low,Forecast Accuracy,20.0,0,0.1211,0.9395,0.0,11.1882,4.68,3.3417,0.0,14.7917,9.7257,0.0,17.6256,0.9844,88399.7712,1812.1953,70443.36,17956.4112,0.0,0.0,0,0.0,Monitor forecast accuracy and review model error drivers
592,4,P4 - Routine,P01697,Vertex Audio 01697,Electronics,Stable,7.49,Low,88.0,High,49.79,Medium,Forecast Accuracy,20.0,0,0.0244,0.1686,0.0,16.9758,5.04,2.5971,0.0,19.7917,8.6187,0.0,16.8033,0.9877,1140995.8872,22934.0173,956951.82,184044.0672,0.0,62.82,0,0.0,Monitor forecast accuracy and review model error drivers
593,4,P4 - Routine,P00245,Zenith Audio 00245,Electronics,Seasonal,7.48,Low,88.0,High,91.7,Very High,Forecast Accuracy,20.0,0,0.1938,1.7344,0.0,18.3284,3.87,2.7252,0.0,8.3333,12.0079,0.0,18.4402,0.9864,6835334.925,134656.098,5447515.5,1387819.425,0.0,2153.21,0,0.0,Monitor forecast accuracy and review model error drivers
594,4,P4 - Routine,P00842,PaperWorks Desk Accessories 00842,Office Supplies,Trending,7.48,Low,88.0,High,92.03,Very High,Forecast Accuracy,20.0,0,0.1715,1.5587,0.0,11.1113,3.66,1.6323,0.0,12.5,8.6274,0.0,18.5359,0.9933,5703591.9073,112360.7606,4484473.36,1219118.5473,0.0,21823.47,0,0.0,Monitor forecast accuracy and review model error drivers
595,4,P4 - Routine,P01944,WriteWell Storage 01944,Office Supplies,Trending,7.47,Low,88.0,High,67.52,High,Supplier,20.83,0,0.0532,0.0265,0.0,10.2652,4.97,1.9373,0.0,20.8333,8.4455,0.0,17.3144,0.9916,2039011.326,40576.3254,1753575.34,285435.986,0.0,18285.41,0,0.0,Monitor supplier performance and lead-time stability
596,4,P4 - Routine,P00994,CarePlus Skincare 00994,Personal Care,Seasonal,7.47,Low,88.0,High,3.74,Low,Forecast Accuracy,20.0,0,0.0882,0.9716,0.0,10.7752,4.54,2.7702,0.0,14.7917,9.9221,0.0,17.7736,0.9874,31810.9932,648.9443,24262.56,7548.4332,0.0,0.0,0,0.0,Monitor forecast accuracy and review model error drivers
597,4,P4 - Routine,P00803,DermaX Oral Care 00803,Personal Care,Stable,7.47,Low,88.0,High,4.04,Low,Demand Anomaly,27.68,1,0.1147,2.0283,0.0,6.0364,1.8,0.1679,0.0,6.0417,5.6172,0.0,16.8568,0.9997,13601.1491,277.4634,2534.72,11066.4291,0.0,0.0,0,0.0,Investigate demand anomaly and increase short-term demand monitoring
598,4,P4 - Routine,P00409,ConnectX Mobile Accessories 00409,Accessories,Trending,7.46,Low,88.0,High,87.0,Very High,Forecast Accuracy,20.0,0,0.2267,1.5014,0.0,11.7434,3.6,0.9642,0.0,12.5,9.5444,0.0,18.3422,0.9958,3604801.9333,71014.5981,2541473.0,1063328.9333,0.0,561.8,0,0.0,Monitor forecast accuracy and review model error drivers
599,4,P4 - Routine,P01632,Arctic Refrigerators 01632,Home Appliances,Volatile,7.46,Low,88.0,High,51.53,Medium,Forecast Accuracy,40.0,0,0.2281,0.6263,0.0,24.4672,3.02,1.7379,0.0,4.1667,12.4954,0.0,19.9829,0.9908,1198830.1608,23976.6032,837171.9,361658.2608,0.0,162.07,0,0.0,Monitor forecast accuracy and review model error drivers
600,4,P4 - Routine,P00642,EverHome Refrigerators 00642,Home Appliances,Seasonal,7.45,Low,88.0,High,70.46,High,Forecast Accuracy,20.0,0,0.0076,0.5781,0.0,12.3323,4.88,3.2476,0.0,14.7917,11.2591,0.0,17.8214,0.9853,2872867.875,56882.7839,2202246.18,670621.695,0.0,969.0,0,0.0,Monitor forecast accuracy and review model error drivers
601,4,P4 - Routine,P00853,Apex Smartphones 00853,Electronics,Seasonal,7.45,Low,88.0,High,73.76,High,Forecast Accuracy,20.0,0,0.1237,0.2168,0.0,18.141,5.05,2.6793,0.0,16.875,11.4625,0.0,18.2765,0.9883,2793640.4601,55034.7171,2326289.0,467351.4601,0.0,107.3,0,0.0,Monitor forecast accuracy and review model error drivers
602,4,P4 - Routine,P01035,Apex Audio 01035,Electronics,Volatile,7.45,Low,88.0,High,70.63,High,Forecast Accuracy,40.0,0,0.1721,0.277,0.0,28.31,3.23,1.3503,0.0,5.2083,13.6252,0.0,19.5088,0.9933,2115947.7152,41895.7648,1296500.48,819447.2352,0.0,1379.25,0,0.0,Monitor forecast accuracy and review model error drivers
603,4,P4 - Routine,P00739,Arctic Air Conditioners 00739,Home Appliances,Seasonal,7.45,Low,88.0,High,34.75,Low,Forecast Accuracy,20.0,0,0.0655,0.6022,0.0,13.8506,4.47,1.04,0.0,16.6667,11.0254,0.0,18.3994,0.9964,427472.9388,8549.4588,221875.94,205596.9988,0.0,0.0,0,0.0,Monitor forecast accuracy and review model error drivers
604,4,P4 - Routine,P01100,Arctic Air Conditioners 01100,Home Appliances,Seasonal,7.43,Low,88.0,High,47.03,Medium,Forecast Accuracy,20.0,0,0.0728,0.4577,0.0,10.4351,4.99,3.2222,0.0,15.625,11.2293,0.0,17.6143,0.9856,1122369.8148,22335.1593,877994.64,244375.1748,0.0,1302.09,0,0.0,Monitor forecast accuracy and review model error drivers
605,4,P4 - Routine,P01999,Apex Audio 01999,Electronics,Seasonal,7.42,Low,88.0,High,63.66,High,Forecast Accuracy,20.0,0,0.008,0.0964,0.0,17.8484,4.88,1.2909,0.0,18.125,11.8492,0.0,18.0329,0.9953,1518822.7848,29920.8089,876304.1,642518.6848,0.0,2026.87,0,0.0,Monitor forecast accuracy and review model error drivers
606,4,P4 - Routine,P01260,DermaX Grooming 01260,Personal Care,Seasonal,7.42,Low,88.0,High,46.14,Medium,Forecast Accuracy,20.0,0,0.0247,0.2737,0.0,10.6591,5.07,3.1541,0.0,17.7083,9.7705,0.0,17.261,0.9863,1052706.2499,20843.5837,861207.21,191499.0399,0.0,8248.25,0,0.0,Monitor forecast accuracy and review model error drivers
607,4,P4 - Routine,P00818,ComfortMax Washing Machines 00818,Home Appliances,Seasonal,7.41,Low,88.0,High,73.88,High,Forecast Accuracy,20.0,0,0.2057,1.3972,0.0,12.5348,4.22,3.4454,0.0,10.2083,11.0569,0.0,17.872,0.9834,3269815.4732,64088.3833,2819546.74,450268.7332,0.0,622.47,0,0.0,Monitor forecast accuracy and review model error drivers
608,4,P4 - Routine,P01259,Zenith Smartphones 01259,Electronics,Trending,7.41,Low,88.0,High,55.24,Medium,Forecast Accuracy,20.0,0,0.1795,1.1804,0.0,18.0187,3.9,1.0175,0.0,13.75,10.1995,0.0,18.0672,0.9967,936695.8048,18452.9074,634642.68,302053.1248,0.0,0.0,0,0.0,Monitor forecast accuracy and review model error drivers
609,4,P4 - Routine,P00588,Zenith Smartphones 00588,Electronics,Seasonal,7.41,Low,88.0,High,20.93,Low,Forecast Accuracy,20.0,0,0.1429,0.5,0.0,19.5772,4.42,0.1714,0.0,16.6667,12.4501,0.0,18.5648,0.9997,140184.1995,2803.684,12802.21,127381.9895,0.0,282.36,0,0.0,Monitor forecast accuracy and review model error drivers
610,4,P4 - Routine,P01645,Apex TVs 01645,Electronics,Trending,7.4,Low,88.0,High,94.89,Very High,Forecast Accuracy,20.0,0,0.1014,0.4818,0.0,19.198,4.57,1.8978,0.0,16.6667,9.9967,0.0,18.3547,0.9906,7726368.0875,149891.5409,6333146.02,1393222.0675,0.0,228.56,0,0.0,Monitor forecast accuracy and review model error drivers
611,4,P4 - Routine,P01393,Apex Laptops 01393,Electronics,Seasonal,7.4,Low,88.0,High,90.64,Very High,Forecast Accuracy,20.0,0,0.1179,0.819,0.0,17.8986,4.46,2.4271,0.0,13.3333,11.5678,0.0,17.1858,0.9894,5473532.4944,106186.5304,4851567.56,621964.9344,0.0,10.0,0,0.0,Monitor forecast accuracy and review model error drivers
612,4,P4 - Routine,P00237,ComfortMax Washing Machines 00237,Home Appliances,Volatile,7.39,Low,88.0,High,38.83,Low,Forecast Accuracy,40.0,0,0.1351,0.8672,0.0,20.288,2.64,0.9945,0.0,3.3333,12.2723,0.0,18.8104,0.9955,424826.23,8411.5594,424826.23,0.0,0.0,268.96,0,0.0,Monitor forecast accuracy and review model error drivers
613,4,P4 - Routine,P00269,Arctic Refrigerators 00269,Home Appliances,Volatile,7.37,Low,88.0,High,69.23,High,Forecast Accuracy,20.0,0,0.3386,1.0238,0.0,19.1612,4.32,2.3524,0.0,11.6667,12.4472,0.0,18.8526,0.9902,2355704.2726,45936.2333,1589367.97,766336.3026,0.0,534.2,0,0.0,Monitor forecast accuracy and review model error drivers
614,4,P4 - Routine,P00278,DermaX Grooming 00278,Personal Care,Trending,7.37,Low,88.0,High,24.03,Low,Forecast Accuracy,20.0,0,0.076,1.4517,0.0,11.2075,3.59,0.8588,0.0,13.9583,8.2584,0.0,17.6957,0.9969,221354.4255,4382.8176,138844.71,82509.7155,0.0,2805.09,0,0.0,Monitor forecast accuracy and review model error drivers
615,4,P4 - Routine,P00147,DermaX Skincare 00147,Personal Care,Seasonal,7.36,Low,88.0,High,3.02,Low,Forecast Accuracy,20.0,0,0.0115,0.5781,0.0,11.1151,4.45,1.2212,0.0,17.5,9.7078,0.0,18.0272,0.9946,24014.2176,477.8829,16163.52,7850.6976,0.0,0.0,0,0.0,Monitor forecast accuracy and review model error drivers
616,4,P4 - Routine,P01577,Zenith TVs 01577,Electronics,Trending,7.35,Low,88.0,High,76.67,High,Forecast Accuracy,20.0,0,0.0961,0.6504,0.0,18.1334,4.21,0.8683,0.0,16.25,10.073,0.0,17.4269,0.9968,2049744.8533,39560.0757,1262789.24,786955.6133,0.0,0.0,0,0.0,Monitor forecast accuracy and review model error drivers
617,4,P4 - Routine,P01126,PureLife Haircare 01126,Personal Care,Trending,7.35,Low,88.0,High,9.16,Low,Forecast Accuracy,20.0,0,0.1006,0.5312,0.0,10.2614,4.57,2.0006,0.0,18.125,8.3482,0.0,16.9997,0.991,85257.45,1688.0975,68344.59,16912.86,0.0,0.0,0,0.0,Monitor forecast accuracy and review model error drivers
618,4,P4 - Routine,P01978,ComfortMax Microwaves 01978,Home Appliances,Seasonal,7.34,Low,88.0,High,92.28,Very High,Forecast Accuracy,20.0,0,0.0715,0.3613,0.0,12.6913,5.1,4.1064,0.0,14.7917,10.9938,0.0,17.8262,0.9809,8793914.4909,168843.1582,7281891.54,1512022.9509,0.0,1119.69,0,0.0,Monitor forecast accuracy and review model error drivers
619,4,P4 - Routine,P01574,UrbanGear Bags 01574,Accessories,Trending,7.34,Low,88.0,High,75.72,High,Forecast Accuracy,20.0,0,0.0362,0.344,0.0,11.9553,4.8,2.7432,0.0,17.0833,9.4454,0.0,17.1474,0.9863,3654095.2768,70524.0388,3034073.52,620021.7568,0.0,0.0,0,0.0,Monitor forecast accuracy and review model error drivers
620,4,P4 - Routine,P01559,CarryPro Mobile Accessories 01559,Accessories,Trending,7.34,Low,88.0,High,38.43,Low,Forecast Accuracy,20.0,0,0.1501,0.4818,0.0,13.0085,4.37,0.872,0.0,17.9167,9.4833,0.0,17.9743,0.9968,471584.4014,9243.0543,335189.81,136394.5914,0.0,0.0,0,0.0,Monitor forecast accuracy and review model error drivers
621,4,P4 - Routine,P01368,ConnectX Chargers 01368,Accessories,Trending,7.33,Low,88.0,High,94.6,Very High,Forecast Accuracy,20.0,0,0.127,0.1579,0.0,12.743,5.03,3.2916,0.0,17.2917,9.6611,0.0,17.107,0.9863,9527072.7792,181967.0901,8455995.45,1071077.3292,0.0,5839.47,0,0.0,Monitor forecast accuracy and review model error drivers
622,4,P4 - Routine,P00986,CarePlus Oral Care 00986,Personal Care,Seasonal,7.32,Low,88.0,High,18.13,Low,Forecast Accuracy,20.0,0,0.0216,0.0131,0.0,11.1438,5.16,2.7879,0.0,18.9583,9.8748,0.0,17.5544,0.9886,211315.347,4141.7808,167643.36,43671.987,0.0,0.0,0,0.0,Monitor forecast accuracy and review model error drivers
623,4,P4 - Routine,P01498,CarePlus Grooming 01498,Personal Care,Seasonal,7.32,Low,88.0,High,5.12,Low,Forecast Accuracy,20.0,0,0.0191,0.4095,0.0,11.137,4.48,0.8129,0.0,18.3333,9.9089,0.0,17.8338,0.9974,33567.1518,664.6296,15768.48,17798.6718,0.0,618.51,0,0.0,Monitor forecast accuracy and review model error drivers
624,4,P4 - Routine,P01693,Arctic Washing Machines 01693,Home Appliances,Volatile,7.31,Low,88.0,High,46.33,Medium,Forecast Accuracy,40.0,0,0.1208,0.6263,0.0,20.2939,2.71,0.7335,0.0,4.1667,12.4526,0.0,19.5618,0.9968,798798.884,15496.6983,302305.9,496492.984,0.0,0.0,0,0.0,Monitor forecast accuracy and review model error drivers
625,4,P4 - Routine,P00316,WriteWell Desk Accessories 00316,Office Supplies,Trending,7.3,Low,88.0,High,78.51,High,Forecast Accuracy,20.0,0,0.1194,0.9917,0.0,10.4766,4.03,1.8392,0.0,14.5833,8.617,0.0,16.8311,0.9926,3047663.5098,58210.373,2354294.67,693368.8398,0.0,0.0,0,0.0,Monitor forecast accuracy and review model error drivers
626,4,P4 - Routine,P01074,Zenith TVs 01074,Electronics,Volatile,7.3,Low,88.0,High,62.19,High,Forecast Accuracy,40.0,0,0.0044,0.3493,0.0,29.3822,3.44,3.2644,0.0,3.3333,13.0514,0.0,19.0208,0.9852,1838805.21,35305.06,1838805.21,0.0,0.0,155.01,0,0.0,Monitor forecast accuracy and review model error drivers
627,4,P4 - Routine,P01322,Zenith Laptops 01322,Electronics,Volatile,7.3,Low,88.0,High,55.69,Medium,Forecast Accuracy,40.0,0,0.0256,0.2529,0.0,23.8972,3.35,2.3435,0.0,4.375,13.29,0.0,19.5134,0.9903,1504157.088,29030.2318,959786.1,544370.988,0.0,338.64,0,0.0,Monitor forecast accuracy and review model error drivers
628,4,P4 - Routine,P00447,UrbanGear Chargers 00447,Accessories,Trending,7.29,Low,88.0,High,69.61,High,Forecast Accuracy,20.0,0,0.0848,0.0618,0.0,11.8047,4.95,2.4124,0.0,18.3333,9.8127,0.0,16.9973,0.9882,2660198.6658,51075.8144,2323125.35,337073.3158,0.0,0.0,0,0.0,Monitor forecast accuracy and review model error drivers
629,4,P4 - Routine,P01065,Arctic Air Conditioners 01065,Home Appliances,Volatile,7.29,Low,88.0,High,41.54,Medium,Forecast Accuracy,20.0,0,0.0615,0.265,0.0,17.4401,4.6,0.7219,0.0,16.6667,12.5612,0.0,18.7487,0.9969,630330.311,12228.408,261306.9,369023.411,0.0,0.0,0,0.0,Monitor forecast accuracy and review model error drivers
630,4,P4 - Routine,P01214,PaperWorks Writing 01214,Office Supplies,Trending,7.29,Low,88.0,High,21.18,Low,Forecast Accuracy,20.0,0,0.1383,0.8592,0.0,10.016,3.92,0.3229,0.0,16.6667,8.8172,0.0,18.2428,0.9995,129809.659,2531.2884,26748.4,103061.259,0.0,0.0,0,0.0,Monitor forecast accuracy and review model error drivers
631,4,P4 - Routine,P00275,DermaX Skincare 00275,Personal Care,Seasonal,7.29,Low,88.0,High,9.15,Low,Forecast Accuracy,20.0,0,0.0502,0.1807,0.0,10.5594,4.95,2.4009,0.0,18.125,10.0677,0.0,17.9931,0.9883,87133.5441,1707.8175,66433.87,20699.674,0.0,3228.16,0,0.0,Monitor forecast accuracy and review model error drivers
632,4,P4 - Routine,P01598,NovaTech Laptops 01598,Electronics,Trending,7.28,Low,88.0,High,97.6,Very High,Forecast Accuracy,20.0,0,0.1081,0.5179,0.0,18.3735,4.74,3.3733,0.0,14.7917,10.044,0.0,16.851,0.9841,13414044.3612,253525.4384,11676883.4,1737160.9612,0.0,318.23,0,0.0,Monitor forecast accuracy and review model error drivers
633,4,P4 - Routine,P00596,Glow Grooming 00596,Personal Care,Seasonal,7.28,Low,88.0,High,43.31,Medium,Forecast Accuracy,20.0,0,0.189,1.3722,0.0,11.684,4.21,3.8242,0.0,10.625,9.7826,0.0,17.8449,0.9809,1031881.9776,19915.3222,853269.36,178612.6176,0.0,2771.83,0,0.0,Monitor forecast accuracy and review model error drivers
634,4,P4 - Routine,P00689,WriteWell Desk Accessories 00689,Office Supplies,Trending,7.28,Low,88.0,High,55.64,Medium,Forecast Accuracy,20.0,0,0.1186,0.8109,0.0,11.999,3.84,0.0,0.0,16.6667,8.9458,0.0,18.3208,1.0,739344.3007,14195.4106,0.0,739344.3007,0.0,0.0,0,0.0,Monitor forecast accuracy and review model error drivers
635,4,P4 - Routine,P00916,ComfortMax Washing Machines 00916,Home Appliances,Volatile,7.27,Low,88.0,High,10.28,Low,Forecast Accuracy,20.0,0,0.037,0.0723,0.0,18.8586,4.87,1.1304,0.0,17.7083,12.4947,0.0,19.328,0.9942,90275.5392,1760.373,47629.14,42646.3992,0.0,282.51,0,0.0,Monitor forecast accuracy and review model error drivers
636,4,P4 - Routine,P00049,Glow Grooming 00049,Personal Care,Seasonal,7.27,Low,88.0,High,6.13,Low,Forecast Accuracy,20.0,0,0.0262,0.2529,0.0,10.7047,4.82,2.1227,0.0,18.125,9.7659,0.0,17.1414,0.9897,55708.0489,1091.8778,42876.61,12831.4389,0.0,2027.78,0,0.0,Monitor forecast accuracy and review model error drivers
637,4,P4 - Routine,P00880,Vertex Smartphones 00880,Electronics,Seasonal,7.23,Low,88.0,High,88.05,Very High,Forecast Accuracy,20.0,0,0.1429,1.1804,0.0,17.9618,3.72,0.8121,0.0,11.6667,11.5243,0.0,17.5241,0.9974,3673880.119,69068.9462,1455916.15,2217963.969,0.0,935.1,0,0.0,Monitor forecast accuracy and review model error drivers
638,4,P4 - Routine,P00936,HomePro Refrigerators 00936,Home Appliances,Seasonal,7.23,Low,88.0,High,77.17,High,Forecast Accuracy,20.0,0,0.2036,1.4935,0.0,12.1177,3.66,1.7602,0.0,9.5833,11.3244,0.0,17.8203,0.9906,2849970.963,53579.4541,2345902.65,504068.313,0.0,1686.65,0,0.0,Monitor forecast accuracy and review model error drivers
639,4,P4 - Routine,P00184,ConnectX Cables 00184,Accessories,Trending,7.23,Low,88.0,High,55.77,Medium,Forecast Accuracy,20.0,0,0.0218,0.1739,0.0,15.3594,4.86,2.6545,0.0,17.7083,9.3892,0.0,17.9203,0.9858,1705284.0634,32400.3972,1510764.22,194519.8434,0.0,5494.21,0,0.0,Monitor forecast accuracy and review model error drivers
640,4,P4 - Routine,P01130,Arctic Microwaves 01130,Home Appliances,Volatile,7.22,Low,88.0,High,84.46,Very High,Forecast Accuracy,40.0,0,0.0575,0.3372,0.0,21.0735,3.04,1.838,0.0,4.1667,12.4261,0.0,20.4161,0.9912,4053411.6375,76204.1388,2761946.1,1291465.5375,0.0,2085.76,0,0.0,Monitor forecast accuracy and review model error drivers
641,4,P4 - Routine,P01326,EverHome Microwaves 01326,Home Appliances,Seasonal,7.22,Low,88.0,High,75.12,High,Forecast Accuracy,20.0,0,0.1483,1.1322,0.0,12.3052,3.97,1.8227,0.0,11.4583,11.3353,0.0,17.6077,0.9927,2480203.9644,46627.8345,1812606.9,667597.0644,0.0,0.0,0,0.0,Monitor forecast accuracy and review model error drivers
642,4,P4 - Routine,P00993,HomePro Washing Machines 00993,Home Appliances,Seasonal,7.22,Low,88.0,High,48.82,Medium,Forecast Accuracy,20.0,0,0.0789,1.5417,0.0,11.1929,4.06,3.6981,0.0,8.3333,11.3256,0.0,18.5488,0.9808,1319428.3671,25069.139,1057982.88,261445.4871,0.0,425.88,0,0.0,Monitor forecast accuracy and review model error drivers
643,4,P4 - Routine,P00060,ComfortMax Air Conditioners 00060,Home Appliances,Volatile,7.22,Low,88.0,High,16.49,Low,Forecast Accuracy,40.0,0,0.0909,0.1686,0.0,28.0271,3.23,1.4613,0.0,5.4167,13.2198,0.0,19.6405,0.9922,161999.332,3126.5871,120445.6,41553.732,0.0,473.6,0,0.0,Monitor forecast accuracy and review model error drivers
644,4,P4 - Routine,P01269,PureLife Skincare 01269,Personal Care,Seasonal,7.22,Low,88.0,High,22.91,Low,Forecast Accuracy,20.0,0,0.1685,1.4815,0.0,10.8269,3.35,0.0,0.0,12.5,9.8013,0.0,18.7894,1.0,137449.2816,2639.0262,0.0,137449.2816,0.0,4266.92,0,0.0,Monitor forecast accuracy and review model error drivers
645,4,P4 - Routine,P00078,Vertex TVs 00078,Electronics,Trending,7.21,Low,88.0,High,99.31,Very High,Forecast Accuracy,20.0,0,0.0638,0.9555,0.0,16.4644,3.99,1.6592,0.0,13.3333,9.9202,0.0,17.971,0.993,13683548.669,254514.0052,10231249.77,3452298.899,0.0,0.0,0,0.0,Monitor forecast accuracy and review model error drivers
646,4,P4 - Routine,P00722,NovaTech Smartphones 00722,Electronics,Trending,7.21,Low,88.0,High,35.15,Low,Forecast Accuracy,20.0,0,0.0639,0.5601,0.0,17.6146,4.32,1.2892,0.0,16.25,9.9644,0.0,17.4028,0.9953,475260.1259,9077.4684,301051.6,174208.5259,0.0,3476.76,0,0.0,Monitor forecast accuracy and review model error drivers
647,4,P4 - Routine,P00090,Glow Grooming 00090,Personal Care,Seasonal,7.21,Low,88.0,High,16.04,Low,Forecast Accuracy,20.0,0,0.0047,0.2579,0.0,10.1899,4.83,2.4867,0.0,17.2917,9.9402,0.0,17.1625,0.9888,179184.736,3440.3469,128263.68,50921.056,0.0,4257.02,0,0.0,Monitor forecast accuracy and review model error drivers
648,4,P4 - Routine,P01426,TechMate Bags 01426,Accessories,Stable,7.2,Low,88.0,High,88.92,Very High,Supplier,20.21,0,0.0492,0.206,0.0,10.8893,4.35,1.1922,0.0,20.2083,6.429,0.0,16.4884,0.9949,3971610.0117,73871.9462,2858318.28,1113291.7317,0.0,56.0,0,0.0,Monitor supplier performance and lead-time stability
649,4,P4 - Routine,P01142,ComfortMax Air Conditioners 01142,Home Appliances,Seasonal,7.2,Low,88.0,High,62.91,High,Forecast Accuracy,20.0,0,0.0531,0.0964,0.0,10.9257,5.2,3.9371,0.0,16.0417,10.7388,0.0,17.5078,0.9798,2302442.3968,43285.9171,2033818.8,268623.5968,0.0,0.0,0,0.0,Monitor forecast accuracy and review model error drivers
650,4,P4 - Routine,P00341,Glow Grooming 00341,Personal Care,Trending,7.2,Low,88.0,High,13.24,Low,Forecast Accuracy,20.0,0,0.1443,0.9395,0.0,11.6087,4.4,3.4465,0.0,14.1667,8.264,0.0,17.8788,0.9833,155293.1264,2981.628,136748.8,18544.3264,0.0,0.0,0,0.0,Monitor forecast accuracy and review model error drivers
651,4,P4 - Routine,P01211,HomePro Washing Machines 01211,Home Appliances,Seasonal,7.17,Low,88.0,High,76.23,High,Forecast Accuracy,20.0,0,0.0125,0.2288,0.0,11.8842,4.65,1.8346,0.0,16.25,11.0935,0.0,17.4475,0.9926,2610252.918,48550.7043,1923061.14,687191.778,0.0,1731.72,0,0.0,Monitor forecast accuracy and review model error drivers
652,4,P4 - Routine,P01401,NovaTech Audio 01401,Electronics,Stable,7.17,Low,88.0,High,71.04,High,Forecast Accuracy,20.0,0,0.0387,0.5781,0.0,14.974,4.13,1.0664,0.0,16.6667,8.7022,0.0,16.582,0.9962,1738235.8987,32505.0113,1096434.24,641801.6587,0.0,0.0,0,0.0,Monitor forecast accuracy and review model error drivers
653,4,P4 - Routine,P00482,OfficePro Storage 00482,Office Supplies,Trending,7.17,Low,88.0,High,33.76,Low,Forecast Accuracy,20.0,0,0.2201,1.4463,0.0,12.4812,3.46,1.0027,0.0,12.5,8.5705,0.0,18.1746,0.9955,435663.8784,8277.6137,294442.56,141221.3184,0.0,5968.62,0,0.0,Monitor forecast accuracy and review model error drivers
654,4,P4 - Routine,P00045,ComfortMax Air Conditioners 00045,Home Appliances,Seasonal,7.16,Low,88.0,High,76.3,High,Forecast Accuracy,20.0,0,0.1697,0.8913,0.0,13.05,4.14,1.979,0.0,12.5,11.121,0.0,18.4082,0.9884,3062228.3024,56957.4464,2404445.28,657783.0224,0.0,1546.97,0,0.0,Monitor forecast accuracy and review model error drivers
655,4,P4 - Routine,P01636,Apex Smartphones 01636,Electronics,Seasonal,7.15,Low,88.0,High,49.77,Medium,Forecast Accuracy,40.0,0,0.123,0.4336,0.0,20.0421,2.95,1.9587,0.0,4.1667,11.5507,0.0,18.6015,0.99,1087869.1992,20451.9409,858375.28,229493.9192,0.0,168.59,0,0.0,Monitor forecast accuracy and review model error drivers
656,4,P4 - Routine,P00085,HomePro Refrigerators 00085,Home Appliances,Volatile,7.15,Low,88.0,High,39.05,Low,Forecast Accuracy,40.0,0,0.0118,0.0241,0.0,20.6378,3.45,2.4098,0.0,5.2083,12.9427,0.0,19.5494,0.9882,720014.736,13536.277,586146.45,133868.286,0.0,237.68,0,0.0,Monitor forecast accuracy and review model error drivers
657,4,P4 - Routine,P01883,Glow Grooming 01883,Personal Care,Seasonal,7.15,Low,88.0,High,17.06,Low,Forecast Accuracy,20.0,0,0.1259,1.4721,0.0,10.442,3.85,2.7075,0.0,10.4167,9.8039,0.0,17.808,0.9866,197268.9112,3748.1093,165220.96,32047.9512,0.0,0.0,0,0.0,Monitor forecast accuracy and review model error drivers
658,4,P4 - Routine,P00427,Arctic Air Conditioners 00427,Home Appliances,Seasonal,7.14,Low,88.0,High,91.31,Very High,Forecast Accuracy,20.0,0,0.0336,0.8672,0.0,11.5043,4.03,1.5409,0.0,12.7083,11.0734,0.0,18.1241,0.9914,5808112.4232,106869.2686,4118607.18,1689505.2432,0.0,1319.42,0,0.0,Monitor forecast accuracy and review model error drivers
659,4,P4 - Routine,P01473,ConnectX Mobile Accessories 01473,Accessories,Stable,7.14,Low,88.0,High,83.0,Very High,Forecast Accuracy,20.0,0,0.0429,0.7247,0.0,10.302,4.01,1.712,0.0,16.875,6.4015,0.0,17.2488,0.9925,3289335.397,60852.7048,2604163.9,685171.497,0.0,183.06,0,0.0,Monitor forecast accuracy and review model error drivers
660,4,P4 - Routine,P01053,CarryPro Mobile Accessories 01053,Accessories,Stable,7.14,Low,88.0,High,69.53,High,Supplier,20.83,0,0.0721,0.2257,0.0,10.0155,4.08,0.0,0.0,20.8333,6.392,0.0,17.7245,1.0,1036411.6606,19277.2569,0.0,1036411.6606,0.0,11091.01,0,0.0,Monitor supplier performance and lead-time stability
661,4,P4 - Routine,P01414,Vertex Smartphones 01414,Electronics,Volatile,7.14,Low,88.0,High,39.84,Low,Forecast Accuracy,40.0,0,0.1515,0.3011,0.0,28.9682,2.96,1.1188,0.0,4.1667,13.3532,0.0,19.9282,0.9943,633659.5575,11912.7997,362313.0,271346.5575,0.0,155.11,0,0.0,Monitor forecast accuracy and review model error drivers
662,4,P4 - Routine,P00433,PureLife Oral Care 00433,Personal Care,Seasonal,7.14,Low,88.0,High,12.88,Low,Forecast Accuracy,20.0,0,0.1093,1.0503,0.0,10.63,3.82,0.906,0.0,13.9583,9.7032,0.0,17.8612,0.9964,92229.8283,1752.3667,57380.3,34849.5283,0.0,0.0,0,0.0,Monitor forecast accuracy and review model error drivers
663,4,P4 - Routine,P00233,DermaX Grooming 00233,Personal Care,Seasonal,7.14,Low,88.0,High,4.82,Low,Forecast Accuracy,20.0,0,0.1344,1.084,0.0,10.9702,4.17,2.7296,0.0,12.5,9.8668,0.0,18.4299,0.9864,44315.775,841.9997,33552.75,10763.025,0.0,0.0,0,0.0,Monitor forecast accuracy and review model error drivers
664,4,P4 - Routine,P01810,Apex Laptops 01810,Electronics,Trending,7.13,Low,88.0,High,76.89,High,Forecast Accuracy,20.0,0,0.0895,0.2168,0.0,16.5644,4.47,1.2905,0.0,17.2917,9.9076,0.0,17.3541,0.9953,2462984.3743,45565.2109,1550409.82,912574.5543,0.0,98.86,0,0.0,Monitor forecast accuracy and review model error drivers
665,4,P4 - Routine,P01849,CarryPro Chargers 01849,Accessories,Volatile,7.13,Low,88.0,High,36.29,Low,Forecast Accuracy,40.0,0,0.0206,0.1807,0.0,23.7333,2.9,0.7346,0.0,6.6667,11.1978,0.0,19.0119,0.9968,439229.192,8257.5088,254295.2,184933.992,0.0,2676.1,0,0.0,Monitor forecast accuracy and review model error drivers
666,4,P4 - Routine,P01754,Zenith Laptops 01754,Electronics,Volatile,7.13,Low,88.0,High,18.5,Low,Forecast Accuracy,40.0,0,0.0467,0.1204,0.0,27.9484,3.03,0.4622,0.0,5.4167,13.8294,0.0,19.6286,0.9981,133103.5642,2515.6574,54476.22,78627.3442,0.0,381.56,0,0.0,Monitor forecast accuracy and review model error drivers
667,4,P4 - Routine,P00315,TechMate Bags 00315,Accessories,Volatile,7.11,Low,88.0,High,84.86,Very High,Forecast Accuracy,40.0,0,0.2115,0.3112,0.0,24.5475,2.71,0.6418,0.0,4.7917,11.9976,0.0,19.6107,0.9977,3503533.936,64114.671,982556.8,2520977.136,0.0,0.0,0,0.0,Monitor forecast accuracy and review model error drivers
668,4,P4 - Routine,P01908,HomePro Washing Machines 01908,Home Appliances,Seasonal,7.1,Low,88.0,High,83.35,Very High,Forecast Accuracy,20.0,0,0.0228,0.1204,0.0,12.4731,5.0,3.3974,0.0,15.2083,11.3094,0.0,17.8015,0.9825,4932101.2848,90257.4535,4478401.54,453699.7448,0.0,598.58,0,0.0,Monitor forecast accuracy and review model error drivers
669,4,P4 - Routine,P01737,Arctic Air Conditioners 01737,Home Appliances,Volatile,7.1,Low,88.0,High,80.41,Very High,Forecast Accuracy,40.0,0,0.1617,0.3854,0.0,21.0985,2.57,0.1427,0.0,4.375,12.4549,0.0,19.4534,0.9999,2309852.7012,42270.3044,24879.93,2284972.7712,0.0,0.0,0,0.0,Monitor forecast accuracy and review model error drivers
670,4,P4 - Routine,P00538,Apex TVs 00538,Electronics,Seasonal,7.09,Low,88.0,High,68.9,High,Forecast Accuracy,20.0,0,0.0633,0.2409,0.0,18.8995,4.68,2.2661,0.0,15.4167,11.2294,0.0,17.572,0.9897,2300689.5396,42332.6875,1709873.63,590815.9096,0.0,542.68,0,0.0,Monitor forecast accuracy and review model error drivers
671,4,P4 - Routine,P00822,NovaTech Smartphones 00822,Electronics,Stable,7.09,Low,88.0,High,75.32,High,Forecast Accuracy,20.0,0,0.0604,0.4336,0.0,15.1374,4.11,0.7926,0.0,17.2917,8.4929,0.0,17.3779,0.9962,1987473.7142,36370.769,1227131.52,760342.1942,0.0,104.16,0,0.0,Monitor forecast accuracy and review model error drivers
672,4,P4 - Routine,P00753,CarePlus Skincare 00753,Personal Care,Trending,7.09,Low,88.0,High,16.46,Low,Forecast Accuracy,20.0,0,0.2269,1.9134,0.0,11.0298,3.03,0.899,0.0,9.7917,8.6248,0.0,17.9015,0.9965,150150.528,2822.8299,77356.8,72793.728,0.0,0.0,0,0.0,Monitor forecast accuracy and review model error drivers
673,4,P4 - Routine,P00348,NovaTech Audio 00348,Electronics,Seasonal,7.08,Low,88.0,High,91.85,Very High,Forecast Accuracy,20.0,0,0.0509,0.2168,0.0,19.2682,4.91,3.4479,0.0,14.1667,11.6933,0.0,17.9325,0.982,7843471.424,142751.1799,6656601.6,1186869.824,0.0,432.6,0,0.0,Monitor forecast accuracy and review model error drivers
674,4,P4 - Routine,P00321,CarePlus Skincare 00321,Personal Care,Seasonal,7.08,Low,88.0,High,6.78,Low,Forecast Accuracy,20.0,0,0.0733,0.5741,0.0,11.0687,4.61,3.1402,0.0,14.5833,9.897,0.0,17.8783,0.9864,63829.7881,1200.0,49484.95,14344.8381,0.0,3523.6,0,0.0,Monitor forecast accuracy and review model error drivers
675,4,P4 - Routine,P00299,PureLife Oral Care 00299,Personal Care,Seasonal,7.07,Low,88.0,High,39.52,Low,Forecast Accuracy,20.0,0,0.032,0.2365,0.0,11.6549,4.95,3.8097,0.0,15.8333,9.551,0.0,16.6977,0.9811,875064.0188,16188.6843,686201.2,188862.8188,0.0,14046.11,0,0.0,Monitor forecast accuracy and review model error drivers
676,4,P4 - Routine,P00104,CarePlus Haircare 00104,Personal Care,Trending,7.07,Low,88.0,High,1.63,Low,Forecast Accuracy,20.0,0,0.1744,1.5618,0.0,11.2989,3.13,0.0,0.0,12.5,8.3701,0.0,18.0649,1.0,6807.924,127.989,0.0,6807.924,0.0,5722.71,0,0.0,Monitor forecast accuracy and review model error drivers
677,4,P4 - Routine,P00331,Arctic Air Conditioners 00331,Home Appliances,Seasonal,7.06,Low,88.0,High,98.7,Very High,Forecast Accuracy,20.0,0,0.024,0.3694,0.0,11.3531,4.79,3.6271,0.0,13.3333,11.3373,0.0,17.217,0.9829,15626742.2428,281281.3604,13523280.29,2103461.9528,0.0,1305.15,0,0.0,Monitor forecast accuracy and review model error drivers
678,4,P4 - Routine,P01791,Apex Smartphones 01791,Electronics,Seasonal,7.06,Low,88.0,High,97.49,Very High,Forecast Accuracy,20.0,0,0.1286,0.4697,0.0,18.3081,4.68,3.4366,0.0,12.5,11.8192,0.0,18.3996,0.9821,13361699.9789,240510.5996,11355552.39,2006147.5889,0.0,1722.62,0,0.0,Monitor forecast accuracy and review model error drivers
679,4,P4 - Routine,P00546,HomePro Air Conditioners 00546,Home Appliances,Volatile,7.06,Low,88.0,High,63.93,High,Forecast Accuracy,20.0,0,0.0667,0.0422,0.0,19.4045,5.0,2.9282,0.0,15.0,12.4856,0.0,18.908,0.9872,2121340.3237,38820.5279,1535503.2,585837.1237,0.0,0.0,0,0.0,Monitor forecast accuracy and review model error drivers
680,4,P4 - Routine,P00508,UrbanGear Chargers 00508,Accessories,Volatile,7.06,Low,88.0,High,72.23,High,Forecast Accuracy,40.0,0,0.122,0.4478,0.0,21.6968,2.56,0.5913,0.0,4.375,11.5329,0.0,19.3239,0.9968,1960202.3145,35675.6821,915803.25,1044399.0645,0.0,6365.29,0,0.0,Monitor forecast accuracy and review model error drivers
681,4,P4 - Routine,P00329,HomePro Air Conditioners 00329,Home Appliances,Volatile,7.04,Low,88.0,High,86.12,Very High,Forecast Accuracy,20.0,0,0.0934,0.0589,0.0,19.8747,4.87,2.6461,0.0,15.0,12.1815,0.0,19.0549,0.9872,5360500.1945,96489.0035,3878814.32,1481685.8745,0.0,2210.71,0,0.0,Monitor forecast accuracy and review model error drivers
682,4,P4 - Routine,P01257,Vertex Laptops 01257,Electronics,Volatile,7.04,Low,88.0,High,72.36,High,Forecast Accuracy,40.0,0,0.0633,0.0578,0.0,28.5716,3.18,1.8306,0.0,4.1667,13.3726,0.0,20.119,0.9913,2504622.4669,45584.1289,1709202.4,795420.0669,0.0,2056.7,0,0.0,Monitor forecast accuracy and review model error drivers
683,4,P4 - Routine,P01239,ConnectX Mobile Accessories 01239,Accessories,Trending,7.04,Low,88.0,High,64.65,High,Forecast Accuracy,20.0,0,0.1908,0.9199,0.0,13.0577,3.76,0.9062,0.0,13.5417,9.7216,0.0,17.1633,0.9964,1361667.6432,24782.3511,1057264.5,304403.1432,0.0,0.0,0,0.0,Monitor forecast accuracy and review model error drivers
684,4,P4 - Routine,P01640,CarryPro Mobile Accessories 01640,Accessories,Volatile,7.04,Low,88.0,High,58.62,Medium,Forecast Accuracy,20.0,0,0.0406,0.129,0.0,19.4552,4.4,0.4174,0.0,16.6667,11.8107,0.0,19.9221,0.9986,1121012.6863,20402.4309,294590.44,826422.2463,0.0,2083.94,0,0.0,Monitor forecast accuracy and review model error drivers
685,4,P4 - Routine,P00701,CarePlus Haircare 00701,Personal Care,Seasonal,7.04,Low,88.0,High,13.11,Low,Forecast Accuracy,20.0,0,0.037,0.1883,0.0,10.4629,4.46,1.0628,0.0,17.9167,9.7133,0.0,17.843,0.9962,95357.6316,1773.6519,59306.94,36050.6916,0.0,10.0,0,0.0,Monitor forecast accuracy and review model error drivers
686,4,P4 - Routine,P00672,ConnectX Bags 00672,Accessories,Trending,7.03,Low,88.0,High,76.85,High,Forecast Accuracy,20.0,0,0.0795,0.892,0.0,12.587,4.06,2.421,0.0,12.7083,9.5212,0.0,17.2921,0.9895,3486160.3212,63099.5018,2687530.68,798629.6412,0.0,4918.27,0,0.0,Monitor forecast accuracy and review model error drivers
687,4,P4 - Routine,P00766,PureLife Skincare 00766,Personal Care,Trending,7.03,Low,88.0,High,32.93,Low,Forecast Accuracy,20.0,0,0.1702,1.2548,0.0,12.0472,3.47,0.8735,0.0,13.125,8.2938,0.0,17.103,0.9967,399692.65,7354.3448,215544.56,184148.09,0.0,20721.34,0,0.0,Monitor forecast accuracy and review model error drivers
688,4,P4 - Routine,P00743,PaperWorks Storage 00743,Office Supplies,Trending,7.02,Low,88.0,High,54.51,Medium,Forecast Accuracy,20.0,0,0.0701,0.2837,0.0,10.0905,4.42,1.8086,0.0,17.0833,8.7475,0.0,18.0889,0.9929,1281758.244,23328.0,928817.76,352940.484,0.0,26283.27,0,0.0,Monitor forecast accuracy and review model error drivers
689,4,P4 - Routine,P00458,CarePlus Skincare 00458,Personal Care,Seasonal,7.02,Low,88.0,High,11.72,Low,Forecast Accuracy,20.0,0,0.0158,0.6819,0.0,10.3348,4.09,1.2017,0.0,15.0,9.8933,0.0,17.6194,0.9962,82027.9392,1517.5169,55904.13,26123.8092,0.0,191.9,0,0.0,Monitor forecast accuracy and review model error drivers
690,4,P4 - Routine,P00550,OfficePro Storage 00550,Office Supplies,Trending,7.01,Low,88.0,High,42.02,Medium,Forecast Accuracy,20.0,0,0.1924,1.1945,0.0,11.2386,3.63,1.4794,0.0,12.5,8.7231,0.0,18.3798,0.9934,743337.5074,13528.7426,536503.77,206833.7374,0.0,1342.85,0,0.0,Monitor forecast accuracy and review model error drivers
691,4,P4 - Routine,P01542,Vertex Laptops 01542,Electronics,Trending,7.01,Low,88.0,High,38.65,Low,Forecast Accuracy,20.0,0,0.1938,1.2044,0.0,17.4413,3.42,0.2284,0.0,12.5,9.8287,0.0,18.6536,0.9991,391624.3044,7166.7248,109341.36,282282.9444,0.0,125.01,0,0.0,Monitor forecast accuracy and review model error drivers
692,4,P4 - Routine,P00340,Vertex TVs 00340,Electronics,Seasonal,7.0,Low,88.0,High,66.76,High,Forecast Accuracy,20.0,0,0.1042,0.8913,0.0,18.3217,4.33,3.4171,0.0,10.4167,11.6407,0.0,17.9943,0.9823,2588763.959,46597.7513,2101453.85,487310.109,0.0,1787.87,0,0.0,Monitor forecast accuracy and review model error drivers
693,4,P4 - Routine,P00489,CarryPro Chargers 00489,Accessories,Trending,7.0,Low,88.0,High,38.66,Low,Forecast Accuracy,20.0,0,0.1936,0.9957,0.0,13.2913,3.86,1.5892,0.0,12.5,10.0381,0.0,18.5789,0.9923,689766.2116,12553.7451,507301.69,182464.5216,0.0,0.0,0,0.0,Monitor forecast accuracy and review model error drivers
694,4,P4 - Routine,P00586,Apex Smartphones 00586,Electronics,Seasonal,6.99,Low,88.0,High,71.33,High,Forecast Accuracy,40.0,0,0.134,0.3613,0.0,20.3359,2.64,0.9718,0.0,4.1667,11.5216,0.0,18.6872,0.9971,1704297.5586,30677.3561,882352.38,821945.1786,0.0,717.36,0,0.0,Monitor forecast accuracy and review model error drivers
695,4,P4 - Routine,P01579,PureLife Grooming 01579,Personal Care,Trending,6.99,Low,88.0,High,32.42,Low,Forecast Accuracy,20.0,0,0.0594,0.9567,0.0,11.1456,3.97,2.2698,0.0,13.5417,8.3615,0.0,17.7833,0.9896,524114.6732,9538.8871,432096.48,92018.1932,0.0,0.0,0,0.0,Monitor forecast accuracy and review model error drivers
696,4,P4 - Routine,P00261,Glow Oral Care 00261,Personal Care,Seasonal,6.99,Low,88.0,High,20.91,Low,Forecast Accuracy,20.0,0,0.0878,0.8603,0.0,10.6177,4.07,2.0295,0.0,13.125,9.9385,0.0,18.0794,0.9893,253055.495,4630.9156,203523.46,49532.035,0.0,0.0,0,0.0,Monitor forecast accuracy and review model error drivers
697,4,P4 - Routine,P00953,Vertex Smartphones 00953,Electronics,Trending,6.98,Low,88.0,High,96.59,Very High,Forecast Accuracy,20.0,0,0.0169,0.1124,0.0,15.9559,4.45,1.5047,0.0,16.875,9.7729,0.0,17.3043,0.9932,8370353.9253,148992.2999,5750374.0,2619979.9253,0.0,641.02,0,0.0,Monitor forecast accuracy and review model error drivers
698,4,P4 - Routine,P01157,Zenith Smartphones 01157,Electronics,Trending,6.98,Low,88.0,High,85.9,Very High,Forecast Accuracy,20.0,0,0.1583,0.7227,0.0,17.6801,4.02,1.7284,0.0,13.3333,10.0351,0.0,17.2945,0.9923,4105336.665,73074.9926,3148724.25,956612.415,0.0,0.0,0,0.0,Monitor forecast accuracy and review model error drivers
699,4,P4 - Routine,P01996,DeskMate Storage 01996,Office Supplies,Trending,6.98,Low,88.0,High,64.9,High,Forecast Accuracy,20.0,0,0.1625,0.8952,0.0,11.7344,3.89,1.9271,0.0,13.5417,8.5592,0.0,17.9561,0.9917,1977092.9904,35587.6738,1459353.22,517739.7704,0.0,0.0,0,0.0,Monitor forecast accuracy and review model error drivers
700,4,P4 - Routine,P01435,Zenith TVs 01435,Electronics,Trending,6.98,Low,88.0,High,55.72,Medium,Forecast Accuracy,20.0,0,0.0051,0.0241,0.0,17.9848,4.61,1.6367,0.0,17.5,9.9544,0.0,17.9852,0.9932,1250455.318,22508.1957,929811.3,320644.018,0.0,0.0,0,0.0,Monitor forecast accuracy and review model error drivers
701,4,P4 - Routine,P01938,TechMate Mobile Accessories 01938,Accessories,Trending,6.97,Low,88.0,High,87.43,Very High,Forecast Accuracy,20.0,0,0.0541,0.1992,0.0,13.2718,4.11,0.1802,0.0,17.2917,9.7786,0.0,17.9107,0.9996,2971292.7314,52889.0106,458402.4,2512890.3314,0.0,4340.05,0,0.0,Monitor forecast accuracy and review model error drivers
702,4,P4 - Routine,P00016,Zenith Laptops 00016,Electronics,Trending,6.97,Low,88.0,High,41.99,Medium,Forecast Accuracy,20.0,0,0.0576,0.0482,0.0,18.656,4.41,0.6577,0.0,17.9167,10.1601,0.0,17.8732,0.9975,560921.0112,10152.6703,289586.88,271334.1312,0.0,2.0,0,0.0,Monitor forecast accuracy and review model error drivers
703,4,P4 - Routine,P00477,Zenith TVs 00477,Electronics,Seasonal,6.96,Low,88.0,High,72.71,High,Forecast Accuracy,20.0,0,0.0652,0.2891,0.0,19.1566,4.53,2.1151,0.0,14.1667,11.7751,0.0,17.966,0.9898,2578632.9635,45899.6668,1962227.16,616405.8035,0.0,607.82,0,0.0,Monitor forecast accuracy and review model error drivers
704,4,P4 - Routine,P00118,Apex TVs 00118,Electronics,Seasonal,6.95,Low,88.0,High,90.34,Very High,Forecast Accuracy,20.0,0,0.0467,0.0843,0.0,18.2602,4.96,3.6952,0.0,14.1667,11.489,0.0,16.9734,0.9836,7129825.3932,126197.9095,5718468.84,1411356.5532,0.0,1057.05,0,0.0,Monitor forecast accuracy and review model error drivers
705,4,P4 - Routine,P00659,PureLife Oral Care 00659,Personal Care,Trending,6.95,Low,88.0,High,23.4,Low,Forecast Accuracy,20.0,0,0.0939,0.608,0.0,12.1432,3.99,1.0923,0.0,16.0417,8.3943,0.0,17.3996,0.9946,257201.2998,4681.0637,183118.91,74082.3898,0.0,1427.34,0,0.0,Monitor forecast accuracy and review model error drivers
706,4,P4 - Routine,P00012,CarryPro Cables 00012,Accessories,Trending,6.94,Low,88.0,High,98.27,Very High,Forecast Accuracy,20.0,0,0.0213,0.2063,0.0,11.2123,4.33,1.4732,0.0,16.25,9.664,0.0,17.4246,0.9935,10262918.8068,180627.371,7792800.18,2470118.6268,0.0,0.0,0,0.0,Monitor forecast accuracy and review model error drivers
707,4,P4 - Routine,P01786,UrbanGear Mobile Accessories 01786,Accessories,Trending,6.94,Low,88.0,High,48.34,Medium,Forecast Accuracy,20.0,0,0.0642,0.0592,0.0,12.8125,4.47,1.3186,0.0,17.7083,9.4541,0.0,17.9513,0.995,904729.937,16194.6659,613307.84,291422.097,0.0,0.0,0,0.0,Monitor forecast accuracy and review model error drivers
708,4,P4 - Routine,P00644,EverHome Refrigerators 00644,Home Appliances,Seasonal,6.93,Low,88.0,High,95.06,Very High,Forecast Accuracy,20.0,0,0.0701,0.3252,0.0,12.1398,4.41,2.1618,0.0,14.1667,10.9113,0.0,17.8072,0.9907,8230612.6336,144858.7824,5373007.36,2857605.2736,0.0,2207.52,0,0.0,Monitor forecast accuracy and review model error drivers
709,4,P4 - Routine,P00121,CarryPro Mobile Accessories 00121,Accessories,Trending,6.93,Low,88.0,High,61.94,High,Forecast Accuracy,20.0,0,0.0126,0.5768,0.0,11.979,4.21,2.2066,0.0,14.375,9.2737,0.0,16.949,0.9903,1871976.9488,33321.1897,1538277.46,333699.4888,0.0,9153.92,0,0.0,Monitor forecast accuracy and review model error drivers
710,4,P4 - Routine,P00634,PureLife Skincare 00634,Personal Care,Seasonal,6.93,Low,88.0,High,28.96,Low,Forecast Accuracy,20.0,0,0.0067,0.4376,0.0,10.7079,4.26,1.5289,0.0,15.4167,9.899,0.0,17.6415,0.9929,377129.3595,6788.3285,251975.8,125153.5595,0.0,329.36,0,0.0,Monitor forecast accuracy and review model error drivers
711,4,P4 - Routine,P01048,Zenith Audio 01048,Electronics,Trending,6.92,Low,88.0,High,76.09,High,Forecast Accuracy,40.0,0,0.0063,0.3734,0.0,20.4516,2.46,0.673,0.0,5.2083,9.8274,0.0,18.0041,0.9974,1810534.539,32046.4613,1244491.59,566042.949,0.0,982.11,0,0.0,Monitor forecast accuracy and review model error drivers
712,4,P4 - Routine,P00855,Zenith Laptops 00855,Electronics,Trending,6.92,Low,88.0,High,49.3,Medium,Forecast Accuracy,20.0,0,0.0256,0.1686,0.0,15.9705,4.27,0.7403,0.0,17.0833,9.8965,0.0,18.1301,0.9967,772529.6982,13751.0286,478144.7,294384.9982,0.0,735.81,0,0.0,Monitor forecast accuracy and review model error drivers
713,4,P4 - Routine,P00285,Glow Oral Care 00285,Personal Care,Trending,6.92,Low,88.0,High,28.94,Low,Forecast Accuracy,20.0,0,0.09,1.1846,0.0,10.3961,3.44,0.8252,0.0,12.9167,8.3789,0.0,18.1072,0.9959,337304.9064,6071.4883,219229.92,118074.9864,0.0,1331.0,0,0.0,Monitor forecast accuracy and review model error drivers
714,4,P4 - Routine,P00077,WriteWell Storage 00077,Office Supplies,Trending,6.92,Low,88.0,High,27.86,Low,Forecast Accuracy,20.0,0,0.147,1.4737,0.0,11.2087,3.18,0.6144,0.0,11.25,8.7542,0.0,17.5612,0.998,245807.7532,4424.5396,136789.35,109018.4032,0.0,3479.31,0,0.0,Monitor forecast accuracy and review model error drivers
715,4,P4 - Routine,P00225,EverHome Microwaves 00225,Home Appliances,Seasonal,6.91,Low,88.0,High,73.74,High,Forecast Accuracy,20.0,0,0.012,0.0723,0.0,11.9376,4.65,2.1334,0.0,15.4167,11.3025,0.0,17.7862,0.9896,2721397.4764,48168.7353,2089053.41,632344.0664,0.0,713.07,0,0.0,Monitor forecast accuracy and review model error drivers
716,4,P4 - Routine,P00404,CarryPro Cables 00404,Accessories,Trending,6.91,Low,88.0,High,63.94,High,Forecast Accuracy,20.0,0,0.0621,0.1557,0.0,11.5208,4.68,3.0049,0.0,16.0417,9.1308,0.0,17.4954,0.9864,2250309.4218,39830.4768,1949235.84,301073.5818,0.0,1873.58,0,0.0,Monitor forecast accuracy and review model error drivers
717,4,P4 - Routine,P01095,Vertex Audio 01095,Electronics,Seasonal,6.91,Low,88.0,High,52.68,Medium,Forecast Accuracy,20.0,0,0.0957,0.1445,0.0,18.5404,4.74,2.6461,0.0,14.5833,11.694,0.0,17.8719,0.9872,1365417.9427,24304.4394,1066997.4,298420.5427,0.0,0.0,0,0.0,Monitor forecast accuracy and review model error drivers
718,4,P4 - Routine,P01714,DermaX Skincare 01714,Personal Care,Trending,6.91,Low,88.0,High,7.15,Low,Forecast Accuracy,20.0,0,0.0012,0.3493,0.0,10.3174,4.26,1.4939,0.0,17.2917,8.1508,0.0,17.1243,0.9933,60727.26,1099.1634,47372.0,13355.26,0.0,0.0,0,0.0,Monitor forecast accuracy and review model error drivers
719,4,P4 - Routine,P00584,Arctic Microwaves 00584,Home Appliances,Seasonal,6.9,Low,88.0,High,91.04,Very High,Forecast Accuracy,20.0,0,0.1804,1.903,0.0,12.2299,3.05,1.6996,0.0,5.8333,11.0843,0.0,17.779,0.9926,5579414.7383,97639.7579,3613346.36,1966068.3783,0.0,989.51,0,0.0,Monitor forecast accuracy and review model error drivers
720,4,P4 - Routine,P00298,Apex Laptops 00298,Electronics,Seasonal,6.89,Low,88.0,High,68.12,High,Forecast Accuracy,20.0,0,0.0145,0.2891,0.0,17.988,4.56,2.5812,0.0,13.75,11.4569,0.0,17.1156,0.9879,2408105.42,42382.6554,1806003.5,602101.92,0.0,1377.75,0,0.0,Monitor forecast accuracy and review model error drivers
721,4,P4 - Routine,P00619,CarryPro Cables 00619,Accessories,Trending,6.89,Low,88.0,High,45.97,Medium,Forecast Accuracy,20.0,0,0.045,1.0238,0.0,13.6094,3.85,2.2179,0.0,11.6667,9.5807,0.0,17.5152,0.9902,997927.4744,17763.109,820723.16,177204.3144,0.0,3060.97,0,0.0,Monitor forecast accuracy and review model error drivers
722,4,P4 - Routine,P01609,NovaTech Smartphones 01609,Electronics,Trending,6.89,Low,88.0,High,54.9,Medium,Forecast Accuracy,20.0,0,0.0753,0.277,0.0,17.6185,4.01,0.0,0.0,16.6667,10.0879,0.0,19.0014,1.0,569877.19,10086.8263,0.0,569877.19,0.0,0.0,0,0.0,Monitor forecast accuracy and review model error drivers
723,4,P4 - Routine,P01621,DermaX Oral Care 01621,Personal Care,Trending,6.89,Low,88.0,High,11.06,Low,Forecast Accuracy,20.0,0,0.0999,0.5878,0.0,10.6908,4.03,1.3436,0.0,15.8333,8.3134,0.0,17.3289,0.9948,89148.5808,1604.6745,62174.8,26973.7808,0.0,0.0,0,0.0,Monitor forecast accuracy and review model error drivers
724,4,P4 - Routine,P01333,Vertex Audio 01333,Electronics,Seasonal,6.88,Low,88.0,High,52.02,Medium,Forecast Accuracy,20.0,0,0.0467,0.1786,0.0,17.6275,4.69,2.6852,0.0,14.1667,11.7566,0.0,17.9841,0.9882,1255773.168,22227.1851,992812.12,262961.048,0.0,158.08,0,0.0,Monitor forecast accuracy and review model error drivers
725,4,P4 - Routine,P01753,Zenith TVs 01753,Electronics,Stable,6.88,Low,88.0,High,26.31,Low,Forecast Accuracy,20.0,0,0.0303,0.25,0.0,16.1845,4.08,0.3976,0.0,17.9167,8.5066,0.0,16.9391,0.9988,188933.5052,3363.0164,71701.52,117231.9852,0.0,61.85,0,0.0,Monitor forecast accuracy and review model error drivers
726,4,P4 - Routine,P01939,PureLife Skincare 01939,Personal Care,Seasonal,6.88,Low,88.0,High,4.11,Low,Forecast Accuracy,20.0,0,0.0894,0.8458,0.0,11.435,3.83,1.0555,0.0,13.3333,10.0798,0.0,17.1701,0.9963,29866.5465,537.5978,14449.98,15416.5665,0.0,5457.35,0,0.0,Monitor forecast accuracy and review model error drivers
727,4,P4 - Routine,P01627,Apex TVs 01627,Electronics,Volatile,6.87,Low,88.0,High,64.42,High,Forecast Accuracy,40.0,0,0.0244,0.0964,0.0,25.1783,2.72,0.2102,0.0,4.1667,13.5158,0.0,19.5942,0.9993,1347642.01,23718.4994,159889.73,1187752.28,0.0,2318.52,0,0.0,Monitor forecast accuracy and review model error drivers
728,4,P4 - Routine,P01342,DermaX Grooming 01342,Personal Care,Trending,6.87,Low,88.0,High,42.09,Medium,Forecast Accuracy,20.0,0,0.0683,0.2725,0.0,10.9735,4.4,2.2678,0.0,16.6667,8.1413,0.0,18.417,0.9883,851726.1266,15075.5524,728016.3,123709.8266,0.0,6616.5,0,0.0,Monitor forecast accuracy and review model error drivers
729,4,P4 - Routine,P00201,CarePlus Grooming 00201,Personal Care,Seasonal,6.87,Low,88.0,High,32.8,Low,Forecast Accuracy,20.0,0,0.042,0.2569,0.0,13.0875,4.79,3.7875,0.0,14.5833,9.7535,0.0,17.9073,0.9813,623353.059,11095.6845,536535.3,86817.759,0.0,11268.45,0,0.0,Monitor forecast accuracy and review model error drivers
730,4,P4 - Routine,P00652,Glow Grooming 00652,Personal Care,Seasonal,6.87,Low,88.0,High,28.05,Low,Forecast Accuracy,20.0,0,0.1323,0.9856,0.0,11.94,3.66,1.0126,0.0,12.5,9.8604,0.0,18.6821,0.9954,321367.7442,5720.3458,193472.5,127895.2442,0.0,1738.65,0,0.0,Monitor forecast accuracy and review model error drivers
731,4,P4 - Routine,P00072,Apex Smartphones 00072,Electronics,Stable,6.85,Low,88.0,High,53.51,Medium,Forecast Accuracy,20.0,0,0.1507,1.1804,0.0,15.882,3.31,0.5505,0.0,12.5,8.4451,0.0,17.7414,0.9986,666368.3413,11728.0828,292096.0,374272.3413,0.0,123.34,0,0.0,Monitor forecast accuracy and review model error drivers
732,4,P4 - Routine,P00300,Vertex Audio 00300,Electronics,Trending,6.85,Low,88.0,High,47.91,Medium,Forecast Accuracy,20.0,0,0.0703,1.0278,0.0,16.9711,3.43,0.2231,0.0,12.5,9.925,0.0,18.3133,0.9991,646794.6963,11383.5867,138923.62,507871.0763,0.0,109.91,0,0.0,Monitor forecast accuracy and review model error drivers
733,4,P4 - Routine,P01170,EverHome Microwaves 01170,Home Appliances,Stable,6.85,Low,76.0,Medium,35.88,Low,Demand Anomaly,28.32,1,0.2126,2.1519,0.0,8.3362,1.37,0.8865,0.0,0.0,7.3807,0.0,17.7527,0.9966,335012.08,5929.7138,335012.08,0.0,0.0,456.53,0,0.0,Investigate demand anomaly and increase short-term demand monitoring
734,4,P4 - Routine,P00705,Zenith Smartphones 00705,Electronics,Seasonal,6.84,Low,88.0,High,97.19,Very High,Forecast Accuracy,20.0,0,0.1618,0.7227,0.0,18.8045,4.61,4.9703,0.0,9.1667,11.6126,0.0,17.4635,0.975,17190572.0704,295677.8396,14095437.76,3095134.3104,0.0,1378.27,0,0.0,Monitor forecast accuracy and review model error drivers
735,4,P4 - Routine,P00783,EverHome Microwaves 00783,Home Appliances,Seasonal,6.84,Low,88.0,High,94.69,Very High,Forecast Accuracy,20.0,0,0.1737,1.0599,0.0,12.162,3.71,1.8728,0.0,9.7917,11.2215,0.0,17.9703,0.9909,7207879.9198,124696.3226,5558204.75,1649675.1698,0.0,0.0,0,0.0,Monitor forecast accuracy and review model error drivers
736,4,P4 - Routine,P00589,Zenith Laptops 00589,Electronics,Seasonal,6.84,Low,88.0,High,78.74,High,Forecast Accuracy,20.0,0,0.1163,0.1686,0.0,17.6975,4.7,3.0774,0.0,13.5417,11.6665,0.0,17.9552,0.9857,3701208.9332,64030.9145,3031448.32,669760.6132,0.0,0.0,0,0.0,Monitor forecast accuracy and review model error drivers
737,4,P4 - Routine,P00157,WriteWell Writing 00157,Office Supplies,Trending,6.84,Low,88.0,High,20.42,Low,Forecast Accuracy,20.0,0,0.0114,0.5691,0.0,10.5328,4.18,2.267,0.0,14.7917,8.5104,0.0,17.669,0.9897,255189.6967,4516.8576,204357.4,50832.2967,0.0,6.0,0,0.0,Monitor forecast accuracy and review model error drivers
738,4,P4 - Routine,P00387,EverHome Air Conditioners 00387,Home Appliances,Seasonal,6.83,Low,88.0,High,65.04,High,Forecast Accuracy,20.0,0,0.1082,0.3132,0.0,10.9846,4.5,2.6632,0.0,13.5417,11.1447,0.0,17.9671,0.9871,2178730.1363,37909.9044,1617226.09,561504.0463,0.0,325.57,0,0.0,Monitor forecast accuracy and review model error drivers
739,4,P4 - Routine,P00333,Zenith TVs 00333,Electronics,Trending,6.83,Low,88.0,High,78.89,High,Forecast Accuracy,20.0,0,0.1724,0.8993,0.0,16.7605,3.42,0.0,0.0,12.9167,9.8703,0.0,18.211,1.0,1697297.9811,29363.2551,0.0,1697297.9811,0.0,0.0,0,0.0,Monitor forecast accuracy and review model error drivers
740,4,P4 - Routine,P00583,Glow Skincare 00583,Personal Care,Seasonal,6.83,Low,88.0,High,25.61,Low,Forecast Accuracy,20.0,0,0.0078,0.8153,0.0,10.9428,3.84,1.3605,0.0,12.9167,9.958,0.0,18.0319,0.9932,325503.0,5761.4031,196647.0,128856.0,0.0,18581.39,0,0.0,Monitor forecast accuracy and review model error drivers
741,4,P4 - Routine,P01660,Arctic Refrigerators 01660,Home Appliances,Seasonal,6.82,Low,88.0,High,54.72,Medium,Forecast Accuracy,20.0,0,0.1821,0.9876,0.0,11.3521,3.83,2.0538,0.0,10.4167,10.9925,0.0,17.7678,0.9904,1311737.0652,22824.2249,1027846.0,283891.0652,0.0,0.0,0,0.0,Monitor forecast accuracy and review model error drivers
742,4,P4 - Routine,P01915,Arctic Washing Machines 01915,Home Appliances,Seasonal,6.8,Low,88.0,High,78.03,High,Forecast Accuracy,20.0,0,0.1579,0.3372,0.0,12.4877,4.49,2.9967,0.0,13.125,10.7929,0.0,18.2097,0.9851,3841710.9507,66077.4284,3034926.36,806784.5907,0.0,424.93,0,0.0,Monitor forecast accuracy and review model error drivers
743,4,P4 - Routine,P00699,Zenith Laptops 00699,Electronics,Seasonal,6.8,Low,88.0,High,67.3,High,Forecast Accuracy,20.0,0,0.1403,0.0723,0.0,17.94,4.68,2.6789,0.0,14.1667,11.6781,0.0,18.0424,0.9869,2441753.7079,42242.3391,1770252.12,671501.5879,0.0,1331.44,0,0.0,Monitor forecast accuracy and review model error drivers
744,4,P4 - Routine,P01838,EverHome Washing Machines 01838,Home Appliances,Seasonal,6.8,Low,88.0,High,57.63,Medium,Forecast Accuracy,20.0,0,0.0507,0.0241,0.0,10.8296,4.72,2.6621,0.0,15.0,11.1395,0.0,17.6001,0.9898,1556778.1227,26932.2615,1152697.76,404080.3627,0.0,0.0,0,0.0,Monitor forecast accuracy and review model error drivers
745,4,P4 - Routine,P00604,NovaTech Audio 00604,Electronics,Seasonal,6.8,Low,88.0,High,39.17,Low,Forecast Accuracy,20.0,0,0.125,0.2857,0.0,18.5586,4.44,1.8493,0.0,12.9167,12.9739,0.0,18.6856,0.9911,635821.2538,11126.8719,550792.64,85028.6138,0.0,0.0,0,0.0,Monitor forecast accuracy and review model error drivers
746,4,P4 - Routine,P01634,WriteWell Storage 01634,Office Supplies,Trending,6.8,Low,88.0,High,35.94,Low,Forecast Accuracy,20.0,0,0.0319,0.9326,0.0,12.0705,3.67,1.2939,0.0,12.7083,9.1455,0.0,18.1191,0.9939,557567.325,9757.4282,394395.75,163171.575,0.0,12659.97,0,0.0,Monitor forecast accuracy and review model error drivers
747,4,P4 - Routine,P01295,ConnectX Mobile Accessories 01295,Accessories,Trending,6.8,Low,88.0,High,26.91,Low,Forecast Accuracy,20.0,0,0.0621,0.9636,0.0,11.3997,3.6,0.94,0.0,12.5,9.5947,0.0,18.2332,0.9961,304875.7797,5335.3261,186988.88,117886.8997,0.0,0.0,0,0.0,Monitor forecast accuracy and review model error drivers
748,4,P4 - Routine,P01036,WriteWell Writing 01036,Office Supplies,Trending,6.79,Low,88.0,High,47.23,Medium,Forecast Accuracy,20.0,0,0.0091,0.4129,0.0,10.8864,4.1,1.6426,0.0,15.625,8.451,0.0,17.559,0.9932,909095.859,15818.2679,717787.98,191307.879,0.0,280.0,0,0.0,Monitor forecast accuracy and review model error drivers
749,4,P4 - Routine,P00846,EverHome Refrigerators 00846,Home Appliances,Volatile,6.79,Low,88.0,High,29.41,Low,Forecast Accuracy,40.0,0,0.0743,0.1638,0.0,20.4967,2.66,0.4656,0.0,4.1667,12.617,0.0,19.7708,0.9981,276608.1108,4840.6419,117842.34,158765.7708,0.0,109.7,0,0.0,Monitor forecast accuracy and review model error drivers
750,4,P4 - Routine,P01507,CarePlus Skincare 01507,Personal Care,Seasonal,6.79,Low,88.0,High,19.63,Low,Forecast Accuracy,20.0,0,0.1124,0.8691,0.0,10.4017,3.88,1.8942,0.0,12.2917,9.7622,0.0,17.245,0.992,223338.619,3930.7597,149632.0,73706.619,0.0,4327.84,0,0.0,Monitor forecast accuracy and review model error drivers
751,4,P4 - Routine,P01127,Zenith Laptops 01127,Electronics,Seasonal,6.78,Low,88.0,High,86.68,Very High,Forecast Accuracy,20.0,0,0.0267,0.4818,0.0,17.9134,4.49,3.5073,0.0,11.25,11.6468,0.0,17.704,0.9827,5841362.5894,99887.3003,5040837.53,800525.0594,0.0,719.44,0,0.0,Monitor forecast accuracy and review model error drivers
752,4,P4 - Routine,P00899,Apex Laptops 00899,Electronics,Seasonal,6.78,Low,88.0,High,58.29,Medium,Forecast Accuracy,20.0,0,0.0723,0.1445,0.0,18.1268,4.31,1.0538,0.0,14.7917,11.8636,0.0,17.9201,0.9963,1100208.096,19033.6001,629029.44,471178.656,0.0,1253.72,0,0.0,Monitor forecast accuracy and review model error drivers
753,4,P4 - Routine,P00230,PureLife Grooming 00230,Personal Care,Seasonal,6.78,Low,88.0,High,28.2,Low,Forecast Accuracy,20.0,0,0.0638,0.3669,0.0,10.7149,4.46,2.881,0.0,14.1667,9.7789,0.0,17.0076,0.9876,419796.849,7346.4449,332414.88,87381.969,0.0,0.0,0,0.0,Monitor forecast accuracy and review model error drivers
754,4,P4 - Routine,P01551,ConnectX Bags 01551,Accessories,Trending,6.77,Low,88.0,High,97.75,Very High,Forecast Accuracy,20.0,0,0.0087,0.767,0.0,12.5961,3.73,1.364,0.0,12.5,9.6168,0.0,18.2289,0.9932,9175235.7587,155979.0079,7961690.02,1213545.7387,0.0,0.0,0,0.0,Monitor forecast accuracy and review model error drivers
755,4,P4 - Routine,P00338,DeskMate Writing 00338,Office Supplies,Trending,6.77,Low,88.0,High,92.76,Very High,Forecast Accuracy,20.0,0,0.195,1.4475,0.0,10.5646,3.07,1.0135,0.0,9.7917,8.6462,0.0,17.7947,0.9967,5325579.5987,90534.8532,2657083.13,2668496.4687,0.0,22694.9,0,0.0,Monitor forecast accuracy and review model error drivers
756,4,P4 - Routine,P01735,Vertex Laptops 01735,Electronics,Trending,6.77,Low,88.0,High,67.59,High,Forecast Accuracy,20.0,0,0.0698,0.1686,0.0,18.622,4.55,2.8599,0.0,14.5833,10.0467,0.0,17.0743,0.9851,2532196.3559,43300.5577,2265970.46,266225.8959,0.0,153.02,0,0.0,Monitor forecast accuracy and review model error drivers
757,4,P4 - Routine,P01833,PureLife Oral Care 01833,Personal Care,Seasonal,6.77,Low,88.0,High,35.27,Low,Forecast Accuracy,20.0,0,0.1494,1.2218,0.0,11.0695,3.72,2.7301,0.0,9.5833,9.7248,0.0,17.8971,0.9891,584795.6245,10175.4439,495320.5,89475.1245,0.0,8677.36,0,0.0,Monitor forecast accuracy and review model error drivers
758,4,P4 - Routine,P01246,PureLife Oral Care 01246,Personal Care,Seasonal,6.77,Low,88.0,High,3.4,Low,Forecast Accuracy,20.0,0,0.1141,0.8792,0.0,10.7864,3.64,0.7278,0.0,12.9167,9.9088,0.0,18.1428,0.9968,22861.2862,402.3586,13562.03,9299.2562,0.0,17285.27,0,0.0,Monitor forecast accuracy and review model error drivers
759,4,P4 - Routine,P00317,Arctic Air Conditioners 00317,Home Appliances,Seasonal,6.76,Low,88.0,High,64.24,High,Forecast Accuracy,20.0,0,0.0141,0.0714,0.0,11.9537,4.52,2.0434,0.0,14.7917,11.2279,0.0,17.8722,0.9905,1957198.75,33468.0986,1336917.3,620281.45,0.0,404.98,0,0.0,Monitor forecast accuracy and review model error drivers
760,4,P4 - Routine,P01427,Apex Laptops 01427,Electronics,Trending,6.76,Low,88.0,High,60.94,High,Forecast Accuracy,20.0,0,0.1602,0.3613,0.0,18.7376,4.15,1.6288,0.0,14.5833,9.8256,0.0,17.8469,0.9947,1533645.016,26378.6943,913972.0,619673.016,0.0,0.0,0,0.0,Monitor forecast accuracy and review model error drivers
761,4,P4 - Routine,P00292,NovaTech Audio 00292,Electronics,Seasonal,6.76,Low,88.0,High,36.07,Low,Forecast Accuracy,20.0,0,0.0071,0.0357,0.0,18.0124,4.89,3.4463,0.0,13.9583,11.7379,0.0,17.3818,0.9833,710392.0783,12289.783,550197.03,160195.0483,0.0,569.61,0,0.0,Monitor forecast accuracy and review model error drivers
762,4,P4 - Routine,P01956,CarryPro Chargers 01956,Accessories,Volatile,6.75,Low,88.0,High,64.9,High,Forecast Accuracy,40.0,0,0.0567,0.0936,0.0,21.7377,2.64,0.5785,0.0,4.1667,12.2703,0.0,20.4137,0.9983,1516874.5152,25938.5542,402068.88,1114805.6352,0.0,0.0,0,0.0,Monitor forecast accuracy and review model error drivers
763,4,P4 - Routine,P00597,WriteWell Storage 00597,Office Supplies,Trending,6.75,Low,88.0,High,54.34,Medium,Forecast Accuracy,20.0,0,0.1951,1.5899,0.0,10.1102,3.24,2.2663,0.0,8.5417,8.5136,0.0,18.1171,0.9897,1457986.725,25077.3717,1151572.86,306413.865,0.0,10967.36,0,0.0,Monitor forecast accuracy and review model error drivers
764,4,P4 - Routine,P01317,DermaX Grooming 01317,Personal Care,Seasonal,6.75,Low,88.0,High,11.77,Low,Forecast Accuracy,20.0,0,0.1308,0.8883,0.0,11.4861,3.67,1.0647,0.0,12.5,9.8388,0.0,18.115,0.9962,82832.6987,1449.5722,56621.2,26211.4987,0.0,0.0,0,0.0,Monitor forecast accuracy and review model error drivers
765,4,P4 - Routine,P00051,CarryPro Mobile Accessories 00051,Accessories,Trending,6.74,Low,88.0,High,64.48,High,Forecast Accuracy,20.0,0,0.0488,0.6852,0.0,13.6683,3.91,1.8057,0.0,12.5,9.9756,0.0,18.2075,0.9915,1912340.8752,32701.029,1646086.4,266254.4752,0.0,0.0,0,0.0,Monitor forecast accuracy and review model error drivers
766,4,P4 - Routine,P01788,CarePlus Grooming 01788,Personal Care,Trending,6.74,Low,88.0,High,33.81,Low,Forecast Accuracy,20.0,0,0.1168,0.9529,0.0,11.0739,3.46,0.7214,0.0,13.125,8.5218,0.0,17.913,0.9969,410009.6621,7093.1672,223554.64,186455.0221,0.0,0.0,0,0.0,Monitor forecast accuracy and review model error drivers
767,4,P4 - Routine,P00335,Apex Audio 00335,Electronics,Seasonal,6.72,Low,88.0,High,77.99,High,Forecast Accuracy,20.0,0,0.0349,0.265,0.0,18.2131,4.33,1.9757,0.0,12.9167,11.9948,0.0,18.1946,0.9912,2973352.695,50249.6605,2175168.0,798184.695,0.0,3205.35,0,0.0,Monitor forecast accuracy and review model error drivers
768,4,P4 - Routine,P01837,Vertex TVs 01837,Electronics,Trending,6.72,Low,88.0,High,74.65,High,Forecast Accuracy,20.0,0,0.0752,0.4577,0.0,16.3287,3.91,1.0473,0.0,13.9583,10.0391,0.0,17.8534,0.995,2396898.3565,40507.5822,1406609.05,990289.3065,0.0,0.0,0,0.0,Monitor forecast accuracy and review model error drivers
769,4,P4 - Routine,P00161,Arctic Air Conditioners 00161,Home Appliances,Seasonal,6.72,Low,88.0,High,41.23,Medium,Forecast Accuracy,20.0,0,0.0544,0.3613,0.0,12.6922,4.32,2.2142,0.0,13.125,11.2684,0.0,18.1485,0.9874,808346.1197,13822.7186,629702.74,178643.3797,0.0,126.37,0,0.0,Monitor forecast accuracy and review model error drivers
770,4,P4 - Routine,P01515,Vertex TVs 01515,Electronics,Trending,6.72,Low,88.0,High,14.05,Low,Forecast Accuracy,40.0,0,0.1351,0.3571,0.0,22.8177,2.5,0.7515,0.0,3.125,12.0105,0.0,17.7111,0.9966,86547.54,1497.2724,86547.54,0.0,0.0,119.15,0,0.0,Monitor forecast accuracy and review model error drivers
771,4,P4 - Routine,P01005,CarryPro Mobile Accessories 01005,Accessories,Trending,6.71,Low,88.0,High,43.45,Medium,Forecast Accuracy,20.0,0,0.0992,1.4562,0.0,12.8352,3.46,2.69,0.0,8.3333,9.3327,0.0,18.3817,0.9882,944809.1664,16156.2367,800481.52,144327.6464,0.0,0.0,0,0.0,Monitor forecast accuracy and review model error drivers
772,4,P4 - Routine,P01109,WriteWell Writing 01109,Office Supplies,Trending,6.71,Low,88.0,High,47.44,Medium,Forecast Accuracy,20.0,0,0.0256,0.4079,0.0,10.3447,3.97,1.2422,0.0,15.4167,8.5488,0.0,17.5544,0.9944,814556.952,13928.9239,680440.2,134116.752,0.0,9447.42,0,0.0,Monitor forecast accuracy and review model error drivers
773,4,P4 - Routine,P01097,Apex Laptops 01097,Electronics,Trending,6.71,Low,88.0,High,41.87,Medium,Forecast Accuracy,20.0,0,0.0456,0.4095,0.0,17.6947,4.11,1.5934,0.0,13.9583,10.2558,0.0,17.8328,0.9937,724312.4595,12385.7431,508949.06,215363.3995,0.0,328.27,0,0.0,Monitor forecast accuracy and review model error drivers
774,4,P4 - Routine,P00615,CarryPro Bags 00615,Accessories,Stable,6.71,Low,88.0,High,44.9,Medium,Forecast Accuracy,20.0,0,0.0563,0.4993,0.0,10.2711,3.77,1.1099,0.0,16.6667,6.2574,0.0,17.5193,0.9958,651724.179,11144.4835,469259.04,182465.139,0.0,0.0,0,0.0,Monitor forecast accuracy and review model error drivers
775,4,P4 - Routine,P00815,UrbanGear Mobile Accessories 00815,Accessories,Trending,6.7,Low,88.0,High,97.33,Very High,Forecast Accuracy,20.0,0,0.0075,0.3372,0.0,12.6453,4.13,1.943,0.0,14.1667,9.4816,0.0,17.7782,0.9915,9818397.9364,163967.2455,7876935.58,1941462.3564,0.0,0.0,0,0.0,Monitor forecast accuracy and review model error drivers
776,4,P4 - Routine,P00179,UrbanGear Chargers 00179,Accessories,Trending,6.7,Low,88.0,High,35.46,Low,Forecast Accuracy,20.0,0,0.0241,0.7075,0.0,12.3952,3.9,1.8423,0.0,12.5,9.8475,0.0,18.6311,0.9912,608315.9789,10402.2032,477705.26,130610.7189,0.0,0.0,0,0.0,Monitor forecast accuracy and review model error drivers
777,4,P4 - Routine,P01709,DermaX Grooming 01709,Personal Care,Trending,6.7,Low,88.0,High,28.42,Low,Forecast Accuracy,20.0,0,0.0419,0.4422,0.0,10.1138,4.04,1.7629,0.0,15.2083,8.2121,0.0,17.492,0.9933,370236.426,6331.0429,277910.64,92325.786,0.0,0.0,0,0.0,Monitor forecast accuracy and review model error drivers
778,4,P4 - Routine,P01276,Apex TVs 01276,Electronics,Trending,6.7,Low,88.0,High,29.52,Low,Forecast Accuracy,20.0,0,0.1789,1.2285,0.0,17.0934,3.24,0.6067,0.0,10.625,9.7937,0.0,17.8292,0.9967,307718.3988,5261.9846,200795.04,106923.3588,0.0,0.0,0,0.0,Monitor forecast accuracy and review model error drivers
779,4,P4 - Routine,P01280,CarePlus Skincare 01280,Personal Care,Seasonal,6.7,Low,88.0,High,7.22,Low,Forecast Accuracy,20.0,0,0.1307,0.8973,0.0,11.7168,3.53,0.5183,0.0,12.5,9.9664,0.0,18.2923,0.9976,41406.624,716.3346,24008.4,17398.224,0.0,0.0,0,0.0,Monitor forecast accuracy and review model error drivers
780,4,P4 - Routine,P00831,Apex TVs 00831,Electronics,Trending,6.69,Low,88.0,High,74.32,High,Forecast Accuracy,20.0,0,0.0058,0.7323,0.0,18.6249,3.65,0.8106,0.0,12.2917,10.3984,0.0,17.2098,0.9974,1890000.8832,31752.0148,1005648.8,884352.0832,0.0,1551.89,0,0.0,Monitor forecast accuracy and review model error drivers
781,4,P4 - Routine,P00416,Arctic Refrigerators 00416,Home Appliances,Volatile,6.68,Low,88.0,High,34.01,Low,Forecast Accuracy,20.0,0,0.1358,0.53,0.0,19.4176,4.43,3.3608,0.0,10.4167,12.3935,0.0,19.2142,0.9828,648493.2644,11024.3855,527810.18,120683.0844,0.0,284.31,0,0.0,Monitor forecast accuracy and review model error drivers
782,4,P4 - Routine,P01986,Apex TVs 01986,Electronics,Seasonal,6.67,Low,88.0,High,99.06,Very High,Forecast Accuracy,20.0,0,0.0633,0.2048,0.0,17.9354,4.65,3.739,0.0,11.875,11.6589,0.0,17.4538,0.9804,17937770.8836,297766.9967,16231691.64,1706079.2436,0.0,1698.28,0,0.0,Monitor forecast accuracy and review model error drivers
783,4,P4 - Routine,P01519,NovaTech Laptops 01519,Electronics,Trending,6.67,Low,88.0,High,90.34,Very High,Forecast Accuracy,20.0,0,0.1677,0.764,0.0,19.0691,3.98,2.8651,0.0,10.625,10.1631,0.0,17.7687,0.985,7108108.1832,117994.5958,6163008.47,945099.7132,0.0,0.0,0,0.0,Monitor forecast accuracy and review model error drivers
784,4,P4 - Routine,P00126,ComfortMax Air Conditioners 00126,Home Appliances,Seasonal,6.67,Low,88.0,High,87.77,Very High,Forecast Accuracy,20.0,0,0.0611,0.0723,0.0,11.4658,4.69,3.4649,0.0,13.3333,10.993,0.0,17.2646,0.9832,6315116.4445,104830.933,5279720.14,1035396.3045,0.0,0.0,0,0.0,Monitor forecast accuracy and review model error drivers
785,4,P4 - Routine,P00910,ComfortMax Air Conditioners 00910,Home Appliances,Volatile,6.67,Low,88.0,High,75.54,High,Forecast Accuracy,20.0,0,0.0321,0.0696,0.0,19.4131,4.51,2.1397,0.0,13.125,12.6583,0.0,18.481,0.9909,2916070.0744,48698.3702,1926076.62,989993.4544,0.0,753.14,0,0.0,Monitor forecast accuracy and review model error drivers
786,4,P4 - Routine,P01383,ConnectX Chargers 01383,Accessories,Trending,6.67,Low,88.0,High,47.91,Medium,Forecast Accuracy,20.0,0,0.1357,0.649,0.0,14.1531,3.78,1.1889,0.0,12.9167,9.8931,0.0,18.0993,0.995,880495.54,14880.3746,624558.25,255937.29,0.0,11541.83,0,0.0,Monitor forecast accuracy and review model error drivers
787,4,P4 - Routine,P00214,Apex Smartphones 00214,Electronics,Stable,6.67,Low,88.0,High,47.4,Medium,Forecast Accuracy,20.0,0,0.1042,0.8913,0.0,15.8229,3.41,0.6287,0.0,13.125,8.3796,0.0,17.182,0.9978,599268.4896,10127.6375,329487.84,269780.6496,0.0,0.0,0,0.0,Monitor forecast accuracy and review model error drivers
788,4,P4 - Routine,P00057,Vertex Laptops 00057,Electronics,Stable,6.64,Low,88.0,High,76.48,High,Forecast Accuracy,20.0,0,0.1285,1.3214,0.0,16.0264,3.21,1.621,0.0,9.5833,8.6024,0.0,17.2696,0.992,2526059.582,41932.5891,2163133.8,362925.782,0.0,0.0,0,0.0,Monitor forecast accuracy and review model error drivers
789,4,P4 - Routine,P00808,UrbanGear Bags 00808,Accessories,Trending,6.64,Low,88.0,High,66.52,High,Forecast Accuracy,20.0,0,0.045,0.1767,0.0,12.5804,4.2,1.6508,0.0,15.0,9.6835,0.0,17.7298,0.9931,1946412.2318,32505.0843,1496661.25,449750.9818,0.0,11391.02,0,0.0,Monitor forecast accuracy and review model error drivers
790,4,P4 - Routine,P01285,ComfortMax Air Conditioners 01285,Home Appliances,Seasonal,6.64,Low,88.0,High,35.73,Low,Forecast Accuracy,20.0,0,0.0769,0.2857,0.0,11.9327,4.47,2.8938,0.0,12.5,11.5412,0.0,18.2538,0.9861,670157.9758,11325.6698,494672.8,175485.1758,0.0,57.77,0,0.0,Monitor forecast accuracy and review model error drivers
791,4,P4 - Routine,P00703,Arctic Washing Machines 00703,Home Appliances,Volatile,6.64,Low,88.0,High,8.37,Low,Forecast Accuracy,20.0,0,0.1515,0.3571,0.0,18.7266,4.38,1.993,0.0,11.0417,14.1563,0.0,19.4596,0.991,75528.1312,1291.531,54929.55,20598.5812,0.0,11.81,0,0.0,Monitor forecast accuracy and review model error drivers
792,4,P4 - Routine,P01861,OfficePro Paper 01861,Office Supplies,Trending,6.64,Low,88.0,High,5.06,Low,Forecast Accuracy,20.0,0,0.0604,1.0479,0.0,11.1631,3.25,0.1936,0.0,12.5,8.7895,0.0,18.8805,0.9994,26262.3178,449.0856,5457.42,20804.8978,0.0,0.0,0,0.0,Monitor forecast accuracy and review model error drivers
793,4,P4 - Routine,P00970,CarePlus Haircare 00970,Personal Care,Seasonal,6.64,Low,88.0,High,2.89,Low,Forecast Accuracy,20.0,0,0.1667,1.5417,0.0,10.4287,3.13,1.2967,0.0,8.3333,9.9363,0.0,18.4294,0.9939,23977.7705,410.0199,15536.14,8441.6305,0.0,307.78,0,0.0,Monitor forecast accuracy and review model error drivers
794,4,P4 - Routine,P01722,Zenith Audio 01722,Electronics,Trending,6.63,Low,88.0,High,39.53,Low,Forecast Accuracy,20.0,0,0.0045,0.0482,0.0,17.0526,4.06,0.2969,0.0,16.6667,9.7871,0.0,18.389,0.9984,413400.3951,6945.1266,196935.48,216464.9151,0.0,0.0,0,0.0,Monitor forecast accuracy and review model error drivers
795,4,P4 - Routine,P01823,CarePlus Oral Care 01823,Personal Care,Seasonal,6.63,Low,88.0,High,26.8,Low,Forecast Accuracy,20.0,0,0.0809,0.4001,0.0,11.6874,4.12,1.9558,0.0,13.75,9.8355,0.0,17.8788,0.9914,360448.0448,6091.572,256759.68,103688.3648,0.0,211.0,0,0.0,Monitor forecast accuracy and review model error drivers
796,4,P4 - Routine,P01950,EverHome Refrigerators 01950,Home Appliances,Seasonal,6.62,Low,88.0,High,65.55,High,Forecast Accuracy,20.0,0,0.0811,0.3372,0.0,13.4393,4.06,1.4507,0.0,13.3333,10.844,0.0,17.1713,0.9937,1903558.0032,31599.0629,1033543.8,870014.2032,0.0,0.0,0,0.0,Monitor forecast accuracy and review model error drivers
797,4,P4 - Routine,P01877,PureLife Oral Care 01877,Personal Care,Seasonal,6.62,Low,88.0,High,24.04,Low,Forecast Accuracy,20.0,0,0.0258,0.4644,0.0,11.6524,4.38,3.4751,0.0,12.5,9.7305,0.0,18.2525,0.9831,362431.7164,6125.096,306941.7,55490.0164,0.0,0.0,0,0.0,Monitor forecast accuracy and review model error drivers
798,4,P4 - Routine,P00535,DeskMate Paper 00535,Office Supplies,Trending,6.62,Low,88.0,High,18.56,Low,Forecast Accuracy,20.0,0,0.0516,0.8973,0.0,10.7456,3.73,2.0838,0.0,11.6667,9.0027,0.0,17.4367,0.9915,210170.954,3551.8891,167569.0,42601.954,0.0,772.28,0,0.0,Monitor forecast accuracy and review model error drivers
799,4,P4 - Routine,P00817,CarePlus Grooming 00817,Personal Care,Seasonal,6.62,Low,88.0,High,15.64,Low,Forecast Accuracy,20.0,0,0.0009,0.6865,0.0,10.9588,4.01,2.4902,0.0,12.0833,9.6458,0.0,17.5186,0.9902,168651.373,2850.2082,115086.4,53564.973,0.0,6942.87,0,0.0,Monitor forecast accuracy and review model error drivers
800,4,P4 - Routine,P01446,Zenith Audio 01446,Electronics,Stable,6.62,Low,88.0,High,13.07,Low,Forecast Accuracy,20.0,0,0.4,0.8571,0.0,16.1318,3.85,2.0098,0.0,9.7917,11.8719,0.0,17.5492,0.9895,125460.5482,2132.8293,105126.81,20333.7383,0.0,174.03,0,0.0,Monitor forecast accuracy and review model error drivers
801,4,P4 - Routine,P01090,Zenith TVs 01090,Electronics,Trending,6.61,Low,88.0,High,70.88,High,Forecast Accuracy,20.0,0,0.344,1.0358,0.0,19.4237,3.75,2.783,0.0,8.3333,11.0913,0.0,18.5801,0.9845,3039787.953,50156.5012,2564991.63,474796.323,0.0,260.41,0,0.0,Monitor forecast accuracy and review model error drivers
802,4,P4 - Routine,P01098,Apex TVs 01098,Electronics,Seasonal,6.61,Low,88.0,High,76.34,High,Forecast Accuracy,20.0,0,0.0538,0.2409,0.0,17.9654,4.2,1.7365,0.0,12.9167,11.6085,0.0,17.3055,0.9922,2920711.5432,48191.7405,1720957.98,1199753.5632,0.0,123.82,0,0.0,Monitor forecast accuracy and review model error drivers
803,4,P4 - Routine,P01870,PaperWorks Storage 01870,Office Supplies,Trending,6.61,Low,88.0,High,33.03,Low,Forecast Accuracy,20.0,0,0.0256,0.1027,0.0,10.8598,4.54,3.0771,0.0,15.0,9.0825,0.0,17.565,0.9857,602327.538,10119.1026,534754.94,67572.598,0.0,293.0,0,0.0,Monitor forecast accuracy and review model error drivers
804,4,P4 - Routine,P00686,Glow Oral Care 00686,Personal Care,Trending,6.6,Low,88.0,High,35.31,Low,Forecast Accuracy,20.0,0,0.0779,0.8358,0.0,12.0675,3.58,1.4813,0.0,12.7083,8.2093,0.0,17.2659,0.9934,530064.9436,8852.0846,395838.37,134226.5736,0.0,7870.08,0,0.0,Monitor forecast accuracy and review model error drivers
805,4,P4 - Routine,P00552,ConnectX Cables 00552,Accessories,Trending,6.59,Low,88.0,High,84.18,Very High,Forecast Accuracy,20.0,0,0.0209,0.09,0.0,11.9745,4.17,1.5306,0.0,15.2083,9.5466,0.0,17.5922,0.9929,3990837.1005,65449.7284,2859724.2,1131112.9005,0.0,0.0,0,0.0,Monitor forecast accuracy and review model error drivers
806,4,P4 - Routine,P00969,Glow Oral Care 00969,Personal Care,Trending,6.59,Low,88.0,High,15.39,Low,Forecast Accuracy,20.0,0,0.0912,0.3562,0.0,12.0796,4.0,1.6023,0.0,15.4167,8.0633,0.0,17.4595,0.9922,160614.0547,2698.3161,112775.74,47838.3147,0.0,3391.45,0,0.0,Monitor forecast accuracy and review model error drivers
807,4,P4 - Routine,P01258,PureLife Skincare 01258,Personal Care,Seasonal,6.59,Low,88.0,High,3.27,Low,Forecast Accuracy,20.0,0,0.0302,0.0602,0.0,12.1355,4.37,1.7972,0.0,15.625,9.8843,0.0,17.5518,0.9916,26391.8835,446.0228,19272.6,7119.2835,0.0,0.0,0,0.0,Monitor forecast accuracy and review model error drivers
808,4,P4 - Routine,P00166,TechMate Cables 00166,Accessories,Trending,6.58,Low,88.0,High,63.1,High,Forecast Accuracy,20.0,0,0.0396,0.0437,0.0,11.4748,3.96,0.2085,0.0,16.6667,9.3215,0.0,18.2611,0.9993,1102294.3652,18187.857,235768.41,866525.9552,0.0,0.0,0,0.0,Monitor forecast accuracy and review model error drivers
809,4,P4 - Routine,P01160,Zenith Smartphones 01160,Electronics,Trending,6.57,Low,88.0,High,57.35,Medium,Forecast Accuracy,20.0,0,0.0187,0.3533,0.0,16.7952,4.11,2.0922,0.0,13.3333,9.9132,0.0,17.2064,0.99,1518088.3243,25048.4574,1286892.46,231195.8643,0.0,825.19,0,0.0,Monitor forecast accuracy and review model error drivers
810,4,P4 - Routine,P01798,Zenith Smartphones 01798,Electronics,Stable,6.57,Low,88.0,High,61.98,High,Forecast Accuracy,20.0,0,0.0825,0.7708,0.0,16.4054,3.58,1.4053,0.0,12.5,8.5879,0.0,17.7031,0.9928,1515895.6384,25012.278,1213795.44,302100.1984,0.0,167.11,0,0.0,Monitor forecast accuracy and review model error drivers
811,4,P4 - Routine,P00900,Zenith TVs 00900,Electronics,Trending,6.56,Low,88.0,High,86.21,Very High,Forecast Accuracy,20.0,0,0.0098,0.2891,0.0,17.7519,3.78,0.4678,0.0,14.5833,9.6988,0.0,17.85,0.9981,2986191.005,48674.9134,1343618.0,1642573.005,0.0,1581.07,0,0.0,Monitor forecast accuracy and review model error drivers
812,4,P4 - Routine,P01738,NovaTech Smartphones 01738,Electronics,Trending,6.56,Low,88.0,High,75.72,High,Forecast Accuracy,20.0,0,0.0136,0.5781,0.0,17.9037,3.59,0.4716,0.0,12.9167,10.0653,0.0,18.0364,0.998,1876565.8752,30588.0238,864313.76,1012252.1152,0.0,0.0,0,0.0,Monitor forecast accuracy and review model error drivers
813,4,P4 - Routine,P00088,PureLife Skincare 00088,Personal Care,Seasonal,6.56,Low,88.0,High,7.71,Low,Forecast Accuracy,20.0,0,0.0959,1.1723,0.0,10.3288,3.37,1.39,0.0,9.7917,9.8727,0.0,17.1203,0.9957,61690.683,1036.4035,32403.0,29287.683,0.0,2056.7,0,0.0,Monitor forecast accuracy and review model error drivers
814,4,P4 - Routine,P01662,DermaX Grooming 01662,Personal Care,Trending,6.55,Low,88.0,High,8.59,Low,Forecast Accuracy,20.0,0,0.0657,0.8966,0.0,11.6771,3.56,1.6237,0.0,12.5,7.9806,0.0,17.266,0.9947,70404.1668,1175.7496,49320.15,21084.0168,0.0,36.0,0,0.0,Monitor forecast accuracy and review model error drivers
815,4,P4 - Routine,P00410,Apex Laptops 00410,Electronics,Volatile,6.54,Low,76.0,Medium,53.24,Medium,Forecast Accuracy,40.0,0,0.1354,0.5119,0.0,25.83,2.31,1.2733,0.0,0.0,12.873,0.0,20.2764,0.9941,869152.72,14254.1046,869152.72,0.0,0.0,1182.67,0,0.0,Monitor forecast accuracy and review model error drivers
816,4,P4 - Routine,P00683,NovaTech Smartphones 00683,Electronics,Stable,6.54,Low,88.0,High,30.32,Low,Forecast Accuracy,20.0,0,0.0652,0.2891,0.0,17.5053,4.0,1.4674,0.0,15.0,8.7307,0.0,17.034,0.9922,387593.8845,6395.2991,315202.4,72391.4845,0.0,50.64,0,0.0,Monitor forecast accuracy and review model error drivers
817,4,P4 - Routine,P00112,Vertex Laptops 00112,Electronics,Seasonal,6.53,Low,88.0,High,92.54,Very High,Forecast Accuracy,20.0,0,0.0712,0.0241,0.0,19.2775,4.64,3.5306,0.0,12.5,11.375,0.0,17.5515,0.9839,8071112.0364,129944.9038,6444400.2,1626711.8364,0.0,229.68,0,0.0,Monitor forecast accuracy and review model error drivers
818,4,P4 - Routine,P00069,NovaTech Audio 00069,Electronics,Seasonal,6.53,Low,88.0,High,90.39,Very High,Forecast Accuracy,20.0,0,0.0542,0.0964,0.0,19.2986,4.36,2.3825,0.0,12.7083,11.6179,0.0,18.2945,0.9899,5622350.825,90519.8483,4270959.0,1351391.825,0.0,2117.3,0,0.0,Monitor forecast accuracy and review model error drivers
819,4,P4 - Routine,P00141,UrbanGear Chargers 00141,Accessories,Trending,6.53,Low,88.0,High,67.65,High,Forecast Accuracy,20.0,0,0.1267,0.2434,0.0,12.4662,4.16,2.2227,0.0,13.75,9.5425,0.0,17.954,0.9887,2501679.9253,40777.3828,2011666.08,490013.8453,0.0,7.0,0,0.0,Monitor forecast accuracy and review model error drivers
820,4,P4 - Routine,P00929,CarePlus Haircare 00929,Personal Care,Trending,6.52,Low,88.0,High,3.24,Low,Forecast Accuracy,20.0,0,0.0806,0.2271,0.0,11.2132,4.04,1.3893,0.0,15.625,8.5093,0.0,17.46,0.9943,24625.4892,408.7831,20609.46,4016.0292,0.0,0.0,0,0.0,Monitor forecast accuracy and review model error drivers
821,4,P4 - Routine,P01992,NovaTech Smartphones 01992,Electronics,Seasonal,6.51,Low,88.0,High,56.96,Medium,Forecast Accuracy,20.0,0,0.074,0.0241,0.0,19.2537,4.96,4.9535,0.0,11.6667,11.524,0.0,17.6044,0.9751,1961492.3973,31972.3261,1685822.16,275670.2373,0.0,0.0,0,0.0,Monitor forecast accuracy and review model error drivers
822,4,P4 - Routine,P01502,DermaX Oral Care 01502,Personal Care,Seasonal,6.51,Low,88.0,High,5.18,Low,Forecast Accuracy,20.0,0,0.1554,1.365,0.0,10.9901,3.28,1.9425,0.0,8.125,9.8802,0.0,17.3642,0.9915,40766.4268,676.7227,35229.32,5537.1068,0.0,5.0,0,0.0,Monitor forecast accuracy and review model error drivers
823,4,P4 - Routine,P01566,EverHome Air Conditioners 01566,Home Appliances,Seasonal,6.5,Low,88.0,High,71.5,High,Forecast Accuracy,20.0,0,0.1546,0.9274,0.0,12.0029,3.43,1.1929,0.0,9.5833,10.8758,0.0,17.9508,0.9949,2131421.1997,34315.8813,1117016.1,1014405.0998,0.0,0.0,0,0.0,Monitor forecast accuracy and review model error drivers
824,4,P4 - Routine,P00006,Vertex Laptops 00006,Electronics,Volatile,6.5,Low,76.0,Medium,45.85,Medium,Forecast Accuracy,40.0,0,0.1151,0.4758,0.0,28.2887,2.24,0.748,0.0,0.0,13.4628,0.0,20.0816,0.9966,493188.52,8038.9729,493188.52,0.0,0.0,2090.1,0,0.0,Monitor forecast accuracy and review model error drivers
825,4,P4 - Routine,P00627,CarePlus Oral Care 00627,Personal Care,Trending,6.5,Low,88.0,High,27.26,Low,Forecast Accuracy,20.0,0,0.0617,0.3425,0.0,11.35,4.01,1.959,0.0,14.5833,8.2497,0.0,16.7727,0.9914,364030.3587,5970.0979,304020.9,60009.4587,0.0,0.0,0,0.0,Monitor forecast accuracy and review model error drivers
826,4,P4 - Routine,P01229,CarryPro Bags 01229,Accessories,Trending,6.49,Low,88.0,High,67.07,High,Forecast Accuracy,20.0,0,0.0067,0.6134,0.0,12.3225,3.56,0.7731,0.0,12.5,9.6688,0.0,18.4442,0.9964,1593831.8748,25660.6932,1081557.68,512274.1948,0.0,0.0,0,0.0,Monitor forecast accuracy and review model error drivers
827,4,P4 - Routine,P01585,TechMate Bags 01585,Accessories,Trending,6.49,Low,88.0,High,49.51,Medium,Forecast Accuracy,20.0,0,0.1847,1.0786,0.0,13.5369,3.26,1.0408,0.0,9.7917,9.8546,0.0,17.7868,0.9937,1020823.5576,16537.3416,770708.4,250115.1576,0.0,2800.77,0,0.0,Monitor forecast accuracy and review model error drivers
828,4,P4 - Routine,P01182,HomePro Refrigerators 01182,Home Appliances,Seasonal,6.48,Low,88.0,High,85.66,Very High,Forecast Accuracy,20.0,0,0.098,0.2891,0.0,12.2384,4.42,3.6992,0.0,10.8333,11.2582,0.0,17.7122,0.9822,6048154.3536,96770.4697,4788626.0,1259528.3536,0.0,2340.01,0,0.0,Monitor forecast accuracy and review model error drivers
829,4,P4 - Routine,P01491,Zenith Laptops 01491,Electronics,Stable,6.48,Low,88.0,High,62.09,High,Forecast Accuracy,20.0,0,0.0923,1.5658,0.0,15.6048,2.69,0.49,0.0,8.3333,8.6097,0.0,17.5287,0.9978,1048128.4926,16874.8687,543247.68,504880.8126,0.0,734.82,0,0.0,Monitor forecast accuracy and review model error drivers
830,4,P4 - Routine,P00464,CarePlus Oral Care 00464,Personal Care,Seasonal,6.48,Low,88.0,High,5.32,Low,Forecast Accuracy,20.0,0,0.0386,0.053,0.0,10.6534,4.49,2.8345,0.0,14.375,9.9041,0.0,17.7864,0.9867,48528.3173,800.7172,39424.64,9103.6773,0.0,2804.0,0,0.0,Monitor forecast accuracy and review model error drivers
831,4,P4 - Routine,P01215,WriteWell Storage 01215,Office Supplies,Trending,6.47,Low,88.0,High,31.45,Low,Forecast Accuracy,20.0,0,0.0564,0.0699,0.0,10.3148,3.91,0.48,0.0,16.6667,8.4416,0.0,18.3915,0.9979,326668.3524,5324.6941,158137.44,168530.9124,0.0,0.0,0,0.0,Monitor forecast accuracy and review model error drivers
832,4,P4 - Routine,P00962,Glow Skincare 00962,Personal Care,Seasonal,6.47,Low,88.0,High,10.12,Low,Forecast Accuracy,20.0,0,0.0747,0.5919,0.0,10.0371,3.79,1.5955,0.0,12.5,9.5496,0.0,18.6041,0.9923,93358.1805,1531.0742,57660.96,35697.2205,0.0,0.0,0,0.0,Monitor forecast accuracy and review model error drivers
833,4,P4 - Routine,P00314,CarryPro Chargers 00314,Accessories,Volatile,6.46,Low,88.0,High,78.87,High,Forecast Accuracy,20.0,0,0.005,0.2722,0.0,19.9278,3.93,1.1195,0.0,12.5,11.482,0.0,19.7652,0.9957,2921596.3836,46453.3825,1424982.36,1496614.0236,0.0,0.0,0,0.0,Monitor forecast accuracy and review model error drivers
834,4,P4 - Routine,P01237,CarryPro Cables 01237,Accessories,Trending,6.46,Low,88.0,High,51.1,Medium,Forecast Accuracy,20.0,0,0.0082,0.5427,0.0,12.3295,3.74,1.4665,0.0,12.5,9.4958,0.0,18.2131,0.9922,1147545.1362,18475.4767,904079.16,243465.9762,0.0,6204.07,0,0.0,Monitor forecast accuracy and review model error drivers
835,4,P4 - Routine,P01809,Vertex Laptops 01809,Electronics,Seasonal,6.46,Low,88.0,High,33.54,Low,Forecast Accuracy,20.0,0,0.1313,0.6263,0.0,18.7295,3.95,2.2956,0.0,10.0,11.7481,0.0,18.0493,0.9894,551588.9625,8935.7412,399370.05,152218.9125,0.0,1095.45,0,0.0,Monitor forecast accuracy and review model error drivers
836,4,P4 - Routine,P00354,Vertex Audio 00354,Electronics,Seasonal,6.45,Low,88.0,High,92.85,Very High,Forecast Accuracy,20.0,0,0.0523,0.2048,0.0,18.6104,3.99,1.2829,0.0,12.5,11.5575,0.0,18.8911,0.994,5676657.6847,89691.1914,3713369.49,1963288.1947,0.0,2729.18,0,0.0,Monitor forecast accuracy and review model error drivers
837,4,P4 - Routine,P00268,PaperWorks Storage 00268,Office Supplies,Trending,6.45,Low,88.0,High,45.98,Medium,Forecast Accuracy,20.0,0,0.0609,1.3905,0.0,10.2712,3.09,1.7516,0.0,8.3333,8.7362,0.0,18.3707,0.9921,888085.7242,14298.1802,735988.81,152096.9142,0.0,6239.81,0,0.0,Monitor forecast accuracy and review model error drivers
838,4,P4 - Routine,P01161,TechMate Chargers 01161,Accessories,Trending,6.45,Low,88.0,High,58.19,Medium,Forecast Accuracy,20.0,0,0.0331,0.4883,0.0,11.9487,3.61,0.682,0.0,13.125,9.595,0.0,17.9934,0.9987,871447.7835,13943.1645,376630.41,494817.3735,0.0,8796.57,0,0.0,Monitor forecast accuracy and review model error drivers
839,4,P4 - Routine,P00966,Arctic Washing Machines 00966,Home Appliances,Seasonal,6.44,Low,88.0,High,92.58,Very High,Forecast Accuracy,20.0,0,0.0107,0.546,0.0,11.2731,3.98,2.6618,0.0,10.0,11.1893,0.0,17.9554,0.9857,7374266.112,116513.4046,6211752.0,1162514.112,0.0,2891.73,0,0.0,Monitor forecast accuracy and review model error drivers
840,4,P4 - Routine,P01208,ComfortMax Refrigerators 01208,Home Appliances,Seasonal,6.44,Low,88.0,High,76.56,High,Forecast Accuracy,20.0,0,0.1721,1.1081,0.0,11.8971,3.22,1.1077,0.0,8.3333,10.9094,0.0,18.3063,0.9958,2098783.2478,33370.6536,1430858.5,667924.7478,0.0,0.0,0,0.0,Monitor forecast accuracy and review model error drivers
841,4,P4 - Routine,P00606,Glow Haircare 00606,Personal Care,Seasonal,6.44,Low,88.0,High,20.95,Low,Forecast Accuracy,20.0,0,0.1042,1.2687,0.0,11.3531,3.22,1.556,0.0,8.3333,10.0217,0.0,18.2441,0.9927,244213.2514,3956.2547,149344.75,94868.5014,0.0,10016.51,0,0.0,Monitor forecast accuracy and review model error drivers
842,4,P4 - Routine,P00099,Apex Laptops 00099,Electronics,Seasonal,6.43,Low,88.0,High,99.83,Very High,Forecast Accuracy,20.0,0,0.0015,0.6624,0.0,18.4716,3.96,3.0194,0.0,8.5417,11.8166,0.0,18.227,0.9849,19473279.0852,305730.4816,16459074.0,3014205.0852,0.0,0.0,0,0.0,Monitor forecast accuracy and review model error drivers
843,4,P4 - Routine,P01524,NovaTech Audio 01524,Electronics,Trending,6.43,Low,88.0,High,73.46,High,Forecast Accuracy,20.0,0,0.0059,0.0482,0.0,17.5164,3.97,0.7635,0.0,14.7917,10.1199,0.0,17.7553,0.9965,1903042.899,30258.3821,1223821.8,679221.099,0.0,49.1,0,0.0,Monitor forecast accuracy and review model error drivers
844,4,P4 - Routine,P00068,TechMate Bags 00068,Accessories,Stable,6.43,Low,88.0,High,46.09,Medium,Forecast Accuracy,20.0,0,0.0516,0.1405,0.0,10.0189,3.89,1.3298,0.0,16.875,6.4173,0.0,16.4505,0.9936,780066.3184,12481.0611,612241.54,167824.7784,0.0,2122.93,0,0.0,Monitor forecast accuracy and review model error drivers
845,4,P4 - Routine,P01820,EverHome Microwaves 01820,Home Appliances,Seasonal,6.43,Low,88.0,High,42.52,Medium,Forecast Accuracy,20.0,0,0.1003,0.554,0.0,12.9599,3.74,1.2803,0.0,11.25,11.1089,0.0,17.6637,0.994,740779.975,11852.4796,415580.1,325199.875,0.0,3693.88,0,0.0,Monitor forecast accuracy and review model error drivers
846,4,P4 - Routine,P00420,OfficePro Desk Accessories 00420,Office Supplies,Trending,6.43,Low,88.0,High,31.59,Low,Forecast Accuracy,20.0,0,0.097,0.5823,0.0,11.1234,3.67,1.4373,0.0,12.9167,8.6521,0.0,18.0888,0.9938,419153.448,6748.3705,324111.21,95042.238,0.0,0.0,0,0.0,Monitor forecast accuracy and review model error drivers
847,4,P4 - Routine,P00392,Arctic Washing Machines 00392,Home Appliances,Seasonal,6.4,Low,88.0,High,83.5,Very High,Forecast Accuracy,20.0,0,0.0835,0.3132,0.0,12.9219,4.2,2.99,0.0,11.0417,10.9667,0.0,17.8375,0.9852,4594131.4062,72127.8631,4051349.4,542782.0062,0.0,2163.57,0,0.0,Monitor forecast accuracy and review model error drivers
848,4,P4 - Routine,P00663,PureLife Oral Care 00663,Personal Care,Seasonal,6.4,Low,88.0,High,11.82,Low,Forecast Accuracy,20.0,0,0.0661,1.3088,0.0,10.432,3.09,1.2332,0.0,8.3333,9.805,0.0,18.5145,0.9945,95864.6977,1543.4216,60078.52,35786.1777,0.0,33.0,0,0.0,Monitor forecast accuracy and review model error drivers
849,4,P4 - Routine,P01643,DermaX Haircare 01643,Personal Care,Trending,6.4,Low,88.0,High,7.92,Low,Forecast Accuracy,20.0,0,0.0268,0.6148,0.0,10.5265,3.62,1.3798,0.0,13.125,8.2643,0.0,17.2682,0.9944,61753.2888,1000.4033,51424.32,10328.9688,0.0,0.0,0,0.0,Monitor forecast accuracy and review model error drivers
850,4,P4 - Routine,P01628,PureLife Grooming 01628,Personal Care,Seasonal,6.4,Low,88.0,High,5.05,Low,Forecast Accuracy,20.0,0,0.1273,1.0668,0.0,11.1557,3.5,2.2287,0.0,8.9583,9.887,0.0,17.2719,0.99,42010.596,680.5717,33228.72,8781.876,0.0,0.0,0,0.0,Monitor forecast accuracy and review model error drivers
851,4,P4 - Routine,P01413,EverHome Washing Machines 01413,Home Appliances,Seasonal,6.39,Low,88.0,High,58.17,Medium,Forecast Accuracy,20.0,0,0.0961,0.0241,0.0,11.7114,4.47,3.0113,0.0,12.5,11.2448,0.0,17.5217,0.9863,1735210.464,27416.3253,1391176.32,344034.144,0.0,0.0,0,0.0,Monitor forecast accuracy and review model error drivers
852,4,P4 - Routine,P00460,Vertex Laptops 00460,Electronics,Trending,6.39,Low,88.0,High,69.72,High,Forecast Accuracy,20.0,0,0.046,0.2891,0.0,18.4662,3.81,1.0772,0.0,13.125,10.1078,0.0,17.1403,0.9961,1718778.5303,26984.8229,1186086.26,532692.2703,0.0,231.48,0,0.0,Monitor forecast accuracy and review model error drivers
853,4,P4 - Routine,P01455,NovaTech Smartphones 01455,Electronics,Trending,6.39,Low,88.0,High,58.35,Medium,Forecast Accuracy,20.0,0,0.0566,0.0602,0.0,17.2606,4.18,1.9842,0.0,13.9583,9.9378,0.0,17.8441,0.9911,1541146.1022,24350.1084,1214805.24,326340.8622,0.0,0.0,0,0.0,Monitor forecast accuracy and review model error drivers
854,4,P4 - Routine,P01262,OfficePro Paper 01262,Office Supplies,Stable,6.39,Low,76.0,Medium,20.87,Low,Demand Anomaly,27.78,1,0.1489,2.0476,0.0,6.345,0.98,0.6537,0.0,0.0,5.2352,0.0,17.3962,0.9976,114335.96,1829.3754,114335.96,0.0,0.0,402.08,0,0.0,Investigate demand anomaly and increase short-term demand monitoring
855,4,P4 - Routine,P00523,UrbanGear Bags 00523,Accessories,Stable,6.37,Low,88.0,High,80.23,Very High,Forecast Accuracy,20.0,0,0.0164,0.4175,0.0,10.1604,3.7,1.9761,0.0,14.375,6.3724,0.0,16.2153,0.9912,3139023.1945,48968.7618,2564893.0,574130.1945,0.0,0.0,0,0.0,Monitor forecast accuracy and review model error drivers
856,4,P4 - Routine,P00622,Apex TVs 00622,Electronics,Stable,6.37,Low,88.0,High,57.97,Medium,Forecast Accuracy,20.0,0,0.1481,0.8913,0.0,15.7497,3.54,2.4809,0.0,10.2083,8.424,0.0,17.0639,0.9889,1544185.195,24243.7076,1307903.38,236281.815,0.0,995.91,0,0.0,Monitor forecast accuracy and review model error drivers
857,4,P4 - Routine,P00094,PureLife Oral Care 00094,Personal Care,Seasonal,6.37,Low,88.0,High,22.29,Low,Forecast Accuracy,20.0,0,0.0374,1.2189,0.0,10.6921,3.21,1.657,0.0,8.3333,9.7683,0.0,18.4605,0.993,269483.004,4284.7798,153698.58,115784.424,0.0,0.0,0,0.0,Monitor forecast accuracy and review model error drivers
858,4,P4 - Routine,P00741,PureLife Skincare 00741,Personal Care,Trending,6.37,Low,88.0,High,19.71,Low,Forecast Accuracy,20.0,0,0.098,0.7487,0.0,11.5801,3.53,1.6465,0.0,11.875,8.3596,0.0,17.4251,0.9931,213471.89,3415.5502,160603.25,52868.64,0.0,12501.58,0,0.0,Monitor forecast accuracy and review model error drivers
859,4,P4 - Routine,P01935,PaperWorks Desk Accessories 01935,Office Supplies,Trending,6.37,Low,88.0,High,26.25,Low,Forecast Accuracy,20.0,0,0.0974,1.5864,0.0,10.5167,2.57,0.223,0.0,8.3333,8.3386,0.0,18.0894,0.9991,205602.6,3269.0813,57764.54,147838.06,0.0,0.0,0,0.0,Monitor forecast accuracy and review model error drivers
860,4,P4 - Routine,P00344,Arctic Air Conditioners 00344,Home Appliances,Seasonal,6.36,Low,88.0,High,84.55,Very High,Forecast Accuracy,20.0,0,0.0751,0.4095,0.0,11.5378,3.95,2.3103,0.0,10.8333,10.8513,0.0,17.7546,0.9906,4103605.059,64016.2389,3036786.06,1066818.999,0.0,2274.67,0,0.0,Monitor forecast accuracy and review model error drivers
861,4,P4 - Routine,P01891,NovaTech Laptops 01891,Electronics,Seasonal,6.36,Low,88.0,High,68.76,High,Forecast Accuracy,20.0,0,0.1336,0.6786,0.0,18.7676,4.19,4.3831,0.0,7.5,11.6784,0.0,17.5081,0.9795,2883477.6758,44982.2517,2544948.31,338529.3658,0.0,817.26,0,0.0,Monitor forecast accuracy and review model error drivers
862,4,P4 - Routine,P01572,Vertex Audio 01572,Electronics,Trending,6.36,Low,88.0,High,35.16,Low,Forecast Accuracy,20.0,0,0.0667,0.1927,0.0,17.4026,3.83,0.6463,0.0,13.75,10.509,0.0,18.0763,0.9976,403950.26,6382.4141,187593.0,216357.26,0.0,242.54,0,0.0,Monitor forecast accuracy and review model error drivers
863,4,P4 - Routine,P01570,DermaX Oral Care 01570,Personal Care,Seasonal,6.36,Low,88.0,High,20.94,Low,Forecast Accuracy,20.0,0,0.0178,0.2842,0.0,12.0502,4.15,2.5771,0.0,12.5,10.0041,0.0,18.2037,0.9879,275645.6361,4382.7656,196229.28,79416.3561,0.0,0.0,0,0.0,Monitor forecast accuracy and review model error drivers
864,4,P4 - Routine,P00940,Glow Haircare 00940,Personal Care,Seasonal,6.36,Low,88.0,High,18.63,Low,Forecast Accuracy,20.0,0,0.0766,0.5099,0.0,10.823,3.78,1.7272,0.0,12.0833,9.6697,0.0,17.4874,0.9923,199838.655,3177.4346,140122.6,59716.055,0.0,3619.62,0,0.0,Monitor forecast accuracy and review model error drivers
865,4,P4 - Routine,P00515,Apex TVs 00515,Electronics,Trending,6.35,Low,88.0,High,84.01,Very High,Forecast Accuracy,20.0,0,0.2321,1.4694,0.0,17.6466,2.71,0.6363,0.0,7.0833,9.6864,0.0,17.84,0.9977,2788187.646,43216.9085,1355260.4,1432927.246,0.0,0.0,0,0.0,Monitor forecast accuracy and review model error drivers
866,4,P4 - Routine,P00870,UrbanGear Chargers 00870,Accessories,Volatile,6.35,Low,76.0,Medium,54.74,Medium,Forecast Accuracy,40.0,0,0.0222,0.3786,0.0,21.778,2.29,1.4435,0.0,0.0,12.3898,0.0,19.5081,0.9938,1037660.54,16291.2705,1037660.54,0.0,0.0,6109.15,0,0.0,Monitor forecast accuracy and review model error drivers
867,4,P4 - Routine,P00437,Vertex TVs 00437,Electronics,Trending,6.35,Low,88.0,High,56.27,Medium,Forecast Accuracy,20.0,0,0.0387,0.0482,0.0,15.9548,3.93,0.8323,0.0,14.5833,9.9565,0.0,17.8993,0.9972,1001835.621,15728.8192,547859.4,453976.221,0.0,0.0,0,0.0,Monitor forecast accuracy and review model error drivers
868,4,P4 - Routine,P00568,ComfortMax Air Conditioners 00568,Home Appliances,Volatile,6.34,Low,88.0,High,62.73,High,Forecast Accuracy,20.0,0,0.0,0.1686,0.0,19.3212,3.86,0.7442,0.0,12.9167,11.3509,0.0,19.2382,0.9967,1414967.0904,22073.4866,649305.75,765661.3404,0.0,3592.49,0,0.0,Monitor forecast accuracy and review model error drivers
869,4,P4 - Routine,P01623,CarePlus Skincare 01623,Personal Care,Seasonal,6.34,Low,88.0,High,35.08,Low,Forecast Accuracy,20.0,0,0.0841,0.7277,0.0,11.2859,3.58,1.7593,0.0,10.625,9.7199,0.0,17.6243,0.992,572132.9352,8982.4871,363404.2,208728.7352,0.0,15857.12,0,0.0,Monitor forecast accuracy and review model error drivers
870,4,P4 - Routine,P01969,HomePro Refrigerators 01969,Home Appliances,Seasonal,6.33,Low,88.0,High,56.29,Medium,Forecast Accuracy,20.0,0,0.0769,0.6263,0.0,11.0493,3.71,1.8945,0.0,9.7917,11.14,0.0,17.9525,0.9893,1429475.6151,22299.8196,1204067.16,225408.4551,0.0,115.82,0,0.0,Monitor forecast accuracy and review model error drivers
871,4,P4 - Routine,P00655,Arctic Microwaves 00655,Home Appliances,Seasonal,6.32,Low,88.0,High,93.92,Very High,Forecast Accuracy,20.0,0,0.0169,0.5059,0.0,11.0051,3.97,2.9339,0.0,9.5833,11.0092,0.0,17.9649,0.9857,8653730.2944,133267.4465,6773466.24,1880264.0544,0.0,44.15,0,0.0,Monitor forecast accuracy and review model error drivers
872,4,P4 - Routine,P00958,Vertex Smartphones 00958,Electronics,Seasonal,6.32,Low,88.0,High,88.16,Very High,Forecast Accuracy,20.0,0,0.0081,0.7949,0.0,17.9418,3.47,1.4646,0.0,8.3333,11.8909,0.0,18.3769,0.9936,4243867.3665,65355.5574,2760427.53,1483439.8365,0.0,370.74,0,0.0,Monitor forecast accuracy and review model error drivers
873,4,P4 - Routine,P01468,ComfortMax Microwaves 01468,Home Appliances,Stable,6.32,Low,76.0,Medium,67.99,High,Supplier,16.67,0,0.1641,1.8067,0.0,7.4764,4.21,1.9803,0.0,16.6667,7.4192,0.0,17.5056,0.9898,2105014.89,32627.7308,1710598.0,394416.89,0.0,0.0,0,0.0,Monitor supplier performance and lead-time stability
874,4,P4 - Routine,P00037,Arctic Washing Machines 00037,Home Appliances,Seasonal,6.32,Low,88.0,High,36.86,Low,Forecast Accuracy,20.0,0,0.0345,0.2143,0.0,12.7002,4.4,3.5088,0.0,10.8333,11.454,0.0,17.7908,0.9827,713252.7525,11198.0682,638341.5,74911.2525,0.0,174.16,0,0.0,Monitor forecast accuracy and review model error drivers
875,4,P4 - Routine,P01764,CarePlus Haircare 01764,Personal Care,Trending,6.32,Low,88.0,High,38.07,Low,Forecast Accuracy,20.0,0,0.0079,0.5625,0.0,10.0833,3.55,1.3338,0.0,12.9167,8.094,0.0,17.8258,0.9949,586781.6253,9212.4715,387640.24,199141.3853,0.0,25179.31,0,0.0,Monitor forecast accuracy and review model error drivers
876,4,P4 - Routine,P01691,Zenith Laptops 01691,Electronics,Seasonal,6.31,Low,88.0,High,71.87,High,Forecast Accuracy,20.0,0,0.1039,0.6986,0.0,18.3448,3.82,2.8238,0.0,8.3333,11.4748,0.0,18.4017,0.9855,2888648.636,44485.189,2343489.44,545159.196,0.0,0.0,0,0.0,Monitor forecast accuracy and review model error drivers
877,4,P4 - Routine,P00626,EverHome Microwaves 00626,Home Appliances,Seasonal,6.31,Low,88.0,High,74.87,High,Forecast Accuracy,20.0,0,0.0687,0.0241,0.0,13.2583,4.08,1.516,0.0,12.9167,11.2631,0.0,18.074,0.9931,2601650.49,40065.4175,1586372.25,1015278.24,0.0,1133.35,0,0.0,Monitor forecast accuracy and review model error drivers
878,4,P4 - Routine,P00858,PureLife Oral Care 00858,Personal Care,Seasonal,6.31,Low,88.0,High,25.41,Low,Forecast Accuracy,20.0,0,0.0864,0.6971,0.0,11.3021,3.72,2.3166,0.0,10.2083,9.9484,0.0,17.7935,0.9892,365696.424,5741.4339,245551.5,120144.924,0.0,0.0,0,0.0,Monitor forecast accuracy and review model error drivers
879,4,P4 - Routine,P01613,PureLife Oral Care 01613,Personal Care,Trending,6.31,Low,88.0,High,15.61,Low,Forecast Accuracy,20.0,0,0.0191,0.713,0.0,10.2755,3.35,0.7967,0.0,12.5,8.2187,0.0,18.0351,0.9961,120732.869,1907.5793,93478.94,27253.929,0.0,3784.21,0,0.0,Monitor forecast accuracy and review model error drivers
880,4,P4 - Routine,P01965,PureLife Oral Care 01965,Personal Care,Seasonal,6.31,Low,88.0,High,12.33,Low,Forecast Accuracy,20.0,0,0.1344,1.3074,0.0,10.9755,2.9,0.7013,0.0,8.3333,9.6138,0.0,18.4797,0.9971,96418.784,1523.4168,37348.85,59069.934,0.0,0.0,0,0.0,Monitor forecast accuracy and review model error drivers
881,4,P4 - Routine,P00272,ConnectX Chargers 00272,Accessories,Trending,6.3,Low,88.0,High,99.08,Very High,Forecast Accuracy,20.0,0,0.0024,0.5225,0.0,11.848,3.68,1.9977,0.0,11.0417,9.5234,0.0,17.5376,0.991,13722440.3336,209953.3371,11117588.28,2604852.0536,0.0,25070.71,0,0.0,Monitor forecast accuracy and review model error drivers
882,4,P4 - Routine,P00875,Apex Audio 00875,Electronics,Trending,6.3,Low,88.0,High,64.77,High,Forecast Accuracy,20.0,0,0.0494,1.0599,0.0,17.1362,3.01,0.4611,0.0,8.9583,10.2158,0.0,18.1284,0.9981,1063397.98,16376.3289,649734.0,413663.98,0.0,95.11,0,0.0,Monitor forecast accuracy and review model error drivers
883,4,P4 - Routine,P00507,TechMate Bags 00507,Accessories,Trending,6.29,Low,88.0,High,86.13,Very High,Forecast Accuracy,20.0,0,0.0277,0.4406,0.0,13.756,3.78,2.1167,0.0,11.25,9.7473,0.0,17.6215,0.9898,5116989.8865,78289.9453,4080416.82,1036573.0665,0.0,5606.07,0,0.0,Monitor forecast accuracy and review model error drivers
884,4,P4 - Routine,P00152,Zenith Laptops 00152,Electronics,Stable,6.29,Low,88.0,High,70.78,High,Forecast Accuracy,20.0,0,0.0349,0.265,0.0,15.5995,3.65,0.9271,0.0,14.1667,8.3336,0.0,17.0055,0.9962,1686376.5276,25970.1985,1147960.53,538415.9976,0.0,60.73,0,0.0,Monitor forecast accuracy and review model error drivers
885,4,P4 - Routine,P01583,PureLife Haircare 01583,Personal Care,Trending,6.29,Low,88.0,High,22.1,Low,Forecast Accuracy,20.0,0,0.0278,0.5692,0.0,11.2777,3.46,0.896,0.0,13.125,8.1245,0.0,17.1008,0.9965,207024.9348,3250.2915,126243.12,80781.8148,0.0,0.0,0,0.0,Monitor forecast accuracy and review model error drivers
886,4,P4 - Routine,P01436,Zenith Audio 01436,Electronics,Seasonal,6.28,Low,88.0,High,89.02,Very High,Forecast Accuracy,20.0,0,0.0337,0.0843,0.0,18.0516,4.11,1.9676,0.0,11.6667,11.772,0.0,17.6313,0.9899,5460000.2602,82992.004,3689976.7,1770023.5602,0.0,454.6,0,0.0,Monitor forecast accuracy and review model error drivers
887,4,P4 - Routine,P01896,PaperWorks Desk Accessories 01896,Office Supplies,Trending,6.28,Low,88.0,High,65.46,High,Forecast Accuracy,20.0,0,0.1708,1.0824,0.0,10.6147,3.33,2.52,0.0,8.3333,8.8179,0.0,18.2631,0.9899,2140038.8875,32956.5989,1687035.5,453003.3875,0.0,17837.36,0,0.0,Monitor forecast accuracy and review model error drivers
888,4,P4 - Routine,P00874,EverHome Microwaves 00874,Home Appliances,Seasonal,6.27,Low,88.0,High,56.85,Medium,Forecast Accuracy,20.0,0,0.1153,0.6504,0.0,11.2939,3.9,3.2083,0.0,8.5417,11.0691,0.0,18.1745,0.983,1757038.8704,27058.3986,1520593.44,236445.4304,0.0,1088.25,0,0.0,Monitor forecast accuracy and review model error drivers
889,4,P4 - Routine,P00560,CarePlus Haircare 00560,Personal Care,Seasonal,6.27,Low,88.0,High,12.07,Low,Forecast Accuracy,20.0,0,0.0629,0.3914,0.0,10.6499,3.76,1.4464,0.0,12.5,9.6651,0.0,18.4073,0.9924,103582.318,1615.8842,80607.45,22974.868,0.0,458.93,0,0.0,Monitor forecast accuracy and review model error drivers
890,4,P4 - Routine,P00209,Apex Audio 00209,Electronics,Seasonal,6.26,Low,88.0,High,89.91,Very High,Forecast Accuracy,20.0,0,0.09,0.3694,0.0,18.3812,4.1,3.1383,0.0,9.1667,11.9163,0.0,17.3478,0.9864,5804721.5125,87651.2948,5267103.01,537618.5025,0.0,0.0,0,0.0,Monitor forecast accuracy and review model error drivers
891,4,P4 - Routine,P00131,Arctic Air Conditioners 00131,Home Appliances,Seasonal,6.26,Low,88.0,High,83.61,Very High,Forecast Accuracy,20.0,0,0.0769,0.6263,0.0,11.6021,3.75,2.5252,0.0,8.75,11.1792,0.0,17.3845,0.9884,4607663.7264,70036.4886,3155544.63,1452119.0964,0.0,203.83,0,0.0,Monitor forecast accuracy and review model error drivers
892,4,P4 - Routine,P01985,Vertex TVs 01985,Electronics,Trending,6.26,Low,88.0,High,88.59,Very High,Forecast Accuracy,20.0,0,0.1347,0.9876,0.0,17.5405,3.08,0.8736,0.0,8.75,10.0361,0.0,17.2697,0.9967,4044691.8534,61479.3162,1942322.25,2102369.6034,0.0,0.0,0,0.0,Monitor forecast accuracy and review model error drivers
893,4,P4 - Routine,P01022,EverHome Air Conditioners 01022,Home Appliances,Volatile,6.26,Low,88.0,High,78.66,High,Forecast Accuracy,20.0,0,0.2616,0.5974,0.0,19.4505,3.77,2.2948,0.0,8.3333,12.196,0.0,20.0717,0.9894,3386720.8704,51478.1572,2440704.0,946016.8704,0.0,0.0,0,0.0,Monitor forecast accuracy and review model error drivers
894,4,P4 - Routine,P01469,ConnectX Bags 01469,Accessories,Trending,6.26,Low,88.0,High,66.36,High,Forecast Accuracy,20.0,0,0.0593,0.0897,0.0,13.7923,3.87,1.223,0.0,13.9583,9.4107,0.0,17.9302,0.9946,1804150.675,27603.5053,1300718.8,503431.875,0.0,3280.3,0,0.0,Monitor forecast accuracy and review model error drivers
895,4,P4 - Routine,P01034,Vertex Laptops 01034,Electronics,Seasonal,6.25,Low,88.0,High,59.36,Medium,Forecast Accuracy,20.0,0,0.0794,0.1686,0.0,18.2893,4.3,3.2273,0.0,10.625,11.5617,0.0,17.8965,0.9828,1896434.7584,29015.4518,1636661.46,259773.2984,0.0,1670.08,0,0.0,Monitor forecast accuracy and review model error drivers
896,4,P4 - Routine,P01499,ComfortMax Microwaves 01499,Home Appliances,Seasonal,6.25,Low,88.0,High,32.27,Low,Forecast Accuracy,20.0,0,0.0468,0.9395,0.0,13.8066,3.32,1.3642,0.0,8.3333,11.0866,0.0,18.2791,0.9932,437496.6395,6737.4482,293107.76,144388.8795,0.0,316.78,0,0.0,Monitor forecast accuracy and review model error drivers
897,4,P4 - Routine,P00320,EverHome Air Conditioners 00320,Home Appliances,Seasonal,6.25,Low,88.0,High,41.63,Medium,Forecast Accuracy,20.0,0,0.1417,1.084,0.0,12.5146,2.92,0.0,0.0,8.3333,11.1576,0.0,18.6905,1.0,376087.314,5791.7446,0.0,376087.314,0.0,0.0,0,0.0,Monitor forecast accuracy and review model error drivers
898,4,P4 - Routine,P00547,Zenith Laptops 00547,Electronics,Trending,6.25,Low,88.0,High,45.68,Medium,Forecast Accuracy,20.0,0,0.0566,0.2409,0.0,18.6224,3.59,0.1493,0.0,13.3333,10.2963,0.0,18.098,0.9999,374894.1813,5773.3704,27298.12,347596.0613,0.0,0.0,0,0.0,Monitor forecast accuracy and review model error drivers
899,4,P4 - Routine,P00052,DeskMate Writing 00052,Office Supplies,Trending,6.24,Low,88.0,High,43.19,Medium,Forecast Accuracy,20.0,0,0.0057,0.5059,0.0,11.4847,3.46,0.9108,0.0,12.5,8.761,0.0,18.6187,0.9964,659303.0752,10087.3371,413356.16,245946.9152,0.0,0.0,0,0.0,Monitor forecast accuracy and review model error drivers
900,4,P4 - Routine,P01747,Zenith Smartphones 01747,Electronics,Trending,6.24,Low,88.0,High,46.21,Medium,Forecast Accuracy,20.0,0,0.2727,1.1804,0.0,16.1497,2.82,0.2221,0.0,8.3333,10.0542,0.0,18.486,0.9991,544964.844,8337.9621,143261.0,401703.844,0.0,318.04,0,0.0,Monitor forecast accuracy and review model error drivers
901,4,P4 - Routine,P01027,UrbanGear Bags 01027,Accessories,Trending,6.23,Low,88.0,High,97.43,Very High,Forecast Accuracy,20.0,0,0.0975,0.2338,0.0,13.2294,3.72,1.2695,0.0,12.5,9.7322,0.0,18.2094,0.9942,9039903.0725,135598.5461,6370110.64,2669792.4325,0.0,0.0,0,0.0,Monitor forecast accuracy and review model error drivers
902,4,P4 - Routine,P00509,UrbanGear Mobile Accessories 00509,Accessories,Trending,6.23,Low,88.0,High,92.57,Very High,Forecast Accuracy,20.0,0,0.0384,0.505,0.0,11.402,3.73,2.3692,0.0,10.4167,9.7414,0.0,17.766,0.9886,7650904.6575,114763.5699,6239185.8,1411718.8575,0.0,0.0,0,0.0,Monitor forecast accuracy and review model error drivers
903,4,P4 - Routine,P01803,EverHome Washing Machines 01803,Home Appliances,Seasonal,6.23,Low,88.0,High,78.03,High,Forecast Accuracy,20.0,0,0.0112,0.819,0.0,12.0012,3.7,3.1407,0.0,7.2917,11.0986,0.0,17.6399,0.9837,4128783.6236,62344.6327,3112148.46,1016635.1636,0.0,1823.69,0,0.0,Monitor forecast accuracy and review model error drivers
904,4,P4 - Routine,P00375,Apex TVs 00375,Electronics,Volatile,6.23,Low,76.0,Medium,60.43,High,Forecast Accuracy,40.0,0,0.1098,0.0964,0.0,24.6241,2.36,0.8246,0.0,0.0,14.0721,0.0,20.0495,0.9972,787361.31,11967.8919,787361.31,0.0,0.0,1407.37,0,0.0,Monitor forecast accuracy and review model error drivers
905,4,P4 - Routine,P00302,Glow Haircare 00302,Personal Care,Trending,6.23,Low,88.0,High,19.77,Low,Forecast Accuracy,20.0,0,0.1003,0.381,0.0,11.1106,3.52,0.6783,0.0,13.75,8.3919,0.0,17.7543,0.9987,124621.5645,1919.1721,58087.3,66534.2645,0.0,0.0,0,0.0,Monitor forecast accuracy and review model error drivers
906,4,P4 - Routine,P01588,EverHome Refrigerators 01588,Home Appliances,Seasonal,6.22,Low,88.0,High,43.38,Medium,Forecast Accuracy,20.0,0,0.1667,0.8672,0.0,12.3432,3.31,1.2816,0.0,8.5417,10.9675,0.0,18.1868,0.994,766330.1886,11724.8519,431532.72,334797.4686,0.0,232.95,0,0.0,Monitor forecast accuracy and review model error drivers
907,4,P4 - Routine,P00358,CarePlus Haircare 00358,Personal Care,Trending,6.22,Low,88.0,High,31.04,Low,Forecast Accuracy,20.0,0,0.1322,0.7321,0.0,10.1166,3.32,1.2392,0.0,11.4583,8.1971,0.0,17.4474,0.9945,401408.706,6141.5532,286135.44,115273.266,0.0,12477.74,0,0.0,Monitor forecast accuracy and review model error drivers
908,4,P4 - Routine,P01003,CarryPro Cables 01003,Accessories,Trending,6.2,Low,88.0,High,92.57,Very High,Forecast Accuracy,20.0,0,0.0307,0.006,0.0,15.4766,4.44,3.9984,0.0,11.6667,9.9609,0.0,16.8185,0.9806,9732203.2722,145009.8288,9237104.34,495098.9322,0.0,8665.51,0,0.0,Monitor forecast accuracy and review model error drivers
909,4,P4 - Routine,P01910,Vertex TVs 01910,Electronics,Stable,6.2,Low,88.0,High,76.57,High,Forecast Accuracy,20.0,0,0.037,0.4577,0.0,15.1685,3.44,0.9848,0.0,12.5,8.4843,0.0,17.8138,0.9956,2080400.916,31206.0137,1477069.02,603331.896,0.0,0.0,0,0.0,Monitor forecast accuracy and review model error drivers
910,4,P4 - Routine,P01582,HomePro Air Conditioners 01582,Home Appliances,Seasonal,6.2,Low,88.0,High,53.23,Medium,Forecast Accuracy,20.0,0,0.1275,1.3731,0.0,11.0017,3.14,2.5825,0.0,5.0,10.7372,0.0,18.1459,0.9892,1225868.6664,18510.6169,1090963.68,134904.9864,0.0,481.4,0,0.0,Monitor forecast accuracy and review model error drivers
911,4,P4 - Routine,P00281,ConnectX Mobile Accessories 00281,Accessories,Stable,6.19,Low,88.0,High,86.73,Very High,Forecast Accuracy,20.0,0,0.0255,0.5971,0.0,10.2059,3.18,0.8227,0.0,13.3333,6.2283,0.0,17.1593,0.9973,3065214.342,45671.6937,1701166.71,1364047.632,0.0,0.0,0,0.0,Monitor forecast accuracy and review model error drivers
912,4,P4 - Routine,P00431,Apex TVs 00431,Electronics,Trending,6.19,Low,88.0,High,77.79,High,Forecast Accuracy,20.0,0,0.009,0.2409,0.0,17.4753,3.56,0.4737,0.0,12.7083,10.1075,0.0,18.1678,0.998,2008180.8156,30122.7122,923880.76,1084300.0556,0.0,0.0,0,0.0,Monitor forecast accuracy and review model error drivers
913,4,P4 - Routine,P01071,EverHome Refrigerators 01071,Home Appliances,Volatile,6.19,Low,88.0,High,67.11,High,Forecast Accuracy,20.0,0,0.1411,0.554,0.0,19.0748,3.67,1.7205,0.0,8.3333,12.6967,0.0,19.7909,0.9924,1978061.7483,29670.9262,1295058.93,683002.8183,0.0,0.0,0,0.0,Monitor forecast accuracy and review model error drivers
914,4,P4 - Routine,P00254,EverHome Washing Machines 00254,Home Appliances,Seasonal,6.19,Low,88.0,High,43.69,Medium,Forecast Accuracy,20.0,0,0.0728,0.2168,0.0,12.0161,3.93,1.7932,0.0,11.25,11.3961,0.0,17.5812,0.9903,818473.2174,12358.9456,641006.1,177467.1174,0.0,326.31,0,0.0,Monitor forecast accuracy and review model error drivers
915,4,P4 - Routine,P01864,Glow Grooming 01864,Personal Care,Seasonal,6.19,Low,88.0,High,18.65,Low,Forecast Accuracy,20.0,0,0.0726,0.4029,0.0,11.3265,3.48,0.398,0.0,12.5,9.9235,0.0,18.3214,0.9988,151657.0183,2320.3524,33468.71,118188.3083,0.0,15847.98,0,0.0,Monitor forecast accuracy and review model error drivers
916,4,P4 - Routine,P01768,Glow Oral Care 01768,Personal Care,Seasonal,6.19,Low,88.0,High,2.6,Low,Forecast Accuracy,20.0,0,0.0595,0.1204,0.0,11.0504,4.09,2.1719,0.0,12.9167,9.9819,0.0,18.2102,0.9892,23691.15,364.8437,16767.0,6924.15,0.0,0.0,0,0.0,Monitor forecast accuracy and review model error drivers
917,4,P4 - Routine,P01073,Apex Smartphones 01073,Electronics,Stable,6.18,Low,88.0,High,87.53,Very High,Forecast Accuracy,20.0,0,0.0221,0.9636,0.0,15.3387,3.07,1.2861,0.0,9.1667,8.7577,0.0,17.2898,0.994,3918804.336,58390.1846,2708448.3,1210356.036,0.0,222.01,0,0.0,Monitor forecast accuracy and review model error drivers
918,4,P4 - Routine,P00727,Apex Smartphones 00727,Electronics,Seasonal,6.18,Low,88.0,High,79.47,High,Forecast Accuracy,20.0,0,0.1518,0.6143,0.0,19.3932,3.65,2.155,0.0,8.3333,11.708,0.0,18.5117,0.9894,3506785.181,52251.0992,2533085.9,973699.281,0.0,3423.06,0,0.0,Monitor forecast accuracy and review model error drivers
919,4,P4 - Routine,P00698,PureLife Skincare 00698,Personal Care,Trending,6.17,Low,88.0,High,12.94,Low,Forecast Accuracy,20.0,0,0.1789,1.3121,0.0,11.2433,2.77,0.8699,0.0,8.3333,8.4199,0.0,18.0917,0.9968,96552.4336,1477.2522,57122.8,39429.6336,0.0,24.76,0,0.0,Monitor forecast accuracy and review model error drivers
920,4,P4 - Routine,P01522,UrbanGear Chargers 01522,Accessories,Trending,6.16,Low,88.0,High,74.17,High,Forecast Accuracy,20.0,0,0.0367,0.7536,0.0,13.1671,3.57,2.7411,0.0,8.75,9.5562,0.0,17.9762,0.9863,3435922.515,51195.2455,2890176.0,545746.515,0.0,1524.53,0,0.0,Monitor forecast accuracy and review model error drivers
921,4,P4 - Routine,P00646,UrbanGear Bags 00646,Accessories,Stable,6.16,Low,88.0,High,56.79,Medium,Forecast Accuracy,20.0,0,0.0372,0.8768,0.0,10.4939,3.16,1.7896,0.0,11.25,6.207,0.0,16.7848,0.9931,1229825.4613,18447.3819,956306.08,273519.3813,0.0,113.0,0,0.0,Monitor forecast accuracy and review model error drivers
922,4,P4 - Routine,P00572,WriteWell Writing 00572,Office Supplies,Trending,6.15,Low,88.0,High,69.72,High,Forecast Accuracy,20.0,0,0.085,0.8218,0.0,10.4382,3.2,1.3511,0.0,9.7917,8.8675,0.0,17.6749,0.9961,1926088.425,28698.7175,1056042.99,870045.435,0.0,0.0,0,0.0,Monitor forecast accuracy and review model error drivers
923,4,P4 - Routine,P01858,Glow Haircare 01858,Personal Care,Trending,6.15,Low,88.0,High,2.49,Low,Forecast Accuracy,20.0,0,0.0041,0.4095,0.0,10.8021,3.51,0.9865,0.0,13.3333,8.1228,0.0,17.8068,0.9956,19609.11,300.0194,12937.5,6671.61,0.0,1794.42,0,0.0,Monitor forecast accuracy and review model error drivers
924,4,P4 - Routine,P01008,UrbanGear Cables 01008,Accessories,Trending,6.14,Low,88.0,High,76.47,High,Forecast Accuracy,20.0,0,0.0436,0.9376,0.0,12.3619,3.15,1.5051,0.0,8.5417,9.4164,0.0,18.1257,0.9918,2934231.0912,43426.6201,2335480.02,598751.0712,0.0,0.0,0,0.0,Monitor forecast accuracy and review model error drivers
925,4,P4 - Routine,P00810,Apex Audio 00810,Electronics,Trending,6.13,Low,88.0,High,84.08,Very High,Forecast Accuracy,20.0,0,0.1021,0.2505,0.0,18.0139,3.44,0.1578,0.0,12.5,10.1245,0.0,18.6622,0.9998,2486777.1617,36555.6243,154984.45,2331792.7117,0.0,73.65,0,0.0,Monitor forecast accuracy and review model error drivers
926,4,P4 - Routine,P00554,PureLife Skincare 00554,Personal Care,Trending,6.13,Low,88.0,High,30.33,Low,Forecast Accuracy,20.0,0,0.0919,0.6787,0.0,10.2203,3.47,2.0932,0.0,10.625,8.347,0.0,17.5555,0.9914,445555.6934,6683.3354,320780.72,124774.9734,0.0,0.0,0,0.0,Monitor forecast accuracy and review model error drivers
927,4,P4 - Routine,P00503,HomePro Refrigerators 00503,Home Appliances,Seasonal,6.12,Low,88.0,High,87.52,Very High,Forecast Accuracy,20.0,0,0.1719,1.1723,0.0,13.1611,3.22,2.6059,0.0,5.0,11.2612,0.0,18.0465,0.9876,5688677.8976,83623.5651,3965599.42,1723078.4776,0.0,0.0,0,0.0,Monitor forecast accuracy and review model error drivers
928,4,P4 - Routine,P01452,Glow Grooming 01452,Personal Care,Trending,6.12,Low,88.0,High,9.71,Low,Forecast Accuracy,20.0,0,0.0806,0.3643,0.0,11.4124,3.72,1.9833,0.0,12.5,8.3551,0.0,18.3499,0.9911,89136.098,1345.9551,71312.4,17823.698,0.0,608.41,0,0.0,Monitor forecast accuracy and review model error drivers
929,4,P4 - Routine,P00814,CarryPro Mobile Accessories 00814,Accessories,Trending,6.11,Low,88.0,High,79.45,High,Forecast Accuracy,20.0,0,0.0505,0.1359,0.0,11.8289,3.77,1.5657,0.0,12.5,9.5348,0.0,17.3279,0.9939,2997978.564,44070.2849,2235120.6,762857.964,0.0,0.0,0,0.0,Monitor forecast accuracy and review model error drivers
930,4,P4 - Routine,P00675,ComfortMax Washing Machines 00675,Home Appliances,Volatile,6.11,Low,88.0,High,63.52,High,Forecast Accuracy,20.0,0,0.2632,1.1884,0.0,18.1151,2.94,0.9739,0.0,5.2083,12.4729,0.0,19.3459,0.9957,1543287.2832,22840.6518,798459.84,744827.4432,0.0,0.0,0,0.0,Monitor forecast accuracy and review model error drivers
931,4,P4 - Routine,P00534,CarePlus Skincare 00534,Personal Care,Trending,6.11,Low,88.0,High,22.77,Low,Forecast Accuracy,20.0,0,0.1296,0.9154,0.0,10.4455,3.05,0.9758,0.0,10.0,8.4124,0.0,17.7426,0.9957,230304.503,3454.5675,151231.85,79072.653,0.0,12110.59,0,0.0,Monitor forecast accuracy and review model error drivers
932,4,P4 - Routine,P01608,ConnectX Cables 01608,Accessories,Stable,6.1,Low,88.0,High,69.51,High,Forecast Accuracy,20.0,0,0.087,0.3032,0.0,11.0853,3.33,0.6345,0.0,14.5833,6.3506,0.0,16.8283,0.9978,1440211.552,21171.1098,725207.74,715003.812,0.0,3993.42,0,0.0,Monitor forecast accuracy and review model error drivers
933,4,P4 - Routine,P00805,EverHome Washing Machines 00805,Home Appliances,Seasonal,6.1,Low,88.0,High,60.88,High,Forecast Accuracy,20.0,0,0.0548,0.0642,0.0,10.8062,3.75,0.8037,0.0,12.5,10.8789,0.0,18.0222,0.9961,1204542.7237,17706.778,770778.88,433763.8437,0.0,0.0,0,0.0,Monitor forecast accuracy and review model error drivers
934,4,P4 - Routine,P01450,WriteWell Desk Accessories 01450,Office Supplies,Trending,6.09,Low,88.0,High,32.24,Low,Forecast Accuracy,20.0,0,0.1259,1.2701,0.0,10.5988,2.97,2.0948,0.0,7.0833,8.5079,0.0,17.5369,0.99,486130.2966,7194.7284,437914.62,48215.6766,0.0,66.27,0,0.0,Monitor forecast accuracy and review model error drivers
935,4,P4 - Routine,P01296,Apex Audio 01296,Electronics,Trending,6.08,Low,88.0,High,75.74,High,Forecast Accuracy,20.0,0,0.0402,0.3613,0.0,17.1981,4.1,3.9931,0.0,8.9583,10.3601,0.0,17.7927,0.9779,4326140.7316,63161.6547,3918031.34,408109.3916,0.0,0.0,0,0.0,Monitor forecast accuracy and review model error drivers
936,4,P4 - Routine,P01814,NovaTech Audio 01814,Electronics,Stable,6.08,Low,88.0,High,77.34,High,Forecast Accuracy,20.0,0,0.0294,0.2891,0.0,15.4488,3.45,0.7741,0.0,12.7083,8.7502,0.0,17.3,0.9964,1979726.906,28904.0128,1444805.04,534921.866,0.0,0.0,0,0.0,Monitor forecast accuracy and review model error drivers
937,4,P4 - Routine,P00555,CarryPro Bags 00555,Accessories,Trending,6.08,Low,88.0,High,68.62,High,Forecast Accuracy,20.0,0,0.1059,1.2402,0.0,12.6398,2.84,1.3484,0.0,6.6667,9.5758,0.0,17.5973,0.9947,1910193.4672,27888.8246,1367714.96,542478.5072,0.0,0.0,0,0.0,Monitor forecast accuracy and review model error drivers
938,4,P4 - Routine,P01006,DeskMate Desk Accessories 01006,Office Supplies,Trending,6.07,Low,88.0,High,64.75,High,Forecast Accuracy,20.0,0,0.0686,0.3044,0.0,10.9523,3.52,1.1998,0.0,12.5,8.5833,0.0,18.0049,0.9949,1585586.5525,23149.5637,1233094.8,352491.7525,0.0,0.0,0,0.0,Monitor forecast accuracy and review model error drivers
939,4,P4 - Routine,P00694,Zenith Laptops 00694,Electronics,Seasonal,6.06,Low,88.0,High,99.19,Very High,Forecast Accuracy,20.0,0,0.1053,0.2891,0.0,17.6405,3.89,2.6758,0.0,9.1667,11.4176,0.0,18.054,0.9883,15119934.9751,217727.0636,10781745.18,4338189.7951,0.0,781.07,0,0.0,Monitor forecast accuracy and review model error drivers
940,4,P4 - Routine,P01231,CarryPro Cables 01231,Accessories,Trending,6.06,Low,88.0,High,60.16,High,Forecast Accuracy,20.0,0,0.0667,0.6472,0.0,12.7075,3.52,2.346,0.0,8.9583,9.8099,0.0,17.1442,0.9902,1780127.6766,25989.8641,1467603.51,312524.1666,0.0,8388.95,0,0.0,Monitor forecast accuracy and review model error drivers
941,4,P4 - Routine,P01325,CarryPro Bags 01325,Accessories,Trending,6.06,Low,88.0,High,55.13,Medium,Forecast Accuracy,20.0,0,0.0346,0.2446,0.0,12.3021,3.43,0.2352,0.0,12.5,9.9173,0.0,18.2729,0.999,739812.744,10801.2661,269349.3,470463.444,0.0,5.0,0,0.0,Monitor forecast accuracy and review model error drivers
942,4,P4 - Routine,P00674,DermaX Grooming 00674,Personal Care,Trending,6.06,Low,88.0,High,18.22,Low,Forecast Accuracy,20.0,0,0.0532,0.0999,0.0,10.7319,3.77,1.4916,0.0,13.9583,8.1822,0.0,17.84,0.9933,183242.2153,2711.9848,149698.91,33543.3053,0.0,5784.45,0,0.0,Monitor forecast accuracy and review model error drivers
943,4,P4 - Routine,P01150,TechMate Bags 01150,Accessories,Trending,6.05,Low,88.0,High,91.64,Very High,Forecast Accuracy,20.0,0,0.0284,0.2722,0.0,13.426,3.96,3.2831,0.0,10.2083,9.6411,0.0,17.0607,0.9836,8888699.934,127997.279,7458627.6,1430072.334,0.0,12007.38,0,0.0,Monitor forecast accuracy and review model error drivers
944,4,P4 - Routine,P00391,ConnectX Mobile Accessories 00391,Accessories,Stable,6.05,Low,88.0,High,64.21,High,Forecast Accuracy,20.0,0,0.0516,0.2116,0.0,10.0931,3.41,0.8097,0.0,14.7917,6.3498,0.0,16.8561,0.9974,1168406.4127,17058.7336,699428.37,468978.0427,0.0,3496.57,0,0.0,Monitor forecast accuracy and review model error drivers
945,4,P4 - Routine,P00843,Vertex Laptops 00843,Electronics,Stable,6.05,Low,88.0,High,57.64,Medium,Forecast Accuracy,20.0,0,0.0931,0.6071,0.0,16.1763,3.29,1.3419,0.0,10.8333,8.4403,0.0,16.9599,0.9948,1153176.047,16836.3703,832740.79,320435.257,0.0,0.0,0,0.0,Monitor forecast accuracy and review model error drivers
946,4,P4 - Routine,P00159,Apex Laptops 00159,Electronics,Trending,6.05,Low,88.0,High,39.43,Low,Forecast Accuracy,20.0,0,0.0215,0.2168,0.0,16.7574,3.46,0.1983,0.0,12.5,10.2022,0.0,18.1891,0.9994,335862.828,4937.1836,96354.09,239508.738,0.0,406.16,0,0.0,Monitor forecast accuracy and review model error drivers
947,4,P4 - Routine,P00119,ConnectX Chargers 00119,Accessories,Stable,6.02,Low,76.0,Medium,85.49,Very High,Supplier,17.29,0,0.1343,1.562,0.0,9.8109,4.09,1.8945,0.0,17.2917,6.1918,0.0,16.3587,0.9934,3568873.36,51034.889,2676655.02,892218.34,0.0,5301.63,0,0.0,Monitor supplier performance and lead-time stability
948,4,P4 - Routine,P01299,CarePlus Oral Care 01299,Personal Care,Seasonal,6.02,Low,88.0,High,39.91,Low,Forecast Accuracy,20.0,0,0.0005,0.7158,0.0,11.4242,3.53,2.7415,0.0,8.3333,9.7163,0.0,17.3538,0.9877,796132.896,11623.5403,559840.5,236292.396,0.0,5160.51,0,0.0,Monitor forecast accuracy and review model error drivers
949,4,P4 - Routine,P00120,DermaX Grooming 00120,Personal Care,Trending,6.02,Low,88.0,High,25.89,Low,Forecast Accuracy,20.0,0,0.0128,0.1762,0.0,10.652,3.92,2.7471,0.0,12.5,8.1496,0.0,18.1649,0.9862,391316.8938,5713.2266,336365.19,54951.7038,0.0,0.0,0,0.0,Monitor forecast accuracy and review model error drivers
950,4,P4 - Routine,P01661,CarePlus Oral Care 01661,Personal Care,Seasonal,6.02,Low,88.0,High,17.15,Low,Forecast Accuracy,20.0,0,0.0792,0.5155,0.0,10.6091,3.66,2.4227,0.0,9.5833,9.9549,0.0,16.9837,0.9895,181732.3664,2671.4658,161683.6,20048.7664,0.0,79.0,0,0.0,Monitor forecast accuracy and review model error drivers
951,4,P4 - Routine,P00665,Apex TVs 00665,Electronics,Seasonal,6.01,Low,88.0,High,38.11,Low,Forecast Accuracy,20.0,0,0.082,0.3571,0.0,17.8487,3.74,1.9586,0.0,9.1667,11.8423,0.0,17.9746,0.99,679060.4992,9846.3772,481700.8,197359.6992,0.0,292.02,0,0.0,Monitor forecast accuracy and review model error drivers
952,4,P4 - Routine,P01281,Glow Haircare 01281,Personal Care,Trending,6.01,Low,88.0,High,17.43,Low,Forecast Accuracy,20.0,0,0.1734,1.4122,0.0,10.2195,2.69,1.5522,0.0,6.4583,8.3637,0.0,17.6385,0.9927,188609.3536,2753.6966,129591.04,59018.3136,0.0,3222.11,0,0.0,Monitor forecast accuracy and review model error drivers
953,4,P4 - Routine,P00023,Arctic Microwaves 00023,Home Appliances,Seasonal,6.0,Low,88.0,High,88.27,Very High,Forecast Accuracy,20.0,0,0.0678,0.0964,0.0,12.4755,3.85,1.9105,0.0,10.4167,11.4422,0.0,17.937,0.9905,5047021.1682,71667.7006,3547046.25,1499974.9182,0.0,0.0,0,0.0,Monitor forecast accuracy and review model error drivers
954,4,P4 - Routine,P00731,Vertex Laptops 00731,Electronics,Trending,6.0,Low,88.0,High,42.55,Medium,Forecast Accuracy,20.0,0,0.1379,0.6745,0.0,17.6889,3.32,1.5493,0.0,8.9583,10.0918,0.0,18.0849,0.9927,753501.3552,10925.7697,570834.36,182666.9952,0.0,0.0,0,0.0,Monitor forecast accuracy and review model error drivers
955,4,P4 - Routine,P01405,WriteWell Desk Accessories 01405,Office Supplies,Trending,6.0,Low,88.0,High,45.52,Medium,Forecast Accuracy,20.0,0,0.1165,0.8387,0.0,10.5883,2.94,0.6336,0.0,9.7917,8.521,0.0,17.7683,0.9978,636172.64,9160.886,319306.6,316866.04,0.0,0.0,0,0.0,Monitor forecast accuracy and review model error drivers
956,4,P4 - Routine,P01561,Arctic Air Conditioners 01561,Home Appliances,Seasonal,6.0,Low,88.0,High,21.56,Low,Forecast Accuracy,20.0,0,0.1089,0.3929,0.0,11.8329,3.84,2.5369,0.0,8.5417,12.0007,0.0,18.6084,0.987,290150.96,4236.204,230801.9,59349.06,0.0,272.62,0,0.0,Monitor forecast accuracy and review model error drivers
957,4,P4 - Routine,P01478,PaperWorks Storage 01478,Office Supplies,Trending,5.99,Low,88.0,High,84.57,Very High,Forecast Accuracy,20.0,0,0.0098,0.092,0.0,10.6492,4.0,3.1549,0.0,11.6667,8.7015,0.0,17.4948,0.9863,5318429.5784,75521.7,4594801.98,723627.5984,0.0,0.0,0,0.0,Monitor forecast accuracy and review model error drivers
958,4,P4 - Routine,P01420,UrbanGear Bags 01420,Accessories,Trending,5.99,Low,88.0,High,76.7,High,Forecast Accuracy,20.0,0,0.0496,0.0771,0.0,13.2309,3.65,1.133,0.0,12.5,9.5876,0.0,18.1533,0.9941,2680603.6872,38332.6327,1978544.94,702058.7472,0.0,0.0,0,0.0,Monitor forecast accuracy and review model error drivers
959,4,P4 - Routine,P00678,HomePro Air Conditioners 00678,Home Appliances,Seasonal,5.99,Low,88.0,High,46.37,Medium,Forecast Accuracy,20.0,0,0.1,0.6745,0.0,11.2608,3.29,1.2895,0.0,8.3333,11.0399,0.0,18.3474,0.9953,730089.8723,10513.2942,512516.21,217573.6623,0.0,0.0,0,0.0,Monitor forecast accuracy and review model error drivers
960,4,P4 - Routine,P00450,Zenith Smartphones 00450,Electronics,Trending,5.99,Low,88.0,High,40.14,Medium,Forecast Accuracy,20.0,0,0.012,0.2409,0.0,17.9747,3.5,0.7358,0.0,11.875,9.959,0.0,17.4428,0.9981,501690.904,7224.349,195246.08,306444.824,0.0,0.0,0,0.0,Monitor forecast accuracy and review model error drivers
961,4,P4 - Routine,P01166,UrbanGear Mobile Accessories 01166,Accessories,Stable,5.98,Low,88.0,High,63.8,High,Forecast Accuracy,20.0,0,0.0065,0.5187,0.0,10.0978,3.11,0.8573,0.0,12.9167,6.1151,0.0,17.2788,0.9969,1272559.7056,18197.6038,685260.88,587298.8256,0.0,1620.5,0,0.0,Monitor forecast accuracy and review model error drivers
962,4,P4 - Routine,P01292,Apex Laptops 01292,Electronics,Seasonal,5.98,Low,88.0,High,54.08,Medium,Forecast Accuracy,20.0,0,0.1134,0.5902,0.0,18.2174,3.35,1.212,0.0,8.3333,11.5663,0.0,18.7336,0.9947,1049155.91,15002.9295,690666.9,358489.01,0.0,0.0,0,0.0,Monitor forecast accuracy and review model error drivers
963,4,P4 - Routine,P00327,DermaX Skincare 00327,Personal Care,Seasonal,5.98,Low,88.0,High,34.64,Low,Forecast Accuracy,20.0,0,0.0754,0.3778,0.0,11.0851,3.53,1.4849,0.0,10.625,9.9217,0.0,17.729,0.9934,533590.3614,7683.7012,315505.08,218085.2814,0.0,12022.21,0,0.0,Monitor forecast accuracy and review model error drivers
964,4,P4 - Routine,P00750,CarePlus Skincare 00750,Personal Care,Seasonal,5.98,Low,88.0,High,20.2,Low,Forecast Accuracy,20.0,0,0.0594,0.2191,0.0,11.5236,3.48,0.5534,0.0,12.5,9.5957,0.0,18.6845,0.9972,171352.9997,2484.6185,82075.08,89277.9197,0.0,0.0,0,0.0,Monitor forecast accuracy and review model error drivers
965,4,P4 - Routine,P00497,Glow Oral Care 00497,Personal Care,Trending,5.98,Low,88.0,High,11.25,Low,Forecast Accuracy,20.0,0,0.0585,0.1235,0.0,10.8267,3.65,1.2575,0.0,13.5417,8.2644,0.0,17.0579,0.9943,90510.9975,1321.4606,70131.6,20379.3975,0.0,5579.3,0,0.0,Monitor forecast accuracy and review model error drivers
966,4,P4 - Routine,P01808,Vertex Audio 01808,Electronics,Seasonal,5.97,Low,88.0,High,29.5,Low,Forecast Accuracy,20.0,0,0.1515,0.3571,0.0,19.8368,3.69,1.6211,0.0,8.5417,12.819,0.0,18.2403,0.992,413620.0512,5956.1287,258566.4,155053.6512,0.0,138.76,0,0.0,Monitor forecast accuracy and review model error drivers
967,4,P4 - Routine,P01508,DermaX Oral Care 01508,Personal Care,Seasonal,5.97,Low,88.0,High,9.69,Low,Forecast Accuracy,20.0,0,0.0497,0.012,0.0,11.763,3.85,1.4747,0.0,12.7083,9.9927,0.0,18.1561,0.9935,84161.0276,1228.751,52435.16,31725.8676,0.0,1463.71,0,0.0,Monitor forecast accuracy and review model error drivers
968,4,P4 - Routine,P00264,DermaX Skincare 00264,Personal Care,Seasonal,5.97,Low,88.0,High,4.57,Low,Forecast Accuracy,20.0,0,0.0173,1.1711,0.0,10.8936,2.78,0.771,0.0,7.0833,9.8793,0.0,17.4995,0.9964,34473.1896,503.3086,13970.7,20502.4896,0.0,11188.32,0,0.0,Monitor forecast accuracy and review model error drivers
969,4,P4 - Routine,P00982,OfficePro Desk Accessories 00982,Office Supplies,Trending,5.96,Low,88.0,High,50.57,Medium,Forecast Accuracy,20.0,0,0.0367,0.7972,0.0,11.7924,3.02,0.9686,0.0,9.375,8.8286,0.0,17.8129,0.9958,876049.956,12527.5144,631533.24,244516.716,0.0,20402.08,0,0.0,Monitor forecast accuracy and review model error drivers
970,4,P4 - Routine,P00787,DermaX Grooming 00787,Personal Care,Trending,5.96,Low,88.0,High,38.19,Low,Forecast Accuracy,20.0,0,0.1415,1.0861,0.0,10.2381,2.78,0.9868,0.0,8.3333,8.2292,0.0,18.3004,0.9956,570079.6692,8209.1472,348538.58,221541.0892,0.0,1240.71,0,0.0,Monitor forecast accuracy and review model error drivers
971,4,P4 - Routine,P01887,Vertex Smartphones 01887,Electronics,Seasonal,5.96,Low,88.0,High,21.59,Low,Forecast Accuracy,20.0,0,0.125,0.4286,0.0,18.2646,3.6,1.4937,0.0,8.3333,12.6486,0.0,18.6048,0.9919,241440.29,3476.7402,179480.5,61959.79,0.0,101.63,0,0.0,Monitor forecast accuracy and review model error drivers
972,4,P4 - Routine,P00776,Zenith Laptops 00776,Electronics,Seasonal,5.95,Low,88.0,High,98.97,Very High,Forecast Accuracy,20.0,0,0.0208,0.1927,0.0,18.3601,3.89,2.6646,0.0,8.9583,11.6193,0.0,18.1968,0.9871,14741217.854,206377.05,11210051.6,3531166.254,0.0,1361.82,0,0.0,Monitor forecast accuracy and review model error drivers
973,4,P4 - Routine,P00541,TechMate Mobile Accessories 00541,Accessories,Trending,5.95,Low,88.0,High,76.78,High,Forecast Accuracy,20.0,0,0.1474,0.5256,0.0,13.1186,3.34,1.5094,0.0,9.375,9.8737,0.0,17.9905,0.9931,2842850.461,40084.1915,2184375.05,658475.411,0.0,0.0,0,0.0,Monitor forecast accuracy and review model error drivers
974,4,P4 - Routine,P00425,NovaTech Audio 00425,Electronics,Trending,5.95,Low,88.0,High,61.54,High,Forecast Accuracy,20.0,0,0.0323,0.0843,0.0,17.8819,3.52,0.4832,0.0,12.5,9.9914,0.0,18.414,0.9979,1112350.3142,15795.3745,520791.94,591558.3742,0.0,90.08,0,0.0,Monitor forecast accuracy and review model error drivers
975,4,P4 - Routine,P01173,DermaX Grooming 01173,Personal Care,Trending,5.95,Low,88.0,High,10.05,Low,Forecast Accuracy,20.0,0,0.1854,1.2003,0.0,10.7419,2.53,0.0,0.0,8.3333,8.5025,0.0,18.7145,1.0,40733.8176,590.6404,0.0,40733.8176,0.0,0.0,0,0.0,Monitor forecast accuracy and review model error drivers
976,4,P4 - Routine,P00001,ComfortMax Microwaves 00001,Home Appliances,Seasonal,5.94,Low,88.0,High,84.99,Very High,Forecast Accuracy,20.0,0,0.0357,0.0,0.0,11.6621,4.03,2.6687,0.0,10.4167,11.1351,0.0,17.7312,0.987,4720851.0676,66091.9149,3917888.66,802962.4076,0.0,0.0,0,0.0,Monitor forecast accuracy and review model error drivers
977,4,P4 - Routine,P01423,Zenith Laptops 01423,Electronics,Trending,5.94,Low,88.0,High,82.49,Very High,Forecast Accuracy,20.0,0,0.1728,0.9154,0.0,17.8951,3.1,1.9367,0.0,6.875,9.9138,0.0,17.6315,0.9916,3654088.2016,51157.2348,2849927.84,804160.3616,0.0,17.84,0,0.0,Monitor forecast accuracy and review model error drivers
978,4,P4 - Routine,P01471,Glow Skincare 01471,Personal Care,Trending,5.94,Low,88.0,High,8.44,Low,Forecast Accuracy,20.0,0,0.1704,0.9555,0.0,11.6834,2.93,1.1171,0.0,8.9583,8.334,0.0,17.8681,0.9943,68001.4755,979.2212,52560.9,15440.5755,0.0,1670.24,0,0.0,Monitor forecast accuracy and review model error drivers
979,4,P4 - Routine,P01077,HomePro Microwaves 01077,Home Appliances,Seasonal,5.93,Low,88.0,High,94.24,Very High,Forecast Accuracy,20.0,0,0.12,1.0599,0.0,11.232,3.3,3.3154,0.0,4.1667,11.1793,0.0,18.2599,0.9833,9820353.6816,137484.9515,7450951.2,2369402.4816,0.0,0.0,0,0.0,Monitor forecast accuracy and review model error drivers
980,4,P4 - Routine,P00241,UrbanGear Mobile Accessories 00241,Accessories,Trending,5.93,Low,88.0,High,74.41,High,Forecast Accuracy,20.0,0,0.1161,0.8983,0.0,12.1101,2.77,0.2418,0.0,8.3333,9.6629,0.0,18.4302,0.999,1577504.1544,22242.8086,635069.79,942434.3644,0.0,4981.5,0,0.0,Monitor forecast accuracy and review model error drivers
981,4,P4 - Routine,P01018,PureLife Skincare 01018,Personal Care,Seasonal,5.93,Low,88.0,High,18.7,Low,Forecast Accuracy,20.0,0,0.091,0.5962,0.0,11.1533,3.54,2.5662,0.0,8.75,9.7477,0.0,18.0968,0.988,221259.7332,3164.0142,181556.54,39703.1932,0.0,0.0,0,0.0,Monitor forecast accuracy and review model error drivers
982,4,P4 - Routine,P00328,CarePlus Grooming 00328,Personal Care,Seasonal,5.93,Low,88.0,High,9.16,Low,Forecast Accuracy,20.0,0,0.0272,0.0964,0.0,10.4022,3.68,1.1795,0.0,12.5,9.6955,0.0,18.2272,0.9951,70392.2208,1013.648,46048.64,24343.5808,0.0,0.0,0,0.0,Monitor forecast accuracy and review model error drivers
983,4,P4 - Routine,P01137,TechMate Mobile Accessories 01137,Accessories,Trending,5.92,Low,88.0,High,91.61,Very High,Forecast Accuracy,20.0,0,0.2696,1.4171,0.0,13.1335,2.67,2.0342,0.0,4.1667,9.5963,0.0,18.4113,0.9892,7129537.2144,99100.5673,5516547.84,1612989.3744,0.0,8670.6,0,0.0,Monitor forecast accuracy and review model error drivers
984,4,P4 - Routine,P00370,Vertex Audio 00370,Electronics,Stable,5.92,Low,88.0,High,88.73,Very High,Forecast Accuracy,20.0,0,0.0853,0.1204,0.0,16.4853,3.48,0.9649,0.0,12.5,8.7893,0.0,17.4109,0.9958,3771313.4763,52798.3887,2451442.58,1319870.8963,0.0,479.28,0,0.0,Monitor forecast accuracy and review model error drivers
985,4,P4 - Routine,P01874,UrbanGear Chargers 01874,Accessories,Trending,5.92,Low,88.0,High,66.21,High,Forecast Accuracy,20.0,0,0.1902,0.9773,0.0,11.5478,2.95,1.4879,0.0,7.2917,9.3962,0.0,17.5404,0.9933,1992424.2624,28093.1821,1351883.52,640540.7424,0.0,1775.35,0,0.0,Monitor forecast accuracy and review model error drivers
986,4,P4 - Routine,P00379,UrbanGear Bags 00379,Accessories,Trending,5.92,Low,88.0,High,64.29,High,Forecast Accuracy,20.0,0,0.0514,0.6401,0.0,12.4013,3.28,1.7942,0.0,8.9583,9.3186,0.0,17.8959,0.9916,1896926.9514,26746.67,1595375.52,301551.4314,0.0,0.0,0,0.0,Monitor forecast accuracy and review model error drivers
987,4,P4 - Routine,P00374,OfficePro Paper 00374,Office Supplies,Trending,5.92,Low,88.0,High,27.6,Low,Forecast Accuracy,20.0,0,0.2026,1.8357,0.0,11.1891,1.97,0.0,0.0,4.5833,8.557,0.0,17.9488,1.0,127138.8312,1818.0853,0.0,127138.8312,0.0,2305.22,0,0.0,Monitor forecast accuracy and review model error drivers
988,4,P4 - Routine,P00826,CarryPro Chargers 00826,Accessories,Trending,5.91,Low,88.0,High,97.24,Very High,Forecast Accuracy,20.0,0,0.1013,0.3006,0.0,12.7814,3.49,1.6572,0.0,10.2083,9.7201,0.0,17.8174,0.9916,9410436.6088,130805.0689,7932799.25,1477637.3588,0.0,0.0,0,0.0,Monitor forecast accuracy and review model error drivers
989,4,P4 - Routine,P01484,Apex Laptops 01484,Electronics,Stable,5.91,Low,88.0,High,75.06,High,Forecast Accuracy,20.0,0,0.0919,1.4935,0.0,15.8982,2.37,0.8938,0.0,5.2083,8.7778,0.0,17.1475,0.9965,1974708.8932,27645.9245,1111816.08,862892.8132,0.0,0.0,0,0.0,Monitor forecast accuracy and review model error drivers
990,4,P4 - Routine,P01388,Apex Smartphones 01388,Electronics,Trending,5.9,Low,88.0,High,82.06,Very High,Forecast Accuracy,20.0,0,0.2072,1.4574,0.0,17.3095,2.35,0.5047,0.0,4.7917,9.8662,0.0,18.0074,0.9977,2716105.356,37753.8644,1074165.96,1641939.396,0.0,39.64,0,0.0,Monitor forecast accuracy and review model error drivers
991,4,P4 - Routine,P00228,ComfortMax Microwaves 00228,Home Appliances,Volatile,5.9,Low,88.0,High,64.26,High,Forecast Accuracy,20.0,0,0.0874,0.3794,0.0,18.7433,3.47,1.1791,0.0,8.3333,12.4548,0.0,20.0951,0.9951,1700496.4557,23806.9504,881249.32,819247.1357,0.0,1359.45,0,0.0,Monitor forecast accuracy and review model error drivers
992,4,P4 - Routine,P00146,Apex Audio 00146,Electronics,Seasonal,5.9,Low,88.0,High,47.36,Medium,Forecast Accuracy,20.0,0,0.0319,0.3613,0.0,19.0832,3.69,2.2649,0.0,8.3333,11.7676,0.0,18.3249,0.9883,988960.4452,13944.3423,884430.96,104529.4852,0.0,0.0,0,0.0,Monitor forecast accuracy and review model error drivers
993,4,P4 - Routine,P01677,Vertex Smartphones 01677,Electronics,Trending,5.89,Low,88.0,High,74.51,High,Forecast Accuracy,20.0,0,0.1226,0.3854,0.0,16.8784,3.49,1.8906,0.0,9.5833,9.8936,0.0,17.9861,0.9921,2471235.657,34350.1756,2151762.25,319473.407,0.0,0.0,0,0.0,Monitor forecast accuracy and review model error drivers
994,4,P4 - Routine,P00359,TechMate Bags 00359,Accessories,Trending,5.89,Low,88.0,High,62.84,High,Forecast Accuracy,20.0,0,0.0515,0.0228,0.0,13.9221,3.52,0.5569,0.0,12.5,9.8635,0.0,18.3837,0.9985,1021376.3168,14299.2684,524740.02,496636.2968,0.0,22916.58,0,0.0,Monitor forecast accuracy and review model error drivers
995,4,P4 - Routine,P00881,Apex Smartphones 00881,Electronics,Seasonal,5.89,Low,88.0,High,36.84,Low,Forecast Accuracy,20.0,0,0.0233,0.0714,0.0,18.9047,3.97,2.3871,0.0,9.7917,11.903,0.0,17.3369,0.9898,646476.6018,9115.3201,462022.86,184453.7418,0.0,159.34,0,0.0,Monitor forecast accuracy and review model error drivers
996,4,P4 - Routine,P01032,PureLife Oral Care 01032,Personal Care,Seasonal,5.88,Low,88.0,High,15.41,Low,Forecast Accuracy,20.0,0,0.1093,0.7838,0.0,11.4034,3.24,1.9285,0.0,7.9167,9.8036,0.0,17.4513,0.9917,155109.5856,2202.5561,118090.32,37019.2656,0.0,2045.03,0,0.0,Monitor forecast accuracy and review model error drivers
997,4,P4 - Routine,P01111,CarryPro Bags 01111,Accessories,Stable,5.88,Low,88.0,High,16.65,Low,Forecast Accuracy,20.0,0,0.0751,1.2767,0.0,10.3415,2.58,1.3169,0.0,8.125,6.4745,0.0,16.4834,0.9951,133573.0539,1896.7374,105383.08,28189.9739,0.0,449.69,0,0.0,Monitor forecast accuracy and review model error drivers
998,4,P4 - Routine,P01252,DermaX Oral Care 01252,Personal Care,Seasonal,5.88,Low,88.0,High,15.12,Low,Forecast Accuracy,20.0,0,0.0301,0.7446,0.0,10.0889,3.13,1.2179,0.0,8.5417,9.8846,0.0,18.1039,0.9947,121541.794,1725.8935,97336.14,24205.654,0.0,1414.34,0,0.0,Monitor forecast accuracy and review model error drivers
999,4,P4 - Routine,P00054,UrbanGear Bags 00054,Accessories,Trending,5.88,Low,88.0,High,6.65,Low,Forecast Accuracy,20.0,0,0.0495,0.0602,0.0,13.067,3.51,0.3628,0.0,12.9167,9.7366,0.0,18.0043,0.9991,30689.0528,435.7845,11973.52,18715.5328,0.0,2.0,0,0.0,Monitor forecast accuracy and review model error drivers
1000,4,P4 - Routine,P00514,UrbanGear Cables 00514,Accessories,Stable,5.87,Low,88.0,High,74.08,High,Forecast Accuracy,20.0,0,0.0655,0.9284,0.0,10.3706,2.56,0.1764,0.0,10.4167,6.2937,0.0,16.8906,0.9996,1399807.8881,19457.3296,232608.09,1167199.7981,0.0,0.0,0,0.0,Monitor forecast accuracy and review model error drivers
1001,4,P4 - Routine,P00796,TechMate Chargers 00796,Accessories,Stable,5.87,Low,88.0,High,32.32,Low,Forecast Accuracy,20.0,0,0.0335,0.8853,0.0,10.1706,2.72,0.6241,0.0,10.625,6.2589,0.0,16.8288,0.9979,281137.6948,3935.9277,173321.81,107815.8848,0.0,0.0,0,0.0,Monitor forecast accuracy and review model error drivers
1002,4,P4 - Routine,P01998,Zenith Laptops 01998,Electronics,Seasonal,5.86,Low,88.0,High,81.69,Very High,Forecast Accuracy,20.0,0,0.1757,1.0238,0.0,18.5881,3.03,1.9734,0.0,4.5833,11.6916,0.0,18.1263,0.9912,3388379.9356,46759.6431,2579750.88,808629.0556,0.0,1086.45,0,0.0,Monitor forecast accuracy and review model error drivers
1003,4,P4 - Routine,P00424,CarePlus Grooming 00424,Personal Care,Seasonal,5.85,Low,88.0,High,17.4,Low,Forecast Accuracy,20.0,0,0.0389,0.0964,0.0,11.5801,3.45,0.3513,0.0,12.5,9.7791,0.0,18.2768,0.9992,132872.1333,1873.4971,19758.4,113113.7333,0.0,10311.27,0,0.0,Monitor forecast accuracy and review model error drivers
1004,4,P4 - Routine,P00191,Zenith Audio 00191,Electronics,Seasonal,5.84,Low,88.0,High,74.65,High,Forecast Accuracy,20.0,0,0.0723,0.1445,0.0,18.373,3.72,1.8387,0.0,9.1667,11.9262,0.0,18.1933,0.9926,2438493.8666,33651.2154,1781058.49,657435.3766,0.0,835.76,0,0.0,Monitor forecast accuracy and review model error drivers
1005,4,P4 - Routine,P01897,Glow Grooming 01897,Personal Care,Stable,5.84,Low,76.0,Medium,13.71,Low,Supplier,20.62,0,0.0754,0.8511,0.0,7.0867,4.71,2.5373,0.0,20.625,5.7047,0.0,16.4109,0.9897,133294.2208,1866.1191,108430.4,24863.8208,0.0,6222.59,0,0.0,Monitor supplier performance and lead-time stability
1006,4,P4 - Routine,P01247,Vertex Smartphones 01247,Electronics,Stable,5.83,Low,88.0,High,91.88,Very High,Forecast Accuracy,20.0,0,0.0289,0.0723,0.0,16.8358,3.67,2.0838,0.0,11.6667,8.635,0.0,16.8406,0.9901,5853001.392,79600.8189,5154139.2,698862.192,0.0,0.0,0,0.0,Monitor forecast accuracy and review model error drivers
1007,4,P4 - Routine,P01534,ComfortMax Washing Machines 01534,Home Appliances,Seasonal,5.83,Low,88.0,High,42.91,Medium,Forecast Accuracy,20.0,0,0.1073,0.4577,0.0,12.3105,3.37,1.3643,0.0,8.3333,11.4272,0.0,18.66,0.9918,772276.204,10734.6392,546502.4,225773.804,0.0,1300.95,0,0.0,Monitor forecast accuracy and review model error drivers
1008,4,P4 - Routine,P00274,CarryPro Chargers 00274,Accessories,Trending,5.82,Low,88.0,High,87.57,Very High,Forecast Accuracy,20.0,0,0.2193,0.8126,0.0,14.4611,2.89,1.0424,0.0,7.5,9.7085,0.0,17.4622,0.9951,4241940.7275,57690.3939,2602026.0,1639914.7275,0.0,4832.7,0,0.0,Monitor forecast accuracy and review model error drivers
1009,4,P4 - Routine,P01140,Glow Grooming 01140,Personal Care,Trending,5.82,Low,88.0,High,16.31,Low,Forecast Accuracy,20.0,0,0.0723,0.7933,0.0,11.5194,3.22,2.4201,0.0,8.3333,8.2773,0.0,18.1302,0.9895,183344.3212,2566.8205,144970.26,38374.0612,0.0,0.0,0,0.0,Monitor forecast accuracy and review model error drivers
1010,4,P4 - Routine,P01771,DermaX Oral Care 01771,Personal Care,Trending,5.82,Low,88.0,High,7.0,Low,Forecast Accuracy,20.0,0,0.0023,0.3344,0.0,10.6694,3.49,1.952,0.0,11.25,8.1331,0.0,17.4635,0.9928,60182.6214,842.5567,48643.8,11538.8214,0.0,1485.37,0,0.0,Monitor forecast accuracy and review model error drivers
1011,4,P4 - Routine,P01699,UrbanGear Cables 01699,Accessories,Trending,5.81,Low,88.0,High,52.13,Medium,Forecast Accuracy,20.0,0,0.1418,0.6812,0.0,12.5554,3.21,1.8385,0.0,7.7083,9.9841,0.0,17.6051,0.9912,1203633.5584,16610.1431,1077770.56,125862.9984,0.0,0.0,0,0.0,Monitor forecast accuracy and review model error drivers
1012,4,P4 - Routine,P01934,CarePlus Grooming 01934,Personal Care,Seasonal,5.81,Low,88.0,High,24.13,Low,Forecast Accuracy,20.0,0,0.0006,0.6829,0.0,10.9631,3.14,1.3483,0.0,8.3333,9.9078,0.0,18.6127,0.9934,262316.6208,3646.201,202597.2,59719.4208,0.0,0.0,0,0.0,Monitor forecast accuracy and review model error drivers
1013,4,P4 - Routine,P00984,Zenith Laptops 00984,Electronics,Seasonal,5.8,Low,88.0,High,78.06,High,Forecast Accuracy,20.0,0,0.12,0.8672,0.0,18.3568,3.43,3.5623,0.0,4.1667,11.5848,0.0,18.4607,0.9822,4241071.9944,57678.5791,3240726.87,1000345.1244,0.0,909.97,0,0.0,Monitor forecast accuracy and review model error drivers
1014,4,P4 - Routine,P01395,ComfortMax Microwaves 01395,Home Appliances,Volatile,5.8,Low,88.0,High,74.72,High,Forecast Accuracy,20.0,0,0.0769,0.3372,0.0,17.998,3.48,1.6436,0.0,8.3333,11.6041,0.0,20.0049,0.9918,2834388.182,38547.6793,1720778.61,1113609.572,0.0,118.18,0,0.0,Monitor forecast accuracy and review model error drivers
1015,4,P4 - Routine,P01725,OfficePro Paper 01725,Office Supplies,Trending,5.8,Low,88.0,High,39.2,Low,Forecast Accuracy,20.0,0,0.0013,0.0755,0.0,10.6602,3.5,1.0908,0.0,12.5,8.6748,0.0,18.1636,0.9959,562323.8856,7760.0696,365122.8,197201.0856,0.0,0.0,0,0.0,Monitor forecast accuracy and review model error drivers
1016,4,P4 - Routine,P00499,ConnectX Bags 00499,Accessories,Volatile,5.8,Low,76.0,Medium,21.05,Low,Forecast Accuracy,40.0,0,0.0257,0.0745,0.0,22.297,1.97,0.7036,0.0,0.0,11.7042,0.0,19.5363,0.9971,136698.73,1900.1123,136698.73,0.0,0.0,0.0,0,0.0,Monitor forecast accuracy and review model error drivers
1017,4,P4 - Routine,P00564,Apex Smartphones 00564,Electronics,Seasonal,5.79,Low,88.0,High,46.75,Medium,Forecast Accuracy,20.0,0,0.0301,0.2409,0.0,17.827,3.39,0.6794,0.0,9.5833,11.656,0.0,18.0656,0.9973,583205.046,7989.9091,384266.88,198938.166,0.0,2325.45,0,0.0,Monitor forecast accuracy and review model error drivers
1018,4,P4 - Routine,P01966,PureLife Skincare 01966,Personal Care,Trending,5.79,Low,88.0,High,7.91,Low,Forecast Accuracy,20.0,0,0.0442,0.9188,0.0,11.1293,2.85,1.1305,0.0,8.3333,8.419,0.0,18.0564,0.9955,64520.798,896.8391,36891.14,27629.658,0.0,5676.54,0,0.0,Monitor forecast accuracy and review model error drivers
1019,4,P4 - Routine,P00485,CarePlus Oral Care 00485,Personal Care,Seasonal,5.79,Low,88.0,High,1.1,Low,Forecast Accuracy,20.0,0,0.1595,1.622,0.0,10.6709,2.17,0.26,0.0,4.1667,9.7542,0.0,18.6371,0.9988,6885.4465,95.7077,1640.35,5245.0965,0.0,0.0,0,0.0,Monitor forecast accuracy and review model error drivers
1020,4,P4 - Routine,P00242,CarryPro Cables 00242,Accessories,Trending,5.78,Low,88.0,High,67.14,High,Forecast Accuracy,20.0,0,0.1116,1.3707,0.0,12.7668,2.53,1.4111,0.0,4.1667,9.8896,0.0,18.3707,0.9927,1922415.2388,26144.8472,1683676.96,238738.2788,0.0,3796.66,0,0.0,Monitor forecast accuracy and review model error drivers
1021,4,P4 - Routine,P00866,CarePlus Skincare 00866,Personal Care,Trending,5.78,Low,88.0,High,7.11,Low,Forecast Accuracy,20.0,0,0.0104,0.2856,0.0,10.7885,3.15,0.1785,0.0,12.5,8.1622,0.0,18.3208,0.9996,31766.7285,441.5575,5789.94,25976.7885,0.0,3554.73,0,0.0,Monitor forecast accuracy and review model error drivers
1022,4,P4 - Routine,P00050,Vertex Audio 00050,Electronics,Stable,5.76,Low,88.0,High,80.43,Very High,Forecast Accuracy,20.0,0,0.1009,1.4212,0.0,15.6909,2.19,0.3953,0.0,5.4167,8.4187,0.0,17.1365,0.9988,1894447.6102,25385.598,898481.2,995966.4102,0.0,0.0,0,0.0,Monitor forecast accuracy and review model error drivers
1023,4,P4 - Routine,P01014,NovaTech Smartphones 01014,Electronics,Trending,5.76,Low,76.0,Medium,5.89,Low,Forecast Accuracy,40.0,0,0.037,0.1071,0.0,23.512,1.87,0.5118,0.0,0.0,11.4576,0.0,18.5571,0.9976,25993.45,358.7096,25993.45,0.0,0.0,81.31,0,0.0,Monitor forecast accuracy and review model error drivers
1024,4,P4 - Routine,P00013,CarryPro Chargers 00013,Accessories,Trending,5.75,Low,88.0,High,68.08,High,Forecast Accuracy,20.0,0,0.0277,0.7066,0.0,12.3446,2.9,0.8137,0.0,8.3333,9.3526,0.0,18.2876,0.996,1610356.3616,21739.8109,1275331.5,335024.8616,0.0,23224.41,0,0.0,Monitor forecast accuracy and review model error drivers
1025,4,P4 - Routine,P01263,Arctic Microwaves 01263,Home Appliances,Seasonal,5.74,Low,88.0,High,89.02,Very High,Forecast Accuracy,20.0,0,0.0874,0.1927,0.0,11.9496,3.69,2.5098,0.0,8.3333,11.2405,0.0,17.2922,0.9872,6170482.5232,82067.4176,4340772.2,1829710.3232,0.0,2139.31,0,0.0,Monitor forecast accuracy and review model error drivers
1026,4,P4 - Routine,P01659,Arctic Refrigerators 01659,Home Appliances,Seasonal,5.74,Low,88.0,High,46.04,Medium,Forecast Accuracy,20.0,0,0.1275,0.2409,0.0,12.8084,3.78,2.9593,0.0,8.3333,10.9325,0.0,18.2516,0.9855,1064398.984,14369.3863,866539.2,197859.784,0.0,14.9,0,0.0,Monitor forecast accuracy and review model error drivers
1027,4,P4 - Routine,P00007,Zenith Audio 00007,Electronics,Stable,5.73,Low,88.0,High,93.71,Very High,Forecast Accuracy,20.0,0,0.0031,0.3132,0.0,16.358,3.27,1.4072,0.0,10.2083,8.7675,0.0,17.0055,0.9941,5683444.1602,75589.8073,4227388.12,1456056.0402,0.0,0.0,0,0.0,Monitor forecast accuracy and review model error drivers
1028,4,P4 - Routine,P01779,ComfortMax Microwaves 01779,Home Appliances,Seasonal,5.73,Low,88.0,High,72.48,High,Forecast Accuracy,20.0,0,0.0839,0.6263,0.0,13.1351,3.56,3.4991,0.0,5.2083,11.5051,0.0,18.0463,0.9828,3122253.5956,41838.1982,2697104.72,425148.8756,0.0,523.04,0,0.0,Monitor forecast accuracy and review model error drivers
1029,4,P4 - Routine,P01517,PureLife Skincare 01517,Personal Care,Trending,5.73,Low,88.0,High,24.93,Low,Forecast Accuracy,20.0,0,0.0737,0.5151,0.0,10.5768,3.15,1.3897,0.0,10.0,8.2512,0.0,17.8297,0.9943,300105.19,4081.4306,201842.3,98262.89,0.0,0.0,0,0.0,Monitor forecast accuracy and review model error drivers
1030,4,P4 - Routine,P00021,PureLife Grooming 00021,Personal Care,Seasonal,5.73,Low,88.0,High,14.55,Low,Forecast Accuracy,20.0,0,0.0324,0.0107,0.0,11.1168,4.06,3.6072,0.0,10.2083,9.6641,0.0,17.9348,0.9831,171035.592,2326.0841,143390.0,27645.592,0.0,3002.17,0,0.0,Monitor forecast accuracy and review model error drivers
1031,4,P4 - Routine,P00255,Vertex Audio 00255,Electronics,Trending,5.72,Low,88.0,High,93.31,Very High,Forecast Accuracy,20.0,0,0.0203,0.4697,0.0,18.3214,3.17,1.311,0.0,8.3333,10.2067,0.0,18.3927,0.9937,5846957.6284,77764.5365,4569677.14,1277280.4884,0.0,486.45,0,0.0,Monitor forecast accuracy and review model error drivers
1032,4,P4 - Routine,P01744,Zenith Laptops 01744,Electronics,Seasonal,5.72,Low,88.0,High,94.91,Very High,Forecast Accuracy,20.0,0,0.1742,1.0599,0.0,19.1863,2.68,0.9592,0.0,4.1667,11.8135,0.0,18.8995,0.9959,5741692.8366,75790.3454,4289967.75,1451725.0866,0.0,1646.4,0,0.0,Monitor forecast accuracy and review model error drivers
1033,4,P4 - Routine,P00988,Arctic Air Conditioners 00988,Home Appliances,Stable,5.72,Low,76.0,Medium,93.13,Very High,Supplier,17.92,0,0.0175,1.0117,0.0,7.6771,4.32,1.796,0.0,17.9167,7.3068,0.0,16.3162,0.9944,5191905.8647,69052.348,4191109.48,1000796.3847,0.0,78.9,0,0.0,Monitor supplier performance and lead-time stability
1034,4,P4 - Routine,P00473,Apex Smartphones 00473,Electronics,Seasonal,5.72,Low,88.0,High,43.67,Medium,Forecast Accuracy,20.0,0,0.098,0.1686,0.0,18.1373,3.73,2.3568,0.0,8.3333,11.8366,0.0,18.5489,0.9888,888440.8288,11993.9512,648457.18,239983.6488,0.0,2221.33,0,0.0,Monitor forecast accuracy and review model error drivers
1035,4,P4 - Routine,P01348,HomePro Refrigerators 01348,Home Appliances,Seasonal,5.72,Low,76.0,Medium,31.15,Low,Supplier,19.79,0,0.0455,0.1429,0.0,9.1335,5.27,1.9094,0.0,19.7917,11.4986,0.0,17.7259,0.9905,435335.6443,5877.0312,349258.08,86077.5643,0.0,179.41,0,0.0,Monitor supplier performance and lead-time stability
1036,4,P4 - Routine,P01392,NovaTech Laptops 01392,Electronics,Trending,5.72,Low,88.0,High,30.39,Low,Forecast Accuracy,20.0,0,0.1429,0.6745,0.0,18.4278,2.85,0.2377,0.0,8.3333,10.1987,0.0,18.7376,0.999,234849.8936,3170.4736,84967.4,149882.4936,0.0,276.05,0,0.0,Monitor forecast accuracy and review model error drivers
1037,4,P4 - Routine,P01819,DermaX Skincare 01819,Personal Care,Trending,5.72,Low,88.0,High,18.58,Low,Forecast Accuracy,20.0,0,0.082,1.1754,0.0,10.8739,2.66,1.5921,0.0,6.25,8.2666,0.0,17.6421,0.9923,211137.4864,2871.4698,147580.48,63557.0064,0.0,30057.92,0,0.0,Monitor forecast accuracy and review model error drivers
1038,4,P4 - Routine,P01086,Glow Oral Care 01086,Personal Care,Seasonal,5.72,Low,88.0,High,17.34,Low,Forecast Accuracy,20.0,0,0.1195,1.3249,0.0,11.3067,2.65,1.7903,0.0,4.1667,9.9461,0.0,18.6208,0.9917,183842.6976,2500.2607,124277.76,59564.9376,0.0,2418.08,0,0.0,Monitor forecast accuracy and review model error drivers
1039,4,P4 - Routine,P01544,ComfortMax Washing Machines 01544,Home Appliances,Seasonal,5.71,Low,88.0,High,74.37,High,Forecast Accuracy,20.0,0,0.0071,0.7227,0.0,10.86,3.24,2.4331,0.0,5.625,11.1101,0.0,17.9821,0.9866,3119785.382,41493.1456,2392096.28,727689.102,0.0,0.0,0,0.0,Monitor forecast accuracy and review model error drivers
1040,4,P4 - Routine,P00944,UrbanGear Cables 00944,Accessories,Trending,5.71,Low,88.0,High,68.79,High,Forecast Accuracy,20.0,0,0.1702,0.6926,0.0,13.226,2.75,0.1448,0.0,8.3333,9.7231,0.0,18.2115,0.9999,1130127.4178,15030.6947,40388.94,1089738.4778,0.0,17895.03,0,0.0,Monitor forecast accuracy and review model error drivers
1041,4,P4 - Routine,P00567,HomePro Washing Machines 00567,Home Appliances,Volatile,5.7,Low,88.0,High,82.28,Very High,Forecast Accuracy,20.0,0,0.0552,0.2168,0.0,18.1028,3.33,0.6516,0.0,8.3333,12.5669,0.0,19.3493,0.9976,3019095.7275,39852.0636,867200.25,2151895.4775,0.0,0.0,0,0.0,Monitor forecast accuracy and review model error drivers
1042,4,P4 - Routine,P01493,NovaTech Smartphones 01493,Electronics,Stable,5.7,Low,88.0,High,82.76,Very High,Forecast Accuracy,20.0,0,0.0384,0.012,0.0,16.0314,3.28,0.4069,0.0,12.5,8.5599,0.0,17.4666,0.9987,2272028.584,29990.7773,849356.48,1422672.104,0.0,0.0,0,0.0,Monitor forecast accuracy and review model error drivers
1043,4,P4 - Routine,P01309,HomePro Refrigerators 01309,Home Appliances,Seasonal,5.7,Low,88.0,High,52.55,Medium,Forecast Accuracy,20.0,0,0.0839,0.4643,0.0,12.3097,3.48,2.4805,0.0,6.875,11.3932,0.0,17.749,0.9889,1294422.3708,17345.2598,950104.5,344317.8708,0.0,558.43,0,0.0,Monitor forecast accuracy and review model error drivers
1044,4,P4 - Routine,P00961,NovaTech Audio 00961,Electronics,Trending,5.68,Low,88.0,High,76.97,High,Forecast Accuracy,20.0,0,0.0109,0.5139,0.0,16.9605,2.99,0.7313,0.0,8.75,9.709,0.0,18.1074,0.9968,2243672.2612,29616.4738,1169146.95,1074525.3112,0.0,0.0,0,0.0,Monitor forecast accuracy and review model error drivers
1045,4,P4 - Routine,P00518,ConnectX Chargers 00518,Accessories,Trending,5.68,Low,88.0,High,66.42,High,Forecast Accuracy,20.0,0,0.2128,1.349,0.0,12.9698,2.69,2.6358,0.0,3.125,9.5415,0.0,17.4344,0.9873,2242260.6,29597.8399,2242260.6,0.0,0.0,0.0,0,0.0,Monitor forecast accuracy and review model error drivers
1046,4,P4 - Routine,P00528,Arctic Washing Machines 00528,Home Appliances,Seasonal,5.68,Low,88.0,High,44.63,Medium,Forecast Accuracy,20.0,0,0.0769,0.2857,0.0,14.3463,3.64,2.4842,0.0,7.2917,12.0024,0.0,17.4494,0.9875,904208.0136,12025.9666,816235.92,87972.0936,0.0,562.38,0,0.0,Monitor forecast accuracy and review model error drivers
1047,4,P4 - Routine,P01641,PureLife Grooming 01641,Personal Care,Seasonal,5.68,Low,88.0,High,9.45,Low,Forecast Accuracy,20.0,0,0.1721,1.2512,0.0,11.0011,2.39,0.3339,0.0,5.4167,9.8331,0.0,17.8284,0.9994,37006.5158,499.588,11583.82,25422.6958,0.0,0.0,0,0.0,Monitor forecast accuracy and review model error drivers
1048,4,P4 - Routine,P00638,Vertex TVs 00638,Electronics,Stable,5.67,Low,88.0,High,95.39,Very High,Forecast Accuracy,20.0,0,0.0652,0.1927,0.0,16.0641,3.45,2.1386,0.0,10.2083,8.4998,0.0,17.0887,0.9909,7392315.5421,96839.3336,6056106.51,1336209.0321,0.0,1042.84,0,0.0,Monitor forecast accuracy and review model error drivers
1049,4,P4 - Routine,P00763,Zenith Audio 00763,Electronics,Seasonal,5.67,Low,88.0,High,93.85,Very High,Forecast Accuracy,20.0,0,0.0597,0.1566,0.0,17.7934,3.54,1.8401,0.0,8.3333,11.5906,0.0,18.4568,0.9912,7105731.8046,93085.0866,4881350.76,2224381.0446,0.0,207.57,0,0.0,Monitor forecast accuracy and review model error drivers
1050,4,P4 - Routine,P00117,UrbanGear Bags 00117,Accessories,Trending,5.67,Low,88.0,High,51.46,Medium,Forecast Accuracy,20.0,0,0.0556,0.0572,0.0,12.729,3.94,3.6371,0.0,9.5833,9.3995,0.0,17.8294,0.9814,1591740.348,21170.1466,1360031.31,231709.038,0.0,1827.92,0,0.0,Monitor forecast accuracy and review model error drivers
1051,4,P4 - Routine,P00649,OfficePro Paper 00649,Office Supplies,Trending,5.67,Low,88.0,High,44.14,Medium,Forecast Accuracy,20.0,0,0.1779,1.353,0.0,10.5932,2.27,0.5734,0.0,5.0,9.0082,0.0,17.9157,0.997,708075.7648,9417.4077,339505.36,368570.4048,0.0,29844.24,0,0.0,Monitor forecast accuracy and review model error drivers
1052,4,P4 - Routine,P00607,NovaTech TVs 00607,Electronics,Trending,5.67,Low,88.0,High,55.58,Medium,Forecast Accuracy,20.0,0,0.0922,0.6263,0.0,18.8075,2.78,0.0,0.0,8.3333,10.2184,0.0,18.9945,1.0,462626.0496,6152.9265,0.0,462626.0496,0.0,524.92,0,0.0,Monitor forecast accuracy and review model error drivers
1053,4,P4 - Routine,P01047,Vertex Audio 01047,Electronics,Seasonal,5.66,Low,88.0,High,85.21,Very High,Forecast Accuracy,20.0,0,0.0086,0.6022,0.0,18.3192,3.27,2.2727,0.0,5.8333,11.4033,0.0,17.9468,0.9882,4493633.904,58866.6041,3657239.2,836394.704,0.0,0.0,0,0.0,Monitor forecast accuracy and review model error drivers
1054,4,P4 - Routine,P00309,PaperWorks Writing 00309,Office Supplies,Trending,5.66,Low,88.0,High,42.64,Medium,Forecast Accuracy,20.0,0,0.0137,0.1101,0.0,10.9927,3.67,2.6605,0.0,10.4167,8.7564,0.0,17.7389,0.9871,943948.665,12554.5172,780733.8,163214.865,0.0,0.0,0,0.0,Monitor forecast accuracy and review model error drivers
1055,4,P4 - Routine,P01569,PureLife Oral Care 01569,Personal Care,Seasonal,5.66,Low,88.0,High,18.79,Low,Forecast Accuracy,20.0,0,0.0724,0.4697,0.0,11.5083,3.35,2.2249,0.0,8.3333,9.5532,0.0,18.464,0.9901,208490.2404,2793.7692,174085.59,34404.6504,0.0,0.0,0,0.0,Monitor forecast accuracy and review model error drivers
1056,4,P4 - Routine,P00590,Apex Smartphones 00590,Electronics,Seasonal,5.65,Low,76.0,Medium,60.24,High,Forecast Accuracy,20.0,0,0.1803,1.8548,0.0,17.4075,2.06,1.2363,0.0,0.0,11.2655,0.0,18.7944,0.9931,1213030.86,15890.7043,1213030.86,0.0,0.0,0.0,0,0.0,Monitor forecast accuracy and review model error drivers
1057,4,P4 - Routine,P00696,DermaX Oral Care 00696,Personal Care,Seasonal,5.65,Low,88.0,High,35.76,Low,Forecast Accuracy,20.0,0,0.074,0.4608,0.0,11.1105,3.17,1.3562,0.0,8.75,9.6536,0.0,18.0711,0.9947,444059.7356,5905.9945,356682.28,87377.4556,0.0,69.0,0,0.0,Monitor forecast accuracy and review model error drivers
1058,4,P4 - Routine,P00492,PureLife Skincare 00492,Personal Care,Seasonal,5.65,Low,88.0,High,13.31,Low,Forecast Accuracy,20.0,0,0.0747,0.0883,0.0,11.5955,3.75,2.6272,0.0,10.0,9.7173,0.0,17.8265,0.9874,136909.0128,1834.5808,113376.48,23532.5328,0.0,13537.55,0,0.0,Monitor forecast accuracy and review model error drivers
1059,4,P4 - Routine,P00240,Vertex Smartphones 00240,Electronics,Trending,5.64,Low,88.0,High,47.14,Medium,Forecast Accuracy,20.0,0,0.074,0.0241,0.0,16.8891,3.57,1.5666,0.0,10.4167,10.2276,0.0,17.7958,0.9939,875640.9312,11558.4603,633520.8,242120.1312,0.0,102.06,0,0.0,Monitor forecast accuracy and review model error drivers
1060,4,P4 - Routine,P00163,DermaX Skincare 00163,Personal Care,Seasonal,5.64,Low,88.0,High,27.18,Low,Forecast Accuracy,20.0,0,0.0534,0.4205,0.0,11.8214,3.54,3.0012,0.0,7.7083,9.8862,0.0,17.366,0.9878,414808.4952,5516.953,290894.22,123914.2752,0.0,0.0,0,0.0,Monitor forecast accuracy and review model error drivers
1061,4,P4 - Routine,P00633,PureLife Haircare 00633,Personal Care,Trending,5.64,Low,88.0,High,22.72,Low,Forecast Accuracy,20.0,0,0.0435,0.7844,0.0,12.5409,2.8,1.0836,0.0,8.3333,8.198,0.0,18.1937,0.9946,245546.154,3265.7638,172995.48,72550.674,0.0,12348.79,0,0.0,Monitor forecast accuracy and review model error drivers
1062,4,P4 - Routine,P01001,Zenith TVs 01001,Electronics,Seasonal,5.63,Low,88.0,High,94.31,Very High,Forecast Accuracy,20.0,0,0.0678,0.0964,0.0,18.946,3.62,2.1409,0.0,8.3333,11.5089,0.0,18.7322,0.9895,6976796.2125,90000.6711,6175943.7,800852.5125,0.0,6.0,0,0.0,Monitor forecast accuracy and review model error drivers
1063,4,P4 - Routine,P00226,NovaTech Audio 00226,Electronics,Stable,5.63,Low,88.0,High,73.89,High,Forecast Accuracy,20.0,0,0.0205,0.4577,0.0,16.5774,2.98,0.8863,0.0,9.375,8.7417,0.0,17.1762,0.9966,1737408.3057,22586.308,1245998.61,491409.6957,0.0,0.0,0,0.0,Monitor forecast accuracy and review model error drivers
1064,4,P4 - Routine,P00996,Zenith Smartphones 00996,Electronics,Stable,5.63,Low,88.0,High,62.18,High,Forecast Accuracy,20.0,0,0.0234,0.1445,0.0,16.9647,3.19,0.6579,0.0,11.4583,8.5028,0.0,16.7717,0.9975,1142343.7812,14964.7035,546631.62,595712.1612,0.0,0.0,0,0.0,Monitor forecast accuracy and review model error drivers
1065,4,P4 - Routine,P01265,NovaTech Laptops 01265,Electronics,Stable,5.62,Low,88.0,High,54.73,Medium,Forecast Accuracy,20.0,0,0.0427,0.1786,0.0,14.514,3.24,0.9476,0.0,10.8333,8.8654,0.0,16.9665,0.996,955347.0098,12515.0458,635106.68,320240.3298,0.0,0.0,0,0.0,Monitor forecast accuracy and review model error drivers
1066,4,P4 - Routine,P01606,DermaX Skincare 01606,Personal Care,Seasonal,5.62,Low,88.0,High,14.01,Low,Forecast Accuracy,20.0,0,0.029,0.0321,0.0,10.3897,3.57,1.5986,0.0,10.625,10.0017,0.0,17.6807,0.9936,121484.1412,1615.7391,92852.81,28631.3312,0.0,0.0,0,0.0,Monitor forecast accuracy and review model error drivers
1067,4,P4 - Routine,P00212,DeskMate Storage 00212,Office Supplies,Trending,5.61,Low,88.0,High,37.73,Low,Forecast Accuracy,20.0,0,0.0631,0.1136,0.0,12.3813,3.46,1.7915,0.0,10.8333,8.6183,0.0,17.6204,0.9917,636238.273,8334.7214,530973.72,105264.5531,0.0,0.0,0,0.0,Monitor forecast accuracy and review model error drivers
1068,4,P4 - Routine,P01539,NovaTech Smartphones 01539,Electronics,Trending,5.61,Low,88.0,High,38.75,Low,Forecast Accuracy,20.0,0,0.0172,0.2784,0.0,17.9727,3.12,0.492,0.0,9.7917,10.0497,0.0,17.9493,0.9978,454561.754,5954.759,220584.56,233977.194,0.0,1021.23,0,0.0,Monitor forecast accuracy and review model error drivers
1069,4,P4 - Routine,P01002,DermaX Oral Care 01002,Personal Care,Trending,5.61,Low,88.0,High,8.77,Low,Forecast Accuracy,20.0,0,0.1059,0.825,0.0,12.2207,2.66,0.6296,0.0,8.5417,7.9234,0.0,18.0399,0.9978,54304.4092,722.2486,30724.33,23580.0792,0.0,300.04,0,0.0,Monitor forecast accuracy and review model error drivers
1070,4,P4 - Routine,P01792,WriteWell Paper 01792,Office Supplies,Trending,5.6,Low,76.0,Medium,58.54,Medium,Supplier,17.5,0,0.0508,0.8603,0.0,9.3003,4.37,1.5357,0.0,17.5,8.5805,0.0,17.9125,0.9929,1509031.167,19617.4052,1122740.3,386290.867,0.0,3243.31,0,0.0,Monitor supplier performance and lead-time stability
1071,4,P4 - Routine,P01708,Apex Audio 01708,Electronics,Trending,5.6,Low,88.0,High,41.66,Medium,Forecast Accuracy,20.0,0,0.12,0.1927,0.0,16.9363,3.37,1.4138,0.0,9.5833,10.0332,0.0,17.9455,0.9927,732821.126,9599.9568,556440.11,176381.016,0.0,0.0,0,0.0,Monitor forecast accuracy and review model error drivers
1072,4,P4 - Routine,P01844,Glow Grooming 01844,Personal Care,Seasonal,5.6,Low,88.0,High,8.16,Low,Forecast Accuracy,20.0,0,0.0638,0.9957,0.0,10.6108,2.59,0.6748,0.0,6.25,9.6837,0.0,17.8091,0.9974,54197.4388,715.4062,27308.72,26888.7188,0.0,4183.42,0,0.0,Monitor forecast accuracy and review model error drivers
1073,4,P4 - Routine,P01825,CarePlus Oral Care 01825,Personal Care,Seasonal,5.6,Low,88.0,High,5.18,Low,Forecast Accuracy,20.0,0,0.0513,0.0138,0.0,11.8215,3.7,2.2798,0.0,10.4167,9.6982,0.0,17.8707,0.9895,46512.3186,613.9626,32433.29,14079.0286,0.0,0.0,0,0.0,Monitor forecast accuracy and review model error drivers
1074,4,P4 - Routine,P01602,EverHome Refrigerators 01602,Home Appliances,Seasonal,5.59,Low,88.0,High,53.93,Medium,Forecast Accuracy,20.0,0,0.1073,0.6786,0.0,12.202,3.38,3.2528,0.0,4.5833,11.423,0.0,18.0698,0.9825,1591049.2923,20683.6408,1293536.01,297513.2823,0.0,328.96,0,0.0,Monitor forecast accuracy and review model error drivers
1075,4,P4 - Routine,P00451,WriteWell Storage 00451,Office Supplies,Trending,5.59,Low,88.0,High,43.77,Medium,Forecast Accuracy,20.0,0,0.0894,1.1928,0.0,12.0554,2.32,0.4812,0.0,5.625,8.8718,0.0,17.7541,0.9979,654708.0015,8511.204,255062.43,399645.5715,0.0,4936.43,0,0.0,Monitor forecast accuracy and review model error drivers
1076,4,P4 - Routine,P01501,DermaX Oral Care 01501,Personal Care,Seasonal,5.59,Low,88.0,High,7.67,Low,Forecast Accuracy,20.0,0,0.1379,1.3627,0.0,10.8565,2.31,0.7572,0.0,4.1667,9.7326,0.0,18.3951,0.9965,59629.174,787.1051,27807.16,31822.014,0.0,10106.57,0,0.0,Monitor forecast accuracy and review model error drivers
1077,4,P4 - Routine,P01489,ComfortMax Washing Machines 01489,Home Appliances,Seasonal,5.58,Low,88.0,High,94.15,Very High,Forecast Accuracy,20.0,0,0.1385,0.6384,0.0,11.794,3.24,2.7575,0.0,5.2083,10.8737,0.0,17.9818,0.9861,8497689.9696,108770.4316,7131787.38,1365902.5896,0.0,1548.06,0,0.0,Monitor forecast accuracy and review model error drivers
1078,4,P4 - Routine,P00920,Vertex Smartphones 00920,Electronics,Trending,5.58,Low,88.0,High,93.92,Very High,Forecast Accuracy,20.0,0,0.0347,0.2007,0.0,17.8328,3.21,1.0034,0.0,9.375,10.02,0.0,17.9988,0.9954,6064738.3368,77628.6507,3426405.84,2638332.4968,0.0,2386.95,0,0.0,Monitor forecast accuracy and review model error drivers
1079,4,P4 - Routine,P01353,Arctic Air Conditioners 01353,Home Appliances,Seasonal,5.58,Low,88.0,High,49.8,Medium,Forecast Accuracy,20.0,0,0.1042,0.2168,0.0,11.6452,3.45,1.9007,0.0,8.3333,10.8571,0.0,18.5909,0.9906,1100108.4762,14301.4102,814729.37,285379.1062,0.0,662.79,0,0.0,Monitor forecast accuracy and review model error drivers
1080,4,P4 - Routine,P00500,UrbanGear Bags 00500,Accessories,Trending,5.58,Low,88.0,High,38.3,Low,Forecast Accuracy,20.0,0,0.1864,1.0324,0.0,13.2796,2.61,1.1873,0.0,5.4167,9.601,0.0,17.8242,0.995,548218.4616,7126.84,455462.64,92755.8216,0.0,7473.45,0,0.0,Monitor forecast accuracy and review model error drivers
1081,4,P4 - Routine,P01635,UrbanGear Bags 01635,Accessories,Stable,5.58,Low,88.0,High,41.87,Medium,Forecast Accuracy,20.0,0,0.0524,0.2998,0.0,10.1938,2.87,0.2255,0.0,12.5,6.2032,0.0,17.3288,0.9991,380203.8651,4942.6502,127547.8,252656.0651,0.0,1700.15,0,0.0,Monitor forecast accuracy and review model error drivers
1082,4,P4 - Routine,P01080,TechMate Mobile Accessories 01080,Accessories,Trending,5.57,Low,88.0,High,44.28,Medium,Forecast Accuracy,20.0,0,0.0195,0.3292,0.0,12.7451,3.41,2.3743,0.0,8.125,9.8904,0.0,17.4513,0.99,969526.1109,12506.8868,741357.66,228168.4509,0.0,93.79,0,0.0,Monitor forecast accuracy and review model error drivers
1083,4,P4 - Routine,P00250,ConnectX Bags 00250,Accessories,Trending,5.56,Low,88.0,High,98.1,Very High,Forecast Accuracy,20.0,0,0.0547,0.8086,0.0,13.9286,2.82,1.6666,0.0,5.8333,9.6108,0.0,17.7673,0.9929,9764978.6356,124015.2287,8502899.86,1262078.7756,0.0,0.0,0,0.0,Monitor forecast accuracy and review model error drivers
1084,4,P4 - Routine,P01807,PaperWorks Paper 01807,Office Supplies,Trending,5.56,Low,88.0,High,91.77,Very High,Forecast Accuracy,20.0,0,0.1787,1.3039,0.0,10.504,2.3,1.2968,0.0,4.1667,8.565,0.0,18.0383,0.9939,5858201.2944,74399.1564,3803024.7,2055176.5944,0.0,0.0,0,0.0,Monitor forecast accuracy and review model error drivers
1085,4,P4 - Routine,P00465,ConnectX Mobile Accessories 00465,Accessories,Trending,5.56,Low,88.0,High,87.95,Very High,Forecast Accuracy,20.0,0,0.0982,0.2197,0.0,13.3847,3.2,1.1235,0.0,9.1667,9.9518,0.0,18.0037,0.9956,3909099.9542,49645.5694,2890801.74,1018298.2141,0.0,0.0,0,0.0,Monitor forecast accuracy and review model error drivers
1086,4,P4 - Routine,P01025,CarryPro Cables 01025,Accessories,Trending,5.56,Low,88.0,High,88.6,Very High,Forecast Accuracy,20.0,0,0.1862,0.7254,0.0,13.0691,2.72,0.8349,0.0,6.875,9.6209,0.0,17.4286,0.9971,3418333.2464,43412.8322,2515201.44,903131.8064,0.0,0.0,0,0.0,Monitor forecast accuracy and review model error drivers
1087,4,P4 - Routine,P00581,DermaX Oral Care 00581,Personal Care,Trending,5.56,Low,88.0,High,13.28,Low,Forecast Accuracy,20.0,0,0.1292,0.8922,0.0,10.7919,2.53,0.4228,0.0,7.7083,8.2943,0.0,17.3132,0.9985,85956.0448,1117.4286,34178.56,51777.4848,0.0,15153.47,0,0.0,Monitor forecast accuracy and review model error drivers
1088,4,P4 - Routine,P00566,PureLife Haircare 00566,Personal Care,Trending,5.56,Low,88.0,High,4.86,Low,Forecast Accuracy,20.0,0,0.0452,0.1927,0.0,10.0744,3.32,1.5198,0.0,10.8333,8.2647,0.0,17.5929,0.9944,36177.4875,473.9251,27892.92,8284.5675,0.0,1791.79,0,0.0,Monitor forecast accuracy and review model error drivers
1089,4,P4 - Routine,P01403,Apex Laptops 01403,Electronics,Seasonal,5.55,Low,88.0,High,85.52,Very High,Forecast Accuracy,20.0,0,0.0526,0.1686,0.0,18.1085,3.23,0.7497,0.0,8.3333,11.7285,0.0,18.9565,0.9966,2972527.4497,37751.0986,1846731.51,1125795.9397,0.0,715.45,0,0.0,Monitor forecast accuracy and review model error drivers
1090,4,P4 - Routine,P01117,NovaTech Audio 01117,Electronics,Stable,5.55,Low,88.0,High,56.6,Medium,Forecast Accuracy,20.0,0,0.0508,0.1204,0.0,15.5872,3.46,2.178,0.0,10.2083,8.4757,0.0,16.9528,0.9905,1373400.7243,17579.5293,1132720.93,240679.7943,0.0,0.0,0,0.0,Monitor forecast accuracy and review model error drivers
1091,4,P4 - Routine,P00284,NovaTech Laptops 00284,Electronics,Stable,5.55,Low,88.0,High,62.68,High,Forecast Accuracy,20.0,0,0.0448,0.2409,0.0,15.6531,3.11,0.964,0.0,10.4167,8.3672,0.0,16.81,0.9958,1263074.3653,16167.3519,851365.24,411709.1253,0.0,0.0,0,0.0,Monitor forecast accuracy and review model error drivers
1092,4,P4 - Routine,P01563,OfficePro Paper 01563,Office Supplies,Trending,5.55,Low,88.0,High,40.84,Medium,Forecast Accuracy,20.0,0,0.0463,0.6938,0.0,10.0988,2.65,0.2377,0.0,8.3333,8.8256,0.0,18.3751,0.999,474520.7088,6121.3171,128817.4,345703.3087,0.0,0.0,0,0.0,Monitor forecast accuracy and review model error drivers
1093,4,P4 - Routine,P01793,PureLife Oral Care 01793,Personal Care,Trending,5.55,Low,88.0,High,30.02,Low,Forecast Accuracy,20.0,0,0.0466,0.2224,0.0,10.8574,3.31,1.7619,0.0,10.4167,8.0974,0.0,17.7176,0.992,418075.2744,5393.171,326760.87,91314.4044,0.0,0.0,0,0.0,Monitor forecast accuracy and review model error drivers
1094,4,P4 - Routine,P01751,PureLife Haircare 01751,Personal Care,Trending,5.55,Low,88.0,High,23.05,Low,Forecast Accuracy,20.0,0,0.1095,1.3925,0.0,11.0923,2.26,1.1035,0.0,4.375,8.4936,0.0,18.0071,0.9958,231487.1132,3009.3325,150612.84,80874.2732,0.0,0.0,0,0.0,Monitor forecast accuracy and review model error drivers
1095,4,P4 - Routine,P00029,PureLife Grooming 00029,Personal Care,Trending,5.55,Low,88.0,High,19.66,Low,Forecast Accuracy,20.0,0,0.0945,0.4625,0.0,12.2071,3.03,1.2234,0.0,9.1667,8.5728,0.0,17.8012,0.9946,205209.875,2667.7284,135118.5,70091.375,0.0,2128.91,0,0.0,Monitor forecast accuracy and review model error drivers
1096,4,P4 - Routine,P01784,Glow Skincare 01784,Personal Care,Trending,5.55,Low,88.0,High,21.79,Low,Forecast Accuracy,20.0,0,0.0297,0.0216,0.0,11.6863,3.3,0.8059,0.0,11.875,8.5022,0.0,17.3956,0.9974,188504.814,2450.5626,101373.78,87131.034,0.0,3704.63,0,0.0,Monitor forecast accuracy and review model error drivers
1097,4,P4 - Routine,P01092,DermaX Haircare 01092,Personal Care,Trending,5.55,Low,88.0,High,14.54,Low,Forecast Accuracy,20.0,0,0.0788,0.6263,0.0,10.7204,2.8,0.7368,0.0,8.75,8.4576,0.0,18.023,0.9967,103953.6723,1351.3977,77714.82,26238.8523,0.0,0.0,0,0.0,Monitor forecast accuracy and review model error drivers
1098,4,P4 - Routine,P01826,CarePlus Grooming 01826,Personal Care,Trending,5.55,Low,88.0,High,9.94,Low,Forecast Accuracy,20.0,0,0.0805,0.2755,0.0,11.4221,3.27,1.6553,0.0,10.2083,8.2588,0.0,16.924,0.993,83452.5645,1084.8833,71902.2,11550.3645,0.0,13289.5,0,0.0,Monitor forecast accuracy and review model error drivers
1099,4,P4 - Routine,P00288,CarePlus Skincare 00288,Personal Care,Seasonal,5.55,Low,88.0,High,3.49,Low,Forecast Accuracy,20.0,0,0.098,0.5139,0.0,11.6575,3.19,1.8424,0.0,7.7083,9.8416,0.0,17.4066,0.9912,28583.6802,374.4462,22015.77,6567.9102,0.0,0.0,0,0.0,Monitor forecast accuracy and review model error drivers
1100,4,P4 - Routine,P00038,Zenith Audio 00038,Electronics,Trending,5.54,Low,88.0,High,59.81,Medium,Forecast Accuracy,20.0,0,0.0289,0.4095,0.0,17.4838,3.03,0.9875,0.0,8.3333,9.9231,0.0,18.1725,0.9956,1329519.927,17017.8551,794307.78,535212.147,0.0,0.0,0,0.0,Monitor forecast accuracy and review model error drivers
1101,4,P4 - Routine,P00449,ComfortMax Microwaves 00449,Home Appliances,Volatile,5.54,Low,88.0,High,33.36,Low,Forecast Accuracy,20.0,0,0.006,0.0241,0.0,16.8427,3.48,0.9379,0.0,8.5417,12.778,0.0,19.4708,0.9961,410777.213,5299.026,222208.56,188568.653,0.0,714.3,0,0.0,Monitor forecast accuracy and review model error drivers
1102,4,P4 - Routine,P00484,PureLife Grooming 00484,Personal Care,Trending,5.54,Low,88.0,High,10.01,Low,Forecast Accuracy,20.0,0,0.1821,1.1155,0.0,10.546,2.53,1.3918,0.0,5.8333,8.2751,0.0,17.7689,0.9943,78730.824,1023.5007,66002.4,12728.424,0.0,0.0,0,0.0,Monitor forecast accuracy and review model error drivers
1103,4,P4 - Routine,P00022,Zenith TVs 00022,Electronics,Seasonal,5.53,Low,88.0,High,94.16,Very High,Forecast Accuracy,20.0,0,0.0421,0.0241,0.0,18.3796,3.5,1.597,0.0,8.3333,11.8063,0.0,18.6816,0.9909,6954410.38,87625.5708,5359792.75,1594617.63,0.0,721.63,0,0.0,Monitor forecast accuracy and review model error drivers
1104,4,P4 - Routine,P01756,ConnectX Bags 01756,Accessories,Trending,5.53,Low,88.0,High,66.25,High,Forecast Accuracy,20.0,0,0.0236,0.3333,0.0,11.9048,3.27,2.029,0.0,8.3333,9.4185,0.0,18.482,0.9907,2084647.9334,26475.0288,1782742.34,301905.5934,0.0,1184.56,0,0.0,Monitor forecast accuracy and review model error drivers
1105,4,P4 - Routine,P00172,NovaTech TVs 00172,Electronics,Seasonal,5.53,Low,88.0,High,74.33,High,Forecast Accuracy,20.0,0,0.0815,0.2168,0.0,18.9461,3.1,0.2519,0.0,8.3333,11.8173,0.0,18.3751,0.9989,1638692.9408,20811.4003,479851.52,1158841.4208,0.0,439.42,0,0.0,Monitor forecast accuracy and review model error drivers
1106,4,P4 - Routine,P01568,Apex Laptops 01568,Electronics,Stable,5.53,Low,88.0,High,48.59,Medium,Forecast Accuracy,20.0,0,0.1351,0.53,0.0,16.0138,2.83,0.7378,0.0,8.9583,8.4464,0.0,17.1659,0.9967,744688.672,9532.015,409169.6,335519.072,0.0,410.47,0,0.0,Monitor forecast accuracy and review model error drivers
1107,4,P4 - Routine,P01261,HomePro Air Conditioners 01261,Home Appliances,Seasonal,5.53,Low,88.0,High,30.84,Low,Forecast Accuracy,20.0,0,0.02,0.1429,0.0,11.51,3.34,1.04,0.0,8.75,11.45,0.0,18.0772,0.9964,323988.2118,4179.4479,206066.6,117921.6119,0.0,528.07,0,0.0,Monitor forecast accuracy and review model error drivers
1108,4,P4 - Routine,P00035,ConnectX Cables 00035,Accessories,Volatile,5.53,Low,88.0,High,27.15,Low,Forecast Accuracy,20.0,0,0.1687,0.3019,0.0,19.3206,3.01,0.0,0.0,8.3333,11.7486,0.0,20.2086,1.0,240120.1002,3097.5493,0.0,240120.1002,0.0,0.0,0,0.0,Monitor forecast accuracy and review model error drivers
1109,4,P4 - Routine,P00599,NovaTech Laptops 00599,Electronics,Seasonal,5.52,Low,88.0,High,81.89,Very High,Forecast Accuracy,20.0,0,0.0328,0.2891,0.0,19.6306,3.33,1.8453,0.0,7.0833,11.4114,0.0,17.6196,0.9911,3844970.1888,48446.6244,2387701.84,1457268.3488,0.0,0.0,0,0.0,Monitor forecast accuracy and review model error drivers
1110,4,P4 - Routine,P00155,ConnectX Bags 00155,Accessories,Trending,5.52,Low,76.0,Medium,70.78,High,Forecast Accuracy,20.0,0,0.2678,1.8105,0.0,12.871,2.12,2.2545,0.0,0.0,9.6252,0.0,18.2955,0.9884,2561153.14,32526.6449,2561153.14,0.0,0.0,0.0,0,0.0,Monitor forecast accuracy and review model error drivers
1111,4,P4 - Routine,P00137,CarePlus Grooming 00137,Personal Care,Trending,5.52,Low,88.0,High,22.77,Low,Forecast Accuracy,20.0,0,0.0893,1.3388,0.0,10.0976,2.13,0.4259,0.0,5.2083,8.1468,0.0,17.8396,0.9985,150513.4674,1941.6237,86477.65,64035.8174,0.0,220.0,0,0.0,Monitor forecast accuracy and review model error drivers
1112,4,P4 - Routine,P01133,Zenith Audio 01133,Electronics,Trending,5.51,Low,88.0,High,90.03,Very High,Forecast Accuracy,20.0,0,0.1307,0.2349,0.0,17.3681,3.05,0.6398,0.0,9.1667,9.8877,0.0,17.9802,0.9991,3421321.6278,42766.5203,1170865.3,2250456.3278,0.0,0.0,0,0.0,Monitor forecast accuracy and review model error drivers
1113,4,P4 - Routine,P00109,Vertex Audio 00109,Electronics,Seasonal,5.51,Low,88.0,High,54.69,Medium,Forecast Accuracy,20.0,0,0.0289,0.265,0.0,17.4248,3.19,1.0173,0.0,7.9167,11.3412,0.0,17.5114,0.9953,1121927.664,14248.4813,603568.68,518358.984,0.0,0.0,0,0.0,Monitor forecast accuracy and review model error drivers
1114,4,P4 - Routine,P01984,Glow Haircare 01984,Personal Care,Trending,5.51,Low,88.0,High,8.15,Low,Forecast Accuracy,20.0,0,0.1327,0.8768,0.0,10.9688,2.63,1.0179,0.0,7.0833,8.3964,0.0,17.4556,0.9953,60164.4636,776.1216,48498.15,11666.3136,0.0,0.0,0,0.0,Monitor forecast accuracy and review model error drivers
1115,4,P4 - Routine,P01370,NovaTech Laptops 01370,Electronics,Seasonal,5.5,Low,88.0,High,64.41,High,Forecast Accuracy,20.0,0,0.2086,0.7227,0.0,17.8835,2.98,1.8539,0.0,4.5833,11.5498,0.0,18.3016,0.9924,1647553.5202,20759.1744,1399592.4,247961.1202,0.0,237.95,0,0.0,Monitor forecast accuracy and review model error drivers
1116,4,P4 - Routine,P00714,Arctic Refrigerators 00714,Home Appliances,Volatile,5.5,Low,88.0,High,65.17,High,Forecast Accuracy,20.0,0,0.1032,0.6906,0.0,17.7607,2.75,0.4504,0.0,5.4167,11.9948,0.0,19.0795,0.9982,1211049.4328,15259.2229,488023.64,723025.7928,0.0,977.73,0,0.0,Monitor forecast accuracy and review model error drivers
1117,4,P4 - Routine,P00879,Vertex Smartphones 00879,Electronics,Stable,5.5,Low,88.0,High,36.73,Low,Forecast Accuracy,20.0,0,0.012,0.0723,0.0,17.1057,3.21,0.7541,0.0,11.0417,8.8554,0.0,16.9261,0.9966,420036.6483,5334.4654,264381.84,155654.8083,0.0,316.91,0,0.0,Monitor forecast accuracy and review model error drivers
1118,4,P4 - Routine,P01937,EverHome Air Conditioners 01937,Home Appliances,Seasonal,5.49,Low,88.0,High,61.81,High,Forecast Accuracy,20.0,0,0.0064,0.554,0.0,11.4218,3.14,2.049,0.0,5.625,11.2291,0.0,17.9223,0.9905,1644184.4118,20716.7236,1440041.4,204143.0118,0.0,2608.39,0,0.0,Monitor forecast accuracy and review model error drivers
1119,4,P4 - Routine,P00382,WriteWell Desk Accessories 00382,Office Supplies,Trending,5.49,Low,88.0,High,65.19,High,Forecast Accuracy,20.0,0,0.2068,1.8174,0.0,11.1572,1.77,0.7436,0.0,1.4583,8.8222,0.0,17.8458,0.9967,1161762.0,14638.2012,1161762.0,0.0,0.0,19897.77,0,0.0,Monitor forecast accuracy and review model error drivers
1120,4,P4 - Routine,P01926,Apex Audio 01926,Electronics,Trending,5.49,Low,88.0,High,21.33,Low,Forecast Accuracy,20.0,0,0.0261,0.1071,0.0,18.1555,3.23,0.5807,0.0,9.5833,10.7636,0.0,18.0184,0.9969,179052.3999,2291.8707,113563.89,65488.5099,0.0,381.54,0,0.0,Monitor forecast accuracy and review model error drivers
1121,4,P4 - Routine,P00736,TechMate Cables 00736,Accessories,Trending,5.48,Low,88.0,High,64.13,High,Forecast Accuracy,20.0,0,0.0268,0.3265,0.0,13.3695,3.44,2.9467,0.0,7.2917,9.7251,0.0,17.5078,0.987,2155863.3964,26948.2925,1995884.16,159979.2364,0.0,33.0,0,0.0,Monitor forecast accuracy and review model error drivers
1122,4,P4 - Routine,P01961,Vertex Smartphones 01961,Electronics,Stable,5.48,Low,88.0,High,69.03,High,Forecast Accuracy,20.0,0,0.0275,0.2168,0.0,16.553,3.27,1.989,0.0,9.375,8.4486,0.0,17.2215,0.9911,2063827.6269,25797.8453,1684002.84,379824.7869,0.0,134.6,0,0.0,Monitor forecast accuracy and review model error drivers
1123,4,P4 - Routine,P00199,ConnectX Cables 00199,Accessories,Volatile,5.48,Low,88.0,High,31.39,Low,Forecast Accuracy,20.0,0,0.0238,0.0054,0.0,19.5133,3.47,1.4569,0.0,9.375,10.8312,0.0,19.2009,0.9937,440986.41,5600.5274,267212.25,173774.16,0.0,1549.13,0,0.0,Monitor forecast accuracy and review model error drivers
1124,4,P4 - Routine,P01084,TechMate Bags 01084,Accessories,Stable,5.48,Low,88.0,High,36.82,Low,Forecast Accuracy,20.0,0,0.133,0.9326,0.0,10.2123,2.33,0.4225,0.0,8.3333,6.3263,0.0,17.499,0.9985,355819.422,4518.9067,152258.4,203561.022,0.0,945.94,0,0.0,Monitor forecast accuracy and review model error drivers
1125,4,P4 - Routine,P01930,NovaTech Smartphones 01930,Electronics,Trending,5.48,Low,88.0,High,29.5,Low,Forecast Accuracy,20.0,0,0.0441,0.3613,0.0,18.0155,3.07,1.0484,0.0,8.3333,10.0207,0.0,18.5857,0.995,345145.6449,4383.3497,254618.46,90527.1849,0.0,0.0,0,0.0,Monitor forecast accuracy and review model error drivers
1126,4,P4 - Routine,P00907,ConnectX Cables 00907,Accessories,Stable,5.47,Low,88.0,High,72.87,High,Forecast Accuracy,20.0,0,0.0534,0.1445,0.0,10.0323,2.89,0.2487,0.0,12.5,6.2422,0.0,17.6548,0.9989,1317397.543,16467.4693,602386.4,715011.143,0.0,4.35,0,0.0,Monitor forecast accuracy and review model error drivers
1127,4,P4 - Routine,P00371,Apex Laptops 00371,Electronics,Trending,5.47,Low,88.0,High,56.51,Medium,Forecast Accuracy,20.0,0,0.0278,0.1429,0.0,16.8777,3.26,1.1917,0.0,8.9583,10.4009,0.0,17.3232,0.9949,1249339.2336,15616.7404,737798.76,511540.4736,0.0,131.5,0,0.0,Monitor forecast accuracy and review model error drivers
1128,4,P4 - Routine,P01951,Apex TVs 01951,Electronics,Seasonal,5.46,Low,76.0,Medium,96.76,Very High,Forecast Accuracy,20.0,0,0.2009,1.4694,0.0,17.8974,2.37,2.0851,0.0,0.0,11.6377,0.0,18.3591,0.9887,8425381.6,103632.1937,8425381.6,0.0,0.0,819.68,0,0.0,Monitor forecast accuracy and review model error drivers
1129,4,P4 - Routine,P00886,NovaTech Smartphones 00886,Electronics,Stable,5.46,Low,88.0,High,96.44,Very High,Forecast Accuracy,20.0,0,0.0802,0.2891,0.0,17.3788,3.04,1.3225,0.0,9.1667,8.4443,0.0,17.2742,0.995,7063102.9962,86876.1669,5043272.4,2019830.5962,0.0,30.1,0,0.0,Monitor forecast accuracy and review model error drivers
1130,4,P4 - Routine,P00651,NovaTech TVs 00651,Electronics,Stable,5.46,Low,88.0,High,83.69,Very High,Forecast Accuracy,20.0,0,0.0548,0.0964,0.0,15.1286,3.11,0.8057,0.0,10.625,8.5221,0.0,16.9729,0.9961,2834726.595,35150.6098,1876728.75,957997.845,0.0,479.4,0,0.0,Monitor forecast accuracy and review model error drivers
1131,4,P4 - Routine,P01011,Apex Smartphones 01011,Electronics,Stable,5.46,Low,88.0,High,77.25,High,Forecast Accuracy,20.0,0,0.0448,0.2409,0.0,16.0358,3.06,1.12,0.0,9.5833,8.5537,0.0,17.1518,0.9956,2070564.7437,25675.0028,1585523.87,485040.8737,0.0,0.0,0,0.0,Monitor forecast accuracy and review model error drivers
1132,4,P4 - Routine,P00135,CarryPro Cables 00135,Accessories,Stable,5.46,Low,88.0,High,74.62,High,Forecast Accuracy,20.0,0,0.0449,0.7452,0.0,10.0232,2.52,0.846,0.0,8.75,6.3533,0.0,17.1883,0.997,1817256.735,22533.9835,1091963.25,725293.485,0.0,0.0,0,0.0,Monitor forecast accuracy and review model error drivers
1133,4,P4 - Routine,P01607,Vertex TVs 01607,Electronics,Trending,5.46,Low,88.0,High,43.65,Medium,Forecast Accuracy,20.0,0,0.0193,0.4577,0.0,18.5584,2.77,0.0,0.0,8.3333,10.1162,0.0,18.9221,1.0,411998.4404,5191.1803,0.0,411998.4404,0.0,0.0,0,0.0,Monitor forecast accuracy and review model error drivers
1134,4,P4 - Routine,P01740,ComfortMax Air Conditioners 01740,Home Appliances,Seasonal,5.46,Low,88.0,High,26.76,Low,Forecast Accuracy,20.0,0,0.037,0.1071,0.0,11.6661,3.38,1.3162,0.0,8.3333,11.5817,0.0,18.3214,0.9923,319267.8015,4054.7011,272490.3,46777.5015,0.0,0.0,0,0.0,Monitor forecast accuracy and review model error drivers
1135,4,P4 - Routine,P00725,Glow Oral Care 00725,Personal Care,Seasonal,5.46,Low,88.0,High,12.71,Low,Forecast Accuracy,20.0,0,0.0649,0.3854,0.0,10.6399,3.06,1.1815,0.0,8.3333,9.7225,0.0,18.4508,0.9964,93708.7004,1190.1005,54220.46,39488.2404,0.0,0.0,0,0.0,Monitor forecast accuracy and review model error drivers
1136,4,P4 - Routine,P00693,Glow Skincare 00693,Personal Care,Trending,5.46,Low,88.0,High,7.12,Low,Forecast Accuracy,20.0,0,0.1701,1.4273,0.0,10.9823,2.11,0.8701,0.0,4.1667,8.162,0.0,18.363,0.9968,51682.752,656.371,30412.8,21269.952,0.0,721.22,0,0.0,Monitor forecast accuracy and review model error drivers
1137,4,P4 - Routine,P00744,CarePlus Skincare 00744,Personal Care,Trending,5.46,Low,88.0,High,1.57,Low,Forecast Accuracy,20.0,0,0.0608,0.1686,0.0,11.1138,3.22,1.303,0.0,10.625,8.2626,0.0,17.5781,0.9952,12284.5108,157.2417,8371.97,3912.5408,0.0,0.0,0,0.0,Monitor forecast accuracy and review model error drivers
1138,4,P4 - Routine,P01407,ConnectX Bags 01407,Accessories,Trending,5.45,Low,88.0,High,95.61,Very High,Forecast Accuracy,20.0,0,0.0239,0.4031,0.0,12.1269,2.82,0.5274,0.0,8.3333,9.4278,0.0,19.3391,0.9975,6574851.1702,80870.6694,2932367.05,3642484.1202,0.0,0.0,0,0.0,Monitor forecast accuracy and review model error drivers
1139,4,P4 - Routine,P01494,Zenith TVs 01494,Electronics,Stable,5.45,Low,88.0,High,59.63,Medium,Forecast Accuracy,20.0,0,0.0033,0.6504,0.0,16.1121,2.83,1.5398,0.0,7.2917,8.4919,0.0,16.8766,0.9928,1446547.255,18081.8407,1051417.7,395129.555,0.0,170.0,0,0.0,Monitor forecast accuracy and review model error drivers
1140,4,P4 - Routine,P01304,Glow Oral Care 01304,Personal Care,Seasonal,5.45,Low,88.0,High,15.15,Low,Forecast Accuracy,20.0,0,0.0207,0.2746,0.0,11.0986,3.05,0.7007,0.0,9.1667,9.7752,0.0,17.9642,0.9971,112276.962,1425.9174,58749.9,53527.062,0.0,2498.6,0,0.0,Monitor forecast accuracy and review model error drivers
1141,4,P4 - Routine,P01297,NovaTech Smartphones 01297,Electronics,Seasonal,5.43,Low,88.0,High,86.78,Very High,Forecast Accuracy,20.0,0,0.12,0.8431,0.0,19.7586,2.58,0.6782,0.0,4.1667,11.6938,0.0,18.6446,0.9973,2904762.6594,35728.5807,1928980.71,975781.9494,0.0,1000.68,0,0.0,Monitor forecast accuracy and review model error drivers
1142,4,P4 - Routine,P01700,CarePlus Haircare 01700,Personal Care,Seasonal,5.43,Low,88.0,High,11.2,Low,Forecast Accuracy,20.0,0,0.1051,1.1225,0.0,10.9069,2.36,0.6936,0.0,4.5833,9.7934,0.0,17.9883,0.9972,77533.7454,976.9252,40113.93,37419.8154,0.0,3077.16,0,0.0,Monitor forecast accuracy and review model error drivers
1143,4,P4 - Routine,P00097,DermaX Skincare 00097,Personal Care,Seasonal,5.43,Low,88.0,High,2.27,Low,Forecast Accuracy,20.0,0,0.0113,0.2441,0.0,10.7443,3.22,1.3689,0.0,8.75,9.9798,0.0,18.0188,0.9945,17117.8977,217.3973,10681.36,6436.5377,0.0,0.0,0,0.0,Monitor forecast accuracy and review model error drivers
1144,4,P4 - Routine,P01284,NovaTech Audio 01284,Electronics,Stable,5.42,Low,88.0,High,80.25,Very High,Forecast Accuracy,20.0,0,0.0426,0.1927,0.0,16.4961,3.27,2.1054,0.0,8.9583,8.6179,0.0,17.2944,0.9899,3290648.3626,40474.9749,2740303.98,550344.3826,0.0,472.09,0,0.0,Monitor forecast accuracy and review model error drivers
1145,4,P4 - Routine,P01031,Vertex TVs 01031,Electronics,Trending,5.42,Low,88.0,High,32.6,Low,Forecast Accuracy,20.0,0,0.0521,0.4818,0.0,17.0321,2.9,0.9073,0.0,7.5,10.0283,0.0,17.63,0.995,413279.856,5165.9982,278935.44,134344.416,0.0,11.43,0,0.0,Monitor forecast accuracy and review model error drivers
1146,4,P4 - Routine,P00771,NovaTech Audio 00771,Electronics,Seasonal,5.41,Low,88.0,High,96.08,Very High,Forecast Accuracy,20.0,0,0.1401,0.6986,0.0,18.3113,2.85,1.5757,0.0,4.1667,11.6737,0.0,18.772,0.9911,8960221.32,109314.7001,5556726.4,3403494.92,0.0,1295.38,0,0.0,Monitor forecast accuracy and review model error drivers
1147,4,P4 - Routine,P01459,Zenith Audio 01459,Electronics,Stable,5.41,Low,88.0,High,95.95,Very High,Forecast Accuracy,20.0,0,0.0606,0.4175,0.0,15.716,2.84,1.0257,0.0,8.3333,8.5324,0.0,17.4934,0.9952,6670869.3092,81384.6056,4697231.44,1973637.8692,0.0,0.0,0,0.0,Monitor forecast accuracy and review model error drivers
1148,4,P4 - Routine,P01782,ConnectX Mobile Accessories 01782,Accessories,Trending,5.41,Low,88.0,High,63.33,High,Forecast Accuracy,20.0,0,0.1417,0.7014,0.0,12.2206,2.78,1.495,0.0,6.0417,9.4721,0.0,16.9249,0.9946,1392403.35,17126.5612,1392403.35,0.0,0.0,0.0,0,0.0,Monitor forecast accuracy and review model error drivers
1149,4,P4 - Routine,P00190,Zenith Audio 00190,Electronics,Trending,5.41,Low,88.0,High,72.15,High,Forecast Accuracy,20.0,0,0.0384,0.3132,0.0,18.6645,2.86,0.2254,0.0,8.3333,10.3009,0.0,18.2517,0.9991,1243271.1665,15292.2353,541244.81,702026.3565,0.0,270.75,0,0.0,Monitor forecast accuracy and review model error drivers
1150,4,P4 - Routine,P00685,ConnectX Chargers 00685,Accessories,Trending,5.41,Low,88.0,High,42.84,Medium,Forecast Accuracy,20.0,0,0.0685,0.1499,0.0,11.3118,3.3,1.7756,0.0,8.9583,9.4786,0.0,17.1401,0.9932,737184.3024,9141.0853,639288.0,97896.3024,0.0,0.0,0,0.0,Monitor forecast accuracy and review model error drivers
1151,4,P4 - Routine,P00143,DermaX Haircare 00143,Personal Care,Trending,5.41,Low,88.0,High,19.33,Low,Forecast Accuracy,20.0,0,0.0307,0.5219,0.0,11.3633,2.89,1.3629,0.0,8.3333,8.2264,0.0,18.2691,0.9946,206297.9532,2578.7244,126997.17,79300.7832,0.0,0.0,0,0.0,Monitor forecast accuracy and review model error drivers
1152,4,P4 - Routine,P00377,TechMate Cables 00377,Accessories,Stable,5.4,Low,88.0,High,75.74,High,Forecast Accuracy,20.0,0,0.0549,0.7548,0.0,11.2911,2.51,1.0723,0.0,8.125,6.4947,0.0,16.4435,0.9961,2084523.903,25431.1916,1238801.9,845722.003,0.0,224.0,0,0.0,Monitor forecast accuracy and review model error drivers
1153,4,P4 - Routine,P01749,WriteWell Storage 01749,Office Supplies,Trending,5.4,Low,88.0,High,26.61,Low,Forecast Accuracy,20.0,0,0.1088,0.4836,0.0,11.5052,2.83,0.8784,0.0,8.3333,8.7882,0.0,18.1277,0.9967,288129.382,3572.8043,158548.44,129580.942,0.0,4946.87,0,0.0,Monitor forecast accuracy and review model error drivers
1154,4,P4 - Routine,P00578,TechMate Cables 00578,Accessories,Trending,5.39,Low,88.0,High,87.03,Very High,Forecast Accuracy,20.0,0,0.0893,1.0329,0.0,12.1115,2.52,1.6985,0.0,3.75,9.6734,0.0,17.4691,0.9926,3970918.09,48048.1089,3970918.09,0.0,0.0,1997.53,0,0.0,Monitor forecast accuracy and review model error drivers
1155,4,P4 - Routine,P00773,Apex Laptops 00773,Electronics,Stable,5.39,Low,88.0,High,81.15,Very High,Forecast Accuracy,20.0,0,0.0384,0.0241,0.0,16.5662,3.26,1.4881,0.0,10.0,8.7458,0.0,17.0621,0.9947,2720155.3074,33185.8948,1970696.16,749459.1474,0.0,15.0,0,0.0,Monitor forecast accuracy and review model error drivers
1156,4,P4 - Routine,P01200,Apex Audio 01200,Electronics,Seasonal,5.38,Low,88.0,High,75.33,High,Forecast Accuracy,20.0,0,0.0024,0.6504,0.0,18.5048,2.98,1.9813,0.0,4.1667,11.7457,0.0,18.4104,0.9911,2920539.7952,35630.5855,1805460.74,1115079.0552,0.0,1031.52,0,0.0,Monitor forecast accuracy and review model error drivers
1157,4,P4 - Routine,P01840,Apex Laptops 01840,Electronics,Stable,5.38,Low,88.0,High,83.76,Very High,Forecast Accuracy,20.0,0,0.0098,0.53,0.0,15.3363,2.59,0.2489,0.0,8.3333,8.4346,0.0,17.6302,0.9989,2182967.9568,26413.9123,995353.76,1187614.1968,0.0,1643.98,0,0.0,Monitor forecast accuracy and review model error drivers
1158,4,P4 - Routine,P00093,OfficePro Paper 00093,Office Supplies,Trending,5.38,Low,88.0,High,31.49,Low,Forecast Accuracy,20.0,0,0.078,0.1964,0.0,10.9456,3.34,2.4056,0.0,8.75,8.71,0.0,18.022,0.9896,502612.0028,6182.1276,398480.94,104131.0628,0.0,2511.59,0,0.0,Monitor forecast accuracy and review model error drivers
1159,4,P4 - Routine,P00362,DermaX Oral Care 00362,Personal Care,Seasonal,5.38,Low,88.0,High,7.96,Low,Forecast Accuracy,20.0,0,0.0678,0.0915,0.0,11.7663,3.47,2.2961,0.0,8.75,9.8044,0.0,17.2911,0.9894,74371.4832,922.2064,59751.84,14619.6432,0.0,0.0,0,0.0,Monitor forecast accuracy and review model error drivers
1160,4,P4 - Routine,P01321,Vertex TVs 01321,Electronics,Stable,5.37,Low,88.0,High,34.24,Low,Forecast Accuracy,20.0,0,0.0588,0.3372,0.0,17.2039,2.99,1.1892,0.0,8.5417,9.0449,0.0,17.439,0.995,434628.87,5345.9351,284352.75,150276.12,0.0,0.0,0,0.0,Monitor forecast accuracy and review model error drivers
1161,4,P4 - Routine,P00909,ComfortMax Microwaves 00909,Home Appliances,Stable,5.37,Low,76.0,Medium,40.64,Medium,Supplier,12.29,0,0.0968,1.903,0.0,7.6448,3.15,0.6608,0.0,12.2917,7.4197,0.0,16.5195,0.9975,427929.975,5263.5387,277576.2,150353.775,0.0,0.0,0,0.0,Monitor supplier performance and lead-time stability
1162,4,P4 - Routine,P00613,DermaX Skincare 00613,Personal Care,Seasonal,5.37,Low,88.0,High,22.1,Low,Forecast Accuracy,20.0,0,0.0253,0.2409,0.0,12.8474,3.16,1.4332,0.0,8.3333,9.8413,0.0,18.3317,0.9939,243112.961,2990.2894,158532.01,84580.951,0.0,0.0,0,0.0,Monitor forecast accuracy and review model error drivers
1163,4,P4 - Routine,P00235,Apex Laptops 00235,Electronics,Stable,5.37,Low,88.0,High,22.5,Low,Forecast Accuracy,20.0,0,0.0,0.0,0.0,13.4647,3.17,0.2581,0.0,9.5833,11.0167,0.0,17.3895,0.9988,148259.6014,1823.5931,54708.34,93551.2614,0.0,254.8,0,0.0,Monitor forecast accuracy and review model error drivers
1164,4,P4 - Routine,P01419,Glow Skincare 01419,Personal Care,Trending,5.37,Low,88.0,High,5.48,Low,Forecast Accuracy,20.0,0,0.1348,1.2098,0.0,10.962,2.1,0.3426,0.0,5.4167,7.8774,0.0,17.6633,0.9993,22071.9573,273.6923,8325.45,13746.5073,0.0,38.0,0,0.0,Monitor forecast accuracy and review model error drivers
1165,4,P4 - Routine,P01093,CarePlus Haircare 01093,Personal Care,Trending,5.37,Low,88.0,High,3.94,Low,Forecast Accuracy,20.0,0,0.1087,1.8217,0.0,10.5553,1.68,0.5414,0.0,1.6667,8.4205,0.0,17.8262,0.9973,21263.32,263.6652,21263.32,0.0,0.0,3510.12,0,0.0,Monitor forecast accuracy and review model error drivers
1166,4,P4 - Routine,P00795,Vertex Smartphones 00795,Electronics,Trending,5.36,Low,88.0,High,84.3,Very High,Forecast Accuracy,20.0,0,0.0402,0.0241,0.0,18.0774,3.1,0.6097,0.0,9.7917,9.6412,0.0,17.9728,0.998,2767508.744,33486.8558,1254502.59,1513006.154,0.0,612.12,0,0.0,Monitor forecast accuracy and review model error drivers
1167,4,P4 - Routine,P01289,NovaTech Laptops 01289,Electronics,Trending,5.36,Low,88.0,High,53.97,Medium,Forecast Accuracy,20.0,0,0.0462,0.7548,0.0,17.2771,2.49,0.3423,0.0,6.0417,9.872,0.0,17.8526,0.9993,817215.3334,9970.0271,130934.02,686281.3134,0.0,0.0,0,0.0,Monitor forecast accuracy and review model error drivers
1168,4,P4 - Routine,P01340,Zenith Laptops 01340,Electronics,Trending,5.36,Low,88.0,High,45.71,Medium,Forecast Accuracy,20.0,0,0.0897,0.3011,0.0,17.8443,2.88,0.4602,0.0,8.3333,9.97,0.0,18.542,0.9981,646021.836,7881.4664,248384.64,397637.196,0.0,204.42,0,0.0,Monitor forecast accuracy and review model error drivers
1169,4,P4 - Routine,P00360,CarePlus Oral Care 00360,Personal Care,Trending,5.36,Low,88.0,High,16.92,Low,Forecast Accuracy,20.0,0,0.0079,0.3968,0.0,10.0904,3.1,2.0808,0.0,8.3333,8.1735,0.0,17.3097,0.9902,187737.9834,2309.1772,153051.12,34686.8634,0.0,22440.46,0,0.0,Monitor forecast accuracy and review model error drivers
1170,4,P4 - Routine,P00751,Zenith TVs 00751,Electronics,Trending,5.36,Low,88.0,High,16.13,Low,Forecast Accuracy,20.0,0,0.012,0.0357,0.0,17.7463,3.14,0.1863,0.0,9.1667,11.3855,0.0,18.6362,0.9995,93188.6704,1146.2206,16234.96,76953.7104,0.0,242.47,0,0.0,Monitor forecast accuracy and review model error drivers
1171,4,P4 - Routine,P01957,DermaX Haircare 01957,Personal Care,Trending,5.36,Low,88.0,High,6.98,Low,Forecast Accuracy,20.0,0,0.0987,1.1769,0.0,11.0802,2.48,2.0738,0.0,4.1667,8.2217,0.0,18.059,0.9902,64443.96,799.1051,48182.4,16261.56,0.0,2794.62,0,0.0,Monitor forecast accuracy and review model error drivers
1172,4,P4 - Routine,P01350,Zenith Smartphones 01350,Electronics,Stable,5.35,Low,88.0,High,76.04,High,Forecast Accuracy,20.0,0,0.0269,0.4095,0.0,15.9061,2.81,0.9323,0.0,8.3333,8.5216,0.0,17.6909,0.9962,1918473.3435,23213.5275,1421396.55,497076.7935,0.0,0.0,0,0.0,Monitor forecast accuracy and review model error drivers
1173,4,P4 - Routine,P01906,Apex TVs 01906,Electronics,Stable,5.34,Low,88.0,High,61.82,High,Forecast Accuracy,20.0,0,0.0458,0.6504,0.0,16.5737,2.56,0.6467,0.0,7.2917,8.4658,0.0,16.7615,0.9976,990897.1952,11989.8561,631867.08,359030.1152,0.0,354.07,0,0.0,Monitor forecast accuracy and review model error drivers
1174,4,P4 - Routine,P00924,OfficePro Writing 00924,Office Supplies,Trending,5.34,Low,88.0,High,40.2,Medium,Forecast Accuracy,20.0,0,0.1785,1.7744,0.0,10.5999,2.02,2.3287,0.0,0.2083,8.5721,0.0,18.1349,0.989,739898.56,9026.7624,739898.56,0.0,0.0,3576.42,0,0.0,Monitor forecast accuracy and review model error drivers
1175,4,P4 - Routine,P00647,Glow Grooming 00647,Personal Care,Seasonal,5.34,Low,88.0,High,23.65,Low,Forecast Accuracy,20.0,0,0.0374,0.1526,0.0,11.172,3.2,1.4389,0.0,8.75,9.7081,0.0,18.0227,0.9938,295332.9396,3603.0619,159925.53,135407.4096,0.0,0.0,0,0.0,Monitor forecast accuracy and review model error drivers
1176,4,P4 - Routine,P01432,DermaX Skincare 01432,Personal Care,Seasonal,5.34,Low,88.0,High,27.06,Low,Forecast Accuracy,20.0,0,0.0402,0.0947,0.0,10.7922,3.18,1.0687,0.0,9.1667,9.8662,0.0,18.0704,0.9962,293925.272,3585.8883,157964.95,135960.322,0.0,0.0,0,0.0,Monitor forecast accuracy and review model error drivers
1177,4,P4 - Routine,P00150,Arctic Microwaves 00150,Home Appliances,Seasonal,5.33,Low,88.0,High,80.0,Very High,Forecast Accuracy,20.0,0,0.0925,0.4336,0.0,11.7721,3.36,3.3393,0.0,4.1667,11.5779,0.0,18.7721,0.9817,4524705.241,54296.4629,3705010.75,819694.491,0.0,0.0,0,0.0,Monitor forecast accuracy and review model error drivers
1178,4,P4 - Routine,P01255,DeskMate Writing 01255,Office Supplies,Trending,5.33,Low,88.0,High,64.64,High,Forecast Accuracy,20.0,0,0.0966,0.4586,0.0,10.7818,2.64,0.2942,0.0,8.3333,8.6522,0.0,18.377,0.9984,1122057.132,13464.6856,548772.0,573285.132,0.0,0.0,0,0.0,Monitor forecast accuracy and review model error drivers
1179,4,P4 - Routine,P00592,DermaX Skincare 00592,Personal Care,Trending,5.33,Low,76.0,Medium,10.02,Low,Supplier,13.75,0,0.1772,1.492,0.0,9.1601,3.58,0.9839,0.0,13.75,8.1304,0.0,17.7838,0.9956,75967.9737,934.4061,53429.84,22538.1337,0.0,1573.07,0,0.0,Monitor supplier performance and lead-time stability
1180,4,P4 - Routine,P01917,ConnectX Bags 01917,Accessories,Trending,5.32,Low,88.0,High,85.8,Very High,Forecast Accuracy,20.0,0,0.17,0.8445,0.0,12.0646,2.73,2.2668,0.0,4.1667,9.4693,0.0,18.2486,0.9883,5013485.568,59660.4783,4604221.44,409264.128,0.0,0.0,0,0.0,Monitor forecast accuracy and review model error drivers
1181,4,P4 - Routine,P00125,Zenith Audio 00125,Electronics,Trending,5.32,Low,88.0,High,65.59,High,Forecast Accuracy,20.0,0,0.0694,0.1927,0.0,17.3081,2.99,0.7654,0.0,8.3333,10.0842,0.0,18.403,0.9978,1231403.9843,14776.8478,686203.91,545200.0743,0.0,1450.62,0,0.0,Monitor forecast accuracy and review model error drivers
1182,4,P4 - Routine,P01694,Zenith Smartphones 01694,Electronics,Stable,5.32,Low,88.0,High,49.13,Medium,Forecast Accuracy,20.0,0,0.1275,0.6786,0.0,16.0809,2.7,1.3961,0.0,6.25,8.9463,0.0,17.1438,0.9943,893187.3006,10807.5663,608645.52,284541.7806,0.0,0.0,0,0.0,Monitor forecast accuracy and review model error drivers
1183,4,P4 - Routine,P00151,UrbanGear Mobile Accessories 00151,Accessories,Trending,5.32,Low,88.0,High,53.35,Medium,Forecast Accuracy,20.0,0,0.0968,1.072,0.0,11.8906,2.23,0.5079,0.0,4.1667,9.6976,0.0,18.345,0.9977,766563.6832,9275.4206,531018.88,235544.8032,0.0,3553.06,0,0.0,Monitor forecast accuracy and review model error drivers
1184,4,P4 - Routine,P01940,Zenith Smartphones 01940,Electronics,Trending,5.32,Low,88.0,High,39.79,Low,Forecast Accuracy,20.0,0,0.0448,0.0482,0.0,18.1655,3.0,0.1443,0.0,9.7917,9.9141,0.0,17.8176,0.9999,394337.649,4771.4856,9594.59,384743.059,0.0,66.0,0,0.0,Monitor forecast accuracy and review model error drivers
1185,4,P4 - Routine,P00048,CarePlus Haircare 00048,Personal Care,Trending,5.32,Low,88.0,High,2.54,Low,Forecast Accuracy,20.0,0,0.1311,1.1563,0.0,11.4782,2.2,0.7589,0.0,5.0,8.1797,0.0,17.8448,0.9979,14098.6095,173.4129,9202.56,4896.0495,0.0,0.0,0,0.0,Monitor forecast accuracy and review model error drivers
1186,4,P4 - Routine,P00219,PureLife Grooming 00219,Personal Care,Trending,5.31,Low,88.0,High,35.96,Low,Forecast Accuracy,20.0,0,0.1528,0.9938,0.0,10.7746,2.44,1.4453,0.0,4.7917,8.6117,0.0,17.9866,0.9938,509729.6721,6167.729,433205.41,76524.2621,0.0,0.0,0,0.0,Monitor forecast accuracy and review model error drivers
1187,4,P4 - Routine,P00397,UrbanGear Mobile Accessories 00397,Accessories,Stable,5.3,Low,88.0,High,80.17,Very High,Forecast Accuracy,20.0,0,0.0798,0.9662,0.0,11.6864,2.28,1.2246,0.0,6.4583,6.3211,0.0,16.9174,0.996,2512378.5234,29897.3044,1515071.79,997306.7334,0.0,0.0,0,0.0,Monitor forecast accuracy and review model error drivers
1188,4,P4 - Routine,P00950,DermaX Oral Care 00950,Personal Care,Trending,5.3,Low,88.0,High,10.8,Low,Forecast Accuracy,20.0,0,0.1752,1.1643,0.0,11.2194,2.3,1.3372,0.0,4.1667,8.5061,0.0,18.396,0.9948,90852.7644,1108.4037,55176.12,35676.6444,0.0,819.61,0,0.0,Monitor forecast accuracy and review model error drivers
1189,4,P4 - Routine,P00207,Zenith Audio 00207,Electronics,Seasonal,5.29,Low,88.0,High,84.6,Very High,Forecast Accuracy,20.0,0,0.0548,0.2891,0.0,18.4333,3.21,2.1247,0.0,5.4167,11.756,0.0,18.0171,0.9883,4584795.0118,54100.5811,3390619.0,1194176.0118,0.0,0.0,0,0.0,Monitor forecast accuracy and review model error drivers
1190,4,P4 - Routine,P00502,CarePlus Skincare 00502,Personal Care,Trending,5.29,Low,88.0,High,21.71,Low,Forecast Accuracy,20.0,0,0.0646,0.3263,0.0,11.7485,3.03,1.7624,0.0,8.3333,8.3116,0.0,18.1929,0.9933,247699.278,2997.1613,174425.76,73273.518,0.0,2674.41,0,0.0,Monitor forecast accuracy and review model error drivers
1191,4,P4 - Routine,P00791,Zenith Smartphones 00791,Electronics,Stable,5.28,Low,88.0,High,85.24,Very High,Forecast Accuracy,20.0,0,0.0853,0.3854,0.0,15.8816,2.63,0.2334,0.0,8.3333,8.7106,0.0,17.379,0.999,2514521.9303,29671.3588,815363.22,1699158.7102,0.0,0.0,0,0.0,Monitor forecast accuracy and review model error drivers
1192,4,P4 - Routine,P00690,NovaTech Laptops 00690,Electronics,Trending,5.28,Low,88.0,High,65.17,High,Forecast Accuracy,20.0,0,0.0284,0.6665,0.0,16.6189,2.58,0.7975,0.0,5.625,9.9839,0.0,17.8276,0.9975,1499108.3016,17839.3888,625662.24,873446.0616,0.0,0.0,0,0.0,Monitor forecast accuracy and review model error drivers
1193,4,P4 - Routine,P01952,Apex TVs 01952,Electronics,Seasonal,5.27,Low,88.0,High,91.29,Very High,Forecast Accuracy,20.0,0,0.0526,0.1686,0.0,18.7262,3.35,2.4975,0.0,5.8333,11.5116,0.0,17.9006,0.9874,7057165.4356,82568.8356,4952278.59,2104886.8456,0.0,8.21,0,0.0,Monitor forecast accuracy and review model error drivers
1194,4,P4 - Routine,P01075,UrbanGear Bags 01075,Accessories,Volatile,5.27,Low,88.0,High,66.14,High,Forecast Accuracy,20.0,0,0.1796,0.5835,0.0,19.1923,2.9,1.8004,0.0,4.1667,11.5652,0.0,19.5711,0.9916,2250785.2195,26559.2656,1347097.49,903687.7295,0.0,219.31,0,0.0,Monitor forecast accuracy and review model error drivers
1195,4,P4 - Routine,P00114,CarryPro Mobile Accessories 00114,Accessories,Stable,5.27,Low,88.0,High,73.84,High,Forecast Accuracy,20.0,0,0.0912,0.4577,0.0,10.1967,2.62,0.9832,0.0,9.1667,6.3466,0.0,17.134,0.9956,1936716.581,22853.2557,1330348.02,606368.561,0.0,0.0,0,0.0,Monitor forecast accuracy and review model error drivers
1196,4,P4 - Routine,P01488,OfficePro Paper 01488,Office Supplies,Trending,5.27,Low,88.0,High,26.06,Low,Forecast Accuracy,20.0,0,0.1115,0.6773,0.0,12.1827,2.62,1.1379,0.0,6.4583,8.7377,0.0,17.7407,0.9955,312339.6144,3748.0754,180659.16,131680.4544,0.0,0.0,0,0.0,Monitor forecast accuracy and review model error drivers
1197,4,P4 - Routine,P00239,PureLife Grooming 00239,Personal Care,Seasonal,5.27,Low,88.0,High,8.45,Low,Forecast Accuracy,20.0,0,0.1494,0.9636,0.0,11.9285,2.48,1.2909,0.0,4.1667,9.7769,0.0,18.2775,0.9939,74590.08,902.54,40205.05,34385.03,0.0,556.96,0,0.0,Monitor forecast accuracy and review model error drivers
1198,4,P4 - Routine,P01994,Apex TVs 01994,Electronics,Stable,5.26,Low,88.0,High,77.84,High,Forecast Accuracy,20.0,0,0.024,0.265,0.0,16.7151,2.9,1.1469,0.0,8.3333,8.6844,0.0,17.7718,0.994,2368454.0886,27947.7582,1935381.14,433072.9486,0.0,351.22,0,0.0,Monitor forecast accuracy and review model error drivers
1199,4,P4 - Routine,P00708,CarryPro Cables 00708,Accessories,Trending,5.26,Low,88.0,High,27.28,Low,Forecast Accuracy,20.0,0,0.2295,1.0479,0.0,12.1928,2.25,0.6997,0.0,4.1667,9.4314,0.0,18.3115,0.9971,247689.415,2972.273,181374.4,66315.015,0.0,1112.31,0,0.0,Monitor forecast accuracy and review model error drivers
1200,4,P4 - Routine,P01020,Vertex Audio 01020,Electronics,Trending,5.25,Low,88.0,High,44.89,Medium,Forecast Accuracy,20.0,0,0.0526,1.0117,0.0,17.4086,2.22,0.3787,0.0,4.1667,9.8879,0.0,18.4218,0.999,523868.7784,6234.0385,159023.48,364845.2984,0.0,0.0,0,0.0,Monitor forecast accuracy and review model error drivers
1201,4,P4 - Routine,P00934,Glow Grooming 00934,Personal Care,Seasonal,5.25,Low,88.0,High,12.81,Low,Forecast Accuracy,20.0,0,0.0379,0.2202,0.0,10.7198,2.96,0.8504,0.0,8.3333,9.7131,0.0,19.3007,0.997,94633.2,1135.5984,45318.4,49314.8,0.0,16097.29,0,0.0,Monitor forecast accuracy and review model error drivers
1202,4,P4 - Routine,P01431,Glow Oral Care 01431,Personal Care,Trending,5.25,Low,88.0,High,1.89,Low,Forecast Accuracy,20.0,0,0.0771,1.0137,0.0,10.8301,2.34,1.1431,0.0,5.2083,8.1124,0.0,17.813,0.9954,14201.8118,170.4217,8151.44,6050.3718,0.0,3441.07,0,0.0,Monitor forecast accuracy and review model error drivers
1203,4,P4 - Routine,P00673,NovaTech TVs 00673,Electronics,Stable,5.24,Low,88.0,High,60.16,High,Forecast Accuracy,20.0,0,0.0602,0.1686,0.0,17.1353,3.05,1.5738,0.0,8.75,8.4557,0.0,17.3454,0.9939,1329303.7553,15685.7843,1000718.0,328585.7553,0.0,1148.57,0,0.0,Monitor forecast accuracy and review model error drivers
1204,4,P4 - Routine,P01406,DermaX Haircare 01406,Personal Care,Seasonal,5.24,Low,88.0,High,11.36,Low,Forecast Accuracy,20.0,0,0.047,0.1239,0.0,10.3784,3.18,1.5057,0.0,8.3333,9.8787,0.0,18.4118,0.9932,94210.5576,1130.5267,67745.64,26464.9176,0.0,0.0,0,0.0,Monitor forecast accuracy and review model error drivers
1205,4,P4 - Routine,P01980,UrbanGear Mobile Accessories 01980,Accessories,Trending,5.23,Low,88.0,High,86.87,Very High,Forecast Accuracy,20.0,0,0.1208,0.6561,0.0,12.56,2.63,1.3644,0.0,5.2083,9.5634,0.0,17.9276,0.9932,4257353.9264,49385.3055,3251950.18,1005403.7464,0.0,8189.42,0,0.0,Monitor forecast accuracy and review model error drivers
1206,4,P4 - Routine,P01821,Apex TVs 01821,Electronics,Trending,5.23,Low,88.0,High,90.12,Very High,Forecast Accuracy,20.0,0,0.0444,0.1285,0.0,18.6106,2.88,0.4047,0.0,8.3333,10.0647,0.0,18.4304,0.9987,3489630.1352,40479.7096,1496591.36,1993038.7752,0.0,0.0,0,0.0,Monitor forecast accuracy and review model error drivers
1207,4,P4 - Routine,P01136,Zenith TVs 01136,Electronics,Trending,5.23,Low,88.0,High,22.87,Low,Forecast Accuracy,20.0,0,0.098,0.3571,0.0,18.7412,2.83,0.6798,0.0,6.875,10.6039,0.0,17.9171,0.9973,175998.56,2094.3829,121979.2,54019.36,0.0,18.79,0,0.0,Monitor forecast accuracy and review model error drivers
1208,4,P4 - Routine,P00839,Glow Grooming 00839,Personal Care,Trending,5.23,Low,88.0,High,20.54,Low,Forecast Accuracy,20.0,0,0.0303,0.3664,0.0,10.1514,2.69,0.3956,0.0,8.75,8.3946,0.0,17.8428,0.9988,159443.442,1897.377,48731.52,110711.922,0.0,11843.61,0,0.0,Monitor forecast accuracy and review model error drivers
1209,4,P4 - Routine,P00830,Glow Oral Care 00830,Personal Care,Seasonal,5.23,Low,88.0,High,2.97,Low,Forecast Accuracy,20.0,0,0.1082,0.8335,0.0,10.9814,2.4,0.4941,0.0,5.2083,9.8309,0.0,17.8541,0.9978,15767.4692,189.2096,9808.37,5959.0992,0.0,790.73,0,0.0,Monitor forecast accuracy and review model error drivers
1210,4,P4 - Routine,P01801,ConnectX Chargers 01801,Accessories,Trending,5.22,Low,88.0,High,97.97,Very High,Forecast Accuracy,20.0,0,0.0151,0.8036,0.0,13.0245,2.52,1.3869,0.0,4.1667,9.829,0.0,18.558,0.993,10652649.8805,123570.7386,7395961.5,3256688.3805,0.0,0.0,0,0.0,Monitor forecast accuracy and review model error drivers
1211,4,P4 - Routine,P00373,NovaTech Audio 00373,Electronics,Stable,5.22,Low,88.0,High,87.05,Very High,Forecast Accuracy,20.0,0,0.059,0.9395,0.0,16.0461,2.2,0.6204,0.0,5.0,8.4122,0.0,17.2117,0.9979,2881775.36,33428.5942,1756081.86,1125693.5,0.0,0.0,0,0.0,Monitor forecast accuracy and review model error drivers
1212,4,P4 - Routine,P01307,OfficePro Storage 01307,Office Supplies,Trending,5.22,Low,88.0,High,60.8,High,Forecast Accuracy,20.0,0,0.0088,0.5031,0.0,11.0549,2.68,1.0684,0.0,7.0833,8.6447,0.0,17.5725,0.9962,1189311.5601,13914.9453,924866.56,264445.0001,0.0,945.5,0,0.0,Monitor forecast accuracy and review model error drivers
1213,4,P4 - Routine,P00901,Apex Audio 00901,Electronics,Stable,5.22,Low,88.0,High,63.98,High,Forecast Accuracy,20.0,0,0.1034,0.3372,0.0,17.0728,2.7,0.5528,0.0,8.3333,8.5731,0.0,17.5882,0.9986,935015.0206,10939.6757,481656.16,453358.8606,0.0,513.5,0,0.0,Monitor forecast accuracy and review model error drivers
1214,4,P4 - Routine,P00025,CarePlus Haircare 00025,Personal Care,Seasonal,5.22,Low,88.0,High,17.11,Low,Forecast Accuracy,20.0,0,0.1046,0.8993,0.0,11.6905,2.38,0.7358,0.0,4.375,10.0369,0.0,18.1083,0.9968,149573.358,1779.923,67151.7,82421.658,0.0,0.0,0,0.0,Monitor forecast accuracy and review model error drivers
1215,4,P4 - Routine,P01562,Vertex Audio 01562,Electronics,Trending,5.21,Low,88.0,High,32.0,Low,Forecast Accuracy,20.0,0,0.095,0.4095,0.0,18.5758,2.63,0.0,0.0,6.875,10.684,0.0,17.723,1.0,240221.118,2834.6092,0.0,240221.118,0.0,1.6,0,0.0,Monitor forecast accuracy and review model error drivers
1216,4,P4 - Routine,P01119,ComfortMax Air Conditioners 01119,Home Appliances,Seasonal,5.2,Low,88.0,High,92.64,Very High,Forecast Accuracy,20.0,0,0.023,0.4015,0.0,12.2553,3.22,3.1452,0.0,4.1667,11.0197,0.0,18.4391,0.985,7210329.7242,82918.7918,6614597.32,595732.4042,0.0,381.31,0,0.0,Monitor forecast accuracy and review model error drivers
1217,4,P4 - Routine,P00591,Zenith Laptops 00591,Electronics,Seasonal,5.2,Low,88.0,High,91.59,Very High,Forecast Accuracy,20.0,0,0.0798,0.3854,0.0,17.7374,3.11,2.3686,0.0,4.1667,11.8114,0.0,18.6376,0.9886,6802552.4616,78229.3533,4595820.39,2206732.0716,0.0,0.0,0,0.0,Monitor forecast accuracy and review model error drivers
1218,4,P4 - Routine,P00837,CarryPro Chargers 00837,Accessories,Trending,5.2,Low,76.0,Medium,31.38,Low,Forecast Accuracy,20.0,0,0.3078,1.6773,0.0,13.3327,1.79,1.1601,0.0,0.0,9.6362,0.0,18.3356,0.9939,381737.29,4466.3263,381737.29,0.0,0.0,3304.4,0,0.0,Monitor forecast accuracy and review model error drivers
1219,4,P4 - Routine,P01151,PaperWorks Paper 01151,Office Supplies,Trending,5.2,Low,76.0,Medium,12.51,Low,Supplier,14.58,0,0.0679,1.2439,0.0,9.9321,3.53,0.1585,0.0,14.5833,8.6368,0.0,17.6401,0.9998,64781.6114,764.423,5781.86,58999.7514,0.0,0.0,0,0.0,Monitor supplier performance and lead-time stability
1220,4,P4 - Routine,P00676,CarryPro Bags 00676,Accessories,Trending,5.19,Low,88.0,High,39.38,Low,Forecast Accuracy,20.0,0,0.1709,1.1964,0.0,12.6139,2.32,1.8555,0.0,1.6667,10.1215,0.0,17.8941,0.991,676098.72,7910.355,676098.72,0.0,0.0,0.0,0,0.0,Monitor forecast accuracy and review model error drivers
1221,4,P4 - Routine,P01052,DermaX Oral Care 01052,Personal Care,Seasonal,5.19,Low,88.0,High,13.8,Low,Forecast Accuracy,20.0,0,0.0123,0.4727,0.0,11.8392,2.98,2.0992,0.0,5.625,10.045,0.0,17.9333,0.99,132232.6764,1560.3456,116888.53,15344.1464,0.0,5613.53,0,0.0,Monitor forecast accuracy and review model error drivers
1222,4,P4 - Routine,P00189,Glow Grooming 00189,Personal Care,Trending,5.19,Low,88.0,High,9.17,Low,Forecast Accuracy,20.0,0,0.144,1.2636,0.0,11.1559,1.88,0.1578,0.0,4.1667,8.0622,0.0,18.0575,0.9998,31237.4832,368.6023,4877.73,26359.7532,0.0,10016.34,0,0.0,Monitor forecast accuracy and review model error drivers
1223,4,P4 - Routine,P00232,CarePlus Skincare 00232,Personal Care,Seasonal,5.18,Low,88.0,High,9.78,Low,Forecast Accuracy,20.0,0,0.0316,0.212,0.0,11.0938,2.81,0.2784,0.0,8.3333,9.8572,0.0,18.6924,0.9986,53933.7689,636.4185,22441.1,31492.6689,0.0,97.68,0,0.0,Monitor forecast accuracy and review model error drivers
1224,4,P4 - Routine,P00058,Apex Smartphones 00058,Electronics,Trending,5.17,Low,88.0,High,78.98,High,Forecast Accuracy,20.0,0,0.0898,0.0482,0.0,17.8772,3.01,1.0146,0.0,8.3333,9.7336,0.0,18.3319,0.9967,2338584.9206,26659.8681,1373543.46,965041.4606,0.0,0.0,0,0.0,Monitor forecast accuracy and review model error drivers
1225,4,P4 - Routine,P01805,ComfortMax Refrigerators 01805,Home Appliances,Seasonal,5.17,Low,88.0,High,61.31,High,Forecast Accuracy,20.0,0,0.1155,0.7106,0.0,11.7233,2.53,0.9467,0.0,4.1667,10.8253,0.0,18.2164,0.996,1511313.1044,17380.1007,646254.84,865058.2644,0.0,0.0,0,0.0,Monitor forecast accuracy and review model error drivers
1226,4,P4 - Routine,P01731,EverHome Air Conditioners 01731,Home Appliances,Seasonal,5.17,Low,88.0,High,60.69,High,Forecast Accuracy,20.0,0,0.02,0.0964,0.0,10.9464,3.06,1.0468,0.0,7.0833,11.241,0.0,17.6298,0.995,1435241.0732,16505.2723,792481.76,642759.3132,0.0,660.87,0,0.0,Monitor forecast accuracy and review model error drivers
1227,4,P4 - Routine,P00935,Apex Audio 00935,Electronics,Stable,5.17,Low,88.0,High,58.23,Medium,Forecast Accuracy,20.0,0,0.0968,1.0117,0.0,16.1748,2.19,0.9176,0.0,4.1667,8.6098,0.0,17.3619,0.9963,1108832.5864,12751.5747,642511.8,466320.7864,0.0,604.9,0,0.0,Monitor forecast accuracy and review model error drivers
1228,4,P4 - Routine,P01752,Vertex Audio 01752,Electronics,Trending,5.17,Low,88.0,High,44.81,Medium,Forecast Accuracy,20.0,0,0.0,0.6745,0.0,18.4804,2.59,1.1218,0.0,4.7917,10.2548,0.0,17.9429,0.9956,729542.008,8462.6873,476919.3,252622.708,0.0,122.88,0,0.0,Monitor forecast accuracy and review model error drivers
1229,4,P4 - Routine,P01893,ConnectX Bags 01893,Accessories,Stable,5.16,Low,76.0,Medium,64.9,High,Supplier,13.96,0,0.0453,1.4152,0.0,9.5537,3.5,1.5746,0.0,13.9583,6.2369,0.0,16.9718,0.9938,1590037.6861,18285.4334,1234788.23,355249.4561,0.0,0.0,0,0.0,Monitor supplier performance and lead-time stability
1230,4,P4 - Routine,P01614,EverHome Microwaves 01614,Home Appliances,Volatile,5.15,Low,88.0,High,92.25,Very High,Forecast Accuracy,20.0,0,0.1447,0.4175,0.0,18.8948,2.9,1.6365,0.0,4.1667,11.9137,0.0,19.5834,0.9919,6518284.416,73656.6139,3929616.0,2588668.416,0.0,0.0,0,0.0,Monitor forecast accuracy and review model error drivers
1231,4,P4 - Routine,P01222,Vertex Audio 01222,Electronics,Trending,5.15,Low,88.0,High,86.8,Very High,Forecast Accuracy,20.0,0,0.037,0.0,0.0,17.2945,2.98,0.6687,0.0,8.3333,10.2047,0.0,18.147,0.9974,2947302.2604,33304.5155,2030834.28,916467.9804,0.0,0.0,0,0.0,Monitor forecast accuracy and review model error drivers
1232,4,P4 - Routine,P00963,NovaTech Laptops 00963,Electronics,Trending,5.15,Low,88.0,High,76.65,High,Forecast Accuracy,20.0,0,0.078,0.0301,0.0,17.0321,3.0,0.8248,0.0,7.9167,10.4655,0.0,17.381,0.9959,2297926.1952,26196.3586,1477576.0,820350.1952,0.0,0.0,0,0.0,Monitor forecast accuracy and review model error drivers
1233,4,P4 - Routine,P01692,Glow Skincare 01692,Personal Care,Seasonal,5.15,Low,88.0,High,7.12,Low,Forecast Accuracy,20.0,0,0.0186,0.0482,0.0,11.4073,3.13,1.2651,0.0,8.3333,9.9704,0.0,18.4067,0.9942,57954.5906,678.0687,39767.74,18186.8506,0.0,23.0,0,0.0,Monitor forecast accuracy and review model error drivers
1234,4,P4 - Routine,P00710,PaperWorks Writing 00710,Office Supplies,Trending,5.14,Low,88.0,High,62.79,High,Forecast Accuracy,20.0,0,0.0628,0.2287,0.0,10.391,2.8,1.0103,0.0,8.3333,8.3243,0.0,18.818,0.9954,1605512.7528,18302.8454,937119.48,668393.2728,0.0,0.0,0,0.0,Monitor forecast accuracy and review model error drivers
1235,4,P4 - Routine,P00834,Zenith Laptops 00834,Electronics,Stable,5.14,Low,88.0,High,56.1,Medium,Forecast Accuracy,20.0,0,0.0249,0.9154,0.0,15.6889,2.37,1.4785,0.0,4.1667,8.7032,0.0,17.4458,0.9934,1132229.352,12907.4146,940304.24,191925.112,0.0,0.0,0,0.0,Monitor forecast accuracy and review model error drivers
1236,4,P4 - Routine,P01541,OfficePro Paper 01541,Office Supplies,Trending,5.14,Low,88.0,High,53.47,Medium,Forecast Accuracy,20.0,0,0.0311,0.1599,0.0,11.6726,2.97,1.4613,0.0,8.3333,8.5613,0.0,18.1384,0.9936,1097412.0492,12510.4974,936534.12,160877.9292,0.0,0.0,0,0.0,Monitor forecast accuracy and review model error drivers
1237,4,P4 - Routine,P01268,PureLife Skincare 01268,Personal Care,Seasonal,5.14,Low,88.0,High,36.05,Low,Forecast Accuracy,20.0,0,0.0406,0.0829,0.0,11.4208,2.97,0.812,0.0,8.3333,9.8518,0.0,18.2182,0.996,524877.4752,6036.091,225300.72,299576.7552,0.0,3804.38,0,0.0,Monitor forecast accuracy and review model error drivers
1238,4,P4 - Routine,P01187,OfficePro Desk Accessories 01187,Office Supplies,Trending,5.13,Low,88.0,High,64.48,High,Forecast Accuracy,20.0,0,0.015,0.015,0.0,10.7319,3.26,2.4148,0.0,8.3333,8.5495,0.0,18.1047,0.9896,2049740.6832,23367.0438,1694827.4,354913.2832,0.0,0.0,0,0.0,Monitor forecast accuracy and review model error drivers
1239,4,P4 - Routine,P01300,OfficePro Storage 01300,Office Supplies,Trending,5.13,Low,88.0,High,70.57,High,Forecast Accuracy,20.0,0,0.0475,0.9539,0.0,10.8088,2.19,0.8133,0.0,4.1667,8.7881,0.0,17.9852,0.996,1739267.726,19653.7253,1366307.25,372960.476,0.0,282.0,0,0.0,Monitor forecast accuracy and review model error drivers
1240,4,P4 - Routine,P00408,NovaTech Audio 00408,Electronics,Seasonal,5.13,Low,88.0,High,61.81,High,Forecast Accuracy,20.0,0,0.0769,0.4497,0.0,18.5852,2.81,1.2042,0.0,4.1667,12.1309,0.0,18.819,0.9948,1251070.5067,14262.2038,988391.05,262679.4567,0.0,760.35,0,0.0,Monitor forecast accuracy and review model error drivers
1241,4,P4 - Routine,P01843,EverHome Refrigerators 01843,Home Appliances,Seasonal,5.13,Low,88.0,High,42.68,Medium,Forecast Accuracy,20.0,0,0.0182,0.5059,0.0,12.3181,2.95,2.2244,0.0,4.1667,11.0412,0.0,18.7688,0.9887,890495.2512,10151.6459,607110.24,283385.0112,0.0,919.75,0,0.0,Monitor forecast accuracy and review model error drivers
1242,4,P4 - Routine,P01495,Glow Oral Care 01495,Personal Care,Trending,5.13,Low,88.0,High,1.2,Low,Forecast Accuracy,20.0,0,0.0954,1.1442,0.0,10.674,1.93,0.0,0.0,4.1667,8.7084,0.0,17.993,1.0,3626.9084,42.0721,0.0,3626.9084,0.0,0.0,0,0.0,Monitor forecast accuracy and review model error drivers
1243,4,P4 - Routine,P01575,Apex Audio 01575,Electronics,Trending,5.12,Low,88.0,High,93.81,Very High,Forecast Accuracy,20.0,0,0.0397,0.6022,0.0,17.6512,2.66,1.5995,0.0,4.1667,10.367,0.0,18.309,0.9922,6418542.224,71887.6729,5592563.6,825978.624,0.0,0.0,0,0.0,Monitor forecast accuracy and review model error drivers
1244,4,P4 - Routine,P01698,Vertex Smartphones 01698,Electronics,Trending,5.12,Low,88.0,High,88.85,Very High,Forecast Accuracy,20.0,0,0.0503,0.7708,0.0,16.8933,2.37,0.9085,0.0,4.1667,9.8092,0.0,18.1402,0.9964,4195081.4724,46984.9125,2121406.56,2073674.9124,0.0,832.52,0,0.0,Monitor forecast accuracy and review model error drivers
1245,4,P4 - Routine,P01665,ConnectX Chargers 01665,Accessories,Trending,5.12,Low,88.0,High,76.68,High,Forecast Accuracy,20.0,0,0.0552,0.0285,0.0,12.9588,3.42,3.1484,0.0,6.6667,9.8135,0.0,17.7281,0.9863,3904102.8,44116.3616,3189221.1,714881.7,0.0,0.0,0,0.0,Monitor forecast accuracy and review model error drivers
1246,4,P4 - Routine,P00998,Apex TVs 00998,Electronics,Stable,5.12,Low,88.0,High,79.64,High,Forecast Accuracy,20.0,0,0.1471,0.6143,0.0,16.8476,2.51,1.1885,0.0,5.625,8.7356,0.0,17.2089,0.995,2378607.4722,26878.2644,1878758.76,499848.7122,0.0,413.25,0,0.0,Monitor forecast accuracy and review model error drivers
1247,4,P4 - Routine,P01023,CarryPro Chargers 01023,Accessories,Trending,5.12,Low,88.0,High,51.26,Medium,Forecast Accuracy,20.0,0,0.0228,0.0222,0.0,11.6577,3.06,1.2378,0.0,8.3333,9.5951,0.0,18.0972,0.9945,1072165.1243,12222.6824,730156.02,342009.1043,0.0,0.0,0,0.0,Monitor forecast accuracy and review model error drivers
1248,4,P4 - Routine,P00056,TechMate Bags 00056,Accessories,Trending,5.12,Low,88.0,High,29.88,Low,Forecast Accuracy,20.0,0,0.0546,0.2234,0.0,11.3575,2.67,0.0,0.0,8.3333,9.4813,0.0,18.2454,1.0,235225.499,2705.0932,0.0,235225.499,0.0,0.0,0,0.0,Monitor forecast accuracy and review model error drivers
1249,4,P4 - Routine,P00435,Zenith Audio 00435,Electronics,Stable,5.11,Low,88.0,High,93.51,Very High,Forecast Accuracy,20.0,0,0.1497,0.6841,0.0,17.0867,2.51,1.5727,0.0,5.0,8.5626,0.0,17.1396,0.9939,5464653.9508,61204.1242,4485352.08,979301.8708,0.0,0.0,0,0.0,Monitor forecast accuracy and review model error drivers
1250,4,P4 - Routine,P00238,NovaTech TVs 00238,Electronics,Stable,5.11,Low,88.0,High,91.6,Very High,Forecast Accuracy,20.0,0,0.0227,0.9876,0.0,15.5452,2.1,0.7751,0.0,4.1667,8.3073,0.0,17.5932,0.9964,4224824.0247,47318.0291,3085754.86,1139069.1647,0.0,133.25,0,0.0,Monitor forecast accuracy and review model error drivers
1251,4,P4 - Routine,P01453,TechMate Cables 01453,Accessories,Stable,5.11,Low,88.0,High,71.86,High,Forecast Accuracy,20.0,0,0.0405,0.5059,0.0,10.1163,2.61,1.7183,0.0,7.7083,6.275,0.0,16.6686,0.9924,2187378.0798,24717.3723,1622124.9,565253.1798,0.0,0.0,0,0.0,Monitor forecast accuracy and review model error drivers
1252,4,P4 - Routine,P01873,Glow Oral Care 01873,Personal Care,Seasonal,5.11,Low,76.0,Medium,10.06,Low,Forecast Accuracy,20.0,0,0.1158,1.638,0.0,10.536,1.76,1.0472,0.0,0.0,9.6545,0.0,18.1007,0.995,64627.29,743.2138,64627.29,0.0,0.0,0.0,0,0.0,Monitor forecast accuracy and review model error drivers
1253,4,P4 - Routine,P01993,CarePlus Grooming 01993,Personal Care,Trending,5.11,Low,76.0,Medium,2.58,Low,Supplier,18.96,0,0.0426,0.2248,0.0,9.9678,4.55,1.5597,0.0,18.9583,8.2736,0.0,17.6602,0.9926,22285.6,258.513,17136.75,5148.85,0.0,1074.96,0,0.0,Monitor supplier performance and lead-time stability
1254,4,P4 - Routine,P00611,Vertex Smartphones 00611,Electronics,Seasonal,5.1,Low,88.0,High,76.75,High,Forecast Accuracy,20.0,0,0.1139,0.6429,0.0,17.335,2.82,2.3132,0.0,2.5,11.6727,0.0,17.714,0.9892,2712962.85,30385.1839,2712962.85,0.0,0.0,415.42,0,0.0,Monitor forecast accuracy and review model error drivers
1255,4,P4 - Routine,P00123,Arctic Microwaves 00123,Home Appliances,Seasonal,5.1,Low,88.0,High,64.47,High,Forecast Accuracy,20.0,0,0.0625,0.0,0.0,11.2745,3.47,3.0231,0.0,6.0417,11.0463,0.0,17.8667,0.9862,2034508.7502,22989.9489,1854028.98,180479.7702,0.0,2162.06,0,0.0,Monitor forecast accuracy and review model error drivers
1256,4,P4 - Routine,P00211,PureLife Oral Care 00211,Personal Care,Trending,5.1,Low,76.0,Medium,18.59,Low,Supplier,16.67,0,0.1035,0.7594,0.0,9.7862,3.89,0.5585,0.0,16.6667,8.1675,0.0,18.2274,0.9972,159677.8176,1820.3271,84851.04,74826.7776,0.0,0.0,0,0.0,Monitor supplier performance and lead-time stability
1257,4,P4 - Routine,P00979,DermaX Haircare 00979,Personal Care,Trending,5.1,Low,88.0,High,5.81,Low,Forecast Accuracy,20.0,0,0.1081,0.6635,0.0,10.5971,2.52,1.2863,0.0,6.0417,8.201,0.0,17.7379,0.994,47794.5888,549.6378,30518.4,17276.1888,0.0,0.0,0,0.0,Monitor forecast accuracy and review model error drivers
1258,4,P4 - Routine,P01441,ConnectX Cables 01441,Accessories,Trending,5.09,Low,88.0,High,91.97,Very High,Forecast Accuracy,20.0,0,0.1492,0.6001,0.0,12.6369,2.65,1.7726,0.0,4.375,9.7578,0.0,18.0945,0.9919,6062518.062,67293.9505,5378271.1,684246.962,0.0,16.0,0,0.0,Monitor forecast accuracy and review model error drivers
1259,4,P4 - Routine,P00680,ConnectX Mobile Accessories 00680,Accessories,Trending,5.09,Low,88.0,High,86.15,Very High,Forecast Accuracy,20.0,0,0.0814,0.2366,0.0,11.8914,2.97,1.9587,0.0,6.4583,9.3958,0.0,17.7851,0.9914,4846567.6644,53796.9011,3554631.96,1291935.7044,0.0,3553.98,0,0.0,Monitor forecast accuracy and review model error drivers
1260,4,P4 - Routine,P01685,NovaTech TVs 01685,Electronics,Trending,5.09,Low,88.0,High,70.42,High,Forecast Accuracy,20.0,0,0.1233,0.3951,0.0,17.666,2.65,0.8017,0.0,6.0417,10.0089,0.0,17.8008,0.9961,1827234.7968,20465.0297,1141130.24,686104.5568,0.0,0.0,0,0.0,Monitor forecast accuracy and review model error drivers
1261,4,P4 - Routine,P00629,Apex TVs 00629,Electronics,Trending,5.09,Low,88.0,High,68.22,High,Forecast Accuracy,20.0,0,0.0047,0.5781,0.0,16.4496,2.36,0.1612,0.0,5.8333,9.5684,0.0,17.983,0.9998,936347.1767,10487.0884,157263.55,779083.6267,0.0,0.0,0,0.0,Monitor forecast accuracy and review model error drivers
1262,4,P4 - Routine,P00101,Vertex Laptops 00101,Electronics,Stable,5.08,Low,88.0,High,73.5,High,Forecast Accuracy,20.0,0,0.0533,0.819,0.0,15.427,2.26,0.8708,0.0,4.7917,8.5235,0.0,16.3981,0.9968,1501241.43,16813.904,1501241.43,0.0,0.0,1116.15,0,0.0,Monitor forecast accuracy and review model error drivers
1263,4,P4 - Routine,P01604,HomePro Refrigerators 01604,Home Appliances,Seasonal,5.08,Low,88.0,High,18.1,Low,Forecast Accuracy,20.0,0,0.1864,0.7857,0.0,13.8221,2.67,2.0706,0.0,2.5,11.1293,0.0,17.813,0.9903,182059.2,2075.4749,182059.2,0.0,0.0,264.32,0,0.0,Monitor forecast accuracy and review model error drivers
1264,4,P4 - Routine,P00549,PureLife Haircare 00549,Personal Care,Seasonal,5.08,Low,88.0,High,14.36,Low,Forecast Accuracy,20.0,0,0.1066,0.7117,0.0,11.739,2.61,1.7024,0.0,4.1667,9.8118,0.0,18.3585,0.9926,128532.4412,1465.2698,109146.08,19386.3612,0.0,29625.84,0,0.0,Monitor forecast accuracy and review model error drivers
1265,4,P4 - Routine,P01185,Apex Laptops 01185,Electronics,Trending,5.07,Low,88.0,High,50.79,Medium,Forecast Accuracy,20.0,0,0.0328,0.4818,0.0,17.3663,2.56,0.6676,0.0,5.625,10.0774,0.0,17.9921,0.9974,700306.0647,7843.4279,480192.17,220113.8947,0.0,0.0,0,0.0,Monitor forecast accuracy and review model error drivers
1266,4,P4 - Routine,P00522,Arctic Air Conditioners 00522,Home Appliances,Seasonal,5.06,Low,88.0,High,88.89,Very High,Forecast Accuracy,20.0,0,0.0827,0.4095,0.0,11.4147,2.93,2.2975,0.0,4.1667,10.7562,0.0,18.5626,0.9894,5474078.8146,60214.867,3977869.5,1496209.3146,0.0,0.0,0,0.0,Monitor forecast accuracy and review model error drivers
1267,4,P4 - Routine,P00337,CarryPro Mobile Accessories 00337,Accessories,Trending,5.06,Low,88.0,High,59.97,Medium,Forecast Accuracy,20.0,0,0.0693,0.0285,0.0,12.7568,2.83,0.4044,0.0,8.5417,9.4883,0.0,18.1514,0.9987,988356.1056,10970.7528,378384.92,609971.1856,0.0,0.0,0,0.0,Monitor forecast accuracy and review model error drivers
1268,4,P4 - Routine,P01727,CarePlus Skincare 01727,Personal Care,Trending,5.06,Low,88.0,High,20.77,Low,Forecast Accuracy,20.0,0,0.0147,0.1277,0.0,10.0171,3.02,1.8106,0.0,8.3333,8.1837,0.0,18.4635,0.9915,245702.9992,2776.4439,194452.46,51250.5392,0.0,0.0,0,0.0,Monitor forecast accuracy and review model error drivers
1269,4,P4 - Routine,P01411,Apex Laptops 01411,Electronics,Stable,5.06,Low,88.0,High,23.82,Low,Forecast Accuracy,20.0,0,0.157,0.6786,0.0,15.0014,2.44,0.9934,0.0,5.2083,9.0608,0.0,17.1812,0.9955,236691.4726,2674.6136,148055.55,88635.9226,0.0,68.27,0,0.0,Monitor forecast accuracy and review model error drivers
1270,4,P4 - Routine,P00336,NovaTech Smartphones 00336,Electronics,Seasonal,5.05,Low,88.0,High,37.81,Low,Forecast Accuracy,20.0,0,0.0526,0.25,0.0,18.3578,3.15,2.2688,0.0,4.1667,12.2999,0.0,18.9624,0.9869,673245.972,7540.3549,609012.4,64233.572,0.0,0.0,0,0.0,Monitor forecast accuracy and review model error drivers
1271,4,P4 - Routine,P01249,CarryPro Mobile Accessories 01249,Accessories,Trending,5.05,Low,88.0,High,43.06,Medium,Forecast Accuracy,20.0,0,0.0142,0.0873,0.0,12.6533,2.72,0.0,0.0,8.3333,9.7836,0.0,18.7041,1.0,273619.7735,3064.5415,0.0,273619.7735,0.0,19.0,0,0.0,Monitor forecast accuracy and review model error drivers
1272,4,P4 - Routine,P01017,Apex Smartphones 01017,Electronics,Seasonal,5.04,Low,88.0,High,72.58,High,Forecast Accuracy,20.0,0,0.0992,0.2409,0.0,18.6621,3.15,2.5634,0.0,4.1667,11.6951,0.0,18.1784,0.9867,2821380.42,31035.1846,2343954.0,477426.42,0.0,847.91,0,0.0,Monitor forecast accuracy and review model error drivers
1273,4,P4 - Routine,P00904,CarePlus Oral Care 00904,Personal Care,Trending,5.04,Low,88.0,High,27.99,Low,Forecast Accuracy,20.0,0,0.0143,0.237,0.0,10.5965,2.64,0.4493,0.0,8.3333,8.3781,0.0,17.9886,0.9982,238169.568,2667.4992,122304.0,115865.568,0.0,0.0,0,0.0,Monitor forecast accuracy and review model error drivers
1274,4,P4 - Routine,P01245,WriteWell Paper 01245,Office Supplies,Trending,5.04,Low,88.0,High,23.2,Low,Forecast Accuracy,20.0,0,0.0574,0.2037,0.0,10.5614,2.69,0.527,0.0,8.3333,8.5732,0.0,18.3928,0.9975,206765.0952,2315.7691,111210.51,95554.5852,0.0,0.0,0,0.0,Monitor forecast accuracy and review model error drivers
1275,4,P4 - Routine,P01933,CarePlus Grooming 01933,Personal Care,Stable,5.04,Low,76.0,Medium,10.62,Low,Supplier,14.79,0,0.0769,1.2623,0.0,6.6977,3.57,1.6439,0.0,14.7917,5.7011,0.0,16.981,0.9931,87048.0184,983.6426,62381.41,24666.6084,0.0,4846.45,0,0.0,Monitor supplier performance and lead-time stability
1276,4,P4 - Routine,P01248,Zenith Laptops 01248,Electronics,Stable,5.03,Low,88.0,High,80.73,Very High,Forecast Accuracy,20.0,0,0.0866,0.0241,0.0,15.9592,3.04,1.8572,0.0,7.9167,8.6663,0.0,16.6274,0.9924,2906959.9404,31976.5593,2469921.12,437038.8204,0.0,0.0,0,0.0,Monitor forecast accuracy and review model error drivers
1277,4,P4 - Routine,P01442,Zenith Audio 01442,Electronics,Trending,5.03,Low,88.0,High,67.73,High,Forecast Accuracy,20.0,0,0.0512,0.3132,0.0,19.3017,2.87,1.8188,0.0,5.625,9.8982,0.0,17.948,0.9914,1976263.2954,21738.8962,1737251.16,239012.1354,0.0,143.87,0,0.0,Monitor forecast accuracy and review model error drivers
1278,4,P4 - Routine,P01979,TechMate Chargers 01979,Accessories,Trending,5.03,Low,88.0,High,61.04,High,Forecast Accuracy,20.0,0,0.188,0.8308,0.0,12.4608,2.08,0.0,0.0,4.1667,9.7023,0.0,18.7333,1.0,809187.831,8901.0661,0.0,809187.831,0.0,1691.36,0,0.0,Monitor forecast accuracy and review model error drivers
1279,4,P4 - Routine,P00807,CarryPro Bags 00807,Accessories,Trending,5.03,Low,88.0,High,40.86,Medium,Forecast Accuracy,20.0,0,0.0701,0.0096,0.0,11.0435,2.98,1.1355,0.0,8.125,9.4885,0.0,17.396,0.9955,674175.9193,7483.3527,399058.66,275117.2593,0.0,991.2,0,0.0,Monitor forecast accuracy and review model error drivers
1280,4,P4 - Routine,P00187,UrbanGear Chargers 00187,Accessories,Trending,5.03,Low,88.0,High,32.11,Low,Forecast Accuracy,20.0,0,0.0629,0.1229,0.0,12.9853,2.7,0.1734,0.0,8.3333,9.3091,0.0,18.5997,0.9996,259736.55,2883.0757,38262.75,221473.8,0.0,0.0,0,0.0,Monitor forecast accuracy and review model error drivers
1281,4,P4 - Routine,P01610,CarePlus Grooming 01610,Personal Care,Trending,5.03,Low,88.0,High,2.1,Low,Forecast Accuracy,20.0,0,0.0333,0.9429,0.0,10.9493,2.28,1.4264,0.0,4.1667,8.1866,0.0,18.1593,0.994,15803.3139,178.5774,13329.36,2473.9539,0.0,250.49,0,0.0,Monitor forecast accuracy and review model error drivers
1282,4,P4 - Routine,P01513,ConnectX Mobile Accessories 01513,Accessories,Trending,5.02,Low,76.0,Medium,67.84,High,Forecast Accuracy,20.0,0,0.0776,1.3283,0.0,12.9011,2.14,2.3052,0.0,0.0,9.6598,0.0,18.1759,0.9893,2193457.22,24128.0294,2193457.22,0.0,0.0,0.0,0,0.0,Monitor forecast accuracy and review model error drivers
1283,4,P4 - Routine,P00430,Zenith Smartphones 00430,Electronics,Trending,5.02,Low,88.0,High,82.41,Very High,Forecast Accuracy,20.0,0,0.037,0.0,0.0,15.5849,2.77,0.1988,0.0,8.3333,9.7312,0.0,18.7299,0.9994,2177772.8676,23737.7243,451663.92,1726108.9476,0.0,0.0,0,0.0,Monitor forecast accuracy and review model error drivers
1284,4,P4 - Routine,P00600,Vertex TVs 00600,Electronics,Trending,5.02,Low,88.0,High,61.95,High,Forecast Accuracy,20.0,0,0.092,0.542,0.0,17.6229,2.42,0.498,0.0,5.2083,9.9128,0.0,18.0425,0.9978,1271287.2304,13984.1595,490383.94,780903.2904,0.0,0.0,0,0.0,Monitor forecast accuracy and review model error drivers
1285,4,P4 - Routine,P01854,TechMate Mobile Accessories 01854,Accessories,Trending,5.02,Low,88.0,High,36.1,Low,Forecast Accuracy,20.0,0,0.0203,0.8479,0.0,13.1009,2.18,0.4611,0.0,4.1667,9.4129,0.0,18.9216,0.9981,353361.375,3922.3113,226151.28,127210.095,0.0,427.33,0,0.0,Monitor forecast accuracy and review model error drivers
1286,4,P4 - Routine,P00403,CarePlus Haircare 00403,Personal Care,Seasonal,5.02,Low,88.0,High,16.28,Low,Forecast Accuracy,20.0,0,0.0648,0.3304,0.0,11.4622,2.66,0.6705,0.0,6.6667,9.7085,0.0,17.6115,0.9974,121463.5312,1360.3915,60045.92,61417.6112,0.0,0.0,0,0.0,Monitor forecast accuracy and review model error drivers
1287,4,P4 - Routine,P01656,UrbanGear Chargers 01656,Accessories,Trending,5.01,Low,88.0,High,87.12,Very High,Forecast Accuracy,20.0,0,0.0424,0.331,0.0,12.4472,2.57,0.6389,0.0,6.4583,9.4245,0.0,17.8375,0.9977,3558434.589,38786.937,1508608.71,2049825.879,0.0,4767.97,0,0.0,Monitor forecast accuracy and review model error drivers
1288,4,P4 - Routine,P01217,NovaTech Laptops 01217,Electronics,Stable,5.01,Low,88.0,High,70.29,High,Forecast Accuracy,20.0,0,0.0431,0.1445,0.0,15.5334,2.84,1.3479,0.0,7.7083,8.523,0.0,16.6585,0.9947,1884812.2698,20544.4537,1245909.75,638902.5198,0.0,0.0,0,0.0,Monitor forecast accuracy and review model error drivers
1289,4,P4 - Routine,P00985,PaperWorks Storage 00985,Office Supplies,Trending,5.01,Low,88.0,High,29.05,Low,Forecast Accuracy,20.0,0,0.0962,0.9154,0.0,10.6116,2.17,0.9641,0.0,4.1667,8.4036,0.0,18.1353,0.9958,360010.7646,3996.1195,202064.04,157946.7246,0.0,7127.5,0,0.0,Monitor forecast accuracy and review model error drivers
1290,4,P4 - Routine,P01094,Glow Haircare 01094,Personal Care,Trending,5.01,Low,76.0,Medium,21.07,Low,Supplier,10.83,0,0.1554,1.577,0.0,9.9745,3.44,1.9749,0.0,10.8333,8.1556,0.0,17.4603,0.9912,246693.5406,2738.2983,206877.06,39816.4806,0.0,0.0,0,0.0,Monitor supplier performance and lead-time stability
1291,4,P4 - Routine,P01663,UrbanGear Bags 01663,Accessories,Trending,5.01,Low,88.0,High,21.25,Low,Forecast Accuracy,20.0,0,0.0508,0.7869,0.0,12.4349,2.29,0.7218,0.0,4.1667,9.6492,0.0,19.0444,0.9969,192568.117,2137.5061,115370.85,77197.267,0.0,446.64,0,0.0,Monitor forecast accuracy and review model error drivers
1292,4,P4 - Routine,P00636,ComfortMax Microwaves 00636,Home Appliances,Seasonal,5.0,Low,88.0,High,51.63,Medium,Forecast Accuracy,20.0,0,0.0895,0.554,0.0,13.0088,2.49,0.7388,0.0,4.1667,10.9856,0.0,18.4579,0.9967,931114.472,10242.2592,422482.4,508632.072,0.0,196.26,0,0.0,Monitor forecast accuracy and review model error drivers
1293,4,P4 - Routine,P00478,CarePlus Grooming 00478,Personal Care,Trending,5.0,Low,88.0,High,20.06,Low,Forecast Accuracy,20.0,0,0.0997,0.5817,0.0,11.4932,2.49,1.1871,0.0,5.8333,8.3865,0.0,17.7627,0.995,211570.986,2348.4379,126972.12,84598.866,0.0,0.0,0,0.0,Monitor forecast accuracy and review model error drivers
1294,4,P4 - Routine,P01736,TechMate Cables 01736,Accessories,Trending,4.99,Low,88.0,High,83.97,Very High,Forecast Accuracy,20.0,0,0.0437,0.0816,0.0,11.4551,3.06,2.1138,0.0,6.6667,9.4903,0.0,17.6417,0.9912,4393373.6255,47448.4352,3240697.43,1152676.1955,0.0,210.52,0,0.0,Monitor forecast accuracy and review model error drivers
1295,4,P4 - Routine,P00197,WriteWell Desk Accessories 00197,Office Supplies,Trending,4.99,Low,88.0,High,32.78,Low,Forecast Accuracy,20.0,0,0.037,0.7708,0.0,10.0775,2.27,0.9291,0.0,4.7917,8.4521,0.0,17.9376,0.9962,397105.4416,4368.1599,252283.5,144821.9416,0.0,846.08,0,0.0,Monitor forecast accuracy and review model error drivers
1296,4,P4 - Routine,P00632,TechMate Cables 00632,Accessories,Stable,4.99,Low,88.0,High,22.22,Low,Forecast Accuracy,20.0,0,0.1771,1.6922,0.0,10.1515,1.27,0.0,0.0,2.0833,6.3591,0.0,16.8686,1.0,0.0,0.0,0.0,0.0,0.0,702.74,0,0.0,Monitor forecast accuracy and review model error drivers
1297,4,P4 - Routine,P00444,Arctic Microwaves 00444,Home Appliances,Stable,4.98,Low,76.0,Medium,30.44,Low,Supplier,18.33,0,0.0516,0.265,0.0,8.7477,4.31,1.2788,0.0,18.3333,7.8588,0.0,17.1106,0.9941,371792.0803,4089.7129,266231.35,105560.7303,0.0,0.0,0,0.0,Monitor supplier performance and lead-time stability
1298,4,P4 - Routine,P00115,CarePlus Grooming 00115,Personal Care,Seasonal,4.98,Low,88.0,High,10.07,Low,Forecast Accuracy,20.0,0,0.0941,0.7283,0.0,10.2948,2.34,0.8066,0.0,4.1667,9.8315,0.0,18.785,0.996,72782.8456,807.8896,43942.56,28840.2856,0.0,3261.1,0,0.0,Monitor forecast accuracy and review model error drivers
1299,4,P4 - Routine,P01067,Zenith TVs 01067,Electronics,Stable,4.97,Low,88.0,High,71.62,High,Forecast Accuracy,20.0,0,0.0706,0.5781,0.0,15.6074,2.3,0.5386,0.0,5.625,8.6413,0.0,17.1231,0.9987,1246898.6574,13466.5055,609978.96,636919.6974,0.0,0.0,0,0.0,Monitor forecast accuracy and review model error drivers
1300,4,P4 - Routine,P00563,Apex Smartphones 00563,Electronics,Seasonal,4.97,Low,88.0,High,56.94,Medium,Forecast Accuracy,20.0,0,0.1715,0.9876,0.0,19.1796,2.25,1.2929,0.0,0.8333,11.5698,0.0,18.1166,0.9939,1029328.84,11219.6844,1029328.84,0.0,0.0,522.32,0,0.0,Monitor forecast accuracy and review model error drivers
1301,4,P4 - Routine,P00033,NovaTech TVs 00033,Electronics,Stable,4.97,Low,88.0,High,51.52,Medium,Forecast Accuracy,20.0,0,0.1324,0.8672,0.0,16.7841,2.09,0.5797,0.0,4.1667,8.5998,0.0,17.6881,0.9983,728060.56,7935.8601,281021.0,447039.56,0.0,301.99,0,0.0,Monitor forecast accuracy and review model error drivers
1302,4,P4 - Routine,P01225,Arctic Refrigerators 01225,Home Appliances,Seasonal,4.96,Low,88.0,High,93.57,Very High,Forecast Accuracy,20.0,0,0.0294,0.3533,0.0,11.4851,2.69,1.2694,0.0,4.5833,10.7871,0.0,17.9918,0.9942,6168107.1496,65998.7465,3670690.54,2497416.6096,0.0,324.58,0,0.0,Monitor forecast accuracy and review model error drivers
1303,4,P4 - Routine,P00506,NovaTech TVs 00506,Electronics,Stable,4.96,Low,88.0,High,52.27,Medium,Forecast Accuracy,20.0,0,0.0141,0.8672,0.0,15.2454,2.11,0.7111,0.0,4.1667,8.4759,0.0,17.573,0.997,840586.3232,9078.3323,444656.64,395929.6832,0.0,512.78,0,0.0,Monitor forecast accuracy and review model error drivers
1304,4,P4 - Routine,P00765,NovaTech TVs 00765,Electronics,Seasonal,4.96,Low,88.0,High,30.92,Low,Forecast Accuracy,20.0,0,0.05,0.2857,0.0,19.7072,2.96,1.8381,0.0,4.1667,11.8901,0.0,18.539,0.9898,438385.428,4778.4012,344550.42,93835.008,0.0,54.74,0,0.0,Monitor forecast accuracy and review model error drivers
1305,4,P4 - Routine,P00395,HomePro Microwaves 00395,Home Appliances,Stable,4.96,Low,76.0,Medium,34.27,Low,Supplier,13.96,0,0.1667,1.1429,0.0,7.6551,3.49,0.8883,0.0,13.9583,7.5265,0.0,17.0335,0.9966,368451.8173,4016.1248,240759.9,127691.9173,0.0,1.21,0,0.0,Monitor supplier performance and lead-time stability
1306,4,P4 - Routine,P00436,OfficePro Desk Accessories 00436,Office Supplies,Trending,4.96,Low,88.0,High,13.98,Low,Forecast Accuracy,20.0,0,0.082,0.7769,0.0,10.3317,2.27,0.97,0.0,4.5833,8.5822,0.0,18.0012,0.9971,104898.5784,1153.8844,59323.88,45574.6984,0.0,0.0,0,0.0,Monitor forecast accuracy and review model error drivers
1307,4,P4 - Routine,P00005,Apex Audio 00005,Electronics,Seasonal,4.95,Low,88.0,High,96.64,Very High,Forecast Accuracy,20.0,0,0.0633,0.1686,0.0,19.9241,3.06,2.2509,0.0,4.1667,11.7203,0.0,18.5346,0.9884,10347075.9568,110713.7127,7039846.12,3307229.8368,0.0,917.49,0,0.0,Monitor forecast accuracy and review model error drivers
1308,4,P4 - Routine,P00918,UrbanGear Mobile Accessories 00918,Accessories,Stable,4.95,Low,88.0,High,81.11,Very High,Forecast Accuracy,20.0,0,0.014,0.6538,0.0,10.191,2.23,1.0471,0.0,6.4583,6.3125,0.0,16.8533,0.9964,2550251.63,27287.6924,1474116.95,1076134.68,0.0,0.0,0,0.0,Monitor forecast accuracy and review model error drivers
1309,4,P4 - Routine,P01651,NovaTech Laptops 01651,Electronics,Trending,4.94,Low,88.0,High,50.58,Medium,Forecast Accuracy,20.0,0,0.0522,0.0361,0.0,17.1586,2.93,1.2625,0.0,7.0833,9.8946,0.0,17.7097,0.9942,990134.286,10693.4503,700291.44,289842.846,0.0,129.18,0,0.0,Monitor forecast accuracy and review model error drivers
1310,4,P4 - Routine,P00271,ConnectX Chargers 00271,Accessories,Trending,4.94,Low,88.0,High,38.6,Low,Forecast Accuracy,20.0,0,0.101,0.5179,0.0,12.6395,2.72,2.2594,0.0,4.375,9.2467,0.0,18.1764,0.9897,703998.3604,7603.1823,638159.72,65838.6404,0.0,0.0,0,0.0,Monitor forecast accuracy and review model error drivers
1311,4,P4 - Routine,P01829,PaperWorks Writing 01829,Office Supplies,Trending,4.94,Low,88.0,High,17.54,Low,Forecast Accuracy,20.0,0,0.0058,0.1496,0.0,11.7119,2.59,0.1454,0.0,8.3333,8.6518,0.0,18.5971,0.9999,81589.3487,889.3239,4024.88,77564.4687,0.0,0.0,0,0.0,Monitor forecast accuracy and review model error drivers
1312,4,P4 - Routine,P01029,EverHome Washing Machines 01029,Home Appliances,Seasonal,4.93,Low,88.0,High,88.51,Very High,Forecast Accuracy,20.0,0,0.0219,0.1445,0.0,11.6207,3.21,3.044,0.0,4.1667,11.166,0.0,18.4141,0.9833,6861842.08,72735.526,5197163.0,1664679.08,0.0,873.9,0,0.0,Monitor forecast accuracy and review model error drivers
1313,4,P4 - Routine,P00216,Apex TVs 00216,Electronics,Trending,4.93,Low,88.0,High,48.28,Medium,Forecast Accuracy,20.0,0,0.0444,0.9876,0.0,19.1491,2.22,1.446,0.0,1.4583,10.4578,0.0,17.8701,0.9938,801653.16,8657.8541,801653.16,0.0,0.0,410.81,0,0.0,Monitor forecast accuracy and review model error drivers
1314,4,P4 - Routine,P00802,Vertex TVs 00802,Electronics,Stable,4.93,Low,88.0,High,52.29,Medium,Forecast Accuracy,20.0,0,0.1507,0.7857,0.0,16.6574,2.14,0.6034,0.0,4.1667,8.8755,0.0,17.6223,0.9981,650502.4896,6960.3766,383777.28,266725.2096,0.0,113.75,0,0.0,Monitor forecast accuracy and review model error drivers
1315,4,P4 - Routine,P00504,TechMate Bags 00504,Accessories,Trending,4.93,Low,88.0,High,41.86,Medium,Forecast Accuracy,20.0,0,0.0348,0.7197,0.0,13.5634,2.23,0.6606,0.0,4.1667,9.386,0.0,18.2826,0.9975,491630.698,5309.6115,345267.0,146363.698,0.0,4369.88,0,0.0,Monitor forecast accuracy and review model error drivers
1316,4,P4 - Routine,P01912,ConnectX Chargers 01912,Accessories,Trending,4.93,Low,88.0,High,26.7,Low,Forecast Accuracy,20.0,0,0.1472,0.7034,0.0,13.459,2.24,0.5061,0.0,4.1667,9.734,0.0,19.2345,0.9977,225704.5965,2437.6096,155865.06,69839.5365,0.0,1328.1,0,0.0,Monitor forecast accuracy and review model error drivers
1317,4,P4 - Routine,P01444,HomePro Air Conditioners 01444,Home Appliances,Seasonal,4.92,Low,88.0,High,79.69,High,Forecast Accuracy,20.0,0,0.139,0.3132,0.0,11.792,2.79,1.6354,0.0,4.1667,11.1844,0.0,18.2576,0.9932,3063212.9312,32470.0571,1936959.2,1126253.7312,0.0,43.52,0,0.0,Monitor forecast accuracy and review model error drivers
1318,4,P4 - Routine,P01504,EverHome Air Conditioners 01504,Home Appliances,Stable,4.92,Low,76.0,Medium,68.03,High,Supplier,15.42,0,0.0043,0.7468,0.0,8.2761,3.88,1.4614,0.0,15.4167,7.5003,0.0,16.8089,0.9936,1856729.8904,19867.0098,1306220.96,550508.9304,0.0,0.0,0,0.0,Monitor supplier performance and lead-time stability
1319,4,P4 - Routine,P00543,NovaTech Laptops 00543,Electronics,Trending,4.91,Low,88.0,High,81.8,Very High,Forecast Accuracy,20.0,0,0.003,0.3854,0.0,17.0965,2.63,1.3636,0.0,4.5833,10.2545,0.0,18.0518,0.9946,3034916.935,32170.1195,2130106.0,904810.935,0.0,0.0,0,0.0,Monitor forecast accuracy and review model error drivers
1320,4,P4 - Routine,P01903,OfficePro Storage 01903,Office Supplies,Trending,4.91,Low,88.0,High,61.51,High,Forecast Accuracy,20.0,0,0.0309,0.4085,0.0,11.4901,2.81,2.5716,0.0,4.7917,8.8162,0.0,17.9006,0.988,1955982.456,20733.414,1658137.44,297845.016,0.0,17406.29,0,0.0,Monitor forecast accuracy and review model error drivers
1321,4,P4 - Routine,P01728,ConnectX Mobile Accessories 01728,Accessories,Trending,4.91,Low,88.0,High,62.42,High,Forecast Accuracy,20.0,0,0.0137,0.3413,0.0,12.4221,2.81,2.0687,0.0,4.7917,9.7721,0.0,17.2269,0.9916,1692578.58,17941.3329,1692578.58,0.0,0.0,0.0,0,0.0,Monitor forecast accuracy and review model error drivers
1322,4,P4 - Routine,P01188,Zenith Audio 01188,Electronics,Stable,4.91,Low,88.0,High,47.57,Medium,Forecast Accuracy,20.0,0,0.0049,0.0723,0.0,15.5115,2.68,0.5717,0.0,8.3333,8.397,0.0,17.4885,0.9984,573412.1933,6135.5105,254023.28,319388.9133,0.0,53.61,0,0.0,Monitor forecast accuracy and review model error drivers
1323,4,P4 - Routine,P01046,DermaX Skincare 01046,Personal Care,Seasonal,4.91,Low,88.0,High,5.87,Low,Forecast Accuracy,20.0,0,0.0033,0.645,0.0,11.0325,2.4,1.0599,0.0,4.1667,9.7364,0.0,18.375,0.9949,41734.5075,450.7327,33264.0,8470.5075,0.0,0.0,0,0.0,Monitor forecast accuracy and review model error drivers
1324,4,P4 - Routine,P00153,NovaTech TVs 00153,Electronics,Trending,4.9,Low,88.0,High,66.47,High,Forecast Accuracy,20.0,0,0.0244,0.0482,0.0,16.8593,2.87,1.2557,0.0,6.875,9.7338,0.0,17.6768,0.9957,1513990.159,16048.2957,1193652.74,320337.419,0.0,0.0,0,0.0,Monitor forecast accuracy and review model error drivers
1325,4,P4 - Routine,P00342,PureLife Grooming 00342,Personal Care,Trending,4.9,Low,88.0,High,21.6,Low,Forecast Accuracy,20.0,0,0.0386,0.1134,0.0,11.5349,2.66,0.6142,0.0,8.3333,8.1384,0.0,18.564,0.998,192282.064,2076.6463,71983.6,120298.464,0.0,0.0,0,0.0,Monitor forecast accuracy and review model error drivers
1326,4,P4 - Routine,P00053,TechMate Bags 00053,Accessories,Stable,4.9,Low,88.0,High,16.85,Low,Forecast Accuracy,20.0,0,0.0351,0.2168,0.0,10.419,2.53,0.7353,0.0,8.9583,6.4711,0.0,17.1653,0.9968,128250.9585,1385.1104,79767.36,48483.5985,0.0,0.0,0,0.0,Monitor forecast accuracy and review model error drivers
1327,4,P4 - Routine,P00467,ComfortMax Microwaves 00467,Home Appliances,Seasonal,4.89,Low,88.0,High,93.78,Very High,Forecast Accuracy,20.0,0,0.0529,0.1204,0.0,12.1556,3.17,3.0216,0.0,4.1667,10.9537,0.0,18.5509,0.9835,9027581.924,94789.6102,7248519.35,1779062.574,0.0,2848.63,0,0.0,Monitor forecast accuracy and review model error drivers
1328,4,P4 - Routine,P01324,NovaTech Laptops 01324,Electronics,Stable,4.89,Low,88.0,High,68.3,High,Forecast Accuracy,20.0,0,0.0747,0.2168,0.0,14.9849,2.73,1.5931,0.0,6.6667,8.3376,0.0,16.9375,0.9937,1865220.537,19771.3377,1311602.34,553618.197,0.0,0.0,0,0.0,Monitor forecast accuracy and review model error drivers
1329,4,P4 - Routine,P01889,DeskMate Paper 01889,Office Supplies,Trending,4.89,Low,88.0,High,40.63,Medium,Forecast Accuracy,20.0,0,0.039,0.8544,0.0,11.3401,1.95,0.0,0.0,4.1667,8.8352,0.0,18.4664,1.0,363860.9208,3893.3119,0.0,363860.9208,0.0,12108.33,0,0.0,Monitor forecast accuracy and review model error drivers
1330,4,P4 - Routine,P00603,Zenith Smartphones 00603,Electronics,Seasonal,4.89,Low,88.0,High,17.84,Low,Forecast Accuracy,20.0,0,0.0427,0.1786,0.0,18.0827,2.82,0.9854,0.0,5.0,11.8278,0.0,18.1913,0.9956,156348.0,1672.9236,96750.0,59598.0,0.0,399.36,0,0.0,Monitor forecast accuracy and review model error drivers
1331,4,P4 - Routine,P00313,NovaTech Audio 00313,Electronics,Trending,4.88,Low,88.0,High,95.62,Very High,Forecast Accuracy,20.0,0,0.0334,0.4737,0.0,16.8221,2.47,1.1231,0.0,4.1667,10.0694,0.0,18.6485,0.9956,6654568.104,69872.9651,4303949.52,2350618.584,0.0,277.92,0,0.0,Monitor forecast accuracy and review model error drivers
1332,4,P4 - Routine,P01232,Zenith Smartphones 01232,Electronics,Trending,4.88,Low,88.0,High,75.93,High,Forecast Accuracy,20.0,0,0.0164,0.3372,0.0,17.5018,2.46,0.4163,0.0,5.4167,10.1718,0.0,17.7964,0.9986,1803406.2804,18935.7659,689001.66,1114404.6204,0.0,0.0,0,0.0,Monitor forecast accuracy and review model error drivers
1333,4,P4 - Routine,P01105,ConnectX Mobile Accessories 01105,Accessories,Trending,4.88,Low,88.0,High,58.38,Medium,Forecast Accuracy,20.0,0,0.0096,0.4037,0.0,13.3944,2.76,2.1038,0.0,4.1667,9.9948,0.0,18.5249,0.9899,1757106.4025,18625.3279,1345445.03,411661.3725,0.0,206.48,0,0.0,Monitor forecast accuracy and review model error drivers
1334,4,P4 - Routine,P00621,Zenith TVs 00621,Electronics,Stable,4.88,Low,88.0,High,69.12,High,Forecast Accuracy,20.0,0,0.0785,0.7468,0.0,16.4723,2.13,0.7095,0.0,4.1667,8.6398,0.0,17.545,0.997,1393819.1575,14635.1012,963267.69,430551.4675,0.0,0.0,0,0.0,Monitor forecast accuracy and review model error drivers
1335,4,P4 - Routine,P01682,ConnectX Mobile Accessories 01682,Accessories,Trending,4.88,Low,88.0,High,28.41,Low,Forecast Accuracy,20.0,0,0.0533,0.0401,0.0,12.9717,2.79,0.7735,0.0,7.2917,9.7724,0.0,17.6083,0.9964,295534.7967,3162.2223,230058.84,65475.9567,0.0,1017.15,0,0.0,Monitor forecast accuracy and review model error drivers
1336,4,P4 - Routine,P01454,CarePlus Skincare 01454,Personal Care,Seasonal,4.88,Low,88.0,High,12.46,Low,Forecast Accuracy,20.0,0,0.0843,0.6125,0.0,12.5033,2.38,0.9548,0.0,4.1667,9.8156,0.0,18.7654,0.9959,105350.176,1127.2469,46025.6,59324.576,0.0,21277.11,0,0.0,Monitor forecast accuracy and review model error drivers
1337,4,P4 - Routine,P00898,ConnectX Bags 00898,Accessories,Trending,4.87,Low,88.0,High,64.87,High,Forecast Accuracy,20.0,0,0.0972,0.711,0.0,13.1555,2.07,0.1793,0.0,4.1667,9.2995,0.0,18.7936,0.9996,812542.7412,8531.6988,234646.2,577896.5412,0.0,3422.39,0,0.0,Monitor forecast accuracy and review model error drivers
1338,4,P4 - Routine,P00873,DermaX Skincare 00873,Personal Care,Trending,4.87,Low,88.0,High,21.33,Low,Forecast Accuracy,20.0,0,0.01,0.3252,0.0,11.0215,2.72,1.8161,0.0,6.0417,8.4788,0.0,17.7097,0.9914,256936.3212,2749.2186,204279.33,52656.9912,0.0,11616.88,0,0.0,Monitor forecast accuracy and review model error drivers
1339,4,P4 - Routine,P01329,OfficePro Paper 01329,Office Supplies,Trending,4.87,Low,88.0,High,22.81,Low,Forecast Accuracy,20.0,0,0.148,1.1737,0.0,10.6562,1.93,1.2013,0.0,1.6667,8.7955,0.0,17.7884,0.9948,210325.32,2250.4809,210325.32,0.0,0.0,0.0,0,0.0,Monitor forecast accuracy and review model error drivers
1340,4,P4 - Routine,P01927,Glow Grooming 01927,Personal Care,Seasonal,4.87,Low,88.0,High,13.96,Low,Forecast Accuracy,20.0,0,0.0029,0.616,0.0,10.5572,2.34,0.739,0.0,4.1667,9.9446,0.0,18.484,0.9981,111735.0024,1195.5645,29897.07,81837.9324,0.0,0.0,0,0.0,Monitor forecast accuracy and review model error drivers
1341,4,P4 - Routine,P00346,PureLife Haircare 00346,Personal Care,Trending,4.87,Low,88.0,High,7.35,Low,Forecast Accuracy,20.0,0,0.0379,0.6584,0.0,11.3314,2.29,0.9909,0.0,5.0,8.2943,0.0,17.8311,0.9956,54007.9177,577.8847,43223.38,10784.5377,0.0,2152.97,0,0.0,Monitor forecast accuracy and review model error drivers
1342,4,P4 - Routine,P01545,TechMate Chargers 01545,Accessories,Trending,4.86,Low,88.0,High,88.18,Very High,Forecast Accuracy,20.0,0,0.1362,0.7616,0.0,12.4391,2.31,1.641,0.0,2.5,9.6217,0.0,17.6632,0.9918,4406055.2,45822.9741,4406055.2,0.0,0.0,0.0,0,0.0,Monitor forecast accuracy and review model error drivers
1343,4,P4 - Routine,P01667,Apex Smartphones 01667,Electronics,Stable,4.86,Low,88.0,High,64.04,High,Forecast Accuracy,20.0,0,0.1101,0.6022,0.0,15.4771,2.23,0.7576,0.0,5.0,8.3499,0.0,17.2114,0.9965,1202665.5256,12627.988,868350.56,334314.9656,0.0,0.0,0,0.0,Monitor forecast accuracy and review model error drivers
1344,4,P4 - Routine,P01485,Arctic Microwaves 01485,Home Appliances,Seasonal,4.85,Low,88.0,High,77.83,High,Forecast Accuracy,20.0,0,0.0769,0.2409,0.0,11.7138,2.83,1.8166,0.0,4.1667,11.0417,0.0,18.7015,0.9914,2774664.0387,28856.506,2400747.6,373916.4387,0.0,1881.0,0,0.0,Monitor forecast accuracy and review model error drivers
1345,4,P4 - Routine,P01689,Glow Oral Care 01689,Personal Care,Trending,4.85,Low,88.0,High,16.29,Low,Forecast Accuracy,20.0,0,0.0921,0.3478,0.0,10.0853,2.38,0.295,0.0,6.875,8.3851,0.0,17.529,0.9998,88442.5272,937.4908,7683.81,80758.7172,0.0,15000.21,0,0.0,Monitor forecast accuracy and review model error drivers
1346,4,P4 - Routine,P00628,WriteWell Writing 00628,Office Supplies,Stable,4.84,Low,76.0,Medium,41.83,Medium,Supplier,12.5,0,0.0505,1.4935,0.0,6.1868,3.22,1.8048,0.0,12.5,5.3734,0.0,17.2947,0.9929,680270.4333,7142.8396,515927.5,164342.9333,0.0,2196.15,0,0.0,Monitor supplier performance and lead-time stability
1347,4,P4 - Routine,P01180,PureLife Haircare 01180,Personal Care,Trending,4.84,Low,88.0,High,10.28,Low,Forecast Accuracy,20.0,0,0.0463,0.0394,0.0,10.6383,2.72,0.8017,0.0,8.3333,8.211,0.0,19.0515,0.9975,70787.2536,750.3449,37610.16,33177.0936,0.0,0.0,0,0.0,Monitor forecast accuracy and review model error drivers
1348,4,P4 - Routine,P00017,EverHome Microwaves 00017,Home Appliances,Stable,4.84,Low,88.0,High,4.72,Low,Forecast Accuracy,20.0,0,0.037,0.0964,0.0,13.1209,2.54,0.1712,0.0,8.5417,8.0503,0.0,17.378,0.9997,15627.4591,165.6511,3169.87,12457.5891,0.0,0.0,0,0.0,Monitor forecast accuracy and review model error drivers
1349,4,P4 - Routine,P00513,ConnectX Bags 00513,Accessories,Trending,4.83,Low,88.0,High,30.21,Low,Forecast Accuracy,20.0,0,0.0157,0.2128,0.0,12.8644,2.6,0.762,0.0,6.25,9.5779,0.0,17.7653,0.9965,371856.7315,3904.4957,197284.45,174572.2815,0.0,0.0,0,0.0,Monitor forecast accuracy and review model error drivers
1350,4,P4 - Routine,P00086,EverHome Microwaves 00086,Home Appliances,Stable,4.82,Low,76.0,Medium,76.23,High,Supplier,17.5,0,0.0747,0.2168,0.0,7.4352,4.24,1.6119,0.0,17.5,7.5606,0.0,16.143,0.9948,2164382.4627,22293.1394,1607214.7,557167.7627,0.0,965.46,0,0.0,Monitor supplier performance and lead-time stability
1351,4,P4 - Routine,P00959,Vertex Smartphones 00959,Electronics,Trending,4.82,Low,88.0,High,64.2,High,Forecast Accuracy,20.0,0,0.0332,0.4577,0.0,18.9947,2.29,0.2847,0.0,4.5833,10.1344,0.0,18.1708,0.9985,1289539.16,13411.2073,384020.0,905519.16,0.0,0.0,0,0.0,Monitor forecast accuracy and review model error drivers
1352,4,P4 - Routine,P01203,Vertex TVs 01203,Electronics,Trending,4.82,Low,88.0,High,59.06,Medium,Forecast Accuracy,20.0,0,0.0757,0.9997,0.0,18.2609,2.0,0.9914,0.0,1.4583,9.9011,0.0,17.9617,0.9969,846406.11,8802.6235,846406.11,0.0,0.0,0.0,0,0.0,Monitor forecast accuracy and review model error drivers
1353,4,P4 - Routine,P01970,Zenith Smartphones 01970,Electronics,Trending,4.81,Low,88.0,High,75.18,High,Forecast Accuracy,20.0,0,0.0836,0.0883,0.0,17.0832,2.9,1.9658,0.0,5.4167,9.9898,0.0,17.9295,0.9913,2879527.5125,29659.1334,2037374.24,842153.2725,0.0,3330.3,0,0.0,Monitor forecast accuracy and review model error drivers
1354,4,P4 - Routine,P01026,DermaX Skincare 01026,Personal Care,Seasonal,4.81,Low,76.0,Medium,14.12,Low,Forecast Accuracy,20.0,0,0.163,1.2864,0.0,11.2468,1.78,0.8749,0.0,0.0,10.1109,0.0,18.2956,0.9967,80879.4,849.2337,80879.4,0.0,0.0,0.0,0,0.0,Monitor forecast accuracy and review model error drivers
1355,4,P4 - Routine,P01530,Glow Skincare 01530,Personal Care,Seasonal,4.81,Low,76.0,Medium,5.82,Low,Forecast Accuracy,20.0,0,0.1113,1.1603,0.0,10.8301,2.11,2.0096,0.0,0.0,10.0548,0.0,18.3274,0.9909,46977.42,493.2629,46977.42,0.0,0.0,3102.2,0,0.0,Monitor forecast accuracy and review model error drivers
1356,4,P4 - Routine,P01549,Zenith Laptops 01549,Electronics,Trending,4.8,Low,88.0,High,48.66,Medium,Forecast Accuracy,20.0,0,0.136,0.4955,0.0,18.3462,2.32,0.6186,0.0,4.1667,10.0793,0.0,18.5616,0.9979,602114.4728,6261.9905,382591.8,219522.6728,0.0,1112.3,0,0.0,Monitor forecast accuracy and review model error drivers
1357,4,P4 - Routine,P01314,UrbanGear Mobile Accessories 01314,Accessories,Trending,4.8,Low,88.0,High,20.8,Low,Forecast Accuracy,20.0,0,0.1395,0.53,0.0,12.5889,2.48,1.593,0.0,4.1667,9.1999,0.0,18.8594,0.9923,244286.2056,2565.0052,191802.16,52484.0456,0.0,184.36,0,0.0,Monitor forecast accuracy and review model error drivers
1358,4,P4 - Routine,P01362,Apex TVs 01362,Electronics,Trending,4.78,Low,88.0,High,65.98,High,Forecast Accuracy,20.0,0,0.006,0.2891,0.0,16.4817,2.59,1.2673,0.0,4.7917,9.9384,0.0,17.8794,0.9942,1871260.676,19086.8589,1171875.44,699385.236,0.0,487.57,0,0.0,Monitor forecast accuracy and review model error drivers
1359,4,P4 - Routine,P00884,Apex Smartphones 00884,Electronics,Stable,4.78,Low,88.0,High,69.27,High,Forecast Accuracy,20.0,0,0.0864,0.4938,0.0,16.588,2.29,0.9421,0.0,5.0,8.3831,0.0,17.1165,0.9961,1708150.8528,17423.1387,1015931.84,692219.0128,0.0,0.0,0,0.0,Monitor forecast accuracy and review model error drivers
1360,4,P4 - Routine,P00312,Apex TVs 00312,Electronics,Stable,4.78,Low,88.0,High,71.29,High,Forecast Accuracy,20.0,0,0.0769,0.6263,0.0,16.9454,2.2,0.9362,0.0,4.1667,8.6072,0.0,17.6796,0.9961,1657114.9706,16902.5727,1231684.49,425430.4806,0.0,89.31,0,0.0,Monitor forecast accuracy and review model error drivers
1361,4,P4 - Routine,P01125,WriteWell Storage 01125,Office Supplies,Trending,4.78,Low,88.0,High,50.26,Medium,Forecast Accuracy,20.0,0,0.1429,0.6685,0.0,10.5993,2.08,0.4941,0.0,4.375,8.5076,0.0,17.9353,0.9978,756986.8086,7796.9641,378439.12,378547.6886,0.0,6800.67,0,0.0,Monitor forecast accuracy and review model error drivers
1362,4,P4 - Routine,P00399,OfficePro Desk Accessories 00399,Office Supplies,Trending,4.78,Low,88.0,High,20.79,Low,Forecast Accuracy,20.0,0,0.0735,0.1987,0.0,10.5091,2.43,0.1798,0.0,7.0833,8.7687,0.0,17.5006,0.9996,157385.1978,1636.8061,18207.45,139177.7478,0.0,53.43,0,0.0,Monitor forecast accuracy and review model error drivers
1363,4,P4 - Routine,P00978,NovaTech TVs 00978,Electronics,Seasonal,4.77,Low,88.0,High,60.72,High,Forecast Accuracy,20.0,0,0.098,0.0482,0.0,18.6977,2.97,1.8781,0.0,4.1667,11.9032,0.0,18.2139,0.9894,1760423.041,17956.315,1265329.3,495093.741,0.0,411.39,0,0.0,Monitor forecast accuracy and review model error drivers
1364,4,P4 - Routine,P01760,DermaX Grooming 01760,Personal Care,Seasonal,4.77,Low,88.0,High,34.28,Low,Forecast Accuracy,20.0,0,0.0389,0.0184,0.0,10.5559,3.09,2.6526,0.0,5.4167,9.8677,0.0,17.903,0.9872,606342.6248,6245.329,463691.36,142651.2648,0.0,0.0,0,0.0,Monitor forecast accuracy and review model error drivers
1365,4,P4 - Routine,P01165,Apex TVs 01165,Electronics,Stable,4.77,Low,88.0,High,24.58,Low,Forecast Accuracy,20.0,0,0.1313,0.4643,0.0,18.0612,2.48,1.4135,0.0,4.1667,9.5628,0.0,17.3548,0.9927,269089.0812,2771.6175,227367.2,41721.8812,0.0,162.63,0,0.0,Monitor forecast accuracy and review model error drivers
1366,4,P4 - Routine,P00290,DermaX Haircare 00290,Personal Care,Seasonal,4.77,Low,88.0,High,8.13,Low,Forecast Accuracy,20.0,0,0.0128,0.4481,0.0,11.0189,2.55,1.5416,0.0,4.1667,9.7583,0.0,18.2472,0.9942,71595.0208,744.5882,37718.32,33876.7008,0.0,3239.5,0,0.0,Monitor forecast accuracy and review model error drivers
1367,4,P4 - Routine,P00145,HomePro Microwaves 00145,Home Appliances,Seasonal,4.76,Low,88.0,High,39.44,Low,Forecast Accuracy,20.0,0,0.0448,0.0482,0.0,11.8855,2.87,1.45,0.0,5.0,11.2636,0.0,18.0455,0.9923,649442.858,6689.2614,480913.9,168528.958,0.0,0.0,0,0.0,Monitor forecast accuracy and review model error drivers
1368,4,P4 - Routine,P00102,Glow Haircare 00102,Personal Care,Trending,4.76,Low,88.0,High,26.83,Low,Forecast Accuracy,20.0,0,0.076,0.7393,0.0,11.1811,1.97,0.1685,0.0,4.1667,8.6034,0.0,18.1144,0.9997,189478.1004,1951.6244,23790.66,165687.4404,0.0,451.0,0,0.0,Monitor forecast accuracy and review model error drivers
1369,4,P4 - Routine,P01476,PaperWorks Desk Accessories 01476,Office Supplies,Trending,4.75,Low,88.0,High,66.03,High,Forecast Accuracy,20.0,0,0.0167,0.4947,0.0,12.2304,2.33,1.2089,0.0,4.5833,8.5643,0.0,17.9743,0.9948,1755203.154,17727.5519,1236091.04,519112.114,0.0,0.0,0,0.0,Monitor forecast accuracy and review model error drivers
1370,4,P4 - Routine,P00864,HomePro Refrigerators 00864,Home Appliances,Seasonal,4.75,Low,88.0,High,63.43,High,Forecast Accuracy,20.0,0,0.0453,0.1285,0.0,11.8147,2.62,0.7145,0.0,5.4167,10.5975,0.0,17.9752,0.997,1545986.5344,15769.0627,564686.64,981299.8944,0.0,0.0,0,0.0,Monitor forecast accuracy and review model error drivers
1371,4,P4 - Routine,P01378,Glow Oral Care 01378,Personal Care,Seasonal,4.75,Low,88.0,High,3.95,Low,Forecast Accuracy,20.0,0,0.012,0.53,0.0,10.5793,2.29,0.6211,0.0,4.1667,9.8608,0.0,18.3604,0.9979,25231.4132,262.4067,11171.87,14059.5432,0.0,7755.79,0,0.0,Monitor forecast accuracy and review model error drivers
1372,4,P4 - Routine,P00490,ConnectX Bags 00490,Accessories,Trending,4.74,Low,88.0,High,91.45,Very High,Forecast Accuracy,20.0,0,0.0159,0.3058,0.0,12.5543,2.66,2.0075,0.0,4.1667,9.5258,0.0,18.2717,0.9895,6654448.428,66544.4843,5548952.12,1105496.308,0.0,19120.85,0,0.0,Monitor forecast accuracy and review model error drivers
1373,4,P4 - Routine,P00330,Apex Laptops 00330,Electronics,Seasonal,4.74,Low,88.0,High,95.31,Very High,Forecast Accuracy,20.0,0,0.0262,0.0964,0.0,18.1061,2.65,0.7987,0.0,4.5833,11.4818,0.0,18.0354,0.9961,6629352.5212,66293.5252,3260211.55,3369140.9712,0.0,978.8,0,0.0,Monitor forecast accuracy and review model error drivers
1374,4,P4 - Routine,P00574,PureLife Skincare 00574,Personal Care,Trending,4.73,Low,88.0,High,24.76,Low,Forecast Accuracy,20.0,0,0.0534,0.132,0.0,10.9285,2.67,1.4363,0.0,6.6667,8.2331,0.0,17.6911,0.9939,311219.6916,3174.4409,202097.88,109121.8116,0.0,0.0,0,0.0,Monitor forecast accuracy and review model error drivers
1375,4,P4 - Routine,P00896,Vertex Laptops 00896,Electronics,Stable,4.73,Low,88.0,High,25.98,Low,Forecast Accuracy,20.0,0,0.0853,0.3929,0.0,17.4843,2.43,1.2065,0.0,5.0,8.82,0.0,17.2427,0.9948,286234.8804,2919.5958,189229.74,97005.1404,0.0,222.22,0,0.0,Monitor forecast accuracy and review model error drivers
1376,4,P4 - Routine,P01306,ConnectX Bags 01306,Accessories,Stable,4.73,Low,76.0,Medium,21.92,Low,Supplier,18.54,0,0.0536,0.2288,0.0,9.7152,4.03,0.944,0.0,18.5417,6.4193,0.0,17.0237,0.9974,163041.6083,1663.0244,99478.8,63562.8083,0.0,0.0,0,0.0,Monitor supplier performance and lead-time stability
1377,4,P4 - Routine,P01584,CarePlus Haircare 01584,Personal Care,Trending,4.73,Low,88.0,High,10.81,Low,Forecast Accuracy,20.0,0,0.108,0.7104,0.0,12.3373,2.04,0.4756,0.0,4.1667,8.4775,0.0,18.2677,0.998,62098.7024,639.6166,39817.68,22281.0224,0.0,0.0,0,0.0,Monitor forecast accuracy and review model error drivers
1378,4,P4 - Routine,P00423,NovaTech Smartphones 00423,Electronics,Trending,4.72,Low,88.0,High,90.59,Very High,Forecast Accuracy,20.0,0,0.0967,0.4095,0.0,17.6995,2.3,0.6877,0.0,4.1667,9.8188,0.0,18.2812,0.9972,3806888.8264,38068.8883,2667950.12,1138938.7064,0.0,7.0,0,0.0,Monitor forecast accuracy and review model error drivers
1379,4,P4 - Routine,P00851,Apex Smartphones 00851,Electronics,Stable,4.72,Low,88.0,High,55.33,Medium,Forecast Accuracy,20.0,0,0.0028,0.6504,0.0,17.5852,2.03,0.3722,0.0,4.1667,8.607,0.0,17.6707,0.999,755716.9162,7632.7409,201739.7,553977.2162,0.0,70.7,0,0.0,Monitor forecast accuracy and review model error drivers
1380,4,P4 - Routine,P01859,UrbanGear Bags 01859,Accessories,Trending,4.72,Low,88.0,High,44.84,Medium,Forecast Accuracy,20.0,0,0.0903,0.2267,0.0,12.798,2.45,0.6121,0.0,5.625,9.5099,0.0,17.8063,0.998,613083.3566,6192.1419,300002.56,313080.7966,0.0,0.0,0,0.0,Monitor forecast accuracy and review model error drivers
1381,4,P4 - Routine,P01587,OfficePro Desk Accessories 01587,Office Supplies,Trending,4.72,Low,88.0,High,27.05,Low,Forecast Accuracy,20.0,0,0.0,0.1799,0.0,10.1325,2.6,1.2447,0.0,6.25,8.5974,0.0,17.7151,0.9944,329324.544,3359.1103,236475.0,92849.544,0.0,4441.79,0,0.0,Monitor forecast accuracy and review model error drivers
1382,4,P4 - Routine,P01347,Arctic Washing Machines 01347,Home Appliances,Seasonal,4.71,Low,88.0,High,70.1,High,Forecast Accuracy,20.0,0,0.05,0.1927,0.0,12.7676,2.59,0.8974,0.0,4.1667,11.2753,0.0,18.5533,0.9951,2067382.9308,20673.8293,982596.45,1084786.4808,0.0,933.93,0,0.0,Monitor forecast accuracy and review model error drivers
1383,4,P4 - Routine,P01723,HomePro Refrigerators 01723,Home Appliances,Seasonal,4.7,Low,88.0,High,89.07,Very High,Forecast Accuracy,20.0,0,0.037,0.0,0.0,12.9248,3.0,2.3149,0.0,4.1667,11.1937,0.0,18.2361,0.9892,5347855.996,52943.7744,4283476.89,1064379.106,0.0,10.0,0,0.0,Monitor forecast accuracy and review model error drivers
1384,4,P4 - Routine,P00063,CarryPro Mobile Accessories 00063,Accessories,Trending,4.7,Low,88.0,High,82.45,Very High,Forecast Accuracy,20.0,0,0.0237,0.4654,0.0,13.1438,2.23,0.6332,0.0,4.1667,9.4019,0.0,18.6451,0.9964,2873522.002,28447.8678,1806498.38,1067023.622,0.0,0.0,0,0.0,Monitor forecast accuracy and review model error drivers
1385,4,P4 - Routine,P01780,ConnectX Cables 01780,Accessories,Stable,4.7,Low,88.0,High,82.87,Very High,Forecast Accuracy,20.0,0,0.1708,1.5119,0.0,10.1244,1.34,1.0462,0.0,0.625,6.2174,0.0,17.3126,0.9964,2305208.78,22821.5669,2305208.78,0.0,0.0,0.0,0,0.0,Monitor forecast accuracy and review model error drivers
1386,4,P4 - Routine,P00971,PaperWorks Storage 00971,Office Supplies,Trending,4.7,Low,76.0,Medium,54.11,Medium,Supplier,11.25,0,0.1501,1.1508,0.0,9.1393,3.5,1.9138,0.0,11.25,8.2704,0.0,17.5727,0.9918,1326773.998,13267.74,992260.71,334513.288,0.0,0.0,0,0.0,Monitor supplier performance and lead-time stability
1387,4,P4 - Routine,P01746,DermaX Skincare 01746,Personal Care,Seasonal,4.7,Low,76.0,Medium,5.94,Low,Forecast Accuracy,20.0,0,0.1161,1.2326,0.0,10.3409,1.71,0.7755,0.0,0.0,9.8502,0.0,18.0688,0.9964,31308.48,319.3465,31308.48,0.0,0.0,15.0,0,0.0,Monitor forecast accuracy and review model error drivers
1388,4,P4 - Routine,P00369,Zenith Laptops 00369,Electronics,Stable,4.69,Low,88.0,High,38.5,Low,Forecast Accuracy,20.0,0,0.0909,0.1686,0.0,16.3204,2.59,1.3645,0.0,6.0417,8.5093,0.0,17.0432,0.9932,603093.6162,6030.9362,432702.42,170391.1962,0.0,190.12,0,0.0,Monitor forecast accuracy and review model error drivers
1389,4,P4 - Routine,P00730,Apex TVs 00730,Electronics,Stable,4.67,Low,88.0,High,94.45,Very High,Forecast Accuracy,20.0,0,0.0463,0.0723,0.0,16.2263,2.63,1.4156,0.0,6.25,8.441,0.0,16.9353,0.9941,6211514.7918,60872.845,4276629.09,1934885.7018,0.0,836.42,0,0.0,Monitor forecast accuracy and review model error drivers
1390,4,P4 - Routine,P00876,Apex Laptops 00876,Electronics,Stable,4.66,Low,88.0,High,89.28,Very High,Forecast Accuracy,20.0,0,0.0191,0.4095,0.0,15.7983,2.37,1.4767,0.0,4.1667,8.7121,0.0,17.3982,0.9921,4742209.7346,46473.6554,3542680.32,1199529.4146,0.0,0.0,0,0.0,Monitor forecast accuracy and review model error drivers
1391,4,P4 - Routine,P01061,TechMate Mobile Accessories 01061,Accessories,Trending,4.66,Low,88.0,High,78.31,High,Forecast Accuracy,20.0,0,0.0319,0.0659,0.0,12.8725,2.51,0.5635,0.0,6.0417,9.5343,0.0,17.6985,0.9971,2062947.528,20216.8858,1517076.0,545871.528,0.0,0.0,0,0.0,Monitor forecast accuracy and review model error drivers
1392,4,P4 - Routine,P01724,NovaTech Smartphones 01724,Electronics,Trending,4.66,Low,88.0,High,69.82,High,Forecast Accuracy,20.0,0,0.037,0.2489,0.0,19.2323,2.55,1.3945,0.0,4.1667,10.0681,0.0,18.4269,0.9943,1859894.265,18226.9638,1542227.25,317667.015,0.0,0.0,0,0.0,Monitor forecast accuracy and review model error drivers
1393,4,P4 - Routine,P00494,Vertex Audio 00494,Electronics,Stable,4.66,Low,88.0,High,72.22,High,Forecast Accuracy,20.0,0,0.0282,0.9643,0.0,16.5515,1.9,1.3033,0.0,1.4583,8.6232,0.0,16.9718,0.9938,1836458.49,17997.2932,1836458.49,0.0,0.0,0.0,0,0.0,Monitor forecast accuracy and review model error drivers
1394,4,P4 - Routine,P01191,Apex TVs 01191,Electronics,Stable,4.66,Low,88.0,High,72.94,High,Forecast Accuracy,20.0,0,0.012,0.5059,0.0,16.446,2.18,0.8501,0.0,4.1667,8.6926,0.0,17.3677,0.997,1624834.286,15923.376,1125231.5,499602.786,0.0,1247.6,0,0.0,Monitor forecast accuracy and review model error drivers
1395,4,P4 - Routine,P01909,EverHome Refrigerators 01909,Home Appliances,Seasonal,4.66,Low,88.0,High,54.19,Medium,Forecast Accuracy,20.0,0,0.0687,0.0241,0.0,12.5966,2.92,2.0452,0.0,4.1667,11.2018,0.0,18.5939,0.9905,1264120.201,12514.79,985631.1,278489.101,0.0,1435.92,0,0.0,Monitor forecast accuracy and review model error drivers
1396,4,P4 - Routine,P01412,Zenith Smartphones 01412,Electronics,Stable,4.66,Low,88.0,High,51.08,Medium,Forecast Accuracy,20.0,0,0.0029,0.3132,0.0,17.2096,2.26,0.351,0.0,5.625,8.7521,0.0,17.0666,0.9992,637836.0552,6314.5769,141867.45,495968.6052,0.0,1123.46,0,0.0,Monitor forecast accuracy and review model error drivers
1397,4,P4 - Routine,P01226,DermaX Grooming 01226,Personal Care,Seasonal,4.66,Low,88.0,High,5.97,Low,Forecast Accuracy,20.0,0,0.0192,0.0964,0.0,11.348,2.7,1.3288,0.0,5.4167,9.9571,0.0,17.9357,0.9936,46478.0,464.78,38713.44,7764.56,0.0,2119.47,0,0.0,Monitor forecast accuracy and review model error drivers
1398,4,P4 - Routine,P00717,ConnectX Mobile Accessories 00717,Accessories,Trending,4.65,Low,88.0,High,53.62,Medium,Forecast Accuracy,20.0,0,0.066,0.1303,0.0,14.0822,2.7,1.7314,0.0,5.0,9.5353,0.0,17.9182,0.9936,1236282.6006,12239.1977,825360.51,410922.0906,0.0,495.31,0,0.0,Monitor forecast accuracy and review model error drivers
1399,4,P4 - Routine,P01415,Glow Haircare 01415,Personal Care,Trending,4.65,Low,88.0,High,24.13,Low,Forecast Accuracy,20.0,0,0.0557,0.0632,0.0,10.955,2.77,1.9101,0.0,6.25,8.3734,0.0,17.6824,0.9919,322603.6698,3226.0367,228405.39,94198.2798,0.0,24.0,0,0.0,Monitor forecast accuracy and review model error drivers
1400,4,P4 - Routine,P01816,ConnectX Cables 01816,Accessories,Trending,4.65,Low,88.0,High,23.55,Low,Forecast Accuracy,20.0,0,0.0155,0.4095,0.0,12.3481,2.3,0.668,0.0,4.1667,9.8369,0.0,18.2725,0.9974,213860.136,2138.6014,118892.9,94967.236,0.0,0.0,0,0.0,Monitor forecast accuracy and review model error drivers
1401,4,P4 - Routine,P01339,Vertex Audio 01339,Electronics,Trending,4.65,Low,88.0,High,29.05,Low,Forecast Accuracy,20.0,0,0.0244,0.4336,0.0,17.7229,2.19,0.1848,0.0,4.1667,10.0784,0.0,18.331,0.9995,168000.3819,1663.2038,48359.35,119641.0319,0.0,0.0,0,0.0,Monitor forecast accuracy and review model error drivers
1402,4,P4 - Routine,P00625,CarePlus Skincare 00625,Personal Care,Seasonal,4.65,Low,88.0,High,17.7,Low,Forecast Accuracy,20.0,0,0.1397,1.0377,0.0,10.4189,1.87,1.0759,0.0,0.625,9.6998,0.0,17.9668,0.9961,117823.25,1178.2325,117823.25,0.0,0.0,2437.13,0,0.0,Monitor forecast accuracy and review model error drivers
1403,4,P4 - Routine,P01720,Zenith Laptops 01720,Electronics,Stable,4.64,Low,88.0,High,52.32,Medium,Forecast Accuracy,20.0,0,0.0545,0.1686,0.0,16.1466,2.45,0.8877,0.0,6.0417,8.5266,0.0,16.9448,0.9952,956521.401,9373.9097,613689.45,342831.951,0.0,0.0,0,0.0,Monitor forecast accuracy and review model error drivers
1404,4,P4 - Routine,P00466,ComfortMax Microwaves 00466,Home Appliances,Stable,4.64,Low,88.0,High,39.15,Low,Forecast Accuracy,20.0,0,0.12,0.7227,0.0,10.2734,1.89,0.4309,0.0,4.1667,7.5501,0.0,17.6653,0.9984,355575.262,3520.1951,191356.55,164218.712,0.0,0.0,0,0.0,Monitor forecast accuracy and review model error drivers
1405,4,P4 - Routine,P01683,Glow Skincare 01683,Personal Care,Stable,4.64,Low,76.0,Medium,5.24,Low,Supplier,14.17,0,0.0705,1.0037,0.0,6.7367,3.39,1.3202,0.0,14.1667,5.8224,0.0,17.0355,0.995,37034.2832,370.3428,27202.68,9831.6032,0.0,792.14,0,0.0,Monitor supplier performance and lead-time stability
1406,4,P4 - Routine,P01679,NovaTech Smartphones 01679,Electronics,Stable,4.63,Low,88.0,High,76.88,High,Forecast Accuracy,20.0,0,0.0853,1.0599,0.0,16.2392,1.74,1.0332,0.0,1.0417,8.5071,0.0,17.1448,0.9965,1787173.0,17335.5781,1787173.0,0.0,0.0,0.0,0,0.0,Monitor forecast accuracy and review model error drivers
1407,4,P4 - Routine,P01351,TechMate Mobile Accessories 01351,Accessories,Stable,4.63,Low,88.0,High,64.04,High,Forecast Accuracy,20.0,0,0.0238,0.117,0.0,10.6586,2.24,0.1659,0.0,8.3333,6.2876,0.0,17.5184,0.9997,755189.5,7400.8571,135460.0,619729.5,0.0,530.06,0,0.0,Monitor forecast accuracy and review model error drivers
1408,4,P4 - Routine,P00046,WriteWell Paper 00046,Office Supplies,Stable,4.63,Low,76.0,Medium,30.85,Low,Supplier,16.67,0,0.0619,0.676,0.0,6.5462,3.43,0.3827,0.0,16.6667,5.4387,0.0,17.6218,0.9989,250542.0896,2480.3667,78631.11,171910.9796,0.0,10056.19,0,0.0,Monitor supplier performance and lead-time stability
1409,4,P4 - Routine,P00780,DermaX Grooming 00780,Personal Care,Seasonal,4.63,Low,88.0,High,11.7,Low,Forecast Accuracy,20.0,0,0.0394,0.0482,0.0,11.2544,2.9,2.3242,0.0,5.2083,9.4827,0.0,17.9794,0.9905,108462.816,1073.7819,85310.72,23152.096,0.0,2102.1,0,0.0,Monitor forecast accuracy and review model error drivers
1410,4,P4 - Routine,P00848,CarryPro Bags 00848,Accessories,Trending,4.62,Low,88.0,High,74.59,High,Forecast Accuracy,20.0,0,0.0331,0.3117,0.0,12.3531,2.37,0.9763,0.0,4.1667,9.6934,0.0,18.5703,0.9957,2369998.144,22988.982,1378681.6,991316.544,0.0,0.0,0,0.0,Monitor forecast accuracy and review model error drivers
1411,4,P4 - Routine,P00368,CarryPro Bags 00368,Accessories,Stable,4.62,Low,88.0,High,68.02,High,Forecast Accuracy,20.0,0,0.0693,0.1911,0.0,10.1525,2.44,1.5048,0.0,6.875,6.3939,0.0,16.7056,0.9945,1666325.482,16163.3572,1340855.38,325470.102,0.0,10280.1,0,0.0,Monitor forecast accuracy and review model error drivers
1412,4,P4 - Routine,P01794,DeskMate Paper 01794,Office Supplies,Trending,4.61,Low,76.0,Medium,60.85,High,Forecast Accuracy,20.0,0,0.1692,1.2763,0.0,10.0822,1.51,0.7612,0.0,0.0,8.5163,0.0,18.1963,0.9965,1012854.08,9824.6846,1012854.08,0.0,0.0,0.0,0,0.0,Monitor forecast accuracy and review model error drivers
1413,4,P4 - Routine,P01293,Glow Grooming 01293,Personal Care,Trending,4.61,Low,88.0,High,34.59,Low,Forecast Accuracy,20.0,0,0.092,0.4346,0.0,10.9579,2.4,1.7763,0.0,4.1667,8.2563,0.0,18.1988,0.9918,551898.8436,5408.6087,433205.94,118692.9036,0.0,25.0,0,0.0,Monitor forecast accuracy and review model error drivers
1414,4,P4 - Routine,P00801,PaperWorks Desk Accessories 00801,Office Supplies,Trending,4.61,Low,76.0,Medium,39.98,Low,Forecast Accuracy,20.0,0,0.0759,1.3221,0.0,10.6138,1.39,0.213,0.0,0.0,8.8252,0.0,18.8077,0.9992,188540.42,1847.6961,188540.42,0.0,0.0,0.0,0,0.0,Monitor forecast accuracy and review model error drivers
1415,4,P4 - Routine,P01320,Zenith Laptops 01320,Electronics,Stable,4.6,Low,88.0,High,87.2,Very High,Forecast Accuracy,20.0,0,0.0092,0.4216,0.0,15.8621,2.25,1.1387,0.0,4.1667,8.5693,0.0,17.5025,0.9955,3343928.3026,32101.7117,2579617.03,764311.2726,0.0,555.64,0,0.0,Monitor forecast accuracy and review model error drivers
1416,4,P4 - Routine,P00355,Apex TVs 00355,Electronics,Stable,4.6,Low,88.0,High,63.93,High,Forecast Accuracy,20.0,0,0.037,0.3854,0.0,16.7823,2.36,1.4378,0.0,4.1667,8.6974,0.0,17.4351,0.9925,1716552.8064,16650.5622,1266553.72,449999.0864,0.0,458.1,0,0.0,Monitor forecast accuracy and review model error drivers
1417,4,P4 - Routine,P01688,Glow Oral Care 01688,Personal Care,Trending,4.6,Low,88.0,High,20.64,Low,Forecast Accuracy,20.0,0,0.0689,0.4794,0.0,10.071,2.29,1.3645,0.0,4.1667,8.3512,0.0,18.5705,0.9946,213641.7368,2093.689,150555.42,63086.3168,0.0,0.0,0,0.0,Monitor forecast accuracy and review model error drivers
1418,4,P4 - Routine,P01707,CarePlus Skincare 01707,Personal Care,Stable,4.6,Low,76.0,Medium,10.25,Low,Supplier,18.75,0,0.0278,0.1285,0.0,6.8772,4.06,1.3075,0.0,18.75,5.7018,0.0,16.855,0.9951,72085.2672,706.4356,56379.84,15705.4272,0.0,678.55,0,0.0,Monitor supplier performance and lead-time stability
1419,4,P4 - Routine,P00656,Zenith Smartphones 00656,Electronics,Stable,4.58,Low,88.0,High,73.45,High,Forecast Accuracy,20.0,0,0.0678,0.3854,0.0,17.6577,2.22,0.9238,0.0,4.375,8.6,0.0,17.3491,0.9962,1759900.3268,16895.0431,1298627.75,461272.5768,0.0,688.24,0,0.0,Monitor forecast accuracy and review model error drivers
1420,4,P4 - Routine,P00108,PaperWorks Writing 00108,Office Supplies,Trending,4.58,Low,88.0,High,49.46,Medium,Forecast Accuracy,20.0,0,0.0414,0.5044,0.0,10.5899,2.08,0.5888,0.0,4.1667,8.4903,0.0,18.1611,0.9969,879228.9423,8440.5978,432082.62,447146.3223,0.0,0.0,0,0.0,Monitor forecast accuracy and review model error drivers
1421,4,P4 - Routine,P00440,Zenith Audio 00440,Electronics,Stable,4.58,Low,88.0,High,44.83,Medium,Forecast Accuracy,20.0,0,0.0769,0.5,0.0,15.3869,2.03,0.2146,0.0,4.1667,8.928,0.0,18.3285,0.9992,377638.4976,3663.0934,138329.12,239309.3776,0.0,527.0,0,0.0,Monitor forecast accuracy and review model error drivers
1422,4,P4 - Routine,P01128,Arctic Washing Machines 01128,Home Appliances,Stable,4.58,Low,76.0,Medium,25.7,Low,Supplier,14.79,0,0.0829,0.5357,0.0,7.9009,3.84,1.5767,0.0,14.7917,7.6263,0.0,17.0118,0.9925,306171.36,2969.8622,236007.09,70164.27,0.0,0.0,0,0.0,Monitor supplier performance and lead-time stability
1423,4,P4 - Routine,P01176,DermaX Haircare 01176,Personal Care,Stable,4.58,Low,76.0,Medium,5.53,Low,Supplier,16.67,0,0.0642,0.6504,0.0,6.7845,3.4,0.2316,0.0,16.6667,5.5238,0.0,17.4547,0.9991,27868.0798,273.1072,7947.21,19920.8699,0.0,85.0,0,0.0,Monitor supplier performance and lead-time stability
1424,4,P4 - Routine,P00902,NovaTech Smartphones 00902,Electronics,Stable,4.57,Low,88.0,High,64.81,High,Forecast Accuracy,20.0,0,0.0599,0.4577,0.0,17.6103,2.07,0.4067,0.0,4.1667,8.8406,0.0,17.3156,0.9987,948548.8522,9106.069,471719.28,476829.5722,0.0,60.26,0,0.0,Monitor forecast accuracy and review model error drivers
1425,4,P4 - Routine,P00645,Zenith Audio 00645,Electronics,Stable,4.57,Low,88.0,High,28.64,Low,Forecast Accuracy,20.0,0,0.0392,1.0599,0.0,15.7507,1.77,1.2853,0.0,0.8333,8.4267,0.0,17.1883,0.994,296715.87,2878.1439,296715.87,0.0,0.0,284.29,0,0.0,Monitor forecast accuracy and review model error drivers
1426,4,P4 - Routine,P01181,UrbanGear Mobile Accessories 01181,Accessories,Trending,4.56,Low,88.0,High,99.15,Very High,Forecast Accuracy,20.0,0,0.0648,0.077,0.0,12.3618,2.75,2.2532,0.0,4.1667,9.6476,0.0,18.1581,0.9898,14005002.2985,133047.5218,12717569.7,1287432.5985,0.0,38163.74,0,0.0,Monitor forecast accuracy and review model error drivers
1427,4,P4 - Routine,P00860,Apex Laptops 00860,Electronics,Trending,4.56,Low,88.0,High,78.27,High,Forecast Accuracy,20.0,0,0.115,0.2891,0.0,17.4201,2.22,0.3366,0.0,4.1667,9.96,0.0,18.5922,0.9994,1686946.9232,16025.9958,583430.26,1103516.6632,0.0,329.66,0,0.0,Monitor forecast accuracy and review model error drivers
1428,4,P4 - Routine,P01149,UrbanGear Bags 01149,Accessories,Stable,4.56,Low,88.0,High,38.93,Low,Forecast Accuracy,20.0,0,0.0051,0.5988,0.0,10.4254,2.0,1.0426,0.0,4.7917,6.4789,0.0,17.1957,0.9964,450533.1528,4325.1183,329074.68,121458.4728,0.0,78.0,0,0.0,Monitor forecast accuracy and review model error drivers
1429,4,P4 - Routine,P00577,Apex Smartphones 00577,Electronics,Stable,4.56,Low,88.0,High,19.2,Low,Forecast Accuracy,20.0,0,0.0072,0.0357,0.0,18.1863,2.52,0.8107,0.0,6.25,8.9113,0.0,17.1132,0.996,152832.4701,1482.475,114427.68,38404.7901,0.0,140.52,0,0.0,Monitor forecast accuracy and review model error drivers
1430,4,P4 - Routine,P00192,ConnectX Bags 00192,Accessories,Stable,4.56,Low,88.0,High,6.94,Low,Forecast Accuracy,20.0,0,0.0855,0.5661,0.0,10.3201,1.98,0.6904,0.0,5.4167,6.3834,0.0,16.9468,0.9972,46454.8392,450.6119,23856.36,22598.4792,0.0,0.0,0,0.0,Monitor forecast accuracy and review model error drivers
1431,4,P4 - Routine,P01680,DeskMate Desk Accessories 01680,Office Supplies,Trending,4.55,Low,76.0,Medium,68.89,High,Supplier,13.33,0,0.0097,0.6206,0.0,9.9702,3.75,1.6032,0.0,13.3333,8.4323,0.0,16.9841,0.9936,2033845.7426,19321.5346,1518277.11,515568.6326,0.0,0.0,0,0.0,Monitor supplier performance and lead-time stability
1432,4,P4 - Routine,P00200,WriteWell Desk Accessories 00200,Office Supplies,Stable,4.55,Low,76.0,Medium,43.07,Medium,Supplier,16.67,0,0.0187,0.5694,0.0,6.4063,3.49,0.6522,0.0,16.6667,5.3272,0.0,17.2597,0.9976,564379.6482,5418.0446,266628.36,297751.2882,0.0,10110.44,0,0.0,Monitor supplier performance and lead-time stability
1433,4,P4 - Routine,P01550,CarePlus Haircare 01550,Personal Care,Trending,4.55,Low,76.0,Medium,24.91,Low,Supplier,11.04,0,0.0246,1.0252,0.0,9.639,3.6,2.2901,0.0,11.0417,8.3752,0.0,17.6197,0.9894,356887.011,3426.1153,271842.6,85044.411,0.0,2022.53,0,0.0,Monitor supplier performance and lead-time stability
1434,4,P4 - Routine,P01417,Apex Audio 01417,Electronics,Trending,4.55,Low,76.0,Medium,36.78,Low,Forecast Accuracy,20.0,0,0.0572,1.084,0.0,17.4047,1.58,0.1896,0.0,0.0,10.1872,0.0,18.7429,0.9995,121299.84,1164.4785,121299.84,0.0,0.0,66.28,0,0.0,Monitor forecast accuracy and review model error drivers
1435,4,P4 - Routine,P01238,PureLife Haircare 01238,Personal Care,Seasonal,4.55,Low,76.0,Medium,5.47,Low,Forecast Accuracy,20.0,0,0.11,1.0679,0.0,10.6124,1.72,0.7742,0.0,0.0,9.9277,0.0,18.9949,0.9977,22914.0,222.2658,22914.0,0.0,0.0,0.0,0,0.0,Monitor forecast accuracy and review model error drivers
1436,4,P4 - Routine,P01540,Glow Haircare 01540,Personal Care,Seasonal,4.55,Low,88.0,High,1.18,Low,Forecast Accuracy,20.0,0,0.036,0.2409,0.0,11.2678,2.53,1.4592,0.0,4.1667,9.8117,0.0,18.6874,0.995,9572.8764,92.8569,4659.18,4913.6964,0.0,582.16,0,0.0,Monitor forecast accuracy and review model error drivers
1437,4,P4 - Routine,P01894,Apex TVs 01894,Electronics,Trending,4.55,Low,88.0,High,16.34,Low,Forecast Accuracy,20.0,0,0.0386,0.8913,0.0,17.9343,1.71,0.0,0.0,1.25,10.1818,0.0,17.9901,1.0,0.0,0.0,0.0,0.0,0.0,0.0,0,0.0,Monitor forecast accuracy and review model error drivers
1438,4,P4 - Routine,P01538,PaperWorks Writing 01538,Office Supplies,Stable,4.54,Low,76.0,Medium,48.17,Medium,Supplier,12.08,0,0.1034,1.3972,0.0,7.7014,2.81,0.6165,0.0,12.0833,5.3934,0.0,16.4714,0.9979,621869.1273,5907.7567,312771.78,309097.3473,0.0,0.0,0,0.0,Monitor supplier performance and lead-time stability
1439,4,P4 - Routine,P00486,CarryPro Cables 00486,Accessories,Trending,4.53,Low,76.0,Medium,57.19,Medium,Forecast Accuracy,20.0,0,0.0619,1.0172,0.0,11.8019,1.78,1.1537,0.0,0.0,9.5281,0.0,18.2749,0.9953,1039448.4,9874.7598,1039448.4,0.0,0.0,0.0,0,0.0,Monitor forecast accuracy and review model error drivers
1440,4,P4 - Routine,P00221,OfficePro Paper 00221,Office Supplies,Stable,4.53,Low,76.0,Medium,41.55,Medium,Supplier,15.62,0,0.0665,0.7313,0.0,6.9668,3.33,0.5265,0.0,15.625,5.4984,0.0,16.5513,0.9988,444626.8408,4223.955,133105.73,311521.1108,0.0,10412.79,0,0.0,Monitor supplier performance and lead-time stability
1441,4,P4 - Routine,P01800,NovaTech TVs 01800,Electronics,Stable,4.52,Low,88.0,High,65.71,High,Forecast Accuracy,20.0,0,0.0294,0.2891,0.0,15.761,2.37,1.4703,0.0,4.375,8.4643,0.0,16.4015,0.9949,1304872.14,12265.7981,1304872.14,0.0,0.0,230.59,0,0.0,Monitor forecast accuracy and review model error drivers
1442,4,P4 - Routine,P00247,HomePro Air Conditioners 00247,Home Appliances,Stable,4.52,Low,76.0,Medium,30.25,Low,Supplier,12.5,0,0.1289,1.0357,0.0,8.4415,3.17,0.6048,0.0,12.5,7.4388,0.0,17.4557,0.9981,255659.1693,2428.7621,133001.88,122657.2893,0.0,0.0,0,0.0,Monitor supplier performance and lead-time stability
1443,4,P4 - Routine,P00429,ComfortMax Air Conditioners 00429,Home Appliances,Stable,4.52,Low,88.0,High,25.91,Low,Forecast Accuracy,20.0,0,0.1313,0.4643,0.0,10.4369,2.08,0.5399,0.0,4.1667,8.6003,0.0,17.5251,0.9973,206894.8546,1965.5011,137016.46,69878.3946,0.0,125.73,0,0.0,Monitor forecast accuracy and review model error drivers
1444,4,P4 - Routine,P01514,Apex Smartphones 01514,Electronics,Stable,4.52,Low,88.0,High,30.7,Low,Forecast Accuracy,20.0,0,0.2069,0.8571,0.0,15.9949,1.77,0.5631,0.0,1.6667,9.0152,0.0,17.1871,0.9985,162092.4,1539.8778,162092.4,0.0,0.0,259.91,0,0.0,Monitor forecast accuracy and review model error drivers
1445,4,P4 - Routine,P01379,HomePro Air Conditioners 01379,Home Appliances,Volatile,4.51,Low,76.0,Medium,73.91,High,Forecast Accuracy,20.0,0,0.0697,0.2489,0.0,18.0772,2.72,2.0633,0.0,0.0,14.0326,0.0,19.9233,0.989,2492461.8,23429.1409,2492461.8,0.0,0.0,1659.9,0,0.0,Monitor forecast accuracy and review model error drivers
1446,4,P4 - Routine,P00877,PaperWorks Storage 00877,Office Supplies,Trending,4.51,Low,88.0,High,70.11,High,Forecast Accuracy,20.0,0,0.0295,0.1082,0.0,10.4625,2.46,1.2712,0.0,5.2083,8.6597,0.0,17.7555,0.9955,1778811.648,16720.8295,1430690.6,348121.048,0.0,0.0,0,0.0,Monitor forecast accuracy and review model error drivers
1447,4,P4 - Routine,P01369,NovaTech Audio 01369,Electronics,Stable,4.51,Low,88.0,High,72.27,High,Forecast Accuracy,20.0,0,0.004,0.3011,0.0,16.4404,2.15,0.4629,0.0,4.7917,8.6134,0.0,17.2415,0.9981,1615060.4276,15181.568,669871.6,945188.8276,0.0,0.0,0,0.0,Monitor forecast accuracy and review model error drivers
1448,4,P4 - Routine,P00282,HomePro Washing Machines 00282,Home Appliances,Stable,4.51,Low,76.0,Medium,54.85,Medium,Supplier,17.08,0,0.0726,0.1927,0.0,7.6437,3.78,0.3851,0.0,17.0833,7.3477,0.0,17.2399,0.9989,696082.6719,6543.1771,247100.7,448981.9719,0.0,0.0,0,0.0,Monitor supplier performance and lead-time stability
1449,4,P4 - Routine,P01183,PureLife Grooming 01183,Personal Care,Seasonal,4.51,Low,76.0,Medium,0.72,Low,Forecast Accuracy,20.0,0,0.1115,1.084,0.0,10.4081,1.65,0.6259,0.0,0.0,9.724,0.0,18.5014,0.9979,2446.8,23.4893,2446.8,0.0,0.0,841.41,0,0.0,Monitor forecast accuracy and review model error drivers
1450,4,P4 - Routine,P01639,ConnectX Bags 01639,Accessories,Stable,4.5,Low,76.0,Medium,56.07,Medium,Forecast Accuracy,20.0,0,0.156,1.4815,0.0,10.2414,1.19,0.8786,0.0,0.0,6.1913,0.0,17.4045,0.9967,747818.4,7029.493,747818.4,0.0,0.0,0.0,0,0.0,Monitor forecast accuracy and review model error drivers
1451,4,P4 - Routine,P00024,HomePro Washing Machines 00024,Home Appliances,Stable,4.5,Low,88.0,High,20.47,Low,Forecast Accuracy,20.0,0,0.1429,0.5,0.0,10.669,1.92,0.0,0.0,4.1667,8.6611,0.0,17.8139,1.0,117682.9282,1117.9878,0.0,117682.9282,0.0,183.54,0,0.0,Monitor forecast accuracy and review model error drivers
1452,4,P4 - Routine,P00707,EverHome Microwaves 00707,Home Appliances,Seasonal,4.5,Low,88.0,High,18.02,Low,Forecast Accuracy,20.0,0,0.0128,0.7708,0.0,12.5968,1.82,0.0,0.0,0.8333,11.3049,0.0,18.0652,1.0,0.0,0.0,0.0,0.0,0.0,145.01,0,0.0,Monitor forecast accuracy and review model error drivers
1453,4,P4 - Routine,P01019,ConnectX Mobile Accessories 01019,Accessories,Trending,4.49,Low,76.0,Medium,38.57,Low,Forecast Accuracy,20.0,0,0.2258,1.0249,0.0,12.9315,1.66,0.7408,0.0,0.0,9.5835,0.0,18.2293,0.9981,320096.4,3008.9062,320096.4,0.0,0.0,0.0,0,0.0,Monitor forecast accuracy and review model error drivers
1454,4,P4 - Routine,P01440,WriteWell Storage 01440,Office Supplies,Trending,4.49,Low,88.0,High,31.74,Low,Forecast Accuracy,20.0,0,0.0038,0.5196,0.0,11.2525,1.89,0.0,0.0,4.1667,8.4205,0.0,19.2611,1.0,292533.4428,2749.8144,0.0,292533.4428,0.0,0.0,0,0.0,Monitor forecast accuracy and review model error drivers
1455,4,P4 - Routine,P01010,PureLife Oral Care 01010,Personal Care,Trending,4.49,Low,88.0,High,4.92,Low,Forecast Accuracy,20.0,0,0.1074,0.5902,0.0,11.1352,1.89,0.3175,0.0,4.1667,7.8303,0.0,18.2497,0.9996,17326.9088,164.6056,4819.33,12507.5788,0.0,5173.55,0,0.0,Monitor forecast accuracy and review model error drivers
1456,4,P4 - Routine,P01302,ConnectX Mobile Accessories 01302,Accessories,Trending,4.47,Low,88.0,High,81.14,Very High,Forecast Accuracy,20.0,0,0.0985,0.2095,0.0,12.3885,2.25,0.6131,0.0,4.1667,9.6314,0.0,18.1928,0.998,2370433.9572,21807.9924,1168386.3,1202047.6572,0.0,0.0,0,0.0,Monitor forecast accuracy and review model error drivers
1457,4,P4 - Routine,P00334,Zenith Smartphones 00334,Electronics,Trending,4.47,Low,88.0,High,61.13,High,Forecast Accuracy,20.0,0,0.0737,0.1767,0.0,17.2366,2.3,0.6093,0.0,4.1667,9.9381,0.0,19.0002,0.998,1220310.839,11348.8908,439984.82,780326.019,0.0,330.34,0,0.0,Monitor forecast accuracy and review model error drivers
1458,4,P4 - Routine,P01213,Vertex Laptops 01213,Electronics,Stable,4.47,Low,88.0,High,63.19,High,Forecast Accuracy,20.0,0,0.126,0.4577,0.0,15.4297,1.89,0.0,0.0,4.1667,8.4305,0.0,17.6077,1.0,887390.975,8252.7361,0.0,887390.975,0.0,485.71,0,0.0,Monitor forecast accuracy and review model error drivers
1459,4,P4 - Routine,P01869,Apex Laptops 01869,Electronics,Stable,4.47,Low,88.0,High,44.64,Medium,Forecast Accuracy,20.0,0,0.0312,0.1445,0.0,16.2298,2.2,0.1772,0.0,5.8333,8.4786,0.0,16.9286,0.9996,343193.28,3191.6975,79168.0,264025.28,0.0,1092.93,0,0.0,Monitor forecast accuracy and review model error drivers
1460,4,P4 - Routine,P00018,DermaX Skincare 00018,Personal Care,Trending,4.47,Low,88.0,High,14.55,Low,Forecast Accuracy,20.0,0,0.0551,0.389,0.0,12.8518,2.17,0.9639,0.0,4.375,8.1658,0.0,18.1007,0.9958,121414.4036,1141.2954,78877.05,42537.3536,0.0,0.0,0,0.0,Monitor forecast accuracy and review model error drivers
1461,4,P4 - Routine,P00668,Apex Laptops 00668,Electronics,Stable,4.46,Low,88.0,High,78.99,High,Forecast Accuracy,20.0,0,0.0484,0.0361,0.0,15.7574,2.53,1.5847,0.0,5.4167,8.291,0.0,17.0772,0.9937,2517283.3644,23159.007,2073144.78,444138.5844,0.0,422.41,0,0.0,Monitor forecast accuracy and review model error drivers
1462,4,P4 - Routine,P01881,OfficePro Paper 01881,Office Supplies,Stable,4.46,Low,76.0,Medium,44.48,Medium,Supplier,17.71,0,0.0113,0.3011,0.0,7.2148,3.59,0.3451,0.0,17.7083,5.5218,0.0,17.0323,0.9993,426353.6556,3965.089,110649.6,315704.0556,0.0,3421.23,0,0.0,Monitor supplier performance and lead-time stability
1463,4,P4 - Routine,P00019,EverHome Refrigerators 00019,Home Appliances,Seasonal,4.44,Low,88.0,High,76.01,High,Forecast Accuracy,20.0,0,0.0453,0.265,0.0,11.2807,2.65,2.6652,0.0,1.4583,10.8839,0.0,17.8504,0.9884,2790036.0,25389.3276,2790036.0,0.0,0.0,1.0,0,0.0,Monitor forecast accuracy and review model error drivers
1464,4,P4 - Routine,P01482,Zenith Smartphones 01482,Electronics,Trending,4.44,Low,88.0,High,38.52,Low,Forecast Accuracy,20.0,0,0.0141,0.0482,0.0,17.3443,2.45,0.7248,0.0,4.375,10.4792,0.0,18.4097,0.9969,440927.3276,4056.5314,320992.76,119934.5676,0.0,193.48,0,0.0,Monitor forecast accuracy and review model error drivers
1465,4,P4 - Routine,P00520,Apex Laptops 00520,Electronics,Seasonal,4.43,Low,88.0,High,54.28,Medium,Forecast Accuracy,20.0,0,0.0294,0.1927,0.0,18.3092,2.7,2.4356,0.0,1.4583,11.6602,0.0,17.9873,0.9893,1203500.76,11072.207,1203500.76,0.0,0.0,0.0,0,0.0,Monitor forecast accuracy and review model error drivers
1466,4,P4 - Routine,P01375,Vertex Laptops 01375,Electronics,Stable,4.42,Low,88.0,High,34.44,Low,Forecast Accuracy,20.0,0,0.0687,0.3214,0.0,17.2735,2.12,0.5758,0.0,4.1667,8.8289,0.0,17.5328,0.9984,347650.595,3198.3855,132860.1,214790.495,0.0,29.29,0,0.0,Monitor forecast accuracy and review model error drivers
1467,4,P4 - Routine,P01543,PureLife Haircare 01543,Personal Care,Stable,4.42,Low,76.0,Medium,22.21,Low,Supplier,10.0,0,0.1267,1.6156,0.0,7.0397,2.61,0.7975,0.0,10.0,5.7964,0.0,16.8964,0.9975,170157.5688,1565.4496,93878.73,76278.8388,0.0,1935.97,0,0.0,Monitor supplier performance and lead-time stability
1468,4,P4 - Routine,P00446,ConnectX Bags 00446,Accessories,Trending,4.41,Low,88.0,High,77.28,High,Forecast Accuracy,20.0,0,0.0976,0.0347,0.0,13.8731,2.51,1.3725,0.0,4.1667,9.8061,0.0,18.3957,0.9945,2682278.179,24140.5036,1949291.26,732986.919,0.0,263.61,0,0.0,Monitor forecast accuracy and review model error drivers
1469,4,P4 - Routine,P01055,ConnectX Bags 01055,Accessories,Trending,4.41,Low,88.0,High,42.84,Medium,Forecast Accuracy,20.0,0,0.0515,0.15,0.0,13.4541,2.27,0.4771,0.0,4.1667,9.9877,0.0,18.2358,0.998,570470.8428,5191.2847,283698.72,286772.1228,0.0,19947.59,0,0.0,Monitor forecast accuracy and review model error drivers
1470,4,P4 - Routine,P01236,HomePro Refrigerators 01236,Home Appliances,Seasonal,4.4,Low,88.0,High,96.62,Very High,Forecast Accuracy,20.0,0,0.0727,0.012,0.0,11.9852,2.77,2.4747,0.0,2.5,11.0388,0.0,17.7445,0.989,8262625.14,73537.3637,8262625.14,0.0,0.0,2543.01,0,0.0,Monitor forecast accuracy and review model error drivers
1471,4,P4 - Routine,P01959,DermaX Haircare 01959,Personal Care,Trending,4.4,Low,88.0,High,21.3,Low,Forecast Accuracy,20.0,0,0.0371,0.086,0.0,10.952,2.51,1.6759,0.0,4.7917,8.5912,0.0,17.9836,0.9928,234438.4464,2156.8337,203356.62,31081.8264,0.0,0.0,0,0.0,Monitor forecast accuracy and review model error drivers
1472,4,P4 - Routine,P00539,DermaX Oral Care 00539,Personal Care,Trending,4.4,Low,88.0,High,8.08,Low,Forecast Accuracy,20.0,0,0.116,0.4135,0.0,12.3372,2.05,0.7439,0.0,4.1667,7.9848,0.0,18.2703,0.9967,52875.1292,486.4512,39368.9,13506.2292,0.0,0.0,0,0.0,Monitor forecast accuracy and review model error drivers
1473,4,P4 - Routine,P00462,Glow Skincare 00462,Personal Care,Seasonal,4.4,Low,88.0,High,7.57,Low,Forecast Accuracy,20.0,0,0.0623,0.2581,0.0,11.4832,2.14,0.2895,0.0,4.1667,9.5138,0.0,18.3981,0.9985,35320.3521,324.9472,19072.2,16248.1521,0.0,0.0,0,0.0,Monitor forecast accuracy and review model error drivers
1474,4,P4 - Routine,P00128,CarryPro Cables 00128,Accessories,Stable,4.39,Low,88.0,High,70.4,High,Forecast Accuracy,20.0,0,0.0195,0.4749,0.0,10.9578,1.85,0.5594,0.0,4.7917,6.4297,0.0,17.1037,0.9985,1209888.3165,10888.9948,639421.05,570467.2665,0.0,0.0,0,0.0,Monitor forecast accuracy and review model error drivers
1475,4,P4 - Routine,P01518,TechMate Chargers 01518,Accessories,Stable,4.39,Low,88.0,High,53.81,Medium,Forecast Accuracy,20.0,0,0.0692,0.3235,0.0,10.3143,2.06,0.953,0.0,5.4167,6.4221,0.0,17.0887,0.9959,977105.5416,8793.9499,591971.34,385134.2016,0.0,0.0,0,0.0,Monitor forecast accuracy and review model error drivers
1476,4,P4 - Routine,P01134,Vertex Laptops 01134,Electronics,Trending,4.38,Low,88.0,High,53.77,Medium,Forecast Accuracy,20.0,0,0.1106,0.3011,0.0,17.5021,2.24,1.1416,0.0,2.7083,9.9556,0.0,17.6764,0.9954,861764.9,7755.8841,861764.9,0.0,0.0,169.86,0,0.0,Monitor forecast accuracy and review model error drivers
1477,4,P4 - Routine,P01364,CarePlus Haircare 01364,Personal Care,Stable,4.38,Low,76.0,Medium,26.48,Low,Supplier,15.0,0,0.0433,0.6416,0.0,6.3303,3.39,0.9645,0.0,15.0,5.6699,0.0,16.718,0.9972,239299.0995,2177.6218,132773.13,106525.9695,0.0,0.0,0,0.0,Monitor supplier performance and lead-time stability
1478,4,P4 - Routine,P00980,Glow Grooming 00980,Personal Care,Stable,4.37,Low,76.0,Medium,3.8,Low,Supplier,10.21,0,0.1061,1.4935,0.0,6.591,2.81,1.44,0.0,10.2083,5.6247,0.0,16.9085,0.9938,27784.3532,252.8376,20916.15,6868.2032,0.0,0.0,0,0.0,Monitor supplier performance and lead-time stability
1479,4,P4 - Routine,P01595,PaperWorks Writing 01595,Office Supplies,Trending,4.36,Low,88.0,High,76.4,High,Forecast Accuracy,20.0,0,0.0342,0.2181,0.0,10.2782,2.19,0.9391,0.0,4.1667,8.5264,0.0,18.3168,0.9961,2464440.8679,21933.5237,1339840.26,1124600.6079,0.0,0.0,0,0.0,Monitor forecast accuracy and review model error drivers
1480,4,P4 - Routine,P01386,HomePro Refrigerators 01386,Home Appliances,Stable,4.35,Low,76.0,Medium,27.58,Low,Supplier,15.21,0,0.0481,0.3214,0.0,9.9315,3.71,1.0226,0.0,15.2083,7.4961,0.0,16.801,0.9953,299311.6315,2693.8047,203210.16,96101.4715,0.0,0.0,0,0.0,Monitor supplier performance and lead-time stability
1481,4,P4 - Routine,P01710,DeskMate Desk Accessories 01710,Office Supplies,Trending,4.35,Low,88.0,High,7.18,Low,Forecast Accuracy,20.0,0,0.0529,0.3312,0.0,10.772,2.03,0.4736,0.0,4.1667,8.4496,0.0,18.8752,0.998,37984.9848,341.8649,24415.48,13569.5048,0.0,0.0,0,0.0,Monitor forecast accuracy and review model error drivers
1482,4,P4 - Routine,P00394,PaperWorks Writing 00394,Office Supplies,Trending,4.34,Low,88.0,High,37.14,Low,Forecast Accuracy,20.0,0,0.1503,0.8569,0.0,11.7306,1.76,1.2562,0.0,0.4167,8.771,0.0,18.0654,0.9943,484822.28,4314.9183,484822.28,0.0,0.0,0.0,0,0.0,Monitor forecast accuracy and review model error drivers
1483,4,P4 - Routine,P01880,CarePlus Haircare 01880,Personal Care,Stable,4.34,Low,76.0,Medium,14.42,Low,Supplier,12.5,0,0.0326,1.1081,0.0,7.0263,2.95,0.7212,0.0,12.5,5.7376,0.0,17.4507,0.9969,97564.5008,878.0805,61689.81,35874.6908,0.0,0.0,0,0.0,Monitor supplier performance and lead-time stability
1484,4,P4 - Routine,P01971,NovaTech Smartphones 01971,Electronics,Stable,4.33,Low,88.0,High,70.88,High,Forecast Accuracy,20.0,0,0.0853,0.1204,0.0,17.2308,2.34,1.3854,0.0,4.1667,8.6489,0.0,17.5105,0.993,1940154.8582,17073.3628,1627717.63,312437.2282,0.0,32.29,0,0.0,Monitor forecast accuracy and review model error drivers
1485,4,P4 - Routine,P01319,NovaTech Smartphones 01319,Electronics,Seasonal,4.33,Low,88.0,High,62.93,High,Forecast Accuracy,20.0,0,0.0961,0.3132,0.0,19.0423,2.47,2.1565,0.0,0.2083,11.93,0.0,18.2077,0.988,1768552.24,15563.2597,1768552.24,0.0,0.0,134.86,0,0.0,Monitor forecast accuracy and review model error drivers
1486,4,P4 - Routine,P00974,Apex Audio 00974,Electronics,Stable,4.33,Low,88.0,High,60.11,High,Forecast Accuracy,20.0,0,0.0566,0.2409,0.0,17.4189,2.1,0.6701,0.0,4.1667,8.504,0.0,17.4203,0.9974,1081422.0912,9624.6566,533291.34,548130.7512,0.0,386.39,0,0.0,Monitor forecast accuracy and review model error drivers
1487,4,P4 - Routine,P01701,TechMate Mobile Accessories 01701,Accessories,Stable,4.33,Low,88.0,High,68.35,High,Forecast Accuracy,20.0,0,0.0242,0.6049,0.0,10.6399,1.62,0.1742,0.0,4.1667,6.2796,0.0,17.5035,0.9996,954946.2499,8403.527,210700.66,744245.5899,0.0,2153.09,0,0.0,Monitor forecast accuracy and review model error drivers
1488,4,P4 - Routine,P01253,NovaTech Smartphones 01253,Electronics,Seasonal,4.33,Low,76.0,Medium,63.1,High,Forecast Accuracy,20.0,0,0.1496,0.554,0.0,18.9504,1.98,0.6741,0.0,0.0,11.8243,0.0,18.5999,0.9974,867125.74,7630.7065,867125.74,0.0,0.0,1405.52,0,0.0,Monitor forecast accuracy and review model error drivers
1489,4,P4 - Routine,P01726,Apex Audio 01726,Electronics,Stable,4.33,Low,76.0,Medium,44.01,Medium,Forecast Accuracy,20.0,0,0.1748,0.8929,0.0,16.4686,1.77,1.5524,0.0,0.0,8.7019,0.0,17.5388,0.9927,685819.2,6103.7909,685819.2,0.0,0.0,122.21,0,0.0,Monitor forecast accuracy and review model error drivers
1490,4,P4 - Routine,P00562,NovaTech Laptops 00562,Electronics,Stable,4.33,Low,88.0,High,39.05,Low,Forecast Accuracy,20.0,0,0.0769,0.2409,0.0,17.5869,2.1,0.5257,0.0,4.1667,8.7725,0.0,17.6191,0.9975,463144.836,4121.989,224102.34,239042.496,0.0,0.0,0,0.0,Monitor forecast accuracy and review model error drivers
1491,4,P4 - Routine,P01711,NovaTech Laptops 01711,Electronics,Stable,4.32,Low,88.0,High,63.04,High,Forecast Accuracy,20.0,0,0.0065,0.3854,0.0,15.1094,2.21,1.8733,0.0,2.5,8.5061,0.0,16.9041,0.9922,1472574.24,12958.6533,1472574.24,0.0,0.0,366.2,0,0.0,Monitor forecast accuracy and review model error drivers
1492,4,P4 - Routine,P01360,CarePlus Skincare 01360,Personal Care,Trending,4.31,Low,76.0,Medium,2.46,Low,Forecast Accuracy,20.0,0,0.1502,1.1126,0.0,11.4229,1.3,0.0,0.0,0.0,8.6547,0.0,18.1688,1.0,0.0,0.0,0.0,0.0,0.0,5433.69,0,0.0,Monitor forecast accuracy and review model error drivers
1493,4,P4 - Routine,P01822,Apex Audio 01822,Electronics,Stable,4.29,Low,88.0,High,75.68,High,Forecast Accuracy,20.0,0,0.0745,0.7949,0.0,15.671,1.64,0.8633,0.0,0.8333,8.3996,0.0,17.2048,0.9968,1659976.89,14441.7989,1659976.89,0.0,0.0,40.77,0,0.0,Monitor forecast accuracy and review model error drivers
1494,4,P4 - Routine,P01091,CarryPro Bags 01091,Accessories,Trending,4.29,Low,88.0,High,16.03,Low,Forecast Accuracy,20.0,0,0.0591,0.0723,0.0,12.1349,2.31,0.8031,0.0,4.1667,9.6477,0.0,18.5486,0.9961,139561.5312,1242.0976,91316.16,48245.3712,0.0,0.0,0,0.0,Monitor forecast accuracy and review model error drivers
1495,4,P4 - Routine,P00937,NovaTech Smartphones 00937,Electronics,Trending,4.28,Low,88.0,High,82.04,Very High,Forecast Accuracy,20.0,0,0.12,0.4938,0.0,18.0318,1.94,0.9181,0.0,1.25,9.8601,0.0,17.9918,0.9963,2309066.65,19857.9732,2309066.65,0.0,0.0,0.0,0,0.0,Monitor forecast accuracy and review model error drivers
1496,4,P4 - Routine,P01169,Vertex Laptops 01169,Electronics,Stable,4.28,Low,88.0,High,70.4,High,Forecast Accuracy,20.0,0,0.0419,0.1429,0.0,16.626,2.19,0.9518,0.0,4.1667,8.5431,0.0,17.458,0.996,1783820.9552,15519.2423,1070117.86,713703.0952,0.0,0.0,0,0.0,Monitor forecast accuracy and review model error drivers
1497,4,P4 - Routine,P01039,Zenith TVs 01039,Electronics,Stable,4.28,Low,76.0,Medium,54.94,Medium,Forecast Accuracy,20.0,0,0.019,0.9876,0.0,14.9131,1.5,0.8943,0.0,0.0,8.2217,0.0,17.5633,0.9965,729917.1,6350.2788,729917.1,0.0,0.0,0.0,0,0.0,Monitor forecast accuracy and review model error drivers
1498,4,P4 - Routine,P01581,NovaTech Audio 01581,Electronics,Stable,4.28,Low,88.0,High,21.29,Low,Forecast Accuracy,20.0,0,0.0795,0.1204,0.0,16.3042,2.23,0.8839,0.0,4.5833,8.4859,0.0,17.2467,0.9966,163733.26,1440.8527,117166.92,46566.34,0.0,0.0,0,0.0,Monitor forecast accuracy and review model error drivers
1499,4,P4 - Routine,P00893,UrbanGear Mobile Accessories 00893,Accessories,Stable,4.27,Low,76.0,Medium,88.1,Very High,Supplier,15.62,0,0.003,0.2677,0.0,9.9971,3.61,1.1093,0.0,15.625,6.1938,0.0,16.6939,0.9958,3773629.202,32453.2111,2323304.85,1450324.352,0.0,35.0,0,0.0,Monitor supplier performance and lead-time stability
1500,4,P4 - Routine,P00905,ComfortMax Air Conditioners 00905,Home Appliances,Stable,4.27,Low,76.0,Medium,83.37,Very High,Supplier,8.33,0,0.0972,1.4935,0.0,7.8615,2.65,0.9529,0.0,8.3333,7.4268,0.0,17.8028,0.996,2814442.154,24204.2025,1878120.72,936321.434,0.0,199.83,0,0.0,Monitor supplier performance and lead-time stability
1501,4,P4 - Routine,P00819,Apex Smartphones 00819,Electronics,Trending,4.27,Low,88.0,High,82.12,Very High,Forecast Accuracy,20.0,0,0.1681,0.6504,0.0,17.7306,1.82,0.9067,0.0,0.2083,10.096,0.0,18.2785,0.9964,2302791.66,19804.0083,2302791.66,0.0,0.0,0.0,0,0.0,Monitor forecast accuracy and review model error drivers
1502,4,P4 - Routine,P01670,CarryPro Cables 01670,Accessories,Trending,4.27,Low,76.0,Medium,60.77,High,Forecast Accuracy,20.0,0,0.0677,0.7736,0.0,11.3069,1.75,1.0733,0.0,0.0,9.4983,0.0,18.5141,0.9961,1072540.64,9331.1036,1072540.64,0.0,0.0,158.0,0,0.0,Monitor forecast accuracy and review model error drivers
1503,4,P4 - Routine,P01516,NovaTech TVs 01516,Electronics,Trending,4.27,Low,88.0,High,35.31,Low,Forecast Accuracy,20.0,0,0.1037,0.0723,0.0,19.2184,2.21,0.4963,0.0,4.1667,9.5802,0.0,18.2254,0.9978,383359.3986,3335.2268,184241.79,199117.6086,0.0,0.0,0,0.0,Monitor forecast accuracy and review model error drivers
1504,4,P4 - Routine,P00511,DermaX Skincare 00511,Personal Care,Trending,4.27,Low,88.0,High,5.4,Low,Forecast Accuracy,20.0,0,0.0943,0.9991,0.0,10.5421,1.34,0.0,0.0,0.625,8.3407,0.0,17.839,1.0,0.0,0.0,0.0,0.0,0.0,10.15,0,0.0,Monitor forecast accuracy and review model error drivers
1505,4,P4 - Routine,P00168,Zenith Audio 00168,Electronics,Stable,4.24,Low,76.0,Medium,71.3,High,Forecast Accuracy,20.0,0,0.0938,0.8672,0.0,16.6696,1.6,1.0683,0.0,0.0,8.545,0.0,17.8567,0.9948,1655399.2,14070.8932,1655399.2,0.0,0.0,0.0,0,0.0,Monitor forecast accuracy and review model error drivers
1506,4,P4 - Routine,P01907,CarryPro Cables 01907,Accessories,Trending,4.24,Low,88.0,High,72.6,High,Forecast Accuracy,20.0,0,0.1128,0.6143,0.0,12.6374,1.78,0.7483,0.0,0.8333,9.5633,0.0,17.9273,0.9966,1596878.4,13573.4664,1596878.4,0.0,0.0,4235.59,0,0.0,Monitor forecast accuracy and review model error drivers
1507,4,P4 - Routine,P00558,Vertex Laptops 00558,Electronics,Trending,4.24,Low,88.0,High,63.56,High,Forecast Accuracy,20.0,0,0.0219,0.5059,0.0,18.2387,1.87,0.5409,0.0,1.0417,10.3404,0.0,18.0936,0.9987,724612.48,6231.6673,724612.48,0.0,0.0,0.0,0,0.0,Monitor forecast accuracy and review model error drivers
1508,4,P4 - Routine,P01146,UrbanGear Cables 01146,Accessories,Stable,4.23,Low,88.0,High,89.25,Very High,Forecast Accuracy,20.0,0,0.0302,0.1826,0.0,10.0305,2.14,1.6071,0.0,4.7917,6.2902,0.0,17.1684,0.9935,4225328.544,35915.2926,3508327.95,717000.594,0.0,0.0,0,0.0,Monitor forecast accuracy and review model error drivers
1509,4,P4 - Routine,P01743,PaperWorks Desk Accessories 01743,Office Supplies,Trending,4.23,Low,88.0,High,28.92,Low,Forecast Accuracy,20.0,0,0.0634,0.2436,0.0,10.7656,1.92,0.0,0.0,4.1667,8.6019,0.0,18.4501,1.0,136305.048,1172.2234,0.0,136305.048,0.0,0.0,0,0.0,Monitor forecast accuracy and review model error drivers
1510,4,P4 - Routine,P00074,UrbanGear Bags 00074,Accessories,Trending,4.22,Low,88.0,High,94.02,Very High,Forecast Accuracy,20.0,0,0.0829,0.0107,0.0,12.8165,2.18,0.5743,0.0,4.1667,9.213,0.0,18.5627,0.997,5494917.3372,46157.3056,3216223.2,2278694.1372,0.0,0.0,0,0.0,Monitor forecast accuracy and review model error drivers
1511,4,P4 - Routine,P00156,NovaTech Audio 00156,Electronics,Stable,4.21,Low,88.0,High,57.62,Medium,Forecast Accuracy,20.0,0,0.006,0.6263,0.0,15.596,1.81,1.2108,0.0,1.0417,8.6191,0.0,17.2139,0.9947,999066.39,8492.0643,999066.39,0.0,0.0,0.0,0,0.0,Monitor forecast accuracy and review model error drivers
1512,4,P4 - Routine,P01381,Zenith Smartphones 01381,Electronics,Stable,4.2,Low,88.0,High,33.37,Low,Forecast Accuracy,20.0,0,0.0072,0.0357,0.0,15.9602,2.28,1.1155,0.0,4.1667,8.7822,0.0,17.5911,0.9943,428278.9434,3640.371,291346.22,136932.7234,0.0,19.05,0,0.0,Monitor forecast accuracy and review model error drivers
1513,4,P4 - Routine,P01221,TechMate Chargers 01221,Accessories,Stable,4.2,Low,76.0,Medium,39.02,Low,Supplier,16.46,0,0.0165,0.106,0.0,9.348,3.7,0.9708,0.0,16.4583,6.2414,0.0,16.4882,0.9971,424044.3755,3604.3772,290379.2,133665.1755,0.0,0.0,0,0.0,Monitor supplier performance and lead-time stability
1514,4,P4 - Routine,P01155,Glow Skincare 01155,Personal Care,Trending,4.2,Low,88.0,High,10.65,Low,Forecast Accuracy,20.0,0,0.0812,0.2356,0.0,11.1192,1.93,0.1752,0.0,4.1667,8.3526,0.0,18.0651,0.9996,57711.7296,496.3209,8519.13,49192.5996,0.0,0.0,0,0.0,Monitor forecast accuracy and review model error drivers
1515,4,P4 - Routine,P01675,WriteWell Storage 01675,Office Supplies,Trending,4.18,Low,76.0,Medium,15.86,Low,Forecast Accuracy,20.0,0,0.1197,0.9327,0.0,12.4233,1.37,0.1829,0.0,0.0,8.7973,0.0,18.2626,0.9995,30601.71,260.1145,30601.71,0.0,0.0,10188.87,0,0.0,Monitor forecast accuracy and review model error drivers
1516,4,P4 - Routine,P01759,Vertex Smartphones 01759,Electronics,Seasonal,4.17,Low,88.0,High,60.14,High,Forecast Accuracy,20.0,0,0.139,0.3132,0.0,18.8788,2.15,1.2606,0.0,0.2083,11.6344,0.0,18.2481,0.9929,1229963.74,10331.6954,1229963.74,0.0,0.0,603.28,0,0.0,Monitor forecast accuracy and review model error drivers
1517,4,P4 - Routine,P01313,CarePlus Skincare 01313,Personal Care,Stable,4.17,Low,76.0,Medium,8.25,Low,Supplier,12.5,0,0.0624,1.0358,0.0,6.2846,2.72,0.0,0.0,12.5,5.6611,0.0,17.2952,1.0,33487.4263,284.6431,0.0,33487.4263,0.0,0.0,0,0.0,Monitor supplier performance and lead-time stability
1518,4,P4 - Routine,P01410,UrbanGear Cables 01410,Accessories,Stable,4.16,Low,76.0,Medium,71.64,High,Supplier,16.67,0,0.0499,0.1095,0.0,9.4986,3.44,0.0,0.0,16.6667,6.2753,0.0,17.8271,1.0,1222854.4076,10149.6916,0.0,1222854.4076,0.0,0.0,0,0.0,Monitor supplier performance and lead-time stability
1519,4,P4 - Routine,P00748,PureLife Grooming 00748,Personal Care,Trending,4.16,Low,88.0,High,35.35,Low,Forecast Accuracy,20.0,0,0.0766,0.7001,0.0,11.1387,1.86,1.932,0.0,0.2083,8.3308,0.0,17.9787,0.9903,559399.1,4698.9524,559399.1,0.0,0.0,0.0,0,0.0,Monitor forecast accuracy and review model error drivers
1520,4,P4 - Routine,P00889,Zenith TVs 00889,Electronics,Stable,4.16,Low,76.0,Medium,13.3,Low,Forecast Accuracy,20.0,0,0.1951,0.7708,0.0,18.0835,1.65,0.9418,0.0,0.0,9.0914,0.0,17.537,0.9974,65655.72,558.0736,65655.72,0.0,0.0,441.75,0,0.0,Monitor forecast accuracy and review model error drivers
1521,4,P4 - Routine,P01398,Apex Audio 01398,Electronics,Trending,4.15,Low,76.0,Medium,55.04,Medium,Forecast Accuracy,20.0,0,0.0359,0.6359,0.0,17.4731,1.68,0.4981,0.0,0.0,10.1805,0.0,18.5765,0.9978,647698.32,5375.8961,647698.32,0.0,0.0,0.0,0,0.0,Monitor forecast accuracy and review model error drivers
1522,4,P4 - Routine,P00167,Arctic Microwaves 00167,Home Appliances,Volatile,4.14,Low,88.0,High,47.73,Medium,Forecast Accuracy,20.0,0,0.0743,0.0788,0.0,19.3354,2.27,0.9484,0.0,1.4583,11.788,0.0,19.2504,0.996,603556.6,5009.5198,603556.6,0.0,0.0,0.0,0,0.0,Monitor forecast accuracy and review model error drivers
1523,4,P4 - Routine,P01789,Zenith TVs 01789,Electronics,Seasonal,4.14,Low,88.0,High,27.74,Low,Forecast Accuracy,20.0,0,0.0701,0.1445,0.0,18.1566,2.45,2.0463,0.0,0.625,11.6272,0.0,18.1066,0.9905,339140.56,2848.7807,339140.56,0.0,0.0,839.01,0,0.0,Monitor forecast accuracy and review model error drivers
1524,4,P4 - Routine,P00140,UrbanGear Mobile Accessories 00140,Accessories,Stable,4.13,Low,76.0,Medium,34.68,Low,Supplier,11.04,0,0.0926,0.9033,0.0,9.8737,3.22,2.0656,0.0,11.0417,6.261,0.0,16.7262,0.9917,525698.0186,4363.2936,399183.28,126514.7386,0.0,2242.36,0,0.0,Monitor supplier performance and lead-time stability
1525,4,P4 - Routine,P01812,WriteWell Paper 01812,Office Supplies,Trending,4.13,Low,88.0,High,30.44,Low,Forecast Accuracy,20.0,0,0.0298,0.0336,0.0,13.3518,2.1,0.427,0.0,4.1667,8.9511,0.0,18.5433,0.9985,327760.6329,2720.4133,105209.82,222550.8129,0.0,18548.58,0,0.0,Monitor forecast accuracy and review model error drivers
1526,4,P4 - Routine,P01356,CarryPro Bags 01356,Accessories,Trending,4.13,Low,76.0,Medium,19.25,Low,Forecast Accuracy,20.0,0,0.0183,0.7601,0.0,14.0139,1.54,0.4072,0.0,0.0,9.4216,0.0,18.5926,0.9987,83492.16,692.9849,83492.16,0.0,0.0,2860.75,0,0.0,Monitor forecast accuracy and review model error drivers
1527,4,P4 - Routine,P01721,Zenith Laptops 01721,Electronics,Stable,4.12,Low,76.0,Medium,58.93,Medium,Forecast Accuracy,20.0,0,0.0745,0.7949,0.0,16.338,1.49,0.6492,0.0,0.0,8.6319,0.0,18.1112,0.9976,720194.4,5905.5941,720194.4,0.0,0.0,0.0,0,0.0,Monitor forecast accuracy and review model error drivers
1528,4,P4 - Routine,P00002,UrbanGear Cables 00002,Accessories,Stable,4.11,Low,76.0,Medium,34.77,Low,Forecast Accuracy,20.0,0,0.1107,1.1643,0.0,10.1547,1.03,0.2769,0.0,0.0,6.3382,0.0,17.3221,0.9986,190383.56,1561.1452,190383.56,0.0,0.0,2107.5,0,0.0,Monitor forecast accuracy and review model error drivers
1529,4,P4 - Routine,P00378,Zenith Audio 00378,Electronics,Seasonal,4.11,Low,76.0,Medium,25.31,Low,Forecast Accuracy,20.0,0,0.0419,0.3214,0.0,18.4224,2.1,1.046,0.0,0.0,11.8791,0.0,18.3432,0.9964,186674.9,1549.4017,186674.9,0.0,0.0,508.43,0,0.0,Monitor forecast accuracy and review model error drivers
1530,4,P4 - Routine,P01278,TechMate Mobile Accessories 01278,Accessories,Stable,4.1,Low,88.0,High,89.43,Very High,Forecast Accuracy,20.0,0,0.0331,0.2015,0.0,10.1371,1.87,0.8043,0.0,4.5833,6.2727,0.0,17.2433,0.9974,3631479.4672,29414.9837,1793224.8,1838254.6672,0.0,0.0,0,0.0,Monitor forecast accuracy and review model error drivers
1531,4,P4 - Routine,P01638,Vertex Audio 01638,Electronics,Stable,4.1,Low,88.0,High,25.79,Low,Forecast Accuracy,20.0,0,0.0101,0.0482,0.0,16.3083,2.06,0.4377,0.0,4.1667,8.6855,0.0,17.4782,0.9984,177325.233,1454.0669,97610.22,79715.013,0.0,415.56,0,0.0,Monitor forecast accuracy and review model error drivers
1532,4,P4 - Routine,P00076,PaperWorks Paper 00076,Office Supplies,Trending,4.09,Low,76.0,Medium,73.61,High,Supplier,10.83,0,0.1041,0.6245,0.0,9.7336,3.35,1.4105,0.0,10.8333,8.6973,0.0,17.6523,0.9941,2250607.6557,18229.922,1760384.88,490222.7757,0.0,0.0,0,0.0,Monitor supplier performance and lead-time stability
1533,4,P4 - Routine,P01241,UrbanGear Mobile Accessories 01241,Accessories,Trending,4.09,Low,76.0,Medium,51.37,Medium,Forecast Accuracy,20.0,0,0.0204,0.6364,0.0,11.7922,1.7,0.9683,0.0,0.0,9.3674,0.0,18.2075,0.9958,792846.0,6501.3372,792846.0,0.0,0.0,14699.26,0,0.0,Monitor forecast accuracy and review model error drivers
1534,4,P4 - Routine,P01118,UrbanGear Bags 01118,Accessories,Trending,4.09,Low,76.0,Medium,39.24,Low,Forecast Accuracy,20.0,0,0.0087,0.7227,0.0,12.6712,1.5,0.2929,0.0,0.0,9.441,0.0,18.653,0.9984,295428.76,2422.5158,295428.76,0.0,0.0,0.0,0,0.0,Monitor forecast accuracy and review model error drivers
1535,4,P4 - Routine,P00483,Glow Haircare 00483,Personal Care,Trending,4.09,Low,88.0,High,10.29,Low,Forecast Accuracy,20.0,0,0.0228,0.2066,0.0,10.4967,1.82,0.0,0.0,4.1667,7.9441,0.0,18.5944,1.0,31891.3812,261.5093,0.0,31891.3812,0.0,0.0,0,0.0,Monitor forecast accuracy and review model error drivers
1536,4,P4 - Routine,P00182,Apex Smartphones 00182,Electronics,Trending,4.09,Low,76.0,Medium,32.1,Low,Forecast Accuracy,20.0,0,0.0028,0.6504,0.0,18.2775,1.54,0.0,0.0,0.0,10.2443,0.0,18.4651,1.0,0.0,0.0,0.0,0.0,0.0,643.55,0,0.0,Monitor forecast accuracy and review model error drivers
1537,4,P4 - Routine,P00372,NovaTech Audio 00372,Electronics,Trending,4.08,Low,88.0,High,78.85,High,Forecast Accuracy,20.0,0,0.0151,0.0642,0.0,17.6735,2.14,0.8758,0.0,2.5,10.0308,0.0,17.7638,0.9967,1936247.82,15683.6073,1936247.82,0.0,0.0,123.25,0,0.0,Monitor forecast accuracy and review model error drivers
1538,4,P4 - Routine,P00401,Apex Laptops 00401,Electronics,Trending,4.07,Low,88.0,High,77.93,High,Forecast Accuracy,20.0,0,0.0206,0.1807,0.0,16.972,2.06,0.989,0.0,1.6667,10.1001,0.0,17.7562,0.9956,2039927.24,16319.4179,2039927.24,0.0,0.0,760.4,0,0.0,Monitor forecast accuracy and review model error drivers
1539,4,P4 - Routine,P01949,ComfortMax Washing Machines 01949,Home Appliances,Stable,4.07,Low,76.0,Medium,52.41,Medium,Demand Anomaly,8.6,0,0.164,1.7103,0.0,7.5584,2.18,0.1454,0.0,6.6667,7.5483,0.0,16.8424,0.9999,600829.545,4866.7193,18151.95,582677.595,0.0,0.0,0,0.0,Investigate demand anomaly and increase short-term demand monitoring
1540,4,P4 - Routine,P00008,CarryPro Chargers 00008,Accessories,Stable,4.06,Low,76.0,Medium,84.31,Very High,Supplier,15.0,0,0.0276,0.1501,0.0,9.7019,3.57,1.2421,0.0,15.0,6.3014,0.0,16.784,0.9944,3191362.6617,25530.9013,2286647.44,904715.2217,0.0,170.0,0,0.0,Monitor supplier performance and lead-time stability
1541,4,P4 - Routine,P01948,Apex Audio 01948,Electronics,Stable,4.06,Low,88.0,High,23.49,Low,Forecast Accuracy,20.0,0,0.0737,0.6022,0.0,17.2081,1.64,0.7499,0.0,0.8333,8.6077,0.0,17.1671,0.9966,162761.28,1318.3664,162761.28,0.0,0.0,542.18,0,0.0,Monitor forecast accuracy and review model error drivers
1542,4,P4 - Routine,P01341,HomePro Microwaves 01341,Home Appliances,Stable,4.05,Low,76.0,Medium,91.26,Very High,Supplier,13.33,0,0.0588,0.3372,0.0,7.832,3.42,1.0694,0.0,13.3333,7.3318,0.0,17.0753,0.9962,4304599.6173,34006.337,2715309.76,1589289.8573,0.0,0.0,0,0.0,Monitor supplier performance and lead-time stability
1543,4,P4 - Routine,P01343,CarryPro Bags 01343,Accessories,Trending,4.04,Low,88.0,High,87.52,Very High,Forecast Accuracy,20.0,0,0.0142,0.4673,0.0,12.4251,1.79,1.057,0.0,0.4167,9.3943,0.0,18.0416,0.9963,3137742.65,24788.1669,3137742.65,0.0,0.0,304.67,0,0.0,Monitor forecast accuracy and review model error drivers
1544,4,P4 - Routine,P01158,UrbanGear Cables 01158,Accessories,Stable,4.03,Low,76.0,Medium,43.27,Medium,Supplier,12.5,0,0.0306,0.7051,0.0,9.7992,3.02,0.7046,0.0,12.5,6.2475,0.0,17.4483,0.9971,549352.4301,4394.8194,343359.72,205992.7101,0.0,350.36,0,0.0,Monitor supplier performance and lead-time stability
1545,4,P4 - Routine,P01391,NovaTech Audio 01391,Electronics,Stable,4.02,Low,76.0,Medium,54.14,Medium,Forecast Accuracy,20.0,0,0.0769,0.6745,0.0,15.1353,1.55,0.8336,0.0,0.0,8.6695,0.0,18.0762,0.9958,780676.18,6167.3418,780676.18,0.0,0.0,0.0,0,0.0,Monitor forecast accuracy and review model error drivers
1546,4,P4 - Routine,P00925,EverHome Microwaves 00925,Home Appliances,Stable,4.02,Low,76.0,Medium,32.45,Low,Supplier,10.62,0,0.104,0.9286,0.0,7.5738,2.82,0.4502,0.0,10.625,7.3019,0.0,16.9469,0.9982,317200.45,2537.6036,125790.0,191410.45,0.0,0.0,0,0.0,Monitor supplier performance and lead-time stability
1547,4,P4 - Routine,P00183,UrbanGear Cables 00183,Accessories,Trending,4.01,Low,88.0,High,64.81,High,Forecast Accuracy,20.0,0,0.1606,0.2489,0.0,12.5496,1.99,1.1859,0.0,1.0417,9.8389,0.0,17.9762,0.995,1423369.28,11244.6173,1423369.28,0.0,0.0,10231.17,0,0.0,Monitor forecast accuracy and review model error drivers
1548,4,P4 - Routine,P01205,DermaX Grooming 01205,Personal Care,Seasonal,4.01,Low,76.0,Medium,29.12,Low,Demand Volatility,10.1,0,0.0081,0.5781,0.0,9.9458,3.55,2.1035,0.0,9.375,10.0963,0.0,16.9914,0.9913,409260.7904,3274.0863,281146.04,128114.7504,0.0,0.0,0,0.0,Review demand variability and increase forecast monitoring frequency
1549,4,P4 - Routine,P00734,Glow Haircare 00734,Personal Care,Trending,4.0,Low,88.0,High,15.95,Low,Forecast Accuracy,20.0,0,0.0188,0.0937,0.0,10.714,1.84,0.0,0.0,4.1667,8.1015,0.0,18.3765,1.0,56185.6296,449.485,0.0,56185.6296,0.0,5319.84,0,0.0,Monitor forecast accuracy and review model error drivers
1550,4,P4 - Routine,P00809,CarePlus Haircare 00809,Personal Care,Stable,4.0,Low,76.0,Medium,3.35,Low,Supplier,11.04,0,0.0639,0.9481,0.0,7.2247,2.97,1.5231,0.0,11.0417,5.6885,0.0,16.6347,0.9944,24621.754,196.974,18086.8,6534.954,0.0,0.0,0,0.0,Monitor supplier performance and lead-time stability
1551,4,P4 - Routine,P01087,DermaX Haircare 01087,Personal Care,Stable,3.99,Low,76.0,Medium,30.66,Low,Supplier,8.96,0,0.1045,1.4318,0.0,6.958,2.36,0.5105,0.0,8.9583,5.7492,0.0,17.1449,0.999,235098.0554,1857.2746,77470.76,157627.2954,0.0,0.0,0,0.0,Monitor supplier performance and lead-time stability
1552,4,P4 - Routine,P00081,UrbanGear Cables 00081,Accessories,Trending,3.99,Low,88.0,High,14.21,Low,Forecast Accuracy,20.0,0,0.0068,0.3648,0.0,12.451,1.69,0.1383,0.0,1.6667,9.3476,0.0,17.8107,1.0,1060.47,8.3777,1060.47,0.0,0.0,0.0,0,0.0,Monitor forecast accuracy and review model error drivers
1553,4,P4 - Routine,P01878,DermaX Grooming 01878,Personal Care,Stable,3.98,Low,76.0,Medium,10.53,Low,Supplier,14.38,0,0.0467,0.265,0.0,7.3248,3.52,1.6298,0.0,14.375,5.8286,0.0,16.8209,0.9933,84723.1345,669.3128,63363.1,21360.0345,0.0,0.0,0,0.0,Monitor supplier performance and lead-time stability
1554,4,P4 - Routine,P00516,NovaTech Audio 00516,Electronics,Stable,3.97,Low,76.0,Medium,47.65,Medium,Forecast Accuracy,20.0,0,0.0769,0.6263,0.0,16.2068,1.59,1.0656,0.0,0.0,8.4784,0.0,17.4587,0.9962,591487.56,4613.603,591487.56,0.0,0.0,829.24,0,0.0,Monitor forecast accuracy and review model error drivers
1555,4,P4 - Routine,P00044,UrbanGear Mobile Accessories 00044,Accessories,Trending,3.96,Low,88.0,High,55.6,Medium,Forecast Accuracy,20.0,0,0.045,0.0324,0.0,12.1937,2.05,0.8186,0.0,2.5,9.5282,0.0,17.636,0.9973,749034.0,5842.4652,749034.0,0.0,0.0,0.0,0,0.0,Monitor forecast accuracy and review model error drivers
1556,4,P4 - Routine,P01121,CarryPro Chargers 01121,Accessories,Trending,3.96,Low,76.0,Medium,32.02,Low,Forecast Accuracy,20.0,0,0.1269,0.4517,0.0,12.8909,1.81,1.1731,0.0,0.0,9.7166,0.0,18.6073,0.9937,395286.21,3083.2324,395286.21,0.0,0.0,0.0,0,0.0,Monitor forecast accuracy and review model error drivers
1557,4,P4 - Routine,P01757,CarryPro Bags 01757,Accessories,Trending,3.95,Low,76.0,Medium,85.66,Very High,Forecast Accuracy,20.0,0,0.0358,0.1526,0.0,12.5495,2.39,3.0893,0.0,0.0,9.7226,0.0,18.4085,0.9855,5392941.76,40986.3574,5392941.76,0.0,0.0,26846.99,0,0.0,Monitor forecast accuracy and review model error drivers
1558,4,P4 - Routine,P01179,OfficePro Storage 01179,Office Supplies,Trending,3.95,Low,76.0,Medium,40.41,Medium,Forecast Accuracy,20.0,0,0.0369,0.6739,0.0,10.7285,1.44,0.5072,0.0,0.0,8.5941,0.0,18.4758,0.9977,370609.38,2890.7532,370609.38,0.0,0.0,0.0,0,0.0,Monitor forecast accuracy and review model error drivers
1559,4,P4 - Routine,P00747,ComfortMax Washing Machines 00747,Home Appliances,Stable,3.94,Low,76.0,Medium,55.03,Medium,Supplier,9.17,0,0.0835,0.9876,0.0,7.3859,2.87,1.241,0.0,9.1667,7.5152,0.0,16.3435,0.9944,1111741.9206,8560.4128,749671.06,362070.8606,0.0,238.33,0,0.0,Monitor supplier performance and lead-time stability
1560,4,P4 - Routine,P00641,Apex Audio 00641,Electronics,Stable,3.94,Low,88.0,High,56.79,Medium,Forecast Accuracy,20.0,0,0.0927,0.4577,0.0,16.2735,1.61,0.5885,0.0,0.8333,8.7503,0.0,17.0774,0.9969,746099.1,5744.9631,746099.1,0.0,0.0,59.29,0,0.0,Monitor forecast accuracy and review model error drivers
1561,4,P4 - Routine,P01928,DermaX Skincare 01928,Personal Care,Stable,3.93,Low,76.0,Medium,6.52,Low,Supplier,10.21,0,0.1122,1.197,0.0,7.5455,2.41,0.0,0.0,10.2083,5.871,0.0,16.7757,1.0,28600.1004,223.0808,0.0,28600.1004,0.0,115.0,0,0.0,Monitor supplier performance and lead-time stability
1562,4,P4 - Routine,P01755,UrbanGear Mobile Accessories 01755,Accessories,Trending,3.92,Low,88.0,High,88.47,Very High,Forecast Accuracy,20.0,0,0.0893,0.2236,0.0,13.5083,2.03,1.6587,0.0,0.2083,9.9909,0.0,18.1971,0.9916,4538457.95,34492.2804,4538457.95,0.0,0.0,0.0,0,0.0,Monitor forecast accuracy and review model error drivers
1563,4,P4 - Routine,P00790,CarryPro Bags 00790,Accessories,Stable,3.92,Low,88.0,High,24.21,Low,Forecast Accuracy,20.0,0,0.0145,0.1686,0.0,10.7733,1.75,0.5436,0.0,4.1667,6.4063,0.0,17.3663,0.9973,212966.72,1639.8437,107590.0,105376.72,0.0,0.0,0,0.0,Monitor forecast accuracy and review model error drivers
1564,4,P4 - Routine,P01298,Vertex TVs 01298,Electronics,Stable,3.91,Low,76.0,Medium,93.92,Very High,Forecast Accuracy,20.0,0,0.0681,0.53,0.0,15.3209,1.62,1.173,0.0,0.0,8.4655,0.0,17.6494,0.9951,5153411.34,38650.585,5153411.34,0.0,0.0,0.0,0,0.0,Monitor forecast accuracy and review model error drivers
1565,4,P4 - Routine,P01474,HomePro Microwaves 01474,Home Appliances,Stable,3.91,Low,76.0,Medium,53.66,Medium,Supplier,13.75,0,0.0628,0.1807,0.0,7.9957,3.37,0.5641,0.0,13.75,7.5645,0.0,17.0896,0.9971,799630.0752,6077.1886,493975.26,305654.8152,0.0,0.0,0,0.0,Monitor supplier performance and lead-time stability
1566,4,P4 - Routine,P01397,ComfortMax Microwaves 01397,Home Appliances,Stable,3.91,Low,76.0,Medium,37.36,Low,Demand Anomaly,9.9,0,0.0716,1.9753,0.0,7.9107,1.96,0.675,0.0,4.1667,7.5398,0.0,17.3573,0.9974,379297.7475,2882.6629,251653.5,127644.2475,0.0,6.0,0,0.0,Investigate demand anomaly and increase short-term demand monitoring
1567,4,P4 - Routine,P00794,Glow Oral Care 00794,Personal Care,Stable,3.91,Low,76.0,Medium,1.35,Low,Supplier,8.33,0,0.1262,1.5692,0.0,7.0798,2.09,0.0,0.0,8.3333,5.6097,0.0,17.235,1.0,3920.3827,30.1869,0.0,3920.3827,0.0,2352.17,0,0.0,Monitor supplier performance and lead-time stability
1568,4,P4 - Routine,P01830,ComfortMax Air Conditioners 01830,Home Appliances,Seasonal,3.9,Low,76.0,Medium,28.5,Low,Forecast Accuracy,20.0,0,0.0595,0.265,0.0,10.8757,1.84,0.4639,0.0,0.0,11.3206,0.0,18.5651,0.9981,161234.9,1225.3852,161234.9,0.0,0.0,1091.93,0,0.0,Monitor forecast accuracy and review model error drivers
1569,4,P4 - Routine,P01964,ComfortMax Microwaves 01964,Home Appliances,Seasonal,3.89,Low,76.0,Medium,35.7,Low,Forecast Accuracy,20.0,0,0.0071,0.0357,0.0,11.5007,2.38,2.4141,0.0,0.0,11.0453,0.0,18.4867,0.9868,600530.1,4564.0288,600530.1,0.0,0.0,684.97,0,0.0,Monitor forecast accuracy and review model error drivers
1570,4,P4 - Routine,P00948,CarryPro Chargers 00948,Accessories,Stable,3.88,Low,76.0,Medium,79.02,High,Supplier,11.25,0,0.0391,0.7034,0.0,9.4549,2.97,1.1308,0.0,11.25,6.3022,0.0,16.7504,0.9955,2349307.6567,17619.8074,1625551.58,723756.0766,0.0,0.0,0,0.0,Monitor supplier performance and lead-time stability
1571,4,P4 - Routine,P00498,NovaTech Audio 00498,Electronics,Trending,3.88,Low,88.0,High,49.61,Medium,Forecast Accuracy,20.0,0,0.0467,0.3132,0.0,15.6281,1.81,0.9728,0.0,0.2083,9.9418,0.0,18.1399,0.9958,713899.36,5354.2452,713899.36,0.0,0.0,0.0,0,0.0,Monitor forecast accuracy and review model error drivers
1572,4,P4 - Routine,P01783,Glow Haircare 01783,Personal Care,Trending,3.88,Low,76.0,Medium,11.68,Low,Forecast Accuracy,20.0,0,0.0268,0.6587,0.0,11.5528,1.39,0.4381,0.0,0.0,8.374,0.0,18.4144,0.9984,47806.66,363.3306,47806.66,0.0,0.0,0.0,0,0.0,Monitor forecast accuracy and review model error drivers
1573,4,P4 - Routine,P01013,CarryPro Mobile Accessories 01013,Accessories,Stable,3.87,Low,76.0,Medium,60.22,High,Supplier,7.29,0,0.0579,1.3918,0.0,9.3276,2.48,1.4335,0.0,7.2917,6.3909,0.0,16.6845,0.9953,1270179.9492,9526.3496,816041.58,454138.3692,0.0,1051.85,0,0.0,Monitor supplier performance and lead-time stability
1574,4,P4 - Routine,P00041,Vertex Audio 00041,Electronics,Stable,3.85,Low,76.0,Medium,80.13,Very High,Forecast Accuracy,20.0,0,0.0188,0.5179,0.0,15.7067,1.5,0.7135,0.0,0.0,8.5956,0.0,17.5053,0.997,1927561.19,14263.9528,1927561.19,0.0,0.0,580.52,0,0.0,Monitor forecast accuracy and review model error drivers
1575,4,P4 - Routine,P01851,ComfortMax Air Conditioners 01851,Home Appliances,Stable,3.84,Low,76.0,Medium,20.93,Low,Supplier,10.62,0,0.104,0.4643,0.0,8.9247,3.41,2.0789,0.0,10.625,7.9669,0.0,16.9756,0.9902,245525.937,1841.4445,192455.01,53070.927,0.0,82.29,0,0.0,Monitor supplier performance and lead-time stability
1576,4,P4 - Routine,P01399,DermaX Oral Care 01399,Personal Care,Stable,3.84,Low,76.0,Medium,1.21,Low,Supplier,12.71,0,0.0583,0.5492,0.0,7.4898,3.05,0.9527,0.0,12.7083,5.7415,0.0,16.4142,0.9973,7271.788,54.5384,4138.59,3133.198,0.0,0.0,0,0.0,Monitor supplier performance and lead-time stability
1577,4,P4 - Routine,P01617,CarryPro Mobile Accessories 01617,Accessories,Stable,3.82,Low,76.0,Medium,38.3,Low,Forecast Accuracy,20.0,0,0.1195,0.9043,0.0,10.2963,0.96,0.0,0.0,0.0,6.402,0.0,17.8078,1.0,0.0,0.0,0.0,0.0,0.0,0.0,0,0.0,Monitor forecast accuracy and review model error drivers
1578,4,P4 - Routine,P00067,Zenith Smartphones 00067,Electronics,Stable,3.81,Low,88.0,High,69.95,High,Forecast Accuracy,20.0,0,0.0294,0.3854,0.0,15.3723,1.61,0.8886,0.0,0.625,8.3314,0.0,17.2357,0.9966,1267101.03,9249.8375,1267101.03,0.0,0.0,170.1,0,0.0,Monitor forecast accuracy and review model error drivers
1579,4,P4 - Routine,P00028,DermaX Skincare 00028,Personal Care,Stable,3.81,Low,76.0,Medium,27.83,Low,Supplier,14.38,0,0.0437,0.148,0.0,6.107,3.4,1.2961,0.0,14.375,5.7058,0.0,16.9521,0.9953,301187.3902,2228.7867,204153.57,97033.8202,0.0,0.0,0,0.0,Monitor supplier performance and lead-time stability
1580,4,P4 - Routine,P01847,Apex Laptops 01847,Electronics,Stable,3.8,Low,88.0,High,95.27,Very High,Forecast Accuracy,20.0,0,0.0526,0.0,0.0,15.8579,2.01,1.4047,0.0,1.875,8.7174,0.0,17.1018,0.9928,6335440.79,45615.1737,6335440.79,0.0,0.0,616.06,0,0.0,Monitor forecast accuracy and review model error drivers
1581,4,P4 - Routine,P01207,WriteWell Desk Accessories 01207,Office Supplies,Trending,3.79,Low,76.0,Medium,49.96,Medium,Forecast Accuracy,20.0,0,0.0769,0.4323,0.0,10.8287,1.61,1.0459,0.0,0.0,8.6291,0.0,18.5848,0.995,785924.36,5737.2478,785924.36,0.0,0.0,0.0,0,0.0,Monitor forecast accuracy and review model error drivers
1582,4,P4 - Routine,P00259,Glow Oral Care 00259,Personal Care,Stable,3.79,Low,76.0,Medium,12.4,Low,Supplier,9.17,0,0.1008,1.2526,0.0,6.5378,2.28,0.1746,0.0,9.1667,5.6902,0.0,17.0899,0.9996,59288.3758,432.8051,9289.5,49998.8758,0.0,343.99,0,0.0,Monitor supplier performance and lead-time stability
1583,4,P4 - Routine,P00999,UrbanGear Chargers 00999,Accessories,Stable,3.78,Low,88.0,High,75.63,High,Forecast Accuracy,20.0,0,0.0352,0.0347,0.0,10.1302,1.66,0.242,0.0,4.1667,6.4111,0.0,17.371,0.9989,1725172.0224,12421.2386,492033.72,1233138.3024,0.0,0.0,0,0.0,Monitor forecast accuracy and review model error drivers
1584,4,P4 - Routine,P00847,Zenith TVs 00847,Electronics,Stable,3.77,Low,76.0,Medium,84.32,Very High,Forecast Accuracy,20.0,0,0.0557,0.3212,0.0,16.0869,1.78,1.6471,0.0,0.0,8.5575,0.0,18.074,0.9917,3275058.93,23252.9184,3275058.93,0.0,0.0,0.0,0,0.0,Monitor forecast accuracy and review model error drivers
1585,4,P4 - Routine,P01330,PureLife Skincare 01330,Personal Care,Seasonal,3.77,Low,88.0,High,7.59,Low,Forecast Accuracy,20.0,0,0.0438,0.1235,0.0,10.642,1.93,1.1345,0.0,0.625,9.9865,0.0,18.0467,0.9941,51941.61,379.1738,51941.61,0.0,0.0,5182.77,0,0.0,Monitor forecast accuracy and review model error drivers
1586,4,P4 - Routine,P00692,ComfortMax Refrigerators 00692,Home Appliances,Stable,3.76,Low,76.0,Medium,42.59,Medium,Supplier,9.79,0,0.098,0.7227,0.0,7.3577,2.91,1.0653,0.0,9.7917,7.476,0.0,17.0757,0.9962,589216.732,4242.3605,385542.08,203674.652,0.0,0.0,0,0.0,Monitor supplier performance and lead-time stability
1587,4,P4 - Routine,P00939,Vertex Audio 00939,Electronics,Stable,3.76,Low,88.0,High,54.02,Medium,Forecast Accuracy,20.0,0,0.0101,0.0482,0.0,16.0592,1.79,0.5537,0.0,2.2917,8.5414,0.0,17.0111,0.9986,444822.64,3202.723,444822.64,0.0,0.0,92.5,0,0.0,Monitor forecast accuracy and review model error drivers
1588,4,P4 - Routine,P00127,TechMate Chargers 00127,Accessories,Trending,3.76,Low,88.0,High,32.06,Low,Forecast Accuracy,20.0,0,0.0307,0.1124,0.0,13.123,1.87,0.9221,0.0,1.0417,9.55,0.0,17.9136,0.9963,323130.52,2326.5397,323130.52,0.0,0.0,0.0,0,0.0,Monitor forecast accuracy and review model error drivers
1589,4,P4 - Routine,P00587,NovaTech Smartphones 00587,Electronics,Stable,3.75,Low,76.0,Medium,46.79,Medium,Forecast Accuracy,20.0,0,0.0832,0.3613,0.0,16.146,1.7,1.3776,0.0,0.0,8.5589,0.0,17.5343,0.9944,675124.86,4860.899,675124.86,0.0,0.0,0.0,0,0.0,Monitor forecast accuracy and review model error drivers
1590,4,P4 - Routine,P01616,WriteWell Writing 01616,Office Supplies,Trending,3.73,Low,76.0,Medium,39.22,Low,Demand Volatility,8.39,0,0.1383,0.9488,0.0,9.271,2.57,0.2053,0.0,8.3333,8.3896,0.0,18.6644,0.9993,391116.4362,2776.9267,92623.86,298492.5762,0.0,1247.86,0,0.0,Review demand variability and increase forecast monitoring frequency
1591,4,P4 - Routine,P00813,Vertex Laptops 00813,Electronics,Stable,3.73,Low,76.0,Medium,44.9,Medium,Forecast Accuracy,20.0,0,0.0601,0.4643,0.0,15.8066,1.38,0.2,0.0,0.0,8.7676,0.0,17.4355,0.9994,189910.88,1348.3672,189910.88,0.0,0.0,281.16,0,0.0,Monitor forecast accuracy and review model error drivers
1592,4,P4 - Routine,P00407,Arctic Refrigerators 00407,Home Appliances,Stable,3.73,Low,88.0,High,25.9,Low,Forecast Accuracy,20.0,0,0.1053,0.2857,0.0,13.2951,1.64,0.749,0.0,0.625,8.7965,0.0,17.1487,0.9966,189380.17,1344.5992,189380.17,0.0,0.0,149.98,0,0.0,Monitor forecast accuracy and review model error drivers
1593,4,P4 - Routine,P01713,DeskMate Desk Accessories 01713,Office Supplies,Stable,3.72,Low,76.0,Medium,20.44,Low,Supplier,10.83,0,0.024,0.9298,0.0,6.4871,2.46,0.1651,0.0,10.8333,5.2612,0.0,16.6611,0.9997,106456.9099,755.8441,12983.5,93473.4099,0.0,0.0,0,0.0,Monitor supplier performance and lead-time stability
1594,4,P4 - Routine,P00785,Apex Smartphones 00785,Electronics,Trending,3.72,Low,76.0,Medium,13.7,Low,Forecast Accuracy,20.0,0,0.0566,0.2168,0.0,18.3281,1.71,0.5285,0.0,0.0,10.3586,0.0,18.5867,0.9975,73753.7,523.6513,73753.7,0.0,0.0,511.5,0,0.0,Monitor forecast accuracy and review model error drivers
1595,4,P4 - Routine,P00767,DeskMate Desk Accessories 00767,Office Supplies,Stable,3.71,Low,76.0,Medium,81.16,Very High,Supplier,11.04,0,0.0365,0.6728,0.0,6.2214,2.88,1.4266,0.0,11.0417,5.2832,0.0,16.7464,0.994,2836188.2873,19853.318,2124829.64,711358.6473,0.0,0.0,0,0.0,Monitor supplier performance and lead-time stability
1596,4,P4 - Routine,P01732,DermaX Skincare 01732,Personal Care,Trending,3.71,Low,76.0,Medium,20.93,Low,Demand Volatility,8.49,0,0.1143,0.8873,0.0,9.7275,2.71,0.6109,0.0,8.3333,8.4938,0.0,18.4052,0.998,156319.9322,1109.8715,85578.66,70741.2721,0.0,0.0,0,0.0,Review demand variability and increase forecast monitoring frequency
1597,4,P4 - Routine,P00055,PureLife Haircare 00055,Personal Care,Stable,3.71,Low,76.0,Medium,9.26,Low,Demand Anomaly,9.7,0,0.1404,1.9315,0.0,7.3451,1.7,0.3343,0.0,5.0,5.6976,0.0,17.0407,0.9994,35852.8702,254.5554,11084.42,24768.4502,0.0,0.0,0,0.0,Investigate demand anomaly and increase short-term demand monitoring
1598,4,P4 - Routine,P01832,PureLife Grooming 01832,Personal Care,Trending,3.71,Low,88.0,High,4.47,Low,Forecast Accuracy,20.0,0,0.0827,0.3228,0.0,11.4574,1.56,0.6745,0.0,1.0417,7.9982,0.0,17.7721,0.9987,13931.33,98.9124,13931.33,0.0,0.0,1060.77,0,0.0,Monitor forecast accuracy and review model error drivers
1599,4,P4 - Routine,P00643,NovaTech Smartphones 00643,Electronics,Trending,3.7,Low,76.0,Medium,28.82,Low,Forecast Accuracy,20.0,0,0.107,0.2168,0.0,17.9508,1.66,0.4457,0.0,0.0,10.181,0.0,18.8086,0.9983,170683.2,1211.8507,170683.2,0.0,0.0,0.0,0,0.0,Monitor forecast accuracy and review model error drivers
1600,4,P4 - Routine,P00756,PaperWorks Writing 00756,Office Supplies,Stable,3.69,Low,76.0,Medium,62.21,High,Supplier,14.79,0,0.0314,0.1212,0.0,6.9956,3.1,0.3323,0.0,14.7917,5.2048,0.0,16.8439,0.9994,875285.888,6127.0012,180243.12,695042.768,0.0,0.0,0,0.0,Monitor supplier performance and lead-time stability
1601,4,P4 - Routine,P01596,CarePlus Haircare 01596,Personal Care,Trending,3.69,Low,88.0,High,0.83,Low,Forecast Accuracy,20.0,0,0.0566,0.1397,0.0,10.4412,1.74,0.8334,0.0,1.6667,8.243,0.0,17.7473,0.9958,3641.51,25.8547,3641.51,0.0,0.0,387.58,0,0.0,Monitor forecast accuracy and review model error drivers
1602,4,P4 - Routine,P00789,PureLife Grooming 00789,Personal Care,Stable,3.68,Low,76.0,Medium,20.41,Low,Supplier,14.79,0,0.015,0.0111,0.0,8.7604,3.32,0.8089,0.0,14.7917,5.7029,0.0,16.7487,0.9974,158191.8,1107.3426,84731.4,73460.4,0.0,7264.13,0,0.0,Monitor supplier performance and lead-time stability
1603,4,P4 - Routine,P01901,CarePlus Grooming 01901,Personal Care,Stable,3.68,Low,76.0,Medium,23.59,Low,Supplier,9.37,0,0.0887,1.053,0.0,8.0191,2.42,0.5739,0.0,9.375,5.6146,0.0,17.0921,0.9984,154136.0882,1078.9526,84209.93,69926.1582,0.0,0.0,0,0.0,Monitor supplier performance and lead-time stability
1604,4,P4 - Routine,P01311,NovaTech Laptops 01311,Electronics,Stable,3.67,Low,76.0,Medium,62.86,High,Forecast Accuracy,20.0,0,0.037,0.265,0.0,17.0694,1.7,1.3017,0.0,0.0,8.7217,0.0,17.6208,0.9938,1265797.52,8734.0029,1265797.52,0.0,0.0,641.33,0,0.0,Monitor forecast accuracy and review model error drivers
1605,4,P4 - Routine,P01845,TechMate Cables 01845,Accessories,Trending,3.67,Low,76.0,Medium,69.33,High,Forecast Accuracy,20.0,0,0.0949,0.2034,0.0,13.2213,1.63,0.5164,0.0,0.0,9.8227,0.0,18.8112,0.9976,1208195.1,8336.5462,1208195.1,0.0,0.0,0.0,0,0.0,Monitor forecast accuracy and review model error drivers
1606,4,P4 - Routine,P01062,CarryPro Chargers 01062,Accessories,Stable,3.65,Low,76.0,Medium,66.99,High,Supplier,11.25,0,0.0625,0.468,0.0,9.0218,3.02,1.323,0.0,11.25,6.2441,0.0,16.717,0.995,1691530.2612,11502.4058,1109356.17,582174.0912,0.0,303.12,0,0.0,Monitor supplier performance and lead-time stability
1607,4,P4 - Routine,P01171,CarePlus Grooming 01171,Personal Care,Stable,3.65,Low,76.0,Medium,2.55,Low,Supplier,8.33,0,0.0874,1.2767,0.0,6.4175,2.16,0.2056,0.0,8.3333,5.6292,0.0,17.827,0.9993,11116.8508,77.818,3751.22,7365.6308,0.0,0.0,0,0.0,Monitor supplier performance and lead-time stability
1608,4,P4 - Routine,P01243,OfficePro Desk Accessories 01243,Office Supplies,Trending,3.64,Low,76.0,Medium,22.93,Low,Forecast Accuracy,20.0,0,0.0675,0.3691,0.0,10.8661,1.43,0.4727,0.0,0.0,8.6153,0.0,18.1906,0.998,132998.72,917.6912,132998.72,0.0,0.0,0.0,0,0.0,Monitor forecast accuracy and review model error drivers
1609,4,P4 - Routine,P01115,Glow Grooming 01115,Personal Care,Stable,3.64,Low,76.0,Medium,17.19,Low,Supplier,8.54,0,0.0966,1.1616,0.0,6.731,2.35,0.7655,0.0,8.5417,5.5897,0.0,17.2742,0.9978,104026.1664,717.7805,64153.44,39872.7264,0.0,253.0,0,0.0,Monitor supplier performance and lead-time stability
1610,4,P4 - Routine,P01886,Glow Oral Care 01886,Personal Care,Stable,3.64,Low,76.0,Medium,11.61,Low,Supplier,14.17,0,0.0195,0.0873,0.0,7.3674,3.2,0.6999,0.0,14.1667,5.7921,0.0,16.9486,0.9971,77321.7707,533.5202,43375.2,33946.5707,0.0,1542.66,0,0.0,Monitor supplier performance and lead-time stability
1611,4,P4 - Routine,P01286,PureLife Oral Care 01286,Personal Care,Trending,3.63,Low,76.0,Medium,21.08,Low,Forecast Accuracy,20.0,0,0.0009,0.3649,0.0,10.2634,1.51,0.8331,0.0,0.0,8.3789,0.0,18.4372,0.9958,167476.0,1155.5844,167476.0,0.0,0.0,0.0,0,0.0,Monitor forecast accuracy and review model error drivers
1612,4,P4 - Routine,P01437,ComfortMax Air Conditioners 01437,Home Appliances,Stable,3.62,Low,76.0,Medium,74.61,High,Supplier,12.08,0,0.0467,0.0723,0.0,8.6353,3.4,1.4971,0.0,12.0833,7.6214,0.0,16.6411,0.9932,2272604.3812,15226.4494,1749176.55,523427.8312,0.0,265.82,0,0.0,Monitor supplier performance and lead-time stability
1613,4,P4 - Routine,P01890,CarryPro Bags 01890,Accessories,Stable,3.62,Low,76.0,Medium,72.07,High,Supplier,11.04,0,0.0024,0.5088,0.0,9.5176,2.9,0.9706,0.0,11.0417,6.3261,0.0,16.858,0.9958,1902681.6246,12747.9669,1173335.22,729346.4046,0.0,47.0,0,0.0,Monitor supplier performance and lead-time stability
1614,4,P4 - Routine,P01124,CarryPro Chargers 01124,Accessories,Trending,3.61,Low,76.0,Medium,68.76,High,Forecast Accuracy,20.0,0,0.0382,0.1459,0.0,13.2309,1.7,0.9812,0.0,0.0,9.3995,0.0,18.6486,0.9957,1540697.43,10322.6728,1540697.43,0.0,0.0,9865.14,0,0.0,Monitor forecast accuracy and review model error drivers
1615,4,P4 - Routine,P01557,CarePlus Skincare 01557,Personal Care,Seasonal,3.61,Low,76.0,Medium,30.49,Low,Forecast Accuracy,20.0,0,0.0635,0.0902,0.0,12.8338,1.85,1.3018,0.0,0.0,9.7339,0.0,18.4295,0.9938,339144.27,2306.181,339144.27,0.0,0.0,0.0,0,0.0,Monitor forecast accuracy and review model error drivers
1616,4,P4 - Routine,P01644,Glow Oral Care 01644,Personal Care,Stable,3.59,Low,76.0,Medium,23.17,Low,Supplier,10.0,0,0.0658,0.7437,0.0,6.5317,2.75,1.3243,0.0,10.0,5.7053,0.0,16.9186,0.995,225232.8687,1509.0602,160653.57,64579.2987,0.0,1923.65,0,0.0,Monitor supplier performance and lead-time stability
1617,4,P4 - Routine,P00755,Vertex Laptops 00755,Electronics,Stable,3.58,Low,76.0,Medium,16.01,Low,Forecast Accuracy,20.0,0,0.037,0.1429,0.0,16.0561,1.79,1.4529,0.0,0.0,9.0204,0.0,17.6798,0.9937,128697.45,862.2729,128697.45,0.0,0.0,244.91,0,0.0,Monitor forecast accuracy and review model error drivers
1618,4,P4 - Routine,P01681,HomePro Microwaves 01681,Home Appliances,Stable,3.57,Low,76.0,Medium,88.76,Very High,Demand Volatility,7.41,0,0.1466,0.9997,0.0,7.796,2.48,0.9144,0.0,7.2917,7.4086,0.0,16.7486,0.9977,3429540.864,22634.9697,1578009.6,1851531.264,0.0,843.35,0,0.0,Review demand variability and increase forecast monitoring frequency
1619,4,P4 - Routine,P00249,CarryPro Cables 00249,Accessories,Stable,3.57,Low,76.0,Medium,45.83,Medium,Supplier,12.71,0,0.0485,0.2981,0.0,9.4501,2.84,0.0,0.0,12.7083,6.2464,0.0,17.209,1.0,405217.9147,2714.96,0.0,405217.9147,0.0,0.0,0,0.0,Monitor supplier performance and lead-time stability
1620,4,P4 - Routine,P01762,CarryPro Mobile Accessories 01762,Accessories,Stable,3.57,Low,76.0,Medium,28.05,Low,Supplier,8.54,0,0.1359,0.9334,0.0,9.4553,2.55,1.0308,0.0,8.5417,6.368,0.0,17.206,0.9965,294139.1922,1970.7326,166476.31,127662.8822,0.0,937.31,0,0.0,Monitor supplier performance and lead-time stability
1621,4,P4 - Routine,P00529,NovaTech Audio 00529,Electronics,Stable,3.57,Low,88.0,High,29.86,Low,Forecast Accuracy,20.0,0,0.012,0.0723,0.0,15.512,1.77,1.2759,0.0,0.8333,8.4136,0.0,17.1595,0.9955,279289.6,1871.2403,279289.6,0.0,0.0,428.25,0,0.0,Monitor forecast accuracy and review model error drivers
1622,4,P4 - Routine,P00867,Apex Smartphones 00867,Electronics,Trending,3.57,Low,76.0,Medium,33.45,Low,Forecast Accuracy,20.0,0,0.037,0.0964,0.0,16.8856,1.63,0.3108,0.0,0.0,10.2776,0.0,18.4091,0.9996,81685.85,547.2952,81685.85,0.0,0.0,293.01,0,0.0,Monitor forecast accuracy and review model error drivers
1623,4,P4 - Routine,P00804,CarePlus Oral Care 00804,Personal Care,Stable,3.57,Low,76.0,Medium,4.74,Low,Supplier,12.5,0,0.0447,0.4095,0.0,6.9443,2.83,0.3697,0.0,12.5,5.5975,0.0,17.723,0.999,19966.1024,133.7729,8271.26,11694.8424,0.0,0.0,0,0.0,Monitor supplier performance and lead-time stability
1624,4,P4 - Routine,P00601,Apex Smartphones 00601,Electronics,Stable,3.54,Low,88.0,High,55.4,Medium,Forecast Accuracy,20.0,0,0.0111,0.0964,0.0,15.5856,1.57,0.5473,0.0,0.8333,8.5473,0.0,17.2367,0.9973,672958.16,4374.228,672958.16,0.0,0.0,0.0,0,0.0,Monitor forecast accuracy and review model error drivers
1625,4,P4 - Routine,P00287,PureLife Grooming 00287,Personal Care,Stable,3.54,Low,76.0,Medium,22.78,Low,Supplier,13.33,0,0.0384,0.1151,0.0,6.8599,3.15,1.0549,0.0,13.3333,5.5883,0.0,17.1636,0.9949,221586.827,1462.4731,153221.46,68365.367,0.0,7088.52,0,0.0,Monitor supplier performance and lead-time stability
1626,4,P4 - Routine,P01586,Vertex Audio 01586,Electronics,Stable,3.53,Low,76.0,Medium,55.08,Medium,Forecast Accuracy,20.0,0,0.0687,0.2048,0.0,16.115,1.52,0.7523,0.0,0.0,8.5983,0.0,17.6856,0.9966,730864.89,4750.6218,730864.89,0.0,0.0,553.64,0,0.0,Monitor forecast accuracy and review model error drivers
1627,4,P4 - Routine,P01009,Vertex Audio 01009,Electronics,Stable,3.52,Low,76.0,Medium,96.43,Very High,Forecast Accuracy,20.0,0,0.0512,0.0482,0.0,16.5997,1.86,1.9696,0.0,0.0,8.4615,0.0,17.3795,0.9913,7586872.7,48555.9853,7586872.7,0.0,0.0,622.79,0,0.0,Monitor forecast accuracy and review model error drivers
1628,4,P4 - Routine,P00726,UrbanGear Cables 00726,Accessories,Stable,3.52,Low,76.0,Medium,66.99,High,Forecast Accuracy,20.0,0,0.0109,0.4989,0.0,10.0149,1.21,0.878,0.0,0.0,6.3402,0.0,17.5023,0.9967,1131219.01,7352.9236,1131219.01,0.0,0.0,3134.32,0,0.0,Monitor forecast accuracy and review model error drivers
1629,4,P4 - Routine,P00933,ConnectX Bags 00933,Accessories,Stable,3.52,Low,76.0,Medium,16.77,Low,Supplier,12.92,0,0.0244,0.1445,0.0,9.5941,3.08,0.6671,0.0,12.9167,6.2651,0.0,17.2599,0.9974,107702.56,710.8369,71190.0,36512.56,0.0,86.15,0,0.0,Monitor supplier performance and lead-time stability
1630,4,P4 - Routine,P01902,NovaTech Laptops 01902,Electronics,Trending,3.52,Low,76.0,Medium,7.26,Low,Forecast Accuracy,20.0,0,0.0103,0.0482,0.0,19.2946,1.67,0.442,0.0,0.0,10.2674,0.0,18.509,0.9983,27102.56,178.8769,27102.56,0.0,0.0,142.74,0,0.0,Monitor forecast accuracy and review model error drivers
1631,4,P4 - Routine,P00363,PureLife Oral Care 00363,Personal Care,Stable,3.52,Low,76.0,Medium,2.38,Low,Supplier,8.33,0,0.1096,1.1081,0.0,7.4886,2.24,0.4071,0.0,8.3333,5.7726,0.0,17.4483,0.9987,11633.4062,76.7805,5759.64,5873.7662,0.0,53.0,0,0.0,Monitor supplier performance and lead-time stability
1632,4,P4 - Routine,P00852,WriteWell Writing 00852,Office Supplies,Trending,3.51,Low,88.0,High,87.25,Very High,Forecast Accuracy,20.0,0,0.0291,0.0508,0.0,10.1216,1.71,1.2059,0.0,0.2083,8.7638,0.0,18.0434,0.9948,3483028.12,22291.38,3483028.12,0.0,0.0,4016.48,0,0.0,Monitor forecast accuracy and review model error drivers
1633,4,P4 - Routine,P01648,ConnectX Chargers 01648,Accessories,Stable,3.51,Low,76.0,Medium,55.62,Medium,Supplier,9.37,0,0.0801,0.6359,0.0,9.8835,2.85,1.7109,0.0,9.375,6.2347,0.0,17.141,0.9925,1238248.5612,8048.6156,916177.08,322071.4812,0.0,46.0,0,0.0,Monitor supplier performance and lead-time stability
1634,4,P4 - Routine,P00122,UrbanGear Cables 00122,Accessories,Stable,3.51,Low,76.0,Medium,41.8,Medium,Supplier,10.42,0,0.0065,0.4955,0.0,9.7839,2.92,1.3959,0.0,10.4167,6.251,0.0,16.9488,0.9943,645307.0362,4194.4957,479953.62,165353.4162,0.0,709.08,0,0.0,Monitor supplier performance and lead-time stability
1635,4,P4 - Routine,P01703,ComfortMax Washing Machines 01703,Home Appliances,Stable,3.51,Low,76.0,Medium,57.55,Medium,Supplier,8.33,0,0.0141,0.8672,0.0,7.7192,2.39,0.0,0.0,8.3333,7.5715,0.0,18.4058,1.0,631291.6362,4103.3956,0.0,631291.6362,0.0,219.74,0,0.0,Monitor supplier performance and lead-time stability
1636,4,P4 - Routine,P00091,Vertex Laptops 00091,Electronics,Trending,3.51,Low,76.0,Medium,37.38,Low,Forecast Accuracy,20.0,0,0.0128,0.0964,0.0,16.94,1.55,0.175,0.0,0.0,9.9662,0.0,18.6473,0.9996,100474.02,653.0811,100474.02,0.0,0.0,244.18,0,0.0,Monitor forecast accuracy and review model error drivers
1637,4,P4 - Routine,P01466,Apex Audio 01466,Electronics,Stable,3.5,Low,76.0,Medium,79.9,High,Forecast Accuracy,20.0,0,0.0197,0.1807,0.0,15.5138,1.53,0.8964,0.0,0.0,8.4103,0.0,17.7916,0.9951,2166881.4,13868.041,2166881.4,0.0,0.0,0.0,0,0.0,Monitor forecast accuracy and review model error drivers
1638,4,P4 - Routine,P00869,ConnectX Cables 00869,Accessories,Stable,3.5,Low,76.0,Medium,53.58,Medium,Supplier,9.58,0,0.0339,0.6685,0.0,9.9848,2.71,1.1281,0.0,9.5833,6.2492,0.0,17.0133,0.9956,949635.1344,6172.6284,655844.34,293790.7944,0.0,0.0,0,0.0,Monitor supplier performance and lead-time stability
1639,4,P4 - Routine,P01770,ComfortMax Washing Machines 01770,Home Appliances,Stable,3.5,Low,76.0,Medium,37.7,Low,Supplier,10.62,0,0.0711,0.3613,0.0,9.7086,2.92,0.6001,0.0,10.625,7.6429,0.0,16.7901,0.9981,383761.3733,2494.4489,185595.74,198165.6333,0.0,38.99,0,0.0,Monitor supplier performance and lead-time stability
1640,4,P4 - Routine,P00181,EverHome Air Conditioners 00181,Home Appliances,Stable,3.49,Low,76.0,Medium,39.6,Low,Supplier,11.04,0,0.0297,0.2143,0.0,7.4648,3.14,1.2494,0.0,11.0417,7.3931,0.0,16.7214,0.9944,552201.845,3534.0918,446020.25,106181.595,0.0,0.0,0,0.0,Monitor supplier performance and lead-time stability
1641,4,P4 - Routine,P00557,Apex TVs 00557,Electronics,Trending,3.49,Low,76.0,Medium,34.82,Low,Forecast Accuracy,20.0,0,0.0051,0.0241,0.0,19.9154,1.62,0.2578,0.0,0.0,10.3041,0.0,18.6616,0.9988,188710.5,1226.6182,188710.5,0.0,0.0,28.88,0,0.0,Monitor forecast accuracy and review model error drivers
1642,4,P4 - Routine,P01796,Vertex Audio 01796,Electronics,Stable,3.48,Low,76.0,Medium,33.94,Low,Forecast Accuracy,20.0,0,0.0542,0.1927,0.0,15.8698,1.47,0.559,0.0,0.0,8.6516,0.0,17.8666,0.9985,187129.04,1197.6259,187129.04,0.0,0.0,1055.45,0,0.0,Monitor forecast accuracy and review model error drivers
1643,4,P4 - Routine,P00533,UrbanGear Mobile Accessories 00533,Accessories,Stable,3.47,Low,76.0,Medium,69.0,High,Supplier,9.58,0,0.09,0.6263,0.0,9.5075,2.73,1.1901,0.0,9.5833,6.23,0.0,17.1021,0.9949,1753574.328,11222.8757,1261761.6,491812.728,0.0,0.0,0,0.0,Monitor supplier performance and lead-time stability
1644,4,P4 - Routine,P01527,Arctic Air Conditioners 01527,Home Appliances,Stable,3.46,Low,76.0,Medium,82.86,Very High,Supplier,8.33,0,0.11,0.6986,0.0,7.2835,2.65,0.9635,0.0,8.3333,7.4137,0.0,17.3419,0.9958,2763821.1585,17412.0733,1856990.7,906830.4585,0.0,0.0,0,0.0,Monitor supplier performance and lead-time stability
1645,4,P4 - Routine,P01834,DeskMate Paper 01834,Office Supplies,Trending,3.46,Low,76.0,Medium,49.68,Medium,Supplier,8.96,0,0.0892,0.2409,0.0,9.5915,3.37,2.3984,0.0,8.9583,8.7343,0.0,18.0558,0.9897,1138804.9233,7288.3515,983009.85,155795.0733,0.0,0.0,0,0.0,Monitor supplier performance and lead-time stability
1646,4,P4 - Routine,P00923,CarryPro Mobile Accessories 00923,Accessories,Stable,3.46,Low,76.0,Medium,29.76,Low,Supplier,8.33,0,0.1096,0.9455,0.0,9.4977,2.37,0.6723,0.0,8.3333,6.1196,0.0,17.5087,0.9974,285069.8175,1824.4468,162141.72,122928.0975,0.0,2060.4,0,0.0,Monitor supplier performance and lead-time stability
1647,4,P4 - Routine,P00270,ComfortMax Microwaves 00270,Home Appliances,Stable,3.45,Low,76.0,Medium,54.63,Medium,Supplier,9.58,0,0.0474,0.4577,0.0,7.6417,2.83,0.779,0.0,9.5833,7.723,0.0,17.0871,0.9963,866861.8156,5461.2294,634780.04,232081.7756,0.0,624.22,0,0.0,Monitor supplier performance and lead-time stability
1648,4,P4 - Routine,P00752,TechMate Bags 00752,Accessories,Stable,3.43,Low,76.0,Medium,35.51,Low,Forecast Accuracy,20.0,0,0.0604,0.4375,0.0,10.7493,1.2,0.8428,0.0,0.0,6.3102,0.0,17.3609,0.9971,306965.36,1933.8818,306965.36,0.0,0.0,0.0,0,0.0,Monitor forecast accuracy and review model error drivers
1649,4,P4 - Routine,P00850,DermaX Haircare 00850,Personal Care,Stable,3.43,Low,76.0,Medium,2.68,Low,Supplier,8.96,0,0.0515,0.8913,0.0,5.9902,2.37,0.5837,0.0,8.9583,5.6852,0.0,17.1018,0.9983,14515.4472,92.8989,6664.02,7851.4272,0.0,7.0,0,0.0,Monitor supplier performance and lead-time stability
1650,4,P4 - Routine,P01465,UrbanGear Chargers 01465,Accessories,Stable,3.42,Low,76.0,Medium,59.8,Medium,Supplier,9.17,0,0.0832,0.6906,0.0,9.7737,2.54,0.7086,0.0,9.1667,6.3449,0.0,17.1641,0.997,979070.264,6070.2356,678939.2,300131.064,0.0,0.0,0,0.0,Monitor supplier performance and lead-time stability
1651,4,P4 - Routine,P00706,ConnectX Cables 00706,Accessories,Stable,3.42,Low,76.0,Medium,44.98,Medium,Supplier,10.21,0,0.0542,0.4095,0.0,8.9532,2.94,1.4922,0.0,10.2083,6.3851,0.0,17.1043,0.9947,720184.7337,4465.1453,525342.12,194842.6137,0.0,98.0,0,0.0,Monitor supplier performance and lead-time stability
1652,4,P4 - Routine,P01594,Zenith Laptops 01594,Electronics,Stable,3.41,Low,76.0,Medium,85.8,Very High,Forecast Accuracy,20.0,0,0.0384,0.012,0.0,16.5902,1.64,1.0712,0.0,0.0,8.773,0.0,17.8006,0.9961,2778516.8,17226.8042,2778516.8,0.0,0.0,0.0,0,0.0,Monitor forecast accuracy and review model error drivers
1653,4,P4 - Routine,P01390,DermaX Haircare 01390,Personal Care,Trending,3.4,Low,76.0,Medium,12.95,Low,Supplier,8.33,0,0.0042,0.6044,0.0,9.8859,2.74,0.9719,0.0,8.3333,8.0011,0.0,18.2861,0.9958,109030.4271,675.9886,60388.44,48641.9871,0.0,0.0,0,0.0,Monitor supplier performance and lead-time stability
1654,4,P4 - Routine,P01122,ConnectX Mobile Accessories 01122,Accessories,Stable,3.39,Low,76.0,Medium,39.39,Low,Supplier,8.33,0,0.0987,0.8857,0.0,9.9543,2.31,0.3564,0.0,8.3333,6.3476,0.0,17.184,0.9992,355893.7607,2206.5413,104571.44,251322.3207,0.0,0.0,0,0.0,Monitor supplier performance and lead-time stability
1655,4,P4 - Routine,P01818,WriteWell Paper 01818,Office Supplies,Stable,3.38,Low,76.0,Medium,28.52,Low,Supplier,7.92,0,0.0992,0.9595,0.0,7.2244,2.42,1.4566,0.0,7.9167,5.3258,0.0,16.4943,0.995,301452.2973,1869.0042,237270.6,64181.6973,0.0,0.0,0,0.0,Monitor supplier performance and lead-time stability
1656,4,P4 - Routine,P00293,ConnectX Mobile Accessories 00293,Accessories,Stable,3.37,Low,76.0,Medium,68.68,High,Demand Anomaly,7.37,0,0.1257,1.466,0.0,9.3234,2.08,1.7219,0.0,4.1667,6.2802,0.0,17.3541,0.9924,1994115.4884,12164.1045,1481780.44,512335.0484,0.0,1900.74,0,0.0,Investigate demand anomaly and increase short-term demand monitoring
1657,4,P4 - Routine,P00428,TechMate Chargers 00428,Accessories,Stable,3.37,Low,76.0,Medium,65.4,High,Supplier,10.42,0,0.0037,0.3645,0.0,9.0905,2.87,1.2501,0.0,10.4167,6.191,0.0,16.872,0.9943,1584057.4061,9662.7502,1171627.52,412429.8861,0.0,0.0,0,0.0,Monitor supplier performance and lead-time stability
1658,4,P4 - Routine,P01216,Zenith Laptops 01216,Electronics,Stable,3.37,Low,76.0,Medium,36.92,Low,Forecast Accuracy,20.0,0,0.0101,0.0714,0.0,15.5049,1.56,0.9927,0.0,0.0,8.433,0.0,17.924,0.9942,433903.36,2646.8105,433903.36,0.0,0.0,0.0,0,0.0,Monitor forecast accuracy and review model error drivers
1659,4,P4 - Routine,P01882,ConnectX Bags 01882,Accessories,Stable,3.37,Low,76.0,Medium,38.07,Low,Demand Anomaly,8.05,0,0.1465,1.6019,0.0,9.5402,1.72,0.4081,0.0,4.375,6.2842,0.0,17.1485,0.9987,395156.124,2410.4524,133049.2,262106.924,0.0,297.71,0,0.0,Investigate demand anomaly and increase short-term demand monitoring
1660,4,P4 - Routine,P00757,DermaX Grooming 00757,Personal Care,Stable,3.36,Low,76.0,Medium,9.04,Low,Demand Anomaly,6.24,0,0.0706,1.243,0.0,7.1964,2.22,1.5546,0.0,6.0417,5.6352,0.0,16.9091,0.994,66590.845,406.2042,54273.95,12316.895,0.0,0.0,0,0.0,Investigate demand anomaly and increase short-term demand monitoring
1661,4,P4 - Routine,P01467,ConnectX Chargers 01467,Accessories,Stable,3.35,Low,88.0,High,86.06,Very High,Forecast Accuracy,20.0,0,0.0547,0.207,0.0,11.3645,1.24,0.5615,0.0,0.8333,6.3049,0.0,17.1624,0.9971,2610271.8,15661.6308,2610271.8,0.0,0.0,1947.61,0,0.0,Monitor forecast accuracy and review model error drivers
1662,4,P4 - Routine,P01676,HomePro Refrigerators 01676,Home Appliances,Stable,3.35,Low,76.0,Medium,44.1,Medium,Supplier,8.75,0,0.0769,0.5,0.0,7.7768,2.7,0.6467,0.0,8.75,7.924,0.0,17.1897,0.9976,585116.4888,3510.6989,273418.92,311697.5688,0.0,263.08,0,0.0,Monitor supplier performance and lead-time stability
1663,4,P4 - Routine,P00922,Glow Oral Care 00922,Personal Care,Stable,3.34,Low,76.0,Medium,12.11,Low,Supplier,10.62,0,0.041,0.4517,0.0,6.5857,2.7,0.8703,0.0,10.625,5.6607,0.0,15.9122,0.9968,77389.2845,472.0746,54473.2,22916.0845,0.0,22.0,0,0.0,Monitor supplier performance and lead-time stability
1664,4,P4 - Routine,P01673,CarryPro Cables 01673,Accessories,Stable,3.33,Low,76.0,Medium,11.5,Low,Forecast Accuracy,20.0,0,0.0769,0.4216,0.0,10.2693,1.02,0.2831,0.0,0.0,6.2225,0.0,17.8079,0.9999,3803.68,22.8221,3803.68,0.0,0.0,647.4,0,0.0,Monitor forecast accuracy and review model error drivers
1665,4,P4 - Routine,P00003,OfficePro Desk Accessories 00003,Office Supplies,Stable,3.32,Low,76.0,Medium,47.34,Medium,Supplier,9.37,0,0.0673,0.7183,0.0,7.0671,2.39,0.5882,0.0,9.375,5.3529,0.0,16.8517,0.9982,517532.8524,3105.1971,293732.36,223800.4924,0.0,2234.81,0,0.0,Monitor supplier performance and lead-time stability
1666,4,P4 - Routine,P01312,TechMate Bags 01312,Accessories,Stable,3.32,Low,76.0,Medium,35.17,Low,Supplier,10.62,0,0.0463,0.32,0.0,9.893,2.85,1.0999,0.0,10.625,6.1508,0.0,16.9423,0.9959,417043.6894,2502.2621,282082.96,134960.7294,0.0,2297.59,0,0.0,Monitor supplier performance and lead-time stability
1667,4,P4 - Routine,P01958,EverHome Refrigerators 01958,Home Appliances,Stable,3.31,Low,76.0,Medium,57.78,Medium,Supplier,10.62,0,0.0337,0.1686,0.0,7.4461,2.95,0.8115,0.0,10.625,7.421,0.0,16.8763,0.9974,941754.1978,5556.3498,533670.38,408083.8178,0.0,0.0,0,0.0,Monitor supplier performance and lead-time stability
1668,4,P4 - Routine,P01899,ComfortMax Refrigerators 01899,Home Appliances,Stable,3.3,Low,76.0,Medium,66.29,High,Demand Volatility,7.47,0,0.102,1.3731,0.0,7.7026,1.92,0.5787,0.0,4.1667,7.4732,0.0,17.5296,0.997,1238428.1494,7306.7261,859384.66,379043.4894,0.0,445.3,0,0.0,Review demand variability and increase forecast monitoring frequency
1669,4,P4 - Routine,P00456,CarePlus Skincare 00456,Personal Care,Stable,3.3,Low,76.0,Medium,3.93,Low,Supplier,8.33,0,0.0769,0.9198,0.0,7.1512,2.2,0.3389,0.0,8.3333,5.6237,0.0,17.618,0.9994,18713.4825,112.2809,4523.7,14189.7825,0.0,0.0,0,0.0,Monitor supplier performance and lead-time stability
1670,4,P4 - Routine,P01070,EverHome Microwaves 01070,Home Appliances,Stable,3.29,Low,76.0,Medium,69.08,High,Supplier,9.58,0,0.0228,0.3132,0.0,7.7297,2.83,0.9658,0.0,9.5833,7.3829,0.0,16.9099,0.9958,1551319.4565,9152.7848,1171388.76,379930.6965,0.0,29.98,0,0.0,Monitor supplier performance and lead-time stability
1671,4,P4 - Routine,P01272,TechMate Bags 01272,Accessories,Stable,3.29,Low,76.0,Medium,74.56,High,Demand Anomaly,7.71,0,0.1102,1.5351,0.0,9.7911,1.7,0.3805,0.0,4.1667,6.3948,0.0,17.2834,0.9989,1434873.3356,8465.7527,641499.2,793374.1356,0.0,0.0,0,0.0,Investigate demand anomaly and increase short-term demand monitoring
1672,4,P4 - Routine,P01464,OfficePro Storage 01464,Office Supplies,Trending,3.29,Low,76.0,Medium,39.48,Low,Demand Volatility,8.58,0,0.0966,0.9949,0.0,9.7896,2.22,0.3021,0.0,5.625,8.5806,0.0,17.8353,0.9997,366920.006,2164.828,41545.24,325374.766,0.0,140.0,0,0.0,Review demand variability and increase forecast monitoring frequency
1673,4,P4 - Routine,P01955,ConnectX Mobile Accessories 01955,Accessories,Stable,3.28,Low,76.0,Medium,64.88,High,Forecast Accuracy,20.0,0,0.006,0.2833,0.0,10.4363,1.17,0.7759,0.0,0.0,6.2365,0.0,17.3402,0.9991,667053.52,3868.9104,667053.52,0.0,0.0,0.0,0,0.0,Monitor forecast accuracy and review model error drivers
1674,4,P4 - Routine,P01547,CarryPro Chargers 01547,Accessories,Stable,3.28,Low,76.0,Medium,42.86,Medium,Forecast Accuracy,20.0,0,0.0484,0.3621,0.0,10.2434,0.99,0.1651,0.0,0.0,6.2895,0.0,17.3418,0.9997,103117.0,608.3903,103117.0,0.0,0.0,0.0,0,0.0,Monitor forecast accuracy and review model error drivers
1675,4,P4 - Routine,P00144,Arctic Air Conditioners 00144,Home Appliances,Stable,3.27,Low,76.0,Medium,9.98,Low,Demand Volatility,9.75,0,0.0,0.0,0.0,4.1264,3.26,1.3064,0.0,9.375,9.7471,0.0,17.6495,0.9938,79514.665,469.1365,54837.7,24676.965,0.0,38.97,0,0.0,Review demand variability and increase forecast monitoring frequency
1676,4,P4 - Routine,P01152,ConnectX Chargers 01152,Accessories,Stable,3.24,Low,76.0,Medium,54.29,Medium,Forecast Accuracy,20.0,0,0.0026,0.2615,0.0,10.4251,1.1,0.4232,0.0,0.0,6.4854,0.0,17.582,0.9985,467947.35,2714.0946,467947.35,0.0,0.0,0.0,0,0.0,Monitor forecast accuracy and review model error drivers
1677,4,P4 - Routine,P00279,DeskMate Paper 00279,Office Supplies,Stable,3.24,Low,76.0,Medium,23.42,Low,Supplier,12.5,0,0.0294,0.0964,0.0,6.7184,2.78,0.3209,0.0,12.5,5.4214,0.0,17.6356,0.9995,116152.9152,673.6869,29925.68,86227.2352,0.0,0.0,0,0.0,Monitor supplier performance and lead-time stability
1678,4,P4 - Routine,P00885,DeskMate Writing 00885,Office Supplies,Stable,3.23,Low,76.0,Medium,32.77,Low,Supplier,11.67,0,0.0525,0.2192,0.0,7.3536,2.71,0.5596,0.0,11.6667,5.2877,0.0,16.5264,0.9971,310956.1254,1803.5455,211134.42,99821.7054,0.0,1319.78,0,0.0,Monitor supplier performance and lead-time stability
1679,4,P4 - Routine,P01592,CarryPro Cables 01592,Accessories,Stable,3.22,Low,88.0,High,8.37,Low,Forecast Accuracy,20.0,0,0.0312,0.2248,0.0,11.0722,1.11,0.3242,0.0,0.4167,6.3249,0.0,17.1845,0.9995,12387.48,71.8474,12387.48,0.0,0.0,1191.7,0,0.0,Monitor forecast accuracy and review model error drivers
1680,4,P4 - Routine,P01523,Arctic Refrigerators 01523,Home Appliances,Stable,3.21,Low,76.0,Medium,45.37,Medium,Supplier,9.58,0,0.0345,0.2143,0.0,8.915,2.85,0.8345,0.0,9.5833,7.7631,0.0,17.2878,0.9971,602702.864,3435.4063,353269.42,249433.444,0.0,176.15,0,0.0,Monitor supplier performance and lead-time stability
1681,4,P4 - Routine,P01924,ComfortMax Washing Machines 01924,Home Appliances,Stable,3.19,Low,76.0,Medium,72.52,High,Supplier,8.33,0,0.0191,0.4095,0.0,7.6222,2.69,0.9981,0.0,8.3333,7.6231,0.0,17.5432,0.9955,1796503.9216,10060.422,1382221.44,414282.4816,0.0,0.0,0,0.0,Monitor supplier performance and lead-time stability
1682,4,P4 - Routine,P00829,DeskMate Desk Accessories 00829,Office Supplies,Stable,3.19,Low,76.0,Medium,21.45,Low,Demand Anomaly,6.73,0,0.1008,1.341,0.0,6.9202,1.91,1.1421,0.0,5.0,5.4481,0.0,16.9929,0.9954,183714.4389,1047.1723,141757.39,41957.0489,0.0,0.0,0,0.0,Investigate demand anomaly and increase short-term demand monitoring
1683,4,P4 - Routine,P01624,ConnectX Cables 01624,Accessories,Stable,3.18,Low,76.0,Medium,33.12,Low,Demand Anomaly,6.72,0,0.1023,1.3369,0.0,9.5988,1.9,0.986,0.0,4.375,6.3146,0.0,17.3832,0.9956,370648.294,2075.6304,284768.2,85880.094,0.0,209.26,0,0.0,Investigate demand anomaly and increase short-term demand monitoring
1684,4,P4 - Routine,P01462,DeskMate Storage 01462,Office Supplies,Stable,3.17,Low,76.0,Medium,56.12,Medium,Supplier,6.25,0,0.1154,1.1489,0.0,7.5092,1.92,0.5862,0.0,6.25,5.3645,0.0,16.8482,0.9982,864662.37,4842.1093,339603.0,525059.37,0.0,0.0,0,0.0,Monitor supplier performance and lead-time stability
1685,4,P4 - Routine,P00928,PureLife Grooming 00928,Personal Care,Trending,3.17,Low,76.0,Medium,7.94,Low,Forecast Accuracy,20.0,0,0.0131,0.0106,0.0,12.568,1.3,0.2469,0.0,0.0,8.1686,0.0,18.6437,0.9989,24162.8,135.3117,24162.8,0.0,0.0,5856.48,0,0.0,Monitor forecast accuracy and review model error drivers
1686,4,P4 - Routine,P01658,ComfortMax Air Conditioners 01658,Home Appliances,Seasonal,3.16,Low,76.0,Medium,17.82,Low,Demand Volatility,12.86,0,0.0182,0.0357,0.0,7.9792,3.48,2.3538,0.0,5.625,12.8619,0.0,18.1843,0.9874,213208.051,1193.9651,162135.4,51072.651,0.0,409.54,0,0.0,Review demand variability and increase forecast monitoring frequency
1687,4,P4 - Routine,P01974,DermaX Skincare 01974,Personal Care,Stable,3.16,Low,76.0,Medium,12.02,Low,Demand Anomaly,7.74,0,0.0948,1.5417,0.0,6.1931,1.59,0.4305,0.0,4.1667,5.5895,0.0,17.3887,0.9984,61686.2835,345.4432,33082.36,28603.9235,0.0,0.0,0,0.0,Investigate demand anomaly and increase short-term demand monitoring
1688,4,P4 - Routine,P00800,UrbanGear Cables 00800,Accessories,Stable,3.15,Low,76.0,Medium,82.53,Very High,Supplier,9.58,0,0.0892,0.3968,0.0,9.4248,2.46,0.2529,0.0,9.5833,6.3424,0.0,17.0986,0.9988,2159999.8473,11879.9992,799121.28,1360878.5673,0.0,0.0,0,0.0,Monitor supplier performance and lead-time stability
1689,4,P4 - Routine,P01580,Glow Grooming 01580,Personal Care,Stable,3.15,Low,76.0,Medium,16.53,Low,Supplier,8.33,0,0.0904,0.6951,0.0,6.8539,2.34,0.8454,0.0,8.3333,5.58,0.0,17.3169,0.997,111125.7094,622.304,76387.61,34738.0994,0.0,1959.2,0,0.0,Monitor supplier performance and lead-time stability
1690,4,P4 - Routine,P01668,UrbanGear Chargers 01668,Accessories,Stable,3.14,Low,76.0,Medium,61.27,High,Forecast Accuracy,20.0,0,0.0453,0.2001,0.0,10.4135,1.08,0.5443,0.0,0.0,6.1302,0.0,17.5649,0.9987,630202.8,3466.1154,630202.8,0.0,0.0,0.0,0,0.0,Monitor forecast accuracy and review model error drivers
1691,4,P4 - Routine,P01552,PureLife Oral Care 01552,Personal Care,Stable,3.14,Low,76.0,Medium,5.51,Low,Supplier,8.33,0,0.0714,0.7407,0.0,7.1511,2.23,0.4296,0.0,8.3333,5.6891,0.0,17.3993,0.9984,28623.9313,160.294,12437.59,16186.3413,0.0,0.0,0,0.0,Monitor supplier performance and lead-time stability
1692,4,P4 - Routine,P01733,PureLife Oral Care 01733,Personal Care,Stable,3.14,Low,76.0,Medium,2.79,Low,Supplier,8.33,0,0.0598,0.7227,0.0,6.8342,2.25,0.4511,0.0,8.3333,5.7788,0.0,17.4356,0.9996,13142.0899,73.5957,2174.37,10967.7199,0.0,14.0,0,0.0,Monitor supplier performance and lead-time stability
1693,4,P4 - Routine,P01049,TechMate Chargers 01049,Accessories,Stable,3.13,Low,76.0,Medium,98.88,Very High,Supplier,7.29,0,0.1032,0.634,0.0,9.7516,2.55,1.7425,0.0,7.2917,6.2321,0.0,16.7269,0.9922,11415298.1624,61642.6101,8536370.15,2878928.0124,0.0,0.0,0,0.0,Monitor supplier performance and lead-time stability
1694,4,P4 - Routine,P01745,ComfortMax Microwaves 01745,Home Appliances,Stable,3.13,Low,76.0,Medium,51.12,Medium,Demand Volatility,7.5,0,0.0505,0.8431,0.0,8.3553,2.24,0.705,0.0,6.0417,7.4981,0.0,16.8429,0.9971,794361.3546,4368.9875,415042.32,379319.0346,0.0,228.73,0,0.0,Review demand variability and increase forecast monitoring frequency
1695,4,P4 - Routine,P00177,PaperWorks Paper 00177,Office Supplies,Stable,3.13,Low,76.0,Medium,32.13,Low,Supplier,8.54,0,0.0526,0.5433,0.0,6.5727,2.62,1.7907,0.0,8.5417,5.3724,0.0,16.2999,0.9944,402447.6708,2213.4622,270813.06,131634.6108,0.0,0.0,0,0.0,Monitor supplier performance and lead-time stability
1696,4,P4 - Routine,P01175,PureLife Grooming 01175,Personal Care,Trending,3.13,Low,76.0,Medium,14.77,Low,Demand Volatility,8.37,0,0.0554,0.2559,0.0,9.516,2.93,1.5244,0.0,8.125,8.3662,0.0,17.3409,0.993,141387.8048,777.6329,107410.96,33976.8448,0.0,3299.67,0,0.0,Review demand variability and increase forecast monitoring frequency
1697,4,P4 - Routine,P00964,HomePro Washing Machines 00964,Home Appliances,Stable,3.12,Low,76.0,Medium,60.84,High,Supplier,8.33,0,0.0294,0.3854,0.0,8.1601,2.65,0.9402,0.0,8.3333,7.4677,0.0,17.4576,0.9961,1105251.9824,5968.3607,823252.96,281999.0224,0.0,0.0,0,0.0,Monitor supplier performance and lead-time stability
1698,4,P4 - Routine,P00089,UrbanGear Chargers 00089,Accessories,Stable,3.12,Low,88.0,High,32.49,Low,Forecast Accuracy,20.0,0,0.054,0.1297,0.0,10.3003,1.09,0.3403,0.0,0.4167,6.18,0.0,17.228,0.9993,106362.72,584.995,106362.72,0.0,0.0,0.0,0,0.0,Monitor forecast accuracy and review model error drivers
1699,4,P4 - Routine,P00662,TechMate Cables 00662,Accessories,Stable,3.12,Low,88.0,High,26.37,Low,Forecast Accuracy,20.0,0,0.0352,0.0794,0.0,10.1804,1.15,0.3254,0.0,0.625,6.3582,0.0,17.2255,0.9995,63274.75,348.0111,63274.75,0.0,0.0,0.0,0,0.0,Monitor forecast accuracy and review model error drivers
1700,4,P4 - Routine,P00256,Glow Grooming 00256,Personal Care,Stable,3.11,Low,76.0,Medium,10.14,Low,Supplier,8.33,0,0.092,0.6865,0.0,8.3245,2.24,0.4045,0.0,8.3333,5.7743,0.0,17.408,0.9987,55022.7652,302.6252,21481.72,33541.0452,0.0,934.73,0,0.0,Monitor supplier performance and lead-time stability
1701,4,P4 - Routine,P00732,UrbanGear Bags 00732,Accessories,Stable,3.09,Low,76.0,Medium,44.88,Medium,Supplier,7.29,0,0.0696,0.6825,0.0,9.9173,2.35,0.9393,0.0,7.2917,6.5216,0.0,16.677,0.9961,618463.008,3339.7002,462060.8,156402.208,0.0,0.0,0,0.0,Monitor supplier performance and lead-time stability
1702,4,P4 - Routine,P01486,ComfortMax Air Conditioners 01486,Home Appliances,Stable,3.09,Low,76.0,Medium,38.53,Low,Demand Volatility,7.8,0,0.157,0.6786,0.0,9.1995,2.32,0.4834,0.0,6.6667,7.8023,0.0,16.8315,0.9979,434179.0062,2344.5666,189716.17,244462.8362,0.0,26.25,0,0.0,Review demand variability and increase forecast monitoring frequency
1703,4,P4 - Routine,P01947,ComfortMax Microwaves 01947,Home Appliances,Stable,3.08,Low,76.0,Medium,80.63,Very High,Supplier,8.33,0,0.037,0.2168,0.0,7.3068,2.92,1.8285,0.0,8.3333,7.4485,0.0,17.464,0.9913,3156150.5833,16727.5981,2565028.18,591122.4033,0.0,354.16,0,0.0,Monitor supplier performance and lead-time stability
1704,4,P4 - Routine,P01836,PaperWorks Paper 01836,Office Supplies,Stable,3.08,Low,76.0,Medium,42.93,Medium,Supplier,10.21,0,0.0305,0.2944,0.0,7.5033,2.61,0.8733,0.0,10.2083,5.4128,0.0,16.861,0.9967,567179.3998,3062.7688,349037.34,218142.0598,0.0,538.83,0,0.0,Monitor supplier performance and lead-time stability
1705,4,P4 - Routine,P01919,ComfortMax Air Conditioners 01919,Home Appliances,Stable,3.08,Low,76.0,Medium,22.96,Low,Supplier,7.71,0,0.0405,0.3854,0.0,9.3416,2.75,1.4567,0.0,7.7083,7.6888,0.0,16.6838,0.9937,230843.394,1246.5543,190501.83,40341.564,0.0,0.0,0,0.0,Monitor supplier performance and lead-time stability
1706,4,P4 - Routine,P00921,ConnectX Bags 00921,Accessories,Stable,3.07,Low,76.0,Medium,22.52,Low,Demand Volatility,6.32,0,0.0352,1.2406,0.0,9.0438,1.85,0.7304,0.0,4.5833,6.3175,0.0,17.1757,0.9968,175105.59,945.5702,123872.4,51233.19,0.0,694.07,0,0.0,Review demand variability and increase forecast monitoring frequency
1707,4,P4 - Routine,P01642,TechMate Mobile Accessories 01642,Accessories,Stable,3.06,Low,76.0,Medium,39.86,Low,Demand Anomaly,6.47,0,0.147,1.2847,0.0,9.5923,1.77,0.611,0.0,4.1667,6.4377,0.0,17.5456,0.998,391859.1011,2076.8532,236043.9,155815.2011,0.0,0.0,0,0.0,Investigate demand anomaly and increase short-term demand monitoring
1708,4,P4 - Routine,P00602,EverHome Refrigerators 00602,Home Appliances,Stable,3.05,Low,76.0,Medium,54.44,Medium,Supplier,8.33,0,0.037,0.2143,0.0,9.3693,2.8,1.2426,0.0,8.3333,7.8777,0.0,17.3895,0.9944,1086759.18,5651.1477,732712.5,354046.68,0.0,0.0,0,0.0,Monitor supplier performance and lead-time stability
1709,4,P4 - Routine,P01116,CarePlus Haircare 01116,Personal Care,Stable,3.03,Low,76.0,Medium,14.39,Low,Supplier,8.33,0,0.0691,0.6154,0.0,7.1603,2.24,0.455,0.0,8.3333,5.6894,0.0,17.4187,0.9982,80099.2272,416.516,45911.22,34188.0072,0.0,0.0,0,0.0,Monitor supplier performance and lead-time stability
1710,4,P4 - Routine,P00248,ConnectX Bags 00248,Accessories,Stable,3.02,Low,76.0,Medium,65.48,High,Supplier,8.33,0,0.0863,0.5431,0.0,9.8199,2.25,0.2167,0.0,8.3333,6.201,0.0,17.8906,0.9992,886367.0616,4609.1087,333663.42,552703.6416,0.0,0.0,0,0.0,Monitor supplier performance and lead-time stability
1711,4,P4 - Routine,P00204,UrbanGear Chargers 00204,Accessories,Stable,3.02,Low,88.0,High,57.98,Medium,Forecast Accuracy,20.0,0,0.039,0.0241,0.0,10.7359,1.11,0.4349,0.0,0.2083,6.3442,0.0,17.177,0.9984,584479.32,3039.2925,584479.32,0.0,0.0,11821.95,0,0.0,Monitor forecast accuracy and review model error drivers
1712,4,P4 - Routine,P01611,CarryPro Chargers 01611,Accessories,Stable,3.01,Low,76.0,Medium,53.87,Medium,Supplier,8.75,0,0.0103,0.3265,0.0,9.8689,2.62,1.2355,0.0,8.75,6.2621,0.0,17.2007,0.9945,1027428.8899,5239.8873,755151.64,272277.2499,0.0,0.0,0,0.0,Monitor supplier performance and lead-time stability
1713,4,P4 - Routine,P00774,ComfortMax Air Conditioners 00774,Home Appliances,Stable,3.01,Low,76.0,Medium,40.52,Medium,Supplier,8.33,0,0.0275,0.2891,0.0,8.7175,2.61,0.737,0.0,8.3333,7.5795,0.0,17.2193,0.9967,501060.231,2605.5132,309811.32,191248.911,0.0,250.51,0,0.0,Monitor supplier performance and lead-time stability
1714,4,P4 - Routine,P00798,PureLife Haircare 00798,Personal Care,Stable,3.01,Low,76.0,Medium,25.0,Low,Supplier,8.54,0,0.0746,0.5024,0.0,7.1192,2.4,0.855,0.0,8.5417,5.7262,0.0,17.2716,0.9969,218070.9414,1133.9689,131330.52,86740.4214,0.0,0.0,0,0.0,Monitor supplier performance and lead-time stability
1715,4,P4 - Routine,P01953,CarePlus Grooming 01953,Personal Care,Trending,3.01,Low,76.0,Medium,11.18,Low,Supplier,8.54,0,0.0147,0.1613,0.0,9.3148,2.79,0.9917,0.0,8.5417,8.0643,0.0,18.0453,0.9956,86752.458,451.1128,57849.3,28903.158,0.0,0.0,0,0.0,Monitor supplier performance and lead-time stability
1716,4,P4 - Routine,P01526,EverHome Refrigerators 01526,Home Appliances,Stable,2.99,Low,76.0,Medium,82.27,Very High,Supplier,9.37,0,0.0068,0.1204,0.0,7.8604,2.65,0.4869,0.0,9.375,7.3464,0.0,17.0568,0.9979,2478111.7732,12638.37,1090450.33,1387661.4432,0.0,79.72,0,0.0,Monitor supplier performance and lead-time stability
1717,4,P4 - Routine,P00754,ComfortMax Washing Machines 00754,Home Appliances,Stable,2.99,Low,76.0,Medium,69.27,High,Supplier,8.96,0,0.0641,0.0241,0.0,8.2032,2.9,1.2816,0.0,8.9583,7.8427,0.0,17.0659,0.994,1826878.1766,9317.0787,1365998.11,460880.0666,0.0,728.37,0,0.0,Monitor supplier performance and lead-time stability
1718,4,P4 - Routine,P01174,ComfortMax Microwaves 01174,Home Appliances,Stable,2.99,Low,76.0,Medium,60.43,High,Supplier,8.33,0,0.1073,0.2409,0.0,8.0333,2.66,0.9299,0.0,8.3333,7.5072,0.0,17.4803,0.9962,1145077.5792,5839.8957,748086.35,396991.2292,0.0,228.3,0,0.0,Monitor supplier performance and lead-time stability
1719,4,P4 - Routine,P00681,TechMate Mobile Accessories 00681,Accessories,Stable,2.99,Low,76.0,Medium,8.62,Low,Supplier,9.37,0,0.028,0.3252,0.0,9.7296,2.44,0.3142,0.0,9.375,6.2691,0.0,17.0961,0.9996,43639.21,226.9239,5744.75,37894.46,0.0,0.0,0,0.0,Monitor supplier performance and lead-time stability
1720,4,P4 - Routine,P00913,PureLife Oral Care 00913,Personal Care,Stable,2.99,Low,76.0,Medium,4.07,Low,Supplier,11.04,0,0.0065,0.0723,0.0,6.4277,2.68,0.6482,0.0,11.0417,5.5618,0.0,16.8317,0.9976,24822.0022,129.0744,13401.0,11421.0023,0.0,754.67,0,0.0,Monitor supplier performance and lead-time stability
1721,4,P4 - Routine,P01461,EverHome Air Conditioners 01461,Home Appliances,Stable,2.97,Low,76.0,Medium,52.28,Medium,Demand Volatility,7.33,0,0.0791,0.9395,0.0,7.9881,2.1,1.0427,0.0,4.5833,7.3268,0.0,17.2894,0.9964,783498.6101,3917.4931,569903.52,213595.0901,0.0,0.0,0,0.0,Review demand variability and increase forecast monitoring frequency
1722,4,P4 - Routine,P01900,DeskMate Desk Accessories 01900,Office Supplies,Stable,2.96,Low,76.0,Medium,25.22,Low,Demand Anomaly,6.94,0,0.0584,1.3851,0.0,7.6188,1.54,0.3992,0.0,4.1667,5.2978,0.0,17.2946,0.9987,193909.232,988.9371,61499.68,132409.552,0.0,3225.51,0,0.0,Investigate demand anomaly and increase short-term demand monitoring
1723,4,P4 - Routine,P01505,ComfortMax Air Conditioners 01505,Home Appliances,Stable,2.95,Low,76.0,Medium,55.12,Medium,Demand Volatility,7.43,0,0.0072,0.6022,0.0,7.9458,2.42,1.345,0.0,6.0417,7.4258,0.0,17.0004,0.9961,1011477.168,5057.3858,595623.6,415853.568,0.0,192.85,0,0.0,Review demand variability and increase forecast monitoring frequency
1724,4,P4 - Routine,P00951,Glow Grooming 00951,Personal Care,Stable,2.95,Low,76.0,Medium,25.26,Low,Supplier,9.79,0,0.0355,0.2069,0.0,6.4931,2.61,1.0394,0.0,9.7917,5.554,0.0,16.9087,0.9965,217203.6528,1086.0183,157353.66,59849.9928,0.0,248.0,0,0.0,Monitor supplier performance and lead-time stability
1725,4,P4 - Routine,P01548,CarePlus Haircare 01548,Personal Care,Stable,2.95,Low,76.0,Medium,17.46,Low,Supplier,9.17,0,0.0016,0.3289,0.0,6.5627,2.48,0.8319,0.0,9.1667,5.7125,0.0,17.0816,0.9972,128193.3114,640.9666,74694.48,53498.8314,0.0,2294.24,0,0.0,Monitor supplier performance and lead-time stability
1726,4,P4 - Routine,P00364,PureLife Skincare 00364,Personal Care,Stable,2.95,Low,76.0,Medium,16.61,Low,Demand Anomaly,6.66,0,0.0818,1.3265,0.0,7.3175,1.58,0.3397,0.0,4.1667,5.7116,0.0,17.2287,0.9993,73922.6236,369.6131,24189.66,49732.9636,0.0,6.0,0,0.0,Investigate demand anomaly and increase short-term demand monitoring
1727,4,P4 - Routine,P01145,ComfortMax Refrigerators 01145,Home Appliances,Stable,2.94,Low,76.0,Medium,61.31,High,Demand Anomaly,8.22,0,0.099,1.638,0.0,9.4944,1.58,1.3323,0.0,0.4167,7.4314,0.0,17.3314,0.9935,1232903.64,6164.5182,1232903.64,0.0,0.0,0.0,0,0.0,Investigate demand anomaly and increase short-term demand monitoring
1728,4,P4 - Routine,P00553,DermaX Oral Care 00553,Personal Care,Stable,2.94,Low,76.0,Medium,20.2,Low,Demand Anomaly,6.64,0,0.0971,1.3224,0.0,7.0,1.55,0.1618,0.0,4.1667,5.8558,0.0,17.3459,0.9998,119539.959,597.6998,9998.45,109541.509,0.0,0.0,0,0.0,Investigate demand anomaly and increase short-term demand monitoring
1729,4,P4 - Routine,P01374,DermaX Haircare 01374,Personal Care,Trending,2.94,Low,76.0,Medium,1.56,Low,Supplier,8.33,0,0.0076,0.2547,0.0,8.8378,2.47,0.0,0.0,8.3333,8.1639,0.0,18.6002,1.0,6109.1865,30.5459,0.0,6109.1865,0.0,0.0,0,0.0,Monitor supplier performance and lead-time stability
1730,4,P4 - Routine,P00079,HomePro Washing Machines 00079,Home Appliances,Stable,2.92,Low,76.0,Medium,9.48,Low,Supplier,8.33,0,0.0435,0.25,0.0,8.5969,2.48,0.1821,0.0,8.3333,7.8574,0.0,17.9022,0.9995,42614.99,213.075,7748.18,34866.81,0.0,0.0,0,0.0,Monitor supplier performance and lead-time stability
1731,4,P4 - Routine,P00231,DeskMate Desk Accessories 00231,Office Supplies,Trending,2.91,Low,76.0,Medium,45.38,Medium,Demand Volatility,8.67,0,0.0747,0.3912,0.0,9.6932,2.68,1.6788,0.0,5.8333,8.6687,0.0,17.7589,0.9928,903837.6,4428.8042,623965.08,279872.52,0.0,5164.82,0,0.0,Review demand variability and increase forecast monitoring frequency
1732,4,P4 - Routine,P01123,UrbanGear Mobile Accessories 01123,Accessories,Stable,2.91,Low,76.0,Medium,24.87,Low,Demand Volatility,6.31,0,0.0222,0.7869,0.0,8.9878,2.18,1.1896,0.0,5.8333,6.3074,0.0,17.0872,0.995,260428.9716,1276.102,170829.54,89599.4316,0.0,1229.75,0,0.0,Review demand variability and increase forecast monitoring frequency
1733,4,P4 - Routine,P00854,CarryPro Bags 00854,Accessories,Stable,2.91,Low,76.0,Medium,37.98,Low,Forecast Accuracy,20.0,0,0.0398,0.0107,0.0,11.1214,0.95,0.0,0.0,0.0,6.3533,0.0,17.3886,1.0,0.0,0.0,0.0,0.0,0.0,0.0,0,0.0,Monitor forecast accuracy and review model error drivers
1734,4,P4 - Routine,P01425,UrbanGear Mobile Accessories 01425,Accessories,Stable,2.9,Low,76.0,Medium,75.65,High,Supplier,8.33,0,0.0586,0.296,0.0,9.9307,2.51,1.0093,0.0,8.3333,6.3489,0.0,17.452,0.9954,1999485.3928,9597.5299,1555796.69,443688.7028,0.0,5581.3,0,0.0,Monitor supplier performance and lead-time stability
1735,4,P4 - Routine,P01349,UrbanGear Mobile Accessories 01349,Accessories,Stable,2.9,Low,76.0,Medium,57.14,Medium,Supplier,8.33,0,0.0062,0.3694,0.0,9.1926,2.39,0.6833,0.0,8.3333,6.2208,0.0,17.8031,0.9973,859760.3945,4212.8259,580344.52,279415.8745,0.0,69.09,0,0.0,Monitor supplier performance and lead-time stability
1736,4,P4 - Routine,P01163,ComfortMax Refrigerators 01163,Home Appliances,Stable,2.9,Low,76.0,Medium,23.92,Low,Demand Volatility,7.61,0,0.0718,0.5357,0.0,7.956,2.26,0.3793,0.0,6.6667,7.6116,0.0,16.941,0.9989,177001.112,867.3054,49626.48,127374.632,0.0,156.3,0,0.0,Review demand variability and increase forecast monitoring frequency
1737,4,P4 - Routine,P01212,Glow Skincare 01212,Personal Care,Stable,2.9,Low,76.0,Medium,16.14,Low,Supplier,8.33,0,0.0192,0.505,0.0,7.1622,2.22,0.4556,0.0,8.3333,5.5815,0.0,17.5852,0.9982,110634.9392,542.1112,44332.0,66302.9392,0.0,1191.66,0,0.0,Monitor supplier performance and lead-time stability
1738,4,P4 - Routine,P01960,OfficePro Writing 01960,Office Supplies,Stable,2.89,Low,76.0,Medium,57.6,Medium,Supplier,8.33,0,0.0579,0.4737,0.0,6.0943,2.24,0.5902,0.0,8.3333,5.4204,0.0,17.3187,0.9982,829837.726,3983.2211,389648.81,440188.916,0.0,0.0,0,0.0,Monitor supplier performance and lead-time stability
1739,4,P4 - Routine,P01358,Arctic Washing Machines 01358,Home Appliances,Stable,2.89,Low,76.0,Medium,33.03,Low,Supplier,8.33,0,0.0413,0.2409,0.0,8.6596,2.44,0.1962,0.0,8.3333,7.5471,0.0,17.5814,0.9994,247072.658,1210.656,56184.8,190887.858,0.0,0.0,0,0.0,Monitor supplier performance and lead-time stability
1740,4,P4 - Routine,P01336,PaperWorks Storage 01336,Office Supplies,Stable,2.87,Low,76.0,Medium,54.1,Medium,Supplier,6.46,0,0.0536,0.7677,0.0,5.8081,2.05,0.9005,0.0,6.4583,5.4193,0.0,16.8047,0.9965,822871.948,3949.7854,594345.48,228526.468,0.0,37.0,0,0.0,Monitor supplier performance and lead-time stability
1741,4,P4 - Routine,P00432,OfficePro Storage 00432,Office Supplies,Stable,2.87,Low,76.0,Medium,46.02,Medium,Supplier,8.96,0,0.0165,0.3101,0.0,6.082,2.45,1.0505,0.0,8.9583,5.2811,0.0,16.3162,0.9963,700898.176,3364.3112,402992.0,297906.176,0.0,479.23,0,0.0,Monitor supplier performance and lead-time stability
1742,4,P4 - Routine,P01528,HomePro Microwaves 01528,Home Appliances,Stable,2.87,Low,76.0,Medium,33.16,Low,Supplier,8.33,0,0.0303,0.1686,0.0,8.3048,2.56,0.5601,0.0,8.3333,7.6228,0.0,17.4975,0.9971,339669.42,1630.4132,198830.88,140838.54,0.0,0.0,0,0.0,Monitor supplier performance and lead-time stability
1743,4,P4 - Routine,P01945,DeskMate Storage 01945,Office Supplies,Stable,2.83,Low,76.0,Medium,39.87,Low,Supplier,8.33,0,0.0496,0.4175,0.0,6.2786,2.26,0.6953,0.0,8.3333,5.3528,0.0,17.3381,0.9972,498722.4814,2343.9957,255814.13,242908.3514,0.0,0.0,0,0.0,Monitor supplier performance and lead-time stability
1744,4,P4 - Routine,P01042,DeskMate Writing 01042,Office Supplies,Stable,2.83,Low,76.0,Medium,35.0,Low,Supplier,8.33,0,0.0134,0.3854,0.0,6.8813,2.32,0.8444,0.0,8.3333,5.4707,0.0,17.5836,0.997,355990.4885,1673.1553,244650.11,111340.3785,0.0,0.0,0,0.0,Monitor supplier performance and lead-time stability
1745,4,P4 - Routine,P00840,CarePlus Oral Care 00840,Personal Care,Stable,2.82,Low,76.0,Medium,14.23,Low,Supplier,8.33,0,0.0284,0.3774,0.0,7.0384,2.29,0.5946,0.0,8.3333,5.7477,0.0,17.2526,0.9982,86875.9496,408.317,41313.98,45561.9696,0.0,0.0,0,0.0,Monitor supplier performance and lead-time stability
1746,4,P4 - Routine,P00942,Glow Oral Care 00942,Personal Care,Stable,2.82,Low,76.0,Medium,5.87,Low,Supplier,5.63,0,0.0207,0.8792,0.0,6.2456,1.96,0.9406,0.0,5.625,5.5882,0.0,16.9997,0.9961,37105.8282,174.3974,27603.66,9502.1682,0.0,0.0,0,0.0,Monitor supplier performance and lead-time stability
1747,4,P4 - Routine,P00571,PureLife Grooming 00571,Personal Care,Stable,2.81,Low,76.0,Medium,6.55,Low,Supplier,9.37,0,0.021,0.1445,0.0,6.4175,2.55,0.9544,0.0,9.375,5.7039,0.0,16.9532,0.9959,44769.7907,210.418,29852.0,14917.7907,0.0,0.0,0,0.0,Monitor supplier performance and lead-time stability
1748,4,P4 - Routine,P00020,HomePro Microwaves 00020,Home Appliances,Stable,2.8,Low,76.0,Medium,68.7,High,Demand Volatility,7.35,0,0.0934,0.4697,0.0,8.8099,2.25,0.5833,0.0,6.4583,7.3512,0.0,16.7785,0.9983,1382735.0028,6360.581,539387.22,843347.7828,0.0,13.0,0,0.0,Review demand variability and increase forecast monitoring frequency
1749,4,P4 - Routine,P00828,HomePro Microwaves 00828,Home Appliances,Stable,2.8,Low,76.0,Medium,62.92,High,Demand Volatility,7.7,0,0.0804,0.3929,0.0,7.8753,2.36,0.8002,0.0,6.4583,7.7039,0.0,16.8692,0.9961,1194528.6655,5494.8319,888826.29,305702.3755,0.0,0.0,0,0.0,Review demand variability and increase forecast monitoring frequency
1750,4,P4 - Routine,P00134,Arctic Microwaves 00134,Home Appliances,Stable,2.79,Low,76.0,Medium,35.67,Low,Demand Volatility,7.5,0,0.0549,0.8431,0.0,7.571,2.02,0.8975,0.0,4.1667,7.4981,0.0,17.2314,0.9965,422824.2568,1944.9916,238796.72,184027.5368,0.0,988.3,0,0.0,Review demand variability and increase forecast monitoring frequency
1751,4,P4 - Routine,P00526,PureLife Grooming 00526,Personal Care,Stable,2.79,Low,76.0,Medium,23.11,Low,Demand Volatility,5.65,0,0.088,1.0117,0.0,6.4886,1.78,0.7238,0.0,4.7917,5.6529,0.0,17.204,0.9969,179215.8048,824.3927,124914.96,54300.8448,0.0,598.24,0,0.0,Review demand variability and increase forecast monitoring frequency
1752,4,P4 - Routine,P01813,EverHome Washing Machines 01813,Home Appliances,Stable,2.78,Low,76.0,Medium,69.26,High,Demand Volatility,7.44,0,0.0827,0.819,0.0,7.2571,2.03,0.9766,0.0,4.1667,7.4435,0.0,17.2683,0.9957,1736400.1356,7987.4406,1065202.73,671197.4056,0.0,0.0,0,0.0,Review demand variability and increase forecast monitoring frequency
1753,4,P4 - Routine,P00276,CarePlus Oral Care 00276,Personal Care,Stable,2.78,Low,76.0,Medium,16.39,Low,Supplier,9.79,0,0.0169,0.0665,0.0,6.1472,2.5,0.5793,0.0,9.7917,5.7494,0.0,16.951,0.9983,100807.52,463.7146,45689.6,55117.92,0.0,304.84,0,0.0,Monitor supplier performance and lead-time stability
1754,4,P4 - Routine,P00448,WriteWell Paper 00448,Office Supplies,Stable,2.76,Low,76.0,Medium,45.65,Medium,Supplier,8.54,0,0.0316,0.2891,0.0,6.9814,2.35,0.8593,0.0,8.5417,5.3746,0.0,16.4525,0.9969,661613.1856,2977.2593,354097.92,307515.2656,0.0,0.0,0,0.0,Monitor supplier performance and lead-time stability
1755,4,P4 - Routine,P00297,PaperWorks Writing 00297,Office Supplies,Stable,2.76,Low,76.0,Medium,23.55,Low,Supplier,8.33,0,0.0687,0.3986,0.0,7.3934,2.16,0.3754,0.0,8.3333,5.3461,0.0,17.5615,0.999,134960.6832,620.8191,57933.12,77027.5632,0.0,15.0,0,0.0,Monitor supplier performance and lead-time stability
1756,4,P4 - Routine,P00066,PureLife Oral Care 00066,Personal Care,Stable,2.76,Low,76.0,Medium,10.02,Low,Supplier,8.33,0,0.0037,0.2794,0.0,6.2715,2.43,1.0855,0.0,8.3333,5.697,0.0,17.3026,0.996,71756.817,330.0814,42855.12,28901.697,0.0,0.0,0,0.0,Monitor supplier performance and lead-time stability
1757,4,P4 - Routine,P00417,HomePro Air Conditioners 00417,Home Appliances,Stable,2.75,Low,76.0,Medium,86.38,Very High,Demand Volatility,7.71,0,0.0426,0.0964,0.0,8.003,2.64,1.1889,0.0,7.5,7.7131,0.0,16.7004,0.995,3303693.1525,14866.6192,2604751.5,698941.6525,0.0,0.0,0,0.0,Review demand variability and increase forecast monitoring frequency
1758,4,P4 - Routine,P00697,ComfortMax Air Conditioners 00697,Home Appliances,Stable,2.75,Low,76.0,Medium,80.26,Very High,Demand Volatility,7.53,0,0.0481,0.6504,0.0,7.9334,2.34,1.9476,0.0,4.1667,7.5281,0.0,17.5384,0.9929,2796603.2925,12584.7148,2352028.0,444575.2925,0.0,3.95,0,0.0,Review demand variability and increase forecast monitoring frequency
1759,4,P4 - Routine,P01218,WriteWell Paper 01218,Office Supplies,Stable,2.75,Low,76.0,Medium,27.14,Low,Demand Volatility,5.47,0,0.0847,0.9876,0.0,6.5899,1.7,0.4156,0.0,5.0,5.4731,0.0,17.0648,0.9986,183467.4442,825.6035,93827.58,89639.8642,0.0,15.0,0,0.0,Review demand variability and increase forecast monitoring frequency
1760,4,P4 - Routine,P00175,PureLife Grooming 00175,Personal Care,Stable,2.74,Low,76.0,Medium,1.69,Low,Supplier,8.33,0,0.0095,0.3051,0.0,6.9529,2.32,0.7255,0.0,8.3333,5.7052,0.0,17.33,0.9969,11813.028,53.1586,6365.82,5447.208,0.0,9.0,0,0.0,Monitor supplier performance and lead-time stability
1761,4,P4 - Routine,P01987,OfficePro Storage 01987,Office Supplies,Trending,2.72,Low,76.0,Medium,84.54,Very High,Demand Volatility,8.46,0,0.1029,0.5707,0.0,8.4958,2.27,1.2417,0.0,4.1667,8.4634,0.0,18.2043,0.9944,3732456.1456,16422.807,2347784.53,1384671.6156,0.0,0.0,0,0.0,Review demand variability and increase forecast monitoring frequency
1762,4,P4 - Routine,P01758,CarePlus Grooming 01758,Personal Care,Stable,2.72,Low,76.0,Medium,16.9,Low,Supplier,6.46,0,0.0557,0.552,0.0,6.8578,2.16,1.023,0.0,6.4583,5.9094,0.0,16.775,0.9966,133994.3344,602.9745,74388.36,59605.9744,0.0,12.0,0,0.0,Monitor supplier performance and lead-time stability
1763,4,P4 - Routine,P00481,CarePlus Skincare 00481,Personal Care,Stable,2.72,Low,76.0,Medium,5.84,Low,Demand Volatility,5.72,0,0.1159,0.9842,0.0,6.803,1.61,0.0,0.0,5.0,5.7182,0.0,17.0323,1.0,16923.211,76.1544,0.0,16923.211,0.0,572.32,0,0.0,Review demand variability and increase forecast monitoring frequency
1764,4,P4 - Routine,P00324,HomePro Microwaves 00324,Home Appliances,Stable,2.69,Low,76.0,Medium,48.21,Medium,Demand Volatility,7.3,0,0.0687,0.4336,0.0,8.7224,2.3,1.0862,0.0,5.8333,7.2976,0.0,16.9357,0.9946,833956.9696,3669.4107,554643.96,279313.0096,0.0,0.0,0,0.0,Review demand variability and increase forecast monitoring frequency
1765,4,P4 - Routine,P01456,CarryPro Bags 01456,Accessories,Stable,2.68,Low,76.0,Medium,78.55,High,Supplier,8.33,0,0.0392,0.0465,0.0,9.585,2.63,1.5229,0.0,8.3333,6.146,0.0,17.5588,0.9944,2504820.505,10770.7282,1854884.28,649936.225,0.0,5014.3,0,0.0,Monitor supplier performance and lead-time stability
1766,4,P4 - Routine,P01690,DeskMate Writing 01690,Office Supplies,Stable,2.68,Low,76.0,Medium,79.58,High,Supplier,8.33,0,0.0385,0.2605,0.0,6.8562,2.26,0.7,0.0,8.3333,5.3526,0.0,17.3429,0.9971,2149061.6472,9240.9651,1263422.3,885639.3472,0.0,0.0,0,0.0,Monitor supplier performance and lead-time stability
1767,4,P4 - Routine,P01739,EverHome Microwaves 01739,Home Appliances,Stable,2.66,Low,76.0,Medium,88.76,Very High,Supplier,7.5,0,0.0386,0.0723,0.0,8.1859,2.51,0.8897,0.0,7.5,7.4386,0.0,16.6985,0.9966,3684927.7132,15476.6964,2062844.4,1622083.3132,0.0,192.15,0,0.0,Monitor supplier performance and lead-time stability
1768,4,P4 - Routine,P01481,CarryPro Bags 01481,Accessories,Stable,2.66,Low,76.0,Medium,67.92,High,Demand Volatility,6.25,0,0.032,0.8287,0.0,9.8468,1.76,0.3559,0.0,4.7917,6.2485,0.0,17.1486,0.9992,1198989.0432,5155.6529,283532.04,915457.0032,0.0,0.0,0,0.0,Review demand variability and increase forecast monitoring frequency
1769,4,P4 - Routine,P01855,CarryPro Cables 01855,Accessories,Stable,2.66,Low,76.0,Medium,63.24,High,Demand Volatility,6.35,0,0.1139,0.8768,0.0,9.9423,1.79,0.7182,0.0,4.1667,6.3529,0.0,17.4421,0.9969,1124234.5016,4834.2084,786868.88,337365.6216,0.0,51.93,0,0.0,Review demand variability and increase forecast monitoring frequency
1770,4,P4 - Routine,P01774,CarryPro Bags 01774,Accessories,Stable,2.66,Low,76.0,Medium,38.61,Low,Demand Volatility,6.18,0,0.0893,0.8993,0.0,9.4682,1.8,0.8174,0.0,4.1667,6.176,0.0,17.4159,0.9959,462301.8785,1987.8981,349295.65,113006.2285,0.0,0.0,0,0.0,Review demand variability and increase forecast monitoring frequency
1771,4,P4 - Routine,P01968,EverHome Washing Machines 01968,Home Appliances,Stable,2.66,Low,76.0,Medium,14.19,Low,Demand Volatility,7.45,0,0.0859,0.7468,0.0,7.3535,1.96,0.7221,0.0,4.1667,7.4487,0.0,17.8636,0.9969,92198.4739,396.4534,64387.31,27811.1639,0.0,0.0,0,0.0,Review demand variability and increase forecast monitoring frequency
1772,4,P4 - Routine,P00919,OfficePro Desk Accessories 00919,Office Supplies,Stable,2.66,Low,76.0,Medium,8.39,Low,Supplier,8.33,0,0.0221,0.3433,0.0,7.0439,2.07,0.0,0.0,8.3333,5.4667,0.0,17.5873,1.0,25541.247,109.8274,0.0,25541.247,0.0,288.24,0,0.0,Monitor supplier performance and lead-time stability
1773,4,P4 - Routine,P01196,TechMate Cables 01196,Accessories,Stable,2.65,Low,76.0,Medium,78.05,High,Demand Volatility,6.3,0,0.0767,0.4846,0.0,9.8484,2.23,1.3849,0.0,5.8333,6.2966,0.0,16.8648,0.9957,2331289.2442,9791.4148,1439713.08,891576.1642,0.0,0.0,0,0.0,Review demand variability and increase forecast monitoring frequency
1774,4,P4 - Routine,P00222,PureLife Grooming 00222,Personal Care,Stable,2.65,Low,76.0,Medium,3.16,Low,Demand Anomaly,7.02,0,0.1083,1.3972,0.0,6.9048,1.27,0.2047,0.0,2.2917,5.7531,0.0,16.7674,0.9993,5366.68,23.0767,5366.68,0.0,0.0,0.0,0,0.0,Investigate demand anomaly and increase short-term demand monitoring
1775,4,P4 - Routine,P00733,OfficePro Paper 00733,Office Supplies,Stable,2.64,Low,76.0,Medium,46.82,Medium,Demand Volatility,5.45,0,0.0473,0.9065,0.0,7.2027,1.87,1.4414,0.0,4.1667,5.4489,0.0,17.2035,0.9938,767194.2431,3222.2158,629188.42,138005.8231,0.0,0.0,0,0.0,Review demand variability and increase forecast monitoring frequency
1776,4,P4 - Routine,P01589,EverHome Refrigerators 01589,Home Appliances,Stable,2.64,Low,76.0,Medium,50.86,Medium,Demand Volatility,7.42,0,0.0036,0.7227,0.0,8.3762,1.97,0.7762,0.0,4.1667,7.4175,0.0,17.7034,0.9963,751204.6764,3155.0596,549450.36,201754.3164,0.0,427.27,0,0.0,Review demand variability and increase forecast monitoring frequency
1777,4,P4 - Routine,P00610,DeskMate Paper 00610,Office Supplies,Stable,2.64,Low,64.0,Medium,29.98,Low,Demand Anomaly,9.26,0,0.1172,1.8454,0.0,7.4633,0.89,0.2494,0.0,0.0,5.4481,0.0,18.1893,0.9989,128897.64,554.2599,128897.64,0.0,0.0,1855.84,0,0.0,Investigate demand anomaly and increase short-term demand monitoring
1778,4,P4 - Routine,P00098,ComfortMax Washing Machines 00098,Home Appliances,Stable,2.62,Low,76.0,Medium,54.63,Medium,Demand Volatility,7.4,0,0.0364,0.4336,0.0,8.3515,2.1,0.4007,0.0,5.8333,7.3977,0.0,17.0081,0.9987,769743.9424,3232.9246,247085.48,522658.4624,0.0,0.0,0,0.0,Review demand variability and increase forecast monitoring frequency
1779,4,P4 - Routine,P00816,CarePlus Grooming 00816,Personal Care,Stable,2.62,Low,76.0,Medium,18.81,Low,Supplier,8.33,0,0.0312,0.1445,0.0,7.374,2.41,1.0814,0.0,8.3333,5.5957,0.0,17.4069,0.996,146038.0212,613.3597,108814.86,37223.1612,0.0,609.64,0,0.0,Monitor supplier performance and lead-time stability
1780,4,P4 - Routine,P00865,ComfortMax Refrigerators 00865,Home Appliances,Stable,2.61,Low,76.0,Medium,39.29,Low,Demand Volatility,7.85,0,0.0728,0.265,0.0,9.5011,2.46,1.4752,0.0,5.625,7.8462,0.0,16.9768,0.9935,617036.358,2591.5527,437269.86,179766.498,0.0,324.66,0,0.0,Review demand variability and increase forecast monitoring frequency
1781,4,P4 - Routine,P00158,OfficePro Storage 00158,Office Supplies,Stable,2.6,Low,76.0,Medium,40.17,Medium,Supplier,8.33,0,0.0243,0.1583,0.0,6.5745,2.33,0.8965,0.0,8.3333,5.4066,0.0,17.2065,0.9965,501468.3639,2056.0203,317170.98,184297.3839,0.0,5501.98,0,0.0,Monitor supplier performance and lead-time stability
1782,4,P4 - Routine,P01365,OfficePro Writing 01365,Office Supplies,Stable,2.59,Low,76.0,Medium,70.77,High,Supplier,7.08,0,0.0173,0.3794,0.0,6.278,2.12,0.8028,0.0,7.0833,5.438,0.0,16.6932,0.9961,1784711.6936,7317.3179,1057212.44,727499.2536,0.0,101.0,0,0.0,Monitor supplier performance and lead-time stability
1783,4,P4 - Routine,P01400,DeskMate Paper 01400,Office Supplies,Stable,2.58,Low,64.0,Medium,32.84,Low,Demand Anomaly,8.78,0,0.1399,1.7475,0.0,7.0236,1.0,0.674,0.0,0.0,5.3262,0.0,17.3125,0.9987,159783.75,655.1134,159783.75,0.0,0.0,0.0,0,0.0,Investigate demand anomaly and increase short-term demand monitoring
1784,4,P4 - Routine,P00637,DermaX Grooming 00637,Personal Care,Stable,2.58,Low,76.0,Medium,18.32,Low,Supplier,6.67,0,0.0436,0.3469,0.0,6.4401,2.28,1.3954,0.0,6.6667,5.7591,0.0,16.8521,0.9956,146600.2472,601.061,111858.12,34742.1272,0.0,5347.53,0,0.0,Monitor supplier performance and lead-time stability
1785,4,P4 - Routine,P00758,Glow Grooming 00758,Personal Care,Trending,2.57,Low,76.0,Medium,14.09,Low,Demand Volatility,8.31,0,0.0782,0.5994,0.0,9.6472,1.94,0.2364,0.0,4.1667,8.3056,0.0,18.1215,0.999,97594.7616,400.1385,22206.96,75387.8016,0.0,1364.86,0,0.0,Review demand variability and increase forecast monitoring frequency
1786,4,P4 - Routine,P01132,PureLife Oral Care 01132,Personal Care,Stable,2.57,Low,76.0,Medium,5.03,Low,Supplier,5.63,0,0.0637,0.6841,0.0,7.0586,1.83,0.5106,0.0,5.625,5.546,0.0,16.9403,0.9976,27272.221,111.8161,17330.0,9942.221,0.0,0.0,0,0.0,Monitor supplier performance and lead-time stability
1787,4,P4 - Routine,P01041,Glow Haircare 01041,Personal Care,Stable,2.56,Low,64.0,Medium,23.79,Low,Demand Anomaly,8.18,0,0.1477,1.6277,0.0,7.7057,1.18,1.0979,0.0,0.0,5.684,0.0,17.3715,0.9959,182590.1,748.6194,182590.1,0.0,0.0,0.0,0,0.0,Investigate demand anomaly and increase short-term demand monitoring
1788,4,P4 - Routine,P00620,PaperWorks Desk Accessories 00620,Office Supplies,Stable,2.54,Low,76.0,Medium,40.28,Medium,Demand Anomaly,5.82,0,0.0651,1.1605,0.0,6.0161,1.36,0.2934,0.0,3.125,5.35,0.0,16.5856,0.9984,261205.98,1044.8239,261205.98,0.0,0.0,0.0,0,0.0,Investigate demand anomaly and increase short-term demand monitoring
1789,4,P4 - Routine,P01354,PaperWorks Paper 01354,Office Supplies,Stable,2.53,Low,76.0,Medium,57.74,Medium,Demand Volatility,5.33,0,0.0415,1.0482,0.0,6.0215,1.54,0.8149,0.0,3.3333,5.3284,0.0,16.4957,0.9973,723707.42,2894.8297,723707.42,0.0,0.0,198.0,0,0.0,Review demand variability and increase forecast monitoring frequency
1790,4,P4 - Routine,P00195,HomePro Refrigerators 00195,Home Appliances,Stable,2.52,Low,76.0,Medium,50.26,Medium,Demand Volatility,7.2,0,0.0514,0.6263,0.0,7.2831,1.95,0.8222,0.0,4.1667,7.2034,0.0,17.2829,0.9959,757245.1464,3028.9806,570259.92,186985.2264,0.0,811.19,0,0.0,Review demand variability and increase forecast monitoring frequency
1791,4,P4 - Routine,P01470,PaperWorks Desk Accessories 01470,Office Supplies,Stable,2.52,Low,76.0,Medium,44.95,Medium,Demand Volatility,5.42,0,0.0762,1.0512,0.0,7.6514,1.55,0.8955,0.0,3.125,5.4204,0.0,16.5747,0.9965,490364.8,1961.4592,490364.8,0.0,0.0,6866.91,0,0.0,Review demand variability and increase forecast monitoring frequency
1792,4,P4 - Routine,P00491,PureLife Oral Care 00491,Personal Care,Stable,2.52,Low,76.0,Medium,8.03,Low,Supplier,8.33,0,0.0131,0.1542,0.0,6.5759,2.16,0.1941,0.0,8.3333,5.6788,0.0,17.8302,0.9994,36015.5254,144.0621,7878.15,28137.3754,0.0,2463.82,0,0.0,Monitor supplier performance and lead-time stability
1793,4,P4 - Routine,P01817,EverHome Washing Machines 01817,Home Appliances,Stable,2.5,Low,76.0,Medium,79.62,High,Demand Volatility,7.29,0,0.0151,0.2168,0.0,8.0849,2.35,1.2633,0.0,5.8333,7.29,0.0,16.9418,0.9956,2505591.7362,9771.8078,1554578.4,951013.3362,0.0,59.28,0,0.0,Review demand variability and increase forecast monitoring frequency
1794,4,P4 - Routine,P01251,WriteWell Storage 01251,Office Supplies,Stable,2.49,Low,76.0,Medium,77.18,High,Supplier,7.08,0,0.0165,0.2808,0.0,7.2628,2.15,0.9991,0.0,7.0833,5.2753,0.0,16.7112,0.9969,2079143.8668,8108.6611,1118016.9,961126.9668,0.0,0.0,0,0.0,Monitor supplier performance and lead-time stability
1795,4,P4 - Routine,P01850,Glow Grooming 01850,Personal Care,Stable,2.49,Low,76.0,Medium,3.61,Low,Demand Volatility,5.69,0,0.084,0.8913,0.0,6.6453,1.56,0.272,0.0,4.1667,5.6923,0.0,17.4571,0.9987,22180.0792,86.5023,7391.12,14788.9592,0.0,386.44,0,0.0,Review demand variability and increase forecast monitoring frequency
1796,4,P4 - Routine,P00345,Arctic Air Conditioners 00345,Home Appliances,Stable,2.48,Low,76.0,Medium,69.36,High,Demand Volatility,7.35,0,0.0448,0.4336,0.0,7.4494,2.07,0.838,0.0,4.7917,7.347,0.0,17.2621,0.9971,1389982.407,5281.9331,949198.4,440784.007,0.0,84.05,0,0.0,Review demand variability and increase forecast monitoring frequency
1797,4,P4 - Routine,P01480,ComfortMax Washing Machines 01480,Home Appliances,Stable,2.48,Low,76.0,Medium,28.33,Low,Demand Volatility,7.69,0,0.0256,0.25,0.0,8.2833,2.37,1.4446,0.0,5.2083,7.6946,0.0,17.0502,0.9938,340846.907,1329.3029,238035.73,102811.177,0.0,0.0,0,0.0,Review demand variability and increase forecast monitoring frequency
1798,4,P4 - Routine,P00711,OfficePro Desk Accessories 00711,Office Supplies,Stable,2.48,Low,76.0,Medium,14.34,Low,Supplier,8.33,0,0.0344,0.0819,0.0,6.7035,2.25,0.6284,0.0,8.3333,5.3795,0.0,17.3323,0.9978,84269.5134,328.6511,51951.66,32317.8534,0.0,0.0,0,0.0,Monitor supplier performance and lead-time stability
1799,4,P4 - Routine,P01460,DeskMate Paper 01460,Office Supplies,Trending,2.46,Low,76.0,Medium,30.54,Low,Demand Volatility,8.47,0,0.0218,0.3437,0.0,9.7205,2.14,0.6105,0.0,4.5833,8.4731,0.0,18.0802,0.998,260178.5781,988.6786,167782.86,92395.7181,0.0,0.0,0,0.0,Review demand variability and increase forecast monitoring frequency
1800,4,P4 - Routine,P00311,EverHome Refrigerators 00311,Home Appliances,Stable,2.44,Low,76.0,Medium,55.52,Medium,Demand Volatility,7.29,0,0.0156,0.0964,0.0,8.3037,2.39,1.1978,0.0,6.25,7.2919,0.0,16.8767,0.9962,1019486.4576,3874.0485,594852.96,424633.4976,0.0,0.0,0,0.0,Review demand variability and increase forecast monitoring frequency
1801,4,P4 - Routine,P00949,TechMate Bags 00949,Accessories,Stable,2.44,Low,76.0,Medium,19.4,Low,Demand Volatility,6.16,0,0.0288,0.7468,0.0,8.5839,1.67,0.4142,0.0,4.1667,6.1626,0.0,17.5469,0.9986,107621.713,408.9625,55316.7,52305.013,0.0,79.1,0,0.0,Review demand variability and increase forecast monitoring frequency
1802,4,P4 - Routine,P01487,EverHome Washing Machines 01487,Home Appliances,Stable,2.43,Low,76.0,Medium,56.33,Medium,Demand Volatility,7.56,0,0.0096,0.0723,0.0,7.7462,2.49,1.6044,0.0,5.8333,7.5634,0.0,17.0478,0.9935,1209798.685,4476.2551,854158.25,355640.435,0.0,69.76,0,0.0,Review demand variability and increase forecast monitoring frequency
1803,4,P4 - Routine,P00262,CarryPro Mobile Accessories 00262,Accessories,Stable,2.43,Low,76.0,Medium,18.33,Low,Demand Volatility,6.3,0,0.0684,0.3613,0.0,9.7173,2.12,1.0994,0.0,5.625,6.2974,0.0,17.0284,0.9972,145256.2776,551.9739,74563.62,70692.6576,0.0,8.0,0,0.0,Review demand variability and increase forecast monitoring frequency
1804,4,P4 - Routine,P00551,PureLife Haircare 00551,Personal Care,Stable,2.43,Low,76.0,Medium,15.97,Low,Demand Volatility,5.59,0,0.0504,0.6082,0.0,6.3757,1.72,0.2348,0.0,5.4167,5.5909,0.0,16.9864,0.999,96703.065,367.4716,25636.68,71066.385,0.0,1687.6,0,0.0,Review demand variability and increase forecast monitoring frequency
1805,4,P4 - Routine,P00383,DermaX Skincare 00383,Personal Care,Stable,2.43,Low,76.0,Medium,14.87,Low,Demand Volatility,5.76,0,0.0727,0.8236,0.0,6.9516,1.54,0.1699,0.0,4.1667,5.7612,0.0,17.1512,0.9997,81583.4688,310.0172,8879.16,72704.3088,0.0,12590.12,0,0.0,Review demand variability and increase forecast monitoring frequency
1806,4,P4 - Routine,P01567,DeskMate Paper 01567,Office Supplies,Stable,2.42,Low,76.0,Medium,33.85,Low,Demand Volatility,5.46,0,0.0605,0.7854,0.0,6.8043,1.66,0.7087,0.0,4.1667,5.4589,0.0,17.4655,0.997,336773.6195,1246.0624,231478.7,105294.9195,0.0,196.0,0,0.0,Review demand variability and increase forecast monitoring frequency
1807,4,P4 - Routine,P01578,CarePlus Grooming 01578,Personal Care,Stable,2.42,Low,76.0,Medium,30.46,Low,Supplier,5.63,0,0.0052,0.5041,0.0,7.7566,1.87,0.6409,0.0,5.625,5.5738,0.0,16.9752,0.9977,252687.644,934.9443,159238.76,93448.884,0.0,0.0,0,0.0,Monitor supplier performance and lead-time stability
1808,4,P4 - Routine,P00827,ComfortMax Microwaves 00827,Home Appliances,Stable,2.39,Low,76.0,Medium,36.38,Low,Demand Volatility,7.55,0,0.0492,0.5059,0.0,7.9644,1.89,0.429,0.0,4.1667,7.5489,0.0,17.9556,0.9985,313274.522,1159.1157,167725.8,145548.722,0.0,0.0,0,0.0,Review demand variability and increase forecast monitoring frequency
1809,4,P4 - Routine,P01131,OfficePro Desk Accessories 01131,Office Supplies,Stable,2.39,Low,64.0,Medium,29.64,Low,Demand Anomaly,7.69,0,0.1472,1.5283,0.0,7.126,1.03,0.7257,0.0,0.0,5.4437,0.0,17.2983,0.9969,225128.59,832.9758,225128.59,0.0,0.0,109.0,0,0.0,Investigate demand anomaly and increase short-term demand monitoring
1810,4,P4 - Routine,P00130,Glow Oral Care 00130,Personal Care,Stable,2.39,Low,76.0,Medium,3.08,Low,Demand Anomaly,6.57,0,0.1015,1.3088,0.0,6.9944,1.24,0.7597,0.0,1.0417,5.7011,0.0,17.0553,0.9979,13016.8,48.1622,13016.8,0.0,0.0,434.03,0,0.0,Investigate demand anomaly and increase short-term demand monitoring
1811,4,P4 - Routine,P00476,TechMate Cables 00476,Accessories,Stable,2.39,Low,76.0,Medium,16.24,Low,Demand Anomaly,6.43,0,0.0545,1.2827,0.0,9.529,1.18,0.2915,0.0,1.0417,6.2566,0.0,17.0892,0.9998,12328.91,45.617,12328.91,0.0,0.0,0.0,0,0.0,Investigate demand anomaly and increase short-term demand monitoring
1812,4,P4 - Routine,P01923,Glow Skincare 01923,Personal Care,Stable,2.38,Low,76.0,Medium,26.0,Low,Supplier,6.25,0,0.0357,0.2987,0.0,7.3707,2.06,0.8906,0.0,6.25,5.7163,0.0,16.8791,0.9966,247778.2844,892.0018,138588.42,109189.8644,0.0,0.0,0,0.0,Monitor supplier performance and lead-time stability
1813,4,P4 - Routine,P00162,CarePlus Haircare 00162,Personal Care,Stable,2.38,Low,76.0,Medium,15.18,Low,Supplier,6.04,0,0.0037,0.3504,0.0,6.5333,1.99,0.7211,0.0,6.0417,5.7859,0.0,16.8956,0.9983,83970.0588,302.2922,47191.96,36778.0988,0.0,1673.0,0,0.0,Monitor supplier performance and lead-time stability
1814,4,P4 - Routine,P00512,EverHome Microwaves 00512,Home Appliances,Stable,2.36,Low,76.0,Medium,72.41,High,Demand Volatility,7.34,0,0.0463,0.3734,0.0,7.673,2.05,0.9844,0.0,4.375,7.3351,0.0,17.3113,0.9956,1922088.9328,6919.5202,1188889.96,733198.9728,0.0,0.0,0,0.0,Review demand variability and increase forecast monitoring frequency
1815,4,P4 - Routine,P00323,OfficePro Storage 00323,Office Supplies,Stable,2.36,Low,76.0,Medium,32.35,Low,Supplier,5.83,0,0.0177,0.4336,0.0,6.7891,1.89,0.6858,0.0,5.8333,5.3832,0.0,16.9295,0.9973,347382.8622,1250.5783,174885.36,172497.5022,0.0,0.0,0,0.0,Monitor supplier performance and lead-time stability
1816,4,P4 - Routine,P00289,HomePro Air Conditioners 00289,Home Appliances,Stable,2.35,Low,64.0,Medium,65.25,High,Demand Volatility,7.4,0,0.1295,1.2044,0.0,7.7254,1.35,0.8006,0.0,0.0,7.3951,0.0,17.4381,0.9961,1138622.89,4099.0424,1138622.89,0.0,0.0,0.0,0,0.0,Review demand variability and increase forecast monitoring frequency
1817,4,P4 - Routine,P01963,UrbanGear Mobile Accessories 01963,Accessories,Stable,2.34,Low,76.0,Medium,55.98,Medium,Demand Volatility,6.15,0,0.0959,0.864,0.0,9.0555,1.63,1.0997,0.0,2.5,6.1476,0.0,16.6817,0.9959,828140.68,2898.4924,828140.68,0.0,0.0,0.0,0,0.0,Review demand variability and increase forecast monitoring frequency
1818,4,P4 - Routine,P01294,WriteWell Desk Accessories 01294,Office Supplies,Stable,2.34,Low,76.0,Medium,6.04,Low,Demand Volatility,5.37,0,0.0678,0.7708,0.0,7.0316,1.54,0.3685,0.0,4.1667,5.3723,0.0,17.4948,0.9991,24520.1444,88.2725,10097.52,14422.6244,0.0,46.56,0,0.0,Review demand variability and increase forecast monitoring frequency
1819,4,P4 - Routine,P01144,CarePlus Haircare 01144,Personal Care,Stable,2.34,Low,76.0,Medium,1.78,Low,Demand Volatility,5.56,0,0.0158,0.7502,0.0,6.5895,1.57,0.3742,0.0,4.1667,5.5606,0.0,17.6647,0.999,10873.1048,39.1432,2939.64,7933.4648,0.0,0.0,0,0.0,Review demand variability and increase forecast monitoring frequency
1820,4,P4 - Routine,P01108,PaperWorks Storage 01108,Office Supplies,Stable,2.33,Low,76.0,Medium,42.63,Medium,Demand Volatility,5.46,0,0.0011,0.6387,0.0,6.891,1.81,1.2343,0.0,4.1667,5.4555,0.0,17.251,0.9959,571145.806,1999.0103,430240.58,140905.226,0.0,0.0,0,0.0,Review demand variability and increase forecast monitoring frequency
1821,4,P4 - Routine,P01028,UrbanGear Cables 01028,Accessories,Stable,2.33,Low,76.0,Medium,33.47,Low,Demand Volatility,6.36,0,0.0459,0.1807,0.0,9.8238,2.11,0.722,0.0,6.25,6.3641,0.0,16.882,0.9983,333334.0444,1166.6692,132442.64,200891.4044,0.0,32.33,0,0.0,Review demand variability and increase forecast monitoring frequency
1822,4,P4 - Routine,P01328,WriteWell Desk Accessories 01328,Office Supplies,Stable,2.33,Low,76.0,Medium,33.51,Low,Demand Volatility,5.29,0,0.0159,0.8098,0.0,6.5814,1.42,0.0,0.0,4.1667,5.2857,0.0,17.3469,1.0,257737.425,902.081,0.0,257737.425,0.0,1993.64,0,0.0,Review demand variability and increase forecast monitoring frequency
1823,4,P4 - Routine,P00859,Glow Oral Care 00859,Personal Care,Trending,2.31,Low,76.0,Medium,9.44,Low,Demand Volatility,8.54,0,0.0455,0.1156,0.0,9.9402,2.28,0.9294,0.0,4.7917,8.5355,0.0,17.9383,0.9962,75301.2517,263.5544,40173.49,35127.7617,0.0,70.0,0,0.0,Review demand variability and increase forecast monitoring frequency
1824,4,P4 - Routine,P01835,UrbanGear Bags 01835,Accessories,Stable,2.3,Low,76.0,Medium,75.24,High,Demand Volatility,6.45,0,0.0623,0.4138,0.0,9.4853,1.84,0.5013,0.0,4.7917,6.4492,0.0,17.081,0.9977,1856014.7882,6310.4503,855834.56,1000180.2282,0.0,3380.89,0,0.0,Review demand variability and increase forecast monitoring frequency
1825,4,P4 - Routine,P01377,Arctic Refrigerators 01377,Home Appliances,Stable,2.29,Low,76.0,Medium,26.32,Low,Demand Volatility,7.52,0,0.0622,0.4643,0.0,7.9808,1.75,0.0,0.0,4.1667,7.5185,0.0,17.7406,1.0,117137.988,398.2692,0.0,117137.988,0.0,300.38,0,0.0,Review demand variability and increase forecast monitoring frequency
1826,4,P4 - Routine,P00495,CarePlus Grooming 00495,Personal Care,Stable,2.29,Low,64.0,Medium,5.46,Low,Demand Anomaly,7.33,0,0.1062,1.4604,0.0,6.7558,0.96,0.3593,0.0,0.0,5.6612,0.0,17.3581,0.9991,11740.08,41.0903,11740.08,0.0,0.0,0.0,0,0.0,Investigate demand anomaly and increase short-term demand monitoring
1827,4,P4 - Routine,P00573,Arctic Refrigerators 00573,Home Appliances,Stable,2.28,Low,76.0,Medium,90.65,Very High,Demand Volatility,7.27,0,0.0249,0.265,0.0,7.7015,2.14,1.3153,0.0,4.375,7.27,0.0,17.261,0.9937,4865060.7968,16541.2067,3409272.36,1455788.4368,0.0,0.0,0,0.0,Review demand variability and increase forecast monitoring frequency
1828,4,P4 - Routine,P00356,CarePlus Oral Care 00356,Personal Care,Stable,2.28,Low,76.0,Medium,8.69,Low,Demand Volatility,5.67,0,0.0674,0.4521,0.0,8.2443,1.93,1.1982,0.0,4.7917,5.6732,0.0,17.1894,0.9949,66314.056,225.4678,43487.06,22826.996,0.0,0.0,0,0.0,Review demand variability and increase forecast monitoring frequency
1829,4,P4 - Routine,P00778,WriteWell Storage 00778,Office Supplies,Stable,2.26,Low,64.0,Medium,14.53,Low,Demand Anomaly,7.5,0,0.1411,1.4919,0.0,6.9248,0.87,0.2513,0.0,0.0,5.2826,0.0,17.6109,0.9989,43137.36,146.667,43137.36,0.0,0.0,8299.98,0,0.0,Investigate demand anomaly and increase short-term demand monitoring
1830,4,P4 - Routine,P01264,DermaX Oral Care 01264,Personal Care,Stable,2.26,Low,76.0,Medium,3.69,Low,Demand Volatility,5.94,0,0.0304,0.4577,0.0,6.8126,1.75,0.3809,0.0,5.0,5.9375,0.0,17.0456,0.9989,15836.7175,53.8448,6988.5,8848.2175,0.0,0.0,0,0.0,Review demand variability and increase forecast monitoring frequency
1831,4,P4 - Routine,P00442,ConnectX Bags 00442,Accessories,Stable,2.25,Low,64.0,Medium,49.25,Medium,Demand Volatility,6.42,0,0.0618,1.197,0.0,9.7696,1.31,1.1629,0.0,0.0,6.4191,0.0,17.3098,0.9952,706827.85,2332.5319,706827.85,0.0,0.0,1061.02,0,0.0,Review demand variability and increase forecast monitoring frequency
1832,4,P4 - Routine,P00304,CarePlus Grooming 00304,Personal Care,Stable,2.25,Low,76.0,Medium,29.85,Low,Demand Volatility,5.61,0,0.0105,0.5069,0.0,6.0422,1.89,1.4114,0.0,4.1667,5.6074,0.0,17.7093,0.9941,367554.3004,1249.6846,252098.0,115456.3004,0.0,0.0,0,0.0,Review demand variability and increase forecast monitoring frequency
1833,4,P4 - Routine,P01058,EverHome Air Conditioners 01058,Home Appliances,Stable,2.25,Low,76.0,Medium,30.71,Low,Demand Volatility,7.98,0,0.0175,0.0714,0.0,5.9248,2.13,0.3984,0.0,5.4167,7.9761,0.0,17.1721,0.9988,217400.9215,739.1631,104394.2,113006.7215,0.0,167.62,0,0.0,Review demand variability and increase forecast monitoring frequency
1834,4,P4 - Routine,P00561,WriteWell Paper 00561,Office Supplies,Stable,2.25,Low,76.0,Medium,25.62,Low,Supplier,6.46,0,0.0015,0.2319,0.0,7.3521,1.9,0.3367,0.0,6.4583,5.5022,0.0,16.7305,0.9994,136717.1858,464.8384,43249.34,93467.8458,0.0,3097.11,0,0.0,Monitor supplier performance and lead-time stability
1835,4,P4 - Routine,P01748,EverHome Washing Machines 01748,Home Appliances,Stable,2.24,Low,76.0,Medium,63.83,High,Demand Volatility,7.47,0,0.1007,0.3132,0.0,9.4093,1.91,0.4532,0.0,4.375,7.4744,0.0,17.3119,0.9982,1149105.4152,3792.0479,456356.4,692749.0152,0.0,0.0,0,0.0,Review demand variability and increase forecast monitoring frequency
1836,4,P4 - Routine,P00670,Arctic Microwaves 00670,Home Appliances,Stable,2.24,Low,76.0,Medium,46.02,Medium,Demand Volatility,7.7,0,0.0615,0.265,0.0,9.1262,2.04,0.8809,0.0,4.1667,7.6952,0.0,17.7503,0.9953,684823.6332,2259.918,531946.76,152876.8732,0.0,196.44,0,0.0,Review demand variability and increase forecast monitoring frequency
1837,4,P4 - Routine,P01804,HomePro Refrigerators 01804,Home Appliances,Stable,2.24,Low,76.0,Medium,40.27,Medium,Demand Volatility,7.99,0,0.037,0.2143,0.0,7.0896,2.14,1.0456,0.0,4.1667,7.9874,0.0,17.386,0.995,597236.2976,1970.8798,387596.92,209639.3776,0.0,183.12,0,0.0,Review demand variability and increase forecast monitoring frequency
1838,4,P4 - Routine,P01932,CarePlus Skincare 01932,Personal Care,Stable,2.24,Low,76.0,Medium,24.28,Low,Supplier,5.83,0,0.0279,0.1927,0.0,7.0311,2.1,1.25,0.0,5.8333,5.6953,0.0,16.9709,0.9957,215858.9335,712.3345,164115.35,51743.5835,0.0,2422.66,0,0.0,Monitor supplier performance and lead-time stability
1839,4,P4 - Routine,P00308,EverHome Washing Machines 00308,Home Appliances,Stable,2.24,Low,76.0,Medium,15.55,Low,Demand Volatility,9.07,0,0.0562,0.1786,0.0,6.2942,2.04,0.1768,0.0,4.1667,9.0704,0.0,17.8734,0.9996,62803.8126,207.2526,14338.77,48465.0426,0.0,158.94,0,0.0,Review demand variability and increase forecast monitoring frequency
1840,4,P4 - Routine,P00205,CarePlus Haircare 00205,Personal Care,Stable,2.24,Low,76.0,Medium,2.1,Low,Demand Volatility,5.59,0,0.0759,0.6624,0.0,6.7086,1.52,0.1838,0.0,4.1667,5.5938,0.0,17.3331,0.9995,7711.178,26.218,1986.32,5724.858,0.0,0.0,0,0.0,Review demand variability and increase forecast monitoring frequency
1841,4,P4 - Routine,P00878,DeskMate Paper 00878,Office Supplies,Stable,2.23,Low,64.0,Medium,50.44,Medium,Demand Anomaly,6.8,0,0.0966,1.355,0.0,6.7193,1.04,0.7208,0.0,0.0,5.4903,0.0,17.3445,0.9969,591456.45,1951.8063,591456.45,0.0,0.0,8929.28,0,0.0,Investigate demand anomaly and increase short-term demand monitoring
1842,4,P4 - Routine,P01546,DermaX Haircare 01546,Personal Care,Stable,2.23,Low,76.0,Medium,17.36,Low,Demand Volatility,5.72,0,0.0657,0.6054,0.0,6.9852,1.58,0.337,0.0,4.1667,5.7213,0.0,17.169,0.9994,77361.0006,255.2913,24528.66,52832.3406,0.0,229.0,0,0.0,Review demand variability and increase forecast monitoring frequency
1843,4,P4 - Routine,P01871,TechMate Cables 01871,Accessories,Stable,2.22,Low,76.0,Medium,90.67,Very High,Demand Volatility,6.28,0,0.0727,0.4022,0.0,9.5956,1.91,1.1327,0.0,4.1667,6.2829,0.0,17.2922,0.9955,4086161.8392,13075.7179,3153091.62,933070.2192,0.0,2777.44,0,0.0,Review demand variability and increase forecast monitoring frequency
1844,4,P4 - Routine,P01363,CarePlus Skincare 01363,Personal Care,Trending,2.22,Low,76.0,Medium,6.87,Low,Demand Volatility,8.17,0,0.0504,0.2564,0.0,9.7498,1.99,0.4757,0.0,4.1667,8.1667,0.0,18.0059,0.998,48334.9284,159.5053,18305.28,30029.6484,0.0,0.0,0,0.0,Review demand variability and increase forecast monitoring frequency
1845,4,P4 - Routine,P00244,Arctic Air Conditioners 00244,Home Appliances,Stable,2.2,Low,76.0,Medium,63.9,High,Demand Volatility,7.35,0,0.0627,0.3854,0.0,9.4987,1.73,0.0,0.0,4.1667,7.3525,0.0,17.6177,1.0,913219.0704,2922.301,0.0,913219.0704,0.0,0.0,0,0.0,Review demand variability and increase forecast monitoring frequency
1846,4,P4 - Routine,P01433,CarePlus Grooming 01433,Personal Care,Stable,2.19,Low,76.0,Medium,8.83,Low,Demand Volatility,5.77,0,0.0336,0.4336,0.0,6.2936,1.92,1.4214,0.0,4.1667,5.7668,0.0,17.4928,0.994,70793.3304,226.5387,48728.07,22065.2604,0.0,0.0,0,0.0,Review demand variability and increase forecast monitoring frequency
1847,4,P4 - Routine,P01024,UrbanGear Cables 01024,Accessories,Stable,2.18,Low,76.0,Medium,65.16,High,Demand Volatility,6.22,0,0.058,0.2951,0.0,9.3223,2.09,1.76,0.0,4.1667,6.2182,0.0,17.3151,0.9934,1729767.7296,5535.2567,1238511.6,491256.1296,0.0,0.0,0,0.0,Review demand variability and increase forecast monitoring frequency
1848,4,P4 - Routine,P01565,UrbanGear Mobile Accessories 01565,Accessories,Stable,2.17,Low,76.0,Medium,75.53,High,Demand Volatility,6.42,0,0.0328,0.1686,0.0,9.9237,1.96,0.6248,0.0,5.4167,6.4233,0.0,17.0792,0.9979,1858314.4836,5946.6063,830007.44,1028307.0436,0.0,0.0,0,0.0,Review demand variability and increase forecast monitoring frequency
1849,4,P4 - Routine,P01626,OfficePro Paper 01626,Office Supplies,Stable,2.15,Low,76.0,Medium,43.2,Medium,Demand Volatility,5.46,0,0.0269,0.5755,0.0,7.0183,1.51,0.2123,0.0,4.1667,5.4635,0.0,17.4101,0.9992,452308.1132,1402.1552,98425.92,353882.1932,0.0,4087.48,0,0.0,Review demand variability and increase forecast monitoring frequency
1850,4,P4 - Routine,P00544,WriteWell Storage 00544,Office Supplies,Stable,2.15,Low,76.0,Medium,30.97,Low,Demand Volatility,5.56,0,0.0014,0.4256,0.0,6.3318,1.74,0.7364,0.0,4.5833,5.5645,0.0,17.2247,0.9981,298593.75,925.6406,122500.0,176093.75,0.0,69.03,0,0.0,Review demand variability and increase forecast monitoring frequency
1851,4,P4 - Routine,P01315,DermaX Oral Care 01315,Personal Care,Stable,2.15,Low,76.0,Medium,22.31,Low,Demand Volatility,5.47,0,0.0257,0.5509,0.0,6.739,1.58,0.4655,0.0,4.1667,5.4656,0.0,17.4528,0.9981,172269.1872,534.0345,71149.76,101119.4272,0.0,10741.8,0,0.0,Review demand variability and increase forecast monitoring frequency
1852,4,P4 - Routine,P01138,PureLife Oral Care 01138,Personal Care,Stable,2.15,Low,76.0,Medium,13.35,Low,Supplier,6.25,0,0.0034,0.1864,0.0,7.2985,1.8,0.0,0.0,6.25,5.7647,0.0,16.8812,1.0,44254.134,141.6132,0.0,44254.134,0.0,5230.39,0,0.0,Monitor supplier performance and lead-time stability
1853,4,P4 - Routine,P01475,Arctic Washing Machines 01475,Home Appliances,Stable,2.15,Low,64.0,Medium,35.82,Low,Demand Volatility,7.46,0,0.1042,1.1081,0.0,7.7156,1.12,0.0,0.0,0.0,7.4633,0.0,17.8715,1.0,0.0,0.0,0.0,0.0,0.0,1103.98,0,0.0,Review demand variability and increase forecast monitoring frequency
1854,4,P4 - Routine,P00213,OfficePro Desk Accessories 00213,Office Supplies,Stable,2.13,Low,76.0,Medium,34.75,Low,Demand Volatility,5.42,0,0.0742,0.8311,0.0,6.4531,1.42,0.8668,0.0,2.2917,5.4239,0.0,16.7845,0.9982,219430.75,680.2353,219430.75,0.0,0.0,0.0,0,0.0,Review demand variability and increase forecast monitoring frequency
1855,4,P4 - Routine,P00653,CarePlus Haircare 00653,Personal Care,Stable,2.13,Low,76.0,Medium,9.67,Low,Demand Volatility,5.79,0,0.0523,0.5885,0.0,6.4555,1.71,1.236,0.0,3.125,5.7897,0.0,16.6374,0.9959,59090.22,183.1797,59090.22,0.0,0.0,5137.44,0,0.0,Review demand variability and increase forecast monitoring frequency
1856,4,P4 - Routine,P00252,HomePro Washing Machines 00252,Home Appliances,Stable,2.12,Low,76.0,Medium,92.77,Very High,Demand Volatility,7.45,0,0.0096,0.1445,0.0,8.1207,2.08,1.132,0.0,4.1667,7.4473,0.0,17.3164,0.9942,5451873.444,16355.6203,3731604.0,1720269.444,0.0,149.62,0,0.0,Review demand variability and increase forecast monitoring frequency
1857,4,P4 - Routine,P00987,PaperWorks Desk Accessories 00987,Office Supplies,Stable,2.12,Low,76.0,Medium,25.95,Low,Demand Volatility,5.4,0,0.1014,0.8891,0.0,7.8495,1.33,0.6897,0.0,2.0833,5.4022,0.0,16.9157,0.9972,171329.4,531.1211,171329.4,0.0,0.0,0.0,0,0.0,Review demand variability and increase forecast monitoring frequency
1858,4,P4 - Routine,P01646,OfficePro Paper 01646,Office Supplies,Stable,2.1,Low,76.0,Medium,73.67,High,Demand Volatility,5.42,0,0.0102,0.3386,0.0,6.7955,1.69,0.4394,0.0,5.0,5.4172,0.0,17.0245,0.9983,1685848.497,5057.5455,641613.75,1044234.747,0.0,989.13,0,0.0,Review demand variability and increase forecast monitoring frequency
1859,4,P4 - Routine,P01184,ConnectX Cables 01184,Accessories,Stable,2.1,Low,76.0,Medium,35.98,Low,Demand Volatility,6.09,0,0.0101,0.3794,0.0,9.304,1.76,0.7256,0.0,4.1667,6.0867,0.0,17.263,0.9969,378702.764,1136.1083,266832.48,111870.284,0.0,52.0,0,0.0,Review demand variability and increase forecast monitoring frequency
1860,4,P4 - Routine,P01318,DeskMate Paper 01318,Office Supplies,Stable,2.1,Low,64.0,Medium,4.97,Low,Demand Anomaly,6.17,0,0.0854,1.2285,0.0,7.2472,1.08,0.8335,0.0,0.0,5.5432,0.0,17.2001,0.9971,24035.2,72.1056,24035.2,0.0,0.0,1500.47,0,0.0,Investigate demand anomaly and increase short-term demand monitoring
1861,4,P4 - Routine,P01520,TechMate Chargers 01520,Accessories,Stable,2.09,Low,76.0,Medium,46.92,Medium,Demand Volatility,6.25,0,0.0715,0.3517,0.0,9.0539,1.76,0.6686,0.0,4.1667,6.2483,0.0,17.6283,0.9974,588535.6976,1765.6071,389256.56,199279.1376,0.0,1162.43,0,0.0,Review demand variability and increase forecast monitoring frequency
1862,4,P4 - Routine,P01769,EverHome Microwaves 01769,Home Appliances,Stable,2.08,Low,76.0,Medium,57.76,Medium,Demand Volatility,7.59,0,0.0588,0.3372,0.0,7.4852,1.89,1.0381,0.0,2.9167,7.5882,0.0,16.8326,0.9965,807566.34,2422.699,807566.34,0.0,0.0,0.0,0,0.0,Review demand variability and increase forecast monitoring frequency
1863,4,P4 - Routine,P00740,Arctic Microwaves 00740,Home Appliances,Stable,2.08,Low,64.0,Medium,48.28,Medium,Demand Volatility,7.45,0,0.0246,0.9636,0.0,7.8738,1.31,0.6488,0.0,0.0,7.4469,0.0,17.6171,0.9976,461369.28,1384.1078,461369.28,0.0,0.0,85.36,0,0.0,Review demand variability and increase forecast monitoring frequency
1864,4,P4 - Routine,P01250,CarePlus Grooming 01250,Personal Care,Trending,2.08,Low,76.0,Medium,28.02,Low,Demand Volatility,8.43,0,0.0298,0.0092,0.0,9.8627,2.18,0.9777,0.0,4.1667,8.4268,0.0,17.9752,0.9957,342040.2876,1026.1209,192990.6,149049.6876,0.0,4334.23,0,0.0,Review demand variability and increase forecast monitoring frequency
1865,4,P4 - Routine,P00468,CarryPro Chargers 00468,Accessories,Stable,2.08,Low,76.0,Medium,15.95,Low,Demand Volatility,6.18,0,0.0072,0.0843,0.0,9.8041,2.0,0.7646,0.0,5.625,6.1792,0.0,17.083,0.9965,127798.7088,383.3961,73068.24,54730.4688,0.0,26.0,0,0.0,Review demand variability and increase forecast monitoring frequency
1866,4,P4 - Routine,P01331,DermaX Haircare 01331,Personal Care,Stable,2.08,Low,76.0,Medium,20.35,Low,Demand Volatility,5.77,0,0.0101,0.4929,0.0,8.4414,1.49,0.0,0.0,4.1667,5.7689,0.0,17.7683,1.0,116275.5972,348.8268,0.0,116275.5972,0.0,7.0,0,0.0,Review demand variability and increase forecast monitoring frequency
1867,4,P4 - Routine,P01983,DermaX Grooming 01983,Personal Care,Stable,2.08,Low,76.0,Medium,7.34,Low,Demand Volatility,5.88,0,0.0797,0.3212,0.0,7.9111,1.71,0.3528,0.0,4.7917,5.8819,0.0,16.9777,0.9992,29513.3384,88.54,10840.83,18672.5084,0.0,65.0,0,0.0,Review demand variability and increase forecast monitoring frequency
1868,4,P4 - Routine,P00501,PaperWorks Paper 00501,Office Supplies,Stable,2.08,Low,64.0,Medium,39.1,Low,Demand Anomaly,6.55,0,0.0974,1.3042,0.0,6.2773,0.85,0.1433,0.0,0.0,5.3823,0.0,17.4417,0.9999,28416.15,85.2484,28416.15,0.0,0.0,0.0,0,0.0,Investigate demand anomaly and increase short-term demand monitoring
1869,4,P4 - Routine,P01879,EverHome Washing Machines 01879,Home Appliances,Stable,2.07,Low,76.0,Medium,70.45,High,Demand Volatility,7.36,0,0.0173,0.1606,0.0,8.0888,1.95,0.7394,0.0,4.1667,7.3642,0.0,17.6975,0.9967,1699955.124,4929.8699,932661.6,767293.524,0.0,181.58,0,0.0,Review demand variability and increase forecast monitoring frequency
1870,4,P4 - Routine,P00977,DermaX Oral Care 00977,Personal Care,Seasonal,2.07,Low,76.0,Medium,3.1,Low,Demand Volatility,9.69,0,0.0698,0.5621,0.0,9.8994,1.68,0.4568,0.0,0.625,9.6882,0.0,17.9955,0.9982,12044.56,36.1337,12044.56,0.0,0.0,0.0,0,0.0,Review demand variability and increase forecast monitoring frequency
1871,4,P4 - Routine,P01242,DeskMate Writing 01242,Office Supplies,Stable,2.06,Low,76.0,Medium,71.07,High,Supplier,5.83,0,0.0046,0.1176,0.0,6.8436,1.89,0.6797,0.0,5.8333,5.4074,0.0,16.8498,0.9973,1664779.5928,4827.8608,831139.84,833639.7528,0.0,226.0,0,0.0,Monitor supplier performance and lead-time stability
1872,4,P4 - Routine,P00136,Arctic Refrigerators 00136,Home Appliances,Stable,2.06,Low,76.0,Medium,40.94,Medium,Demand Volatility,7.41,0,0.0574,0.2409,0.0,7.4239,1.74,0.0,0.0,4.1667,7.4101,0.0,17.3253,1.0,367589.9378,1066.0108,0.0,367589.9378,0.0,54.82,0,0.0,Review demand variability and increase forecast monitoring frequency
1873,4,P4 - Routine,P01630,PureLife Haircare 01630,Personal Care,Stable,2.06,Low,76.0,Medium,30.8,Low,Demand Volatility,5.81,0,0.0344,0.1136,0.0,7.7542,1.98,0.9818,0.0,5.4167,5.8082,0.0,16.9258,0.997,326178.5256,945.9177,170326.8,155851.7256,0.0,0.0,0,0.0,Review demand variability and increase forecast monitoring frequency
1874,4,P4 - Routine,P00406,UrbanGear Bags 00406,Accessories,Stable,2.05,Low,76.0,Medium,29.39,Low,Demand Volatility,6.28,0,0.0594,0.5974,0.0,9.5543,1.58,0.865,0.0,2.5,6.2769,0.0,16.8516,0.9968,225044.82,652.63,225044.82,0.0,0.0,37.0,0,0.0,Review demand variability and increase forecast monitoring frequency
1875,4,P4 - Routine,P00171,OfficePro Storage 00171,Office Supplies,Stable,2.05,Low,76.0,Medium,19.4,Low,Demand Volatility,5.35,0,0.0633,0.4917,0.0,6.7228,1.5,0.2506,0.0,4.1667,5.3469,0.0,17.5422,0.9989,101406.4875,294.0788,46317.15,55089.3375,0.0,0.0,0,0.0,Review demand variability and increase forecast monitoring frequency
1876,4,P4 - Routine,P00972,TechMate Mobile Accessories 00972,Accessories,Stable,2.04,Low,76.0,Medium,28.15,Low,Demand Volatility,6.26,0,0.0214,0.1734,0.0,9.8443,1.77,0.1503,0.0,5.2083,6.2583,0.0,17.0854,0.9999,194721.28,564.6917,9361.6,185359.68,0.0,0.0,0,0.0,Review demand variability and increase forecast monitoring frequency
1877,4,P4 - Routine,P01063,PaperWorks Paper 01063,Office Supplies,Stable,2.04,Low,64.0,Medium,9.83,Low,Demand Anomaly,6.23,0,0.1233,1.2391,0.0,7.336,0.92,0.3697,0.0,0.0,5.4158,0.0,17.6088,0.999,24479.91,70.9917,24479.91,0.0,0.0,1141.07,0,0.0,Investigate demand anomaly and increase short-term demand monitoring
1878,4,P4 - Routine,P01766,ComfortMax Washing Machines 01766,Home Appliances,Stable,2.03,Low,76.0,Medium,45.65,Medium,Demand Volatility,7.54,0,0.0204,0.1686,0.0,8.5837,1.83,0.2446,0.0,4.1667,7.5377,0.0,18.0364,0.9989,417994.6925,1212.1846,185363.5,232631.1925,0.0,29.48,0,0.0,Review demand variability and increase forecast monitoring frequency
1879,4,P4 - Routine,P01852,UrbanGear Cables 01852,Accessories,Stable,2.03,Low,76.0,Medium,37.35,Low,Demand Volatility,6.34,0,0.0358,0.0241,0.0,9.384,1.95,0.5003,0.0,5.625,6.3426,0.0,17.0078,0.9991,285104.2434,826.8023,114756.72,170347.5234,0.0,59.2,0,0.0,Review demand variability and increase forecast monitoring frequency
1880,4,P4 - Routine,P00824,ComfortMax Washing Machines 00824,Home Appliances,Stable,2.02,Low,64.0,Medium,76.92,High,Demand Volatility,7.42,0,0.1359,0.8511,0.0,8.7718,1.41,0.9832,0.0,0.0,7.4163,0.0,17.4469,0.997,1708469.2,4783.7138,1708469.2,0.0,0.0,0.0,0,0.0,Review demand variability and increase forecast monitoring frequency
1881,4,P4 - Routine,P00720,WriteWell Writing 00720,Office Supplies,Trending,2.02,Low,76.0,Medium,46.33,Medium,Demand Volatility,8.4,0,0.0614,0.0119,0.0,9.8292,2.02,0.4511,0.0,4.1667,8.4037,0.0,18.3206,0.9982,534104.7828,1495.4934,330993.4,203111.3828,0.0,0.0,0,0.0,Review demand variability and increase forecast monitoring frequency
1882,4,P4 - Routine,P00797,CarryPro Mobile Accessories 00797,Accessories,Stable,2.02,Low,76.0,Medium,49.06,Medium,Demand Volatility,6.32,0,0.092,0.8626,0.0,9.8841,1.23,0.2994,0.0,1.25,6.3239,0.0,17.0893,0.9997,154313.25,432.0771,154313.25,0.0,0.0,0.0,0,0.0,Review demand variability and increase forecast monitoring frequency
1883,4,P4 - Routine,P00631,WriteWell Paper 00631,Office Supplies,Stable,2.02,Low,76.0,Medium,18.21,Low,Demand Volatility,5.47,0,0.0047,0.3269,0.0,7.9403,1.74,0.8655,0.0,4.375,5.4686,0.0,17.1578,0.9968,148185.3472,414.919,79897.12,68288.2272,0.0,0.0,0,0.0,Review demand variability and increase forecast monitoring frequency
1884,4,P4 - Routine,P00296,Glow Grooming 00296,Personal Care,Stable,2.02,Low,76.0,Medium,3.16,Low,Demand Anomaly,5.81,0,0.1014,1.1563,0.0,6.4034,0.94,0.1398,0.0,0.4167,5.5644,0.0,17.1864,1.0,240.9,0.6986,240.9,0.0,0.0,0.0,0,0.0,Investigate demand anomaly and increase short-term demand monitoring
1885,4,P4 - Routine,P00630,Arctic Air Conditioners 00630,Home Appliances,Stable,2.01,Low,76.0,Medium,58.85,Medium,Demand Volatility,7.48,0,0.0307,0.0161,0.0,8.6667,2.13,1.2922,0.0,4.1667,7.4817,0.0,17.6887,0.9939,1205984.2608,3376.7559,986368.68,219615.5808,0.0,0.0,0,0.0,Review demand variability and increase forecast monitoring frequency
1886,4,P4 - Routine,P01457,PaperWorks Writing 01457,Office Supplies,Stable,2.0,Low,76.0,Medium,68.02,High,Demand Volatility,5.37,0,0.0692,0.9911,0.0,6.398,1.14,0.6851,0.0,0.8333,5.3693,0.0,17.0138,0.9973,1090875.72,3054.452,1090875.72,0.0,0.0,444.0,0,0.0,Review demand variability and increase forecast monitoring frequency
1887,4,P4 - Routine,P00682,Arctic Refrigerators 00682,Home Appliances,Stable,2.0,Low,76.0,Medium,64.72,High,Demand Volatility,7.42,0,0.0521,0.819,0.0,8.8555,1.39,0.804,0.0,0.2083,7.4207,0.0,17.2016,0.9974,928687.1,2600.3239,928687.1,0.0,0.0,0.0,0,0.0,Review demand variability and increase forecast monitoring frequency
1888,4,P4 - Routine,P00306,ConnectX Mobile Accessories 00306,Accessories,Stable,2.0,Low,76.0,Medium,10.46,Low,Demand Volatility,6.31,0,0.0357,0.6865,0.0,9.0922,1.52,1.0927,0.0,1.6667,6.314,0.0,16.9267,0.9959,62462.52,174.8951,62462.52,0.0,0.0,0.0,0,0.0,Review demand variability and increase forecast monitoring frequency
1889,4,P4 - Routine,P00836,HomePro Washing Machines 00836,Home Appliances,Stable,1.99,Low,76.0,Medium,18.05,Low,Demand Volatility,8.01,0,0.0244,0.0714,0.0,9.7487,1.88,0.182,0.0,4.1667,8.0103,0.0,17.74,0.9996,105105.3264,294.2949,15101.34,90003.9864,0.0,48.58,0,0.0,Review demand variability and increase forecast monitoring frequency
1890,4,P4 - Routine,P01380,PureLife Haircare 01380,Personal Care,Stable,1.99,Low,76.0,Medium,15.73,Low,Demand Volatility,5.8,0,0.0507,0.3679,0.0,7.3191,1.58,0.2949,0.0,4.1667,5.795,0.0,17.5835,0.9984,85274.6582,238.769,45972.54,39302.1182,0.0,0.0,0,0.0,Review demand variability and increase forecast monitoring frequency
1891,4,P4 - Routine,P01612,WriteWell Writing 01612,Office Supplies,Trending,1.98,Low,76.0,Medium,62.4,High,Demand Volatility,8.32,0,0.0261,0.0091,0.0,9.6539,1.94,0.239,0.0,4.1667,8.3178,0.0,18.2427,0.999,836063.76,2257.3722,400916.2,435147.56,0.0,17102.78,0,0.0,Review demand variability and increase forecast monitoring frequency
1892,4,P4 - Routine,P01141,CarryPro Chargers 01141,Accessories,Stable,1.97,Low,76.0,Medium,36.24,Low,Demand Volatility,6.27,0,0.0102,0.1734,0.0,9.0049,1.9,1.1117,0.0,4.1667,6.2718,0.0,17.293,0.9957,417363.9561,1126.8827,318417.12,98946.8361,0.0,340.82,0,0.0,Review demand variability and increase forecast monitoring frequency
1893,4,P4 - Routine,P01742,WriteWell Desk Accessories 01742,Office Supplies,Stable,1.97,Low,76.0,Medium,40.76,Medium,Demand Volatility,5.52,0,0.0657,0.3947,0.0,7.556,1.5,0.148,0.0,4.1667,5.5235,0.0,17.428,0.9999,255888.064,690.8978,19283.2,236604.864,0.0,3178.2,0,0.0,Review demand variability and increase forecast monitoring frequency
1894,4,P4 - Routine,P00713,Glow Haircare 00713,Personal Care,Stable,1.97,Low,76.0,Medium,25.74,Low,Demand Volatility,5.83,0,0.0003,0.3246,0.0,6.6962,1.62,0.4026,0.0,4.1667,5.8312,0.0,17.4666,0.9987,164048.6964,442.9315,79713.36,84335.3364,0.0,11625.95,0,0.0,Review demand variability and increase forecast monitoring frequency
1895,4,P4 - Routine,P01223,HomePro Refrigerators 01223,Home Appliances,Stable,1.96,Low,76.0,Medium,69.31,High,Demand Volatility,7.41,0,0.0262,0.0964,0.0,8.301,1.83,0.3022,0.0,4.1667,7.4082,0.0,17.3785,0.9997,1191412.0218,3216.8125,113216.22,1078195.8018,0.0,0.0,0,0.0,Review demand variability and increase forecast monitoring frequency
1896,4,P4 - Routine,P00062,ComfortMax Refrigerators 00062,Home Appliances,Seasonal,1.96,Low,64.0,Medium,14.94,Low,Demand Volatility,12.75,0,0.0508,0.1071,0.0,8.0992,2.14,0.7637,0.0,0.0,12.7515,0.0,18.3045,0.9965,88640.64,239.3297,88640.64,0.0,0.0,176.45,0,0.0,Review demand variability and increase forecast monitoring frequency
1897,4,P4 - Routine,P01571,PureLife Grooming 01571,Personal Care,Stable,1.96,Low,76.0,Medium,7.09,Low,Demand Volatility,5.6,0,0.0096,0.4139,0.0,6.9527,1.46,0.0,0.0,4.1667,5.5989,0.0,17.3282,1.0,21316.636,57.5549,0.0,21316.636,0.0,0.0,0,0.0,Review demand variability and increase forecast monitoring frequency
1898,4,P4 - Routine,P01532,Glow Haircare 01532,Personal Care,Stable,1.94,Low,64.0,Medium,11.17,Low,Demand Volatility,5.64,0,0.1216,1.0487,0.0,6.8194,1.1,0.8566,0.0,0.0,5.6388,0.0,17.5148,0.9969,59772.58,161.386,59772.58,0.0,0.0,3153.68,0,0.0,Review demand variability and increase forecast monitoring frequency
1899,4,P4 - Routine,P01664,CarePlus Skincare 01664,Personal Care,Stable,1.94,Low,76.0,Medium,4.86,Low,Demand Volatility,5.84,0,0.0355,0.2762,0.0,7.3578,1.69,0.6276,0.0,4.1667,5.844,0.0,17.5277,0.9978,25710.5202,69.4184,15817.6,9892.9202,0.0,0.0,0,0.0,Review demand variability and increase forecast monitoring frequency
1900,4,P4 - Routine,P00862,DermaX Haircare 00862,Personal Care,Stable,1.92,Low,64.0,Medium,5.33,Low,Demand Volatility,5.98,0,0.0384,1.0548,0.0,7.2551,0.99,0.2971,0.0,0.0,5.9758,0.0,17.907,0.9998,3487.26,9.4156,3487.26,0.0,0.0,300.17,0,0.0,Review demand variability and increase forecast monitoring frequency
1901,4,P4 - Routine,P01472,WriteWell Storage 01472,Office Supplies,Stable,1.91,Low,76.0,Medium,16.46,Low,Demand Anomaly,5.7,0,0.0772,1.1356,0.0,7.7315,0.83,0.0,0.0,0.2083,5.3148,0.0,17.2041,1.0,0.0,0.0,0.0,0.0,0.0,0.0,0,0.0,Investigate demand anomaly and increase short-term demand monitoring
1902,4,P4 - Routine,P00096,PureLife Skincare 00096,Personal Care,Stable,1.89,Low,76.0,Medium,24.58,Low,Demand Volatility,5.7,0,0.0048,0.2869,0.0,6.9197,1.55,0.2301,0.0,4.1667,5.6952,0.0,17.1046,0.9991,179373.6708,466.3715,45780.15,133593.5208,0.0,0.0,0,0.0,Review demand variability and increase forecast monitoring frequency
1903,4,P4 - Routine,P01316,CarePlus Haircare 01316,Personal Care,Stable,1.88,Low,76.0,Medium,16.23,Low,Demand Volatility,5.68,0,0.0007,0.3142,0.0,7.3741,1.48,0.0,0.0,4.1667,5.6806,0.0,17.9896,1.0,58015.7096,150.8408,0.0,58015.7096,0.0,0.0,0,0.0,Review demand variability and increase forecast monitoring frequency
1904,4,P4 - Routine,P00194,Glow Skincare 00194,Personal Care,Stable,1.88,Low,76.0,Medium,5.27,Low,Demand Volatility,5.65,0,0.0871,0.7708,0.0,7.028,1.33,1.0946,0.0,1.0417,5.6475,0.0,16.9573,0.9959,29904.6,77.752,29904.6,0.0,0.0,844.43,0,0.0,Review demand variability and increase forecast monitoring frequency
1905,4,P4 - Routine,P00188,Glow Grooming 00188,Personal Care,Stable,1.87,Low,64.0,Medium,7.27,Low,Demand Volatility,5.69,0,0.1079,1.0539,0.0,6.6201,0.91,0.1895,0.0,0.0,5.6933,0.0,17.528,0.9995,10721.22,27.8752,10721.22,0.0,0.0,1266.16,0,0.0,Review demand variability and increase forecast monitoring frequency
1906,4,P4 - Routine,P01490,ComfortMax Refrigerators 01490,Home Appliances,Stable,1.86,Low,76.0,Medium,49.13,Medium,Demand Volatility,7.25,0,0.0432,0.012,0.0,8.3198,1.84,0.4102,0.0,4.1667,7.2518,0.0,17.707,0.9986,644973.112,1612.4328,217309.0,427664.112,0.0,0.0,0,0.0,Review demand variability and increase forecast monitoring frequency
1907,4,P4 - Routine,P01201,WriteWell Writing 01201,Office Supplies,Stable,1.86,Low,64.0,Medium,8.24,Low,Demand Anomaly,5.49,0,0.0894,1.0933,0.0,6.8175,0.89,0.3646,0.0,0.0,5.2035,0.0,17.3614,0.9991,18757.2,46.893,18757.2,0.0,0.0,0.0,0,0.0,Investigate demand anomaly and increase short-term demand monitoring
1908,4,P4 - Routine,P01558,EverHome Microwaves 01558,Home Appliances,Stable,1.85,Low,76.0,Medium,55.73,Medium,Demand Volatility,7.5,0,0.037,0.265,0.0,9.6354,1.8,1.2207,0.0,2.0833,7.5004,0.0,16.9231,0.996,800163.52,2000.4088,800163.52,0.0,0.0,572.49,0,0.0,Review demand variability and increase forecast monitoring frequency
1909,4,P4 - Routine,P01824,WriteWell Writing 01824,Office Supplies,Stable,1.85,Low,64.0,Medium,37.78,Low,Demand Anomaly,5.35,0,0.0868,1.064,0.0,6.9157,0.9,0.3452,0.0,0.0,5.3229,0.0,17.4943,0.9993,142941.37,357.3534,142941.37,0.0,0.0,4281.76,0,0.0,Investigate demand anomaly and increase short-term demand monitoring
1910,4,P4 - Routine,P00521,CarePlus Oral Care 00521,Personal Care,Stable,1.83,Low,76.0,Medium,15.43,Low,Demand Volatility,5.64,0,0.0268,0.251,0.0,5.9122,1.53,0.1879,0.0,4.1667,5.6383,0.0,17.5405,0.9995,64405.346,161.0134,17634.32,46771.026,0.0,1397.57,0,0.0,Review demand variability and increase forecast monitoring frequency
1911,4,P4 - Routine,P01876,Glow Skincare 01876,Personal Care,Stable,1.82,Low,64.0,Medium,15.61,Low,Demand Volatility,5.63,0,0.0699,0.9269,0.0,7.3856,1.12,0.9156,0.0,0.0,5.6321,0.0,17.3632,0.9963,94204.97,235.5124,94204.97,0.0,0.0,3479.99,0,0.0,Review demand variability and increase forecast monitoring frequency
1912,4,P4 - Routine,P00570,ComfortMax Air Conditioners 00570,Home Appliances,Stable,1.82,Low,64.0,Medium,30.06,Low,Demand Volatility,7.35,0,0.087,0.7708,0.0,7.9902,1.16,0.2061,0.0,0.0,7.3453,0.0,17.5312,0.9993,93793.14,225.1035,93793.14,0.0,0.0,262.36,0,0.0,Review demand variability and increase forecast monitoring frequency
1913,4,P4 - Routine,P01895,DermaX Skincare 01895,Personal Care,Stable,1.81,Low,76.0,Medium,14.17,Low,Demand Volatility,5.65,0,0.0339,0.091,0.0,7.3177,1.85,1.2467,0.0,4.1667,5.6456,0.0,17.2002,0.9958,102542.368,246.1017,77794.04,24748.328,0.0,0.0,0,0.0,Review demand variability and increase forecast monitoring frequency
1914,4,P4 - Routine,P01422,Glow Oral Care 01422,Personal Care,Stable,1.81,Low,76.0,Medium,14.74,Low,Demand Volatility,5.65,0,0.0412,0.1664,0.0,6.8256,1.66,0.6201,0.0,4.1667,5.6543,0.0,17.4941,0.9979,98887.3984,237.3298,43092.42,55794.9784,0.0,6161.13,0,0.0,Review demand variability and increase forecast monitoring frequency
1915,4,P4 - Routine,P01172,CarryPro Chargers 01172,Accessories,Stable,1.79,Low,76.0,Medium,43.85,Medium,Demand Volatility,6.37,0,0.0445,0.0741,0.0,9.9233,1.69,0.3646,0.0,4.1667,6.37,0.0,17.4531,0.9991,476478.7648,1143.549,121895.15,354583.6148,0.0,0.0,0,0.0,Review demand variability and increase forecast monitoring frequency
1916,4,P4 - Routine,P01355,PureLife Skincare 01355,Personal Care,Stable,1.79,Low,76.0,Medium,19.0,Low,Demand Volatility,5.83,0,0.0304,0.1229,0.0,7.104,1.7,0.6522,0.0,4.1667,5.8305,0.0,17.6085,0.9976,125452.2784,301.0855,80261.76,45190.5184,0.0,243.0,0,0.0,Review demand variability and increase forecast monitoring frequency
1917,4,P4 - Routine,P00227,TechMate Bags 00227,Accessories,Stable,1.78,Low,76.0,Medium,81.06,Very High,Demand Volatility,6.24,0,0.0615,0.3613,0.0,9.4707,1.59,1.1295,0.0,2.0833,6.2435,0.0,16.8191,0.9956,2274300.0,5230.89,2274300.0,0.0,0.0,392.44,0,0.0,Review demand variability and increase forecast monitoring frequency
1918,4,P4 - Routine,P01107,EverHome Refrigerators 01107,Home Appliances,Stable,1.78,Low,76.0,Medium,15.91,Low,Demand Volatility,7.58,0,0.0728,0.4577,0.0,7.7995,1.61,1.2674,0.0,0.625,7.5755,0.0,17.2365,0.9955,107195.2,257.2685,107195.2,0.0,0.0,632.08,0,0.0,Review demand variability and increase forecast monitoring frequency
1919,4,P4 - Routine,P00812,UrbanGear Mobile Accessories 00812,Accessories,Stable,1.77,Low,76.0,Medium,64.67,High,Demand Volatility,6.32,0,0.024,0.0512,0.0,9.8676,1.7,0.4377,0.0,4.1667,6.3159,0.0,17.7376,0.9984,992847.9407,2283.5503,548606.94,444241.0007,0.0,0.0,0,0.0,Review demand variability and increase forecast monitoring frequency
1920,4,P4 - Routine,P00452,CarePlus Grooming 00452,Personal Care,Stable,1.77,Low,76.0,Medium,7.14,Low,Demand Volatility,5.78,0,0.0281,0.0562,0.0,6.4385,1.83,1.1146,0.0,4.1667,5.7815,0.0,17.3655,0.9957,47493.0755,113.9834,36123.85,11369.2255,0.0,844.07,0,0.0,Review demand variability and increase forecast monitoring frequency
1921,4,P4 - Routine,P00475,DermaX Oral Care 00475,Personal Care,Stable,1.76,Low,76.0,Medium,10.63,Low,Demand Volatility,5.76,0,0.0193,0.1626,0.0,7.2004,1.54,0.1752,0.0,4.1667,5.7624,0.0,17.4113,0.9996,39597.1697,91.0735,8700.73,30896.4397,0.0,0.0,0,0.0,Review demand variability and increase forecast monitoring frequency
1922,4,P4 - Routine,P00806,PaperWorks Desk Accessories 00806,Office Supplies,Stable,1.75,Low,76.0,Medium,44.18,Medium,Demand Volatility,5.43,0,0.0842,0.6192,0.0,7.976,1.26,0.7403,0.0,1.4583,5.4309,0.0,17.0995,0.9981,355317.86,817.2311,355317.86,0.0,0.0,3180.2,0,0.0,Review demand variability and increase forecast monitoring frequency
1923,4,P4 - Routine,P00575,TechMate Bags 00575,Accessories,Stable,1.75,Low,76.0,Medium,15.66,Low,Demand Volatility,6.37,0,0.0755,0.6986,0.0,9.7731,1.19,0.4663,0.0,0.625,6.3718,0.0,17.1742,0.9981,67618.98,155.5237,67618.98,0.0,0.0,0.0,0,0.0,Review demand variability and increase forecast monitoring frequency
1924,4,P4 - Routine,P00234,DermaX Haircare 00234,Personal Care,Stable,1.75,Low,76.0,Medium,6.64,Low,Demand Volatility,5.64,0,0.0708,0.6745,0.0,7.452,1.18,0.4795,0.0,1.25,5.6398,0.0,16.9366,0.9979,25278.96,58.1416,25278.96,0.0,0.0,121.0,0,0.0,Review demand variability and increase forecast monitoring frequency
1925,4,P4 - Routine,P00426,DermaX Skincare 00426,Personal Care,Stable,1.74,Low,76.0,Medium,8.63,Low,Demand Volatility,5.56,0,0.0027,0.0915,0.0,6.1617,1.64,0.4963,0.0,4.375,5.5601,0.0,17.2115,0.9978,46580.7476,107.1357,28918.36,17662.3876,0.0,0.0,0,0.0,Review demand variability and increase forecast monitoring frequency
1926,4,P4 - Routine,P00453,Arctic Refrigerators 00453,Home Appliances,Stable,1.73,Low,64.0,Medium,15.46,Low,Demand Volatility,7.14,0,0.1009,0.7468,0.0,9.4895,1.07,0.0,0.0,0.0,7.1443,0.0,17.7656,1.0,0.0,0.0,0.0,0.0,0.0,468.51,0,0.0,Review demand variability and increase forecast monitoring frequency
1927,4,P4 - Routine,P00700,PureLife Haircare 00700,Personal Care,Stable,1.72,Low,76.0,Medium,6.07,Low,Demand Volatility,5.59,0,0.0305,0.1445,0.0,6.642,1.52,0.1933,0.0,4.1667,5.5873,0.0,17.5685,0.9994,22702.6144,52.216,6660.04,16042.5744,0.0,0.0,0,0.0,Review demand variability and increase forecast monitoring frequency
1928,4,P4 - Routine,P00193,TechMate Mobile Accessories 00193,Accessories,Stable,1.71,Low,76.0,Medium,61.62,High,Demand Volatility,6.59,0,0.0511,0.4848,0.0,9.5048,1.48,1.2343,0.0,0.8333,6.5934,0.0,17.0927,0.9959,1032195.78,2270.8307,1032195.78,0.0,0.0,4131.19,0,0.0,Review demand variability and increase forecast monitoring frequency
1929,4,P4 - Routine,P00367,TechMate Bags 00367,Accessories,Stable,1.71,Low,76.0,Medium,50.78,Medium,Demand Volatility,6.27,0,0.0048,0.5471,0.0,9.7984,1.38,1.0621,0.0,0.8333,6.2744,0.0,16.9781,0.9976,520046.7,1144.1027,520046.7,0.0,0.0,4322.85,0,0.0,Review demand variability and increase forecast monitoring frequency
1930,4,P4 - Routine,P01204,EverHome Refrigerators 01204,Home Appliances,Stable,1.7,Low,76.0,Medium,27.85,Low,Demand Volatility,7.88,0,0.05,0.1429,0.0,9.9596,1.61,0.2757,0.0,2.2917,7.8826,0.0,16.8932,0.9986,130766.04,287.6853,130766.04,0.0,0.0,167.99,0,0.0,Review demand variability and increase forecast monitoring frequency
1931,4,P4 - Routine,P01194,DermaX Grooming 01194,Personal Care,Stable,1.7,Low,64.0,Medium,13.11,Low,Demand Volatility,5.58,0,0.0886,0.811,0.0,6.8311,1.12,0.9435,0.0,0.0,5.5783,0.0,17.4737,0.996,79985.49,175.9681,79985.49,0.0,0.0,2130.85,0,0.0,Review demand variability and increase forecast monitoring frequency
1932,4,P4 - Routine,P01143,DeskMate Desk Accessories 01143,Office Supplies,Stable,1.69,Low,76.0,Medium,5.8,Low,Demand Volatility,5.41,0,0.0058,0.3372,0.0,6.6153,1.34,0.2031,0.0,3.125,5.4078,0.0,16.6865,0.9993,9836.4,21.6401,9836.4,0.0,0.0,0.0,0,0.0,Review demand variability and increase forecast monitoring frequency
1933,4,P4 - Routine,P01875,PaperWorks Paper 01875,Office Supplies,Stable,1.67,Low,76.0,Medium,51.01,Medium,Demand Volatility,5.43,0,0.0114,0.8037,0.0,6.6506,0.96,0.2678,0.0,0.4167,5.4326,0.0,17.1977,0.9987,379175.28,796.2681,379175.28,0.0,0.0,8319.9,0,0.0,Review demand variability and increase forecast monitoring frequency
1934,4,P4 - Routine,P01448,TechMate Bags 01448,Accessories,Stable,1.66,Low,76.0,Medium,33.59,Low,Demand Volatility,6.41,0,0.0923,0.5575,0.0,9.9997,1.28,0.737,0.0,0.625,6.4135,0.0,17.1266,0.9981,216924.75,455.542,216924.75,0.0,0.0,0.0,0,0.0,Review demand variability and increase forecast monitoring frequency
1935,4,P4 - Routine,P00347,DermaX Skincare 00347,Personal Care,Stable,1.64,Low,76.0,Medium,13.9,Low,Demand Volatility,5.58,0,0.0338,0.0585,0.0,6.7522,1.72,1.1616,0.0,3.5417,5.579,0.0,16.5809,0.9966,80041.28,168.0867,80041.28,0.0,0.0,933.84,0,0.0,Review demand variability and increase forecast monitoring frequency
1936,4,P4 - Routine,P01332,OfficePro Paper 01332,Office Supplies,Stable,1.64,Low,76.0,Medium,9.87,Low,Demand Volatility,5.48,0,0.0303,0.0,0.0,6.8187,1.7,0.8573,0.0,4.1667,5.479,0.0,17.2002,0.9969,61555.7448,129.2671,42842.25,18713.4948,0.0,2.0,0,0.0,Review demand variability and increase forecast monitoring frequency
1937,4,P4 - Routine,P01382,ComfortMax Microwaves 01382,Home Appliances,Stable,1.61,Low,76.0,Medium,61.06,High,Demand Volatility,7.54,0,0.0027,0.0241,0.0,8.1907,1.67,0.5521,0.0,2.5,7.5432,0.0,16.7745,0.9986,629993.0,1259.986,629993.0,0.0,0.0,181.75,0,0.0,Review demand variability and increase forecast monitoring frequency
1938,4,P4 - Routine,P00832,Glow Skincare 00832,Personal Care,Stable,1.61,Low,76.0,Medium,1.59,Low,Demand Volatility,5.76,0,0.0111,0.0175,0.0,6.4782,1.54,0.1835,0.0,4.1667,5.7587,0.0,17.5006,0.9995,5843.8876,11.6878,1487.52,4356.3676,0.0,197.39,0,0.0,Review demand variability and increase forecast monitoring frequency
1939,4,P4 - Routine,P01653,HomePro Microwaves 01653,Home Appliances,Stable,1.58,Low,64.0,Medium,84.8,Very High,Demand Volatility,7.41,0,0.0856,0.4336,0.0,8.248,1.35,0.7965,0.0,0.0,7.4131,0.0,17.8065,0.9961,2568927.2,4880.9617,2568927.2,0.0,0.0,1399.99,0,0.0,Review demand variability and increase forecast monitoring frequency
1940,4,P4 - Routine,P01856,Arctic Microwaves 01856,Home Appliances,Stable,1.56,Low,64.0,Medium,29.81,Low,Demand Volatility,7.4,0,0.0345,0.4095,0.0,7.589,1.4,0.9698,0.0,0.0,7.3991,0.0,17.3714,0.9958,266394.58,506.1497,266394.58,0.0,0.0,1073.1,0,0.0,Review demand variability and increase forecast monitoring frequency
1941,4,P4 - Routine,P00792,PureLife Oral Care 00792,Personal Care,Stable,1.53,Low,64.0,Medium,4.21,Low,Demand Volatility,5.79,0,0.0245,0.66,0.0,7.7594,1.04,0.5674,0.0,0.0,5.7852,0.0,17.3211,0.9984,13452.24,25.5593,13452.24,0.0,0.0,0.0,0,0.0,Review demand variability and increase forecast monitoring frequency
1942,4,P4 - Routine,P00142,EverHome Microwaves 00142,Home Appliances,Stable,1.51,Low,64.0,Medium,60.5,High,Demand Volatility,7.7,0,0.0394,0.265,0.0,8.2514,1.57,1.3807,0.0,0.0,7.6958,0.0,17.5083,0.993,1231735.77,2217.1244,1231735.77,0.0,0.0,573.42,0,0.0,Review demand variability and increase forecast monitoring frequency
1943,4,P4 - Routine,P00095,DeskMate Writing 00095,Office Supplies,Stable,1.51,Low,64.0,Medium,71.56,High,Demand Volatility,5.42,0,0.0441,0.6874,0.0,6.9567,0.96,0.4848,0.0,0.0,5.4231,0.0,17.3034,0.9979,1177424.64,2119.3644,1177424.64,0.0,0.0,0.0,0,0.0,Review demand variability and increase forecast monitoring frequency
1944,4,P4 - Routine,P01942,Arctic Washing Machines 01942,Home Appliances,Stable,1.49,Low,76.0,Medium,53.54,Medium,Demand Volatility,7.51,0,0.0196,0.1686,0.0,9.0209,1.54,0.948,0.0,0.8333,7.5058,0.0,17.1592,0.996,745718.4,1342.2931,745718.4,0.0,0.0,327.35,0,0.0,Review demand variability and increase forecast monitoring frequency
1945,4,P4 - Routine,P01139,CarePlus Haircare 01139,Personal Care,Stable,1.47,Low,76.0,Medium,23.85,Low,Demand Volatility,5.52,0,0.0229,0.1686,0.0,7.8531,1.38,0.5958,0.0,2.5,5.5181,0.0,16.6912,0.9982,119704.75,215.4686,119704.75,0.0,0.0,11221.39,0,0.0,Review demand variability and increase forecast monitoring frequency
1946,4,P4 - Routine,P00385,PaperWorks Desk Accessories 00385,Office Supplies,Stable,1.45,Low,64.0,Medium,8.99,Low,Demand Volatility,5.49,0,0.0162,0.6263,0.0,6.1392,0.98,0.5085,0.0,0.0,5.4875,0.0,17.4576,0.9977,38318.92,65.1422,38318.92,0.0,0.0,990.44,0,0.0,Review demand variability and increase forecast monitoring frequency
1947,4,P4 - Routine,P00307,Glow Grooming 00307,Personal Care,Stable,1.45,Low,64.0,Medium,6.9,Low,Demand Volatility,5.64,0,0.0701,0.5701,0.0,6.8541,1.09,0.8214,0.0,0.0,5.6398,0.0,17.5315,0.9973,30763.2,52.2974,30763.2,0.0,0.0,1352.74,0,0.0,Review demand variability and increase forecast monitoring frequency
1948,4,P4 - Routine,P00217,EverHome Washing Machines 00217,Home Appliances,Stable,1.44,Low,76.0,Medium,74.36,High,Demand Volatility,7.4,0,0.0898,0.0482,0.0,7.8493,1.65,1.2672,0.0,1.0417,7.3953,0.0,17.1267,0.9942,1899268.25,3228.756,1899268.25,0.0,0.0,0.0,0,0.0,Review demand variability and increase forecast monitoring frequency
1949,4,P4 - Routine,P00640,EverHome Microwaves 00640,Home Appliances,Stable,1.42,Low,76.0,Medium,44.65,Medium,Demand Volatility,7.46,0,0.0566,0.0964,0.0,7.9067,1.48,0.6867,0.0,1.0417,7.4601,0.0,17.1816,0.9972,429518.4,730.1813,429518.4,0.0,0.0,0.0,0,0.0,Review demand variability and increase forecast monitoring frequency
1950,4,P4 - Routine,P01790,Glow Haircare 01790,Personal Care,Stable,1.42,Low,64.0,Medium,2.02,Low,Demand Volatility,5.69,0,0.0267,0.6143,0.0,7.4445,0.91,0.176,0.0,0.0,5.6866,0.0,17.6052,0.9996,2275.2,3.8678,2275.2,0.0,0.0,603.76,0,0.0,Review demand variability and increase forecast monitoring frequency
1951,4,P4 - Routine,P01509,PureLife Grooming 01509,Personal Care,Stable,1.4,Low,76.0,Medium,10.79,Low,Demand Volatility,5.62,0,0.0328,0.5024,0.0,6.7188,1.07,0.639,0.0,0.2083,5.6169,0.0,17.1749,0.9977,47108.88,80.0851,47108.88,0.0,0.0,232.0,0,0.0,Review demand variability and increase forecast monitoring frequency
1952,4,P4 - Routine,P01167,CarryPro Chargers 01167,Accessories,Stable,1.39,Low,76.0,Medium,47.45,Medium,Demand Volatility,6.16,0,0.0233,0.1044,0.0,9.7117,1.44,0.8895,0.0,1.6667,6.156,0.0,16.868,0.9966,556369.24,890.1908,556369.24,0.0,0.0,20.0,0,0.0,Review demand variability and increase forecast monitoring frequency
1953,4,P4 - Routine,P00173,DermaX Haircare 00173,Personal Care,Stable,1.39,Low,64.0,Medium,17.01,Low,Demand Volatility,5.69,0,0.0168,0.5589,0.0,6.3696,0.97,0.382,0.0,0.0,5.6852,0.0,17.7382,0.9989,53172.0,85.0752,53172.0,0.0,0.0,41.87,0,0.0,Review demand variability and increase forecast monitoring frequency
1954,4,P4 - Routine,P00618,EverHome Refrigerators 00618,Home Appliances,Stable,1.38,Low,64.0,Medium,10.64,Low,Demand Volatility,9.79,0,0.0175,0.0357,0.0,3.9242,1.47,0.0,0.0,0.0,9.7886,0.0,18.5053,1.0,0.0,0.0,0.0,0.0,0.0,139.59,0,0.0,Review demand variability and increase forecast monitoring frequency
1955,4,P4 - Routine,P00835,DermaX Oral Care 00835,Personal Care,Stable,1.37,Low,64.0,Medium,9.65,Low,Demand Volatility,5.68,0,0.0511,0.4577,0.0,7.7426,1.16,1.0128,0.0,0.0,5.6824,0.0,17.2905,0.9967,51119.87,81.7918,51119.87,0.0,0.0,0.0,0,0.0,Review demand variability and increase forecast monitoring frequency
1956,4,P4 - Routine,P00915,PureLife Oral Care 00915,Personal Care,Stable,1.37,Low,64.0,Medium,2.69,Low,Demand Volatility,5.59,0,0.0364,0.5781,0.0,6.2463,0.89,0.1687,0.0,0.0,5.5934,0.0,17.7694,0.9997,2381.53,3.8104,2381.53,0.0,0.0,0.0,0,0.0,Review demand variability and increase forecast monitoring frequency
1957,4,P4 - Routine,P00594,HomePro Microwaves 00594,Home Appliances,Stable,1.35,Low,64.0,Medium,53.36,Medium,Demand Volatility,7.53,0,0.0262,0.2409,0.0,8.0421,1.29,0.5257,0.0,0.0,7.5271,0.0,17.3756,0.9989,391535.4,626.4566,391535.4,0.0,0.0,0.0,0,0.0,Review demand variability and increase forecast monitoring frequency
1958,4,P4 - Routine,P00612,WriteWell Storage 00612,Office Supplies,Stable,1.32,Low,64.0,Medium,46.81,Medium,Demand Volatility,5.52,0,0.0602,0.4916,0.0,6.7171,0.96,0.4412,0.0,0.0,5.5236,0.0,17.3575,0.9983,362462.58,543.6939,362462.58,0.0,0.0,0.0,0,0.0,Review demand variability and increase forecast monitoring frequency
1959,4,P4 - Routine,P01990,OfficePro Desk Accessories 01990,Office Supplies,Stable,1.32,Low,64.0,Medium,32.62,Low,Demand Volatility,5.43,0,0.0487,0.5246,0.0,6.0724,0.93,0.376,0.0,0.0,5.4335,0.0,17.8119,0.999,139119.68,208.6795,139119.68,0.0,0.0,34.0,0,0.0,Review demand variability and increase forecast monitoring frequency
1960,4,P4 - Routine,P01497,Glow Skincare 01497,Personal Care,Stable,1.32,Low,64.0,Medium,17.74,Low,Demand Volatility,5.7,0,0.0519,0.4985,0.0,7.0084,0.93,0.2537,0.0,0.0,5.6989,0.0,17.3727,0.9988,59701.6,89.5524,59701.6,0.0,0.0,206.0,0,0.0,Review demand variability and increase forecast monitoring frequency
1961,4,P4 - Routine,P00083,Arctic Air Conditioners 00083,Home Appliances,Stable,1.31,Low,76.0,Medium,49.8,Medium,Demand Volatility,7.72,0,0.0769,0.0,0.0,9.4876,1.46,0.5825,0.0,0.8333,7.7166,0.0,17.1186,0.9983,415460.11,623.1902,415460.11,0.0,0.0,1110.55,0,0.0,Review demand variability and increase forecast monitoring frequency
1962,4,P4 - Routine,P01004,OfficePro Desk Accessories 01004,Office Supplies,Stable,1.3,Low,64.0,Medium,30.92,Low,Demand Volatility,5.51,0,0.0185,0.538,0.0,6.6257,0.83,0.0,0.0,0.0,5.5062,0.0,17.7445,1.0,0.0,0.0,0.0,0.0,0.0,2503.82,0,0.0,Review demand variability and increase forecast monitoring frequency
1963,4,P4 - Routine,P00411,HomePro Washing Machines 00411,Home Appliances,Stable,1.29,Low,76.0,Medium,67.21,High,Demand Volatility,7.53,0,0.0472,0.0241,0.0,8.3214,1.59,1.4436,0.0,0.2083,7.5333,0.0,17.3709,0.9938,1535020.2,2149.0283,1535020.2,0.0,0.0,0.0,0,0.0,Review demand variability and increase forecast monitoring frequency
1964,4,P4 - Routine,P01244,CarryPro Cables 01244,Accessories,Stable,1.29,Low,64.0,Medium,5.85,Low,Demand Volatility,6.37,0,0.0427,0.3613,0.0,9.6305,1.07,0.3807,0.0,0.0,6.3747,0.0,17.9795,0.9989,14712.5,22.0688,14712.5,0.0,0.0,289.56,0,0.0,Review demand variability and increase forecast monitoring frequency
1965,4,P4 - Routine,P00952,PaperWorks Writing 00952,Office Supplies,Stable,1.27,Low,76.0,Medium,32.1,Low,Demand Volatility,5.36,0,0.0132,0.3655,0.0,7.0195,1.07,0.6787,0.0,0.4167,5.3633,0.0,17.2028,0.9987,157999.41,221.1992,157999.41,0.0,0.0,0.0,0,0.0,Review demand variability and increase forecast monitoring frequency
1966,4,P4 - Routine,P00422,DeskMate Desk Accessories 00422,Office Supplies,Stable,1.26,Low,76.0,Medium,14.72,Low,Demand Volatility,5.38,0,0.0055,0.265,0.0,7.0294,1.18,0.8275,0.0,0.8333,5.3757,0.0,17.1764,0.9972,77055.0,107.877,77055.0,0.0,0.0,346.84,0,0.0,Review demand variability and increase forecast monitoring frequency
1967,4,P4 - Routine,P01637,HomePro Washing Machines 01637,Home Appliances,Stable,1.26,Low,64.0,Medium,19.46,Low,Demand Volatility,7.86,0,0.0297,0.1445,0.0,9.3961,1.25,0.2278,0.0,0.0,7.8578,0.0,17.7633,0.9991,58794.25,82.312,58794.25,0.0,0.0,0.0,0,0.0,Review demand variability and increase forecast monitoring frequency
1968,4,P4 - Routine,P01282,DeskMate Paper 01282,Office Supplies,Stable,1.24,Low,76.0,Medium,33.12,Low,Demand Volatility,5.36,0,0.0011,0.1789,0.0,7.1167,1.2,0.6927,0.0,1.25,5.3631,0.0,16.9113,0.9972,259480.8,363.2731,259480.8,0.0,0.0,0.0,0,0.0,Review demand variability and increase forecast monitoring frequency
1969,4,P4 - Routine,P01040,Arctic Air Conditioners 01040,Home Appliances,Stable,1.24,Low,64.0,Medium,29.95,Low,Demand Volatility,7.81,0,0.0151,0.0723,0.0,8.9743,1.39,0.7369,0.0,0.0,7.8071,0.0,17.7244,0.9967,233799.12,327.3188,233799.12,0.0,0.0,151.91,0,0.0,Review demand variability and increase forecast monitoring frequency
1970,4,P4 - Routine,P01920,EverHome Refrigerators 01920,Home Appliances,Stable,1.23,Low,64.0,Medium,60.08,High,Demand Volatility,7.35,0,0.064,0.0964,0.0,7.0425,1.37,0.8809,0.0,0.0,7.3518,0.0,17.3452,0.9953,1022398.72,1329.1183,1022398.72,0.0,0.0,0.0,0,0.0,Review demand variability and increase forecast monitoring frequency
1971,4,P4 - Routine,P01649,WriteWell Storage 01649,Office Supplies,Stable,1.23,Low,76.0,Medium,10.62,Low,Demand Volatility,5.43,0,0.0004,0.2302,0.0,7.1468,1.06,0.1773,0.0,1.25,5.4307,0.0,17.0017,0.9996,13334.7,18.6686,13334.7,0.0,0.0,32.0,0,0.0,Review demand variability and increase forecast monitoring frequency
1972,4,P4 - Routine,P01310,ConnectX Bags 01310,Accessories,Stable,1.22,Low,64.0,Medium,21.13,Low,Demand Volatility,6.27,0,0.009,0.3407,0.0,9.8327,0.98,0.1438,0.0,0.0,6.2744,0.0,17.8852,0.9999,8090.1,10.5171,8090.1,0.0,0.0,0.0,0,0.0,Review demand variability and increase forecast monitoring frequency
1973,4,P4 - Routine,P00366,EverHome Refrigerators 00366,Home Appliances,Stable,1.21,Low,64.0,Medium,36.99,Low,Demand Volatility,7.45,0,0.0472,0.0964,0.0,8.2443,1.32,0.6835,0.0,0.0,7.4458,0.0,17.457,0.9973,312493.76,406.2419,312493.76,0.0,0.0,1053.59,0,0.0,Review demand variability and increase forecast monitoring frequency
1974,4,P4 - Routine,P00510,DeskMate Storage 00510,Office Supplies,Stable,1.21,Low,64.0,Medium,42.41,Medium,Demand Volatility,5.32,0,0.0393,0.4184,0.0,7.1538,0.91,0.3863,0.0,0.0,5.317,0.0,17.1203,0.9989,235123.71,305.6608,235123.71,0.0,0.0,5879.91,0,0.0,Review demand variability and increase forecast monitoring frequency
1975,4,P4 - Routine,P00894,Arctic Refrigerators 00894,Home Appliances,Stable,1.21,Low,64.0,Medium,30.48,Low,Demand Volatility,8.14,0,0.0,0.0,0.0,7.2687,1.43,0.6995,0.0,0.0,8.1405,0.0,17.4261,0.9971,228008.7,296.4113,228008.7,0.0,0.0,54.22,0,0.0,Review demand variability and increase forecast monitoring frequency
1976,4,P4 - Routine,P00154,CarePlus Skincare 00154,Personal Care,Stable,1.2,Low,76.0,Medium,1.62,Low,Demand Volatility,5.69,0,0.0282,0.2891,0.0,6.29,1.02,0.3628,0.0,0.4167,5.688,0.0,17.0611,0.9991,3544.8,4.6082,3544.8,0.0,0.0,0.0,0,0.0,Review demand variability and increase forecast monitoring frequency
1977,4,P4 - Routine,P01193,EverHome Washing Machines 01193,Home Appliances,Stable,1.19,Low,64.0,Medium,59.41,Medium,Demand Volatility,7.55,0,0.0125,0.0803,0.0,7.7687,1.28,0.4913,0.0,0.0,7.5532,0.0,17.8138,0.9978,700660.06,910.8581,700660.06,0.0,0.0,366.37,0,0.0,Review demand variability and increase forecast monitoring frequency
1978,4,P4 - Routine,P01811,PaperWorks Paper 01811,Office Supplies,Stable,1.19,Low,64.0,Medium,45.49,Medium,Demand Volatility,5.55,0,0.0002,0.3668,0.0,6.648,0.95,0.4096,0.0,0.0,5.5464,0.0,17.4506,0.9986,305045.37,396.559,305045.37,0.0,0.0,2800.49,0,0.0,Review demand variability and increase forecast monitoring frequency
1979,4,P4 - Routine,P01083,Arctic Air Conditioners 01083,Home Appliances,Stable,1.18,Low,64.0,Medium,69.81,High,Demand Volatility,7.55,0,0.0042,0.0482,0.0,7.8595,1.34,0.6909,0.0,0.0,7.5531,0.0,17.7243,0.9972,1181030.76,1535.34,1181030.76,0.0,0.0,1.2,0,0.0,Review demand variability and increase forecast monitoring frequency
1980,4,P4 - Routine,P01913,TechMate Cables 01913,Accessories,Stable,1.18,Low,64.0,Medium,57.83,Medium,Demand Volatility,6.31,0,0.0543,0.2152,0.0,9.9845,1.15,0.6788,0.0,0.0,6.3051,0.0,17.7453,0.9973,738811.8,960.4553,738811.8,0.0,0.0,0.0,0,0.0,Review demand variability and increase forecast monitoring frequency
1981,4,P4 - Routine,P01066,PaperWorks Writing 01066,Office Supplies,Stable,1.17,Low,64.0,Medium,23.12,Low,Demand Volatility,5.39,0,0.0004,0.4107,0.0,6.4948,0.86,0.1579,0.0,0.0,5.3873,0.0,17.6213,0.9998,25061.21,32.5796,25061.21,0.0,0.0,307.0,0,0.0,Review demand variability and increase forecast monitoring frequency
1982,4,P4 - Routine,P01857,OfficePro Storage 01857,Office Supplies,Stable,1.14,Low,76.0,Medium,40.16,Medium,Demand Volatility,5.21,0,0.0251,0.0788,0.0,6.661,1.22,0.8314,0.0,1.25,5.2112,0.0,17.0959,0.9972,363381.0,436.0572,363381.0,0.0,0.0,18865.5,0,0.0,Review demand variability and increase forecast monitoring frequency
1983,4,P4 - Routine,P01154,OfficePro Paper 01154,Office Supplies,Stable,1.14,Low,76.0,Medium,40.13,Medium,Demand Volatility,5.28,0,0.0301,0.1612,0.0,6.3798,1.08,0.4479,0.0,1.0417,5.2807,0.0,16.9864,0.9983,279318.4,335.1821,279318.4,0.0,0.0,0.0,0,0.0,Review demand variability and increase forecast monitoring frequency
1984,4,P4 - Routine,P00684,OfficePro Storage 00684,Office Supplies,Stable,1.12,Low,64.0,Medium,23.68,Low,Demand Volatility,5.35,0,0.0103,0.3582,0.0,7.0457,0.86,0.1979,0.0,0.0,5.3473,0.0,17.9075,0.9994,60016.5,72.0198,60016.5,0.0,0.0,261.0,0,0.0,Review demand variability and increase forecast monitoring frequency
1985,4,P4 - Routine,P01704,CarePlus Skincare 01704,Personal Care,Stable,1.12,Low,76.0,Medium,2.35,Low,Demand Volatility,5.69,0,0.0143,0.1566,0.0,6.8883,1.04,0.1941,0.0,0.8333,5.6869,0.0,17.0868,0.9994,3595.76,4.3149,3595.76,0.0,0.0,55.03,0,0.0,Review demand variability and increase forecast monitoring frequency
1986,4,P4 - Routine,P00393,ComfortMax Washing Machines 00393,Home Appliances,Stable,1.11,Low,64.0,Medium,18.8,Low,Demand Volatility,7.87,0,0.0,0.0,0.0,8.6704,1.25,0.2303,0.0,0.0,7.8728,0.0,17.359,0.9991,56778.7,68.1344,56778.7,0.0,0.0,102.42,0,0.0,Review demand variability and increase forecast monitoring frequency
1987,4,P4 - Routine,P00579,DermaX Grooming 00579,Personal Care,Stable,1.1,Low,64.0,Medium,16.96,Low,Demand Volatility,5.66,0,0.0063,0.2493,0.0,6.79,1.03,0.5908,0.0,0.0,5.6603,0.0,17.3579,0.9982,71275.2,85.5302,71275.2,0.0,0.0,0.0,0,0.0,Review demand variability and increase forecast monitoring frequency
1988,4,P4 - Routine,P00542,DermaX Grooming 00542,Personal Care,Stable,1.1,Low,64.0,Medium,7.42,Low,Demand Volatility,5.78,0,0.0008,0.1708,0.0,6.8051,1.19,1.0684,0.0,0.0,5.7827,0.0,17.3066,0.9962,40321.81,48.3862,40321.81,0.0,0.0,0.0,0,0.0,Review demand variability and increase forecast monitoring frequency
1989,4,P4 - Routine,P00712,Glow Skincare 00712,Personal Care,Stable,1.05,Low,64.0,Medium,1.1,Low,Demand Volatility,5.6,0,0.0353,0.273,0.0,7.1707,0.84,0.0,0.0,0.0,5.6047,0.0,18.0486,1.0,0.0,0.0,0.0,0.0,0.0,0.0,0,0.0,Review demand variability and increase forecast monitoring frequency
1990,4,P4 - Routine,P01741,CarryPro Cables 01741,Accessories,Stable,1.04,Low,64.0,Medium,16.06,Low,Demand Volatility,6.19,0,0.0253,0.1285,0.0,9.6572,1.06,0.426,0.0,0.0,6.1891,0.0,17.3911,0.9985,60895.9,66.9855,60895.9,0.0,0.0,976.38,0,0.0,Review demand variability and increase forecast monitoring frequency
1991,4,P4 - Routine,P00257,TechMate Chargers 00257,Accessories,Stable,1.03,Low,76.0,Medium,62.93,High,Demand Volatility,6.1,0,0.04,0.0375,0.0,9.4157,1.14,0.5332,0.0,0.4167,6.1046,0.0,17.1073,0.9988,663160.38,663.1604,663160.38,0.0,0.0,276.12,0,0.0,Review demand variability and increase forecast monitoring frequency
1992,4,P4 - Routine,P00861,OfficePro Storage 00861,Office Supplies,Stable,1.02,Low,64.0,Medium,38.14,Low,Demand Volatility,5.29,0,0.0414,0.204,0.0,6.4107,0.99,0.6428,0.0,0.0,5.2928,0.0,17.1629,0.9977,300334.4,300.3344,300334.4,0.0,0.0,1934.83,0,0.0,Review demand variability and increase forecast monitoring frequency
1993,4,P4 - Routine,P01988,DermaX Grooming 01988,Personal Care,Stable,0.98,Low,64.0,Medium,1.27,Low,Demand Volatility,5.58,0,0.0318,0.1927,0.0,6.5945,0.88,0.1503,0.0,0.0,5.5837,0.0,17.7605,0.9999,467.9,0.4679,467.9,0.0,0.0,0.0,0,0.0,Review demand variability and increase forecast monitoring frequency
1994,4,P4 - Routine,P00559,OfficePro Writing 00559,Office Supplies,Stable,0.95,Low,76.0,Medium,43.52,Medium,Demand Volatility,5.65,0,0.0178,0.0739,0.0,7.917,0.96,0.1507,0.0,0.4167,5.6488,0.0,17.2238,0.9999,72351.93,65.1167,72351.93,0.0,0.0,0.0,0,0.0,Review demand variability and increase forecast monitoring frequency
1995,4,P4 - Routine,P00042,Glow Grooming 00042,Personal Care,Stable,0.91,Low,64.0,Medium,4.09,Low,Demand Volatility,5.76,0,0.0302,0.0546,0.0,6.8859,1.02,0.515,0.0,0.0,5.7559,0.0,17.4593,0.999,9723.49,8.7511,9723.49,0.0,0.0,72.54,0,0.0,Review demand variability and increase forecast monitoring frequency
1996,4,P4 - Routine,P01686,ConnectX Cables 01686,Accessories,Stable,0.9,Low,64.0,Medium,3.78,Low,Demand Volatility,6.38,0,0.05,0.0,0.0,9.5457,1.0,0.1438,0.0,0.0,6.3837,0.0,17.5157,0.9999,718.35,0.6465,718.35,0.0,0.0,0.0,0,0.0,Review demand variability and increase forecast monitoring frequency
1997,4,P4 - Routine,P00772,TechMate Mobile Accessories 00772,Accessories,Stable,0.89,Low,64.0,Medium,19.39,Low,Demand Volatility,6.19,0,0.0083,0.0107,0.0,9.941,1.0,0.251,0.0,0.0,6.1894,0.0,17.5904,0.9989,66783.82,53.4271,66783.82,0.0,0.0,0.0,0,0.0,Review demand variability and increase forecast monitoring frequency
1998,4,P4 - Routine,P01496,DeskMate Paper 01496,Office Supplies,Stable,0.88,Low,76.0,Medium,46.53,Medium,Demand Volatility,5.49,0,0.003,0.006,0.0,6.8479,1.04,0.6056,0.0,0.2083,5.4889,0.0,17.1188,0.9981,386613.54,309.2908,386613.54,0.0,0.0,1305.41,0,0.0,Review demand variability and increase forecast monitoring frequency
1999,4,P4 - Routine,P00439,WriteWell Writing 00439,Office Supplies,Stable,0.88,Low,64.0,Medium,17.47,Low,Demand Volatility,5.27,0,0.0095,0.125,0.0,6.4314,0.85,0.2078,0.0,0.0,5.2748,0.0,17.7526,0.9993,41082.19,32.8658,41082.19,0.0,0.0,0.0,0,0.0,Review demand variability and increase forecast monitoring frequency
2000,4,P4 - Routine,P00863,PureLife Grooming 00863,Personal Care,Stable,0.77,Low,64.0,Medium,4.78,Low,Demand Volatility,5.53,0,0.0098,0.0107,0.0,6.6618,0.83,0.0,0.0,0.0,5.5332,0.0,17.8587,1.0,0.0,0.0,0.0,0.0,0.0,2022.7,0,0.0,Review demand variability and increase forecast monitoring frequency
